series_id,geo_id,geo_level,metric_id,provider_measure_code,seasonal_adjustment,unit,scale_transform,classification,target_controlling
LASST060000000000003,california__state,state,laus_unemployment_rate_sa,003,SA,percent,none,LEGACY_ONLY,false
LASST060000000000004,california__state,state,laus_unemployment_sa,004,SA,persons,none,LEGACY_ONLY,false
LASST060000000000005,california__state,state,laus_employment_sa,005,SA,persons,none,LEGACY_ONLY,false
LASST060000000000006,california__state,state,laus_labor_force_sa,006,SA,persons,none,LEGACY_ONLY,false
LASST110000000000003,district_of_columbia__state,state,laus_unemployment_rate_sa,003,SA,percent,none,LEGACY_ONLY,false
LASST110000000000004,district_of_columbia__state,state,laus_unemployment_sa,004,SA,persons,none,LEGACY_ONLY,false
LASST110000000000005,district_of_columbia__state,state,laus_employment_sa,005,SA,persons,none,LEGACY_ONLY,false
LASST110000000000006,district_of_columbia__state,state,laus_labor_force_sa,006,SA,persons,none,LEGACY_ONLY,false
LASST240000000000003,maryland__state,state,laus_unemployment_rate_sa,003,SA,percent,none,LEGACY_ONLY,false
LASST240000000000004,maryland__state,state,laus_unemployment_sa,004,SA,persons,none,LEGACY_ONLY,false
LASST240000000000005,maryland__state,state,laus_employment_sa,005,SA,persons,none,LEGACY_ONLY,false
LASST240000000000006,maryland__state,state,laus_labor_force_sa,006,SA,persons,none,LEGACY_ONLY,false
LASST340000000000003,new_jersey__state,state,laus_unemployment_rate_sa,003,SA,percent,none,LEGACY_ONLY,false
LASST340000000000004,new_jersey__state,state,laus_unemployment_sa,004,SA,persons,none,LEGACY_ONLY,false
LASST340000000000005,new_jersey__state,state,laus_employment_sa,005,SA,persons,none,LEGACY_ONLY,false
LASST340000000000006,new_jersey__state,state,laus_labor_force_sa,006,SA,persons,none,LEGACY_ONLY,false
LASST510000000000003,virginia__state,state,laus_unemployment_rate_sa,003,SA,percent,none,LEGACY_ONLY,false
LASST510000000000004,virginia__state,state,laus_unemployment_sa,004,SA,persons,none,LEGACY_ONLY,false
LASST510000000000005,virginia__state,state,laus_employment_sa,005,SA,persons,none,LEGACY_ONLY,false
LASST510000000000006,virginia__state,state,laus_labor_force_sa,006,SA,persons,none,LEGACY_ONLY,false
LAUCN060010000000003,alameda_county_ca__county,county,laus_unemployment_rate_nsa,003,NSA,percent,none,GOVERNED_REQUIRED,true
LAUCN060010000000004,alameda_county_ca__county,county,laus_unemployment_nsa,004,NSA,persons,none,GOVERNED_DIAGNOSTIC,false
LAUCN060010000000005,alameda_county_ca__county,county,laus_employment_nsa,005,NSA,persons,none,GOVERNED_REQUIRED,true
LAUCN060010000000006,alameda_county_ca__county,county,laus_labor_force_nsa,006,NSA,persons,none,GOVERNED_REQUIRED,true
LAUCN060070000000003,butte_county_ca__county,county,laus_unemployment_rate_nsa,003,NSA,percent,none,GOVERNED_REQUIRED,true
LAUCN060070000000004,butte_county_ca__county,county,laus_unemployment_nsa,004,NSA,persons,none,GOVERNED_DIAGNOSTIC,false
LAUCN060070000000005,butte_county_ca__county,county,laus_employment_nsa,005,NSA,persons,none,GOVERNED_REQUIRED,true
LAUCN060070000000006,butte_county_ca__county,county,laus_labor_force_nsa,006,NSA,persons,none,GOVERNED_REQUIRED,true
LAUCN060130000000003,contra_costa_county_ca__county,county,laus_unemployment_rate_nsa,003,NSA,percent,none,GOVERNED_REQUIRED,true
LAUCN060130000000004,contra_costa_county_ca__county,county,laus_unemployment_nsa,004,NSA,persons,none,GOVERNED_DIAGNOSTIC,false
LAUCN060130000000005,contra_costa_county_ca__county,county,laus_employment_nsa,005,NSA,persons,none,GOVERNED_REQUIRED,true
LAUCN060130000000006,contra_costa_county_ca__county,county,laus_labor_force_nsa,006,NSA,persons,none,GOVERNED_REQUIRED,true
LAUCN060150000000003,del_norte_county_ca__county,county,laus_unemployment_rate_nsa,003,NSA,percent,none,GOVERNED_REQUIRED,true
LAUCN060150000000004,del_norte_county_ca__county,county,laus_unemployment_nsa,004,NSA,persons,none,GOVERNED_DIAGNOSTIC,false
LAUCN060150000000005,del_norte_county_ca__county,county,laus_employment_nsa,005,NSA,persons,none,GOVERNED_REQUIRED,true
LAUCN060150000000006,del_norte_county_ca__county,county,laus_labor_force_nsa,006,NSA,persons,none,GOVERNED_REQUIRED,true
LAUCN060170000000003,el_dorado_county_ca__county,county,laus_unemployment_rate_nsa,003,NSA,percent,none,GOVERNED_REQUIRED,true
LAUCN060170000000004,el_dorado_county_ca__county,county,laus_unemployment_nsa,004,NSA,persons,none,GOVERNED_DIAGNOSTIC,false
LAUCN060170000000005,el_dorado_county_ca__county,county,laus_employment_nsa,005,NSA,persons,none,GOVERNED_REQUIRED,true
LAUCN060170000000006,el_dorado_county_ca__county,county,laus_labor_force_nsa,006,NSA,persons,none,GOVERNED_REQUIRED,true
LAUCN060190000000003,fresno_county_ca__county,county,laus_unemployment_rate_nsa,003,NSA,percent,none,GOVERNED_REQUIRED,true
LAUCN060190000000004,fresno_county_ca__county,county,laus_unemployment_nsa,004,NSA,persons,none,GOVERNED_DIAGNOSTIC,false
LAUCN060190000000005,fresno_county_ca__county,county,laus_employment_nsa,005,NSA,persons,none,GOVERNED_REQUIRED,true
LAUCN060190000000006,fresno_county_ca__county,county,laus_labor_force_nsa,006,NSA,persons,none,GOVERNED_REQUIRED,true
LAUCN060230000000003,humboldt_county_ca__county,county,laus_unemployment_rate_nsa,003,NSA,percent,none,GOVERNED_REQUIRED,true
LAUCN060230000000004,humboldt_county_ca__county,county,laus_unemployment_nsa,004,NSA,persons,none,GOVERNED_DIAGNOSTIC,false
LAUCN060230000000005,humboldt_county_ca__county,county,laus_employment_nsa,005,NSA,persons,none,GOVERNED_REQUIRED,true
LAUCN060230000000006,humboldt_county_ca__county,county,laus_labor_force_nsa,006,NSA,persons,none,GOVERNED_REQUIRED,true
LAUCN060250000000003,imperial_county_ca__county,county,laus_unemployment_rate_nsa,003,NSA,percent,none,GOVERNED_REQUIRED,true
LAUCN060250000000004,imperial_county_ca__county,county,laus_unemployment_nsa,004,NSA,persons,none,GOVERNED_DIAGNOSTIC,false
LAUCN060250000000005,imperial_county_ca__county,county,laus_employment_nsa,005,NSA,persons,none,GOVERNED_REQUIRED,true
LAUCN060250000000006,imperial_county_ca__county,county,laus_labor_force_nsa,006,NSA,persons,none,GOVERNED_REQUIRED,true
LAUCN060290000000003,kern_county_ca__county,county,laus_unemployment_rate_nsa,003,NSA,percent,none,GOVERNED_REQUIRED,true
LAUCN060290000000004,kern_county_ca__county,county,laus_unemployment_nsa,004,NSA,persons,none,GOVERNED_DIAGNOSTIC,false
LAUCN060290000000005,kern_county_ca__county,county,laus_employment_nsa,005,NSA,persons,none,GOVERNED_REQUIRED,true
LAUCN060290000000006,kern_county_ca__county,county,laus_labor_force_nsa,006,NSA,persons,none,GOVERNED_REQUIRED,true
LAUCN060310000000003,kings_county_ca__county,county,laus_unemployment_rate_nsa,003,NSA,percent,none,GOVERNED_REQUIRED,true
LAUCN060310000000004,kings_county_ca__county,county,laus_unemployment_nsa,004,NSA,persons,none,GOVERNED_DIAGNOSTIC,false
LAUCN060310000000005,kings_county_ca__county,county,laus_employment_nsa,005,NSA,persons,none,GOVERNED_REQUIRED,true
LAUCN060310000000006,kings_county_ca__county,county,laus_labor_force_nsa,006,NSA,persons,none,GOVERNED_REQUIRED,true
LAUCN060330000000003,lake_county_ca__county,county,laus_unemployment_rate_nsa,003,NSA,percent,none,GOVERNED_REQUIRED,true
LAUCN060330000000004,lake_county_ca__county,county,laus_unemployment_nsa,004,NSA,persons,none,GOVERNED_DIAGNOSTIC,false
LAUCN060330000000005,lake_county_ca__county,county,laus_employment_nsa,005,NSA,persons,none,GOVERNED_REQUIRED,true
LAUCN060330000000006,lake_county_ca__county,county,laus_labor_force_nsa,006,NSA,persons,none,GOVERNED_REQUIRED,true
LAUCN060350000000003,lassen_county_ca__county,county,laus_unemployment_rate_nsa,003,NSA,percent,none,GOVERNED_REQUIRED,true
LAUCN060350000000004,lassen_county_ca__county,county,laus_unemployment_nsa,004,NSA,persons,none,GOVERNED_DIAGNOSTIC,false
LAUCN060350000000005,lassen_county_ca__county,county,laus_employment_nsa,005,NSA,persons,none,GOVERNED_REQUIRED,true
LAUCN060350000000006,lassen_county_ca__county,county,laus_labor_force_nsa,006,NSA,persons,none,GOVERNED_REQUIRED,true
LAUCN060370000000003,los_angeles_county_ca__county,county,laus_unemployment_rate_nsa,003,NSA,percent,none,GOVERNED_REQUIRED,true
LAUCN060370000000004,los_angeles_county_ca__county,county,laus_unemployment_nsa,004,NSA,persons,none,GOVERNED_DIAGNOSTIC,false
LAUCN060370000000005,los_angeles_county_ca__county,county,laus_employment_nsa,005,NSA,persons,none,GOVERNED_REQUIRED,true
LAUCN060370000000006,los_angeles_county_ca__county,county,laus_labor_force_nsa,006,NSA,persons,none,GOVERNED_REQUIRED,true
LAUCN060390000000003,madera_county_ca__county,county,laus_unemployment_rate_nsa,003,NSA,percent,none,GOVERNED_REQUIRED,true
LAUCN060390000000004,madera_county_ca__county,county,laus_unemployment_nsa,004,NSA,persons,none,GOVERNED_DIAGNOSTIC,false
LAUCN060390000000005,madera_county_ca__county,county,laus_employment_nsa,005,NSA,persons,none,GOVERNED_REQUIRED,true
LAUCN060390000000006,madera_county_ca__county,county,laus_labor_force_nsa,006,NSA,persons,none,GOVERNED_REQUIRED,true
LAUCN060410000000003,marin_county_ca__county,county,laus_unemployment_rate_nsa,003,NSA,percent,none,GOVERNED_REQUIRED,true
LAUCN060410000000004,marin_county_ca__county,county,laus_unemployment_nsa,004,NSA,persons,none,GOVERNED_DIAGNOSTIC,false
LAUCN060410000000005,marin_county_ca__county,county,laus_employment_nsa,005,NSA,persons,none,GOVERNED_REQUIRED,true
LAUCN060410000000006,marin_county_ca__county,county,laus_labor_force_nsa,006,NSA,persons,none,GOVERNED_REQUIRED,true
LAUCN060450000000003,mendocino_county_ca__county,county,laus_unemployment_rate_nsa,003,NSA,percent,none,GOVERNED_REQUIRED,true
LAUCN060450000000004,mendocino_county_ca__county,county,laus_unemployment_nsa,004,NSA,persons,none,GOVERNED_DIAGNOSTIC,false
LAUCN060450000000005,mendocino_county_ca__county,county,laus_employment_nsa,005,NSA,persons,none,GOVERNED_REQUIRED,true
LAUCN060450000000006,mendocino_county_ca__county,county,laus_labor_force_nsa,006,NSA,persons,none,GOVERNED_REQUIRED,true
LAUCN060470000000003,merced_county_ca__county,county,laus_unemployment_rate_nsa,003,NSA,percent,none,GOVERNED_REQUIRED,true
LAUCN060470000000004,merced_county_ca__county,county,laus_unemployment_nsa,004,NSA,persons,none,GOVERNED_DIAGNOSTIC,false
LAUCN060470000000005,merced_county_ca__county,county,laus_employment_nsa,005,NSA,persons,none,GOVERNED_REQUIRED,true
LAUCN060470000000006,merced_county_ca__county,county,laus_labor_force_nsa,006,NSA,persons,none,GOVERNED_REQUIRED,true
LAUCN060530000000003,monterey_county_ca__county,county,laus_unemployment_rate_nsa,003,NSA,percent,none,GOVERNED_REQUIRED,true
LAUCN060530000000004,monterey_county_ca__county,county,laus_unemployment_nsa,004,NSA,persons,none,GOVERNED_DIAGNOSTIC,false
LAUCN060530000000005,monterey_county_ca__county,county,laus_employment_nsa,005,NSA,persons,none,GOVERNED_REQUIRED,true
LAUCN060530000000006,monterey_county_ca__county,county,laus_labor_force_nsa,006,NSA,persons,none,GOVERNED_REQUIRED,true
LAUCN060550000000003,napa_county_ca__county,county,laus_unemployment_rate_nsa,003,NSA,percent,none,GOVERNED_REQUIRED,true
LAUCN060550000000004,napa_county_ca__county,county,laus_unemployment_nsa,004,NSA,persons,none,GOVERNED_DIAGNOSTIC,false
LAUCN060550000000005,napa_county_ca__county,county,laus_employment_nsa,005,NSA,persons,none,GOVERNED_REQUIRED,true
LAUCN060550000000006,napa_county_ca__county,county,laus_labor_force_nsa,006,NSA,persons,none,GOVERNED_REQUIRED,true
LAUCN060570000000003,nevada_county_ca__county,county,laus_unemployment_rate_nsa,003,NSA,percent,none,GOVERNED_REQUIRED,true
LAUCN060570000000004,nevada_county_ca__county,county,laus_unemployment_nsa,004,NSA,persons,none,GOVERNED_DIAGNOSTIC,false
LAUCN060570000000005,nevada_county_ca__county,county,laus_employment_nsa,005,NSA,persons,none,GOVERNED_REQUIRED,true
LAUCN060570000000006,nevada_county_ca__county,county,laus_labor_force_nsa,006,NSA,persons,none,GOVERNED_REQUIRED,true
LAUCN060590000000003,orange_county_ca__county,county,laus_unemployment_rate_nsa,003,NSA,percent,none,GOVERNED_REQUIRED,true
LAUCN060590000000004,orange_county_ca__county,county,laus_unemployment_nsa,004,NSA,persons,none,GOVERNED_DIAGNOSTIC,false
LAUCN060590000000005,orange_county_ca__county,county,laus_employment_nsa,005,NSA,persons,none,GOVERNED_REQUIRED,true
LAUCN060590000000006,orange_county_ca__county,county,laus_labor_force_nsa,006,NSA,persons,none,GOVERNED_REQUIRED,true
LAUCN060610000000003,placer_county_ca__county,county,laus_unemployment_rate_nsa,003,NSA,percent,none,GOVERNED_REQUIRED,true
LAUCN060610000000004,placer_county_ca__county,county,laus_unemployment_nsa,004,NSA,persons,none,GOVERNED_DIAGNOSTIC,false
LAUCN060610000000005,placer_county_ca__county,county,laus_employment_nsa,005,NSA,persons,none,GOVERNED_REQUIRED,true
LAUCN060610000000006,placer_county_ca__county,county,laus_labor_force_nsa,006,NSA,persons,none,GOVERNED_REQUIRED,true
LAUCN060650000000003,riverside_county_ca__county,county,laus_unemployment_rate_nsa,003,NSA,percent,none,GOVERNED_REQUIRED,true
LAUCN060650000000004,riverside_county_ca__county,county,laus_unemployment_nsa,004,NSA,persons,none,GOVERNED_DIAGNOSTIC,false
LAUCN060650000000005,riverside_county_ca__county,county,laus_employment_nsa,005,NSA,persons,none,GOVERNED_REQUIRED,true
LAUCN060650000000006,riverside_county_ca__county,county,laus_labor_force_nsa,006,NSA,persons,none,GOVERNED_REQUIRED,true
LAUCN060670000000003,sacramento_county_ca__county,county,laus_unemployment_rate_nsa,003,NSA,percent,none,GOVERNED_REQUIRED,true
LAUCN060670000000004,sacramento_county_ca__county,county,laus_unemployment_nsa,004,NSA,persons,none,GOVERNED_DIAGNOSTIC,false
LAUCN060670000000005,sacramento_county_ca__county,county,laus_employment_nsa,005,NSA,persons,none,GOVERNED_REQUIRED,true
LAUCN060670000000006,sacramento_county_ca__county,county,laus_labor_force_nsa,006,NSA,persons,none,GOVERNED_REQUIRED,true
LAUCN060690000000003,san_benito_county_ca__county,county,laus_unemployment_rate_nsa,003,NSA,percent,none,GOVERNED_REQUIRED,true
LAUCN060690000000004,san_benito_county_ca__county,county,laus_unemployment_nsa,004,NSA,persons,none,GOVERNED_DIAGNOSTIC,false
LAUCN060690000000005,san_benito_county_ca__county,county,laus_employment_nsa,005,NSA,persons,none,GOVERNED_REQUIRED,true
LAUCN060690000000006,san_benito_county_ca__county,county,laus_labor_force_nsa,006,NSA,persons,none,GOVERNED_REQUIRED,true
LAUCN060710000000003,san_bernardino_county_ca__county,county,laus_unemployment_rate_nsa,003,NSA,percent,none,GOVERNED_REQUIRED,true
LAUCN060710000000004,san_bernardino_county_ca__county,county,laus_unemployment_nsa,004,NSA,persons,none,GOVERNED_DIAGNOSTIC,false
LAUCN060710000000005,san_bernardino_county_ca__county,county,laus_employment_nsa,005,NSA,persons,none,GOVERNED_REQUIRED,true
LAUCN060710000000006,san_bernardino_county_ca__county,county,laus_labor_force_nsa,006,NSA,persons,none,GOVERNED_REQUIRED,true
LAUCN060730000000003,san_diego_county_ca__county,county,laus_unemployment_rate_nsa,003,NSA,percent,none,GOVERNED_REQUIRED,true
LAUCN060730000000004,san_diego_county_ca__county,county,laus_unemployment_nsa,004,NSA,persons,none,GOVERNED_DIAGNOSTIC,false
LAUCN060730000000005,san_diego_county_ca__county,county,laus_employment_nsa,005,NSA,persons,none,GOVERNED_REQUIRED,true
LAUCN060730000000006,san_diego_county_ca__county,county,laus_labor_force_nsa,006,NSA,persons,none,GOVERNED_REQUIRED,true
LAUCN060750000000003,san_francisco_county_ca__county,county,laus_unemployment_rate_nsa,003,NSA,percent,none,GOVERNED_REQUIRED,true
LAUCN060750000000004,san_francisco_county_ca__county,county,laus_unemployment_nsa,004,NSA,persons,none,GOVERNED_DIAGNOSTIC,false
LAUCN060750000000005,san_francisco_county_ca__county,county,laus_employment_nsa,005,NSA,persons,none,GOVERNED_REQUIRED,true
LAUCN060750000000006,san_francisco_county_ca__county,county,laus_labor_force_nsa,006,NSA,persons,none,GOVERNED_REQUIRED,true
LAUCN060770000000003,san_joaquin_county_ca__county,county,laus_unemployment_rate_nsa,003,NSA,percent,none,GOVERNED_REQUIRED,true
LAUCN060770000000004,san_joaquin_county_ca__county,county,laus_unemployment_nsa,004,NSA,persons,none,GOVERNED_DIAGNOSTIC,false
LAUCN060770000000005,san_joaquin_county_ca__county,county,laus_employment_nsa,005,NSA,persons,none,GOVERNED_REQUIRED,true
LAUCN060770000000006,san_joaquin_county_ca__county,county,laus_labor_force_nsa,006,NSA,persons,none,GOVERNED_REQUIRED,true
LAUCN060790000000003,san_luis_obispo_county_ca__county,county,laus_unemployment_rate_nsa,003,NSA,percent,none,GOVERNED_REQUIRED,true
LAUCN060790000000004,san_luis_obispo_county_ca__county,county,laus_unemployment_nsa,004,NSA,persons,none,GOVERNED_DIAGNOSTIC,false
LAUCN060790000000005,san_luis_obispo_county_ca__county,county,laus_employment_nsa,005,NSA,persons,none,GOVERNED_REQUIRED,true
LAUCN060790000000006,san_luis_obispo_county_ca__county,county,laus_labor_force_nsa,006,NSA,persons,none,GOVERNED_REQUIRED,true
LAUCN060810000000003,san_mateo_county_ca__county,county,laus_unemployment_rate_nsa,003,NSA,percent,none,GOVERNED_REQUIRED,true
LAUCN060810000000004,san_mateo_county_ca__county,county,laus_unemployment_nsa,004,NSA,persons,none,GOVERNED_DIAGNOSTIC,false
LAUCN060810000000005,san_mateo_county_ca__county,county,laus_employment_nsa,005,NSA,persons,none,GOVERNED_REQUIRED,true
LAUCN060810000000006,san_mateo_county_ca__county,county,laus_labor_force_nsa,006,NSA,persons,none,GOVERNED_REQUIRED,true
LAUCN060830000000003,santa_barbara_county_ca__county,county,laus_unemployment_rate_nsa,003,NSA,percent,none,GOVERNED_REQUIRED,true
LAUCN060830000000004,santa_barbara_county_ca__county,county,laus_unemployment_nsa,004,NSA,persons,none,GOVERNED_DIAGNOSTIC,false
LAUCN060830000000005,santa_barbara_county_ca__county,county,laus_employment_nsa,005,NSA,persons,none,GOVERNED_REQUIRED,true
LAUCN060830000000006,santa_barbara_county_ca__county,county,laus_labor_force_nsa,006,NSA,persons,none,GOVERNED_REQUIRED,true
LAUCN060850000000003,santa_clara_county_ca__county,county,laus_unemployment_rate_nsa,003,NSA,percent,none,GOVERNED_REQUIRED,true
LAUCN060850000000004,santa_clara_county_ca__county,county,laus_unemployment_nsa,004,NSA,persons,none,GOVERNED_DIAGNOSTIC,false
LAUCN060850000000005,santa_clara_county_ca__county,county,laus_employment_nsa,005,NSA,persons,none,GOVERNED_REQUIRED,true
LAUCN060850000000006,santa_clara_county_ca__county,county,laus_labor_force_nsa,006,NSA,persons,none,GOVERNED_REQUIRED,true
LAUCN060870000000003,santa_cruz_county_ca__county,county,laus_unemployment_rate_nsa,003,NSA,percent,none,GOVERNED_REQUIRED,true
LAUCN060870000000004,santa_cruz_county_ca__county,county,laus_unemployment_nsa,004,NSA,persons,none,GOVERNED_DIAGNOSTIC,false
LAUCN060870000000005,santa_cruz_county_ca__county,county,laus_employment_nsa,005,NSA,persons,none,GOVERNED_REQUIRED,true
LAUCN060870000000006,santa_cruz_county_ca__county,county,laus_labor_force_nsa,006,NSA,persons,none,GOVERNED_REQUIRED,true
LAUCN060890000000003,shasta_county_ca__county,county,laus_unemployment_rate_nsa,003,NSA,percent,none,GOVERNED_REQUIRED,true
LAUCN060890000000004,shasta_county_ca__county,county,laus_unemployment_nsa,004,NSA,persons,none,GOVERNED_DIAGNOSTIC,false
LAUCN060890000000005,shasta_county_ca__county,county,laus_employment_nsa,005,NSA,persons,none,GOVERNED_REQUIRED,true
LAUCN060890000000006,shasta_county_ca__county,county,laus_labor_force_nsa,006,NSA,persons,none,GOVERNED_REQUIRED,true
LAUCN060950000000003,solano_county_ca__county,county,laus_unemployment_rate_nsa,003,NSA,percent,none,GOVERNED_REQUIRED,true
LAUCN060950000000004,solano_county_ca__county,county,laus_unemployment_nsa,004,NSA,persons,none,GOVERNED_DIAGNOSTIC,false
LAUCN060950000000005,solano_county_ca__county,county,laus_employment_nsa,005,NSA,persons,none,GOVERNED_REQUIRED,true
LAUCN060950000000006,solano_county_ca__county,county,laus_labor_force_nsa,006,NSA,persons,none,GOVERNED_REQUIRED,true
LAUCN060970000000003,sonoma_county_ca__county,county,laus_unemployment_rate_nsa,003,NSA,percent,none,GOVERNED_REQUIRED,true
LAUCN060970000000004,sonoma_county_ca__county,county,laus_unemployment_nsa,004,NSA,persons,none,GOVERNED_DIAGNOSTIC,false
LAUCN060970000000005,sonoma_county_ca__county,county,laus_employment_nsa,005,NSA,persons,none,GOVERNED_REQUIRED,true
LAUCN060970000000006,sonoma_county_ca__county,county,laus_labor_force_nsa,006,NSA,persons,none,GOVERNED_REQUIRED,true
LAUCN060990000000003,stanislaus_county_ca__county,county,laus_unemployment_rate_nsa,003,NSA,percent,none,GOVERNED_REQUIRED,true
LAUCN060990000000004,stanislaus_county_ca__county,county,laus_unemployment_nsa,004,NSA,persons,none,GOVERNED_DIAGNOSTIC,false
LAUCN060990000000005,stanislaus_county_ca__county,county,laus_employment_nsa,005,NSA,persons,none,GOVERNED_REQUIRED,true
LAUCN060990000000006,stanislaus_county_ca__county,county,laus_labor_force_nsa,006,NSA,persons,none,GOVERNED_REQUIRED,true
LAUCN061010000000003,sutter_county_ca__county,county,laus_unemployment_rate_nsa,003,NSA,percent,none,GOVERNED_REQUIRED,true
LAUCN061010000000004,sutter_county_ca__county,county,laus_unemployment_nsa,004,NSA,persons,none,GOVERNED_DIAGNOSTIC,false
LAUCN061010000000005,sutter_county_ca__county,county,laus_employment_nsa,005,NSA,persons,none,GOVERNED_REQUIRED,true
LAUCN061010000000006,sutter_county_ca__county,county,laus_labor_force_nsa,006,NSA,persons,none,GOVERNED_REQUIRED,true
LAUCN061030000000003,tehama_county_ca__county,county,laus_unemployment_rate_nsa,003,NSA,percent,none,GOVERNED_REQUIRED,true
LAUCN061030000000004,tehama_county_ca__county,county,laus_unemployment_nsa,004,NSA,persons,none,GOVERNED_DIAGNOSTIC,false
LAUCN061030000000005,tehama_county_ca__county,county,laus_employment_nsa,005,NSA,persons,none,GOVERNED_REQUIRED,true
LAUCN061030000000006,tehama_county_ca__county,county,laus_labor_force_nsa,006,NSA,persons,none,GOVERNED_REQUIRED,true
LAUCN061070000000003,tulare_county_ca__county,county,laus_unemployment_rate_nsa,003,NSA,percent,none,GOVERNED_REQUIRED,true
LAUCN061070000000004,tulare_county_ca__county,county,laus_unemployment_nsa,004,NSA,persons,none,GOVERNED_DIAGNOSTIC,false
LAUCN061070000000005,tulare_county_ca__county,county,laus_employment_nsa,005,NSA,persons,none,GOVERNED_REQUIRED,true
LAUCN061070000000006,tulare_county_ca__county,county,laus_labor_force_nsa,006,NSA,persons,none,GOVERNED_REQUIRED,true
LAUCN061090000000003,tuolumne_county_ca__county,county,laus_unemployment_rate_nsa,003,NSA,percent,none,GOVERNED_REQUIRED,true
LAUCN061090000000004,tuolumne_county_ca__county,county,laus_unemployment_nsa,004,NSA,persons,none,GOVERNED_DIAGNOSTIC,false
LAUCN061090000000005,tuolumne_county_ca__county,county,laus_employment_nsa,005,NSA,persons,none,GOVERNED_REQUIRED,true
LAUCN061090000000006,tuolumne_county_ca__county,county,laus_labor_force_nsa,006,NSA,persons,none,GOVERNED_REQUIRED,true
LAUCN061110000000003,ventura_county_ca__county,county,laus_unemployment_rate_nsa,003,NSA,percent,none,GOVERNED_REQUIRED,true
LAUCN061110000000004,ventura_county_ca__county,county,laus_unemployment_nsa,004,NSA,persons,none,GOVERNED_DIAGNOSTIC,false
LAUCN061110000000005,ventura_county_ca__county,county,laus_employment_nsa,005,NSA,persons,none,GOVERNED_REQUIRED,true
LAUCN061110000000006,ventura_county_ca__county,county,laus_labor_force_nsa,006,NSA,persons,none,GOVERNED_REQUIRED,true
LAUCN061130000000003,yolo_county_ca__county,county,laus_unemployment_rate_nsa,003,NSA,percent,none,GOVERNED_REQUIRED,true
LAUCN061130000000004,yolo_county_ca__county,county,laus_unemployment_nsa,004,NSA,persons,none,GOVERNED_DIAGNOSTIC,false
LAUCN061130000000005,yolo_county_ca__county,county,laus_employment_nsa,005,NSA,persons,none,GOVERNED_REQUIRED,true
LAUCN061130000000006,yolo_county_ca__county,county,laus_labor_force_nsa,006,NSA,persons,none,GOVERNED_REQUIRED,true
LAUCN061150000000003,yuba_county_ca__county,county,laus_unemployment_rate_nsa,003,NSA,percent,none,GOVERNED_REQUIRED,true
LAUCN061150000000004,yuba_county_ca__county,county,laus_unemployment_nsa,004,NSA,persons,none,GOVERNED_DIAGNOSTIC,false
LAUCN061150000000005,yuba_county_ca__county,county,laus_employment_nsa,005,NSA,persons,none,GOVERNED_REQUIRED,true
LAUCN061150000000006,yuba_county_ca__county,county,laus_labor_force_nsa,006,NSA,persons,none,GOVERNED_REQUIRED,true
LAUCN110010000000003,district_of_columbia_dc__county,county,laus_unemployment_rate_nsa,003,NSA,percent,none,GOVERNED_REQUIRED,true
LAUCN110010000000004,district_of_columbia_dc__county,county,laus_unemployment_nsa,004,NSA,persons,none,GOVERNED_DIAGNOSTIC,false
LAUCN110010000000005,district_of_columbia_dc__county,county,laus_employment_nsa,005,NSA,persons,none,GOVERNED_REQUIRED,true
LAUCN110010000000006,district_of_columbia_dc__county,county,laus_labor_force_nsa,006,NSA,persons,none,GOVERNED_REQUIRED,true
LAUCN240010000000003,allegany_county_md__county,county,laus_unemployment_rate_nsa,003,NSA,percent,none,GOVERNED_REQUIRED,true
LAUCN240010000000004,allegany_county_md__county,county,laus_unemployment_nsa,004,NSA,persons,none,GOVERNED_DIAGNOSTIC,false
LAUCN240010000000005,allegany_county_md__county,county,laus_employment_nsa,005,NSA,persons,none,GOVERNED_REQUIRED,true
LAUCN240010000000006,allegany_county_md__county,county,laus_labor_force_nsa,006,NSA,persons,none,GOVERNED_REQUIRED,true
LAUCN240030000000003,anne_arundel_county_md__county,county,laus_unemployment_rate_nsa,003,NSA,percent,none,GOVERNED_REQUIRED,true
LAUCN240030000000004,anne_arundel_county_md__county,county,laus_unemployment_nsa,004,NSA,persons,none,GOVERNED_DIAGNOSTIC,false
LAUCN240030000000005,anne_arundel_county_md__county,county,laus_employment_nsa,005,NSA,persons,none,GOVERNED_REQUIRED,true
LAUCN240030000000006,anne_arundel_county_md__county,county,laus_labor_force_nsa,006,NSA,persons,none,GOVERNED_REQUIRED,true
LAUCN240050000000003,baltimore_county_md__county,county,laus_unemployment_rate_nsa,003,NSA,percent,none,GOVERNED_REQUIRED,true
LAUCN240050000000004,baltimore_county_md__county,county,laus_unemployment_nsa,004,NSA,persons,none,GOVERNED_DIAGNOSTIC,false
LAUCN240050000000005,baltimore_county_md__county,county,laus_employment_nsa,005,NSA,persons,none,GOVERNED_REQUIRED,true
LAUCN240050000000006,baltimore_county_md__county,county,laus_labor_force_nsa,006,NSA,persons,none,GOVERNED_REQUIRED,true
LAUCN240090000000003,calvert_county_md__county,county,laus_unemployment_rate_nsa,003,NSA,percent,none,GOVERNED_REQUIRED,true
LAUCN240090000000004,calvert_county_md__county,county,laus_unemployment_nsa,004,NSA,persons,none,GOVERNED_DIAGNOSTIC,false
LAUCN240090000000005,calvert_county_md__county,county,laus_employment_nsa,005,NSA,persons,none,GOVERNED_REQUIRED,true
LAUCN240090000000006,calvert_county_md__county,county,laus_labor_force_nsa,006,NSA,persons,none,GOVERNED_REQUIRED,true
LAUCN240130000000003,carroll_county_md__county,county,laus_unemployment_rate_nsa,003,NSA,percent,none,GOVERNED_REQUIRED,true
LAUCN240130000000004,carroll_county_md__county,county,laus_unemployment_nsa,004,NSA,persons,none,GOVERNED_DIAGNOSTIC,false
LAUCN240130000000005,carroll_county_md__county,county,laus_employment_nsa,005,NSA,persons,none,GOVERNED_REQUIRED,true
LAUCN240130000000006,carroll_county_md__county,county,laus_labor_force_nsa,006,NSA,persons,none,GOVERNED_REQUIRED,true
LAUCN240170000000003,charles_county_md__county,county,laus_unemployment_rate_nsa,003,NSA,percent,none,GOVERNED_REQUIRED,true
LAUCN240170000000004,charles_county_md__county,county,laus_unemployment_nsa,004,NSA,persons,none,GOVERNED_DIAGNOSTIC,false
LAUCN240170000000005,charles_county_md__county,county,laus_employment_nsa,005,NSA,persons,none,GOVERNED_REQUIRED,true
LAUCN240170000000006,charles_county_md__county,county,laus_labor_force_nsa,006,NSA,persons,none,GOVERNED_REQUIRED,true
LAUCN240190000000003,dorchester_county_md__county,county,laus_unemployment_rate_nsa,003,NSA,percent,none,GOVERNED_REQUIRED,true
LAUCN240190000000004,dorchester_county_md__county,county,laus_unemployment_nsa,004,NSA,persons,none,GOVERNED_DIAGNOSTIC,false
LAUCN240190000000005,dorchester_county_md__county,county,laus_employment_nsa,005,NSA,persons,none,GOVERNED_REQUIRED,true
LAUCN240190000000006,dorchester_county_md__county,county,laus_labor_force_nsa,006,NSA,persons,none,GOVERNED_REQUIRED,true
LAUCN240210000000003,frederick_county_md__county,county,laus_unemployment_rate_nsa,003,NSA,percent,none,GOVERNED_REQUIRED,true
LAUCN240210000000004,frederick_county_md__county,county,laus_unemployment_nsa,004,NSA,persons,none,GOVERNED_DIAGNOSTIC,false
LAUCN240210000000005,frederick_county_md__county,county,laus_employment_nsa,005,NSA,persons,none,GOVERNED_REQUIRED,true
LAUCN240210000000006,frederick_county_md__county,county,laus_labor_force_nsa,006,NSA,persons,none,GOVERNED_REQUIRED,true
LAUCN240250000000003,harford_county_md__county,county,laus_unemployment_rate_nsa,003,NSA,percent,none,GOVERNED_REQUIRED,true
LAUCN240250000000004,harford_county_md__county,county,laus_unemployment_nsa,004,NSA,persons,none,GOVERNED_DIAGNOSTIC,false
LAUCN240250000000005,harford_county_md__county,county,laus_employment_nsa,005,NSA,persons,none,GOVERNED_REQUIRED,true
LAUCN240250000000006,harford_county_md__county,county,laus_labor_force_nsa,006,NSA,persons,none,GOVERNED_REQUIRED,true
LAUCN240270000000003,howard_county_md__county,county,laus_unemployment_rate_nsa,003,NSA,percent,none,GOVERNED_REQUIRED,true
LAUCN240270000000004,howard_county_md__county,county,laus_unemployment_nsa,004,NSA,persons,none,GOVERNED_DIAGNOSTIC,false
LAUCN240270000000005,howard_county_md__county,county,laus_employment_nsa,005,NSA,persons,none,GOVERNED_REQUIRED,true
LAUCN240270000000006,howard_county_md__county,county,laus_labor_force_nsa,006,NSA,persons,none,GOVERNED_REQUIRED,true
LAUCN240310000000003,montgomery_county_md__county,county,laus_unemployment_rate_nsa,003,NSA,percent,none,GOVERNED_REQUIRED,true
LAUCN240310000000004,montgomery_county_md__county,county,laus_unemployment_nsa,004,NSA,persons,none,GOVERNED_DIAGNOSTIC,false
LAUCN240310000000005,montgomery_county_md__county,county,laus_employment_nsa,005,NSA,persons,none,GOVERNED_REQUIRED,true
LAUCN240310000000006,montgomery_county_md__county,county,laus_labor_force_nsa,006,NSA,persons,none,GOVERNED_REQUIRED,true
LAUCN240330000000003,prince_george_s_county_md__county,county,laus_unemployment_rate_nsa,003,NSA,percent,none,GOVERNED_REQUIRED,true
LAUCN240330000000004,prince_george_s_county_md__county,county,laus_unemployment_nsa,004,NSA,persons,none,GOVERNED_DIAGNOSTIC,false
LAUCN240330000000005,prince_george_s_county_md__county,county,laus_employment_nsa,005,NSA,persons,none,GOVERNED_REQUIRED,true
LAUCN240330000000006,prince_george_s_county_md__county,county,laus_labor_force_nsa,006,NSA,persons,none,GOVERNED_REQUIRED,true
LAUCN240350000000003,queen_anne_s_county_md__county,county,laus_unemployment_rate_nsa,003,NSA,percent,none,GOVERNED_REQUIRED,true
LAUCN240350000000004,queen_anne_s_county_md__county,county,laus_unemployment_nsa,004,NSA,persons,none,GOVERNED_DIAGNOSTIC,false
LAUCN240350000000005,queen_anne_s_county_md__county,county,laus_employment_nsa,005,NSA,persons,none,GOVERNED_REQUIRED,true
LAUCN240350000000006,queen_anne_s_county_md__county,county,laus_labor_force_nsa,006,NSA,persons,none,GOVERNED_REQUIRED,true
LAUCN240370000000003,st_mary_s_county_md__county,county,laus_unemployment_rate_nsa,003,NSA,percent,none,GOVERNED_REQUIRED,true
LAUCN240370000000004,st_mary_s_county_md__county,county,laus_unemployment_nsa,004,NSA,persons,none,GOVERNED_DIAGNOSTIC,false
LAUCN240370000000005,st_mary_s_county_md__county,county,laus_employment_nsa,005,NSA,persons,none,GOVERNED_REQUIRED,true
LAUCN240370000000006,st_mary_s_county_md__county,county,laus_labor_force_nsa,006,NSA,persons,none,GOVERNED_REQUIRED,true
LAUCN240410000000003,talbot_county_md__county,county,laus_unemployment_rate_nsa,003,NSA,percent,none,GOVERNED_REQUIRED,true
LAUCN240410000000004,talbot_county_md__county,county,laus_unemployment_nsa,004,NSA,persons,none,GOVERNED_DIAGNOSTIC,false
LAUCN240410000000005,talbot_county_md__county,county,laus_employment_nsa,005,NSA,persons,none,GOVERNED_REQUIRED,true
LAUCN240410000000006,talbot_county_md__county,county,laus_labor_force_nsa,006,NSA,persons,none,GOVERNED_REQUIRED,true
LAUCN240430000000003,washington_county_md__county,county,laus_unemployment_rate_nsa,003,NSA,percent,none,GOVERNED_REQUIRED,true
LAUCN240430000000004,washington_county_md__county,county,laus_unemployment_nsa,004,NSA,persons,none,GOVERNED_DIAGNOSTIC,false
LAUCN240430000000005,washington_county_md__county,county,laus_employment_nsa,005,NSA,persons,none,GOVERNED_REQUIRED,true
LAUCN240430000000006,washington_county_md__county,county,laus_labor_force_nsa,006,NSA,persons,none,GOVERNED_REQUIRED,true
LAUCN245100000000003,baltimore_city_county_md__county,county,laus_unemployment_rate_nsa,003,NSA,percent,none,GOVERNED_REQUIRED,true
LAUCN245100000000004,baltimore_city_county_md__county,county,laus_unemployment_nsa,004,NSA,persons,none,GOVERNED_DIAGNOSTIC,false
LAUCN245100000000005,baltimore_city_county_md__county,county,laus_employment_nsa,005,NSA,persons,none,GOVERNED_REQUIRED,true
LAUCN245100000000006,baltimore_city_county_md__county,county,laus_labor_force_nsa,006,NSA,persons,none,GOVERNED_REQUIRED,true
LAUCN340010000000003,atlantic_county_nj__county,county,laus_unemployment_rate_nsa,003,NSA,percent,none,GOVERNED_REQUIRED,true
LAUCN340010000000004,atlantic_county_nj__county,county,laus_unemployment_nsa,004,NSA,persons,none,GOVERNED_DIAGNOSTIC,false
LAUCN340010000000005,atlantic_county_nj__county,county,laus_employment_nsa,005,NSA,persons,none,GOVERNED_REQUIRED,true
LAUCN340010000000006,atlantic_county_nj__county,county,laus_labor_force_nsa,006,NSA,persons,none,GOVERNED_REQUIRED,true
LAUCN340050000000003,burlington_county_nj__county,county,laus_unemployment_rate_nsa,003,NSA,percent,none,GOVERNED_REQUIRED,true
LAUCN340050000000004,burlington_county_nj__county,county,laus_unemployment_nsa,004,NSA,persons,none,GOVERNED_DIAGNOSTIC,false
LAUCN340050000000005,burlington_county_nj__county,county,laus_employment_nsa,005,NSA,persons,none,GOVERNED_REQUIRED,true
LAUCN340050000000006,burlington_county_nj__county,county,laus_labor_force_nsa,006,NSA,persons,none,GOVERNED_REQUIRED,true
LAUCN340070000000003,camden_county_nj__county,county,laus_unemployment_rate_nsa,003,NSA,percent,none,GOVERNED_REQUIRED,true
LAUCN340070000000004,camden_county_nj__county,county,laus_unemployment_nsa,004,NSA,persons,none,GOVERNED_DIAGNOSTIC,false
LAUCN340070000000005,camden_county_nj__county,county,laus_employment_nsa,005,NSA,persons,none,GOVERNED_REQUIRED,true
LAUCN340070000000006,camden_county_nj__county,county,laus_labor_force_nsa,006,NSA,persons,none,GOVERNED_REQUIRED,true
LAUCN340090000000003,cape_may_county_nj__county,county,laus_unemployment_rate_nsa,003,NSA,percent,none,GOVERNED_REQUIRED,true
LAUCN340090000000004,cape_may_county_nj__county,county,laus_unemployment_nsa,004,NSA,persons,none,GOVERNED_DIAGNOSTIC,false
LAUCN340090000000005,cape_may_county_nj__county,county,laus_employment_nsa,005,NSA,persons,none,GOVERNED_REQUIRED,true
LAUCN340090000000006,cape_may_county_nj__county,county,laus_labor_force_nsa,006,NSA,persons,none,GOVERNED_REQUIRED,true
LAUCN340110000000003,cumberland_county_nj__county,county,laus_unemployment_rate_nsa,003,NSA,percent,none,GOVERNED_REQUIRED,true
LAUCN340110000000004,cumberland_county_nj__county,county,laus_unemployment_nsa,004,NSA,persons,none,GOVERNED_DIAGNOSTIC,false
LAUCN340110000000005,cumberland_county_nj__county,county,laus_employment_nsa,005,NSA,persons,none,GOVERNED_REQUIRED,true
LAUCN340110000000006,cumberland_county_nj__county,county,laus_labor_force_nsa,006,NSA,persons,none,GOVERNED_REQUIRED,true
LAUCN340130000000003,essex_county_nj__county,county,laus_unemployment_rate_nsa,003,NSA,percent,none,GOVERNED_REQUIRED,true
LAUCN340130000000004,essex_county_nj__county,county,laus_unemployment_nsa,004,NSA,persons,none,GOVERNED_DIAGNOSTIC,false
LAUCN340130000000005,essex_county_nj__county,county,laus_employment_nsa,005,NSA,persons,none,GOVERNED_REQUIRED,true
LAUCN340130000000006,essex_county_nj__county,county,laus_labor_force_nsa,006,NSA,persons,none,GOVERNED_REQUIRED,true
LAUCN340150000000003,gloucester_county_nj__county,county,laus_unemployment_rate_nsa,003,NSA,percent,none,GOVERNED_REQUIRED,true
LAUCN340150000000004,gloucester_county_nj__county,county,laus_unemployment_nsa,004,NSA,persons,none,GOVERNED_DIAGNOSTIC,false
LAUCN340150000000005,gloucester_county_nj__county,county,laus_employment_nsa,005,NSA,persons,none,GOVERNED_REQUIRED,true
LAUCN340150000000006,gloucester_county_nj__county,county,laus_labor_force_nsa,006,NSA,persons,none,GOVERNED_REQUIRED,true
LAUCN340190000000003,hunterdon_county_nj__county,county,laus_unemployment_rate_nsa,003,NSA,percent,none,GOVERNED_REQUIRED,true
LAUCN340190000000004,hunterdon_county_nj__county,county,laus_unemployment_nsa,004,NSA,persons,none,GOVERNED_DIAGNOSTIC,false
LAUCN340190000000005,hunterdon_county_nj__county,county,laus_employment_nsa,005,NSA,persons,none,GOVERNED_REQUIRED,true
LAUCN340190000000006,hunterdon_county_nj__county,county,laus_labor_force_nsa,006,NSA,persons,none,GOVERNED_REQUIRED,true
LAUCN340210000000003,mercer_county_nj__county,county,laus_unemployment_rate_nsa,003,NSA,percent,none,GOVERNED_REQUIRED,true
LAUCN340210000000004,mercer_county_nj__county,county,laus_unemployment_nsa,004,NSA,persons,none,GOVERNED_DIAGNOSTIC,false
LAUCN340210000000005,mercer_county_nj__county,county,laus_employment_nsa,005,NSA,persons,none,GOVERNED_REQUIRED,true
LAUCN340210000000006,mercer_county_nj__county,county,laus_labor_force_nsa,006,NSA,persons,none,GOVERNED_REQUIRED,true
LAUCN340230000000003,middlesex_county_nj__county,county,laus_unemployment_rate_nsa,003,NSA,percent,none,GOVERNED_REQUIRED,true
LAUCN340230000000004,middlesex_county_nj__county,county,laus_unemployment_nsa,004,NSA,persons,none,GOVERNED_DIAGNOSTIC,false
LAUCN340230000000005,middlesex_county_nj__county,county,laus_employment_nsa,005,NSA,persons,none,GOVERNED_REQUIRED,true
LAUCN340230000000006,middlesex_county_nj__county,county,laus_labor_force_nsa,006,NSA,persons,none,GOVERNED_REQUIRED,true
LAUCN340250000000003,monmouth_county_nj__county,county,laus_unemployment_rate_nsa,003,NSA,percent,none,GOVERNED_REQUIRED,true
LAUCN340250000000004,monmouth_county_nj__county,county,laus_unemployment_nsa,004,NSA,persons,none,GOVERNED_DIAGNOSTIC,false
LAUCN340250000000005,monmouth_county_nj__county,county,laus_employment_nsa,005,NSA,persons,none,GOVERNED_REQUIRED,true
LAUCN340250000000006,monmouth_county_nj__county,county,laus_labor_force_nsa,006,NSA,persons,none,GOVERNED_REQUIRED,true
LAUCN340270000000003,morris_county_nj__county,county,laus_unemployment_rate_nsa,003,NSA,percent,none,GOVERNED_REQUIRED,true
LAUCN340270000000004,morris_county_nj__county,county,laus_unemployment_nsa,004,NSA,persons,none,GOVERNED_DIAGNOSTIC,false
LAUCN340270000000005,morris_county_nj__county,county,laus_employment_nsa,005,NSA,persons,none,GOVERNED_REQUIRED,true
LAUCN340270000000006,morris_county_nj__county,county,laus_labor_force_nsa,006,NSA,persons,none,GOVERNED_REQUIRED,true
LAUCN340290000000003,ocean_county_nj__county,county,laus_unemployment_rate_nsa,003,NSA,percent,none,GOVERNED_REQUIRED,true
LAUCN340290000000004,ocean_county_nj__county,county,laus_unemployment_nsa,004,NSA,persons,none,GOVERNED_DIAGNOSTIC,false
LAUCN340290000000005,ocean_county_nj__county,county,laus_employment_nsa,005,NSA,persons,none,GOVERNED_REQUIRED,true
LAUCN340290000000006,ocean_county_nj__county,county,laus_labor_force_nsa,006,NSA,persons,none,GOVERNED_REQUIRED,true
LAUCN340350000000003,somerset_county_nj__county,county,laus_unemployment_rate_nsa,003,NSA,percent,none,GOVERNED_REQUIRED,true
LAUCN340350000000004,somerset_county_nj__county,county,laus_unemployment_nsa,004,NSA,persons,none,GOVERNED_DIAGNOSTIC,false
LAUCN340350000000005,somerset_county_nj__county,county,laus_employment_nsa,005,NSA,persons,none,GOVERNED_REQUIRED,true
LAUCN340350000000006,somerset_county_nj__county,county,laus_labor_force_nsa,006,NSA,persons,none,GOVERNED_REQUIRED,true
LAUCN340370000000003,sussex_county_nj__county,county,laus_unemployment_rate_nsa,003,NSA,percent,none,GOVERNED_REQUIRED,true
LAUCN340370000000004,sussex_county_nj__county,county,laus_unemployment_nsa,004,NSA,persons,none,GOVERNED_DIAGNOSTIC,false
LAUCN340370000000005,sussex_county_nj__county,county,laus_employment_nsa,005,NSA,persons,none,GOVERNED_REQUIRED,true
LAUCN340370000000006,sussex_county_nj__county,county,laus_labor_force_nsa,006,NSA,persons,none,GOVERNED_REQUIRED,true
LAUCN340390000000003,union_county_nj__county,county,laus_unemployment_rate_nsa,003,NSA,percent,none,GOVERNED_REQUIRED,true
LAUCN340390000000004,union_county_nj__county,county,laus_unemployment_nsa,004,NSA,persons,none,GOVERNED_DIAGNOSTIC,false
LAUCN340390000000005,union_county_nj__county,county,laus_employment_nsa,005,NSA,persons,none,GOVERNED_REQUIRED,true
LAUCN340390000000006,union_county_nj__county,county,laus_labor_force_nsa,006,NSA,persons,none,GOVERNED_REQUIRED,true
LAUCN510030000000003,albemarle_county_va__county,county,laus_unemployment_rate_nsa,003,NSA,percent,none,GOVERNED_REQUIRED,true
LAUCN510030000000004,albemarle_county_va__county,county,laus_unemployment_nsa,004,NSA,persons,none,GOVERNED_DIAGNOSTIC,false
LAUCN510030000000005,albemarle_county_va__county,county,laus_employment_nsa,005,NSA,persons,none,GOVERNED_REQUIRED,true
LAUCN510030000000006,albemarle_county_va__county,county,laus_labor_force_nsa,006,NSA,persons,none,GOVERNED_REQUIRED,true
LAUCN510070000000003,amelia_county_va__county,county,laus_unemployment_rate_nsa,003,NSA,percent,none,GOVERNED_REQUIRED,true
LAUCN510070000000004,amelia_county_va__county,county,laus_unemployment_nsa,004,NSA,persons,none,GOVERNED_DIAGNOSTIC,false
LAUCN510070000000005,amelia_county_va__county,county,laus_employment_nsa,005,NSA,persons,none,GOVERNED_REQUIRED,true
LAUCN510070000000006,amelia_county_va__county,county,laus_labor_force_nsa,006,NSA,persons,none,GOVERNED_REQUIRED,true
LAUCN510090000000003,amherst_county_va__county,county,laus_unemployment_rate_nsa,003,NSA,percent,none,GOVERNED_REQUIRED,true
LAUCN510090000000004,amherst_county_va__county,county,laus_unemployment_nsa,004,NSA,persons,none,GOVERNED_DIAGNOSTIC,false
LAUCN510090000000005,amherst_county_va__county,county,laus_employment_nsa,005,NSA,persons,none,GOVERNED_REQUIRED,true
LAUCN510090000000006,amherst_county_va__county,county,laus_labor_force_nsa,006,NSA,persons,none,GOVERNED_REQUIRED,true
LAUCN510110000000003,appomattox_county_va__county,county,laus_unemployment_rate_nsa,003,NSA,percent,none,GOVERNED_REQUIRED,true
LAUCN510110000000004,appomattox_county_va__county,county,laus_unemployment_nsa,004,NSA,persons,none,GOVERNED_DIAGNOSTIC,false
LAUCN510110000000005,appomattox_county_va__county,county,laus_employment_nsa,005,NSA,persons,none,GOVERNED_REQUIRED,true
LAUCN510110000000006,appomattox_county_va__county,county,laus_labor_force_nsa,006,NSA,persons,none,GOVERNED_REQUIRED,true
LAUCN510130000000003,arlington_county_va__county,county,laus_unemployment_rate_nsa,003,NSA,percent,none,GOVERNED_REQUIRED,true
LAUCN510130000000004,arlington_county_va__county,county,laus_unemployment_nsa,004,NSA,persons,none,GOVERNED_DIAGNOSTIC,false
LAUCN510130000000005,arlington_county_va__county,county,laus_employment_nsa,005,NSA,persons,none,GOVERNED_REQUIRED,true
LAUCN510130000000006,arlington_county_va__county,county,laus_labor_force_nsa,006,NSA,persons,none,GOVERNED_REQUIRED,true
LAUCN510150000000003,augusta_county_va__county,county,laus_unemployment_rate_nsa,003,NSA,percent,none,GOVERNED_REQUIRED,true
LAUCN510150000000004,augusta_county_va__county,county,laus_unemployment_nsa,004,NSA,persons,none,GOVERNED_DIAGNOSTIC,false
LAUCN510150000000005,augusta_county_va__county,county,laus_employment_nsa,005,NSA,persons,none,GOVERNED_REQUIRED,true
LAUCN510150000000006,augusta_county_va__county,county,laus_labor_force_nsa,006,NSA,persons,none,GOVERNED_REQUIRED,true
LAUCN510190000000003,bedford_county_va__county,county,laus_unemployment_rate_nsa,003,NSA,percent,none,GOVERNED_REQUIRED,true
LAUCN510190000000004,bedford_county_va__county,county,laus_unemployment_nsa,004,NSA,persons,none,GOVERNED_DIAGNOSTIC,false
LAUCN510190000000005,bedford_county_va__county,county,laus_employment_nsa,005,NSA,persons,none,GOVERNED_REQUIRED,true
LAUCN510190000000006,bedford_county_va__county,county,laus_labor_force_nsa,006,NSA,persons,none,GOVERNED_REQUIRED,true
LAUCN510230000000003,botetourt_county_va__county,county,laus_unemployment_rate_nsa,003,NSA,percent,none,GOVERNED_REQUIRED,true
LAUCN510230000000004,botetourt_county_va__county,county,laus_unemployment_nsa,004,NSA,persons,none,GOVERNED_DIAGNOSTIC,false
LAUCN510230000000005,botetourt_county_va__county,county,laus_employment_nsa,005,NSA,persons,none,GOVERNED_REQUIRED,true
LAUCN510230000000006,botetourt_county_va__county,county,laus_labor_force_nsa,006,NSA,persons,none,GOVERNED_REQUIRED,true
LAUCN510310000000003,campbell_county_va__county,county,laus_unemployment_rate_nsa,003,NSA,percent,none,GOVERNED_REQUIRED,true
LAUCN510310000000004,campbell_county_va__county,county,laus_unemployment_nsa,004,NSA,persons,none,GOVERNED_DIAGNOSTIC,false
LAUCN510310000000005,campbell_county_va__county,county,laus_employment_nsa,005,NSA,persons,none,GOVERNED_REQUIRED,true
LAUCN510310000000006,campbell_county_va__county,county,laus_labor_force_nsa,006,NSA,persons,none,GOVERNED_REQUIRED,true
LAUCN510360000000003,charles_city_county_va__county,county,laus_unemployment_rate_nsa,003,NSA,percent,none,GOVERNED_REQUIRED,true
LAUCN510360000000004,charles_city_county_va__county,county,laus_unemployment_nsa,004,NSA,persons,none,GOVERNED_DIAGNOSTIC,false
LAUCN510360000000005,charles_city_county_va__county,county,laus_employment_nsa,005,NSA,persons,none,GOVERNED_REQUIRED,true
LAUCN510360000000006,charles_city_county_va__county,county,laus_labor_force_nsa,006,NSA,persons,none,GOVERNED_REQUIRED,true
LAUCN510410000000003,chesterfield_county_va__county,county,laus_unemployment_rate_nsa,003,NSA,percent,none,GOVERNED_REQUIRED,true
LAUCN510410000000004,chesterfield_county_va__county,county,laus_unemployment_nsa,004,NSA,persons,none,GOVERNED_DIAGNOSTIC,false
LAUCN510410000000005,chesterfield_county_va__county,county,laus_employment_nsa,005,NSA,persons,none,GOVERNED_REQUIRED,true
LAUCN510410000000006,chesterfield_county_va__county,county,laus_labor_force_nsa,006,NSA,persons,none,GOVERNED_REQUIRED,true
LAUCN510430000000003,clarke_county_va__county,county,laus_unemployment_rate_nsa,003,NSA,percent,none,GOVERNED_REQUIRED,true
LAUCN510430000000004,clarke_county_va__county,county,laus_unemployment_nsa,004,NSA,persons,none,GOVERNED_DIAGNOSTIC,false
LAUCN510430000000005,clarke_county_va__county,county,laus_employment_nsa,005,NSA,persons,none,GOVERNED_REQUIRED,true
LAUCN510430000000006,clarke_county_va__county,county,laus_labor_force_nsa,006,NSA,persons,none,GOVERNED_REQUIRED,true
LAUCN510450000000003,craig_county_va__county,county,laus_unemployment_rate_nsa,003,NSA,percent,none,GOVERNED_REQUIRED,true
LAUCN510450000000004,craig_county_va__county,county,laus_unemployment_nsa,004,NSA,persons,none,GOVERNED_DIAGNOSTIC,false
LAUCN510450000000005,craig_county_va__county,county,laus_employment_nsa,005,NSA,persons,none,GOVERNED_REQUIRED,true
LAUCN510450000000006,craig_county_va__county,county,laus_labor_force_nsa,006,NSA,persons,none,GOVERNED_REQUIRED,true
LAUCN510470000000003,culpeper_county_va__county,county,laus_unemployment_rate_nsa,003,NSA,percent,none,GOVERNED_REQUIRED,true
LAUCN510470000000004,culpeper_county_va__county,county,laus_unemployment_nsa,004,NSA,persons,none,GOVERNED_DIAGNOSTIC,false
LAUCN510470000000005,culpeper_county_va__county,county,laus_employment_nsa,005,NSA,persons,none,GOVERNED_REQUIRED,true
LAUCN510470000000006,culpeper_county_va__county,county,laus_labor_force_nsa,006,NSA,persons,none,GOVERNED_REQUIRED,true
LAUCN510530000000003,dinwiddie_county_va__county,county,laus_unemployment_rate_nsa,003,NSA,percent,none,GOVERNED_REQUIRED,true
LAUCN510530000000004,dinwiddie_county_va__county,county,laus_unemployment_nsa,004,NSA,persons,none,GOVERNED_DIAGNOSTIC,false
LAUCN510530000000005,dinwiddie_county_va__county,county,laus_employment_nsa,005,NSA,persons,none,GOVERNED_REQUIRED,true
LAUCN510530000000006,dinwiddie_county_va__county,county,laus_labor_force_nsa,006,NSA,persons,none,GOVERNED_REQUIRED,true
LAUCN510590000000003,fairfax_county_va__county,county,laus_unemployment_rate_nsa,003,NSA,percent,none,GOVERNED_REQUIRED,true
LAUCN510590000000004,fairfax_county_va__county,county,laus_unemployment_nsa,004,NSA,persons,none,GOVERNED_DIAGNOSTIC,false
LAUCN510590000000005,fairfax_county_va__county,county,laus_employment_nsa,005,NSA,persons,none,GOVERNED_REQUIRED,true
LAUCN510590000000006,fairfax_county_va__county,county,laus_labor_force_nsa,006,NSA,persons,none,GOVERNED_REQUIRED,true
LAUCN510610000000003,fauquier_county_va__county,county,laus_unemployment_rate_nsa,003,NSA,percent,none,GOVERNED_REQUIRED,true
LAUCN510610000000004,fauquier_county_va__county,county,laus_unemployment_nsa,004,NSA,persons,none,GOVERNED_DIAGNOSTIC,false
LAUCN510610000000005,fauquier_county_va__county,county,laus_employment_nsa,005,NSA,persons,none,GOVERNED_REQUIRED,true
LAUCN510610000000006,fauquier_county_va__county,county,laus_labor_force_nsa,006,NSA,persons,none,GOVERNED_REQUIRED,true
LAUCN510650000000003,fluvanna_county_va__county,county,laus_unemployment_rate_nsa,003,NSA,percent,none,GOVERNED_REQUIRED,true
LAUCN510650000000004,fluvanna_county_va__county,county,laus_unemployment_nsa,004,NSA,persons,none,GOVERNED_DIAGNOSTIC,false
LAUCN510650000000005,fluvanna_county_va__county,county,laus_employment_nsa,005,NSA,persons,none,GOVERNED_REQUIRED,true
LAUCN510650000000006,fluvanna_county_va__county,county,laus_labor_force_nsa,006,NSA,persons,none,GOVERNED_REQUIRED,true
LAUCN510670000000003,franklin_county_va__county,county,laus_unemployment_rate_nsa,003,NSA,percent,none,GOVERNED_REQUIRED,true
LAUCN510670000000004,franklin_county_va__county,county,laus_unemployment_nsa,004,NSA,persons,none,GOVERNED_DIAGNOSTIC,false
LAUCN510670000000005,franklin_county_va__county,county,laus_employment_nsa,005,NSA,persons,none,GOVERNED_REQUIRED,true
LAUCN510670000000006,franklin_county_va__county,county,laus_labor_force_nsa,006,NSA,persons,none,GOVERNED_REQUIRED,true
LAUCN510690000000003,frederick_county_va__county,county,laus_unemployment_rate_nsa,003,NSA,percent,none,GOVERNED_REQUIRED,true
LAUCN510690000000004,frederick_county_va__county,county,laus_unemployment_nsa,004,NSA,persons,none,GOVERNED_DIAGNOSTIC,false
LAUCN510690000000005,frederick_county_va__county,county,laus_employment_nsa,005,NSA,persons,none,GOVERNED_REQUIRED,true
LAUCN510690000000006,frederick_county_va__county,county,laus_labor_force_nsa,006,NSA,persons,none,GOVERNED_REQUIRED,true
LAUCN510710000000003,giles_county_va__county,county,laus_unemployment_rate_nsa,003,NSA,percent,none,GOVERNED_REQUIRED,true
LAUCN510710000000004,giles_county_va__county,county,laus_unemployment_nsa,004,NSA,persons,none,GOVERNED_DIAGNOSTIC,false
LAUCN510710000000005,giles_county_va__county,county,laus_employment_nsa,005,NSA,persons,none,GOVERNED_REQUIRED,true
LAUCN510710000000006,giles_county_va__county,county,laus_labor_force_nsa,006,NSA,persons,none,GOVERNED_REQUIRED,true
LAUCN510730000000003,gloucester_county_va__county,county,laus_unemployment_rate_nsa,003,NSA,percent,none,GOVERNED_REQUIRED,true
LAUCN510730000000004,gloucester_county_va__county,county,laus_unemployment_nsa,004,NSA,persons,none,GOVERNED_DIAGNOSTIC,false
LAUCN510730000000005,gloucester_county_va__county,county,laus_employment_nsa,005,NSA,persons,none,GOVERNED_REQUIRED,true
LAUCN510730000000006,gloucester_county_va__county,county,laus_labor_force_nsa,006,NSA,persons,none,GOVERNED_REQUIRED,true
LAUCN510750000000003,goochland_county_va__county,county,laus_unemployment_rate_nsa,003,NSA,percent,none,GOVERNED_REQUIRED,true
LAUCN510750000000004,goochland_county_va__county,county,laus_unemployment_nsa,004,NSA,persons,none,GOVERNED_DIAGNOSTIC,false
LAUCN510750000000005,goochland_county_va__county,county,laus_employment_nsa,005,NSA,persons,none,GOVERNED_REQUIRED,true
LAUCN510750000000006,goochland_county_va__county,county,laus_labor_force_nsa,006,NSA,persons,none,GOVERNED_REQUIRED,true
LAUCN510790000000003,greene_county_va__county,county,laus_unemployment_rate_nsa,003,NSA,percent,none,GOVERNED_REQUIRED,true
LAUCN510790000000004,greene_county_va__county,county,laus_unemployment_nsa,004,NSA,persons,none,GOVERNED_DIAGNOSTIC,false
LAUCN510790000000005,greene_county_va__county,county,laus_employment_nsa,005,NSA,persons,none,GOVERNED_REQUIRED,true
LAUCN510790000000006,greene_county_va__county,county,laus_labor_force_nsa,006,NSA,persons,none,GOVERNED_REQUIRED,true
LAUCN510850000000003,hanover_county_va__county,county,laus_unemployment_rate_nsa,003,NSA,percent,none,GOVERNED_REQUIRED,true
LAUCN510850000000004,hanover_county_va__county,county,laus_unemployment_nsa,004,NSA,persons,none,GOVERNED_DIAGNOSTIC,false
LAUCN510850000000005,hanover_county_va__county,county,laus_employment_nsa,005,NSA,persons,none,GOVERNED_REQUIRED,true
LAUCN510850000000006,hanover_county_va__county,county,laus_labor_force_nsa,006,NSA,persons,none,GOVERNED_REQUIRED,true
LAUCN510870000000003,henrico_county_va__county,county,laus_unemployment_rate_nsa,003,NSA,percent,none,GOVERNED_REQUIRED,true
LAUCN510870000000004,henrico_county_va__county,county,laus_unemployment_nsa,004,NSA,persons,none,GOVERNED_DIAGNOSTIC,false
LAUCN510870000000005,henrico_county_va__county,county,laus_employment_nsa,005,NSA,persons,none,GOVERNED_REQUIRED,true
LAUCN510870000000006,henrico_county_va__county,county,laus_labor_force_nsa,006,NSA,persons,none,GOVERNED_REQUIRED,true
LAUCN510890000000003,henry_county_va__county,county,laus_unemployment_rate_nsa,003,NSA,percent,none,GOVERNED_REQUIRED,true
LAUCN510890000000004,henry_county_va__county,county,laus_unemployment_nsa,004,NSA,persons,none,GOVERNED_DIAGNOSTIC,false
LAUCN510890000000005,henry_county_va__county,county,laus_employment_nsa,005,NSA,persons,none,GOVERNED_REQUIRED,true
LAUCN510890000000006,henry_county_va__county,county,laus_labor_force_nsa,006,NSA,persons,none,GOVERNED_REQUIRED,true
LAUCN510930000000003,isle_of_wight_county_va__county,county,laus_unemployment_rate_nsa,003,NSA,percent,none,GOVERNED_REQUIRED,true
LAUCN510930000000004,isle_of_wight_county_va__county,county,laus_unemployment_nsa,004,NSA,persons,none,GOVERNED_DIAGNOSTIC,false
LAUCN510930000000005,isle_of_wight_county_va__county,county,laus_employment_nsa,005,NSA,persons,none,GOVERNED_REQUIRED,true
LAUCN510930000000006,isle_of_wight_county_va__county,county,laus_labor_force_nsa,006,NSA,persons,none,GOVERNED_REQUIRED,true
LAUCN510950000000003,james_city_county_va__county,county,laus_unemployment_rate_nsa,003,NSA,percent,none,GOVERNED_REQUIRED,true
LAUCN510950000000004,james_city_county_va__county,county,laus_unemployment_nsa,004,NSA,persons,none,GOVERNED_DIAGNOSTIC,false
LAUCN510950000000005,james_city_county_va__county,county,laus_employment_nsa,005,NSA,persons,none,GOVERNED_REQUIRED,true
LAUCN510950000000006,james_city_county_va__county,county,laus_labor_force_nsa,006,NSA,persons,none,GOVERNED_REQUIRED,true
LAUCN510970000000003,king_and_queen_county_va__county,county,laus_unemployment_rate_nsa,003,NSA,percent,none,GOVERNED_REQUIRED,true
LAUCN510970000000004,king_and_queen_county_va__county,county,laus_unemployment_nsa,004,NSA,persons,none,GOVERNED_DIAGNOSTIC,false
LAUCN510970000000005,king_and_queen_county_va__county,county,laus_employment_nsa,005,NSA,persons,none,GOVERNED_REQUIRED,true
LAUCN510970000000006,king_and_queen_county_va__county,county,laus_labor_force_nsa,006,NSA,persons,none,GOVERNED_REQUIRED,true
LAUCN511010000000003,king_william_county_va__county,county,laus_unemployment_rate_nsa,003,NSA,percent,none,GOVERNED_REQUIRED,true
LAUCN511010000000004,king_william_county_va__county,county,laus_unemployment_nsa,004,NSA,persons,none,GOVERNED_DIAGNOSTIC,false
LAUCN511010000000005,king_william_county_va__county,county,laus_employment_nsa,005,NSA,persons,none,GOVERNED_REQUIRED,true
LAUCN511010000000006,king_william_county_va__county,county,laus_labor_force_nsa,006,NSA,persons,none,GOVERNED_REQUIRED,true
LAUCN511070000000003,loudoun_county_va__county,county,laus_unemployment_rate_nsa,003,NSA,percent,none,GOVERNED_REQUIRED,true
LAUCN511070000000004,loudoun_county_va__county,county,laus_unemployment_nsa,004,NSA,persons,none,GOVERNED_DIAGNOSTIC,false
LAUCN511070000000005,loudoun_county_va__county,county,laus_employment_nsa,005,NSA,persons,none,GOVERNED_REQUIRED,true
LAUCN511070000000006,loudoun_county_va__county,county,laus_labor_force_nsa,006,NSA,persons,none,GOVERNED_REQUIRED,true
LAUCN511130000000003,madison_county_va__county,county,laus_unemployment_rate_nsa,003,NSA,percent,none,GOVERNED_REQUIRED,true
LAUCN511130000000004,madison_county_va__county,county,laus_unemployment_nsa,004,NSA,persons,none,GOVERNED_DIAGNOSTIC,false
LAUCN511130000000005,madison_county_va__county,county,laus_employment_nsa,005,NSA,persons,none,GOVERNED_REQUIRED,true
LAUCN511130000000006,madison_county_va__county,county,laus_labor_force_nsa,006,NSA,persons,none,GOVERNED_REQUIRED,true
LAUCN511150000000003,mathews_county_va__county,county,laus_unemployment_rate_nsa,003,NSA,percent,none,GOVERNED_REQUIRED,true
LAUCN511150000000004,mathews_county_va__county,county,laus_unemployment_nsa,004,NSA,persons,none,GOVERNED_DIAGNOSTIC,false
LAUCN511150000000005,mathews_county_va__county,county,laus_employment_nsa,005,NSA,persons,none,GOVERNED_REQUIRED,true
LAUCN511150000000006,mathews_county_va__county,county,laus_labor_force_nsa,006,NSA,persons,none,GOVERNED_REQUIRED,true
LAUCN511210000000003,montgomery_county_va__county,county,laus_unemployment_rate_nsa,003,NSA,percent,none,GOVERNED_REQUIRED,true
LAUCN511210000000004,montgomery_county_va__county,county,laus_unemployment_nsa,004,NSA,persons,none,GOVERNED_DIAGNOSTIC,false
LAUCN511210000000005,montgomery_county_va__county,county,laus_employment_nsa,005,NSA,persons,none,GOVERNED_REQUIRED,true
LAUCN511210000000006,montgomery_county_va__county,county,laus_labor_force_nsa,006,NSA,persons,none,GOVERNED_REQUIRED,true
LAUCN511250000000003,nelson_county_va__county,county,laus_unemployment_rate_nsa,003,NSA,percent,none,GOVERNED_REQUIRED,true
LAUCN511250000000004,nelson_county_va__county,county,laus_unemployment_nsa,004,NSA,persons,none,GOVERNED_DIAGNOSTIC,false
LAUCN511250000000005,nelson_county_va__county,county,laus_employment_nsa,005,NSA,persons,none,GOVERNED_REQUIRED,true
LAUCN511250000000006,nelson_county_va__county,county,laus_labor_force_nsa,006,NSA,persons,none,GOVERNED_REQUIRED,true
LAUCN511270000000003,new_kent_county_va__county,county,laus_unemployment_rate_nsa,003,NSA,percent,none,GOVERNED_REQUIRED,true
LAUCN511270000000004,new_kent_county_va__county,county,laus_unemployment_nsa,004,NSA,persons,none,GOVERNED_DIAGNOSTIC,false
LAUCN511270000000005,new_kent_county_va__county,county,laus_employment_nsa,005,NSA,persons,none,GOVERNED_REQUIRED,true
LAUCN511270000000006,new_kent_county_va__county,county,laus_labor_force_nsa,006,NSA,persons,none,GOVERNED_REQUIRED,true
LAUCN511430000000003,pittsylvania_county_va__county,county,laus_unemployment_rate_nsa,003,NSA,percent,none,GOVERNED_REQUIRED,true
LAUCN511430000000004,pittsylvania_county_va__county,county,laus_unemployment_nsa,004,NSA,persons,none,GOVERNED_DIAGNOSTIC,false
LAUCN511430000000005,pittsylvania_county_va__county,county,laus_employment_nsa,005,NSA,persons,none,GOVERNED_REQUIRED,true
LAUCN511430000000006,pittsylvania_county_va__county,county,laus_labor_force_nsa,006,NSA,persons,none,GOVERNED_REQUIRED,true
LAUCN511450000000003,powhatan_county_va__county,county,laus_unemployment_rate_nsa,003,NSA,percent,none,GOVERNED_REQUIRED,true
LAUCN511450000000004,powhatan_county_va__county,county,laus_unemployment_nsa,004,NSA,persons,none,GOVERNED_DIAGNOSTIC,false
LAUCN511450000000005,powhatan_county_va__county,county,laus_employment_nsa,005,NSA,persons,none,GOVERNED_REQUIRED,true
LAUCN511450000000006,powhatan_county_va__county,county,laus_labor_force_nsa,006,NSA,persons,none,GOVERNED_REQUIRED,true
LAUCN511490000000003,prince_george_county_va__county,county,laus_unemployment_rate_nsa,003,NSA,percent,none,GOVERNED_REQUIRED,true
LAUCN511490000000004,prince_george_county_va__county,county,laus_unemployment_nsa,004,NSA,persons,none,GOVERNED_DIAGNOSTIC,false
LAUCN511490000000005,prince_george_county_va__county,county,laus_employment_nsa,005,NSA,persons,none,GOVERNED_REQUIRED,true
LAUCN511490000000006,prince_george_county_va__county,county,laus_labor_force_nsa,006,NSA,persons,none,GOVERNED_REQUIRED,true
LAUCN511530000000003,prince_william_county_va__county,county,laus_unemployment_rate_nsa,003,NSA,percent,none,GOVERNED_REQUIRED,true
LAUCN511530000000004,prince_william_county_va__county,county,laus_unemployment_nsa,004,NSA,persons,none,GOVERNED_DIAGNOSTIC,false
LAUCN511530000000005,prince_william_county_va__county,county,laus_employment_nsa,005,NSA,persons,none,GOVERNED_REQUIRED,true
LAUCN511530000000006,prince_william_county_va__county,county,laus_labor_force_nsa,006,NSA,persons,none,GOVERNED_REQUIRED,true
LAUCN511550000000003,pulaski_county_va__county,county,laus_unemployment_rate_nsa,003,NSA,percent,none,GOVERNED_REQUIRED,true
LAUCN511550000000004,pulaski_county_va__county,county,laus_unemployment_nsa,004,NSA,persons,none,GOVERNED_DIAGNOSTIC,false
LAUCN511550000000005,pulaski_county_va__county,county,laus_employment_nsa,005,NSA,persons,none,GOVERNED_REQUIRED,true
LAUCN511550000000006,pulaski_county_va__county,county,laus_labor_force_nsa,006,NSA,persons,none,GOVERNED_REQUIRED,true
LAUCN511570000000003,rappahannock_county_va__county,county,laus_unemployment_rate_nsa,003,NSA,percent,none,GOVERNED_REQUIRED,true
LAUCN511570000000004,rappahannock_county_va__county,county,laus_unemployment_nsa,004,NSA,persons,none,GOVERNED_DIAGNOSTIC,false
LAUCN511570000000005,rappahannock_county_va__county,county,laus_employment_nsa,005,NSA,persons,none,GOVERNED_REQUIRED,true
LAUCN511570000000006,rappahannock_county_va__county,county,laus_labor_force_nsa,006,NSA,persons,none,GOVERNED_REQUIRED,true
LAUCN511610000000003,roanoke_county_va__county,county,laus_unemployment_rate_nsa,003,NSA,percent,none,GOVERNED_REQUIRED,true
LAUCN511610000000004,roanoke_county_va__county,county,laus_unemployment_nsa,004,NSA,persons,none,GOVERNED_DIAGNOSTIC,false
LAUCN511610000000005,roanoke_county_va__county,county,laus_employment_nsa,005,NSA,persons,none,GOVERNED_REQUIRED,true
LAUCN511610000000006,roanoke_county_va__county,county,laus_labor_force_nsa,006,NSA,persons,none,GOVERNED_REQUIRED,true
LAUCN511650000000003,rockingham_county_va__county,county,laus_unemployment_rate_nsa,003,NSA,percent,none,GOVERNED_REQUIRED,true
LAUCN511650000000004,rockingham_county_va__county,county,laus_unemployment_nsa,004,NSA,persons,none,GOVERNED_DIAGNOSTIC,false
LAUCN511650000000005,rockingham_county_va__county,county,laus_employment_nsa,005,NSA,persons,none,GOVERNED_REQUIRED,true
LAUCN511650000000006,rockingham_county_va__county,county,laus_labor_force_nsa,006,NSA,persons,none,GOVERNED_REQUIRED,true
LAUCN511750000000003,southampton_county_va__county,county,laus_unemployment_rate_nsa,003,NSA,percent,none,GOVERNED_REQUIRED,true
LAUCN511750000000004,southampton_county_va__county,county,laus_unemployment_nsa,004,NSA,persons,none,GOVERNED_DIAGNOSTIC,false
LAUCN511750000000005,southampton_county_va__county,county,laus_employment_nsa,005,NSA,persons,none,GOVERNED_REQUIRED,true
LAUCN511750000000006,southampton_county_va__county,county,laus_labor_force_nsa,006,NSA,persons,none,GOVERNED_REQUIRED,true
LAUCN511770000000003,spotsylvania_county_va__county,county,laus_unemployment_rate_nsa,003,NSA,percent,none,GOVERNED_REQUIRED,true
LAUCN511770000000004,spotsylvania_county_va__county,county,laus_unemployment_nsa,004,NSA,persons,none,GOVERNED_DIAGNOSTIC,false
LAUCN511770000000005,spotsylvania_county_va__county,county,laus_employment_nsa,005,NSA,persons,none,GOVERNED_REQUIRED,true
LAUCN511770000000006,spotsylvania_county_va__county,county,laus_labor_force_nsa,006,NSA,persons,none,GOVERNED_REQUIRED,true
LAUCN511790000000003,stafford_county_va__county,county,laus_unemployment_rate_nsa,003,NSA,percent,none,GOVERNED_REQUIRED,true
LAUCN511790000000004,stafford_county_va__county,county,laus_unemployment_nsa,004,NSA,persons,none,GOVERNED_DIAGNOSTIC,false
LAUCN511790000000005,stafford_county_va__county,county,laus_employment_nsa,005,NSA,persons,none,GOVERNED_REQUIRED,true
LAUCN511790000000006,stafford_county_va__county,county,laus_labor_force_nsa,006,NSA,persons,none,GOVERNED_REQUIRED,true
LAUCN511830000000003,sussex_county_va__county,county,laus_unemployment_rate_nsa,003,NSA,percent,none,GOVERNED_REQUIRED,true
LAUCN511830000000004,sussex_county_va__county,county,laus_unemployment_nsa,004,NSA,persons,none,GOVERNED_DIAGNOSTIC,false
LAUCN511830000000005,sussex_county_va__county,county,laus_employment_nsa,005,NSA,persons,none,GOVERNED_REQUIRED,true
LAUCN511830000000006,sussex_county_va__county,county,laus_labor_force_nsa,006,NSA,persons,none,GOVERNED_REQUIRED,true
LAUCN511870000000003,warren_county_va__county,county,laus_unemployment_rate_nsa,003,NSA,percent,none,GOVERNED_REQUIRED,true
LAUCN511870000000004,warren_county_va__county,county,laus_unemployment_nsa,004,NSA,persons,none,GOVERNED_DIAGNOSTIC,false
LAUCN511870000000005,warren_county_va__county,county,laus_employment_nsa,005,NSA,persons,none,GOVERNED_REQUIRED,true
LAUCN511870000000006,warren_county_va__county,county,laus_labor_force_nsa,006,NSA,persons,none,GOVERNED_REQUIRED,true
LAUCN511950000000003,wise_county_va__county,county,laus_unemployment_rate_nsa,003,NSA,percent,none,GOVERNED_REQUIRED,true
LAUCN511950000000004,wise_county_va__county,county,laus_unemployment_nsa,004,NSA,persons,none,GOVERNED_DIAGNOSTIC,false
LAUCN511950000000005,wise_county_va__county,county,laus_employment_nsa,005,NSA,persons,none,GOVERNED_REQUIRED,true
LAUCN511950000000006,wise_county_va__county,county,laus_labor_force_nsa,006,NSA,persons,none,GOVERNED_REQUIRED,true
LAUCN511990000000003,york_county_va__county,county,laus_unemployment_rate_nsa,003,NSA,percent,none,GOVERNED_REQUIRED,true
LAUCN511990000000004,york_county_va__county,county,laus_unemployment_nsa,004,NSA,persons,none,GOVERNED_DIAGNOSTIC,false
LAUCN511990000000005,york_county_va__county,county,laus_employment_nsa,005,NSA,persons,none,GOVERNED_REQUIRED,true
LAUCN511990000000006,york_county_va__county,county,laus_labor_force_nsa,006,NSA,persons,none,GOVERNED_REQUIRED,true
LAUCN515100000000003,alexandria_va__county,county,laus_unemployment_rate_nsa,003,NSA,percent,none,GOVERNED_REQUIRED,true
LAUCN515100000000004,alexandria_va__county,county,laus_unemployment_nsa,004,NSA,persons,none,GOVERNED_DIAGNOSTIC,false
LAUCN515100000000005,alexandria_va__county,county,laus_employment_nsa,005,NSA,persons,none,GOVERNED_REQUIRED,true
LAUCN515100000000006,alexandria_va__county,county,laus_labor_force_nsa,006,NSA,persons,none,GOVERNED_REQUIRED,true
LAUCN515400000000003,charlottesville_va__county,county,laus_unemployment_rate_nsa,003,NSA,percent,none,GOVERNED_REQUIRED,true
LAUCN515400000000004,charlottesville_va__county,county,laus_unemployment_nsa,004,NSA,persons,none,GOVERNED_DIAGNOSTIC,false
LAUCN515400000000005,charlottesville_va__county,county,laus_employment_nsa,005,NSA,persons,none,GOVERNED_REQUIRED,true
LAUCN515400000000006,charlottesville_va__county,county,laus_labor_force_nsa,006,NSA,persons,none,GOVERNED_REQUIRED,true
LAUCN515500000000003,chesapeake_va__county,county,laus_unemployment_rate_nsa,003,NSA,percent,none,GOVERNED_REQUIRED,true
LAUCN515500000000004,chesapeake_va__county,county,laus_unemployment_nsa,004,NSA,persons,none,GOVERNED_DIAGNOSTIC,false
LAUCN515500000000005,chesapeake_va__county,county,laus_employment_nsa,005,NSA,persons,none,GOVERNED_REQUIRED,true
LAUCN515500000000006,chesapeake_va__county,county,laus_labor_force_nsa,006,NSA,persons,none,GOVERNED_REQUIRED,true
LAUCN515700000000003,colonial_heights_va__county,county,laus_unemployment_rate_nsa,003,NSA,percent,none,GOVERNED_REQUIRED,true
LAUCN515700000000004,colonial_heights_va__county,county,laus_unemployment_nsa,004,NSA,persons,none,GOVERNED_DIAGNOSTIC,false
LAUCN515700000000005,colonial_heights_va__county,county,laus_employment_nsa,005,NSA,persons,none,GOVERNED_REQUIRED,true
LAUCN515700000000006,colonial_heights_va__county,county,laus_labor_force_nsa,006,NSA,persons,none,GOVERNED_REQUIRED,true
LAUCN515900000000003,danville_va__county,county,laus_unemployment_rate_nsa,003,NSA,percent,none,GOVERNED_REQUIRED,true
LAUCN515900000000004,danville_va__county,county,laus_unemployment_nsa,004,NSA,persons,none,GOVERNED_DIAGNOSTIC,false
LAUCN515900000000005,danville_va__county,county,laus_employment_nsa,005,NSA,persons,none,GOVERNED_REQUIRED,true
LAUCN515900000000006,danville_va__county,county,laus_labor_force_nsa,006,NSA,persons,none,GOVERNED_REQUIRED,true
LAUCN516000000000003,fairfax_city_county_va__county,county,laus_unemployment_rate_nsa,003,NSA,percent,none,GOVERNED_REQUIRED,true
LAUCN516000000000004,fairfax_city_county_va__county,county,laus_unemployment_nsa,004,NSA,persons,none,GOVERNED_DIAGNOSTIC,false
LAUCN516000000000005,fairfax_city_county_va__county,county,laus_employment_nsa,005,NSA,persons,none,GOVERNED_REQUIRED,true
LAUCN516000000000006,fairfax_city_county_va__county,county,laus_labor_force_nsa,006,NSA,persons,none,GOVERNED_REQUIRED,true
LAUCN516100000000003,falls_church_va__county,county,laus_unemployment_rate_nsa,003,NSA,percent,none,GOVERNED_REQUIRED,true
LAUCN516100000000004,falls_church_va__county,county,laus_unemployment_nsa,004,NSA,persons,none,GOVERNED_DIAGNOSTIC,false
LAUCN516100000000005,falls_church_va__county,county,laus_employment_nsa,005,NSA,persons,none,GOVERNED_REQUIRED,true
LAUCN516100000000006,falls_church_va__county,county,laus_labor_force_nsa,006,NSA,persons,none,GOVERNED_REQUIRED,true
LAUCN516200000000003,franklin_city_county_va__county,county,laus_unemployment_rate_nsa,003,NSA,percent,none,GOVERNED_REQUIRED,true
LAUCN516200000000004,franklin_city_county_va__county,county,laus_unemployment_nsa,004,NSA,persons,none,GOVERNED_DIAGNOSTIC,false
LAUCN516200000000005,franklin_city_county_va__county,county,laus_employment_nsa,005,NSA,persons,none,GOVERNED_REQUIRED,true
LAUCN516200000000006,franklin_city_county_va__county,county,laus_labor_force_nsa,006,NSA,persons,none,GOVERNED_REQUIRED,true
LAUCN516300000000003,fredericksburg_va__county,county,laus_unemployment_rate_nsa,003,NSA,percent,none,GOVERNED_REQUIRED,true
LAUCN516300000000004,fredericksburg_va__county,county,laus_unemployment_nsa,004,NSA,persons,none,GOVERNED_DIAGNOSTIC,false
LAUCN516300000000005,fredericksburg_va__county,county,laus_employment_nsa,005,NSA,persons,none,GOVERNED_REQUIRED,true
LAUCN516300000000006,fredericksburg_va__county,county,laus_labor_force_nsa,006,NSA,persons,none,GOVERNED_REQUIRED,true
LAUCN516500000000003,hampton_va__county,county,laus_unemployment_rate_nsa,003,NSA,percent,none,GOVERNED_REQUIRED,true
LAUCN516500000000004,hampton_va__county,county,laus_unemployment_nsa,004,NSA,persons,none,GOVERNED_DIAGNOSTIC,false
LAUCN516500000000005,hampton_va__county,county,laus_employment_nsa,005,NSA,persons,none,GOVERNED_REQUIRED,true
LAUCN516500000000006,hampton_va__county,county,laus_labor_force_nsa,006,NSA,persons,none,GOVERNED_REQUIRED,true
LAUCN516600000000003,harrisonburg_va__county,county,laus_unemployment_rate_nsa,003,NSA,percent,none,GOVERNED_REQUIRED,true
LAUCN516600000000004,harrisonburg_va__county,county,laus_unemployment_nsa,004,NSA,persons,none,GOVERNED_DIAGNOSTIC,false
LAUCN516600000000005,harrisonburg_va__county,county,laus_employment_nsa,005,NSA,persons,none,GOVERNED_REQUIRED,true
LAUCN516600000000006,harrisonburg_va__county,county,laus_labor_force_nsa,006,NSA,persons,none,GOVERNED_REQUIRED,true
LAUCN516700000000003,hopewell_va__county,county,laus_unemployment_rate_nsa,003,NSA,percent,none,GOVERNED_REQUIRED,true
LAUCN516700000000004,hopewell_va__county,county,laus_unemployment_nsa,004,NSA,persons,none,GOVERNED_DIAGNOSTIC,false
LAUCN516700000000005,hopewell_va__county,county,laus_employment_nsa,005,NSA,persons,none,GOVERNED_REQUIRED,true
LAUCN516700000000006,hopewell_va__county,county,laus_labor_force_nsa,006,NSA,persons,none,GOVERNED_REQUIRED,true
LAUCN516800000000003,lynchburg_va__county,county,laus_unemployment_rate_nsa,003,NSA,percent,none,GOVERNED_REQUIRED,true
LAUCN516800000000004,lynchburg_va__county,county,laus_unemployment_nsa,004,NSA,persons,none,GOVERNED_DIAGNOSTIC,false
LAUCN516800000000005,lynchburg_va__county,county,laus_employment_nsa,005,NSA,persons,none,GOVERNED_REQUIRED,true
LAUCN516800000000006,lynchburg_va__county,county,laus_labor_force_nsa,006,NSA,persons,none,GOVERNED_REQUIRED,true
LAUCN516830000000003,manassas_va__county,county,laus_unemployment_rate_nsa,003,NSA,percent,none,GOVERNED_REQUIRED,true
LAUCN516830000000004,manassas_va__county,county,laus_unemployment_nsa,004,NSA,persons,none,GOVERNED_DIAGNOSTIC,false
LAUCN516830000000005,manassas_va__county,county,laus_employment_nsa,005,NSA,persons,none,GOVERNED_REQUIRED,true
LAUCN516830000000006,manassas_va__county,county,laus_labor_force_nsa,006,NSA,persons,none,GOVERNED_REQUIRED,true
LAUCN516850000000003,manassas_park_va__county,county,laus_unemployment_rate_nsa,003,NSA,percent,none,GOVERNED_REQUIRED,true
LAUCN516850000000004,manassas_park_va__county,county,laus_unemployment_nsa,004,NSA,persons,none,GOVERNED_DIAGNOSTIC,false
LAUCN516850000000005,manassas_park_va__county,county,laus_employment_nsa,005,NSA,persons,none,GOVERNED_REQUIRED,true
LAUCN516850000000006,manassas_park_va__county,county,laus_labor_force_nsa,006,NSA,persons,none,GOVERNED_REQUIRED,true
LAUCN516900000000003,martinsville_va__county,county,laus_unemployment_rate_nsa,003,NSA,percent,none,GOVERNED_REQUIRED,true
LAUCN516900000000004,martinsville_va__county,county,laus_unemployment_nsa,004,NSA,persons,none,GOVERNED_DIAGNOSTIC,false
LAUCN516900000000005,martinsville_va__county,county,laus_employment_nsa,005,NSA,persons,none,GOVERNED_REQUIRED,true
LAUCN516900000000006,martinsville_va__county,county,laus_labor_force_nsa,006,NSA,persons,none,GOVERNED_REQUIRED,true
LAUCN517000000000003,newport_news_va__county,county,laus_unemployment_rate_nsa,003,NSA,percent,none,GOVERNED_REQUIRED,true
LAUCN517000000000004,newport_news_va__county,county,laus_unemployment_nsa,004,NSA,persons,none,GOVERNED_DIAGNOSTIC,false
LAUCN517000000000005,newport_news_va__county,county,laus_employment_nsa,005,NSA,persons,none,GOVERNED_REQUIRED,true
LAUCN517000000000006,newport_news_va__county,county,laus_labor_force_nsa,006,NSA,persons,none,GOVERNED_REQUIRED,true
LAUCN517100000000003,norfolk_va__county,county,laus_unemployment_rate_nsa,003,NSA,percent,none,GOVERNED_REQUIRED,true
LAUCN517100000000004,norfolk_va__county,county,laus_unemployment_nsa,004,NSA,persons,none,GOVERNED_DIAGNOSTIC,false
LAUCN517100000000005,norfolk_va__county,county,laus_employment_nsa,005,NSA,persons,none,GOVERNED_REQUIRED,true
LAUCN517100000000006,norfolk_va__county,county,laus_labor_force_nsa,006,NSA,persons,none,GOVERNED_REQUIRED,true
LAUCN517200000000003,norton_va__county,county,laus_unemployment_rate_nsa,003,NSA,percent,none,GOVERNED_REQUIRED,true
LAUCN517200000000004,norton_va__county,county,laus_unemployment_nsa,004,NSA,persons,none,GOVERNED_DIAGNOSTIC,false
LAUCN517200000000005,norton_va__county,county,laus_employment_nsa,005,NSA,persons,none,GOVERNED_REQUIRED,true
LAUCN517200000000006,norton_va__county,county,laus_labor_force_nsa,006,NSA,persons,none,GOVERNED_REQUIRED,true
LAUCN517300000000003,petersburg_va__county,county,laus_unemployment_rate_nsa,003,NSA,percent,none,GOVERNED_REQUIRED,true
LAUCN517300000000004,petersburg_va__county,county,laus_unemployment_nsa,004,NSA,persons,none,GOVERNED_DIAGNOSTIC,false
LAUCN517300000000005,petersburg_va__county,county,laus_employment_nsa,005,NSA,persons,none,GOVERNED_REQUIRED,true
LAUCN517300000000006,petersburg_va__county,county,laus_labor_force_nsa,006,NSA,persons,none,GOVERNED_REQUIRED,true
LAUCN517350000000003,poquoson_va__county,county,laus_unemployment_rate_nsa,003,NSA,percent,none,GOVERNED_REQUIRED,true
LAUCN517350000000004,poquoson_va__county,county,laus_unemployment_nsa,004,NSA,persons,none,GOVERNED_DIAGNOSTIC,false
LAUCN517350000000005,poquoson_va__county,county,laus_employment_nsa,005,NSA,persons,none,GOVERNED_REQUIRED,true
LAUCN517350000000006,poquoson_va__county,county,laus_labor_force_nsa,006,NSA,persons,none,GOVERNED_REQUIRED,true
LAUCN517400000000003,portsmouth_va__county,county,laus_unemployment_rate_nsa,003,NSA,percent,none,GOVERNED_REQUIRED,true
LAUCN517400000000004,portsmouth_va__county,county,laus_unemployment_nsa,004,NSA,persons,none,GOVERNED_DIAGNOSTIC,false
LAUCN517400000000005,portsmouth_va__county,county,laus_employment_nsa,005,NSA,persons,none,GOVERNED_REQUIRED,true
LAUCN517400000000006,portsmouth_va__county,county,laus_labor_force_nsa,006,NSA,persons,none,GOVERNED_REQUIRED,true
LAUCN517500000000003,radford_va__county,county,laus_unemployment_rate_nsa,003,NSA,percent,none,GOVERNED_REQUIRED,true
LAUCN517500000000004,radford_va__county,county,laus_unemployment_nsa,004,NSA,persons,none,GOVERNED_DIAGNOSTIC,false
LAUCN517500000000005,radford_va__county,county,laus_employment_nsa,005,NSA,persons,none,GOVERNED_REQUIRED,true
LAUCN517500000000006,radford_va__county,county,laus_labor_force_nsa,006,NSA,persons,none,GOVERNED_REQUIRED,true
LAUCN517600000000003,richmond_city_county_va__county,county,laus_unemployment_rate_nsa,003,NSA,percent,none,GOVERNED_REQUIRED,true
LAUCN517600000000004,richmond_city_county_va__county,county,laus_unemployment_nsa,004,NSA,persons,none,GOVERNED_DIAGNOSTIC,false
LAUCN517600000000005,richmond_city_county_va__county,county,laus_employment_nsa,005,NSA,persons,none,GOVERNED_REQUIRED,true
LAUCN517600000000006,richmond_city_county_va__county,county,laus_labor_force_nsa,006,NSA,persons,none,GOVERNED_REQUIRED,true
LAUCN517700000000003,roanoke_city_county_va__county,county,laus_unemployment_rate_nsa,003,NSA,percent,none,GOVERNED_REQUIRED,true
LAUCN517700000000004,roanoke_city_county_va__county,county,laus_unemployment_nsa,004,NSA,persons,none,GOVERNED_DIAGNOSTIC,false
LAUCN517700000000005,roanoke_city_county_va__county,county,laus_employment_nsa,005,NSA,persons,none,GOVERNED_REQUIRED,true
LAUCN517700000000006,roanoke_city_county_va__county,county,laus_labor_force_nsa,006,NSA,persons,none,GOVERNED_REQUIRED,true
LAUCN517750000000003,salem_va__county,county,laus_unemployment_rate_nsa,003,NSA,percent,none,GOVERNED_REQUIRED,true
LAUCN517750000000004,salem_va__county,county,laus_unemployment_nsa,004,NSA,persons,none,GOVERNED_DIAGNOSTIC,false
LAUCN517750000000005,salem_va__county,county,laus_employment_nsa,005,NSA,persons,none,GOVERNED_REQUIRED,true
LAUCN517750000000006,salem_va__county,county,laus_labor_force_nsa,006,NSA,persons,none,GOVERNED_REQUIRED,true
LAUCN517900000000003,staunton_va__county,county,laus_unemployment_rate_nsa,003,NSA,percent,none,GOVERNED_REQUIRED,true
LAUCN517900000000004,staunton_va__county,county,laus_unemployment_nsa,004,NSA,persons,none,GOVERNED_DIAGNOSTIC,false
LAUCN517900000000005,staunton_va__county,county,laus_employment_nsa,005,NSA,persons,none,GOVERNED_REQUIRED,true
LAUCN517900000000006,staunton_va__county,county,laus_labor_force_nsa,006,NSA,persons,none,GOVERNED_REQUIRED,true
LAUCN518000000000003,suffolk_va__county,county,laus_unemployment_rate_nsa,003,NSA,percent,none,GOVERNED_REQUIRED,true
LAUCN518000000000004,suffolk_va__county,county,laus_unemployment_nsa,004,NSA,persons,none,GOVERNED_DIAGNOSTIC,false
LAUCN518000000000005,suffolk_va__county,county,laus_employment_nsa,005,NSA,persons,none,GOVERNED_REQUIRED,true
LAUCN518000000000006,suffolk_va__county,county,laus_labor_force_nsa,006,NSA,persons,none,GOVERNED_REQUIRED,true
LAUCN518100000000003,virginia_beach_va__county,county,laus_unemployment_rate_nsa,003,NSA,percent,none,GOVERNED_REQUIRED,true
LAUCN518100000000004,virginia_beach_va__county,county,laus_unemployment_nsa,004,NSA,persons,none,GOVERNED_DIAGNOSTIC,false
LAUCN518100000000005,virginia_beach_va__county,county,laus_employment_nsa,005,NSA,persons,none,GOVERNED_REQUIRED,true
LAUCN518100000000006,virginia_beach_va__county,county,laus_labor_force_nsa,006,NSA,persons,none,GOVERNED_REQUIRED,true
LAUCN518200000000003,waynesboro_va__county,county,laus_unemployment_rate_nsa,003,NSA,percent,none,GOVERNED_REQUIRED,true
LAUCN518200000000004,waynesboro_va__county,county,laus_unemployment_nsa,004,NSA,persons,none,GOVERNED_DIAGNOSTIC,false
LAUCN518200000000005,waynesboro_va__county,county,laus_employment_nsa,005,NSA,persons,none,GOVERNED_REQUIRED,true
LAUCN518200000000006,waynesboro_va__county,county,laus_labor_force_nsa,006,NSA,persons,none,GOVERNED_REQUIRED,true
LAUCN518300000000003,williamsburg_va__county,county,laus_unemployment_rate_nsa,003,NSA,percent,none,GOVERNED_REQUIRED,true
LAUCN518300000000004,williamsburg_va__county,county,laus_unemployment_nsa,004,NSA,persons,none,GOVERNED_DIAGNOSTIC,false
LAUCN518300000000005,williamsburg_va__county,county,laus_employment_nsa,005,NSA,persons,none,GOVERNED_REQUIRED,true
LAUCN518300000000006,williamsburg_va__county,county,laus_labor_force_nsa,006,NSA,persons,none,GOVERNED_REQUIRED,true
LAUCN518400000000003,winchester_va__county,county,laus_unemployment_rate_nsa,003,NSA,percent,none,GOVERNED_REQUIRED,true
LAUCN518400000000004,winchester_va__county,county,laus_unemployment_nsa,004,NSA,persons,none,GOVERNED_DIAGNOSTIC,false
LAUCN518400000000005,winchester_va__county,county,laus_employment_nsa,005,NSA,persons,none,GOVERNED_REQUIRED,true
LAUCN518400000000006,winchester_va__county,county,laus_labor_force_nsa,006,NSA,persons,none,GOVERNED_REQUIRED,true
LAUMT061254000000003,bakersfield_ca_metro_area__cbsa_metro,cbsa_metro,laus_unemployment_rate_nsa,003,NSA,percent,none,GOVERNED_REQUIRED,true
LAUMT061254000000004,bakersfield_ca_metro_area__cbsa_metro,cbsa_metro,laus_unemployment_nsa,004,NSA,persons,none,GOVERNED_DIAGNOSTIC,false
LAUMT061254000000005,bakersfield_ca_metro_area__cbsa_metro,cbsa_metro,laus_employment_nsa,005,NSA,persons,none,GOVERNED_REQUIRED,true
LAUMT061254000000006,bakersfield_ca_metro_area__cbsa_metro,cbsa_metro,laus_labor_force_nsa,006,NSA,persons,none,GOVERNED_REQUIRED,true
LAUMT061702000000003,chico_ca_metro_area__cbsa_metro,cbsa_metro,laus_unemployment_rate_nsa,003,NSA,percent,none,GOVERNED_REQUIRED,true
LAUMT061702000000004,chico_ca_metro_area__cbsa_metro,cbsa_metro,laus_unemployment_nsa,004,NSA,persons,none,GOVERNED_DIAGNOSTIC,false
LAUMT061702000000005,chico_ca_metro_area__cbsa_metro,cbsa_metro,laus_employment_nsa,005,NSA,persons,none,GOVERNED_REQUIRED,true
LAUMT061702000000006,chico_ca_metro_area__cbsa_metro,cbsa_metro,laus_labor_force_nsa,006,NSA,persons,none,GOVERNED_REQUIRED,true
LAUMT062094000000003,el_centro_ca_metro_area__cbsa_metro,cbsa_metro,laus_unemployment_rate_nsa,003,NSA,percent,none,GOVERNED_REQUIRED,true
LAUMT062094000000004,el_centro_ca_metro_area__cbsa_metro,cbsa_metro,laus_unemployment_nsa,004,NSA,persons,none,GOVERNED_DIAGNOSTIC,false
LAUMT062094000000005,el_centro_ca_metro_area__cbsa_metro,cbsa_metro,laus_employment_nsa,005,NSA,persons,none,GOVERNED_REQUIRED,true
LAUMT062094000000006,el_centro_ca_metro_area__cbsa_metro,cbsa_metro,laus_labor_force_nsa,006,NSA,persons,none,GOVERNED_REQUIRED,true
LAUMT062342000000003,fresno_ca_metro_area__cbsa_metro,cbsa_metro,laus_unemployment_rate_nsa,003,NSA,percent,none,GOVERNED_REQUIRED,true
LAUMT062342000000004,fresno_ca_metro_area__cbsa_metro,cbsa_metro,laus_unemployment_nsa,004,NSA,persons,none,GOVERNED_DIAGNOSTIC,false
LAUMT062342000000005,fresno_ca_metro_area__cbsa_metro,cbsa_metro,laus_employment_nsa,005,NSA,persons,none,GOVERNED_REQUIRED,true
LAUMT062342000000006,fresno_ca_metro_area__cbsa_metro,cbsa_metro,laus_labor_force_nsa,006,NSA,persons,none,GOVERNED_REQUIRED,true
LAUMT062526000000003,hanford_ca_metro_area__cbsa_metro,cbsa_metro,laus_unemployment_rate_nsa,003,NSA,percent,none,GOVERNED_REQUIRED,true
LAUMT062526000000004,hanford_ca_metro_area__cbsa_metro,cbsa_metro,laus_unemployment_nsa,004,NSA,persons,none,GOVERNED_DIAGNOSTIC,false
LAUMT062526000000005,hanford_ca_metro_area__cbsa_metro,cbsa_metro,laus_employment_nsa,005,NSA,persons,none,GOVERNED_REQUIRED,true
LAUMT062526000000006,hanford_ca_metro_area__cbsa_metro,cbsa_metro,laus_labor_force_nsa,006,NSA,persons,none,GOVERNED_REQUIRED,true
LAUMT063290000000003,merced_ca_metro_area__cbsa_metro,cbsa_metro,laus_unemployment_rate_nsa,003,NSA,percent,none,GOVERNED_REQUIRED,true
LAUMT063290000000004,merced_ca_metro_area__cbsa_metro,cbsa_metro,laus_unemployment_nsa,004,NSA,persons,none,GOVERNED_DIAGNOSTIC,false
LAUMT063290000000005,merced_ca_metro_area__cbsa_metro,cbsa_metro,laus_employment_nsa,005,NSA,persons,none,GOVERNED_REQUIRED,true
LAUMT063290000000006,merced_ca_metro_area__cbsa_metro,cbsa_metro,laus_labor_force_nsa,006,NSA,persons,none,GOVERNED_REQUIRED,true
LAUMT063370000000003,modesto_ca_metro_area__cbsa_metro,cbsa_metro,laus_unemployment_rate_nsa,003,NSA,percent,none,GOVERNED_REQUIRED,true
LAUMT063370000000004,modesto_ca_metro_area__cbsa_metro,cbsa_metro,laus_unemployment_nsa,004,NSA,persons,none,GOVERNED_DIAGNOSTIC,false
LAUMT063370000000005,modesto_ca_metro_area__cbsa_metro,cbsa_metro,laus_employment_nsa,005,NSA,persons,none,GOVERNED_REQUIRED,true
LAUMT063370000000006,modesto_ca_metro_area__cbsa_metro,cbsa_metro,laus_labor_force_nsa,006,NSA,persons,none,GOVERNED_REQUIRED,true
LAUMT063490000000003,napa_ca_metro_area__cbsa_metro,cbsa_metro,laus_unemployment_rate_nsa,003,NSA,percent,none,GOVERNED_REQUIRED,true
LAUMT063490000000004,napa_ca_metro_area__cbsa_metro,cbsa_metro,laus_unemployment_nsa,004,NSA,persons,none,GOVERNED_DIAGNOSTIC,false
LAUMT063490000000005,napa_ca_metro_area__cbsa_metro,cbsa_metro,laus_employment_nsa,005,NSA,persons,none,GOVERNED_REQUIRED,true
LAUMT063490000000006,napa_ca_metro_area__cbsa_metro,cbsa_metro,laus_labor_force_nsa,006,NSA,persons,none,GOVERNED_REQUIRED,true
LAUMT063710000000003,oxnard_ca_metro_area__cbsa_metro,cbsa_metro,laus_unemployment_rate_nsa,003,NSA,percent,none,GOVERNED_REQUIRED,true
LAUMT063710000000004,oxnard_ca_metro_area__cbsa_metro,cbsa_metro,laus_unemployment_nsa,004,NSA,persons,none,GOVERNED_DIAGNOSTIC,false
LAUMT063710000000005,oxnard_ca_metro_area__cbsa_metro,cbsa_metro,laus_employment_nsa,005,NSA,persons,none,GOVERNED_REQUIRED,true
LAUMT063710000000006,oxnard_ca_metro_area__cbsa_metro,cbsa_metro,laus_labor_force_nsa,006,NSA,persons,none,GOVERNED_REQUIRED,true
LAUMT063982000000003,redding_ca_metro_area__cbsa_metro,cbsa_metro,laus_unemployment_rate_nsa,003,NSA,percent,none,GOVERNED_REQUIRED,true
LAUMT063982000000004,redding_ca_metro_area__cbsa_metro,cbsa_metro,laus_unemployment_nsa,004,NSA,persons,none,GOVERNED_DIAGNOSTIC,false
LAUMT063982000000005,redding_ca_metro_area__cbsa_metro,cbsa_metro,laus_employment_nsa,005,NSA,persons,none,GOVERNED_REQUIRED,true
LAUMT063982000000006,redding_ca_metro_area__cbsa_metro,cbsa_metro,laus_labor_force_nsa,006,NSA,persons,none,GOVERNED_REQUIRED,true
LAUMT064014000000003,riverside_ca_metro_area__cbsa_metro,cbsa_metro,laus_unemployment_rate_nsa,003,NSA,percent,none,GOVERNED_REQUIRED,true
LAUMT064014000000004,riverside_ca_metro_area__cbsa_metro,cbsa_metro,laus_unemployment_nsa,004,NSA,persons,none,GOVERNED_DIAGNOSTIC,false
LAUMT064014000000005,riverside_ca_metro_area__cbsa_metro,cbsa_metro,laus_employment_nsa,005,NSA,persons,none,GOVERNED_REQUIRED,true
LAUMT064014000000006,riverside_ca_metro_area__cbsa_metro,cbsa_metro,laus_labor_force_nsa,006,NSA,persons,none,GOVERNED_REQUIRED,true
LAUMT064090000000003,sacramento_ca_metro_area__cbsa_metro,cbsa_metro,laus_unemployment_rate_nsa,003,NSA,percent,none,GOVERNED_REQUIRED,true
LAUMT064090000000004,sacramento_ca_metro_area__cbsa_metro,cbsa_metro,laus_unemployment_nsa,004,NSA,persons,none,GOVERNED_DIAGNOSTIC,false
LAUMT064090000000005,sacramento_ca_metro_area__cbsa_metro,cbsa_metro,laus_employment_nsa,005,NSA,persons,none,GOVERNED_REQUIRED,true
LAUMT064090000000006,sacramento_ca_metro_area__cbsa_metro,cbsa_metro,laus_labor_force_nsa,006,NSA,persons,none,GOVERNED_REQUIRED,true
LAUMT064150000000003,salinas_ca_metro_area__cbsa_metro,cbsa_metro,laus_unemployment_rate_nsa,003,NSA,percent,none,GOVERNED_REQUIRED,true
LAUMT064150000000004,salinas_ca_metro_area__cbsa_metro,cbsa_metro,laus_unemployment_nsa,004,NSA,persons,none,GOVERNED_DIAGNOSTIC,false
LAUMT064150000000005,salinas_ca_metro_area__cbsa_metro,cbsa_metro,laus_employment_nsa,005,NSA,persons,none,GOVERNED_REQUIRED,true
LAUMT064150000000006,salinas_ca_metro_area__cbsa_metro,cbsa_metro,laus_labor_force_nsa,006,NSA,persons,none,GOVERNED_REQUIRED,true
LAUMT064174000000003,san_diego_ca_metro_area__cbsa_metro,cbsa_metro,laus_unemployment_rate_nsa,003,NSA,percent,none,GOVERNED_REQUIRED,true
LAUMT064174000000004,san_diego_ca_metro_area__cbsa_metro,cbsa_metro,laus_unemployment_nsa,004,NSA,persons,none,GOVERNED_DIAGNOSTIC,false
LAUMT064174000000005,san_diego_ca_metro_area__cbsa_metro,cbsa_metro,laus_employment_nsa,005,NSA,persons,none,GOVERNED_REQUIRED,true
LAUMT064174000000006,san_diego_ca_metro_area__cbsa_metro,cbsa_metro,laus_labor_force_nsa,006,NSA,persons,none,GOVERNED_REQUIRED,true
LAUMT064194000000003,san_jose_ca_metro_area__cbsa_metro,cbsa_metro,laus_unemployment_rate_nsa,003,NSA,percent,none,GOVERNED_REQUIRED,true
LAUMT064194000000004,san_jose_ca_metro_area__cbsa_metro,cbsa_metro,laus_unemployment_nsa,004,NSA,persons,none,GOVERNED_DIAGNOSTIC,false
LAUMT064194000000005,san_jose_ca_metro_area__cbsa_metro,cbsa_metro,laus_employment_nsa,005,NSA,persons,none,GOVERNED_REQUIRED,true
LAUMT064194000000006,san_jose_ca_metro_area__cbsa_metro,cbsa_metro,laus_labor_force_nsa,006,NSA,persons,none,GOVERNED_REQUIRED,true
LAUMT064202000000003,san_luis_obispo_ca_metro_area__cbsa_metro,cbsa_metro,laus_unemployment_rate_nsa,003,NSA,percent,none,GOVERNED_REQUIRED,true
LAUMT064202000000004,san_luis_obispo_ca_metro_area__cbsa_metro,cbsa_metro,laus_unemployment_nsa,004,NSA,persons,none,GOVERNED_DIAGNOSTIC,false
LAUMT064202000000005,san_luis_obispo_ca_metro_area__cbsa_metro,cbsa_metro,laus_employment_nsa,005,NSA,persons,none,GOVERNED_REQUIRED,true
LAUMT064202000000006,san_luis_obispo_ca_metro_area__cbsa_metro,cbsa_metro,laus_labor_force_nsa,006,NSA,persons,none,GOVERNED_REQUIRED,true
LAUMT064210000000003,santa_cruz_ca_metro_area__cbsa_metro,cbsa_metro,laus_unemployment_rate_nsa,003,NSA,percent,none,GOVERNED_REQUIRED,true
LAUMT064210000000004,santa_cruz_ca_metro_area__cbsa_metro,cbsa_metro,laus_unemployment_nsa,004,NSA,persons,none,GOVERNED_DIAGNOSTIC,false
LAUMT064210000000005,santa_cruz_ca_metro_area__cbsa_metro,cbsa_metro,laus_employment_nsa,005,NSA,persons,none,GOVERNED_REQUIRED,true
LAUMT064210000000006,santa_cruz_ca_metro_area__cbsa_metro,cbsa_metro,laus_labor_force_nsa,006,NSA,persons,none,GOVERNED_REQUIRED,true
LAUMT064220000000003,santa_maria_ca_metro_area__cbsa_metro,cbsa_metro,laus_unemployment_rate_nsa,003,NSA,percent,none,GOVERNED_REQUIRED,true
LAUMT064220000000004,santa_maria_ca_metro_area__cbsa_metro,cbsa_metro,laus_unemployment_nsa,004,NSA,persons,none,GOVERNED_DIAGNOSTIC,false
LAUMT064220000000005,santa_maria_ca_metro_area__cbsa_metro,cbsa_metro,laus_employment_nsa,005,NSA,persons,none,GOVERNED_REQUIRED,true
LAUMT064220000000006,santa_maria_ca_metro_area__cbsa_metro,cbsa_metro,laus_labor_force_nsa,006,NSA,persons,none,GOVERNED_REQUIRED,true
LAUMT064222000000003,santa_rosa_ca_metro_area__cbsa_metro,cbsa_metro,laus_unemployment_rate_nsa,003,NSA,percent,none,GOVERNED_REQUIRED,true
LAUMT064222000000004,santa_rosa_ca_metro_area__cbsa_metro,cbsa_metro,laus_unemployment_nsa,004,NSA,persons,none,GOVERNED_DIAGNOSTIC,false
LAUMT064222000000005,santa_rosa_ca_metro_area__cbsa_metro,cbsa_metro,laus_employment_nsa,005,NSA,persons,none,GOVERNED_REQUIRED,true
LAUMT064222000000006,santa_rosa_ca_metro_area__cbsa_metro,cbsa_metro,laus_labor_force_nsa,006,NSA,persons,none,GOVERNED_REQUIRED,true
LAUMT064470000000003,stockton_ca_metro_area__cbsa_metro,cbsa_metro,laus_unemployment_rate_nsa,003,NSA,percent,none,GOVERNED_REQUIRED,true
LAUMT064470000000004,stockton_ca_metro_area__cbsa_metro,cbsa_metro,laus_unemployment_nsa,004,NSA,persons,none,GOVERNED_DIAGNOSTIC,false
LAUMT064470000000005,stockton_ca_metro_area__cbsa_metro,cbsa_metro,laus_employment_nsa,005,NSA,persons,none,GOVERNED_REQUIRED,true
LAUMT064470000000006,stockton_ca_metro_area__cbsa_metro,cbsa_metro,laus_labor_force_nsa,006,NSA,persons,none,GOVERNED_REQUIRED,true
LAUMT064670000000003,vallejo_ca_metro_area__cbsa_metro,cbsa_metro,laus_unemployment_rate_nsa,003,NSA,percent,none,GOVERNED_REQUIRED,true
LAUMT064670000000004,vallejo_ca_metro_area__cbsa_metro,cbsa_metro,laus_unemployment_nsa,004,NSA,persons,none,GOVERNED_DIAGNOSTIC,false
LAUMT064670000000005,vallejo_ca_metro_area__cbsa_metro,cbsa_metro,laus_employment_nsa,005,NSA,persons,none,GOVERNED_REQUIRED,true
LAUMT064670000000006,vallejo_ca_metro_area__cbsa_metro,cbsa_metro,laus_labor_force_nsa,006,NSA,persons,none,GOVERNED_REQUIRED,true
LAUMT064730000000003,visalia_ca_metro_area__cbsa_metro,cbsa_metro,laus_unemployment_rate_nsa,003,NSA,percent,none,GOVERNED_REQUIRED,true
LAUMT064730000000004,visalia_ca_metro_area__cbsa_metro,cbsa_metro,laus_unemployment_nsa,004,NSA,persons,none,GOVERNED_DIAGNOSTIC,false
LAUMT064730000000005,visalia_ca_metro_area__cbsa_metro,cbsa_metro,laus_employment_nsa,005,NSA,persons,none,GOVERNED_REQUIRED,true
LAUMT064730000000006,visalia_ca_metro_area__cbsa_metro,cbsa_metro,laus_labor_force_nsa,006,NSA,persons,none,GOVERNED_REQUIRED,true
LAUMT064970000000003,yuba_city_ca_metro_area__cbsa_metro,cbsa_metro,laus_unemployment_rate_nsa,003,NSA,percent,none,GOVERNED_REQUIRED,true
LAUMT064970000000004,yuba_city_ca_metro_area__cbsa_metro,cbsa_metro,laus_unemployment_nsa,004,NSA,persons,none,GOVERNED_DIAGNOSTIC,false
LAUMT064970000000005,yuba_city_ca_metro_area__cbsa_metro,cbsa_metro,laus_employment_nsa,005,NSA,persons,none,GOVERNED_REQUIRED,true
LAUMT064970000000006,yuba_city_ca_metro_area__cbsa_metro,cbsa_metro,laus_labor_force_nsa,006,NSA,persons,none,GOVERNED_REQUIRED,true
LAUMT241258000000003,baltimore_md_metro_area__cbsa_metro,cbsa_metro,laus_unemployment_rate_nsa,003,NSA,percent,none,GOVERNED_REQUIRED,true
LAUMT241258000000004,baltimore_md_metro_area__cbsa_metro,cbsa_metro,laus_unemployment_nsa,004,NSA,persons,none,GOVERNED_DIAGNOSTIC,false
LAUMT241258000000005,baltimore_md_metro_area__cbsa_metro,cbsa_metro,laus_employment_nsa,005,NSA,persons,none,GOVERNED_REQUIRED,true
LAUMT241258000000006,baltimore_md_metro_area__cbsa_metro,cbsa_metro,laus_labor_force_nsa,006,NSA,persons,none,GOVERNED_REQUIRED,true
LAUMT242518000000003,hagerstown_md_metro_area__cbsa_metro,cbsa_metro,laus_unemployment_rate_nsa,003,NSA,percent,none,GOVERNED_REQUIRED,true
LAUMT242518000000004,hagerstown_md_metro_area__cbsa_metro,cbsa_metro,laus_unemployment_nsa,004,NSA,persons,none,GOVERNED_DIAGNOSTIC,false
LAUMT242518000000005,hagerstown_md_metro_area__cbsa_metro,cbsa_metro,laus_employment_nsa,005,NSA,persons,none,GOVERNED_REQUIRED,true
LAUMT242518000000006,hagerstown_md_metro_area__cbsa_metro,cbsa_metro,laus_labor_force_nsa,006,NSA,persons,none,GOVERNED_REQUIRED,true
LAUMT341210000000003,atlantic_city_nj_metro_area__cbsa_metro,cbsa_metro,laus_unemployment_rate_nsa,003,NSA,percent,none,GOVERNED_REQUIRED,true
LAUMT341210000000004,atlantic_city_nj_metro_area__cbsa_metro,cbsa_metro,laus_unemployment_nsa,004,NSA,persons,none,GOVERNED_DIAGNOSTIC,false
LAUMT341210000000005,atlantic_city_nj_metro_area__cbsa_metro,cbsa_metro,laus_employment_nsa,005,NSA,persons,none,GOVERNED_REQUIRED,true
LAUMT341210000000006,atlantic_city_nj_metro_area__cbsa_metro,cbsa_metro,laus_labor_force_nsa,006,NSA,persons,none,GOVERNED_REQUIRED,true
LAUMT344594000000003,trenton_nj_metro_area__cbsa_metro,cbsa_metro,laus_unemployment_rate_nsa,003,NSA,percent,none,GOVERNED_REQUIRED,true
LAUMT344594000000004,trenton_nj_metro_area__cbsa_metro,cbsa_metro,laus_unemployment_nsa,004,NSA,persons,none,GOVERNED_DIAGNOSTIC,false
LAUMT344594000000005,trenton_nj_metro_area__cbsa_metro,cbsa_metro,laus_employment_nsa,005,NSA,persons,none,GOVERNED_REQUIRED,true
LAUMT344594000000006,trenton_nj_metro_area__cbsa_metro,cbsa_metro,laus_labor_force_nsa,006,NSA,persons,none,GOVERNED_REQUIRED,true
LAUMT344722000000003,vineland_nj_metro_area__cbsa_metro,cbsa_metro,laus_unemployment_rate_nsa,003,NSA,percent,none,GOVERNED_REQUIRED,true
LAUMT344722000000004,vineland_nj_metro_area__cbsa_metro,cbsa_metro,laus_unemployment_nsa,004,NSA,persons,none,GOVERNED_DIAGNOSTIC,false
LAUMT344722000000005,vineland_nj_metro_area__cbsa_metro,cbsa_metro,laus_employment_nsa,005,NSA,persons,none,GOVERNED_REQUIRED,true
LAUMT344722000000006,vineland_nj_metro_area__cbsa_metro,cbsa_metro,laus_labor_force_nsa,006,NSA,persons,none,GOVERNED_REQUIRED,true
LAUMT511398000000003,blacksburg_va_metro_area__cbsa_metro,cbsa_metro,laus_unemployment_rate_nsa,003,NSA,percent,none,GOVERNED_REQUIRED,true
LAUMT511398000000004,blacksburg_va_metro_area__cbsa_metro,cbsa_metro,laus_unemployment_nsa,004,NSA,persons,none,GOVERNED_DIAGNOSTIC,false
LAUMT511398000000005,blacksburg_va_metro_area__cbsa_metro,cbsa_metro,laus_employment_nsa,005,NSA,persons,none,GOVERNED_REQUIRED,true
LAUMT511398000000006,blacksburg_va_metro_area__cbsa_metro,cbsa_metro,laus_labor_force_nsa,006,NSA,persons,none,GOVERNED_REQUIRED,true
LAUMT511682000000003,charlottesville_va_metro_area__cbsa_metro,cbsa_metro,laus_unemployment_rate_nsa,003,NSA,percent,none,GOVERNED_REQUIRED,true
LAUMT511682000000004,charlottesville_va_metro_area__cbsa_metro,cbsa_metro,laus_unemployment_nsa,004,NSA,persons,none,GOVERNED_DIAGNOSTIC,false
LAUMT511682000000005,charlottesville_va_metro_area__cbsa_metro,cbsa_metro,laus_employment_nsa,005,NSA,persons,none,GOVERNED_REQUIRED,true
LAUMT511682000000006,charlottesville_va_metro_area__cbsa_metro,cbsa_metro,laus_labor_force_nsa,006,NSA,persons,none,GOVERNED_REQUIRED,true
LAUMT512550000000003,harrisonburg_va_metro_area__cbsa_metro,cbsa_metro,laus_unemployment_rate_nsa,003,NSA,percent,none,GOVERNED_REQUIRED,true
LAUMT512550000000004,harrisonburg_va_metro_area__cbsa_metro,cbsa_metro,laus_unemployment_nsa,004,NSA,persons,none,GOVERNED_DIAGNOSTIC,false
LAUMT512550000000005,harrisonburg_va_metro_area__cbsa_metro,cbsa_metro,laus_employment_nsa,005,NSA,persons,none,GOVERNED_REQUIRED,true
LAUMT512550000000006,harrisonburg_va_metro_area__cbsa_metro,cbsa_metro,laus_labor_force_nsa,006,NSA,persons,none,GOVERNED_REQUIRED,true
LAUMT513134000000003,lynchburg_va_metro_area__cbsa_metro,cbsa_metro,laus_unemployment_rate_nsa,003,NSA,percent,none,GOVERNED_REQUIRED,true
LAUMT513134000000004,lynchburg_va_metro_area__cbsa_metro,cbsa_metro,laus_unemployment_nsa,004,NSA,persons,none,GOVERNED_DIAGNOSTIC,false
LAUMT513134000000005,lynchburg_va_metro_area__cbsa_metro,cbsa_metro,laus_employment_nsa,005,NSA,persons,none,GOVERNED_REQUIRED,true
LAUMT513134000000006,lynchburg_va_metro_area__cbsa_metro,cbsa_metro,laus_labor_force_nsa,006,NSA,persons,none,GOVERNED_REQUIRED,true
LAUMT514006000000003,richmond_va_metro_area__cbsa_metro,cbsa_metro,laus_unemployment_rate_nsa,003,NSA,percent,none,GOVERNED_REQUIRED,true
LAUMT514006000000004,richmond_va_metro_area__cbsa_metro,cbsa_metro,laus_unemployment_nsa,004,NSA,persons,none,GOVERNED_DIAGNOSTIC,false
LAUMT514006000000005,richmond_va_metro_area__cbsa_metro,cbsa_metro,laus_employment_nsa,005,NSA,persons,none,GOVERNED_REQUIRED,true
LAUMT514006000000006,richmond_va_metro_area__cbsa_metro,cbsa_metro,laus_labor_force_nsa,006,NSA,persons,none,GOVERNED_REQUIRED,true
LAUMT514022000000003,roanoke_va_metro_area__cbsa_metro,cbsa_metro,laus_unemployment_rate_nsa,003,NSA,percent,none,GOVERNED_REQUIRED,true
LAUMT514022000000004,roanoke_va_metro_area__cbsa_metro,cbsa_metro,laus_unemployment_nsa,004,NSA,persons,none,GOVERNED_DIAGNOSTIC,false
LAUMT514022000000005,roanoke_va_metro_area__cbsa_metro,cbsa_metro,laus_employment_nsa,005,NSA,persons,none,GOVERNED_REQUIRED,true
LAUMT514022000000006,roanoke_va_metro_area__cbsa_metro,cbsa_metro,laus_labor_force_nsa,006,NSA,persons,none,GOVERNED_REQUIRED,true
LAUMT514442000000003,staunton_va_metro_area__cbsa_metro,cbsa_metro,laus_unemployment_rate_nsa,003,NSA,percent,none,GOVERNED_REQUIRED,true
LAUMT514442000000004,staunton_va_metro_area__cbsa_metro,cbsa_metro,laus_unemployment_nsa,004,NSA,persons,none,GOVERNED_DIAGNOSTIC,false
LAUMT514442000000005,staunton_va_metro_area__cbsa_metro,cbsa_metro,laus_employment_nsa,005,NSA,persons,none,GOVERNED_REQUIRED,true
LAUMT514442000000006,staunton_va_metro_area__cbsa_metro,cbsa_metro,laus_labor_force_nsa,006,NSA,persons,none,GOVERNED_REQUIRED,true
LAUMT514726000000003,virginia_beach_va_metro_area__cbsa_metro,cbsa_metro,laus_unemployment_rate_nsa,003,NSA,percent,none,GOVERNED_REQUIRED,true
LAUMT514726000000004,virginia_beach_va_metro_area__cbsa_metro,cbsa_metro,laus_unemployment_nsa,004,NSA,persons,none,GOVERNED_DIAGNOSTIC,false
LAUMT514726000000005,virginia_beach_va_metro_area__cbsa_metro,cbsa_metro,laus_employment_nsa,005,NSA,persons,none,GOVERNED_REQUIRED,true
LAUMT514726000000006,virginia_beach_va_metro_area__cbsa_metro,cbsa_metro,laus_labor_force_nsa,006,NSA,persons,none,GOVERNED_REQUIRED,true
LAUMT514902000000003,winchester_va_metro_area__cbsa_metro,cbsa_metro,laus_unemployment_rate_nsa,003,NSA,percent,none,GOVERNED_REQUIRED,true
LAUMT514902000000004,winchester_va_metro_area__cbsa_metro,cbsa_metro,laus_unemployment_nsa,004,NSA,persons,none,GOVERNED_DIAGNOSTIC,false
LAUMT514902000000005,winchester_va_metro_area__cbsa_metro,cbsa_metro,laus_employment_nsa,005,NSA,persons,none,GOVERNED_REQUIRED,true
LAUMT514902000000006,winchester_va_metro_area__cbsa_metro,cbsa_metro,laus_labor_force_nsa,006,NSA,persons,none,GOVERNED_REQUIRED,true
LAUST060000000000003,california__state,state,laus_unemployment_rate_nsa,003,NSA,percent,none,GOVERNED_REQUIRED,true
LAUST060000000000004,california__state,state,laus_unemployment_nsa,004,NSA,persons,none,GOVERNED_DIAGNOSTIC,false
LAUST060000000000005,california__state,state,laus_employment_nsa,005,NSA,persons,none,GOVERNED_REQUIRED,true
LAUST060000000000006,california__state,state,laus_labor_force_nsa,006,NSA,persons,none,GOVERNED_REQUIRED,true
LAUST110000000000003,district_of_columbia__state,state,laus_unemployment_rate_nsa,003,NSA,percent,none,GOVERNED_REQUIRED,true
LAUST110000000000004,district_of_columbia__state,state,laus_unemployment_nsa,004,NSA,persons,none,GOVERNED_DIAGNOSTIC,false
LAUST110000000000005,district_of_columbia__state,state,laus_employment_nsa,005,NSA,persons,none,GOVERNED_REQUIRED,true
LAUST110000000000006,district_of_columbia__state,state,laus_labor_force_nsa,006,NSA,persons,none,GOVERNED_REQUIRED,true
LAUST240000000000003,maryland__state,state,laus_unemployment_rate_nsa,003,NSA,percent,none,GOVERNED_REQUIRED,true
LAUST240000000000004,maryland__state,state,laus_unemployment_nsa,004,NSA,persons,none,GOVERNED_DIAGNOSTIC,false
LAUST240000000000005,maryland__state,state,laus_employment_nsa,005,NSA,persons,none,GOVERNED_REQUIRED,true
LAUST240000000000006,maryland__state,state,laus_labor_force_nsa,006,NSA,persons,none,GOVERNED_REQUIRED,true
LAUST340000000000003,new_jersey__state,state,laus_unemployment_rate_nsa,003,NSA,percent,none,GOVERNED_REQUIRED,true
LAUST340000000000004,new_jersey__state,state,laus_unemployment_nsa,004,NSA,persons,none,GOVERNED_DIAGNOSTIC,false
LAUST340000000000005,new_jersey__state,state,laus_employment_nsa,005,NSA,persons,none,GOVERNED_REQUIRED,true
LAUST340000000000006,new_jersey__state,state,laus_labor_force_nsa,006,NSA,persons,none,GOVERNED_REQUIRED,true
LAUST510000000000003,virginia__state,state,laus_unemployment_rate_nsa,003,NSA,percent,none,GOVERNED_REQUIRED,true
LAUST510000000000004,virginia__state,state,laus_unemployment_nsa,004,NSA,persons,none,GOVERNED_DIAGNOSTIC,false
LAUST510000000000005,virginia__state,state,laus_employment_nsa,005,NSA,persons,none,GOVERNED_REQUIRED,true
LAUST510000000000006,virginia__state,state,laus_labor_force_nsa,006,NSA,persons,none,GOVERNED_REQUIRED,true
