candidate_id,geo_id,date,series_key,baseline_metric_score,challenger_metric_score,series_type,difference_challenger_minus_baseline,calendar_month
price_family_ma9_structural_linked,alameda_county_ca__county,2008-12-31,demand,0.98,0.98,axis_score,0.0,12
price_family_ma9_structural_linked,alameda_county_ca__county,2009-04-30,demand,-0.07444444444444444,-0.07444444444444444,axis_score,0.0,4
price_family_ma9_structural_linked,alameda_county_ca__county,2009-05-31,demand,-0.15081456456456455,-0.15081456456456455,axis_score,0.0,5
price_family_ma9_structural_linked,alameda_county_ca__county,2009-06-30,demand,0.13347278067541227,0.13347278067541227,axis_score,0.0,6
price_family_ma9_structural_linked,alameda_county_ca__county,2009-07-31,demand,0.45001272324956537,0.45001272324956537,axis_score,0.0,7
price_family_ma9_structural_linked,alameda_county_ca__county,2009-08-31,demand,-0.099821754084912,-0.099821754084912,axis_score,0.0,8
price_family_ma9_structural_linked,alameda_county_ca__county,2009-09-30,demand,0.21947216128971583,0.21947216128971583,axis_score,0.0,9
price_family_ma9_structural_linked,alameda_county_ca__county,2009-10-31,demand,0.158321768565671,0.158321768565671,axis_score,0.0,10
price_family_ma9_structural_linked,alameda_county_ca__county,2009-11-30,demand,0.20845454327190008,0.20845454327190008,axis_score,0.0,11
price_family_ma9_structural_linked,alameda_county_ca__county,2009-12-31,demand,-0.3418655362996212,-0.3418655362996212,axis_score,0.0,12
price_family_ma9_structural_linked,alameda_county_ca__county,2010-01-31,demand,0.07409159931061927,0.07409159931061927,axis_score,0.0,1
price_family_ma9_structural_linked,alameda_county_ca__county,2010-02-28,demand,0.008134101641221608,0.008134101641221608,axis_score,0.0,2
price_family_ma9_structural_linked,alameda_county_ca__county,2010-03-31,demand,0.019669984298144958,0.019669984298144958,axis_score,0.0,3
price_family_ma9_structural_linked,alameda_county_ca__county,2010-04-30,demand,-0.0912827674217321,-0.0912827674217321,axis_score,0.0,4
price_family_ma9_structural_linked,alameda_county_ca__county,2010-05-31,demand,0.12942325506392074,0.12942325506392074,axis_score,0.0,5
price_family_ma9_structural_linked,alameda_county_ca__county,2010-06-30,demand,-0.014807870493807348,-0.014807870493807348,axis_score,0.0,6
price_family_ma9_structural_linked,alameda_county_ca__county,2010-07-31,demand,0.060978616361459535,0.060978616361459535,axis_score,0.0,7
price_family_ma9_structural_linked,alameda_county_ca__county,2010-08-31,demand,0.007068778486053316,0.007068778486053316,axis_score,0.0,8
price_family_ma9_structural_linked,alameda_county_ca__county,2010-09-30,demand,0.38562971018479125,0.38562971018479125,axis_score,0.0,9
price_family_ma9_structural_linked,alameda_county_ca__county,2010-10-31,demand,0.021288580400498653,0.021288580400498653,axis_score,0.0,10
price_family_ma9_structural_linked,alameda_county_ca__county,2010-11-30,demand,0.09797836747157194,0.09797836747157194,axis_score,0.0,11
price_family_ma9_structural_linked,alameda_county_ca__county,2010-12-31,demand,0.41933124638115205,0.41933124638115205,axis_score,0.0,12
price_family_ma9_structural_linked,alameda_county_ca__county,2011-01-31,demand,-0.04362972706117341,-0.04362972706117341,axis_score,0.0,1
price_family_ma9_structural_linked,alameda_county_ca__county,2011-02-28,demand,0.21421507331446044,0.21421507331446044,axis_score,0.0,2
price_family_ma9_structural_linked,alameda_county_ca__county,2011-03-31,demand,0.28459293368582667,0.28459293368582667,axis_score,0.0,3
price_family_ma9_structural_linked,alameda_county_ca__county,2011-04-30,demand,0.21917436919528802,0.21917436919528802,axis_score,0.0,4
price_family_ma9_structural_linked,alameda_county_ca__county,2011-05-31,demand,0.3510322322804422,0.3510322322804422,axis_score,0.0,5
price_family_ma9_structural_linked,alameda_county_ca__county,2011-06-30,demand,0.19440053301455815,0.19440053301455815,axis_score,0.0,6
price_family_ma9_structural_linked,alameda_county_ca__county,2011-07-31,demand,0.42661368181406956,0.42661368181406956,axis_score,0.0,7
price_family_ma9_structural_linked,alameda_county_ca__county,2011-08-31,demand,0.4054836500585947,0.4054836500585947,axis_score,0.0,8
price_family_ma9_structural_linked,alameda_county_ca__county,2011-09-30,demand,0.48083185701440695,0.48083185701440695,axis_score,0.0,9
price_family_ma9_structural_linked,alameda_county_ca__county,2011-10-31,demand,0.4933317793317793,0.4933317793317793,axis_score,0.0,10
price_family_ma9_structural_linked,alameda_county_ca__county,2011-11-30,demand,0.47480198344193814,0.47480198344193814,axis_score,0.0,11
price_family_ma9_structural_linked,alameda_county_ca__county,2011-12-31,demand,0.4348606906945362,0.4348606906945362,axis_score,0.0,12
price_family_ma9_structural_linked,alameda_county_ca__county,2012-01-31,demand,0.20021915484476727,0.20021915484476727,axis_score,0.0,1
price_family_ma9_structural_linked,alameda_county_ca__county,2012-02-29,demand,0.5394781561913554,0.5394781561913554,axis_score,0.0,2
price_family_ma9_structural_linked,alameda_county_ca__county,2012-03-31,demand,0.4439579593853456,0.4439579593853456,axis_score,0.0,3
price_family_ma9_structural_linked,alameda_county_ca__county,2012-04-30,demand,0.3812068279631702,0.3812068279631702,axis_score,0.0,4
price_family_ma9_structural_linked,alameda_county_ca__county,2012-05-31,demand,0.4366844381942034,0.4366844381942034,axis_score,0.0,5
price_family_ma9_structural_linked,alameda_county_ca__county,2012-06-30,demand,0.37818389726752893,0.37818389726752893,axis_score,0.0,6
price_family_ma9_structural_linked,alameda_county_ca__county,2012-07-31,demand,0.5125999292330731,0.5125999292330731,axis_score,0.0,7
price_family_ma9_structural_linked,alameda_county_ca__county,2012-08-31,demand,0.28600729318638823,0.28600729318638823,axis_score,0.0,8
price_family_ma9_structural_linked,alameda_county_ca__county,2012-09-30,demand,0.5261890985654144,0.5261890985654144,axis_score,0.0,9
price_family_ma9_structural_linked,alameda_county_ca__county,2012-10-31,demand,0.4541928482190323,0.4541928482190323,axis_score,0.0,10
price_family_ma9_structural_linked,alameda_county_ca__county,2012-11-30,demand,0.40837573605707583,0.40837573605707583,axis_score,0.0,11
price_family_ma9_structural_linked,alameda_county_ca__county,2012-12-31,demand,0.6637984998260613,0.6637984998260613,axis_score,0.0,12
price_family_ma9_structural_linked,alameda_county_ca__county,2013-01-31,demand,0.4510607653889049,0.4510607653889049,axis_score,0.0,1
price_family_ma9_structural_linked,alameda_county_ca__county,2013-02-28,demand,0.6086963311253083,0.6086963311253083,axis_score,0.0,2
price_family_ma9_structural_linked,alameda_county_ca__county,2013-03-31,demand,0.5840118248030891,0.5840118248030891,axis_score,0.0,3
price_family_ma9_structural_linked,alameda_county_ca__county,2013-04-30,demand,0.5951693431900505,0.5951693431900505,axis_score,0.0,4
price_family_ma9_structural_linked,alameda_county_ca__county,2013-05-31,demand,0.5757000014304763,0.5757000014304763,axis_score,0.0,5
price_family_ma9_structural_linked,alameda_county_ca__county,2013-06-30,demand,0.40178710885141394,0.40178710885141394,axis_score,0.0,6
price_family_ma9_structural_linked,alameda_county_ca__county,2013-07-31,demand,0.5754700394196903,0.5754700394196903,axis_score,0.0,7
price_family_ma9_structural_linked,alameda_county_ca__county,2013-08-31,demand,0.4547010738662725,0.4547010738662725,axis_score,0.0,8
price_family_ma9_structural_linked,alameda_county_ca__county,2013-09-30,demand,0.5743579199895401,0.5743579199895401,axis_score,0.0,9
price_family_ma9_structural_linked,alameda_county_ca__county,2013-10-31,demand,0.3960307528452182,0.3960307528452182,axis_score,0.0,10
price_family_ma9_structural_linked,alameda_county_ca__county,2013-11-30,demand,0.5541283467974929,0.5541283467974929,axis_score,0.0,11
price_family_ma9_structural_linked,alameda_county_ca__county,2013-12-31,demand,0.3485531185098894,0.3485531185098894,axis_score,0.0,12
price_family_ma9_structural_linked,alameda_county_ca__county,2014-01-31,demand,0.34155737482813847,0.34155737482813847,axis_score,0.0,1
price_family_ma9_structural_linked,alameda_county_ca__county,2014-02-28,demand,0.5002016563108637,0.5002016563108637,axis_score,0.0,2
price_family_ma9_structural_linked,alameda_county_ca__county,2014-03-31,demand,0.44956853744233816,0.44956853744233816,axis_score,0.0,3
price_family_ma9_structural_linked,alameda_county_ca__county,2014-04-30,demand,0.39607309718512185,0.39607309718512185,axis_score,0.0,4
price_family_ma9_structural_linked,alameda_county_ca__county,2014-05-31,demand,0.5262091643649327,0.5262091643649327,axis_score,0.0,5
price_family_ma9_structural_linked,alameda_county_ca__county,2014-06-30,demand,0.45236586451868316,0.45236586451868316,axis_score,0.0,6
price_family_ma9_structural_linked,alameda_county_ca__county,2014-07-31,demand,0.5200127913690598,0.5200127913690598,axis_score,0.0,7
price_family_ma9_structural_linked,alameda_county_ca__county,2014-08-31,demand,0.42036064608851603,0.42036064608851603,axis_score,0.0,8
price_family_ma9_structural_linked,alameda_county_ca__county,2014-09-30,demand,0.5409053429327071,0.5409053429327071,axis_score,0.0,9
price_family_ma9_structural_linked,alameda_county_ca__county,2014-10-31,demand,0.6582311479056401,0.6582311479056401,axis_score,0.0,10
price_family_ma9_structural_linked,alameda_county_ca__county,2014-11-30,demand,0.596889293340581,0.596889293340581,axis_score,0.0,11
price_family_ma9_structural_linked,alameda_county_ca__county,2014-12-31,demand,0.6433143197399241,0.6608660725767979,axis_score,0.017551752836873713,12
price_family_ma9_structural_linked,alameda_county_ca__county,2015-01-31,demand,0.45548332646948186,0.5716050167884033,axis_score,0.11612169031892139,1
price_family_ma9_structural_linked,alameda_county_ca__county,2015-02-28,demand,0.598595515641947,0.6750268046404172,axis_score,0.07643128899847018,2
price_family_ma9_structural_linked,alameda_county_ca__county,2015-03-31,demand,0.7035105308155983,0.6503880755752092,axis_score,-0.053122455240389166,3
price_family_ma9_structural_linked,alameda_county_ca__county,2015-04-30,demand,0.6417079858265717,0.6773658223081255,axis_score,0.03565783648155374,4
price_family_ma9_structural_linked,alameda_county_ca__county,2015-05-31,demand,0.6231336012118969,0.6624269881209429,axis_score,0.039293386909046046,5
price_family_ma9_structural_linked,alameda_county_ca__county,2015-06-30,demand,0.4089865933773599,0.45471887140242534,axis_score,0.045732278025065465,6
price_family_ma9_structural_linked,alameda_county_ca__county,2015-07-31,demand,0.5158159180635358,0.5941751149652795,axis_score,0.07835919690174376,7
price_family_ma9_structural_linked,alameda_county_ca__county,2015-08-31,demand,0.4778134938276714,0.6487519481382188,axis_score,0.17093845431054738,8
price_family_ma9_structural_linked,alameda_county_ca__county,2015-09-30,demand,0.47498159842013177,0.6443755378140712,axis_score,0.16939393939393943,9
price_family_ma9_structural_linked,alameda_county_ca__county,2015-10-31,demand,0.49790935851377627,0.627694651052692,axis_score,0.1297852925389157,10
price_family_ma9_structural_linked,alameda_county_ca__county,2015-11-30,demand,0.3644879600959073,0.3767650183752783,axis_score,0.012277058279371034,11
price_family_ma9_structural_linked,alameda_county_ca__county,2015-12-31,demand,0.439474541930704,0.3770486574596068,axis_score,-0.062425884471097204,12
price_family_ma9_structural_linked,alameda_county_ca__county,2016-01-31,demand,0.5726992382057088,0.46325390808740047,axis_score,-0.10944533011830831,1
price_family_ma9_structural_linked,alameda_county_ca__county,2016-02-29,demand,0.6065722673409485,0.5272411529248717,axis_score,-0.07933111441607676,2
price_family_ma9_structural_linked,alameda_county_ca__county,2016-03-31,demand,0.45029729362764265,0.42026302957149075,axis_score,-0.030034264056151894,3
price_family_ma9_structural_linked,alameda_county_ca__county,2016-04-30,demand,0.39077984099386553,0.3853772025011946,axis_score,-0.005402638492670919,4
price_family_ma9_structural_linked,alameda_county_ca__county,2016-05-31,demand,0.47559884630963545,0.5239969471634854,axis_score,0.04839810085384999,5
price_family_ma9_structural_linked,alameda_county_ca__county,2016-06-30,demand,0.32832263533519834,0.40265587613480913,axis_score,0.07433324079961079,6
price_family_ma9_structural_linked,alameda_county_ca__county,2016-07-31,demand,0.46784744427248476,0.5211093699059363,axis_score,0.0532619256334515,7
price_family_ma9_structural_linked,alameda_county_ca__county,2016-08-31,demand,0.35094184782141197,0.32881556458084304,axis_score,-0.022126283240568922,8
price_family_ma9_structural_linked,alameda_county_ca__county,2016-09-30,demand,0.46605529253038014,0.431922784041749,axis_score,-0.03413250848863114,9
price_family_ma9_structural_linked,alameda_county_ca__county,2016-10-31,demand,0.3900465513310344,0.31267291203849495,axis_score,-0.07737363929253943,10
price_family_ma9_structural_linked,alameda_county_ca__county,2016-11-30,demand,0.3717755508628702,0.3592245293233288,axis_score,-0.012551021539541352,11
price_family_ma9_structural_linked,alameda_county_ca__county,2016-12-31,demand,0.25784099080878403,0.23600642994353044,axis_score,-0.021834560865253594,12
price_family_ma9_structural_linked,alameda_county_ca__county,2017-01-31,demand,0.21622310125487487,0.14234270416738765,axis_score,-0.07388039708748723,1
price_family_ma9_structural_linked,alameda_county_ca__county,2017-02-28,demand,0.34865673971115707,0.26077497157969537,axis_score,-0.0878817681314617,2
price_family_ma9_structural_linked,alameda_county_ca__county,2017-03-31,demand,0.30493900309288346,0.22443005204048963,axis_score,-0.08050895105239383,3
price_family_ma9_structural_linked,alameda_county_ca__county,2017-04-30,demand,0.20597586350508396,0.17356930424136868,axis_score,-0.03240655926371527,4
price_family_ma9_structural_linked,alameda_county_ca__county,2017-05-31,demand,0.2846371165468074,0.26097346812017336,axis_score,-0.023663648426634043,5
price_family_ma9_structural_linked,alameda_county_ca__county,2017-06-30,demand,0.17601742124975966,0.19032472474280634,axis_score,0.01430730349304668,6
price_family_ma9_structural_linked,alameda_county_ca__county,2017-07-31,demand,0.1945449311293907,0.22759391392996547,axis_score,0.03304898280057478,7
price_family_ma9_structural_linked,alameda_county_ca__county,2017-08-31,demand,0.12030076965333397,0.11976957619314463,axis_score,-0.0005311934601893442,8
price_family_ma9_structural_linked,alameda_county_ca__county,2017-09-30,demand,0.3669084728922954,0.32739983114603355,axis_score,-0.03950864174626184,9
price_family_ma9_structural_linked,alameda_county_ca__county,2017-10-31,demand,0.23020556485960442,0.17887764319630545,axis_score,-0.05132792166329897,10
price_family_ma9_structural_linked,alameda_county_ca__county,2017-11-30,demand,0.24475943138009146,0.23400885815976158,axis_score,-0.010750573220329879,11
price_family_ma9_structural_linked,alameda_county_ca__county,2017-12-31,demand,0.32093064611778155,0.2819844452721501,axis_score,-0.03894620084563144,12
price_family_ma9_structural_linked,alameda_county_ca__county,2018-01-31,demand,0.13958671373646278,0.10257561114068842,axis_score,-0.037011102595774364,1
price_family_ma9_structural_linked,alameda_county_ca__county,2018-02-28,demand,0.3047299017457108,0.2631725933281258,axis_score,-0.04155730841758498,2
price_family_ma9_structural_linked,alameda_county_ca__county,2018-03-31,demand,0.28221679274463174,0.22341452173897958,axis_score,-0.05880227100565216,3
price_family_ma9_structural_linked,alameda_county_ca__county,2018-04-30,demand,0.20456885981026815,0.16203230529661383,axis_score,-0.04253655451365432,4
price_family_ma9_structural_linked,alameda_county_ca__county,2018-05-31,demand,0.29674407408506787,0.3045034112391418,axis_score,0.007759337154073953,5
price_family_ma9_structural_linked,alameda_county_ca__county,2018-06-30,demand,0.15669916680541673,0.18843536323036764,axis_score,0.0317361964249509,6
price_family_ma9_structural_linked,alameda_county_ca__county,2018-07-31,demand,0.22241441470091994,0.3017902082273855,axis_score,0.07937579352646557,7
price_family_ma9_structural_linked,alameda_county_ca__county,2018-08-31,demand,0.059420269143177516,0.12167331944630799,axis_score,0.062253050303130476,8
price_family_ma9_structural_linked,alameda_county_ca__county,2018-09-30,demand,0.22870011710428215,0.23057052406323408,axis_score,0.0018704069589519368,9
price_family_ma9_structural_linked,alameda_county_ca__county,2018-10-31,demand,0.039854581950001335,0.054430031316141145,axis_score,0.01457544936613981,10
price_family_ma9_structural_linked,alameda_county_ca__county,2018-11-30,demand,0.10422233717324292,0.10763038611137263,axis_score,0.0034080489381297097,11
price_family_ma9_structural_linked,alameda_county_ca__county,2018-12-31,demand,0.0551438204691048,0.03862481308595235,axis_score,-0.01651900738315245,12
price_family_ma9_structural_linked,alameda_county_ca__county,2019-01-31,demand,-0.04700043232811688,-0.09329326768216316,axis_score,-0.046292835354046276,1
price_family_ma9_structural_linked,alameda_county_ca__county,2019-02-28,demand,0.22179013592522767,0.1351487032904982,axis_score,-0.08664143263472948,2
price_family_ma9_structural_linked,alameda_county_ca__county,2019-03-31,demand,0.09656936132555025,0.0016712131222257481,axis_score,-0.0948981482033245,3
price_family_ma9_structural_linked,alameda_county_ca__county,2019-04-30,demand,0.06779473350886361,0.0016971318111231246,axis_score,-0.06609760169774048,4
price_family_ma9_structural_linked,alameda_county_ca__county,2019-05-31,demand,0.07958010407778572,0.035894103089684076,axis_score,-0.043686000988101645,5
price_family_ma9_structural_linked,alameda_county_ca__county,2019-06-30,demand,0.030222683926903544,0.02341467899466719,axis_score,-0.0068080049322363535,6
price_family_ma9_structural_linked,alameda_county_ca__county,2019-07-31,demand,0.13961647311044556,0.12395458686748383,axis_score,-0.015661886242961734,7
price_family_ma9_structural_linked,alameda_county_ca__county,2019-08-31,demand,0.082237970413861,0.07238309407710061,axis_score,-0.009854876336760382,8
price_family_ma9_structural_linked,alameda_county_ca__county,2019-09-30,demand,0.21650070849539454,0.1868239115070261,axis_score,-0.029676796988368448,9
price_family_ma9_structural_linked,alameda_county_ca__county,2019-10-31,demand,0.06525457650190596,0.023430180708539698,axis_score,-0.04182439579336626,10
price_family_ma9_structural_linked,alameda_county_ca__county,2019-11-30,demand,0.07599602527411103,0.04361527819901831,axis_score,-0.032380747075092725,11
price_family_ma9_structural_linked,alameda_county_ca__county,2019-12-31,demand,0.14495870246797118,0.12318697952588048,axis_score,-0.021771722942090704,12
price_family_ma9_structural_linked,alameda_county_ca__county,2020-01-31,demand,0.01780085083536833,-4.230626870553589e-05,axis_score,-0.017843157104073866,1
price_family_ma9_structural_linked,alameda_county_ca__county,2020-02-29,demand,0.2895460877799339,0.206970822932331,axis_score,-0.08257526484760291,2
price_family_ma9_structural_linked,alameda_county_ca__county,2020-03-31,demand,-0.049000304714020046,-0.11096707293200174,axis_score,-0.061966768217981694,3
price_family_ma9_structural_linked,alameda_county_ca__county,2020-04-30,demand,-0.10678297942145554,-0.1476696767493413,axis_score,-0.040886697327885774,4
price_family_ma9_structural_linked,alameda_county_ca__county,2020-05-31,demand,-0.09178673050662198,-0.07297499160331689,axis_score,0.018811738903305092,5
price_family_ma9_structural_linked,alameda_county_ca__county,2020-06-30,demand,0.09067939786047799,0.0831765282450013,axis_score,-0.007502869615476693,6
price_family_ma9_structural_linked,alameda_county_ca__county,2020-07-31,demand,0.044388729920227354,0.060478734667368556,axis_score,0.0160900047471412,7
price_family_ma9_structural_linked,alameda_county_ca__county,2020-08-31,demand,0.048886375137635975,0.04164023524497226,axis_score,-0.0072461398926637124,8
price_family_ma9_structural_linked,alameda_county_ca__county,2020-09-30,demand,0.020882418634924658,0.008188750607553214,axis_score,-0.012693668027371444,9
price_family_ma9_structural_linked,alameda_county_ca__county,2020-10-31,demand,0.05399190877012498,0.05618694829679707,axis_score,0.0021950395266720837,10
price_family_ma9_structural_linked,alameda_county_ca__county,2020-11-30,demand,-0.022112567316627613,-0.03564986256905129,axis_score,-0.013537295252423677,11
price_family_ma9_structural_linked,alameda_county_ca__county,2020-12-31,demand,-0.21415416638881588,-0.2296941770144601,axis_score,-0.015540010625644224,12
price_family_ma9_structural_linked,alameda_county_ca__county,2021-01-31,demand,-0.2248875192721644,-0.3085942398817283,axis_score,-0.08370672060956388,1
price_family_ma9_structural_linked,alameda_county_ca__county,2021-02-28,demand,-0.0882410959179814,-0.17245824402750082,axis_score,-0.08421714810951941,2
price_family_ma9_structural_linked,alameda_county_ca__county,2021-03-31,demand,-0.11343177674181075,-0.1700883118447376,axis_score,-0.056656535102926855,3
price_family_ma9_structural_linked,alameda_county_ca__county,2021-04-30,demand,-0.0765788547263707,-0.07855660496786471,axis_score,-0.0019777502414940057,4
price_family_ma9_structural_linked,alameda_county_ca__county,2021-05-31,demand,0.1240711205499188,0.1333796259518279,axis_score,0.009308505401909098,5
price_family_ma9_structural_linked,alameda_county_ca__county,2021-06-30,demand,-0.07891939208948359,-0.024867034638349883,axis_score,0.05405235745113371,6
price_family_ma9_structural_linked,alameda_county_ca__county,2021-07-31,demand,0.06366067561488417,0.10932934701420685,axis_score,0.04566867139932268,7
price_family_ma9_structural_linked,alameda_county_ca__county,2021-08-31,demand,-0.05117792121033867,0.0017133409478518186,axis_score,0.05289126215819049,8
price_family_ma9_structural_linked,alameda_county_ca__county,2021-09-30,demand,-0.030721321202386524,0.04926264351615581,axis_score,0.07998396471854233,9
price_family_ma9_structural_linked,alameda_county_ca__county,2021-10-31,demand,-0.02422170439143736,-0.002775368974711409,axis_score,0.02144633541672595,10
price_family_ma9_structural_linked,alameda_county_ca__county,2021-11-30,demand,0.07881163990737422,0.10241733481137444,axis_score,0.02360569490400022,11
price_family_ma9_structural_linked,alameda_county_ca__county,2021-12-31,demand,0.13480672360692014,0.1923074061529249,axis_score,0.05750068254600477,12
price_family_ma9_structural_linked,alameda_county_ca__county,2022-01-31,demand,0.06980473879306476,0.07031957557990645,axis_score,0.0005148367868416936,1
price_family_ma9_structural_linked,alameda_county_ca__county,2022-02-28,demand,0.2590135416083273,0.19624199877362652,axis_score,-0.06277154283470077,2
price_family_ma9_structural_linked,alameda_county_ca__county,2022-03-31,demand,0.21416138543481783,0.16923198788428154,axis_score,-0.04492939755053629,3
price_family_ma9_structural_linked,alameda_county_ca__county,2022-04-30,demand,0.05761372696481394,0.0228973146861262,axis_score,-0.03471641227868774,4
price_family_ma9_structural_linked,alameda_county_ca__county,2022-05-31,demand,0.12188150463377365,0.1749772868669076,axis_score,0.053095782233133965,5
price_family_ma9_structural_linked,alameda_county_ca__county,2022-06-30,demand,-0.09230767732490859,0.00965419013953453,axis_score,0.10196186746444312,6
price_family_ma9_structural_linked,alameda_county_ca__county,2022-07-31,demand,-0.01732514780346874,0.07441574876376458,axis_score,0.09174089656723332,7
price_family_ma9_structural_linked,alameda_county_ca__county,2022-08-31,demand,-0.05108764966014952,0.0026559304439569,axis_score,0.05374358010410642,8
price_family_ma9_structural_linked,alameda_county_ca__county,2022-09-30,demand,-0.014137913979719516,-0.011081818056468962,axis_score,0.003056095923250554,9
price_family_ma9_structural_linked,alameda_county_ca__county,2022-10-31,demand,-0.10630494095715357,-0.13188254834888952,axis_score,-0.02557760739173595,10
price_family_ma9_structural_linked,alameda_county_ca__county,2022-11-30,demand,-0.13987649661639778,-0.14731157254559138,axis_score,-0.007435075929193596,11
price_family_ma9_structural_linked,alameda_county_ca__county,2022-12-31,demand,-0.05913573387731254,-0.07114318883877153,axis_score,-0.012007454961458996,12
price_family_ma9_structural_linked,alameda_county_ca__county,2023-01-31,demand,-0.15275413773936347,-0.209750142030058,axis_score,-0.05699600429069454,1
price_family_ma9_structural_linked,alameda_county_ca__county,2023-02-28,demand,-0.03387405175625763,-0.12950648418869007,axis_score,-0.09563243243243244,2
price_family_ma9_structural_linked,alameda_county_ca__county,2023-03-31,demand,-0.015513426098291292,-0.10545152133638655,axis_score,-0.08993809523809526,3
price_family_ma9_structural_linked,alameda_county_ca__county,2023-04-30,demand,-0.0963426129031446,-0.13416650670845434,axis_score,-0.03782389380530975,4
price_family_ma9_structural_linked,alameda_county_ca__county,2023-05-31,demand,-0.11242190641323788,-0.17510523974657122,axis_score,-0.06268333333333334,5
price_family_ma9_structural_linked,alameda_county_ca__county,2023-06-30,demand,-0.20452714936983937,-0.24383367110896983,axis_score,-0.03930652173913046,6
price_family_ma9_structural_linked,alameda_county_ca__county,2023-07-31,demand,-0.060906983600436615,-0.08533133885978174,axis_score,-0.024424355259345124,7
price_family_ma9_structural_linked,alameda_county_ca__county,2023-08-31,demand,-0.1985225066904928,-0.18343276310074919,axis_score,0.015089743589743604,8
price_family_ma9_structural_linked,alameda_county_ca__county,2023-09-30,demand,-0.05314808600373237,-0.09883735154045553,axis_score,-0.04568926553672316,9
price_family_ma9_structural_linked,alameda_county_ca__county,2023-10-31,demand,-0.21830875459327267,-0.1813437685988749,axis_score,0.036964985994397764,10
price_family_ma9_structural_linked,alameda_county_ca__county,2023-11-30,demand,-0.03228112231515888,-0.030197788981825555,axis_score,0.002083333333333326,11
price_family_ma9_structural_linked,alameda_county_ca__county,2023-12-31,demand,-0.2631995686790538,-0.26379956867905385,axis_score,-0.0006000000000000449,12
price_family_ma9_structural_linked,alameda_county_ca__county,2024-01-31,demand,-0.25742112400955075,-0.28650445734288404,axis_score,-0.029083333333333294,1
price_family_ma9_structural_linked,alameda_county_ca__county,2024-02-29,demand,-0.12417688591546445,-0.2396768859154645,axis_score,-0.11550000000000003,2
price_family_ma9_structural_linked,alameda_county_ca__county,2024-03-31,demand,-0.12005392175226134,-0.2136372550855947,axis_score,-0.09358333333333335,3
price_family_ma9_structural_linked,alameda_county_ca__county,2024-04-30,demand,-0.1802165043344452,-0.26338317100111186,axis_score,-0.08316666666666667,4
price_family_ma9_structural_linked,alameda_county_ca__county,2024-05-31,demand,-0.19319687043850203,-0.2090302037718354,axis_score,-0.015833333333333366,5
price_family_ma9_structural_linked,alameda_county_ca__county,2024-06-30,demand,-0.2442489712677292,-0.22249897126772922,axis_score,0.02174999999999999,6
price_family_ma9_structural_linked,alameda_county_ca__county,2024-07-31,demand,-0.183762634604483,-0.12517930127114968,axis_score,0.05858333333333332,7
price_family_ma9_structural_linked,alameda_county_ca__county,2024-08-31,demand,-0.2720796475409121,-0.24824631420757876,axis_score,0.023833333333333317,8
price_family_ma9_structural_linked,alameda_county_ca__county,2024-09-30,demand,-0.09598150208007977,-0.10853150208007975,axis_score,-0.012549999999999978,9
price_family_ma9_structural_linked,alameda_county_ca__county,2024-10-31,demand,-0.2502030157808985,-0.22716968244756516,axis_score,0.023033333333333322,10
price_family_ma9_structural_linked,alameda_county_ca__county,2024-11-30,demand,-0.23974087141140923,-0.22362420474474254,axis_score,0.016116666666666696,11
price_family_ma9_structural_linked,alameda_county_ca__county,2024-12-31,demand,-0.04189045594053165,-0.03949045594053168,axis_score,0.0023999999999999716,12
price_family_ma9_structural_linked,alameda_county_ca__county,2025-01-31,demand,-0.08477373676043443,-0.09420707009376775,axis_score,-0.009433333333333321,1
price_family_ma9_structural_linked,alameda_county_ca__county,2025-02-28,demand,0.0680976001360424,-0.01468573319729094,axis_score,-0.08278333333333333,2
price_family_ma9_structural_linked,alameda_county_ca__county,2025-03-31,demand,0.07658425996376997,0.019750926630436635,axis_score,-0.05683333333333333,3
price_family_ma9_structural_linked,alameda_county_ca__county,2025-04-30,demand,-0.13140977505234402,-0.12565977505234405,axis_score,0.005749999999999977,4
price_family_ma9_structural_linked,alameda_county_ca__county,2025-05-31,demand,-0.06705265589496455,-0.09305265589496456,axis_score,-0.02600000000000001,5
price_family_ma9_structural_linked,alameda_county_ca__county,2025-06-30,demand,-0.10846595901530269,-0.09663262568196936,axis_score,0.011833333333333335,6
price_family_ma9_structural_linked,alameda_county_ca__county,2025-07-31,demand,-0.030241117145702462,-0.03707445047903578,axis_score,-0.006833333333333316,7
price_family_ma9_structural_linked,alameda_county_ca__county,2025-08-31,demand,-0.09378313264915603,-0.11786646598248937,axis_score,-0.024083333333333345,8
price_family_ma9_structural_linked,alameda_county_ca__county,2025-09-30,demand,0.09630380831066727,0.0378871416440006,axis_score,-0.05841666666666667,9
price_family_ma9_structural_linked,alameda_county_ca__county,2025-10-31,demand,0.09488248885120112,0.06313248885120114,axis_score,-0.03174999999999999,10
price_family_ma9_structural_linked,alameda_county_ca__county,2025-11-30,demand,-0.04268682615808024,-0.030886826158080236,axis_score,0.011800000000000005,11
price_family_ma9_structural_linked,alameda_county_ca__county,2025-12-31,demand,-0.029174055730344553,-0.06417405573034454,axis_score,-0.03499999999999999,12
price_family_ma9_structural_linked,alameda_county_ca__county,2026-01-31,demand,-0.19655622985070864,-0.21563956318404193,axis_score,-0.019083333333333286,1
price_family_ma9_structural_linked,alameda_county_ca__county,2026-02-28,demand,0.06031327763785152,-0.021670055695481832,axis_score,-0.08198333333333335,2
price_family_ma9_structural_linked,alameda_county_ca__county,2026-03-31,demand,-0.05687813288218513,-0.10987813288218512,axis_score,-0.05299999999999999,3
price_family_ma9_structural_linked,alameda_county_ca__county,2026-04-30,demand,-0.09310112812789052,-0.14268446146122382,axis_score,-0.0495833333333333,4
price_family_ma9_structural_linked,alameda_county_ca__county,2026-05-31,demand,-0.13048153350086775,-0.12898153350086775,axis_score,0.0015000000000000013,5
price_family_ma9_structural_linked,alameda_county_ca__county,2026-06-30,demand,-0.12300376883135514,-0.12150376883135514,axis_score,0.0015000000000000013,6
price_family_ma9_structural_linked,alameda_county_ca__county,2026-07-31,demand,-0.11872529483477154,-0.11722529483477154,axis_score,0.0015000000000000013,7
price_family_ma9_structural_linked,alameda_county_ca__county,2015-11-30,affordability,-0.6944444444444445,-0.98,dimension_score,-0.28555555555555545,11
price_family_ma9_structural_linked,alameda_county_ca__county,2015-12-31,affordability,0.11776061776061775,-0.7297297297297297,dimension_score,-0.8474903474903475,12
price_family_ma9_structural_linked,alameda_county_ca__county,2016-01-31,affordability,0.2373501320869742,-0.6052631578947368,dimension_score,-0.842613289981711,1
price_family_ma9_structural_linked,alameda_county_ca__county,2016-02-29,affordability,0.1742818584923849,-0.06532356532356534,dimension_score,-0.23960542381595024,2
price_family_ma9_structural_linked,alameda_county_ca__county,2016-03-31,affordability,-0.2934981684981685,-0.14382239382239384,dimension_score,0.14967577467577467,3
price_family_ma9_structural_linked,alameda_county_ca__county,2016-04-30,affordability,-0.6458188153310105,-0.14817531633962952,dimension_score,0.49764349899138094,4
price_family_ma9_structural_linked,alameda_county_ca__county,2016-05-31,affordability,-0.7375062220009955,-0.3615907901622188,dimension_score,0.3759154318387767,5
price_family_ma9_structural_linked,alameda_county_ca__county,2016-06-30,affordability,-0.30185097294731844,-0.4388704318936877,dimension_score,-0.13701945894636924,6
price_family_ma9_structural_linked,alameda_county_ca__county,2016-07-31,affordability,-0.34604349139232865,-0.41273360785555907,dimension_score,-0.06669011646323042,7
price_family_ma9_structural_linked,alameda_county_ca__county,2016-08-31,affordability,-0.13997113997113994,-0.4399092970521541,dimension_score,-0.2999381570810141,8
price_family_ma9_structural_linked,alameda_county_ca__county,2016-09-30,affordability,0.1276742581090408,-0.44821609128990325,dimension_score,-0.575890349398944,9
price_family_ma9_structural_linked,alameda_county_ca__county,2016-10-31,affordability,-0.4039910136117352,-0.5298424979276043,dimension_score,-0.12585148431586912,10
price_family_ma9_structural_linked,alameda_county_ca__county,2016-11-30,affordability,-0.6217641843971631,-0.3256944444444444,dimension_score,0.2960697399527187,11
price_family_ma9_structural_linked,alameda_county_ca__county,2016-12-31,affordability,0.6165126861555433,0.07805702774646878,dimension_score,-0.5384556584090745,12
price_family_ma9_structural_linked,alameda_county_ca__county,2017-01-31,affordability,0.47675617615467236,0.17051511758118695,dimension_score,-0.3062410585734854,1
price_family_ma9_structural_linked,alameda_county_ca__county,2017-02-28,affordability,-0.005441930618401217,0.17831825037707394,dimension_score,0.18376018099547514,2
price_family_ma9_structural_linked,alameda_county_ca__county,2017-03-31,affordability,-0.4240120663650075,0.01065149136577706,dimension_score,0.4346635577307846,3
price_family_ma9_structural_linked,alameda_county_ca__county,2017-04-30,affordability,-0.4296222875146023,0.00462770363552692,dimension_score,0.4342499911501292,4
price_family_ma9_structural_linked,alameda_county_ca__county,2017-05-31,affordability,0.026684636118598393,-0.0287737317149082,dimension_score,-0.05545836783350659,5
price_family_ma9_structural_linked,alameda_county_ca__county,2017-06-30,affordability,-0.6763049095607235,-0.16740933485119538,dimension_score,0.5088955747095282,6
price_family_ma9_structural_linked,alameda_county_ca__county,2017-07-31,affordability,-0.37535714285714283,-0.4082700318549375,dimension_score,-0.032912888997794654,7
price_family_ma9_structural_linked,alameda_county_ca__county,2017-08-31,affordability,-0.11927318295739345,-0.3664717348927875,dimension_score,-0.24719855193539406,8
price_family_ma9_structural_linked,alameda_county_ca__county,2017-09-30,affordability,0.004138720113627425,-0.3738408068692926,dimension_score,-0.37797952698292003,9
price_family_ma9_structural_linked,alameda_county_ca__county,2017-10-31,affordability,-0.6360558090950919,-0.46914120859306585,dimension_score,0.166914600502026,10
price_family_ma9_structural_linked,alameda_county_ca__county,2017-11-30,affordability,-0.28541666666666665,-0.4618859649122807,dimension_score,-0.17646929824561403,11
price_family_ma9_structural_linked,alameda_county_ca__county,2017-12-31,affordability,0.08149659863945578,-0.012085693519917826,dimension_score,-0.09358229215937361,12
price_family_ma9_structural_linked,alameda_county_ca__county,2018-01-31,affordability,0.24273717609730303,-0.04965117550574087,dimension_score,-0.2923883516030439,1
price_family_ma9_structural_linked,alameda_county_ca__county,2018-02-28,affordability,-0.17760007228697933,-0.2710737628384687,dimension_score,-0.09347369055148935,2
price_family_ma9_structural_linked,alameda_county_ca__county,2018-03-31,affordability,-0.5950629578754579,-0.4391046658259773,dimension_score,0.15595829204948064,3
price_family_ma9_structural_linked,alameda_county_ca__county,2018-04-30,affordability,-0.6945917997097242,-0.4882815206704434,dimension_score,0.2063102790392808,4
price_family_ma9_structural_linked,alameda_county_ca__county,2018-05-31,affordability,-0.741025641025641,-0.6097186147186148,dimension_score,0.13130702630702618,5
price_family_ma9_structural_linked,alameda_county_ca__county,2018-06-30,affordability,-0.7287878787878788,-0.7120047489823609,dimension_score,0.016783129805517882,6
price_family_ma9_structural_linked,alameda_county_ca__county,2018-07-31,affordability,-0.3683227768719427,-0.6858985132514545,dimension_score,-0.31757573637951175,7
price_family_ma9_structural_linked,alameda_county_ca__county,2018-08-31,affordability,-0.4640687396239961,-0.6700637958532696,dimension_score,-0.2059950562292735,8
price_family_ma9_structural_linked,alameda_county_ca__county,2018-09-30,affordability,-0.3109231098736346,-0.5898713329902212,dimension_score,-0.2789482231165866,9
price_family_ma9_structural_linked,alameda_county_ca__county,2018-10-31,affordability,-0.3598049312826109,-0.5996709870388833,dimension_score,-0.23986605575627246,10
price_family_ma9_structural_linked,alameda_county_ca__county,2018-11-30,affordability,-0.19985133020344284,-0.5742753623188406,dimension_score,-0.37442403211539776,11
price_family_ma9_structural_linked,alameda_county_ca__county,2018-12-31,affordability,0.4254416498240886,-0.18040486349491514,dimension_score,-0.6058465133190037,12
price_family_ma9_structural_linked,alameda_county_ca__county,2019-01-31,affordability,0.5615417228983292,-0.08506268649385415,dimension_score,-0.6466044093921833,1
price_family_ma9_structural_linked,alameda_county_ca__county,2019-02-28,affordability,0.27289575289575296,0.10214285714285722,dimension_score,-0.17075289575289576,2
price_family_ma9_structural_linked,alameda_county_ca__county,2019-03-31,affordability,0.11429276315789473,0.2375833633741889,dimension_score,0.12329060021629416,3
price_family_ma9_structural_linked,alameda_county_ca__county,2019-04-30,affordability,0.21916977759083028,0.31191835191835193,dimension_score,0.09274857432752165,4
price_family_ma9_structural_linked,alameda_county_ca__county,2019-05-31,affordability,0.08178488178488177,0.3457296037296037,dimension_score,0.26394472194472196,5
price_family_ma9_structural_linked,alameda_county_ca__county,2019-06-30,affordability,0.18121030679126277,0.41159774080960954,dimension_score,0.23038743401834677,6
price_family_ma9_structural_linked,alameda_county_ca__county,2019-07-31,affordability,0.3150037230081907,0.3820855614973262,dimension_score,0.06708183848913551,7
price_family_ma9_structural_linked,alameda_county_ca__county,2019-08-31,affordability,0.47900563607085345,0.38722077707584956,dimension_score,-0.09178485899500388,8
price_family_ma9_structural_linked,alameda_county_ca__county,2019-09-30,affordability,0.5724540800963565,0.33286111233625904,dimension_score,-0.23959296776009742,9
price_family_ma9_structural_linked,alameda_county_ca__county,2019-10-31,affordability,0.21573259716985424,0.18331791956558635,dimension_score,-0.03241467760426789,10
price_family_ma9_structural_linked,alameda_county_ca__county,2019-11-30,affordability,0.6134825014343086,0.11860670194003524,dimension_score,-0.49487579949427335,11
price_family_ma9_structural_linked,alameda_county_ca__county,2019-12-31,affordability,0.6974924216261846,0.6310194375110553,dimension_score,-0.06647298411512936,12
price_family_ma9_structural_linked,alameda_county_ca__county,2020-01-31,affordability,0.7247909195104818,0.6710207265264704,dimension_score,-0.05377019298401142,1
price_family_ma9_structural_linked,alameda_county_ca__county,2020-02-29,affordability,0.4704089815557338,0.7214220032840724,dimension_score,0.25101302172833856,2
price_family_ma9_structural_linked,alameda_county_ca__county,2020-03-31,affordability,0.3510339327943683,0.6518181818181819,dimension_score,0.30078424902381357,3
price_family_ma9_structural_linked,alameda_county_ca__county,2020-04-30,affordability,-0.010535531883846483,0.5978732790595869,dimension_score,0.6084088109434334,4
price_family_ma9_structural_linked,alameda_county_ca__county,2020-05-31,affordability,0.6509075194468452,0.5561450044208665,dimension_score,-0.09476251502597877,5
price_family_ma9_structural_linked,alameda_county_ca__county,2020-06-30,affordability,0.17907883958516868,0.48580248865058995,dimension_score,0.30672364906542127,6
price_family_ma9_structural_linked,alameda_county_ca__county,2020-07-31,affordability,0.40225573339703774,0.4678242550073278,dimension_score,0.06556852161029009,7
price_family_ma9_structural_linked,alameda_county_ca__county,2020-08-31,affordability,0.07850760999428598,0.3750537634408602,dimension_score,0.29654615344657426,8
price_family_ma9_structural_linked,alameda_county_ca__county,2020-09-30,affordability,0.020824893561221136,0.28760984733999784,dimension_score,0.2667849537787767,9
price_family_ma9_structural_linked,alameda_county_ca__county,2020-10-31,affordability,0.2999109540063951,0.14107827189765926,dimension_score,-0.15883268210873586,10
price_family_ma9_structural_linked,alameda_county_ca__county,2020-11-30,affordability,0.0331970551378446,0.0606614823348694,dimension_score,0.0274644271970248,11
price_family_ma9_structural_linked,alameda_county_ca__county,2020-12-31,affordability,-0.2007486860723671,-0.2776395752422487,dimension_score,-0.0768908891698816,12
price_family_ma9_structural_linked,alameda_county_ca__county,2021-01-31,affordability,-0.05895052818538116,-0.2936829615567158,dimension_score,-0.23473243337133465,1
price_family_ma9_structural_linked,alameda_county_ca__county,2021-02-28,affordability,-0.47242232316123944,-0.41148554510623475,dimension_score,0.06093677805500469,2
price_family_ma9_structural_linked,alameda_county_ca__county,2021-03-31,affordability,-0.7712373737373737,-0.5021157450796626,dimension_score,0.26912162865771105,3
price_family_ma9_structural_linked,alameda_county_ca__county,2021-04-30,affordability,-0.90410846590277,-0.650222369290357,dimension_score,0.253886096612413,4
price_family_ma9_structural_linked,alameda_county_ca__county,2021-05-31,affordability,-0.8549295282469422,-0.7437938205585264,dimension_score,0.11113570768841585,5
price_family_ma9_structural_linked,alameda_county_ca__county,2021-06-30,affordability,-0.7219482849151609,-0.7954675130694548,dimension_score,-0.0735192281542939,6
price_family_ma9_structural_linked,alameda_county_ca__county,2021-07-31,affordability,-0.6988542715199533,-0.7936502036491274,dimension_score,-0.09479593212917414,7
price_family_ma9_structural_linked,alameda_county_ca__county,2021-08-31,affordability,-0.6712170625073851,-0.8209962049335863,dimension_score,-0.14977914242620116,8
price_family_ma9_structural_linked,alameda_county_ca__county,2021-09-30,affordability,-0.5332199728546577,-0.8428208930791627,dimension_score,-0.309600920224505,9
price_family_ma9_structural_linked,alameda_county_ca__county,2021-10-31,affordability,-0.736023721797882,-0.899533467024859,dimension_score,-0.16350974522697703,10
price_family_ma9_structural_linked,alameda_county_ca__county,2021-11-30,affordability,-0.548937781239183,-0.8886375661375662,dimension_score,-0.33969978489838315,11
price_family_ma9_structural_linked,alameda_county_ca__county,2021-12-31,affordability,-0.16638958072798982,-0.5909796937375194,dimension_score,-0.42459011300952954,12
price_family_ma9_structural_linked,alameda_county_ca__county,2022-01-31,affordability,-0.5601274871917075,-0.5903264959339726,dimension_score,-0.03019900874226511,1
price_family_ma9_structural_linked,alameda_county_ca__county,2022-02-28,affordability,-0.887972972972973,-0.6327372827372827,dimension_score,0.25523569023569026,2
price_family_ma9_structural_linked,alameda_county_ca__county,2022-03-31,affordability,-0.8951711711711712,-0.7399832896461336,dimension_score,0.1551878815250376,3
price_family_ma9_structural_linked,alameda_county_ca__county,2022-04-30,affordability,-0.9243917963224894,-0.792073034737102,dimension_score,0.13231876158538736,4
price_family_ma9_structural_linked,alameda_county_ca__county,2022-05-31,affordability,-0.7311957313899011,-0.8195442501324854,dimension_score,-0.08834851874258431,5
price_family_ma9_structural_linked,alameda_county_ca__county,2022-06-30,affordability,-0.5517616804781054,-0.8406927877947296,dimension_score,-0.2889311073166242,6
price_family_ma9_structural_linked,alameda_county_ca__county,2022-07-31,affordability,-0.3037608119017414,-0.7974625595643294,dimension_score,-0.493701747662588,7
price_family_ma9_structural_linked,alameda_county_ca__county,2022-08-31,affordability,-0.20322470632815462,-0.6546234175181543,dimension_score,-0.45139871118999975,8
price_family_ma9_structural_linked,alameda_county_ca__county,2022-09-30,affordability,-0.3754022095944066,-0.6763519278096801,dimension_score,-0.3009497182152735,9
price_family_ma9_structural_linked,alameda_county_ca__county,2022-10-31,affordability,-0.6458962551597544,-0.6560460844344184,dimension_score,-0.010149829274664013,10
price_family_ma9_structural_linked,alameda_county_ca__county,2022-11-30,affordability,-0.24589169000933703,-0.6152905982905983,dimension_score,-0.36939890828126126,11
price_family_ma9_structural_linked,alameda_county_ca__county,2022-12-31,affordability,0.15645565749235468,-0.17183317783652102,dimension_score,-0.3282888353288757,12
price_family_ma9_structural_linked,alameda_county_ca__county,2023-01-31,affordability,0.2004848484848485,-0.11912121212121218,dimension_score,-0.31960606060606067,1
price_family_ma9_structural_linked,alameda_county_ca__county,2023-02-28,affordability,0.1947027027027027,-0.02862162162162163,dimension_score,-0.22332432432432434,2
price_family_ma9_structural_linked,alameda_county_ca__county,2023-03-31,affordability,-0.21978571428571428,0.02033333333333337,dimension_score,0.24011904761904765,3
price_family_ma9_structural_linked,alameda_county_ca__county,2023-04-30,affordability,-0.0920132743362832,0.16374778761061945,dimension_score,0.2557610619469026,4
price_family_ma9_structural_linked,alameda_county_ca__county,2023-05-31,affordability,-0.27846491228070175,0.0927017543859649,dimension_score,0.37116666666666664,5
price_family_ma9_structural_linked,alameda_county_ca__county,2023-06-30,affordability,-0.06010869565217386,-0.020173913043478334,dimension_score,0.03993478260869553,6
price_family_ma9_structural_linked,alameda_county_ca__county,2023-07-31,affordability,-0.25215517241379315,-0.10998275862068971,dimension_score,0.14217241379310344,7
price_family_ma9_structural_linked,alameda_county_ca__county,2023-08-31,affordability,-0.265,-0.1816025641025641,dimension_score,0.08339743589743592,8
price_family_ma9_structural_linked,alameda_county_ca__county,2023-09-30,affordability,-0.5084180790960452,-0.20281073446327685,dimension_score,0.30560734463276834,9
price_family_ma9_structural_linked,alameda_county_ca__county,2023-10-31,affordability,-0.14932072829131648,-0.27717086834733895,dimension_score,-0.12785014005602247,10
price_family_ma9_structural_linked,alameda_county_ca__county,2023-11-30,affordability,-0.31500000000000006,-0.3441666666666667,dimension_score,-0.02916666666666662,11
price_family_ma9_structural_linked,alameda_county_ca__county,2023-12-31,affordability,-0.08249999999999995,-0.43750000000000006,dimension_score,-0.3550000000000001,12
price_family_ma9_structural_linked,alameda_county_ca__county,2024-01-31,affordability,0.04166666666666666,-0.3066666666666667,dimension_score,-0.3483333333333334,1
price_family_ma9_structural_linked,alameda_county_ca__county,2024-02-29,affordability,-0.8321666666666667,-0.37666666666666665,dimension_score,0.45550000000000007,2
price_family_ma9_structural_linked,alameda_county_ca__county,2024-03-31,affordability,-0.8325,-0.47583333333333333,dimension_score,0.3566666666666667,3
price_family_ma9_structural_linked,alameda_county_ca__county,2024-04-30,affordability,-0.8291666666666666,-0.6608333333333334,dimension_score,0.16833333333333322,4
price_family_ma9_structural_linked,alameda_county_ca__county,2024-05-31,affordability,-0.5808333333333333,-0.7341666666666666,dimension_score,-0.15333333333333332,5
price_family_ma9_structural_linked,alameda_county_ca__county,2024-06-30,affordability,-0.6583333333333332,-0.6908333333333333,dimension_score,-0.032500000000000084,6
price_family_ma9_structural_linked,alameda_county_ca__county,2024-07-31,affordability,-0.35,-0.6241666666666668,dimension_score,-0.2741666666666668,7
price_family_ma9_structural_linked,alameda_county_ca__county,2024-08-31,affordability,-0.04333333333333328,-0.44999999999999996,dimension_score,-0.4066666666666667,8
price_family_ma9_structural_linked,alameda_county_ca__county,2024-09-30,affordability,-0.2558333333333334,-0.34333333333333327,dimension_score,-0.08749999999999986,9
price_family_ma9_structural_linked,alameda_county_ca__county,2024-10-31,affordability,-0.29000000000000004,-0.3991666666666668,dimension_score,-0.10916666666666675,10
price_family_ma9_structural_linked,alameda_county_ca__county,2024-11-30,affordability,-0.46,-0.5783333333333334,dimension_score,-0.11833333333333335,11
price_family_ma9_structural_linked,alameda_county_ca__county,2024-12-31,affordability,0.3916666666666667,-0.0233333333333334,dimension_score,-0.41500000000000015,12
price_family_ma9_structural_linked,alameda_county_ca__county,2025-01-31,affordability,0.5549999999999999,0.10166666666666668,dimension_score,-0.45333333333333325,1
price_family_ma9_structural_linked,alameda_county_ca__county,2025-02-28,affordability,-0.20016666666666666,0.19499999999999995,dimension_score,0.3951666666666666,2
price_family_ma9_structural_linked,alameda_county_ca__county,2025-03-31,affordability,-0.29500000000000004,0.17916666666666664,dimension_score,0.4741666666666667,3
price_family_ma9_structural_linked,alameda_county_ca__county,2025-04-30,affordability,0.04166666666666666,0.15666666666666665,dimension_score,0.11499999999999999,4
price_family_ma9_structural_linked,alameda_county_ca__county,2025-05-31,affordability,-0.009166666666666684,0.08083333333333333,dimension_score,0.09000000000000001,5
price_family_ma9_structural_linked,alameda_county_ca__county,2025-06-30,affordability,0.19999999999999998,0.013333333333333336,dimension_score,-0.18666666666666665,6
price_family_ma9_structural_linked,alameda_county_ca__county,2025-07-31,affordability,0.4141666666666667,0.11333333333333338,dimension_score,-0.3008333333333333,7
price_family_ma9_structural_linked,alameda_county_ca__county,2025-08-31,affordability,0.385,0.20416666666666664,dimension_score,-0.18083333333333337,8
price_family_ma9_structural_linked,alameda_county_ca__county,2025-09-30,affordability,0.21583333333333332,0.21666666666666665,dimension_score,0.0008333333333333248,9
price_family_ma9_structural_linked,alameda_county_ca__county,2025-10-31,affordability,-0.0633333333333334,0.12666666666666662,dimension_score,0.19,10
price_family_ma9_structural_linked,alameda_county_ca__county,2025-11-30,affordability,0.5845,0.18500000000000003,dimension_score,-0.39949999999999997,11
price_family_ma9_structural_linked,alameda_county_ca__county,2025-12-31,affordability,0.5291666666666668,0.24666666666666665,dimension_score,-0.28250000000000014,12
price_family_ma9_structural_linked,alameda_county_ca__county,2026-01-31,affordability,0.3799999999999999,0.3966666666666667,dimension_score,0.01666666666666683,1
price_family_ma9_structural_linked,alameda_county_ca__county,2026-02-28,affordability,0.06666666666666668,0.45333333333333337,dimension_score,0.3866666666666667,2
price_family_ma9_structural_linked,alameda_county_ca__county,2026-03-31,affordability,-0.049166666666666706,0.3783333333333333,dimension_score,0.4275,3
price_family_ma9_structural_linked,alameda_county_ca__county,2026-04-30,affordability,0.0674999999999999,0.26166666666666655,dimension_score,0.19416666666666665,4
price_family_ma9_structural_linked,alameda_county_ca__county,2026-05-31,affordability,-0.6091666666666666,0.05333333333333329,dimension_score,0.6624999999999999,5
price_family_ma9_structural_linked,alameda_county_ca__county,2026-06-30,affordability,-0.6091666666666666,0.05333333333333329,dimension_score,0.6624999999999999,6
price_family_ma9_structural_linked,alameda_county_ca__county,2026-07-31,affordability,-0.6091666666666666,0.05333333333333329,dimension_score,0.6624999999999999,7
price_family_ma9_structural_linked,alameda_county_ca__county,2014-12-31,price,0.5555555555555556,,dimension_score,,12
price_family_ma9_structural_linked,alameda_county_ca__county,2015-01-31,price,-0.12512512512512514,,dimension_score,,1
price_family_ma9_structural_linked,alameda_county_ca__county,2015-02-28,price,0.21643907064959692,,dimension_score,,2
price_family_ma9_structural_linked,alameda_county_ca__county,2015-03-31,price,0.9691228070175437,,dimension_score,,3
price_family_ma9_structural_linked,alameda_county_ca__county,2015-04-30,price,0.46341880341880337,,dimension_score,,4
price_family_ma9_structural_linked,alameda_county_ca__county,2015-05-31,price,0.42666666666666664,,dimension_score,,5
price_family_ma9_structural_linked,alameda_county_ca__county,2015-06-30,price,0.18032520325203252,,dimension_score,,6
price_family_ma9_structural_linked,alameda_county_ca__county,2015-07-31,price,0.12401993355481723,,dimension_score,,7
price_family_ma9_structural_linked,alameda_county_ca__county,2015-08-31,price,-0.04563072586328398,0.98,dimension_score,1.025630725863284,8
price_family_ma9_structural_linked,alameda_county_ca__county,2015-09-30,price,-0.036363636363636404,0.98,dimension_score,1.0163636363636364,9
price_family_ma9_structural_linked,alameda_county_ca__county,2015-10-31,price,0.2012882447665056,0.98,dimension_score,0.7787117552334943,10
price_family_ma9_structural_linked,alameda_county_ca__county,2015-11-30,price,0.2581529448041936,0.5303703703703703,dimension_score,0.2722174255661767,11
price_family_ma9_structural_linked,alameda_county_ca__county,2015-12-31,price,-0.002334515366430298,0.1464864864864865,dimension_score,0.1488210018529168,12
price_family_ma9_structural_linked,alameda_county_ca__county,2016-01-31,price,0.033622908622908634,-0.13427043217800602,dimension_score,-0.16789334080091467,1
price_family_ma9_structural_linked,alameda_county_ca__county,2016-02-29,price,0.09413104189044036,-0.275006105006105,dimension_score,-0.36913714689654537,2
price_family_ma9_structural_linked,alameda_county_ca__county,2016-03-31,price,0.04900452488687779,-0.2510077519379845,dimension_score,-0.3000122768248623,3
price_family_ma9_structural_linked,alameda_county_ca__county,2016-04-30,price,0.19482352941176465,-0.1729563932002956,dimension_score,-0.3677799226120603,4
price_family_ma9_structural_linked,alameda_county_ca__county,2016-05-31,price,-0.04696435272045027,0.02507936507936507,dimension_score,0.07204371779981533,5
price_family_ma9_structural_linked,alameda_county_ca__county,2016-06-30,price,-0.4617849655585505,0.12511627906976744,dimension_score,0.5869012446283179,6
price_family_ma9_structural_linked,alameda_county_ca__county,2016-07-31,price,-0.2698426121681936,0.12969696969696967,dimension_score,0.39953958186516325,7
price_family_ma9_structural_linked,alameda_county_ca__county,2016-08-31,price,-0.40311688311688315,-0.3506666666666667,dimension_score,0.05245021645021647,8
price_family_ma9_structural_linked,alameda_county_ca__county,2016-09-30,price,-0.5387552213868003,-0.3823783783783784,dimension_score,0.15637684300842192,9
price_family_ma9_structural_linked,alameda_county_ca__county,2016-10-31,price,0.027699308240616505,-0.4042239641657336,dimension_score,-0.4319232724063501,10
price_family_ma9_structural_linked,alameda_county_ca__county,2016-11-30,price,-0.0774338759217578,-0.35848717948717945,dimension_score,-0.2810533035654217,11
price_family_ma9_structural_linked,alameda_county_ca__county,2016-12-31,price,-0.6196610169491525,-0.40625431711146,dimension_score,0.21340669983769256,12
price_family_ma9_structural_linked,alameda_county_ca__county,2017-01-31,price,-0.23520686963309914,-0.5235821445006903,dimension_score,-0.2883752748675912,1
price_family_ma9_structural_linked,alameda_county_ca__county,2017-02-28,price,0.15024643046007408,-0.5581388110799876,dimension_score,-0.7083852415400618,2
price_family_ma9_structural_linked,alameda_county_ca__county,2017-03-31,price,0.32161669829222006,-0.5048853472109287,dimension_score,-0.8265020455031488,3
price_family_ma9_structural_linked,alameda_county_ca__county,2017-04-30,price,0.10857631257631253,-0.39696740994854207,dimension_score,-0.5055437225248546,4
price_family_ma9_structural_linked,alameda_county_ca__county,2017-05-31,price,-0.13951088534107403,-0.2602962962962963,dimension_score,-0.12078541095522227,5
price_family_ma9_structural_linked,alameda_county_ca__county,2017-06-30,price,0.1761662781662782,-0.0677154150197629,dimension_score,-0.24388169318604108,6
price_family_ma9_structural_linked,alameda_county_ca__county,2017-07-31,price,-0.282894617819991,-0.04062613981762919,dimension_score,0.2422684780023618,7
price_family_ma9_structural_linked,alameda_county_ca__county,2017-08-31,price,-0.21525774488900037,-0.05400000000000002,dimension_score,0.16125774488900035,8
price_family_ma9_structural_linked,alameda_county_ca__county,2017-09-30,price,-0.05311616637501683,-0.0645207600281492,dimension_score,-0.011404593653132372,9
price_family_ma9_structural_linked,alameda_county_ca__county,2017-10-31,price,0.47780152780752483,0.02433898305084746,dimension_score,-0.45346254475667735,10
price_family_ma9_structural_linked,alameda_county_ca__county,2017-11-30,price,0.0641419363639464,0.11011764705882357,dimension_score,0.04597571069487717,11
price_family_ma9_structural_linked,alameda_county_ca__county,2017-12-31,price,0.2613489827856025,0.06409583858764187,dimension_score,-0.1972531441979606,12
price_family_ma9_structural_linked,alameda_county_ca__county,2018-01-31,price,-0.01911694987149741,-0.07093206610796385,dimension_score,-0.05181511623646644,1
price_family_ma9_structural_linked,alameda_county_ca__county,2018-02-28,price,0.1070571234071013,-0.1076758056758057,dimension_score,-0.214732929082907,2
price_family_ma9_structural_linked,alameda_county_ca__county,2018-03-31,price,0.40346460746460755,-0.09252272727272731,dimension_score,-0.49598733473733486,3
price_family_ma9_structural_linked,alameda_county_ca__county,2018-04-30,price,0.4876666666666667,0.06654945054945058,dimension_score,-0.4211172161172161,4
price_family_ma9_structural_linked,alameda_county_ca__county,2018-05-31,price,0.40150607287449397,0.3656969696969697,dimension_score,-0.03580910317752428,5
price_family_ma9_structural_linked,alameda_county_ca__county,2018-06-30,price,0.36916017316017313,0.5695460627895008,dimension_score,0.20038588962932768,6
price_family_ma9_structural_linked,alameda_county_ca__county,2018-07-31,price,-0.2151782470316383,0.5257108673978066,dimension_score,0.7408891144294449,7
price_family_ma9_structural_linked,alameda_county_ca__county,2018-08-31,price,-0.175770662695458,0.3765797101449275,dimension_score,0.5523503728403856,8
price_family_ma9_structural_linked,alameda_county_ca__county,2018-09-30,price,-0.069975845410628,0.12845901639344265,dimension_score,0.19843486180407066,9
price_family_ma9_structural_linked,alameda_county_ca__county,2018-10-31,price,-0.2801626016260163,-0.023082235347569327,dimension_score,0.257080366278447,10
price_family_ma9_structural_linked,alameda_county_ca__county,2018-11-30,price,-0.44459031591843157,-0.17225396825396827,dimension_score,0.2723363476644633,11
price_family_ma9_structural_linked,alameda_county_ca__county,2018-12-31,price,-0.6027156244023715,-0.3089446647440519,dimension_score,0.29377095965831956,12
price_family_ma9_structural_linked,alameda_county_ca__county,2019-01-31,price,-0.5897801312305744,-0.46732942732942734,dimension_score,0.12245070390114704,1
price_family_ma9_structural_linked,alameda_county_ca__county,2019-02-28,price,-0.1017828224941768,-0.5655571095571096,dimension_score,-0.4637742870629328,2
price_family_ma9_structural_linked,alameda_county_ca__county,2019-03-31,price,0.09680834001603847,-0.6180397148169877,dimension_score,-0.7148480548330262,3
price_family_ma9_structural_linked,alameda_county_ca__county,2019-04-30,price,-0.0995834020788649,-0.6020664629488159,dimension_score,-0.5024830608699511,4
price_family_ma9_structural_linked,alameda_county_ca__county,2019-05-31,price,-0.10923683058514516,-0.5764399851356374,dimension_score,-0.4672031545504923,5
price_family_ma9_structural_linked,alameda_county_ca__county,2019-06-30,price,-0.32210314030538745,-0.5210814625325276,dimension_score,-0.19897832222714018,6
price_family_ma9_structural_linked,alameda_county_ca__county,2019-07-31,price,-0.3331528106211651,-0.48228661123366706,dimension_score,-0.14913380061250198,7
price_family_ma9_structural_linked,alameda_county_ca__county,2019-08-31,price,-0.46938843764930727,-0.4738977072310406,dimension_score,-0.004509269581733311,8
price_family_ma9_structural_linked,alameda_county_ca__county,2019-09-30,price,-0.4082558481810469,-0.4463725162634382,dimension_score,-0.038116668082391336,9
price_family_ma9_structural_linked,alameda_county_ca__county,2019-10-31,price,-0.13062702624280875,-0.38784654646240524,dimension_score,-0.2572195202195965,10
price_family_ma9_structural_linked,alameda_county_ca__county,2019-11-30,price,-0.47644949338226367,-0.3624039408866995,dimension_score,0.11404555249556414,11
price_family_ma9_structural_linked,alameda_county_ca__county,2019-12-31,price,-0.3211434837092732,-0.4219729805797917,dimension_score,-0.10082949687051851,12
price_family_ma9_structural_linked,alameda_county_ca__county,2020-01-31,price,-0.4256236102688499,-0.5087311956400015,dimension_score,-0.0831075853711516,1
price_family_ma9_structural_linked,alameda_county_ca__county,2020-02-29,price,0.17629942410913052,-0.5415443560271147,dimension_score,-0.7178437801362452,2
price_family_ma9_structural_linked,alameda_county_ca__county,2020-03-31,price,0.11618080879164622,-0.49745381201077404,dimension_score,-0.6136346208024203,3
price_family_ma9_structural_linked,alameda_county_ca__county,2020-04-30,price,0.29802020202020196,-0.38016365412799213,dimension_score,-0.6781838561481941,4
price_family_ma9_structural_linked,alameda_county_ca__county,2020-05-31,price,-0.4774595616865057,-0.2888729589804859,dimension_score,0.1885866027060198,5
price_family_ma9_structural_linked,alameda_county_ca__county,2020-06-30,price,0.07248430725425486,-0.1820172562258706,dimension_score,-0.2545015634801254,6
price_family_ma9_structural_linked,alameda_county_ca__county,2020-07-31,price,-0.23174491603960476,-0.1681905654655234,dimension_score,0.06355435057408135,7
price_family_ma9_structural_linked,alameda_county_ca__county,2020-08-31,price,0.19476348345618086,-0.051241551459293364,dimension_score,-0.2460050349154742,8
price_family_ma9_structural_linked,alameda_county_ca__county,2020-09-30,price,0.2708966087675765,0.00841551939924906,dimension_score,-0.2624810893683274,9
price_family_ma9_structural_linked,alameda_county_ca__county,2020-10-31,price,-0.008389860641165335,0.11213219094247248,dimension_score,0.12052205158363782,10
price_family_ma9_structural_linked,alameda_county_ca__county,2020-11-30,price,0.23099503475670308,0.12243678160919537,dimension_score,-0.10855825314750771,11
price_family_ma9_structural_linked,alameda_county_ca__county,2020-12-31,price,0.12139477327795081,0.06905529522024367,dimension_score,-0.05233947805770714,12
price_family_ma9_structural_linked,alameda_county_ca__county,2021-01-31,price,0.3631607343653121,-0.038395780784223815,dimension_score,-0.40155651514953594,1
price_family_ma9_structural_linked,alameda_county_ca__county,2021-02-28,price,0.6275671222617487,0.025494949494949484,dimension_score,-0.6020721727667993,2
price_family_ma9_structural_linked,alameda_county_ca__county,2021-03-31,price,0.7467070707070707,0.18958241758241762,dimension_score,-0.557124653124653,3
price_family_ma9_structural_linked,alameda_county_ca__county,2021-04-30,price,0.7242882882882884,0.5418458889367197,dimension_score,-0.1824423993515687,4
price_family_ma9_structural_linked,alameda_county_ca__county,2021-05-31,price,0.7716011315417257,0.7595673624288425,dimension_score,-0.01203376911288323,5
price_family_ma9_structural_linked,alameda_county_ca__county,2021-06-30,price,0.3859357973277807,0.7952976657715348,dimension_score,0.4093618684437541,6
price_family_ma9_structural_linked,alameda_county_ca__county,2021-07-31,price,0.4342558337591551,0.8019109311740891,dimension_score,0.36765509741493396,7
price_family_ma9_structural_linked,alameda_county_ca__county,2021-08-31,price,0.3521102525660247,0.8045714285714287,dimension_score,0.45246117600540403,8
price_family_ma9_structural_linked,alameda_county_ca__county,2021-09-30,price,0.05174350553660895,0.7913705504765611,dimension_score,0.7396270449399522,9
price_family_ma9_structural_linked,alameda_county_ca__county,2021-10-31,price,0.5305142144924685,0.7824962807552929,dimension_score,0.2519820662628244,10
price_family_ma9_structural_linked,alameda_county_ca__county,2021-11-30,price,0.35997362518585757,0.7438114478114478,dimension_score,0.38383782262559024,11
price_family_ma9_structural_linked,alameda_county_ca__county,2021-12-31,price,-0.08265483971366325,0.5837431192660552,dimension_score,0.6663979589797184,12
price_family_ma9_structural_linked,alameda_county_ca__county,2022-01-31,price,0.32545871559633033,0.349023633336785,dimension_score,0.02356491774045466,1
price_family_ma9_structural_linked,alameda_county_ca__county,2022-02-28,price,0.8335757575757576,0.2449416785206259,dimension_score,-0.5886340790551318,2
price_family_ma9_structural_linked,alameda_county_ca__county,2022-03-31,price,0.6874414414414414,0.28445353675450763,dimension_score,-0.40298790468693374,3
price_family_ma9_structural_linked,alameda_county_ca__county,2022-04-30,price,0.7724285714285715,0.45277331518039476,dimension_score,-0.3196552562481767,4
price_family_ma9_structural_linked,alameda_county_ca__county,2022-05-31,price,0.14824188790560475,0.5611127819548872,dimension_score,0.41287089404928246,5
price_family_ma9_structural_linked,alameda_county_ca__county,2022-06-30,price,-0.27026315789473687,0.6021033634126334,dimension_score,0.8723665213073702,6
price_family_ma9_structural_linked,alameda_county_ca__county,2022-07-31,price,-0.5026521739130435,0.4380883016435707,dimension_score,0.9407404755566142,7
price_family_ma9_structural_linked,alameda_county_ca__county,2022-08-31,price,-0.6104252873563218,0.04879772079772081,dimension_score,0.6592230081540427,8
price_family_ma9_structural_linked,alameda_county_ca__county,2022-09-30,price,-0.41155555555555556,-0.19054843725703624,dimension_score,0.22100711829851932,9
price_family_ma9_structural_linked,alameda_county_ca__county,2022-10-31,price,-0.10771186440677966,-0.27146269416857655,dimension_score,-0.1637508297617969,10
price_family_ma9_structural_linked,alameda_county_ca__county,2022-11-30,price,-0.6058879551820728,-0.40918918918918923,dimension_score,0.1966987659928836,11
price_family_ma9_structural_linked,alameda_county_ca__county,2022-12-31,price,-0.6393333333333333,-0.5005238095238096,dimension_score,0.13880952380952372,12
price_family_ma9_structural_linked,alameda_county_ca__county,2023-01-31,price,-0.41700000000000004,-0.5839026548672567,dimension_score,-0.16690265486725664,1
price_family_ma9_structural_linked,alameda_county_ca__county,2023-02-28,price,-0.15033333333333332,-0.639,dimension_score,-0.4886666666666667,2
price_family_ma9_structural_linked,alameda_county_ca__county,2023-03-31,price,0.11933333333333335,-0.6403333333333334,dimension_score,-0.7596666666666667,3
price_family_ma9_structural_linked,alameda_county_ca__county,2023-04-30,price,-0.20766666666666667,-0.6303333333333334,dimension_score,-0.42266666666666675,4
price_family_ma9_structural_linked,alameda_county_ca__county,2023-05-31,price,0.06833333333333336,-0.597,dimension_score,-0.6653333333333333,5
price_family_ma9_structural_linked,alameda_county_ca__county,2023-06-30,price,-0.1916666666666667,-0.4803333333333334,dimension_score,-0.2886666666666667,6
price_family_ma9_structural_linked,alameda_county_ca__county,2023-07-31,price,-0.09500000000000001,-0.3526106442577031,dimension_score,-0.2576106442577031,7
price_family_ma9_structural_linked,alameda_county_ca__county,2023-08-31,price,-0.33,-0.28500000000000003,dimension_score,0.044999999999999984,8
price_family_ma9_structural_linked,alameda_county_ca__county,2023-09-30,price,0.36333333333333334,-0.14500000000000002,dimension_score,-0.5083333333333333,9
price_family_ma9_structural_linked,alameda_county_ca__county,2023-10-31,price,-0.36333333333333334,-0.03166666666666659,dimension_score,0.3316666666666668,10
price_family_ma9_structural_linked,alameda_county_ca__county,2023-11-30,price,0.023333333333333345,0.05666666666666664,dimension_score,0.0333333333333333,11
price_family_ma9_structural_linked,alameda_county_ca__county,2023-12-31,price,-0.41600000000000004,-0.1833333333333333,dimension_score,0.23266666666666674,12
price_family_ma9_structural_linked,alameda_county_ca__county,2024-01-31,price,-0.3983333333333334,-0.36,dimension_score,0.038333333333333386,1
price_family_ma9_structural_linked,alameda_county_ca__county,2024-02-29,price,0.7053333333333334,-0.3683333333333334,dimension_score,-1.0736666666666668,2
price_family_ma9_structural_linked,alameda_county_ca__county,2024-03-31,price,0.5983333333333334,-0.2633333333333333,dimension_score,-0.8616666666666667,3
price_family_ma9_structural_linked,alameda_county_ca__county,2024-04-30,price,0.6733333333333333,0.0066666666666667235,dimension_score,-0.6666666666666666,4
price_family_ma9_structural_linked,alameda_county_ca__county,2024-05-31,price,0.20833333333333337,0.20499999999999996,dimension_score,-0.0033333333333334103,5
price_family_ma9_structural_linked,alameda_county_ca__county,2024-06-30,price,0.08000000000000002,0.2466666666666667,dimension_score,0.16666666666666669,6
price_family_ma9_structural_linked,alameda_county_ca__county,2024-07-31,price,-0.37,0.20333333333333325,dimension_score,0.5733333333333333,7
price_family_ma9_structural_linked,alameda_county_ca__county,2024-08-31,price,-0.4316666666666667,-0.0016666666666666913,dimension_score,0.43,8
price_family_ma9_structural_linked,alameda_county_ca__county,2024-09-30,price,0.03666666666666671,0.011333333333333348,dimension_score,-0.02533333333333336,9
price_family_ma9_structural_linked,alameda_county_ca__county,2024-10-31,price,-0.10666666666666667,0.11966666666666666,dimension_score,0.22633333333333333,10
price_family_ma9_structural_linked,alameda_county_ca__county,2024-11-30,price,-0.12166666666666669,0.06466666666666668,dimension_score,0.18633333333333335,11
price_family_ma9_structural_linked,alameda_county_ca__county,2024-12-31,price,-0.5126666666666666,-0.22,dimension_score,0.29266666666666663,12
price_family_ma9_structural_linked,alameda_county_ca__county,2025-01-31,price,-0.671,-0.4316666666666667,dimension_score,0.23933333333333334,1
price_family_ma9_structural_linked,alameda_county_ca__county,2025-02-28,price,0.35533333333333333,-0.4600000000000001,dimension_score,-0.8153333333333335,2
price_family_ma9_structural_linked,alameda_county_ca__county,2025-03-31,price,0.225,-0.47,dimension_score,-0.695,3
price_family_ma9_structural_linked,alameda_county_ca__county,2025-04-30,price,-0.395,-0.4333333333333333,dimension_score,-0.038333333333333275,4
price_family_ma9_structural_linked,alameda_county_ca__county,2025-05-31,price,-0.09500000000000003,-0.3283333333333333,dimension_score,-0.23333333333333328,5
price_family_ma9_structural_linked,alameda_county_ca__county,2025-06-30,price,-0.515,-0.3116666666666667,dimension_score,0.2033333333333333,6
price_family_ma9_structural_linked,alameda_county_ca__county,2025-07-31,price,-0.5633333333333335,-0.4083333333333334,dimension_score,0.15500000000000008,7
price_family_ma9_structural_linked,alameda_county_ca__county,2025-08-31,price,-0.48,-0.52,dimension_score,-0.040000000000000036,8
price_family_ma9_structural_linked,alameda_county_ca__county,2025-09-30,price,-0.1,-0.4900000000000001,dimension_score,-0.3900000000000001,9
price_family_ma9_structural_linked,alameda_county_ca__county,2025-10-31,price,0.06,-0.2783333333333334,dimension_score,-0.3383333333333334,10
price_family_ma9_structural_linked,alameda_county_ca__county,2025-11-30,price,-0.6916666666666668,-0.3466666666666667,dimension_score,0.3450000000000001,11
price_family_ma9_structural_linked,alameda_county_ca__county,2025-12-31,price,-0.53,-0.575,dimension_score,-0.04499999999999993,12
price_family_ma9_structural_linked,alameda_county_ca__county,2026-01-31,price,-0.5166666666666667,-0.655,dimension_score,-0.1383333333333333,1
price_family_ma9_structural_linked,alameda_county_ca__county,2026-02-28,price,0.14433333333333337,-0.66,dimension_score,-0.8043333333333333,2
price_family_ma9_structural_linked,alameda_county_ca__county,2026-03-31,price,0.018333333333333313,-0.6200000000000001,dimension_score,-0.6383333333333334,3
price_family_ma9_structural_linked,alameda_county_ca__county,2026-04-30,price,-0.03666666666666665,-0.4966666666666666,dimension_score,-0.45999999999999996,4
price_family_ma9_structural_linked,alameda_county_ca__county,2026-05-31,price,0.18833333333333335,-0.24333333333333335,dimension_score,-0.4316666666666667,5
price_family_ma9_structural_linked,alameda_county_ca__county,2026-06-30,price,0.18833333333333335,-0.24333333333333335,dimension_score,-0.4316666666666667,6
price_family_ma9_structural_linked,alameda_county_ca__county,2026-07-31,price,0.18833333333333335,-0.24333333333333335,dimension_score,-0.4316666666666667,7
price_family_ma9_structural_linked,alameda_county_ca__county,2014-12-31,median_ppsf,0.5555555555555556,,metric_score,,12
price_family_ma9_structural_linked,alameda_county_ca__county,2015-01-31,median_ppsf,0.15215215215215214,,metric_score,,1
price_family_ma9_structural_linked,alameda_county_ca__county,2015-02-28,median_ppsf,0.705045045045045,,metric_score,,2
price_family_ma9_structural_linked,alameda_county_ca__county,2015-03-31,median_ppsf,0.9582456140350876,,metric_score,,3
price_family_ma9_structural_linked,alameda_county_ca__county,2015-04-30,median_ppsf,0.3095726495726495,,metric_score,,4
price_family_ma9_structural_linked,alameda_county_ca__county,2015-05-31,median_ppsf,0.45999999999999996,,metric_score,,5
price_family_ma9_structural_linked,alameda_county_ca__county,2015-06-30,median_ppsf,0.18032520325203252,,metric_score,,6
price_family_ma9_structural_linked,alameda_county_ca__county,2015-07-31,median_ppsf,0.29492063492063486,,metric_score,,7
price_family_ma9_structural_linked,alameda_county_ca__county,2015-08-31,median_ppsf,0.023608174770965436,0.98,metric_score,0.9563918252290345,8
price_family_ma9_structural_linked,alameda_county_ca__county,2015-09-30,median_ppsf,-0.028956228956229,0.98,metric_score,1.008956228956229,9
price_family_ma9_structural_linked,alameda_county_ca__county,2015-10-31,median_ppsf,0.1861513687600644,0.98,metric_score,0.7938486312399355,10
price_family_ma9_structural_linked,alameda_county_ca__county,2015-11-30,median_ppsf,0.41362318840579704,0.43777777777777777,metric_score,0.024154589371980728,11
price_family_ma9_structural_linked,alameda_county_ca__county,2015-12-31,median_ppsf,-0.1628250591016549,0.020360360360360354,metric_score,0.18318541946201525,12
price_family_ma9_structural_linked,alameda_county_ca__county,2016-01-31,median_ppsf,0.11999448428019857,-0.19964912280701758,metric_score,-0.3196436070872162,1
price_family_ma9_structural_linked,alameda_county_ca__county,2016-02-29,median_ppsf,0.06112137486573577,-0.27162393162393167,metric_score,-0.33274530648966744,2
price_family_ma9_structural_linked,alameda_county_ca__county,2016-03-31,median_ppsf,0.10451282051282051,-0.20666666666666672,metric_score,-0.31117948717948724,3
price_family_ma9_structural_linked,alameda_county_ca__county,2016-04-30,median_ppsf,0.2077647058823529,-0.14487804878048774,metric_score,-0.3526427546628407,4
price_family_ma9_structural_linked,alameda_county_ca__county,2016-05-31,median_ppsf,-0.14546341463414636,0.04095238095238091,metric_score,0.18641579558652727,5
price_family_ma9_structural_linked,alameda_county_ca__county,2016-06-30,median_ppsf,-0.5052011580313467,0.12511627906976744,metric_score,0.6303174371011141,6
price_family_ma9_structural_linked,alameda_county_ca__county,2016-07-31,median_ppsf,-0.36617649361835414,0.11454545454545452,metric_score,0.48072194816380864,7
price_family_ma9_structural_linked,alameda_county_ca__county,2016-08-31,median_ppsf,-0.49402597402597404,-0.3862222222222222,metric_score,0.10780375180375185,8
price_family_ma9_structural_linked,alameda_county_ca__county,2016-09-30,median_ppsf,-0.5957560568086884,-0.40846533490011755,metric_score,0.18729072190857082,9
price_family_ma9_structural_linked,alameda_county_ca__county,2016-10-31,median_ppsf,0.01741760698598066,-0.4297558790593506,metric_score,-0.44717348604533125,10
price_family_ma9_structural_linked,alameda_county_ca__county,2016-11-30,median_ppsf,-0.3997388611860676,-0.4168205128205128,metric_score,-0.017081651634445194,11
price_family_ma9_structural_linked,alameda_county_ca__county,2016-12-31,median_ppsf,-0.6162146892655368,-0.48973312401883834,metric_score,0.12648156524669846,12
price_family_ma9_structural_linked,alameda_county_ca__county,2017-01-31,median_ppsf,-0.09381956061112967,-0.5795821445006903,metric_score,-0.4857625838895607,1
price_family_ma9_structural_linked,alameda_county_ca__county,2017-02-28,median_ppsf,0.13149021681649925,-0.5948957360722067,metric_score,-0.726385952888706,2
price_family_ma9_structural_linked,alameda_county_ca__county,2017-03-31,median_ppsf,0.13527893738140412,-0.5651715726134331,metric_score,-0.7004505099948373,3
price_family_ma9_structural_linked,alameda_county_ca__county,2017-04-30,median_ppsf,-0.009128205128205169,-0.4650634648370498,metric_score,-0.45593525970884463,4
price_family_ma9_structural_linked,alameda_county_ca__county,2017-05-31,median_ppsf,0.10684905660377353,-0.286962962962963,metric_score,-0.3938120195667365,5
price_family_ma9_structural_linked,alameda_county_ca__county,2017-06-30,median_ppsf,-0.1698212898212898,-0.09522529644268779,metric_score,0.07459599337860201,6
price_family_ma9_structural_linked,alameda_county_ca__county,2017-07-31,median_ppsf,-0.43254635911352335,-0.09032218844984805,metric_score,0.3422241706636753,7
price_family_ma9_structural_linked,alameda_county_ca__county,2017-08-31,median_ppsf,-0.2371754672018061,-0.09171929824561409,metric_score,0.145456168956192,8
price_family_ma9_structural_linked,alameda_county_ca__county,2017-09-30,median_ppsf,-5.384304751648861e-05,-0.0959071076706545,metric_score,-0.09585326462313801,9
price_family_ma9_structural_linked,alameda_county_ca__county,2017-10-31,median_ppsf,0.5330314842578711,0.03545762711864403,metric_score,-0.497573857139227,10
price_family_ma9_structural_linked,alameda_county_ca__county,2017-11-30,median_ppsf,0.1969685230024213,0.09560784313725493,metric_score,-0.10136067986516636,11
price_family_ma9_structural_linked,alameda_county_ca__county,2017-12-31,median_ppsf,0.3657652582159624,0.07494073139974783,metric_score,-0.29082452681621457,12
price_family_ma9_structural_linked,alameda_county_ca__county,2018-01-31,median_ppsf,0.14896823614542004,-0.061334144856969,metric_score,-0.21030238100238904,1
price_family_ma9_structural_linked,alameda_county_ca__county,2018-02-28,median_ppsf,0.10073688359150132,-0.16802116402116407,metric_score,-0.2687580476126654,2
price_family_ma9_structural_linked,alameda_county_ca__county,2018-03-31,median_ppsf,0.36210896610896615,-0.11740909090909094,metric_score,-0.47951805701805705,3
price_family_ma9_structural_linked,alameda_county_ca__county,2018-04-30,median_ppsf,0.625,0.10962637362637366,metric_score,-0.5153736263736264,4
price_family_ma9_structural_linked,alameda_county_ca__county,2018-05-31,median_ppsf,0.40409716599190293,0.49073684210526314,metric_score,0.08663967611336021,5
price_family_ma9_structural_linked,alameda_county_ca__county,2018-06-30,median_ppsf,0.3241385281385281,0.6458198661863099,metric_score,0.3216813380477818,6
price_family_ma9_structural_linked,alameda_county_ca__county,2018-07-31,median_ppsf,-0.0881212244522276,0.5926101694915255,metric_score,0.680731393943753,7
price_family_ma9_structural_linked,alameda_county_ca__county,2018-08-31,median_ppsf,-0.26020848845867467,0.3867246376811594,metric_score,0.6469331261398341,8
price_family_ma9_structural_linked,alameda_county_ca__county,2018-09-30,median_ppsf,0.14285560923242083,0.1326744730679157,metric_score,-0.010181136164505139,9
price_family_ma9_structural_linked,alameda_county_ca__county,2018-10-31,median_ppsf,-0.40267217275347356,-0.028625170377101355,metric_score,0.37404700237637223,10
price_family_ma9_structural_linked,alameda_county_ca__county,2018-11-30,median_ppsf,-0.5249063585154773,-0.2071746031746032,metric_score,0.31773175534087406,11
price_family_ma9_structural_linked,alameda_county_ca__county,2018-12-31,median_ppsf,-0.5931918148785619,-0.3270097332372026,metric_score,0.26618208164135926,12
price_family_ma9_structural_linked,alameda_county_ca__county,2019-01-31,median_ppsf,-0.6405817121369095,-0.44996840996841,metric_score,0.19061330216849953,1
price_family_ma9_structural_linked,alameda_county_ca__county,2019-02-28,median_ppsf,-0.15419233186675052,-0.5231328671328671,metric_score,-0.3689405352661166,2
price_family_ma9_structural_linked,alameda_county_ca__county,2019-03-31,median_ppsf,0.11609516172146489,-0.6180397148169877,metric_score,-0.7341348765384526,3
price_family_ma9_structural_linked,alameda_county_ca__county,2019-04-30,median_ppsf,-0.03754055986360888,-0.6020664629488159,metric_score,-0.564525903085207,4
price_family_ma9_structural_linked,alameda_county_ca__county,2019-05-31,median_ppsf,-0.14395155406391358,-0.5815681902638425,metric_score,-0.43761663619992897,5
price_family_ma9_structural_linked,alameda_county_ca__county,2019-06-30,median_ppsf,-0.49501200422548736,-0.5563392581484585,metric_score,-0.06132725392297117,6
price_family_ma9_structural_linked,alameda_county_ca__county,2019-07-31,median_ppsf,-0.3292295327738366,-0.517286611233667,metric_score,-0.18805707845983044,7
price_family_ma9_structural_linked,alameda_county_ca__county,2019-08-31,median_ppsf,-0.5461920688007644,-0.5428571428571428,metric_score,0.003334925943621614,8
price_family_ma9_structural_linked,alameda_county_ca__county,2019-09-30,median_ppsf,-0.3665021730472876,-0.4998588864212574,metric_score,-0.13335671337396982,9
price_family_ma9_structural_linked,alameda_county_ca__county,2019-10-31,median_ppsf,-0.22254325906333874,-0.47251785268036317,metric_score,-0.24997459361702443,10
price_family_ma9_structural_linked,alameda_county_ca__county,2019-11-30,median_ppsf,-0.4327683859739069,-0.4169195402298851,metric_score,0.01584884574402179,11
price_family_ma9_structural_linked,alameda_county_ca__county,2019-12-31,median_ppsf,-0.4312468671679198,-0.5031635237827189,metric_score,-0.07191665661479907,12
price_family_ma9_structural_linked,alameda_county_ca__county,2020-01-31,median_ppsf,-0.3507095209217708,-0.5554729044146343,metric_score,-0.20476338349286344,1
price_family_ma9_structural_linked,alameda_county_ca__county,2020-02-29,median_ppsf,0.3050479745962158,-0.5758679634541704,metric_score,-0.8809159380503861,2
price_family_ma9_structural_linked,alameda_county_ca__county,2020-03-31,median_ppsf,0.13393185905501176,-0.4797898304227418,metric_score,-0.6137216894777535,3
price_family_ma9_structural_linked,alameda_county_ca__county,2020-04-30,median_ppsf,0.12327272727272726,-0.37602833414753295,metric_score,-0.4993010614202602,4
price_family_ma9_structural_linked,alameda_county_ca__county,2020-05-31,median_ppsf,-0.45197641561909,-0.25839904420549586,metric_score,0.19357737141359416,5
price_family_ma9_structural_linked,alameda_county_ca__county,2020-06-30,median_ppsf,-0.0497405034621109,-0.21312864613331656,metric_score,-0.16338814267120566,6
price_family_ma9_structural_linked,alameda_county_ca__county,2020-07-31,median_ppsf,-0.2943301891331588,-0.198488048303052,metric_score,0.09584214083010678,7
price_family_ma9_structural_linked,alameda_county_ca__county,2020-08-31,median_ppsf,0.17562911971945327,-0.11630184331797233,metric_score,-0.2919309630374256,8
price_family_ma9_structural_linked,alameda_county_ca__county,2020-09-30,median_ppsf,0.2373564929693962,-0.026077596996245345,metric_score,-0.26343408996564155,9
price_family_ma9_structural_linked,alameda_county_ca__county,2020-10-31,median_ppsf,0.053750759878419443,0.06958629130966959,metric_score,0.015835531431250147,10
price_family_ma9_structural_linked,alameda_county_ca__county,2020-11-30,median_ppsf,0.09018073485600797,0.06324137931034479,metric_score,-0.02693935554566318,11
price_family_ma9_structural_linked,alameda_county_ca__county,2020-12-31,median_ppsf,0.12754205607476635,-0.02461855670103094,metric_score,-0.1521606127757973,12
price_family_ma9_structural_linked,alameda_county_ca__county,2021-01-31,median_ppsf,0.5552974417716686,-0.07962485668424675,metric_score,-0.6349222984559154,1
price_family_ma9_structural_linked,alameda_county_ca__county,2021-02-28,median_ppsf,0.6238599513199775,0.032767676767676786,metric_score,-0.5910922745523007,2
price_family_ma9_structural_linked,alameda_county_ca__county,2021-03-31,median_ppsf,0.7543838383838384,0.22923076923076927,metric_score,-0.5251530691530691,3
price_family_ma9_structural_linked,alameda_county_ca__county,2021-04-30,median_ppsf,0.6494054054054055,0.5127455876022384,metric_score,-0.13665981780316705,4
price_family_ma9_structural_linked,alameda_county_ca__county,2021-05-31,median_ppsf,0.7557595473833097,0.7376824794433903,metric_score,-0.018077067939919478,5
price_family_ma9_structural_linked,alameda_county_ca__county,2021-06-30,median_ppsf,0.35369564462953323,0.7914141706259037,metric_score,0.43771852599637046,6
price_family_ma9_structural_linked,alameda_county_ca__county,2021-07-31,median_ppsf,0.40230216317492756,0.7942186234817814,metric_score,0.39191646030685384,7
price_family_ma9_structural_linked,alameda_county_ca__county,2021-08-31,median_ppsf,0.33985930111867135,0.7969523809523811,metric_score,0.4570930798337097,8
price_family_ma9_structural_linked,alameda_county_ca__county,2021-09-30,median_ppsf,0.009641699296871642,0.7838233806652404,metric_score,0.7741816813683687,9
price_family_ma9_structural_linked,alameda_county_ca__county,2021-10-31,median_ppsf,0.6303690766114816,0.7634613770741943,metric_score,0.1330923004627127,10
price_family_ma9_structural_linked,alameda_county_ca__county,2021-11-30,median_ppsf,0.596316806589577,0.7219259259259259,metric_score,0.12560911933634888,11
price_family_ma9_structural_linked,alameda_county_ca__county,2021-12-31,median_ppsf,0.04392779333955804,0.6364403669724772,metric_score,0.5925125736329191,12
price_family_ma9_structural_linked,alameda_county_ca__county,2022-01-31,median_ppsf,0.4398470948012233,0.44341674167416745,metric_score,0.0035696468729441433,1
price_family_ma9_structural_linked,alameda_county_ca__county,2022-02-28,median_ppsf,0.8372121212121213,0.34565553789083203,metric_score,-0.49155658332128926,2
price_family_ma9_structural_linked,alameda_county_ca__county,2022-03-31,median_ppsf,0.6235675675675676,0.40744244105409155,metric_score,-0.21612512651347604,3
price_family_ma9_structural_linked,alameda_county_ca__county,2022-04-30,median_ppsf,0.7255238095238095,0.5531136827773995,metric_score,-0.17241012674641,4
price_family_ma9_structural_linked,alameda_county_ca__county,2022-05-31,median_ppsf,0.00951032448377579,0.6178546365914787,metric_score,0.6083443121077029,5
price_family_ma9_structural_linked,alameda_county_ca__county,2022-06-30,median_ppsf,-0.28157894736842104,0.6200853158326498,metric_score,0.9016642632010708,6
price_family_ma9_structural_linked,alameda_county_ca__county,2022-07-31,median_ppsf,-0.48344927536231885,0.4561998066387367,metric_score,0.9396490820010556,7
price_family_ma9_structural_linked,alameda_county_ca__county,2022-08-31,median_ppsf,-0.6213103448275863,0.02923076923076927,metric_score,0.6505411140583556,8
price_family_ma9_structural_linked,alameda_county_ca__county,2022-09-30,median_ppsf,-0.2211111111111111,-0.21192816047271035,metric_score,0.009182950638400744,9
price_family_ma9_structural_linked,alameda_county_ca__county,2022-10-31,median_ppsf,-0.3495480225988701,-0.3179017061370003,metric_score,0.03164631646186977,10
price_family_ma9_structural_linked,alameda_county_ca__county,2022-11-30,median_ppsf,-0.6386666666666667,-0.4491891891891892,metric_score,0.1894774774774775,11
price_family_ma9_structural_linked,alameda_county_ca__county,2022-12-31,median_ppsf,-0.642,-0.5043809523809524,metric_score,0.13761904761904764,12
price_family_ma9_structural_linked,alameda_county_ca__county,2023-01-31,median_ppsf,-0.2686666666666667,-0.5716165191740413,metric_score,-0.3029498525073746,1
price_family_ma9_structural_linked,alameda_county_ca__county,2023-02-28,median_ppsf,-0.01533333333333331,-0.6373333333333333,metric_score,-0.622,2
price_family_ma9_structural_linked,alameda_county_ca__county,2023-03-31,median_ppsf,0.08666666666666667,-0.6386666666666667,metric_score,-0.7253333333333334,3
price_family_ma9_structural_linked,alameda_county_ca__county,2023-04-30,median_ppsf,-0.362,-0.6286666666666667,metric_score,-0.2666666666666667,4
price_family_ma9_structural_linked,alameda_county_ca__county,2023-05-31,median_ppsf,0.043333333333333446,-0.5953333333333334,metric_score,-0.6386666666666668,5
price_family_ma9_structural_linked,alameda_county_ca__county,2023-06-30,median_ppsf,0.06666666666666665,-0.5053333333333334,metric_score,-0.5720000000000001,6
price_family_ma9_structural_linked,alameda_county_ca__county,2023-07-31,median_ppsf,-0.10666666666666666,-0.36322128851540625,metric_score,-0.25655462184873956,7
price_family_ma9_structural_linked,alameda_county_ca__county,2023-08-31,median_ppsf,-0.42666666666666664,-0.27,metric_score,0.15666666666666662,8
price_family_ma9_structural_linked,alameda_county_ca__county,2023-09-30,median_ppsf,0.3466666666666667,-0.1233333333333334,metric_score,-0.4700000000000001,9
price_family_ma9_structural_linked,alameda_county_ca__county,2023-10-31,median_ppsf,-0.45666666666666667,-0.06999999999999995,metric_score,0.3866666666666667,10
price_family_ma9_structural_linked,alameda_county_ca__county,2023-11-30,median_ppsf,-0.15333333333333332,-0.06,metric_score,0.09333333333333332,11
price_family_ma9_structural_linked,alameda_county_ca__county,2023-12-31,median_ppsf,-0.4266666666666667,-0.32666666666666666,metric_score,0.10000000000000003,12
price_family_ma9_structural_linked,alameda_county_ca__county,2024-01-31,median_ppsf,-0.3733333333333334,-0.39666666666666667,metric_score,-0.02333333333333326,1
price_family_ma9_structural_linked,alameda_county_ca__county,2024-02-29,median_ppsf,0.5053333333333333,-0.3766666666666667,metric_score,-0.882,2
price_family_ma9_structural_linked,alameda_county_ca__county,2024-03-31,median_ppsf,0.38,-0.31000000000000005,metric_score,-0.6900000000000001,3
price_family_ma9_structural_linked,alameda_county_ca__county,2024-04-30,median_ppsf,0.62,-0.1766666666666666,metric_score,-0.7966666666666666,4
price_family_ma9_structural_linked,alameda_county_ca__county,2024-05-31,median_ppsf,0.3666666666666667,0.019999999999999962,metric_score,-0.34666666666666673,5
price_family_ma9_structural_linked,alameda_county_ca__county,2024-06-30,median_ppsf,-0.32333333333333336,0.05999999999999997,metric_score,0.3833333333333333,6
price_family_ma9_structural_linked,alameda_county_ca__county,2024-07-31,median_ppsf,-0.46,0.03999999999999995,metric_score,0.5,7
price_family_ma9_structural_linked,alameda_county_ca__county,2024-08-31,median_ppsf,-0.3466666666666668,-0.12666666666666668,metric_score,0.2200000000000001,8
price_family_ma9_structural_linked,alameda_county_ca__county,2024-09-30,median_ppsf,0.003333333333333355,-0.08666666666666664,metric_score,-0.09,9
price_family_ma9_structural_linked,alameda_county_ca__county,2024-10-31,median_ppsf,-0.10666666666666663,0.04333333333333331,metric_score,0.14999999999999994,10
price_family_ma9_structural_linked,alameda_county_ca__county,2024-11-30,median_ppsf,-0.3433333333333334,-0.04666666666666669,metric_score,0.2966666666666667,11
price_family_ma9_structural_linked,alameda_county_ca__county,2024-12-31,median_ppsf,-0.5333333333333333,-0.27,metric_score,0.2633333333333333,12
price_family_ma9_structural_linked,alameda_county_ca__county,2025-01-31,median_ppsf,-0.6233333333333334,-0.45000000000000007,metric_score,0.17333333333333334,1
price_family_ma9_structural_linked,alameda_county_ca__county,2025-02-28,median_ppsf,0.3486666666666667,-0.4733333333333334,metric_score,-0.8220000000000001,2
price_family_ma9_structural_linked,alameda_county_ca__county,2025-03-31,median_ppsf,0.15666666666666668,-0.48,metric_score,-0.6366666666666667,3
price_family_ma9_structural_linked,alameda_county_ca__county,2025-04-30,median_ppsf,-0.45000000000000007,-0.45999999999999996,metric_score,-0.009999999999999898,4
price_family_ma9_structural_linked,alameda_county_ca__county,2025-05-31,median_ppsf,0.03666666666666668,-0.3733333333333333,metric_score,-0.41,5
price_family_ma9_structural_linked,alameda_county_ca__county,2025-06-30,median_ppsf,-0.5866666666666667,-0.3566666666666667,metric_score,0.22999999999999998,6
price_family_ma9_structural_linked,alameda_county_ca__county,2025-07-31,median_ppsf,-0.5466666666666669,-0.4866666666666667,metric_score,0.060000000000000164,7
price_family_ma9_structural_linked,alameda_county_ca__county,2025-08-31,median_ppsf,-0.5,-0.5433333333333334,metric_score,-0.043333333333333446,8
price_family_ma9_structural_linked,alameda_county_ca__county,2025-09-30,median_ppsf,-0.09666666666666662,-0.5033333333333334,metric_score,-0.4066666666666668,9
price_family_ma9_structural_linked,alameda_county_ca__county,2025-10-31,median_ppsf,-0.14000000000000007,-0.3533333333333334,metric_score,-0.21333333333333332,10
price_family_ma9_structural_linked,alameda_county_ca__county,2025-11-30,median_ppsf,-0.6700000000000002,-0.42333333333333334,metric_score,0.2466666666666668,11
price_family_ma9_structural_linked,alameda_county_ca__county,2025-12-31,median_ppsf,-0.4733333333333333,-0.59,metric_score,-0.1166666666666667,12
price_family_ma9_structural_linked,alameda_county_ca__county,2026-01-31,median_ppsf,-0.7066666666666668,-0.6666666666666667,metric_score,0.040000000000000036,1
price_family_ma9_structural_linked,alameda_county_ca__county,2026-02-28,median_ppsf,0.16866666666666674,-0.6666666666666667,metric_score,-0.8353333333333335,2
price_family_ma9_structural_linked,alameda_county_ca__county,2026-03-31,median_ppsf,-0.08333333333333337,-0.6233333333333335,metric_score,-0.5400000000000001,3
price_family_ma9_structural_linked,alameda_county_ca__county,2026-04-30,median_ppsf,0.14,-0.48666666666666664,metric_score,-0.6266666666666667,4
price_family_ma9_structural_linked,alameda_county_ca__county,2026-05-31,median_ppsf,-0.20666666666666664,-0.3366666666666667,metric_score,-0.1300000000000001,5
price_family_ma9_structural_linked,alameda_county_ca__county,2014-12-31,median_sale_price,0.5555555555555556,,metric_score,,12
price_family_ma9_structural_linked,alameda_county_ca__county,2015-01-31,median_sale_price,-0.4024024024024024,,metric_score,,1
price_family_ma9_structural_linked,alameda_county_ca__county,2015-02-28,median_sale_price,-0.2721669037458511,,metric_score,,2
price_family_ma9_structural_linked,alameda_county_ca__county,2015-03-31,median_sale_price,0.98,,metric_score,,3
price_family_ma9_structural_linked,alameda_county_ca__county,2015-04-30,median_sale_price,0.6172649572649572,,metric_score,,4
price_family_ma9_structural_linked,alameda_county_ca__county,2015-05-31,median_sale_price,0.39333333333333337,,metric_score,,5
price_family_ma9_structural_linked,alameda_county_ca__county,2015-06-30,median_sale_price,0.18032520325203252,,metric_score,,6
price_family_ma9_structural_linked,alameda_county_ca__county,2015-07-31,median_sale_price,-0.046880767811000396,,metric_score,,7
price_family_ma9_structural_linked,alameda_county_ca__county,2015-08-31,median_sale_price,-0.1148696264975334,0.98,metric_score,1.0948696264975335,8
price_family_ma9_structural_linked,alameda_county_ca__county,2015-09-30,median_sale_price,-0.043771043771043815,0.98,metric_score,1.0237710437710439,9
price_family_ma9_structural_linked,alameda_county_ca__county,2015-10-31,median_sale_price,0.2164251207729468,0.98,metric_score,0.7635748792270531,10
price_family_ma9_structural_linked,alameda_county_ca__county,2015-11-30,median_sale_price,0.10268270120259017,0.6229629629629628,metric_score,0.5202802617603727,11
price_family_ma9_structural_linked,alameda_county_ca__county,2015-12-31,median_sale_price,0.1581560283687943,0.2726126126126126,metric_score,0.1144565842438183,12
price_family_ma9_structural_linked,alameda_county_ca__county,2016-01-31,median_sale_price,-0.052748667034381296,-0.06889174154899447,metric_score,-0.016143074514613172,1
price_family_ma9_structural_linked,alameda_county_ca__county,2016-02-29,median_sale_price,0.12714070891514495,-0.27838827838827834,metric_score,-0.4055289873034233,2
price_family_ma9_structural_linked,alameda_county_ca__county,2016-03-31,median_sale_price,-0.00650377073906494,-0.29534883720930233,metric_score,-0.2888450664702374,3
price_family_ma9_structural_linked,alameda_county_ca__county,2016-04-30,median_sale_price,0.18188235294117638,-0.20103473762010346,metric_score,-0.38291709056127987,4
price_family_ma9_structural_linked,alameda_county_ca__county,2016-05-31,median_sale_price,0.05153470919324582,0.009206349206349235,metric_score,-0.04232835998689659,5
price_family_ma9_structural_linked,alameda_county_ca__county,2016-06-30,median_sale_price,-0.41836877308575426,0.12511627906976744,metric_score,0.5434850521555217,6
price_family_ma9_structural_linked,alameda_county_ca__county,2016-07-31,median_sale_price,-0.17350873071803305,0.14484848484848484,metric_score,0.31835721556651786,7
price_family_ma9_structural_linked,alameda_county_ca__county,2016-08-31,median_sale_price,-0.31220779220779227,-0.3151111111111111,metric_score,-0.0029033189033188522,8
price_family_ma9_structural_linked,alameda_county_ca__county,2016-09-30,median_sale_price,-0.4817543859649124,-0.3562914218566393,metric_score,0.12546296410827307,9
price_family_ma9_structural_linked,alameda_county_ca__county,2016-10-31,median_sale_price,0.03798100949525235,-0.3786920492721165,metric_score,-0.4166730587673689,10
price_family_ma9_structural_linked,alameda_county_ca__county,2016-11-30,median_sale_price,0.24487110934255202,-0.3001538461538461,metric_score,-0.5450249554963982,11
price_family_ma9_structural_linked,alameda_county_ca__county,2016-12-31,median_sale_price,-0.6231073446327684,-0.3227755102040817,metric_score,0.3003318344286867,12
price_family_ma9_structural_linked,alameda_county_ca__county,2017-01-31,median_sale_price,-0.3765941786550686,-0.46758214450069024,metric_score,-0.09098796584562163,1
price_family_ma9_structural_linked,alameda_county_ca__county,2017-02-28,median_sale_price,0.1690026441036489,-0.5213818860877685,metric_score,-0.6903845301914173,2
price_family_ma9_structural_linked,alameda_county_ca__county,2017-03-31,median_sale_price,0.507954459203036,-0.4445991218084242,metric_score,-0.9525535810114601,3
price_family_ma9_structural_linked,alameda_county_ca__county,2017-04-30,median_sale_price,0.22628083028083024,-0.32887135506003434,metric_score,-0.5551521853408645,4
price_family_ma9_structural_linked,alameda_county_ca__county,2017-05-31,median_sale_price,-0.3858708272859216,-0.23362962962962963,metric_score,0.15224119765629196,5
price_family_ma9_structural_linked,alameda_county_ca__county,2017-06-30,median_sale_price,0.5221538461538462,-0.04020553359683801,metric_score,-0.5623593797506842,6
price_family_ma9_structural_linked,alameda_county_ca__county,2017-07-31,median_sale_price,-0.1332428765264586,0.009069908814589661,metric_score,0.14231278534104827,7
price_family_ma9_structural_linked,alameda_county_ca__county,2017-08-31,median_sale_price,-0.19334002257619465,-0.01628070175438595,metric_score,0.1770593208218087,8
price_family_ma9_structural_linked,alameda_county_ca__county,2017-09-30,median_sale_price,-0.10617848970251717,-0.03313441238564391,metric_score,0.07304407731687326,9
price_family_ma9_structural_linked,alameda_county_ca__county,2017-10-31,median_sale_price,0.4225715713571786,0.013220338983050889,metric_score,-0.40935123237412774,10
price_family_ma9_structural_linked,alameda_county_ca__county,2017-11-30,median_sale_price,-0.0686846502745285,0.12462745098039221,metric_score,0.1933121012549207,11
price_family_ma9_structural_linked,alameda_county_ca__county,2017-12-31,median_sale_price,0.1569327073552426,0.05325094577553591,metric_score,-0.10368176157970668,12
price_family_ma9_structural_linked,alameda_county_ca__county,2018-01-31,median_sale_price,-0.18720213588841486,-0.0805299873589587,metric_score,0.10667214852945617,1
price_family_ma9_structural_linked,alameda_county_ca__county,2018-02-28,median_sale_price,0.11337736322270128,-0.04733044733044732,metric_score,-0.1607078105531486,2
price_family_ma9_structural_linked,alameda_county_ca__county,2018-03-31,median_sale_price,0.4448202488202489,-0.0676363636363637,metric_score,-0.5124566124566126,3
price_family_ma9_structural_linked,alameda_county_ca__county,2018-04-30,median_sale_price,0.35033333333333333,0.023472527472527496,metric_score,-0.32686080586080585,4
price_family_ma9_structural_linked,alameda_county_ca__county,2018-05-31,median_sale_price,0.398914979757085,0.24065709728867624,metric_score,-0.15825788246840877,5
price_family_ma9_structural_linked,alameda_county_ca__county,2018-06-30,median_sale_price,0.41418181818181815,0.49327225939269165,metric_score,0.0790904412108735,6
price_family_ma9_structural_linked,alameda_county_ca__county,2018-07-31,median_sale_price,-0.342235269611049,0.4588115653040878,metric_score,0.8010468349151367,7
price_family_ma9_structural_linked,alameda_county_ca__county,2018-08-31,median_sale_price,-0.09133283693224131,0.36643478260869566,metric_score,0.457767619540937,8
price_family_ma9_structural_linked,alameda_county_ca__county,2018-09-30,median_sale_price,-0.2828073000536768,0.1242435597189696,metric_score,0.40705085977264643,9
price_family_ma9_structural_linked,alameda_county_ca__county,2018-10-31,median_sale_price,-0.15765303049855903,-0.0175393003180373,metric_score,0.14011373018052173,10
price_family_ma9_structural_linked,alameda_county_ca__county,2018-11-30,median_sale_price,-0.36427427332138584,-0.13733333333333336,metric_score,0.22694093998805248,11
price_family_ma9_structural_linked,alameda_county_ca__county,2018-12-31,median_sale_price,-0.612239433926181,-0.29087959625090126,metric_score,0.3213598376752797,12
price_family_ma9_structural_linked,alameda_county_ca__county,2019-01-31,median_sale_price,-0.5389785503242392,-0.4846904446904447,metric_score,0.05428810563379455,1
price_family_ma9_structural_linked,alameda_county_ca__county,2019-02-28,median_sale_price,-0.04937331312160309,-0.6079813519813521,metric_score,-0.558608038859749,2
price_family_ma9_structural_linked,alameda_county_ca__county,2019-03-31,median_sale_price,0.07752151831061205,-0.6180397148169877,metric_score,-0.6955612331275998,3
price_family_ma9_structural_linked,alameda_county_ca__county,2019-04-30,median_sale_price,-0.16162624429412092,-0.6020664629488159,metric_score,-0.440440218654695,4
price_family_ma9_structural_linked,alameda_county_ca__county,2019-05-31,median_sale_price,-0.07452210710637674,-0.5713117800074322,metric_score,-0.49678967290105547,5
price_family_ma9_structural_linked,alameda_county_ca__county,2019-06-30,median_sale_price,-0.1491942763852876,-0.4858236669165968,metric_score,-0.3366293905313092,6
price_family_ma9_structural_linked,alameda_county_ca__county,2019-07-31,median_sale_price,-0.3370760884684936,-0.4472866112336671,metric_score,-0.11021052276517351,7
price_family_ma9_structural_linked,alameda_county_ca__county,2019-08-31,median_sale_price,-0.39258480649785005,-0.40493827160493834,metric_score,-0.01235346510708829,8
price_family_ma9_structural_linked,alameda_county_ca__county,2019-09-30,median_sale_price,-0.4500095233148062,-0.392886146105619,metric_score,0.0571233772091872,9
price_family_ma9_structural_linked,alameda_county_ca__county,2019-10-31,median_sale_price,-0.03871079342227879,-0.3031752402444473,metric_score,-0.2644644468221685,10
price_family_ma9_structural_linked,alameda_county_ca__county,2019-11-30,median_sale_price,-0.5201306007906205,-0.30788834154351397,metric_score,0.2122422592471065,11
price_family_ma9_structural_linked,alameda_county_ca__county,2019-12-31,median_sale_price,-0.21104010025062658,-0.3407824373768646,metric_score,-0.129742337126238,12
price_family_ma9_structural_linked,alameda_county_ca__county,2020-01-31,median_sale_price,-0.5005376996159289,-0.4619894868653687,metric_score,0.03854821275056014,1
price_family_ma9_structural_linked,alameda_county_ca__county,2020-02-29,median_sale_price,0.04755087362204524,-0.5072207486000591,metric_score,-0.5547716222221043,2
price_family_ma9_structural_linked,alameda_county_ca__county,2020-03-31,median_sale_price,0.09842975852828068,-0.5151177935988063,metric_score,-0.613547552127087,3
price_family_ma9_structural_linked,alameda_county_ca__county,2020-04-30,median_sale_price,0.4727676767676767,-0.3842989741084514,metric_score,-0.8570666508761281,4
price_family_ma9_structural_linked,alameda_county_ca__county,2020-05-31,median_sale_price,-0.5029427077539215,-0.319346873755476,metric_score,0.18359583399844548,5
price_family_ma9_structural_linked,alameda_county_ca__county,2020-06-30,median_sale_price,0.19470911797062063,-0.15090586631842462,metric_score,-0.34561498428904525,6
price_family_ma9_structural_linked,alameda_county_ca__county,2020-07-31,median_sale_price,-0.16915964294605074,-0.13789308262799482,metric_score,0.031266560318055914,7
price_family_ma9_structural_linked,alameda_county_ca__county,2020-08-31,median_sale_price,0.21389784719290844,0.013818740399385604,metric_score,-0.20007910679352284,8
price_family_ma9_structural_linked,alameda_county_ca__county,2020-09-30,median_sale_price,0.30443672456575677,0.042908635794743466,metric_score,-0.2615280887710133,9
price_family_ma9_structural_linked,alameda_county_ca__county,2020-10-31,median_sale_price,-0.07053048116075011,0.15467809057527537,metric_score,0.2252085717360255,10
price_family_ma9_structural_linked,alameda_county_ca__county,2020-11-30,median_sale_price,0.3718093346573982,0.18163218390804595,metric_score,-0.19017715074935224,11
price_family_ma9_structural_linked,alameda_county_ca__county,2020-12-31,median_sale_price,0.11524749048113528,0.1627291471415183,metric_score,0.04748165666038301,12
price_family_ma9_structural_linked,alameda_county_ca__county,2021-01-31,median_sale_price,0.17102402695895555,0.00283329511579912,metric_score,-0.16819073184315642,1
price_family_ma9_structural_linked,alameda_county_ca__county,2021-02-28,median_sale_price,0.63127429320352,0.01822222222222218,metric_score,-0.6130520709812979,2
price_family_ma9_structural_linked,alameda_county_ca__county,2021-03-31,median_sale_price,0.7390303030303029,0.14993406593406594,metric_score,-0.5890962370962369,3
price_family_ma9_structural_linked,alameda_county_ca__county,2021-04-30,median_sale_price,0.7991711711711713,0.5709461902712011,metric_score,-0.22822498089997023,4
price_family_ma9_structural_linked,alameda_county_ca__county,2021-05-31,median_sale_price,0.7874427157001416,0.7814522454142947,metric_score,-0.005990470285846872,5
price_family_ma9_structural_linked,alameda_county_ca__county,2021-06-30,median_sale_price,0.41817595002602814,0.799181160917166,metric_score,0.3810052108911378,6
price_family_ma9_structural_linked,alameda_county_ca__county,2021-07-31,median_sale_price,0.4662095043433827,0.8096032388663967,metric_score,0.343393734523014,7
price_family_ma9_structural_linked,alameda_county_ca__county,2021-08-31,median_sale_price,0.36436120401337796,0.8121904761904764,metric_score,0.4478292721770984,8
price_family_ma9_structural_linked,alameda_county_ca__county,2021-09-30,median_sale_price,0.09384531177634625,0.7989177202878819,metric_score,0.7050724085115356,9
price_family_ma9_structural_linked,alameda_county_ca__county,2021-10-31,median_sale_price,0.4306593523734554,0.8015311844363914,metric_score,0.370871832062936,10
price_family_ma9_structural_linked,alameda_county_ca__county,2021-11-30,median_sale_price,0.1236304437821382,0.7656969696969698,metric_score,0.6420665259148316,11
price_family_ma9_structural_linked,alameda_county_ca__county,2021-12-31,median_sale_price,-0.20923747276688454,0.5310458715596331,metric_score,0.7402833443265177,12
price_family_ma9_structural_linked,alameda_county_ca__county,2022-01-31,median_sale_price,0.21107033639143732,0.2546305249994026,metric_score,0.04356018860796526,1
price_family_ma9_structural_linked,alameda_county_ca__county,2022-02-28,median_sale_price,0.829939393939394,0.14422781915041977,metric_score,-0.6857115747889742,2
price_family_ma9_structural_linked,alameda_county_ca__county,2022-03-31,median_sale_price,0.7513153153153153,0.16146463245492368,metric_score,-0.5898506828603916,3
price_family_ma9_structural_linked,alameda_county_ca__county,2022-04-30,median_sale_price,0.8193333333333334,0.35243294758339005,metric_score,-0.4669003857499433,4
price_family_ma9_structural_linked,alameda_county_ca__county,2022-05-31,median_sale_price,0.2869734513274337,0.5043709273182958,metric_score,0.21739747599086212,5
price_family_ma9_structural_linked,alameda_county_ca__county,2022-06-30,median_sale_price,-0.25894736842105265,0.5841214109926169,metric_score,0.8430687794136695,6
price_family_ma9_structural_linked,alameda_county_ca__county,2022-07-31,median_sale_price,-0.5218550724637682,0.4199767966484047,metric_score,0.9418318691121729,7
price_family_ma9_structural_linked,alameda_county_ca__county,2022-08-31,median_sale_price,-0.5995402298850575,0.06836467236467235,metric_score,0.6679049022497299,8
price_family_ma9_structural_linked,alameda_county_ca__county,2022-09-30,median_sale_price,-0.6020000000000001,-0.16916871404136213,metric_score,0.43283128595863796,9
price_family_ma9_structural_linked,alameda_county_ca__county,2022-10-31,median_sale_price,0.13412429378531077,-0.22502368220015279,metric_score,-0.35914797598546355,10
price_family_ma9_structural_linked,alameda_county_ca__county,2022-11-30,median_sale_price,-0.573109243697479,-0.3691891891891892,metric_score,0.20392005450828976,11
price_family_ma9_structural_linked,alameda_county_ca__county,2022-12-31,median_sale_price,-0.6366666666666667,-0.4966666666666667,metric_score,0.14,12
price_family_ma9_structural_linked,alameda_county_ca__county,2023-01-31,median_sale_price,-0.5653333333333334,-0.596188790560472,metric_score,-0.030855457227138672,1
price_family_ma9_structural_linked,alameda_county_ca__county,2023-02-28,median_sale_price,-0.2853333333333333,-0.6406666666666667,metric_score,-0.3553333333333334,2
price_family_ma9_structural_linked,alameda_county_ca__county,2023-03-31,median_sale_price,0.15200000000000002,-0.642,metric_score,-0.794,3
price_family_ma9_structural_linked,alameda_county_ca__county,2023-04-30,median_sale_price,-0.053333333333333344,-0.632,metric_score,-0.5786666666666667,4
price_family_ma9_structural_linked,alameda_county_ca__county,2023-05-31,median_sale_price,0.09333333333333327,-0.5986666666666667,metric_score,-0.692,5
price_family_ma9_structural_linked,alameda_county_ca__county,2023-06-30,median_sale_price,-0.45000000000000007,-0.45533333333333337,metric_score,-0.005333333333333301,6
price_family_ma9_structural_linked,alameda_county_ca__county,2023-07-31,median_sale_price,-0.08333333333333337,-0.34199999999999997,metric_score,-0.2586666666666666,7
price_family_ma9_structural_linked,alameda_county_ca__county,2023-08-31,median_sale_price,-0.23333333333333336,-0.30000000000000004,metric_score,-0.06666666666666668,8
price_family_ma9_structural_linked,alameda_county_ca__county,2023-09-30,median_sale_price,0.38,-0.16666666666666666,metric_score,-0.5466666666666666,9
price_family_ma9_structural_linked,alameda_county_ca__county,2023-10-31,median_sale_price,-0.27,0.006666666666666765,metric_score,0.2766666666666668,10
price_family_ma9_structural_linked,alameda_county_ca__county,2023-11-30,median_sale_price,0.2,0.17333333333333328,metric_score,-0.026666666666666727,11
price_family_ma9_structural_linked,alameda_county_ca__county,2023-12-31,median_sale_price,-0.4053333333333333,-0.039999999999999925,metric_score,0.3653333333333334,12
price_family_ma9_structural_linked,alameda_county_ca__county,2024-01-31,median_sale_price,-0.42333333333333334,-0.32333333333333336,metric_score,0.09999999999999998,1
price_family_ma9_structural_linked,alameda_county_ca__county,2024-02-29,median_sale_price,0.9053333333333333,-0.3600000000000001,metric_score,-1.2653333333333334,2
price_family_ma9_structural_linked,alameda_county_ca__county,2024-03-31,median_sale_price,0.8166666666666667,-0.2166666666666666,metric_score,-1.0333333333333332,3
price_family_ma9_structural_linked,alameda_county_ca__county,2024-04-30,median_sale_price,0.7266666666666668,0.19000000000000006,metric_score,-0.5366666666666667,4
price_family_ma9_structural_linked,alameda_county_ca__county,2024-05-31,median_sale_price,0.05000000000000002,0.38999999999999996,metric_score,0.33999999999999997,5
price_family_ma9_structural_linked,alameda_county_ca__county,2024-06-30,median_sale_price,0.4833333333333334,0.4333333333333334,metric_score,-0.04999999999999999,6
price_family_ma9_structural_linked,alameda_county_ca__county,2024-07-31,median_sale_price,-0.28,0.3666666666666666,metric_score,0.6466666666666666,7
price_family_ma9_structural_linked,alameda_county_ca__county,2024-08-31,median_sale_price,-0.5166666666666666,0.1233333333333333,metric_score,0.6399999999999999,8
price_family_ma9_structural_linked,alameda_county_ca__county,2024-09-30,median_sale_price,0.07000000000000006,0.10933333333333334,metric_score,0.039333333333333276,9
price_family_ma9_structural_linked,alameda_county_ca__county,2024-10-31,median_sale_price,-0.10666666666666672,0.196,metric_score,0.30266666666666675,10
price_family_ma9_structural_linked,alameda_county_ca__county,2024-11-30,median_sale_price,0.1,0.17600000000000005,metric_score,0.07600000000000004,11
price_family_ma9_structural_linked,alameda_county_ca__county,2024-12-31,median_sale_price,-0.492,-0.16999999999999998,metric_score,0.322,12
price_family_ma9_structural_linked,alameda_county_ca__county,2025-01-31,median_sale_price,-0.7186666666666667,-0.41333333333333333,metric_score,0.30533333333333335,1
price_family_ma9_structural_linked,alameda_county_ca__county,2025-02-28,median_sale_price,0.362,-0.44666666666666677,metric_score,-0.8086666666666668,2
price_family_ma9_structural_linked,alameda_county_ca__county,2025-03-31,median_sale_price,0.29333333333333333,-0.45999999999999996,metric_score,-0.7533333333333333,3
price_family_ma9_structural_linked,alameda_county_ca__county,2025-04-30,median_sale_price,-0.34,-0.4066666666666666,metric_score,-0.0666666666666666,4
price_family_ma9_structural_linked,alameda_county_ca__county,2025-05-31,median_sale_price,-0.22666666666666674,-0.2833333333333333,metric_score,-0.05666666666666659,5
price_family_ma9_structural_linked,alameda_county_ca__county,2025-06-30,median_sale_price,-0.44333333333333336,-0.2666666666666667,metric_score,0.17666666666666664,6
price_family_ma9_structural_linked,alameda_county_ca__county,2025-07-31,median_sale_price,-0.5800000000000001,-0.33000000000000007,metric_score,0.25,7
price_family_ma9_structural_linked,alameda_county_ca__county,2025-08-31,median_sale_price,-0.46,-0.4966666666666667,metric_score,-0.03666666666666668,8
price_family_ma9_structural_linked,alameda_county_ca__county,2025-09-30,median_sale_price,-0.10333333333333339,-0.47666666666666674,metric_score,-0.37333333333333335,9
price_family_ma9_structural_linked,alameda_county_ca__county,2025-10-31,median_sale_price,0.26000000000000006,-0.20333333333333337,metric_score,-0.46333333333333343,10
price_family_ma9_structural_linked,alameda_county_ca__county,2025-11-30,median_sale_price,-0.7133333333333334,-0.27,metric_score,0.44333333333333336,11
price_family_ma9_structural_linked,alameda_county_ca__county,2025-12-31,median_sale_price,-0.5866666666666667,-0.56,metric_score,0.026666666666666616,12
price_family_ma9_structural_linked,alameda_county_ca__county,2026-01-31,median_sale_price,-0.32666666666666666,-0.6433333333333333,metric_score,-0.31666666666666665,1
price_family_ma9_structural_linked,alameda_county_ca__county,2026-02-28,median_sale_price,0.12,-0.6533333333333333,metric_score,-0.7733333333333333,2
price_family_ma9_structural_linked,alameda_county_ca__county,2026-03-31,median_sale_price,0.12,-0.6166666666666667,metric_score,-0.7366666666666667,3
price_family_ma9_structural_linked,alameda_county_ca__county,2026-04-30,median_sale_price,-0.21333333333333332,-0.5066666666666666,metric_score,-0.2933333333333333,4
price_family_ma9_structural_linked,alameda_county_ca__county,2026-05-31,median_sale_price,0.5833333333333334,-0.14999999999999994,metric_score,-0.7333333333333333,5
price_family_ma9_structural_linked,alameda_county_ca__county,2015-11-30,payment_burden,-0.6666666666666667,-0.98,metric_score,-0.31333333333333324,11
price_family_ma9_structural_linked,alameda_county_ca__county,2015-12-31,payment_burden,0.14843414843414843,-0.6756756756756757,metric_score,-0.8241098241098241,12
price_family_ma9_structural_linked,alameda_county_ca__county,2016-01-31,payment_burden,0.3655761024182076,-0.5263157894736843,metric_score,-0.8918918918918919,1
price_family_ma9_structural_linked,alameda_county_ca__county,2016-02-29,payment_burden,0.3734335839598999,0.03663003663003654,metric_score,-0.33680354732986334,2
price_family_ma9_structural_linked,alameda_county_ca__county,2016-03-31,payment_burden,-0.16849816849816848,-0.04150579150579152,metric_score,0.12699237699237698,3
price_family_ma9_structural_linked,alameda_county_ca__county,2016-04-30,payment_burden,-0.46759581881533097,0.03869429671740326,metric_score,0.5062901155327342,4
price_family_ma9_structural_linked,alameda_county_ca__county,2016-05-31,payment_burden,-0.6286709805873568,-0.1915227629513344,metric_score,0.4371482176360224,5
price_family_ma9_structural_linked,alameda_county_ca__county,2016-06-30,payment_burden,-0.1523493118177503,-0.2584717607973422,metric_score,-0.10612244897959189,6
price_family_ma9_structural_linked,alameda_county_ca__county,2016-07-31,payment_burden,-0.03609181516158264,-0.1970224897054165,metric_score,-0.16093067454383386,7
price_family_ma9_structural_linked,alameda_county_ca__county,2016-08-31,payment_burden,0.0822510822510823,-0.23809523809523797,metric_score,-0.32034632034632027,8
price_family_ma9_structural_linked,alameda_county_ca__county,2016-09-30,payment_burden,0.28861283643892355,-0.286292069911888,metric_score,-0.5749049063508116,9
price_family_ma9_structural_linked,alameda_county_ca__county,2016-10-31,payment_burden,-0.20021144442976085,-0.45371649626968774,metric_score,-0.2535050518399269,10
price_family_ma9_structural_linked,alameda_county_ca__county,2016-11-30,payment_burden,-0.6661347517730497,-0.4669444444444444,metric_score,0.19919030732860532,11
price_family_ma9_structural_linked,alameda_county_ca__county,2016-12-31,payment_burden,0.563697370840228,-0.2388498525144488,metric_score,-0.8025472233546768,12
price_family_ma9_structural_linked,alameda_county_ca__county,2017-01-31,payment_burden,0.4038668098818474,-0.07466965285554315,metric_score,-0.4785364627373906,1
price_family_ma9_structural_linked,alameda_county_ca__county,2017-02-28,payment_burden,-0.19797285067873302,-0.07484917043740566,metric_score,0.12312368024132736,2
price_family_ma9_structural_linked,alameda_county_ca__county,2017-03-31,payment_burden,-0.6647812971342383,-0.23565149136577712,metric_score,0.42912980576846116,3
price_family_ma9_structural_linked,alameda_county_ca__county,2017-04-30,payment_burden,-0.6258664023505257,-0.1589323515876668,metric_score,0.4669340507628589,4
price_family_ma9_structural_linked,alameda_county_ca__county,2017-05-31,payment_burden,-0.1347609064590196,-0.17186430127606603,metric_score,-0.037103394817046415,5
price_family_ma9_structural_linked,alameda_county_ca__county,2017-06-30,payment_burden,-0.7484840654608096,-0.20637502032850874,metric_score,0.5421090451323008,6
price_family_ma9_structural_linked,alameda_county_ca__county,2017-07-31,payment_burden,-0.5524675324675324,-0.6012496937025239,metric_score,-0.04878216123499146,7
price_family_ma9_structural_linked,alameda_county_ca__county,2017-08-31,payment_burden,-0.2537593984962406,-0.512046783625731,metric_score,-0.2582873851294904,8
price_family_ma9_structural_linked,alameda_county_ca__county,2017-09-30,payment_burden,-0.07194560614429622,-0.4925446367725228,metric_score,-0.42059903062822657,9
price_family_ma9_structural_linked,alameda_county_ca__county,2017-10-31,payment_burden,-0.7366054441225113,-0.6272757714697852,metric_score,0.10932967265272608,10
price_family_ma9_structural_linked,alameda_county_ca__county,2017-11-30,payment_burden,-0.3627824858757063,-0.5167543859649123,metric_score,-0.15397190008920603,11
price_family_ma9_structural_linked,alameda_county_ca__county,2017-12-31,payment_burden,0.1100345712055314,-0.05176913048995736,metric_score,-0.16180370169548874,12
price_family_ma9_structural_linked,alameda_county_ca__county,2018-01-31,payment_burden,0.25690111052353254,-0.1542963367960634,metric_score,-0.41119744731959595,1
price_family_ma9_structural_linked,alameda_county_ca__county,2018-02-28,payment_burden,-0.3956326616668173,-0.47688141923436034,metric_score,-0.08124875756754302,2
price_family_ma9_structural_linked,alameda_county_ca__county,2018-03-31,payment_burden,-0.7863369963369964,-0.7678688524590164,metric_score,0.018468143877980014,3
price_family_ma9_structural_linked,alameda_county_ca__county,2018-04-30,payment_burden,-0.7830424528301887,-0.8009555690809496,metric_score,-0.017913116250760863,4
price_family_ma9_structural_linked,alameda_county_ca__county,2018-05-31,payment_burden,-0.8064102564102563,-0.8122222222222223,metric_score,-0.005811965811965969,5
price_family_ma9_structural_linked,alameda_county_ca__county,2018-06-30,payment_burden,-0.7875757575757575,-0.8214772727272727,metric_score,-0.03390151515151518,6
price_family_ma9_structural_linked,alameda_county_ca__county,2018-07-31,payment_burden,-0.47783770224507705,-0.7613736263736264,metric_score,-0.28353592412854933,7
price_family_ma9_structural_linked,alameda_county_ca__county,2018-08-31,payment_burden,-0.6054381477991655,-0.7376874003189793,metric_score,-0.1322492525198138,8
price_family_ma9_structural_linked,alameda_county_ca__county,2018-09-30,payment_burden,-0.5410651816948668,-0.7563921770458054,metric_score,-0.21532699535093858,9
price_family_ma9_structural_linked,alameda_county_ca__county,2018-10-31,payment_burden,-0.6725164546601643,-0.8482253240279162,metric_score,-0.17570886936775187,10
price_family_ma9_structural_linked,alameda_county_ca__county,2018-11-30,payment_burden,-0.5534585289514866,-0.8346376811594203,metric_score,-0.28117915220793366,11
price_family_ma9_structural_linked,alameda_county_ca__county,2018-12-31,payment_burden,0.18303640492052803,-0.3947168842834686,metric_score,-0.5777532892039967,12
price_family_ma9_structural_linked,alameda_county_ca__county,2019-01-31,payment_burden,0.44285151258195893,-0.29025627171924306,metric_score,-0.7331077843012019,1
price_family_ma9_structural_linked,alameda_county_ca__county,2019-02-28,payment_burden,0.22023166023166035,-0.007460317460317362,metric_score,-0.22769197769197771,2
price_family_ma9_structural_linked,alameda_county_ca__county,2019-03-31,payment_burden,0.046962719298245637,0.15330749819754871,metric_score,0.10634477889930308,3
price_family_ma9_structural_linked,alameda_county_ca__county,2019-04-30,payment_burden,0.19616909406383093,0.24622728622728624,metric_score,0.050058192163455306,4
price_family_ma9_structural_linked,alameda_county_ca__county,2019-05-31,payment_burden,0.03399933399933397,0.28372960372960376,metric_score,0.2497302697302698,5
price_family_ma9_structural_linked,alameda_county_ca__county,2019-06-30,payment_burden,0.2832875544381307,0.4953752224884903,metric_score,0.2120876680503596,6
price_family_ma9_structural_linked,alameda_county_ca__county,2019-07-31,payment_burden,0.38583395383469843,0.49344919786096253,metric_score,0.1076152440262641,7
price_family_ma9_structural_linked,alameda_county_ca__county,2019-08-31,payment_burden,0.613966720343532,0.5666129898013956,metric_score,-0.04735373054213632,8
price_family_ma9_structural_linked,alameda_county_ca__county,2019-09-30,payment_burden,0.6790932163289887,0.514182507828695,metric_score,-0.16491070850029366,9
price_family_ma9_structural_linked,alameda_county_ca__county,2019-10-31,payment_burden,0.31923861712738966,0.32257339216019015,metric_score,0.0033347750328004966,10
price_family_ma9_structural_linked,alameda_county_ca__county,2019-11-30,payment_burden,0.7050917957544464,0.2020723104056437,metric_score,-0.5030194853488027,11
price_family_ma9_structural_linked,alameda_county_ca__county,2019-12-31,payment_burden,0.7832661831856029,0.6828639374226135,metric_score,-0.1004022457629894,12
price_family_ma9_structural_linked,alameda_county_ca__county,2020-01-31,payment_burden,0.7834251488150257,0.7315698999644082,metric_score,-0.05185524885061743,1
price_family_ma9_structural_linked,alameda_county_ca__county,2020-02-29,payment_burden,0.5871970061480888,0.8180098522167488,metric_score,0.23081284606866004,2
price_family_ma9_structural_linked,alameda_county_ca__county,2020-03-31,payment_burden,0.47647115437496557,0.7494286518435125,metric_score,0.2729574974685469,3
price_family_ma9_structural_linked,alameda_county_ca__county,2020-04-30,payment_burden,0.28807091784619876,0.7294411885475381,metric_score,0.4413702707013394,4
price_family_ma9_structural_linked,alameda_county_ca__county,2020-05-31,payment_burden,0.7890521463555171,0.6927497789566754,metric_score,-0.09630236739884168,5
price_family_ma9_structural_linked,alameda_county_ca__county,2020-06-30,payment_burden,0.4114242438293071,0.673193894712882,metric_score,0.26176965088357496,6
price_family_ma9_structural_linked,alameda_county_ca__county,2020-07-31,payment_burden,0.6525967510750119,0.6878199804592087,metric_score,0.03522322938419675,7
price_family_ma9_structural_linked,alameda_county_ca__county,2020-08-31,payment_burden,0.39666510830606194,0.643584229390681,metric_score,0.2469191210846191,8
price_family_ma9_structural_linked,alameda_county_ca__county,2020-09-30,payment_burden,0.4084938982540134,0.6032681900351854,metric_score,0.194774291781172,9
price_family_ma9_structural_linked,alameda_county_ca__county,2020-10-31,payment_burden,0.6126067540036968,0.5296876292354774,metric_score,-0.08291912476821939,10
price_family_ma9_structural_linked,alameda_county_ca__county,2020-11-30,payment_burden,0.4709335839598997,0.4863575268817204,metric_score,0.0154239429218207,11
price_family_ma9_structural_linked,alameda_county_ca__county,2020-12-31,payment_burden,0.2710693349504751,0.2786813413674309,metric_score,0.007612006416955808,12
price_family_ma9_structural_linked,alameda_county_ca__county,2021-01-31,payment_burden,0.3023931030096046,0.2223560562535907,metric_score,-0.08003704675601389,1
price_family_ma9_structural_linked,alameda_county_ca__county,2021-02-28,payment_burden,-0.11573013740501426,0.00836381051898294,metric_score,0.1240939479239972,2
price_family_ma9_structural_linked,alameda_county_ca__county,2021-03-31,payment_burden,-0.6133333333333333,-0.32746485473289594,metric_score,0.28586847860043735,3
price_family_ma9_structural_linked,alameda_county_ca__county,2021-04-30,payment_burden,-0.8504416509066637,-0.5058127734351054,metric_score,0.34462887747155824,4
price_family_ma9_structural_linked,alameda_county_ca__county,2021-05-31,payment_burden,-0.78130460104834,-0.58465834818776,metric_score,0.19664625286058002,5
price_family_ma9_structural_linked,alameda_county_ca__county,2021-06-30,payment_burden,-0.68669122615439,-0.6790888722927557,metric_score,0.007602353861634326,6
price_family_ma9_structural_linked,alameda_county_ca__county,2021-07-31,payment_burden,-0.6122885345975257,-0.6681140103976952,metric_score,-0.0558254758001695,7
price_family_ma9_structural_linked,alameda_county_ca__county,2021-08-31,payment_burden,-0.6167021150892118,-0.7195445920303605,metric_score,-0.10284247694114867,8
price_family_ma9_structural_linked,alameda_county_ca__county,2021-09-30,payment_burden,-0.49171378868689186,-0.7702751263772883,metric_score,-0.2785613376903965,9
price_family_ma9_structural_linked,alameda_county_ca__county,2021-10-31,payment_burden,-0.7322310183853213,-0.8867997275719853,metric_score,-0.154568709186664,10
price_family_ma9_structural_linked,alameda_county_ca__county,2021-11-30,payment_burden,-0.51750822083766,-0.889537037037037,metric_score,-0.372028816199377,11
price_family_ma9_structural_linked,alameda_county_ca__county,2021-12-31,payment_burden,-0.02001674425773539,-0.6326684738092221,metric_score,-0.6126517295514867,12
price_family_ma9_structural_linked,alameda_county_ca__county,2022-01-31,payment_burden,-0.6015591223979166,-0.6796525237112687,metric_score,-0.07809340131335207,1
price_family_ma9_structural_linked,alameda_county_ca__county,2022-02-28,payment_burden,-0.9524242424242424,-0.7927563927563928,metric_score,0.15966784966784964,2
price_family_ma9_structural_linked,alameda_county_ca__county,2022-03-31,payment_burden,-0.9575855855855855,-0.9333211009174311,metric_score,0.02426448466815434,3
price_family_ma9_structural_linked,alameda_county_ca__county,2022-04-30,payment_burden,-0.98,-0.9649054905490548,metric_score,0.015094509450945148,4
price_family_ma9_structural_linked,alameda_county_ca__county,2022-05-31,payment_burden,-0.8530265486725663,-0.9710280869104398,metric_score,-0.11800153823787352,5
price_family_ma9_structural_linked,alameda_county_ca__county,2022-06-30,payment_burden,-0.7432617952648612,-0.9697142857142858,metric_score,-0.2264524904494245,6
price_family_ma9_structural_linked,alameda_county_ca__county,2022-07-31,payment_burden,-0.5569138507669242,-0.9430633083730429,metric_score,-0.38614945760611863,7
price_family_ma9_structural_linked,alameda_county_ca__county,2022-08-31,payment_burden,-0.48364447812723677,-0.7508257824047297,metric_score,-0.267181304277493,8
price_family_ma9_structural_linked,alameda_county_ca__county,2022-09-30,payment_burden,-0.8512653781921451,-0.9318260869565218,metric_score,-0.08056070876437671,9
price_family_ma9_structural_linked,alameda_county_ca__county,2022-10-31,payment_burden,-0.9738305084745762,-0.9667586206896552,metric_score,0.0070718877849209605,10
price_family_ma9_structural_linked,alameda_county_ca__county,2022-11-30,payment_burden,-0.5758636788048552,-0.966905982905983,metric_score,-0.3910423041011277,11
price_family_ma9_structural_linked,alameda_county_ca__county,2022-12-31,payment_burden,-0.43542201834862393,-0.49199968900637536,metric_score,-0.05657767065775143,12
price_family_ma9_structural_linked,alameda_county_ca__county,2023-01-31,payment_burden,-0.39303030303030306,-0.4282424242424243,metric_score,-0.03521212121212125,1
price_family_ma9_structural_linked,alameda_county_ca__county,2023-02-28,payment_burden,-0.2779279279279279,-0.3639099099099099,metric_score,-0.08598198198198198,2
price_family_ma9_structural_linked,alameda_county_ca__county,2023-03-31,payment_burden,-0.5911904761904762,-0.3283333333333333,metric_score,0.26285714285714284,3
price_family_ma9_structural_linked,alameda_county_ca__county,2023-04-30,payment_burden,-0.23007374631268435,-0.06483775811209441,metric_score,0.16523598820058993,4
price_family_ma9_structural_linked,alameda_county_ca__county,2023-05-31,payment_burden,-0.38421052631578945,-0.13526315789473686,metric_score,0.24894736842105258,5
price_family_ma9_structural_linked,alameda_county_ca__county,2023-06-30,payment_burden,-0.26579710144927526,-0.24934782608695658,metric_score,0.016449275362318688,6
price_family_ma9_structural_linked,alameda_county_ca__county,2023-07-31,payment_burden,-0.46293103448275863,-0.3922988505747127,metric_score,0.07063218390804593,7
price_family_ma9_structural_linked,alameda_county_ca__county,2023-08-31,payment_burden,-0.6085897435897436,-0.4944871794871795,metric_score,0.11410256410256409,8
price_family_ma9_structural_linked,alameda_county_ca__county,2023-09-30,payment_burden,-0.7084463276836158,-0.42511299435028255,metric_score,0.28333333333333327,9
price_family_ma9_structural_linked,alameda_county_ca__county,2023-10-31,payment_burden,-0.4064705882352941,-0.4407142857142857,metric_score,-0.03424369747899164,10
price_family_ma9_structural_linked,alameda_county_ca__county,2023-11-30,payment_burden,-0.43000000000000005,-0.45333333333333337,metric_score,-0.023333333333333317,11
price_family_ma9_structural_linked,alameda_county_ca__county,2023-12-31,payment_burden,-0.32833333333333325,-0.4600000000000001,metric_score,-0.13166666666666682,12
price_family_ma9_structural_linked,alameda_county_ca__county,2024-01-31,payment_burden,-0.2833333333333334,-0.31166666666666676,metric_score,-0.028333333333333377,1
price_family_ma9_structural_linked,alameda_county_ca__county,2024-02-29,payment_burden,-0.8766666666666667,-0.3883333333333333,metric_score,0.4883333333333334,2
price_family_ma9_structural_linked,alameda_county_ca__county,2024-03-31,payment_burden,-0.8600000000000001,-0.5383333333333333,metric_score,0.32166666666666677,3
price_family_ma9_structural_linked,alameda_county_ca__county,2024-04-30,payment_burden,-0.8816666666666667,-0.77,metric_score,0.11166666666666669,4
price_family_ma9_structural_linked,alameda_county_ca__county,2024-05-31,payment_burden,-0.6516666666666666,-0.82,metric_score,-0.16833333333333333,5
price_family_ma9_structural_linked,alameda_county_ca__county,2024-06-30,payment_burden,-0.6533333333333332,-0.72,metric_score,-0.06666666666666676,6
price_family_ma9_structural_linked,alameda_county_ca__county,2024-07-31,payment_burden,-0.3699999999999999,-0.6050000000000001,metric_score,-0.2350000000000002,7
price_family_ma9_structural_linked,alameda_county_ca__county,2024-08-31,payment_burden,-0.02166666666666664,-0.36166666666666675,metric_score,-0.3400000000000001,8
price_family_ma9_structural_linked,alameda_county_ca__county,2024-09-30,payment_burden,-0.12833333333333338,-0.16166666666666663,metric_score,-0.03333333333333324,9
price_family_ma9_structural_linked,alameda_county_ca__county,2024-10-31,payment_burden,-0.23333333333333342,-0.23166666666666674,metric_score,0.0016666666666666774,10
price_family_ma9_structural_linked,alameda_county_ca__county,2024-11-30,payment_burden,-0.4516666666666667,-0.5666666666666667,metric_score,-0.11499999999999994,11
price_family_ma9_structural_linked,alameda_county_ca__county,2024-12-31,payment_burden,0.09499999999999997,-0.1266666666666667,metric_score,-0.22166666666666668,12
price_family_ma9_structural_linked,alameda_county_ca__county,2025-01-31,payment_burden,0.18500000000000003,-0.06833333333333334,metric_score,-0.25333333333333335,1
price_family_ma9_structural_linked,alameda_county_ca__county,2025-02-28,payment_burden,-0.3676666666666666,0.0633333333333333,metric_score,0.4309999999999999,2
price_family_ma9_structural_linked,alameda_county_ca__county,2025-03-31,payment_burden,-0.3233333333333333,0.04666666666666666,metric_score,0.37,3
price_family_ma9_structural_linked,alameda_county_ca__county,2025-04-30,payment_burden,-0.038333333333333275,0.02999999999999997,metric_score,0.06833333333333325,4
price_family_ma9_structural_linked,alameda_county_ca__county,2025-05-31,payment_burden,-0.10999999999999999,-0.04666666666666666,metric_score,0.06333333333333332,5
price_family_ma9_structural_linked,alameda_county_ca__county,2025-06-30,payment_burden,0.06833333333333325,-0.1366666666666667,metric_score,-0.20499999999999993,6
price_family_ma9_structural_linked,alameda_county_ca__county,2025-07-31,payment_burden,0.17666666666666658,-0.014999999999999958,metric_score,-0.19166666666666654,7
price_family_ma9_structural_linked,alameda_county_ca__county,2025-08-31,payment_burden,0.11333333333333337,0.05833333333333329,metric_score,-0.05500000000000008,8
price_family_ma9_structural_linked,alameda_county_ca__county,2025-09-30,payment_burden,0.004999999999999977,0.1216666666666667,metric_score,0.11666666666666672,9
price_family_ma9_structural_linked,alameda_county_ca__county,2025-10-31,payment_burden,-0.1683333333333334,0.13666666666666666,metric_score,0.30500000000000005,10
price_family_ma9_structural_linked,alameda_county_ca__county,2025-11-30,payment_burden,0.32399999999999995,0.19,metric_score,-0.13399999999999995,11
price_family_ma9_structural_linked,alameda_county_ca__county,2025-12-31,payment_burden,0.27333333333333343,0.155,metric_score,-0.11833333333333343,12
price_family_ma9_structural_linked,alameda_county_ca__county,2026-01-31,payment_burden,0.23666666666666664,0.2766666666666666,metric_score,0.03999999999999998,1
price_family_ma9_structural_linked,alameda_county_ca__county,2026-02-28,payment_burden,-0.10666666666666663,0.2816666666666666,metric_score,0.38833333333333325,2
price_family_ma9_structural_linked,alameda_county_ca__county,2026-03-31,payment_burden,-0.17333333333333342,0.15166666666666664,metric_score,0.32500000000000007,3
price_family_ma9_structural_linked,alameda_county_ca__county,2026-04-30,payment_burden,-0.08166666666666678,-0.006666666666666682,metric_score,0.0750000000000001,4
price_family_ma9_structural_linked,alameda_county_ca__county,2026-05-31,payment_burden,-0.5566666666666666,-0.16166666666666674,metric_score,0.3949999999999999,5
price_family_ma9_structural_linked,alameda_county_ca__county,2015-11-30,price_to_income,-0.7222222222222223,-0.98,metric_score,-0.25777777777777766,11
price_family_ma9_structural_linked,alameda_county_ca__county,2015-12-31,price_to_income,0.08708708708708705,-0.7837837837837838,metric_score,-0.8708708708708708,12
price_family_ma9_structural_linked,alameda_county_ca__county,2016-01-31,price_to_income,0.10912416175574077,-0.6842105263157894,metric_score,-0.7933346880715302,1
price_family_ma9_structural_linked,alameda_county_ca__county,2016-02-29,price_to_income,-0.024869866975130127,-0.1672771672771672,metric_score,-0.14240730030203708,2
price_family_ma9_structural_linked,alameda_county_ca__county,2016-03-31,price_to_income,-0.41849816849816857,-0.24613899613899617,metric_score,0.1723591723591724,3
price_family_ma9_structural_linked,alameda_county_ca__county,2016-04-30,price_to_income,-0.82404181184669,-0.3350449293966623,metric_score,0.4889968824500277,4
price_family_ma9_structural_linked,alameda_county_ca__county,2016-05-31,price_to_income,-0.8463414634146341,-0.5316588173731032,metric_score,0.31468264604153096,5
price_family_ma9_structural_linked,alameda_county_ca__county,2016-06-30,price_to_income,-0.4513526340768866,-0.6192691029900332,metric_score,-0.16791646891314665,6
price_family_ma9_structural_linked,alameda_county_ca__county,2016-07-31,price_to_income,-0.6559951676230746,-0.6284447260057017,metric_score,0.027550441617372967,7
price_family_ma9_structural_linked,alameda_county_ca__county,2016-08-31,price_to_income,-0.3621933621933622,-0.6417233560090703,metric_score,-0.2795299938157081,8
price_family_ma9_structural_linked,alameda_county_ca__county,2016-09-30,price_to_income,-0.03326432022084198,-0.6101401126679186,metric_score,-0.5768757924470765,9
price_family_ma9_structural_linked,alameda_county_ca__county,2016-10-31,price_to_income,-0.6077705827937095,-0.6059684995855208,metric_score,0.001802083208188754,10
price_family_ma9_structural_linked,alameda_county_ca__county,2016-11-30,price_to_income,-0.5773936170212766,-0.1844444444444444,metric_score,0.39294917257683215,11
price_family_ma9_structural_linked,alameda_county_ca__county,2016-12-31,price_to_income,0.6693280014708587,0.39496390800738634,metric_score,-0.27436409346347235,12
price_family_ma9_structural_linked,alameda_county_ca__county,2017-01-31,price_to_income,0.5496455424274973,0.4156998880179171,metric_score,-0.13394565440958023,1
price_family_ma9_structural_linked,alameda_county_ca__county,2017-02-28,price_to_income,0.1870889894419306,0.4314856711915535,metric_score,0.24439668174962292,2
price_family_ma9_structural_linked,alameda_county_ca__county,2017-03-31,price_to_income,-0.18324283559577673,0.25695447409733124,metric_score,0.440197309693108,3
price_family_ma9_structural_linked,alameda_county_ca__county,2017-04-30,price_to_income,-0.2333781726786789,0.16818775885872064,metric_score,0.40156593153739956,4
price_family_ma9_structural_linked,alameda_county_ca__county,2017-05-31,price_to_income,0.1881301786962164,0.11431683784624963,metric_score,-0.07381334084996677,5
price_family_ma9_structural_linked,alameda_county_ca__county,2017-06-30,price_to_income,-0.6041257536606375,-0.12844364937388203,metric_score,0.47568210428675545,6
price_family_ma9_structural_linked,alameda_county_ca__county,2017-07-31,price_to_income,-0.1982467532467532,-0.21529037000735113,metric_score,-0.01704361676059793,7
price_family_ma9_structural_linked,alameda_county_ca__county,2017-08-31,price_to_income,0.015213032581453678,-0.22089668615984404,metric_score,-0.2361097187412977,8
price_family_ma9_structural_linked,alameda_county_ca__county,2017-09-30,price_to_income,0.08022304637155107,-0.2551369769660624,metric_score,-0.3353600233376135,9
price_family_ma9_structural_linked,alameda_county_ca__county,2017-10-31,price_to_income,-0.5355061740676723,-0.3110066457163465,metric_score,0.2244995283513258,10
price_family_ma9_structural_linked,alameda_county_ca__county,2017-11-30,price_to_income,-0.20805084745762709,-0.40701754385964906,metric_score,-0.19896669640202197,11
price_family_ma9_structural_linked,alameda_county_ca__county,2017-12-31,price_to_income,0.05295862607338017,0.02759774345012171,metric_score,-0.02536088262325846,12
price_family_ma9_structural_linked,alameda_county_ca__county,2018-01-31,price_to_income,0.2285732416710735,0.054993985784581645,metric_score,-0.17357925588649187,1
price_family_ma9_structural_linked,alameda_county_ca__county,2018-02-28,price_to_income,0.040432517092858694,-0.06526610644257706,metric_score,-0.10569862353543576,2
price_family_ma9_structural_linked,alameda_county_ca__county,2018-03-31,price_to_income,-0.4037889194139195,-0.11034047919293821,metric_score,0.29344844022098127,3
price_family_ma9_structural_linked,alameda_county_ca__county,2018-04-30,price_to_income,-0.6061411465892598,-0.17560747225993728,metric_score,0.4305336743293225,4
price_family_ma9_structural_linked,alameda_county_ca__county,2018-05-31,price_to_income,-0.6756410256410256,-0.4072150072150072,metric_score,0.2684260184260184,5
price_family_ma9_structural_linked,alameda_county_ca__county,2018-06-30,price_to_income,-0.67,-0.6025322252374491,metric_score,0.06746777476255095,6
price_family_ma9_structural_linked,alameda_county_ca__county,2018-07-31,price_to_income,-0.2588078514988084,-0.6104234001292825,metric_score,-0.3516155486304741,7
price_family_ma9_structural_linked,alameda_county_ca__county,2018-08-31,price_to_income,-0.3226993314488266,-0.6024401913875598,metric_score,-0.27974085993873316,8
price_family_ma9_structural_linked,alameda_county_ca__county,2018-09-30,price_to_income,-0.08078103805240229,-0.4233504889346371,metric_score,-0.34256945088223484,9
price_family_ma9_structural_linked,alameda_county_ca__county,2018-10-31,price_to_income,-0.04709340790505745,-0.35111665004985043,metric_score,-0.304023242144793,10
price_family_ma9_structural_linked,alameda_county_ca__county,2018-11-30,price_to_income,0.15375586854460094,-0.3139130434782609,metric_score,-0.4676689120228618,11
price_family_ma9_structural_linked,alameda_county_ca__county,2018-12-31,price_to_income,0.6678468947276492,0.03390715729363833,metric_score,-0.6339397374340109,12
price_family_ma9_structural_linked,alameda_county_ca__county,2019-01-31,price_to_income,0.6802319332146993,0.12013089873153476,metric_score,-0.5601010344831645,1
price_family_ma9_structural_linked,alameda_county_ca__county,2019-02-28,price_to_income,0.3255598455598455,0.2117460317460318,metric_score,-0.11381381381381372,2
price_family_ma9_structural_linked,alameda_county_ca__county,2019-03-31,price_to_income,0.18162280701754382,0.32185922855082905,metric_score,0.14023642153328522,3
price_family_ma9_structural_linked,alameda_county_ca__county,2019-04-30,price_to_income,0.2421704611178296,0.3776094176094176,metric_score,0.13543895649158796,4
price_family_ma9_structural_linked,alameda_county_ca__county,2019-05-31,price_to_income,0.12957042957042958,0.40772960372960365,metric_score,0.27815917415917407,5
price_family_ma9_structural_linked,alameda_county_ca__county,2019-06-30,price_to_income,0.07913305914439481,0.32782025913072876,metric_score,0.24868719998633396,6
price_family_ma9_structural_linked,alameda_county_ca__county,2019-07-31,price_to_income,0.24417349218168288,0.2707219251336899,metric_score,0.02654843295200704,7
price_family_ma9_structural_linked,alameda_county_ca__county,2019-08-31,price_to_income,0.34404455179817495,0.2078285643503035,metric_score,-0.13621598744787144,8
price_family_ma9_structural_linked,alameda_county_ca__county,2019-09-30,price_to_income,0.46581494386372435,0.151539716843823,metric_score,-0.31427522701990135,9
price_family_ma9_structural_linked,alameda_county_ca__county,2019-10-31,price_to_income,0.11222657721231884,0.04406244697098255,metric_score,-0.06816413024133629,10
price_family_ma9_structural_linked,alameda_county_ca__county,2019-11-30,price_to_income,0.521873207114171,0.03514109347442679,metric_score,-0.48673211363974417,11
price_family_ma9_structural_linked,alameda_county_ca__county,2019-12-31,price_to_income,0.6117186600667665,0.579174937599497,metric_score,-0.03254372246726944,12
price_family_ma9_structural_linked,alameda_county_ca__county,2020-01-31,price_to_income,0.6661566902059378,0.6104715530885325,metric_score,-0.0556851371174053,1
price_family_ma9_structural_linked,alameda_county_ca__county,2020-02-29,price_to_income,0.3536209569633788,0.6248341543513958,metric_score,0.27121319738801697,2
price_family_ma9_structural_linked,alameda_county_ca__county,2020-03-31,price_to_income,0.225596711213771,0.5542077117928511,metric_score,0.3286110005790801,3
price_family_ma9_structural_linked,alameda_county_ca__county,2020-04-30,price_to_income,-0.3091419816138917,0.46630536957163554,metric_score,0.7754473511855273,4
price_family_ma9_structural_linked,alameda_county_ca__county,2020-05-31,price_to_income,0.5127628925381734,0.41954022988505757,metric_score,-0.09322266265311585,5
price_family_ma9_structural_linked,alameda_county_ca__county,2020-06-30,price_to_income,-0.053266564658969756,0.29841108258829785,metric_score,0.3516776472472676,6
price_family_ma9_structural_linked,alameda_county_ca__county,2020-07-31,price_to_income,0.15191471571906356,0.24782852955544699,metric_score,0.09591381383638342,7
price_family_ma9_structural_linked,alameda_county_ca__county,2020-08-31,price_to_income,-0.23964988831748998,0.10652329749103942,metric_score,0.3461731858085294,8
price_family_ma9_structural_linked,alameda_county_ca__county,2020-09-30,price_to_income,-0.3668441111315711,-0.028048495355189745,metric_score,0.3387956157763814,9
price_family_ma9_structural_linked,alameda_county_ca__county,2020-10-31,price_to_income,-0.01278484599090652,-0.2475310854401589,metric_score,-0.23474623944925238,10
price_family_ma9_structural_linked,alameda_county_ca__county,2020-11-30,price_to_income,-0.4045394736842105,-0.3650345622119816,metric_score,0.0395049114722289,11
price_family_ma9_structural_linked,alameda_county_ca__county,2020-12-31,price_to_income,-0.6725667070952093,-0.8339604918519282,metric_score,-0.16139378475671895,12
price_family_ma9_structural_linked,alameda_county_ca__county,2021-01-31,price_to_income,-0.4202941593803669,-0.8097219793670223,metric_score,-0.3894278199866554,1
price_family_ma9_structural_linked,alameda_county_ca__county,2021-02-28,price_to_income,-0.8291145089174646,-0.8313349007314524,metric_score,-0.00222039181398781,2
price_family_ma9_structural_linked,alameda_county_ca__county,2021-03-31,price_to_income,-0.9291414141414142,-0.6767666354264292,metric_score,0.2523747787149849,3
price_family_ma9_structural_linked,alameda_county_ca__county,2021-04-30,price_to_income,-0.9577752808988764,-0.7946319651456087,metric_score,0.16314331575326768,4
price_family_ma9_structural_linked,alameda_county_ca__county,2021-05-31,price_to_income,-0.9285544554455445,-0.9029292929292929,metric_score,0.025625162516251576,5
price_family_ma9_structural_linked,alameda_county_ca__county,2021-06-30,price_to_income,-0.7572053436759318,-0.911846153846154,metric_score,-0.15464081017022213,6
price_family_ma9_structural_linked,alameda_county_ca__county,2021-07-31,price_to_income,-0.7854200084423807,-0.9191863969005596,metric_score,-0.1337663884581789,7
price_family_ma9_structural_linked,alameda_county_ca__county,2021-08-31,price_to_income,-0.7257320099255584,-0.9224478178368121,metric_score,-0.19671580791125365,8
price_family_ma9_structural_linked,alameda_county_ca__county,2021-09-30,price_to_income,-0.5747261570224236,-0.915366659781037,metric_score,-0.34064050275861346,9
price_family_ma9_structural_linked,alameda_county_ca__county,2021-10-31,price_to_income,-0.7398164252104428,-0.9122672064777327,metric_score,-0.17245078126728997,10
price_family_ma9_structural_linked,alameda_county_ca__county,2021-11-30,price_to_income,-0.580367341640706,-0.8877380952380953,metric_score,-0.3073707535973893,11
price_family_ma9_structural_linked,alameda_county_ca__county,2021-12-31,price_to_income,-0.31276241719824427,-0.5492909136658167,metric_score,-0.23652849646757246,12
price_family_ma9_structural_linked,alameda_county_ca__county,2022-01-31,price_to_income,-0.5186958519854982,-0.5010004681566764,metric_score,0.017695383828821742,1
price_family_ma9_structural_linked,alameda_county_ca__county,2022-02-28,price_to_income,-0.8235217035217035,-0.4727181727181726,metric_score,0.3508035308035309,2
price_family_ma9_structural_linked,alameda_county_ca__county,2022-03-31,price_to_income,-0.8327567567567568,-0.5466454783748361,metric_score,0.28611127838192063,3
price_family_ma9_structural_linked,alameda_county_ca__county,2022-04-30,price_to_income,-0.8687835926449787,-0.6192405789251492,metric_score,0.24954301371982957,4
price_family_ma9_structural_linked,alameda_county_ca__county,2022-05-31,price_to_income,-0.6093649141072358,-0.6680604133545309,metric_score,-0.05869549924729511,5
price_family_ma9_structural_linked,alameda_county_ca__county,2022-06-30,price_to_income,-0.3602615656913495,-0.7116712898751734,metric_score,-0.3514097241838239,6
price_family_ma9_structural_linked,alameda_county_ca__county,2022-07-31,price_to_income,-0.05060777303655867,-0.651861810755616,metric_score,-0.6012540377190574,7
price_family_ma9_structural_linked,alameda_county_ca__county,2022-08-31,price_to_income,0.07719506547092753,-0.5584210526315789,metric_score,-0.6356161181025064,8
price_family_ma9_structural_linked,alameda_county_ca__county,2022-09-30,price_to_income,0.10046095900333182,-0.4208777686628384,metric_score,-0.5213387276661702,9
price_family_ma9_structural_linked,alameda_county_ca__county,2022-10-31,price_to_income,-0.3179620018449325,-0.34533354817918144,metric_score,-0.02737154633424893,10
price_family_ma9_structural_linked,alameda_county_ca__county,2022-11-30,price_to_income,0.08408029878618117,-0.2636752136752137,metric_score,-0.34775551246139486,11
price_family_ma9_structural_linked,alameda_county_ca__county,2022-12-31,price_to_income,0.7483333333333333,0.14833333333333332,metric_score,-0.6,12
price_family_ma9_structural_linked,alameda_county_ca__county,2023-01-31,price_to_income,0.794,0.18999999999999995,metric_score,-0.6040000000000001,1
price_family_ma9_structural_linked,alameda_county_ca__county,2023-02-28,price_to_income,0.6673333333333333,0.30666666666666664,metric_score,-0.3606666666666667,2
price_family_ma9_structural_linked,alameda_county_ca__county,2023-03-31,price_to_income,0.1516190476190476,0.36900000000000005,metric_score,0.21738095238095245,3
price_family_ma9_structural_linked,alameda_county_ca__county,2023-04-30,price_to_income,0.04604719764011794,0.3923333333333333,metric_score,0.34628613569321537,4
price_family_ma9_structural_linked,alameda_county_ca__county,2023-05-31,price_to_income,-0.17271929824561405,0.32066666666666666,metric_score,0.4933859649122807,5
price_family_ma9_structural_linked,alameda_county_ca__county,2023-06-30,price_to_income,0.14557971014492754,0.2089999999999999,metric_score,0.06342028985507236,6
price_family_ma9_structural_linked,alameda_county_ca__county,2023-07-31,price_to_income,-0.04137931034482767,0.17233333333333328,metric_score,0.21371264367816095,7
price_family_ma9_structural_linked,alameda_county_ca__county,2023-08-31,price_to_income,0.0785897435897436,0.1312820512820513,metric_score,0.052692307692307705,8
price_family_ma9_structural_linked,alameda_county_ca__county,2023-09-30,price_to_income,-0.30838983050847457,0.01949152542372884,metric_score,0.3278813559322034,9
price_family_ma9_structural_linked,alameda_county_ca__county,2023-10-31,price_to_income,0.10782913165266114,-0.11362745098039218,metric_score,-0.22145658263305332,10
price_family_ma9_structural_linked,alameda_county_ca__county,2023-11-30,price_to_income,-0.2,-0.235,metric_score,-0.034999999999999976,11
price_family_ma9_structural_linked,alameda_county_ca__county,2023-12-31,price_to_income,0.16333333333333336,-0.41500000000000004,metric_score,-0.5783333333333334,12
price_family_ma9_structural_linked,alameda_county_ca__county,2024-01-31,price_to_income,0.3666666666666667,-0.30166666666666664,metric_score,-0.6683333333333333,1
price_family_ma9_structural_linked,alameda_county_ca__county,2024-02-29,price_to_income,-0.7876666666666666,-0.365,metric_score,0.42266666666666663,2
price_family_ma9_structural_linked,alameda_county_ca__county,2024-03-31,price_to_income,-0.8049999999999999,-0.41333333333333333,metric_score,0.3916666666666666,3
price_family_ma9_structural_linked,alameda_county_ca__county,2024-04-30,price_to_income,-0.7766666666666666,-0.5516666666666666,metric_score,0.22499999999999998,4
price_family_ma9_structural_linked,alameda_county_ca__county,2024-05-31,price_to_income,-0.51,-0.6483333333333333,metric_score,-0.1383333333333333,5
price_family_ma9_structural_linked,alameda_county_ca__county,2024-06-30,price_to_income,-0.6633333333333333,-0.6616666666666666,metric_score,0.0016666666666667052,6
price_family_ma9_structural_linked,alameda_county_ca__county,2024-07-31,price_to_income,-0.33000000000000007,-0.6433333333333333,metric_score,-0.31333333333333324,7
price_family_ma9_structural_linked,alameda_county_ca__county,2024-08-31,price_to_income,-0.06499999999999992,-0.5383333333333332,metric_score,-0.4733333333333333,8
price_family_ma9_structural_linked,alameda_county_ca__county,2024-09-30,price_to_income,-0.3833333333333334,-0.5249999999999999,metric_score,-0.1416666666666665,9
price_family_ma9_structural_linked,alameda_county_ca__county,2024-10-31,price_to_income,-0.3466666666666666,-0.5666666666666668,metric_score,-0.22000000000000014,10
price_family_ma9_structural_linked,alameda_county_ca__county,2024-11-30,price_to_income,-0.4683333333333333,-0.5900000000000001,metric_score,-0.12166666666666676,11
price_family_ma9_structural_linked,alameda_county_ca__county,2024-12-31,price_to_income,0.6883333333333335,0.0799999999999999,metric_score,-0.6083333333333336,12
price_family_ma9_structural_linked,alameda_county_ca__county,2025-01-31,price_to_income,0.9249999999999999,0.2716666666666667,metric_score,-0.6533333333333332,1
price_family_ma9_structural_linked,alameda_county_ca__county,2025-02-28,price_to_income,-0.032666666666666705,0.3266666666666666,metric_score,0.3593333333333333,2
price_family_ma9_structural_linked,alameda_county_ca__county,2025-03-31,price_to_income,-0.2666666666666667,0.31166666666666665,metric_score,0.5783333333333334,3
price_family_ma9_structural_linked,alameda_county_ca__county,2025-04-30,price_to_income,0.12166666666666659,0.2833333333333333,metric_score,0.16166666666666674,4
price_family_ma9_structural_linked,alameda_county_ca__county,2025-05-31,price_to_income,0.09166666666666662,0.20833333333333331,metric_score,0.1166666666666667,5
price_family_ma9_structural_linked,alameda_county_ca__county,2025-06-30,price_to_income,0.3316666666666667,0.16333333333333336,metric_score,-0.16833333333333336,6
price_family_ma9_structural_linked,alameda_county_ca__county,2025-07-31,price_to_income,0.6516666666666667,0.24166666666666672,metric_score,-0.41000000000000003,7
price_family_ma9_structural_linked,alameda_county_ca__county,2025-08-31,price_to_income,0.6566666666666666,0.35,metric_score,-0.30666666666666664,8
price_family_ma9_structural_linked,alameda_county_ca__county,2025-09-30,price_to_income,0.42666666666666664,0.3116666666666666,metric_score,-0.11500000000000005,9
price_family_ma9_structural_linked,alameda_county_ca__county,2025-10-31,price_to_income,0.0416666666666666,0.1166666666666666,metric_score,0.075,10
price_family_ma9_structural_linked,alameda_county_ca__county,2025-11-30,price_to_income,0.845,0.18000000000000005,metric_score,-0.6649999999999999,11
price_family_ma9_structural_linked,alameda_county_ca__county,2025-12-31,price_to_income,0.785,0.33833333333333326,metric_score,-0.44666666666666677,12
price_family_ma9_structural_linked,alameda_county_ca__county,2026-01-31,price_to_income,0.5233333333333332,0.5166666666666668,metric_score,-0.0066666666666663765,1
price_family_ma9_structural_linked,alameda_county_ca__county,2026-02-28,price_to_income,0.24,0.6250000000000001,metric_score,0.3850000000000001,2
price_family_ma9_structural_linked,alameda_county_ca__county,2026-03-31,price_to_income,0.07500000000000001,0.605,metric_score,0.53,3
price_family_ma9_structural_linked,alameda_county_ca__county,2026-04-30,price_to_income,0.21666666666666656,0.5299999999999998,metric_score,0.31333333333333324,4
price_family_ma9_structural_linked,alameda_county_ca__county,2026-05-31,price_to_income,-0.6616666666666666,0.2683333333333333,metric_score,0.9299999999999999,5
price_family_ma9_structural_linked,district_of_columbia_dc__county,2008-12-31,demand,0.98,0.98,axis_score,0.0,12
price_family_ma9_structural_linked,district_of_columbia_dc__county,2009-04-30,demand,-0.03277777777777778,-0.03277777777777778,axis_score,0.0,4
price_family_ma9_structural_linked,district_of_columbia_dc__county,2009-05-31,demand,0.10171921921921921,0.10171921921921921,axis_score,0.0,5
price_family_ma9_structural_linked,district_of_columbia_dc__county,2009-06-30,demand,0.36246756493335447,0.36246756493335447,axis_score,0.0,6
price_family_ma9_structural_linked,district_of_columbia_dc__county,2009-07-31,demand,0.5915088246140878,0.5915088246140878,axis_score,0.0,7
price_family_ma9_structural_linked,district_of_columbia_dc__county,2009-08-31,demand,-0.07748379112194904,-0.07748379112194904,axis_score,0.0,8
price_family_ma9_structural_linked,district_of_columbia_dc__county,2009-09-30,demand,0.030351226330366233,0.030351226330366233,axis_score,0.0,9
price_family_ma9_structural_linked,district_of_columbia_dc__county,2009-10-31,demand,0.31845210796430307,0.31845210796430307,axis_score,0.0,10
price_family_ma9_structural_linked,district_of_columbia_dc__county,2009-11-30,demand,0.3646560936594969,0.3646560936594969,axis_score,0.0,11
price_family_ma9_structural_linked,district_of_columbia_dc__county,2009-12-31,demand,-0.06562444319806296,-0.06562444319806296,axis_score,0.0,12
price_family_ma9_structural_linked,district_of_columbia_dc__county,2010-01-31,demand,0.03882308079210076,0.03882308079210076,axis_score,0.0,1
price_family_ma9_structural_linked,district_of_columbia_dc__county,2010-02-28,demand,-0.011901459282020452,-0.011901459282020452,axis_score,0.0,2
price_family_ma9_structural_linked,district_of_columbia_dc__county,2010-03-31,demand,0.23104915139308455,0.23104915139308455,axis_score,0.0,3
price_family_ma9_structural_linked,district_of_columbia_dc__county,2010-04-30,demand,0.31064542406762957,0.31064542406762957,axis_score,0.0,4
price_family_ma9_structural_linked,district_of_columbia_dc__county,2010-05-31,demand,0.3132762981580352,0.3132762981580352,axis_score,0.0,5
price_family_ma9_structural_linked,district_of_columbia_dc__county,2010-06-30,demand,0.2141492445159392,0.2141492445159392,axis_score,0.0,6
price_family_ma9_structural_linked,district_of_columbia_dc__county,2010-07-31,demand,0.09557425906298454,0.09557425906298454,axis_score,0.0,7
price_family_ma9_structural_linked,district_of_columbia_dc__county,2010-08-31,demand,-0.1291708729300687,-0.1291708729300687,axis_score,0.0,8
price_family_ma9_structural_linked,district_of_columbia_dc__county,2010-09-30,demand,0.16091876099353833,0.16091876099353833,axis_score,0.0,9
price_family_ma9_structural_linked,district_of_columbia_dc__county,2010-10-31,demand,0.07798486338608983,0.07798486338608983,axis_score,0.0,10
price_family_ma9_structural_linked,district_of_columbia_dc__county,2010-11-30,demand,-0.05816041048891148,-0.05816041048891148,axis_score,0.0,11
price_family_ma9_structural_linked,district_of_columbia_dc__county,2010-12-31,demand,0.2052439447938504,0.2052439447938504,axis_score,0.0,12
price_family_ma9_structural_linked,district_of_columbia_dc__county,2011-01-31,demand,0.20901500978093188,0.20901500978093188,axis_score,0.0,1
price_family_ma9_structural_linked,district_of_columbia_dc__county,2011-02-28,demand,0.3656704530807177,0.3656704530807177,axis_score,0.0,2
price_family_ma9_structural_linked,district_of_columbia_dc__county,2011-03-31,demand,0.10856030411468848,0.10856030411468848,axis_score,0.0,3
price_family_ma9_structural_linked,district_of_columbia_dc__county,2011-04-30,demand,0.21384951043822586,0.21384951043822586,axis_score,0.0,4
price_family_ma9_structural_linked,district_of_columbia_dc__county,2011-05-31,demand,0.04619525595985941,0.04619525595985941,axis_score,0.0,5
price_family_ma9_structural_linked,district_of_columbia_dc__county,2011-06-30,demand,0.022629964826062863,0.022629964826062863,axis_score,0.0,6
price_family_ma9_structural_linked,district_of_columbia_dc__county,2011-07-31,demand,0.2956417783573464,0.2956417783573464,axis_score,0.0,7
price_family_ma9_structural_linked,district_of_columbia_dc__county,2011-08-31,demand,0.10871571024377984,0.10871571024377984,axis_score,0.0,8
price_family_ma9_structural_linked,district_of_columbia_dc__county,2011-09-30,demand,0.3569140438592708,0.3569140438592708,axis_score,0.0,9
price_family_ma9_structural_linked,district_of_columbia_dc__county,2011-10-31,demand,0.23600686350686342,0.23600686350686342,axis_score,0.0,10
price_family_ma9_structural_linked,district_of_columbia_dc__county,2011-11-30,demand,0.35508487956737156,0.35508487956737156,axis_score,0.0,11
price_family_ma9_structural_linked,district_of_columbia_dc__county,2011-12-31,demand,0.22933087548487027,0.22933087548487027,axis_score,0.0,12
price_family_ma9_structural_linked,district_of_columbia_dc__county,2012-01-31,demand,0.18151429924882942,0.18151429924882942,axis_score,0.0,1
price_family_ma9_structural_linked,district_of_columbia_dc__county,2012-02-29,demand,0.303011571626495,0.303011571626495,axis_score,0.0,2
price_family_ma9_structural_linked,district_of_columbia_dc__county,2012-03-31,demand,0.3651078957265567,0.3651078957265567,axis_score,0.0,3
price_family_ma9_structural_linked,district_of_columbia_dc__county,2012-04-30,demand,0.47481360939248685,0.47481360939248685,axis_score,0.0,4
price_family_ma9_structural_linked,district_of_columbia_dc__county,2012-05-31,demand,0.4716476192789485,0.4716476192789485,axis_score,0.0,5
price_family_ma9_structural_linked,district_of_columbia_dc__county,2012-06-30,demand,0.4627322320141182,0.4627322320141182,axis_score,0.0,6
price_family_ma9_structural_linked,district_of_columbia_dc__county,2012-07-31,demand,0.4537402123733563,0.4537402123733563,axis_score,0.0,7
price_family_ma9_structural_linked,district_of_columbia_dc__county,2012-08-31,demand,0.2568200124846339,0.2568200124846339,axis_score,0.0,8
price_family_ma9_structural_linked,district_of_columbia_dc__county,2012-09-30,demand,0.5198675332885861,0.5198675332885861,axis_score,0.0,9
price_family_ma9_structural_linked,district_of_columbia_dc__county,2012-10-31,demand,0.47101658559276977,0.47101658559276977,axis_score,0.0,10
price_family_ma9_structural_linked,district_of_columbia_dc__county,2012-11-30,demand,0.4601802923893386,0.4601802923893386,axis_score,0.0,11
price_family_ma9_structural_linked,district_of_columbia_dc__county,2012-12-31,demand,0.4882515602975755,0.4882515602975755,axis_score,0.0,12
price_family_ma9_structural_linked,district_of_columbia_dc__county,2013-01-31,demand,0.4460695994352188,0.4460695994352188,axis_score,0.0,1
price_family_ma9_structural_linked,district_of_columbia_dc__county,2013-02-28,demand,0.5924463076835956,0.5924463076835956,axis_score,0.0,2
price_family_ma9_structural_linked,district_of_columbia_dc__county,2013-03-31,demand,0.513291375227158,0.513291375227158,axis_score,0.0,3
price_family_ma9_structural_linked,district_of_columbia_dc__county,2013-04-30,demand,0.5433889442494105,0.5433889442494105,axis_score,0.0,4
price_family_ma9_structural_linked,district_of_columbia_dc__county,2013-05-31,demand,0.4524408033072438,0.4524408033072438,axis_score,0.0,5
price_family_ma9_structural_linked,district_of_columbia_dc__county,2013-06-30,demand,0.3961266539347803,0.3961266539347803,axis_score,0.0,6
price_family_ma9_structural_linked,district_of_columbia_dc__county,2013-07-31,demand,0.4298897638852314,0.4298897638852314,axis_score,0.0,7
price_family_ma9_structural_linked,district_of_columbia_dc__county,2013-08-31,demand,0.217419296829928,0.217419296829928,axis_score,0.0,8
price_family_ma9_structural_linked,district_of_columbia_dc__county,2013-09-30,demand,0.41162115119584247,0.41162115119584247,axis_score,0.0,9
price_family_ma9_structural_linked,district_of_columbia_dc__county,2013-10-31,demand,0.15999359474738592,0.15999359474738592,axis_score,0.0,10
price_family_ma9_structural_linked,district_of_columbia_dc__county,2013-11-30,demand,0.45577763311049235,0.45577763311049235,axis_score,0.0,11
price_family_ma9_structural_linked,district_of_columbia_dc__county,2013-12-31,demand,0.0440665645646398,0.0440665645646398,axis_score,0.0,12
price_family_ma9_structural_linked,district_of_columbia_dc__county,2014-01-31,demand,0.0227931777782498,0.0227931777782498,axis_score,0.0,1
price_family_ma9_structural_linked,district_of_columbia_dc__county,2014-02-28,demand,0.12808667028260026,0.12808667028260026,axis_score,0.0,2
price_family_ma9_structural_linked,district_of_columbia_dc__county,2014-03-31,demand,0.03561560741939701,0.03561560741939701,axis_score,0.0,3
price_family_ma9_structural_linked,district_of_columbia_dc__county,2014-04-30,demand,0.056596795319346214,0.056596795319346214,axis_score,0.0,4
price_family_ma9_structural_linked,district_of_columbia_dc__county,2014-05-31,demand,0.1858034285654583,0.1858034285654583,axis_score,0.0,5
price_family_ma9_structural_linked,district_of_columbia_dc__county,2014-06-30,demand,0.18140687928736,0.18140687928736,axis_score,0.0,6
price_family_ma9_structural_linked,district_of_columbia_dc__county,2014-07-31,demand,0.2127050149181798,0.2127050149181798,axis_score,0.0,7
price_family_ma9_structural_linked,district_of_columbia_dc__county,2014-08-31,demand,0.10801704339491329,0.10801704339491329,axis_score,0.0,8
price_family_ma9_structural_linked,district_of_columbia_dc__county,2014-09-30,demand,0.3321008339237538,0.3321008339237538,axis_score,0.0,9
price_family_ma9_structural_linked,district_of_columbia_dc__county,2014-10-31,demand,0.4078964423108977,0.4078964423108977,axis_score,0.0,10
price_family_ma9_structural_linked,district_of_columbia_dc__county,2014-11-30,demand,0.2153343093405086,0.2153343093405086,axis_score,0.0,11
price_family_ma9_structural_linked,district_of_columbia_dc__county,2014-12-31,demand,0.3047263267656611,0.28233825878546,axis_score,-0.0223880679802011,12
price_family_ma9_structural_linked,district_of_columbia_dc__county,2015-01-31,demand,0.2857809495728099,0.41921341576364823,axis_score,0.13343246619083832,1
price_family_ma9_structural_linked,district_of_columbia_dc__county,2015-02-28,demand,0.4551853510769937,0.4552314303014014,axis_score,4.60792244076913e-05,2
price_family_ma9_structural_linked,district_of_columbia_dc__county,2015-03-31,demand,0.35092116203720575,0.37639104446713906,axis_score,0.02546988242993331,3
price_family_ma9_structural_linked,district_of_columbia_dc__county,2015-04-30,demand,0.5514151508683682,0.5055528818967427,axis_score,-0.045862268971625486,4
price_family_ma9_structural_linked,district_of_columbia_dc__county,2015-05-31,demand,0.2660281302984108,0.19152643928492227,axis_score,-0.07450169101348855,5
price_family_ma9_structural_linked,district_of_columbia_dc__county,2015-06-30,demand,0.3035401770368649,0.334863775742728,axis_score,0.0313235987058631,6
price_family_ma9_structural_linked,district_of_columbia_dc__county,2015-07-31,demand,0.3322096555765671,0.4110546874670744,axis_score,0.07884503189050729,7
price_family_ma9_structural_linked,district_of_columbia_dc__county,2015-08-31,demand,0.2705786134341455,0.44512876612383306,axis_score,0.17455015268968754,8
price_family_ma9_structural_linked,district_of_columbia_dc__county,2015-09-30,demand,0.24113040341999156,0.38010907906533387,axis_score,0.1389786756453423,9
price_family_ma9_structural_linked,district_of_columbia_dc__county,2015-10-31,demand,0.27677372797444916,0.4814114091338695,axis_score,0.20463768115942033,10
price_family_ma9_structural_linked,district_of_columbia_dc__county,2015-11-30,demand,0.2758658758619265,0.22528986599451978,axis_score,-0.050576009867406735,11
price_family_ma9_structural_linked,district_of_columbia_dc__county,2015-12-31,demand,0.25402283353286975,0.321376413176343,axis_score,0.06735357964347327,12
price_family_ma9_structural_linked,district_of_columbia_dc__county,2016-01-31,demand,0.1748985201629503,0.20526665286168083,axis_score,0.030368132698730538,1
price_family_ma9_structural_linked,district_of_columbia_dc__county,2016-02-29,demand,0.33109220266580935,0.3235083400789393,axis_score,-0.007583862586870049,2
price_family_ma9_structural_linked,district_of_columbia_dc__county,2016-03-31,demand,0.31131472759717294,0.26292316535800464,axis_score,-0.048391562239168295,3
price_family_ma9_structural_linked,district_of_columbia_dc__county,2016-04-30,demand,0.2711547941090147,0.28063984368150674,axis_score,0.009485049572492021,4
price_family_ma9_structural_linked,district_of_columbia_dc__county,2016-05-31,demand,0.18075890595673355,0.21938163700037056,axis_score,0.038622731043637004,5
price_family_ma9_structural_linked,district_of_columbia_dc__county,2016-06-30,demand,0.18139617858372353,0.2945106525753666,axis_score,0.1131144739916431,6
price_family_ma9_structural_linked,district_of_columbia_dc__county,2016-07-31,demand,0.2631133463003055,0.31357249687659433,axis_score,0.05045915057628886,7
price_family_ma9_structural_linked,district_of_columbia_dc__county,2016-08-31,demand,0.038825072929636995,0.053424011292861076,axis_score,0.014598938363224082,8
price_family_ma9_structural_linked,district_of_columbia_dc__county,2016-09-30,demand,0.22494016599000072,0.19495391072449472,axis_score,-0.029986255265505996,9
price_family_ma9_structural_linked,district_of_columbia_dc__county,2016-10-31,demand,0.3433677403692407,0.29183570413317395,axis_score,-0.05153203623606678,10
price_family_ma9_structural_linked,district_of_columbia_dc__county,2016-11-30,demand,0.12100996383804508,0.12909686767338455,axis_score,0.00808690383533947,11
price_family_ma9_structural_linked,district_of_columbia_dc__county,2016-12-31,demand,-0.041560151452562234,-0.049406913273863484,axis_score,-0.00784676182130125,12
price_family_ma9_structural_linked,district_of_columbia_dc__county,2017-01-31,demand,0.07321039564169468,0.032228308872552444,axis_score,-0.04098208676914224,1
price_family_ma9_structural_linked,district_of_columbia_dc__county,2017-02-28,demand,0.12248758733080974,0.029741213152180597,axis_score,-0.09274637417862913,2
price_family_ma9_structural_linked,district_of_columbia_dc__county,2017-03-31,demand,0.11789969132411254,0.05634540946930713,axis_score,-0.061554281854805416,3
price_family_ma9_structural_linked,district_of_columbia_dc__county,2017-04-30,demand,0.090747423106001,0.07612910746225679,axis_score,-0.014618315643744204,4
price_family_ma9_structural_linked,district_of_columbia_dc__county,2017-05-31,demand,0.036146357201331,0.06870541437023103,axis_score,0.032559057168900035,5
price_family_ma9_structural_linked,district_of_columbia_dc__county,2017-06-30,demand,-0.012791633444469416,0.010486535684587073,axis_score,0.02327816912905649,6
price_family_ma9_structural_linked,district_of_columbia_dc__county,2017-07-31,demand,0.008401112882960485,0.050916447391022523,axis_score,0.04251533450806204,7
price_family_ma9_structural_linked,district_of_columbia_dc__county,2017-08-31,demand,0.030105060040487935,0.039469700240637104,axis_score,0.009364640200149169,8
price_family_ma9_structural_linked,district_of_columbia_dc__county,2017-09-30,demand,0.21385054676166043,0.1975704243113236,axis_score,-0.01628012245033683,9
price_family_ma9_structural_linked,district_of_columbia_dc__county,2017-10-31,demand,-0.02953541016522932,-0.07623354616837962,axis_score,-0.046698136003150294,10
price_family_ma9_structural_linked,district_of_columbia_dc__county,2017-11-30,demand,0.1266226030827952,0.09676710750415642,axis_score,-0.02985549557863877,11
price_family_ma9_structural_linked,district_of_columbia_dc__county,2017-12-31,demand,0.2686571106557248,0.21883456038686436,axis_score,-0.04982255026886043,12
price_family_ma9_structural_linked,district_of_columbia_dc__county,2018-01-31,demand,0.09436017285760845,0.11191391858437974,axis_score,0.01755374572677129,1
price_family_ma9_structural_linked,district_of_columbia_dc__county,2018-02-28,demand,0.3149276342693294,0.22704085684565406,axis_score,-0.08788677742367534,2
price_family_ma9_structural_linked,district_of_columbia_dc__county,2018-03-31,demand,0.21487417608951506,0.10653737000084329,axis_score,-0.10833680608867177,3
price_family_ma9_structural_linked,district_of_columbia_dc__county,2018-04-30,demand,0.2406769260874755,0.18293834857289093,axis_score,-0.05773857751458458,4
price_family_ma9_structural_linked,district_of_columbia_dc__county,2018-05-31,demand,0.11205342715889466,0.09894303178259536,axis_score,-0.013110395376299294,5
price_family_ma9_structural_linked,district_of_columbia_dc__county,2018-06-30,demand,0.07566294976789378,0.1476665086211181,axis_score,0.07200355885322432,6
price_family_ma9_structural_linked,district_of_columbia_dc__county,2018-07-31,demand,0.28163406558902837,0.30120942514926946,axis_score,0.01957535956024109,7
price_family_ma9_structural_linked,district_of_columbia_dc__county,2018-08-31,demand,0.07089119294009252,0.08285695566135153,axis_score,0.011965762721259002,8
price_family_ma9_structural_linked,district_of_columbia_dc__county,2018-09-30,demand,0.1566678102418404,0.17833881066029955,axis_score,0.021671000418459152,9
price_family_ma9_structural_linked,district_of_columbia_dc__county,2018-10-31,demand,0.23583116773359275,0.1778451278919439,axis_score,-0.05798603984164885,10
price_family_ma9_structural_linked,district_of_columbia_dc__county,2018-11-30,demand,0.11631662904275436,0.16213048100440236,axis_score,0.045813851961648,11
price_family_ma9_structural_linked,district_of_columbia_dc__county,2018-12-31,demand,0.046567137578868545,0.09863672410370689,axis_score,0.05206958652483834,12
price_family_ma9_structural_linked,district_of_columbia_dc__county,2019-01-31,demand,0.029064564516059085,-0.027260839345792754,axis_score,-0.056325403861851836,1
price_family_ma9_structural_linked,district_of_columbia_dc__county,2019-02-28,demand,0.19204897200894402,0.18466544561679932,axis_score,-0.007383526392144707,2
price_family_ma9_structural_linked,district_of_columbia_dc__county,2019-03-31,demand,0.18981714250787762,0.1861773480124758,axis_score,-0.0036397944954018324,3
price_family_ma9_structural_linked,district_of_columbia_dc__county,2019-04-30,demand,0.13475456128369484,0.11220593297507134,axis_score,-0.022548628308623503,4
price_family_ma9_structural_linked,district_of_columbia_dc__county,2019-05-31,demand,0.03444817623842232,0.051190827531293455,axis_score,0.016742651292871134,5
price_family_ma9_structural_linked,district_of_columbia_dc__county,2019-06-30,demand,0.11214119244059909,0.1406440819323566,axis_score,0.028502889491757527,6
price_family_ma9_structural_linked,district_of_columbia_dc__county,2019-07-31,demand,0.21994511066487427,0.2199961080869122,axis_score,5.099742203792945e-05,7
price_family_ma9_structural_linked,district_of_columbia_dc__county,2019-08-31,demand,0.19977949433269737,0.21599598168324272,axis_score,0.016216487350545344,8
price_family_ma9_structural_linked,district_of_columbia_dc__county,2019-09-30,demand,0.39973937267946635,0.34110140175162174,axis_score,-0.05863797092784462,9
price_family_ma9_structural_linked,district_of_columbia_dc__county,2019-10-31,demand,0.12087438684309695,0.10624368076336012,axis_score,-0.014630706079736835,10
price_family_ma9_structural_linked,district_of_columbia_dc__county,2019-11-30,demand,0.33788091576170287,0.32395501123724696,axis_score,-0.013925904524455912,11
price_family_ma9_structural_linked,district_of_columbia_dc__county,2019-12-31,demand,0.12828156659399492,0.13988547527671918,axis_score,0.011603908682724262,12
price_family_ma9_structural_linked,district_of_columbia_dc__county,2020-01-31,demand,0.28067141411498764,0.31723404058400484,axis_score,0.0365626264690172,1
price_family_ma9_structural_linked,district_of_columbia_dc__county,2020-02-29,demand,0.37606021921757293,0.3227413855753074,axis_score,-0.05331883364226553,2
price_family_ma9_structural_linked,district_of_columbia_dc__county,2020-03-31,demand,0.06490827504320507,-0.013674694940384993,axis_score,-0.07858296998359006,3
price_family_ma9_structural_linked,district_of_columbia_dc__county,2020-04-30,demand,-0.11441171008010183,-0.08430256181309292,axis_score,0.030109148267008903,4
price_family_ma9_structural_linked,district_of_columbia_dc__county,2020-05-31,demand,-0.03421411073852301,-0.0015574487256655514,axis_score,0.03265666201285746,5
price_family_ma9_structural_linked,district_of_columbia_dc__county,2020-06-30,demand,0.02170298346430142,0.06250471784642732,axis_score,0.0408017343821259,6
price_family_ma9_structural_linked,district_of_columbia_dc__county,2020-07-31,demand,0.09522718051928339,0.09128029269098792,axis_score,-0.00394688782829547,7
price_family_ma9_structural_linked,district_of_columbia_dc__county,2020-08-31,demand,0.053262545198479526,0.08630841880872034,axis_score,0.03304587361024081,8
price_family_ma9_structural_linked,district_of_columbia_dc__county,2020-09-30,demand,-0.030617154088145408,-0.0048264282526142635,axis_score,0.025790725835531145,9
price_family_ma9_structural_linked,district_of_columbia_dc__county,2020-10-31,demand,0.0683005778742742,0.1354829290759737,axis_score,0.0671823512016995,10
price_family_ma9_structural_linked,district_of_columbia_dc__county,2020-11-30,demand,-0.039887424258670236,0.047784770415275776,axis_score,0.08767219467394602,11
price_family_ma9_structural_linked,district_of_columbia_dc__county,2020-12-31,demand,-0.20527691624962943,-0.1359450780313133,axis_score,0.06933183821831612,12
price_family_ma9_structural_linked,district_of_columbia_dc__county,2021-01-31,demand,-0.13969771776701848,-0.16494505808053694,axis_score,-0.025247340313518468,1
price_family_ma9_structural_linked,district_of_columbia_dc__county,2021-02-28,demand,-0.1484318344858696,-0.17320027026699614,axis_score,-0.02476843578112653,2
price_family_ma9_structural_linked,district_of_columbia_dc__county,2021-03-31,demand,-0.2238440522297247,-0.2069308949480107,axis_score,0.016913157281713997,3
price_family_ma9_structural_linked,district_of_columbia_dc__county,2021-04-30,demand,-0.11916685141444695,-0.11011238160634654,axis_score,0.009054469808100415,4
price_family_ma9_structural_linked,district_of_columbia_dc__county,2021-05-31,demand,-0.037337789304191356,0.004851810111158164,axis_score,0.04218959941534952,5
price_family_ma9_structural_linked,district_of_columbia_dc__county,2021-06-30,demand,-0.01580398475122869,0.03217054769885478,axis_score,0.04797453245008347,6
price_family_ma9_structural_linked,district_of_columbia_dc__county,2021-07-31,demand,0.12082871760349466,0.17390536791473363,axis_score,0.05307665031123897,7
price_family_ma9_structural_linked,district_of_columbia_dc__county,2021-08-31,demand,-0.19260247714381953,-0.12707221315919,axis_score,0.06553026398462952,8
price_family_ma9_structural_linked,district_of_columbia_dc__county,2021-09-30,demand,-0.025201170872324673,0.006540652034838524,axis_score,0.031741822907163195,9
price_family_ma9_structural_linked,district_of_columbia_dc__county,2021-10-31,demand,-0.057666726390296526,-0.02314277459301204,axis_score,0.034523951797284486,10
price_family_ma9_structural_linked,district_of_columbia_dc__county,2021-11-30,demand,0.027852200105817737,0.06624079018419128,axis_score,0.038388590078373544,11
price_family_ma9_structural_linked,district_of_columbia_dc__county,2021-12-31,demand,0.020183031509201838,0.03733567707783028,axis_score,0.017152645568628444,12
price_family_ma9_structural_linked,district_of_columbia_dc__county,2022-01-31,demand,-0.0873080396307874,-0.08701219597991484,axis_score,0.00029584365087255426,1
price_family_ma9_structural_linked,district_of_columbia_dc__county,2022-02-28,demand,0.15429884361201168,0.09223681282242671,axis_score,-0.06206203078958497,2
price_family_ma9_structural_linked,district_of_columbia_dc__county,2022-03-31,demand,0.07590337984519463,0.018240762921702625,axis_score,-0.057662616923492005,3
price_family_ma9_structural_linked,district_of_columbia_dc__county,2022-04-30,demand,0.02438849316075753,-0.06635627581744304,axis_score,-0.09074476897820057,4
price_family_ma9_structural_linked,district_of_columbia_dc__county,2022-05-31,demand,-0.04940193972130111,-0.08417057604252653,axis_score,-0.03476863632122543,5
price_family_ma9_structural_linked,district_of_columbia_dc__county,2022-06-30,demand,0.030128801127936047,-0.008360657269344415,axis_score,-0.03848945839728046,6
price_family_ma9_structural_linked,district_of_columbia_dc__county,2022-07-31,demand,0.06738631564305621,0.08516251051885024,axis_score,0.01777619487579403,7
price_family_ma9_structural_linked,district_of_columbia_dc__county,2022-08-31,demand,-0.10033794379637165,-0.10064341459095316,axis_score,-0.0003054707945815138,8
price_family_ma9_structural_linked,district_of_columbia_dc__county,2022-09-30,demand,-0.020717122876630932,-0.07439886176979141,axis_score,-0.053681738893160476,9
price_family_ma9_structural_linked,district_of_columbia_dc__county,2022-10-31,demand,-0.16413074814839693,-0.20340833071849806,axis_score,-0.03927758257010114,10
price_family_ma9_structural_linked,district_of_columbia_dc__county,2022-11-30,demand,-0.07370271043525872,-0.15038463563777218,axis_score,-0.07668192520251346,11
price_family_ma9_structural_linked,district_of_columbia_dc__county,2022-12-31,demand,0.0034694319689059193,0.009581942057687181,axis_score,0.006112510088781262,12
price_family_ma9_structural_linked,district_of_columbia_dc__county,2023-01-31,demand,0.013362562024008151,0.010333076907354855,axis_score,-0.0030294851166532966,1
price_family_ma9_structural_linked,district_of_columbia_dc__county,2023-02-28,demand,0.03638163927110524,-0.04377371871846325,axis_score,-0.0801553579895685,2
price_family_ma9_structural_linked,district_of_columbia_dc__county,2023-03-31,demand,-0.09507960873030209,-0.13124746587315925,axis_score,-0.036167857142857154,3
price_family_ma9_structural_linked,district_of_columbia_dc__county,2023-04-30,demand,-0.01396847034903375,-0.08345640646946911,axis_score,-0.06948793612043536,4
price_family_ma9_structural_linked,district_of_columbia_dc__county,2023-05-31,demand,-0.03955809739946756,-0.09621788147504111,axis_score,-0.05665978407557355,5
price_family_ma9_structural_linked,district_of_columbia_dc__county,2023-06-30,demand,-0.08010113911020077,-0.07890548693628774,axis_score,0.0011956521739130282,6
price_family_ma9_structural_linked,district_of_columbia_dc__county,2023-07-31,demand,-0.014386439357789532,-0.048424230336249874,axis_score,-0.03403779097846034,7
price_family_ma9_structural_linked,district_of_columbia_dc__county,2023-08-31,demand,-0.17033034072665493,-0.21084316123947547,axis_score,-0.04051282051282054,8
price_family_ma9_structural_linked,district_of_columbia_dc__county,2023-09-30,demand,0.0049792711813136156,-0.0011436101746186006,axis_score,-0.006122881355932216,9
price_family_ma9_structural_linked,district_of_columbia_dc__county,2023-10-31,demand,0.06374046893718147,0.004972261654268298,axis_score,-0.05876820728291317,10
price_family_ma9_structural_linked,district_of_columbia_dc__county,2023-11-30,demand,0.03898721886235415,0.0783205521956875,axis_score,0.039333333333333345,11
price_family_ma9_structural_linked,district_of_columbia_dc__county,2023-12-31,demand,0.03248769430163022,0.09927102763496354,axis_score,0.06678333333333332,12
price_family_ma9_structural_linked,district_of_columbia_dc__county,2024-01-31,demand,0.14622586119335557,0.042809194526688896,axis_score,-0.10341666666666667,1
price_family_ma9_structural_linked,district_of_columbia_dc__county,2024-02-29,demand,0.033917321509664,0.04815065484299731,axis_score,0.014233333333333313,2
price_family_ma9_structural_linked,district_of_columbia_dc__county,2024-03-31,demand,0.2442847301173116,0.13663473011731161,axis_score,-0.10765,3
price_family_ma9_structural_linked,district_of_columbia_dc__county,2024-04-30,demand,0.07783325864623887,0.03941659197957219,axis_score,-0.03841666666666668,4
price_family_ma9_structural_linked,district_of_columbia_dc__county,2024-05-31,demand,-0.028313774124484655,-0.07089710745781799,axis_score,-0.042583333333333334,5
price_family_ma9_structural_linked,district_of_columbia_dc__county,2024-06-30,demand,0.10915912504628815,0.07284245837962151,axis_score,-0.036316666666666636,6
price_family_ma9_structural_linked,district_of_columbia_dc__county,2024-07-31,demand,0.06548157282064548,0.10414823948731214,axis_score,0.038666666666666655,7
price_family_ma9_structural_linked,district_of_columbia_dc__county,2024-08-31,demand,-0.039884051226894736,-0.030800717893561404,axis_score,0.009083333333333332,8
price_family_ma9_structural_linked,district_of_columbia_dc__county,2024-09-30,demand,0.0722057609006043,0.1202557609006043,axis_score,0.04805000000000001,9
price_family_ma9_structural_linked,district_of_columbia_dc__county,2024-10-31,demand,0.07460230275534104,0.06810230275534104,axis_score,-0.006499999999999992,10
price_family_ma9_structural_linked,district_of_columbia_dc__county,2024-11-30,demand,-0.02460777509739182,0.04322555823594153,axis_score,0.06783333333333334,11
price_family_ma9_structural_linked,district_of_columbia_dc__county,2024-12-31,demand,-0.013683449346894982,0.04231655065310502,axis_score,0.05600000000000001,12
price_family_ma9_structural_linked,district_of_columbia_dc__county,2025-01-31,demand,-0.05982367461124216,-0.06515700794457549,axis_score,-0.005333333333333329,1
price_family_ma9_structural_linked,district_of_columbia_dc__county,2025-02-28,demand,0.1332268289519013,0.032593495618567975,axis_score,-0.10063333333333332,2
price_family_ma9_structural_linked,district_of_columbia_dc__county,2025-03-31,demand,-0.015018455664815555,-0.10243512233148222,axis_score,-0.08741666666666667,3
price_family_ma9_structural_linked,district_of_columbia_dc__county,2025-04-30,demand,0.02021528709684821,-0.06640137956981845,axis_score,-0.08661666666666666,4
price_family_ma9_structural_linked,district_of_columbia_dc__county,2025-05-31,demand,-0.08129426041243898,-0.104294260412439,axis_score,-0.02300000000000002,5
price_family_ma9_structural_linked,district_of_columbia_dc__county,2025-06-30,demand,0.011667436467222871,0.041917436467222874,axis_score,0.030250000000000003,6
price_family_ma9_structural_linked,district_of_columbia_dc__county,2025-07-31,demand,-0.01996883277428798,-0.038968832774287976,axis_score,-0.018999999999999996,7
price_family_ma9_structural_linked,district_of_columbia_dc__county,2025-08-31,demand,-0.15767751494440818,-0.1367608482777415,axis_score,0.020916666666666694,8
price_family_ma9_structural_linked,district_of_columbia_dc__county,2025-09-30,demand,-0.044535018429029356,-0.04278501842902936,axis_score,0.0017499999999999946,9
price_family_ma9_structural_linked,district_of_columbia_dc__county,2025-10-31,demand,-0.051289671221828814,-0.003673004555162151,axis_score,0.04761666666666666,10
price_family_ma9_structural_linked,district_of_columbia_dc__county,2025-11-30,demand,-0.004774264008887995,0.026175735991112,axis_score,0.030949999999999995,11
price_family_ma9_structural_linked,district_of_columbia_dc__county,2025-12-31,demand,-0.036672604692263425,-0.0023059380255967474,axis_score,0.03436666666666668,12
price_family_ma9_structural_linked,district_of_columbia_dc__county,2026-01-31,demand,-0.03927144547929416,-0.10030477881262749,axis_score,-0.06103333333333333,1
price_family_ma9_structural_linked,district_of_columbia_dc__county,2026-02-28,demand,0.00939389534259931,0.011643895342599297,axis_score,0.002249999999999988,2
price_family_ma9_structural_linked,district_of_columbia_dc__county,2026-03-31,demand,0.03722470704478492,-0.0400086262885484,axis_score,-0.07723333333333332,3
price_family_ma9_structural_linked,district_of_columbia_dc__county,2026-04-30,demand,0.017164211799079516,-0.04350245486758715,axis_score,-0.06066666666666667,4
price_family_ma9_structural_linked,district_of_columbia_dc__county,2026-05-31,demand,-0.05750924912945324,-0.11229258246278657,axis_score,-0.05478333333333334,5
price_family_ma9_structural_linked,district_of_columbia_dc__county,2026-06-30,demand,-0.05003148445994064,-0.10481481779327398,axis_score,-0.05478333333333334,6
price_family_ma9_structural_linked,district_of_columbia_dc__county,2026-07-31,demand,-0.04575301046335703,-0.10053634379669037,axis_score,-0.05478333333333334,7
price_family_ma9_structural_linked,district_of_columbia_dc__county,2015-11-30,affordability,-0.4722222222222222,-0.611111111111111,dimension_score,-0.13888888888888884,11
price_family_ma9_structural_linked,district_of_columbia_dc__county,2015-12-31,affordability,0.7207207207207207,0.2702702702702703,dimension_score,-0.4504504504504504,12
price_family_ma9_structural_linked,district_of_columbia_dc__county,2016-01-31,affordability,0.698536882747409,0.39473684210526316,dimension_score,-0.30380004064214583,1
price_family_ma9_structural_linked,district_of_columbia_dc__county,2016-02-29,affordability,-0.15982263350684406,0.6202686202686204,dimension_score,0.7800912537754645,2
price_family_ma9_structural_linked,district_of_columbia_dc__county,2016-03-31,affordability,0.891941391941392,0.6496138996138996,dimension_score,-0.2423274923274924,3
price_family_ma9_structural_linked,district_of_columbia_dc__county,2016-04-30,affordability,0.025609756097560922,0.6357968090959105,dimension_score,0.6101870529983496,4
price_family_ma9_structural_linked,district_of_columbia_dc__county,2016-05-31,affordability,-0.6430695204911233,0.4400837257980115,dimension_score,1.083153246289135,5
price_family_ma9_structural_linked,district_of_columbia_dc__county,2016-06-30,affordability,0.033380794178136386,0.16827242524916938,dimension_score,0.134891631071033,6
price_family_ma9_structural_linked,district_of_columbia_dc__county,2016-07-31,affordability,-0.2509060706735125,-0.07214127336078557,dimension_score,0.17876479731272693,7
price_family_ma9_structural_linked,district_of_columbia_dc__county,2016-08-31,affordability,-0.30519480519480513,-0.1315192743764172,dimension_score,0.17367553081838794,8
price_family_ma9_structural_linked,district_of_columbia_dc__county,2016-09-30,affordability,0.47066942719116645,-0.18395204391159897,dimension_score,-0.6546214711027654,9
price_family_ma9_structural_linked,district_of_columbia_dc__county,2016-10-31,affordability,0.08365270252411791,-0.2818458137607074,dimension_score,-0.3654985162848253,10
price_family_ma9_structural_linked,district_of_columbia_dc__county,2016-11-30,affordability,-0.04135638297872334,-0.10319444444444456,dimension_score,-0.06183806146572122,11
price_family_ma9_structural_linked,district_of_columbia_dc__county,2016-12-31,affordability,-0.5353411472697186,-0.8245330823281134,dimension_score,-0.2891919350583948,12
price_family_ma9_structural_linked,district_of_columbia_dc__county,2017-01-31,affordability,-0.2799752953813105,-0.8095856662933929,dimension_score,-0.5296103709120824,1
price_family_ma9_structural_linked,district_of_columbia_dc__county,2017-02-28,affordability,0.36170135746606336,-0.5869155354449471,dimension_score,-0.9486168929110105,2
price_family_ma9_structural_linked,district_of_columbia_dc__county,2017-03-31,affordability,-0.6019811463046756,-0.4799058084772371,dimension_score,0.12207533782743851,3
price_family_ma9_structural_linked,district_of_columbia_dc__county,2017-04-30,affordability,0.07091578462954438,-0.1856364473078693,dimension_score,-0.25655223193741367,4
price_family_ma9_structural_linked,district_of_columbia_dc__county,2017-05-31,affordability,-0.7743851452530698,-0.19335511982570808,dimension_score,0.5810300254273617,5
price_family_ma9_structural_linked,district_of_columbia_dc__county,2017-06-30,affordability,-0.42728055751311567,-0.29161652301187174,dimension_score,0.13566403450124392,6
price_family_ma9_structural_linked,district_of_columbia_dc__county,2017-07-31,affordability,-0.2799675324675325,-0.49276525361431023,dimension_score,-0.21279772114677775,7
price_family_ma9_structural_linked,district_of_columbia_dc__county,2017-08-31,affordability,0.26547619047619053,-0.2992982456140351,dimension_score,-0.5647744360902256,8
price_family_ma9_structural_linked,district_of_columbia_dc__county,2017-09-30,affordability,0.6718377653278624,-0.08866566716641677,dimension_score,-0.7605034324942792,9
price_family_ma9_structural_linked,district_of_columbia_dc__county,2017-10-31,affordability,-0.4510377159058408,-0.1391324506722992,dimension_score,0.31190526523354156,10
price_family_ma9_structural_linked,district_of_columbia_dc__county,2017-11-30,affordability,-0.07549435028248583,-0.2789473684210526,dimension_score,-0.20345301813856678,11
price_family_ma9_structural_linked,district_of_columbia_dc__county,2017-12-31,affordability,0.6644719527155123,0.7867375780159435,dimension_score,0.12226562530043117,12
price_family_ma9_structural_linked,district_of_columbia_dc__county,2018-01-31,affordability,0.940855631940772,0.7600481137233461,dimension_score,-0.1808075182174259,1
price_family_ma9_structural_linked,district_of_columbia_dc__county,2018-02-28,affordability,0.3120478298846421,0.6864052287581699,dimension_score,0.3743573988735278,2
price_family_ma9_structural_linked,district_of_columbia_dc__county,2018-03-31,affordability,0.2936336233211233,0.5140625,dimension_score,0.22042887667887667,3
price_family_ma9_structural_linked,district_of_columbia_dc__county,2018-04-30,affordability,-0.45617289550072576,0.39015871529565993,dimension_score,0.8463316107963856,4
price_family_ma9_structural_linked,district_of_columbia_dc__county,2018-05-31,affordability,-0.20685314685314682,0.2115440115440115,dimension_score,0.4183971583971583,5
price_family_ma9_structural_linked,district_of_columbia_dc__county,2018-06-30,affordability,-0.2873722297602894,-0.023405698778833084,dimension_score,0.26396653098145634,6
price_family_ma9_structural_linked,district_of_columbia_dc__county,2018-07-31,affordability,0.17721058572682813,-0.024928894634777043,dimension_score,-0.20213948036160517,7
price_family_ma9_structural_linked,district_of_columbia_dc__county,2018-08-31,affordability,0.30944945483914393,-0.019319048609666434,dimension_score,-0.32876850344881037,8
price_family_ma9_structural_linked,district_of_columbia_dc__county,2018-09-30,affordability,0.5332012565145998,0.09383133593118154,dimension_score,-0.4393699205834183,9
price_family_ma9_structural_linked,district_of_columbia_dc__county,2018-10-31,affordability,-0.4431734133615251,-0.19723765323747067,dimension_score,0.24593576012405444,10
price_family_ma9_structural_linked,district_of_columbia_dc__county,2018-11-30,affordability,-0.0992957746478873,-0.278792270531401,dimension_score,-0.17949649588351368,11
price_family_ma9_structural_linked,district_of_columbia_dc__county,2018-12-31,affordability,0.01771652069765703,-0.01651855891694204,dimension_score,-0.03423507961459907,12
price_family_ma9_structural_linked,district_of_columbia_dc__county,2019-01-31,affordability,0.419152404724654,0.30419895133661606,dimension_score,-0.11495345338803792,1
price_family_ma9_structural_linked,district_of_columbia_dc__county,2019-02-28,affordability,-0.1558043758043758,0.355,dimension_score,0.5108043758043758,2
price_family_ma9_structural_linked,district_of_columbia_dc__county,2019-03-31,affordability,0.29593311403508776,0.43572233237202596,dimension_score,0.1397892183369382,3
price_family_ma9_structural_linked,district_of_columbia_dc__county,2019-04-30,affordability,0.21075398285924596,0.42095364095364096,dimension_score,0.210199658094395,4
price_family_ma9_structural_linked,district_of_columbia_dc__county,2019-05-31,affordability,0.2531468531468531,0.3824568764568764,dimension_score,0.12931002331002334,5
price_family_ma9_structural_linked,district_of_columbia_dc__county,2019-06-30,affordability,0.1637198622273249,0.3678030566686885,dimension_score,0.2040831944413636,6
price_family_ma9_structural_linked,district_of_columbia_dc__county,2019-07-31,affordability,0.5321062918838422,0.40454067990832693,dimension_score,-0.12756561197551525,7
price_family_ma9_structural_linked,district_of_columbia_dc__county,2019-08-31,affordability,0.49430622651637146,0.5082786242206532,dimension_score,0.013972397704281714,8
price_family_ma9_structural_linked,district_of_columbia_dc__county,2019-09-30,affordability,0.28196068309889455,0.5110620561901822,dimension_score,0.22910137309128764,9
price_family_ma9_structural_linked,district_of_columbia_dc__county,2019-10-31,affordability,0.5731570735018396,0.42202613269981337,dimension_score,-0.15113094080202627,10
price_family_ma9_structural_linked,district_of_columbia_dc__county,2019-11-30,affordability,-0.22745983935742978,0.26452821869488535,dimension_score,0.49198805805231516,11
price_family_ma9_structural_linked,district_of_columbia_dc__county,2019-12-31,affordability,0.44078316258010053,0.8535130991922328,dimension_score,0.4127299366121323,12
price_family_ma9_structural_linked,district_of_columbia_dc__county,2020-01-31,affordability,0.9066391836432877,0.8861385201396409,dimension_score,-0.020500663503646765,1
price_family_ma9_structural_linked,district_of_columbia_dc__county,2020-02-29,affordability,0.5793456295108259,0.9109819376026274,dimension_score,0.33163630809180145,2
price_family_ma9_structural_linked,district_of_columbia_dc__county,2020-03-31,affordability,0.43538607490513126,0.7925830284266817,dimension_score,0.35719695352155045,3
price_family_ma9_structural_linked,district_of_columbia_dc__county,2020-04-30,affordability,0.5452356632131912,0.7295664095507315,dimension_score,0.18433074633754032,4
price_family_ma9_structural_linked,district_of_columbia_dc__county,2020-05-31,affordability,0.10944972630365885,0.6026819923371647,dimension_score,0.49323226603350584,5
price_family_ma9_structural_linked,district_of_columbia_dc__county,2020-06-30,affordability,0.7430871238466176,0.5540604964655598,dimension_score,-0.1890266273810578,6
price_family_ma9_structural_linked,district_of_columbia_dc__county,2020-07-31,affordability,0.18936813186813192,0.4812206888128969,dimension_score,0.291852556944765,7
price_family_ma9_structural_linked,district_of_columbia_dc__county,2020-08-31,affordability,0.06817827645317118,0.4639187574671445,dimension_score,0.3957404810139733,8
price_family_ma9_structural_linked,district_of_columbia_dc__county,2020-09-30,affordability,0.2180588803142664,0.45567385390945336,dimension_score,0.23761497359518696,9
price_family_ma9_structural_linked,district_of_columbia_dc__county,2020-10-31,affordability,-0.21512702545905907,0.21810813046235286,dimension_score,0.43323515592141193,10
price_family_ma9_structural_linked,district_of_columbia_dc__county,2020-11-30,affordability,0.08237468671679193,0.057426075268817156,dimension_score,-0.024948611447974778,11
price_family_ma9_structural_linked,district_of_columbia_dc__county,2020-12-31,affordability,0.3766098140287043,-0.21540437144368604,dimension_score,-0.5920141854723904,12
price_family_ma9_structural_linked,district_of_columbia_dc__county,2021-01-31,affordability,0.21613393254688593,-0.21708492993280537,dimension_score,-0.4332188624796913,1
price_family_ma9_structural_linked,district_of_columbia_dc__county,2021-02-28,affordability,-0.07855188052232388,-0.20886886102403343,dimension_score,-0.13031698050170953,2
price_family_ma9_structural_linked,district_of_columbia_dc__county,2021-03-31,affordability,-0.032020202020202046,-0.2526537019681349,dimension_score,-0.22063349994793285,3
price_family_ma9_structural_linked,district_of_columbia_dc__county,2021-04-30,affordability,-0.19177839581710981,-0.2642638054220464,dimension_score,-0.0724854096049366,4
price_family_ma9_structural_linked,district_of_columbia_dc__county,2021-05-31,affordability,-0.44667443214909736,-0.2809031491384432,dimension_score,0.16577128301065414,5
price_family_ma9_structural_linked,district_of_columbia_dc__county,2021-06-30,affordability,-0.543848373404627,-0.34873039581777443,dimension_score,0.19511797758685256,6
price_family_ma9_structural_linked,district_of_columbia_dc__county,2021-07-31,affordability,-0.06242856447056533,-0.27560887777740983,dimension_score,-0.2131803133068445,7
price_family_ma9_structural_linked,district_of_columbia_dc__county,2021-08-31,affordability,-5.317263381782178e-05,-0.20085840787928066,dimension_score,-0.20080523524546284,8
price_family_ma9_structural_linked,district_of_columbia_dc__county,2021-09-30,affordability,0.5892737665118235,-0.1274179278411992,dimension_score,-0.7166916943530227,9
price_family_ma9_structural_linked,district_of_columbia_dc__county,2021-10-31,affordability,-0.6383216920806689,-0.4046329789246661,dimension_score,0.23368871315600281,10
price_family_ma9_structural_linked,district_of_columbia_dc__county,2021-11-30,affordability,-0.6873297421253028,-0.5549768518518519,dimension_score,0.13235289027345098,11
price_family_ma9_structural_linked,district_of_columbia_dc__county,2021-12-31,affordability,-0.18226527388070943,-0.6443437360025268,dimension_score,-0.46207846212181736,12
price_family_ma9_structural_linked,district_of_columbia_dc__county,2022-01-31,affordability,-0.16606355636499803,-0.6759937058935723,dimension_score,-0.5099301495285743,1
price_family_ma9_structural_linked,district_of_columbia_dc__county,2022-02-28,affordability,-0.5142178542178543,-0.7014014014014014,dimension_score,-0.18718354718354713,2
price_family_ma9_structural_linked,district_of_columbia_dc__county,2022-03-31,affordability,-0.6437168597168597,-0.7377152686762778,dimension_score,-0.09399840895941813,3
price_family_ma9_structural_linked,district_of_columbia_dc__county,2022-04-30,affordability,-0.9115840269867695,-0.763620353185761,dimension_score,0.1479636738010085,4
price_family_ma9_structural_linked,district_of_columbia_dc__county,2022-05-31,affordability,-0.2261657762313123,-0.7397979527515132,dimension_score,-0.5136321765202009,5
price_family_ma9_structural_linked,district_of_columbia_dc__county,2022-06-30,affordability,-0.8756901720320218,-0.8545735090152566,dimension_score,0.02111666301676518,6
price_family_ma9_structural_linked,district_of_columbia_dc__county,2022-07-31,affordability,-0.1932083958020989,-0.7447088565996104,dimension_score,-0.5515004607975115,7
price_family_ma9_structural_linked,district_of_columbia_dc__county,2022-08-31,affordability,-0.3978400909435392,-0.5803598740440845,dimension_score,-0.18251978310054529,8
price_family_ma9_structural_linked,district_of_columbia_dc__county,2022-09-30,affordability,-0.33249606542411153,-0.5986958190236509,dimension_score,-0.26619975359953935,9
price_family_ma9_structural_linked,district_of_columbia_dc__county,2022-10-31,affordability,-0.494992491151379,-0.6353400043871883,dimension_score,-0.1403475132358093,10
price_family_ma9_structural_linked,district_of_columbia_dc__county,2022-11-30,affordability,-0.23178804855275448,-0.5767222222222224,dimension_score,-0.3449341736694679,11
price_family_ma9_structural_linked,district_of_columbia_dc__county,2022-12-31,affordability,0.23035168195718653,0.21440535427357071,dimension_score,-0.015946327683615813,12
price_family_ma9_structural_linked,district_of_columbia_dc__county,2023-01-31,affordability,0.47745454545454546,0.2636818181818182,dimension_score,-0.21377272727272728,1
price_family_ma9_structural_linked,district_of_columbia_dc__county,2023-02-28,affordability,-0.07574324324324322,0.28238738738738745,dimension_score,0.35813063063063066,2
price_family_ma9_structural_linked,district_of_columbia_dc__county,2023-03-31,affordability,-0.08779761904761907,0.23652380952380947,dimension_score,0.32432142857142854,3
price_family_ma9_structural_linked,district_of_columbia_dc__county,2023-04-30,affordability,-0.0733997050147493,0.2828761061946902,dimension_score,0.3562758112094395,4
price_family_ma9_structural_linked,district_of_columbia_dc__county,2023-05-31,affordability,0.028684210526315757,0.2332017543859649,dimension_score,0.20451754385964915,5
price_family_ma9_structural_linked,district_of_columbia_dc__county,2023-06-30,affordability,0.4615652173913044,0.17602173913043478,dimension_score,-0.2855434782608696,6
price_family_ma9_structural_linked,district_of_columbia_dc__county,2023-07-31,affordability,0.1493390804597701,0.16629310344827586,dimension_score,0.016954022988505763,7
price_family_ma9_structural_linked,district_of_columbia_dc__county,2023-08-31,affordability,0.02397435897435901,0.10634615384615381,dimension_score,0.0823717948717948,8
price_family_ma9_structural_linked,district_of_columbia_dc__county,2023-09-30,affordability,0.10199152542372883,0.19826271186440675,dimension_score,0.09627118644067792,9
price_family_ma9_structural_linked,district_of_columbia_dc__county,2023-10-31,affordability,-0.1355952380952381,0.059222689075630275,dimension_score,0.19481792717086838,10
price_family_ma9_structural_linked,district_of_columbia_dc__county,2023-11-30,affordability,0.3175,0.04083333333333336,dimension_score,-0.2766666666666666,11
price_family_ma9_structural_linked,district_of_columbia_dc__county,2023-12-31,affordability,0.5146666666666666,0.4175,dimension_score,-0.09716666666666662,12
price_family_ma9_structural_linked,district_of_columbia_dc__county,2024-01-31,affordability,-0.024166666666666642,0.4241666666666667,dimension_score,0.44833333333333336,1
price_family_ma9_structural_linked,district_of_columbia_dc__county,2024-02-29,affordability,0.445,0.4308333333333333,dimension_score,-0.014166666666666716,2
price_family_ma9_structural_linked,district_of_columbia_dc__county,2024-03-31,affordability,0.015833333333333394,0.32333333333333336,dimension_score,0.3075,3
price_family_ma9_structural_linked,district_of_columbia_dc__county,2024-04-30,affordability,-0.22916666666666666,0.08666666666666659,dimension_score,0.31583333333333324,4
price_family_ma9_structural_linked,district_of_columbia_dc__county,2024-05-31,affordability,0.013333333333333364,-0.05750000000000011,dimension_score,-0.07083333333333347,5
price_family_ma9_structural_linked,district_of_columbia_dc__county,2024-06-30,affordability,-0.39416666666666667,-0.04083333333333333,dimension_score,0.35333333333333333,6
price_family_ma9_structural_linked,district_of_columbia_dc__county,2024-07-31,affordability,0.035833333333333384,0.05749999999999997,dimension_score,0.021666666666666584,7
price_family_ma9_structural_linked,district_of_columbia_dc__county,2024-08-31,affordability,0.47000000000000003,0.2633333333333333,dimension_score,-0.20666666666666672,8
price_family_ma9_structural_linked,district_of_columbia_dc__county,2024-09-30,affordability,0.5836666666666667,0.3666666666666667,dimension_score,-0.21699999999999997,9
price_family_ma9_structural_linked,district_of_columbia_dc__county,2024-10-31,affordability,0.12033333333333329,0.31783333333333336,dimension_score,0.19750000000000006,10
price_family_ma9_structural_linked,district_of_columbia_dc__county,2024-11-30,affordability,-0.23333333333333336,0.004999999999999977,dimension_score,0.23833333333333334,11
price_family_ma9_structural_linked,district_of_columbia_dc__county,2024-12-31,affordability,0.1658333333333333,-0.18416666666666667,dimension_score,-0.35,12
price_family_ma9_structural_linked,district_of_columbia_dc__county,2025-01-31,affordability,0.6808333333333333,-0.032499999999999946,dimension_score,-0.7133333333333333,1
price_family_ma9_structural_linked,district_of_columbia_dc__county,2025-02-28,affordability,-0.3751666666666666,0.11250000000000002,dimension_score,0.4876666666666666,2
price_family_ma9_structural_linked,district_of_columbia_dc__county,2025-03-31,affordability,0.045833333333333365,0.1866666666666667,dimension_score,0.14083333333333334,3
price_family_ma9_structural_linked,district_of_columbia_dc__county,2025-04-30,affordability,-0.4641666666666667,0.1266666666666667,dimension_score,0.5908333333333334,4
price_family_ma9_structural_linked,district_of_columbia_dc__county,2025-05-31,affordability,0.03583333333333327,-0.024166666666666725,dimension_score,-0.06,5
price_family_ma9_structural_linked,district_of_columbia_dc__county,2025-06-30,affordability,-0.08416666666666672,-0.24666666666666665,dimension_score,-0.16249999999999992,6
price_family_ma9_structural_linked,district_of_columbia_dc__county,2025-07-31,affordability,0.14916666666666667,-0.1933333333333333,dimension_score,-0.34249999999999997,7
price_family_ma9_structural_linked,district_of_columbia_dc__county,2025-08-31,affordability,-0.0025000000000000022,-0.030833333333333296,dimension_score,-0.028333333333333294,8
price_family_ma9_structural_linked,district_of_columbia_dc__county,2025-09-30,affordability,-0.22666666666666668,0.010833333333333278,dimension_score,0.23749999999999996,9
price_family_ma9_structural_linked,district_of_columbia_dc__county,2025-10-31,affordability,0.003333333333333355,-0.08749999999999998,dimension_score,-0.09083333333333334,10
price_family_ma9_structural_linked,district_of_columbia_dc__county,2025-11-30,affordability,-0.019999999999999962,-0.10999999999999999,dimension_score,-0.09000000000000002,11
price_family_ma9_structural_linked,district_of_columbia_dc__county,2025-12-31,affordability,-0.3416666666666667,-0.215,dimension_score,0.12666666666666668,12
price_family_ma9_structural_linked,district_of_columbia_dc__county,2026-01-31,affordability,0.07966666666666672,0.003333333333333341,dimension_score,-0.07633333333333338,1
price_family_ma9_structural_linked,district_of_columbia_dc__county,2026-02-28,affordability,0.7474999999999999,0.17750000000000002,dimension_score,-0.57,2
price_family_ma9_structural_linked,district_of_columbia_dc__county,2026-03-31,affordability,-0.16583333333333336,0.11583333333333336,dimension_score,0.28166666666666673,3
price_family_ma9_structural_linked,district_of_columbia_dc__county,2026-04-30,affordability,0.4158333333333333,0.09666666666666672,dimension_score,-0.31916666666666654,4
price_family_ma9_structural_linked,district_of_columbia_dc__county,2026-05-31,affordability,-0.5458333333333334,-0.09916666666666668,dimension_score,0.4466666666666667,5
price_family_ma9_structural_linked,district_of_columbia_dc__county,2026-06-30,affordability,-0.5458333333333334,-0.09916666666666668,dimension_score,0.4466666666666667,6
price_family_ma9_structural_linked,district_of_columbia_dc__county,2026-07-31,affordability,-0.5458333333333334,-0.09916666666666668,dimension_score,0.4466666666666667,7
price_family_ma9_structural_linked,district_of_columbia_dc__county,2014-12-31,price,0.41666666666666674,,dimension_score,,12
price_family_ma9_structural_linked,district_of_columbia_dc__county,2015-01-31,price,-0.38138138138138145,,dimension_score,,1
price_family_ma9_structural_linked,district_of_columbia_dc__county,2015-02-28,price,0.454954954954955,,dimension_score,,2
price_family_ma9_structural_linked,district_of_columbia_dc__county,2015-03-31,price,0.22357174988753936,,dimension_score,,3
price_family_ma9_structural_linked,district_of_columbia_dc__county,2015-04-30,price,0.7807264957264957,,dimension_score,,4
price_family_ma9_structural_linked,district_of_columbia_dc__county,2015-05-31,price,0.6385365853658536,,dimension_score,,5
price_family_ma9_structural_linked,district_of_columbia_dc__county,2015-06-30,price,0.14692218350754932,,dimension_score,,6
price_family_ma9_structural_linked,district_of_columbia_dc__county,2015-07-31,price,-0.062015503875969005,,dimension_score,,7
price_family_ma9_structural_linked,district_of_columbia_dc__county,2015-08-31,price,-0.06730091613812543,0.98,dimension_score,1.0473009161381255,8
price_family_ma9_structural_linked,district_of_columbia_dc__county,2015-09-30,price,0.14612794612794613,0.98,dimension_score,0.8338720538720539,9
price_family_ma9_structural_linked,district_of_columbia_dc__county,2015-10-31,price,-0.24782608695652172,0.98,dimension_score,1.2278260869565216,10
price_family_ma9_structural_linked,district_of_columbia_dc__county,2015-11-30,price,0.719395621338267,0.47481481481481475,dimension_score,-0.2445808065234522,11
price_family_ma9_structural_linked,district_of_columbia_dc__county,2015-12-31,price,-0.40463947990543736,0.34468468468468466,dimension_score,0.7493241645901221,12
price_family_ma9_structural_linked,district_of_columbia_dc__county,2016-01-31,price,-0.4456379849236992,-0.040650406504065026,dimension_score,0.4049875784196342,1
price_family_ma9_structural_linked,district_of_columbia_dc__county,2016-02-29,price,0.34473469387755096,-0.2258852258852258,dimension_score,-0.5706199197627768,2
price_family_ma9_structural_linked,district_of_columbia_dc__county,2016-03-31,price,-0.20638310708898938,-0.3674418604651163,dimension_score,-0.1610587533761269,3
price_family_ma9_structural_linked,district_of_columbia_dc__county,2016-04-30,price,0.051613876319758625,-0.2919438285291943,dimension_score,-0.3435577048489529,4
price_family_ma9_structural_linked,district_of_columbia_dc__county,2016-05-31,price,0.41382363977485925,-0.050793650793650835,dimension_score,-0.4646172905685101,5
price_family_ma9_structural_linked,district_of_columbia_dc__county,2016-06-30,price,-0.37431366676649697,0.28985507246376807,dimension_score,0.6641687392302651,6
price_family_ma9_structural_linked,district_of_columbia_dc__county,2016-07-31,price,0.3945359016521807,0.6117537072856222,dimension_score,0.21721780563344145,7
price_family_ma9_structural_linked,district_of_columbia_dc__county,2016-08-31,price,0.05701298701298696,0.03855555555555555,dimension_score,-0.01845743145743141,8
price_family_ma9_structural_linked,district_of_columbia_dc__county,2016-09-30,price,-0.1716457811194654,0.06486016451233842,dimension_score,0.23650594563180383,9
price_family_ma9_structural_linked,district_of_columbia_dc__county,2016-10-31,price,0.2506404692390647,0.15075923852183648,dimension_score,-0.09988123071722821,10
price_family_ma9_structural_linked,district_of_columbia_dc__county,2016-11-30,price,0.014964497556486808,0.11010256410256411,dimension_score,0.0951380665460773,11
price_family_ma9_structural_linked,district_of_columbia_dc__county,2016-12-31,price,0.08796610169491527,0.2284489795918368,dimension_score,0.14048287789692154,12
price_family_ma9_structural_linked,district_of_columbia_dc__county,2017-01-31,price,0.19566633210661316,0.2755260009203866,dimension_score,0.07985966881377343,1
price_family_ma9_structural_linked,district_of_columbia_dc__county,2017-02-28,price,-0.06679428873611845,-0.05269218798630568,dimension_score,0.014102100749812774,2
price_family_ma9_structural_linked,district_of_columbia_dc__county,2017-03-31,price,0.5984879973494774,0.10674255976581558,dimension_score,-0.49174543758366185,3
price_family_ma9_structural_linked,district_of_columbia_dc__county,2017-04-30,price,-0.06719001831501833,0.0063893653516294835,dimension_score,0.07357938366664782,4
price_family_ma9_structural_linked,district_of_columbia_dc__county,2017-05-31,price,0.12205515239477509,-0.04823781676413258,dimension_score,-0.17029296915890768,5
price_family_ma9_structural_linked,district_of_columbia_dc__county,2017-06-30,price,-0.011665371665371647,0.05307973286084233,dimension_score,0.06474510452621399,6
price_family_ma9_structural_linked,district_of_columbia_dc__county,2017-07-31,price,-0.30322930800542736,0.12207140281283807,dimension_score,0.4253007108182654,7
price_family_ma9_structural_linked,district_of_columbia_dc__county,2017-08-31,price,-0.4641226639909696,-0.025175438596491267,dimension_score,0.4389472253944783,8
price_family_ma9_structural_linked,district_of_columbia_dc__county,2017-09-30,price,-0.6779826804863822,-0.27951454182577495,dimension_score,0.39846813866060726,9
price_family_ma9_structural_linked,district_of_columbia_dc__county,2017-10-31,price,0.1466038409366745,-0.37265390924002184,dimension_score,-0.5192577501766964,10
price_family_ma9_structural_linked,district_of_columbia_dc__county,2017-11-30,price,-0.34713092111994004,-0.41053221288515407,dimension_score,-0.06340129176521403,11
price_family_ma9_structural_linked,district_of_columbia_dc__county,2017-12-31,price,0.07633020344287952,-0.33733054854981087,dimension_score,-0.41366075199269037,12
price_family_ma9_structural_linked,district_of_columbia_dc__county,2018-01-31,price,-0.7033622776155901,-0.4657989606254975,dimension_score,0.2375633169900926,1
price_family_ma9_structural_linked,district_of_columbia_dc__county,2018-02-28,price,0.2556854689422078,-0.5797979797979799,dimension_score,-0.8354834487401877,2
price_family_ma9_structural_linked,district_of_columbia_dc__county,2018-03-31,price,0.2602359502359502,-0.6089620081411127,dimension_score,-0.8691979583770628,3
price_family_ma9_structural_linked,district_of_columbia_dc__county,2018-04-30,price,0.5221184210526316,-0.4270265029088559,dimension_score,-0.9491449239614875,4
price_family_ma9_structural_linked,district_of_columbia_dc__county,2018-05-31,price,0.2581862348178137,-0.10814783995562031,dimension_score,-0.36633407477343405,5
price_family_ma9_structural_linked,district_of_columbia_dc__county,2018-06-30,price,-0.048653346653346696,0.2553926917138446,dimension_score,0.3040460383671913,6
price_family_ma9_structural_linked,district_of_columbia_dc__county,2018-07-31,price,0.03462628435233761,0.299888334995015,dimension_score,0.2652620506426774,7
price_family_ma9_structural_linked,district_of_columbia_dc__county,2018-08-31,price,0.06690431868950114,0.36585507246376814,dimension_score,0.298950753774267,8
price_family_ma9_structural_linked,district_of_columbia_dc__county,2018-09-30,price,-0.39326355340848096,0.044123063103525706,dimension_score,0.43738661651200667,9
price_family_ma9_structural_linked,district_of_columbia_dc__county,2018-10-31,price,0.7553449477351917,0.20481417537482963,dimension_score,-0.5505307723603621,10
price_family_ma9_structural_linked,district_of_columbia_dc__county,2018-11-30,price,-0.22975667699999588,0.19533333333333336,dimension_score,0.42509001033332927,11
price_family_ma9_structural_linked,district_of_columbia_dc__county,2018-12-31,price,-0.13832472748135394,0.23162923576063446,dimension_score,0.36995396324198837,12
price_family_ma9_structural_linked,district_of_columbia_dc__county,2019-01-31,price,0.22829438624764975,-0.07057267057267057,dimension_score,-0.29886705682032033,1
price_family_ma9_structural_linked,district_of_columbia_dc__county,2019-02-28,price,0.25294857100602663,-0.13681118881118878,dimension_score,-0.38975975981721545,2
price_family_ma9_structural_linked,district_of_columbia_dc__county,2019-03-31,price,-0.13811280406308477,-0.2555709129237225,dimension_score,-0.11745810886063776,3
price_family_ma9_structural_linked,district_of_columbia_dc__county,2019-04-30,price,0.03126134301270417,-0.25919595110771576,dimension_score,-0.29045729412041993,4
price_family_ma9_structural_linked,district_of_columbia_dc__county,2019-05-31,price,-0.301087115132059,-0.2756761220529337,dimension_score,0.02541099307912531,5
price_family_ma9_structural_linked,district_of_columbia_dc__county,2019-06-30,price,-0.1531322385479689,-0.09916843823049443,dimension_score,0.05396380031747447,6
price_family_ma9_structural_linked,district_of_columbia_dc__county,2019-07-31,price,-0.2334356501445109,-0.14805192601391484,dimension_score,0.08538372413059606,7
price_family_ma9_structural_linked,district_of_columbia_dc__county,2019-08-31,price,-0.2677544194935499,-0.16895943562610227,dimension_score,0.09879498386744762,8
price_family_ma9_structural_linked,district_of_columbia_dc__county,2019-09-30,price,0.3208699115197479,-0.22278414339340813,dimension_score,-0.5436540549131561,9
price_family_ma9_structural_linked,district_of_columbia_dc__county,2019-10-31,price,-0.216599985491962,-0.21338406548885674,dimension_score,0.0032159200031052493,10
price_family_ma9_structural_linked,district_of_columbia_dc__county,2019-11-30,price,0.27788558939003494,-0.14294581280788177,dimension_score,-0.4208314021979167,11
price_family_ma9_structural_linked,district_of_columbia_dc__county,2019-12-31,price,0.12239536340852131,-0.07539853644807204,dimension_score,-0.19779389985659335,12
price_family_ma9_structural_linked,district_of_columbia_dc__county,2020-01-31,price,-0.4817773398019002,-0.22435938767268793,dimension_score,0.25741795212921226,1
price_family_ma9_structural_linked,district_of_columbia_dc__county,2020-02-29,price,0.3321642634517245,-0.24438549955791336,dimension_score,-0.5765497630096379,2
price_family_ma9_structural_linked,district_of_columbia_dc__county,2020-03-31,price,0.5916760852721444,-0.17034168363282293,dimension_score,-0.7620177689049674,3
price_family_ma9_structural_linked,district_of_columbia_dc__county,2020-04-30,price,-0.03648484848484848,0.0413556424035173,dimension_score,0.07784049088836578,4
price_family_ma9_structural_linked,district_of_columbia_dc__county,2020-05-31,price,0.41558593836911784,0.3044755077658303,dimension_score,-0.11111043060328751,5
price_family_ma9_structural_linked,district_of_columbia_dc__county,2020-06-30,price,-0.18045039798097462,0.21757891615390323,dimension_score,0.39802931413487785,6
price_family_ma9_structural_linked,district_of_columbia_dc__county,2020-07-31,price,0.6600074766276937,0.4391265198092139,dimension_score,-0.22088095681847975,7
price_family_ma9_structural_linked,district_of_columbia_dc__county,2020-08-31,price,0.5028210864694613,0.4592999231950845,dimension_score,-0.04352116327437683,8
price_family_ma9_structural_linked,district_of_columbia_dc__county,2020-09-30,price,0.5801292685808814,0.5936574584209644,dimension_score,0.013528189840082971,9
price_family_ma9_structural_linked,district_of_columbia_dc__county,2020-10-31,price,0.6634772036474164,0.8225361077111384,dimension_score,0.15905890406372203,10
price_family_ma9_structural_linked,district_of_columbia_dc__county,2020-11-30,price,0.28008744396699736,0.8812011494252874,dimension_score,0.60111370545829,11
price_family_ma9_structural_linked,district_of_columbia_dc__county,2020-12-31,price,-0.03755192107995847,0.8193364573570759,dimension_score,0.8568883784370345,12
price_family_ma9_structural_linked,district_of_columbia_dc__county,2021-01-31,price,0.55300818647078,0.6735051593671176,dimension_score,0.12049697289633765,1
price_family_ma9_structural_linked,district_of_columbia_dc__county,2021-02-28,price,0.6197980970536672,0.5415531788472966,dimension_score,-0.07824491820637058,2
price_family_ma9_structural_linked,district_of_columbia_dc__county,2021-03-31,price,0.38538738738738737,0.6452307692307693,dimension_score,0.2598433818433819,3
price_family_ma9_structural_linked,district_of_columbia_dc__county,2021-04-30,price,0.5345366795366795,0.6432234179939733,dimension_score,0.10868673845729382,4
price_family_ma9_structural_linked,district_of_columbia_dc__county,2021-05-31,price,0.5375841584158416,0.7083339658444023,dimension_score,0.17074980742856072,5
price_family_ma9_structural_linked,district_of_columbia_dc__county,2021-06-30,price,0.5524992100240189,0.7422507746333403,dimension_score,0.1897515646093214,6
price_family_ma9_structural_linked,district_of_columbia_dc__county,2021-07-31,price,0.17461035450593557,0.6705748987854251,dimension_score,0.49596454427948955,7
price_family_ma9_structural_linked,district_of_columbia_dc__county,2021-08-31,price,-0.053228001383923404,0.5175105820105821,dimension_score,0.5707385833945054,8
price_family_ma9_structural_linked,district_of_columbia_dc__county,2021-09-30,price,-0.30161845817018235,0.38778815744625417,dimension_score,0.6894066156164365,9
price_family_ma9_structural_linked,district_of_columbia_dc__county,2021-10-31,price,0.2974863157664565,0.37185351897768454,dimension_score,0.07436720321122803,10
price_family_ma9_structural_linked,district_of_columbia_dc__county,2021-11-30,price,0.2536437496589004,0.4213324233324234,dimension_score,0.16768867367352297,11
price_family_ma9_structural_linked,district_of_columbia_dc__county,2021-12-31,price,-0.019839713663243084,0.4025635648754915,dimension_score,0.4224032785387346,12
price_family_ma9_structural_linked,district_of_columbia_dc__county,2022-01-31,price,-0.1141131498470948,0.2278125741777718,dimension_score,0.3419257240248666,1
price_family_ma9_structural_linked,district_of_columbia_dc__county,2022-02-28,price,0.25636363636363635,-0.03259420411123198,dimension_score,-0.28895784047486833,2
price_family_ma9_structural_linked,district_of_columbia_dc__county,2022-03-31,price,0.060585585585585605,-0.26116625459808235,dimension_score,-0.321751840183668,3
price_family_ma9_structural_linked,district_of_columbia_dc__county,2022-04-30,price,0.4863333333333333,-0.21727424238867626,dimension_score,-0.7036075757220095,4
price_family_ma9_structural_linked,district_of_columbia_dc__county,2022-05-31,price,-0.32351917404129793,-0.21288863183600026,dimension_score,0.11063054220529767,5
price_family_ma9_structural_linked,district_of_columbia_dc__county,2022-06-30,price,0.4068771929824563,0.13620302832274303,dimension_score,-0.2706741646597133,6
price_family_ma9_structural_linked,district_of_columbia_dc__county,2022-07-31,price,-0.5542028985507248,-0.06802795884709027,dimension_score,0.4861749397036345,7
price_family_ma9_structural_linked,district_of_columbia_dc__county,2022-08-31,price,-0.3549425287356322,-0.23529914529914533,dimension_score,0.11964338343648687,8
price_family_ma9_structural_linked,district_of_columbia_dc__county,2022-09-30,price,-0.2050854700854701,-0.38549722697351374,dimension_score,-0.18041175688804365,9
price_family_ma9_structural_linked,district_of_columbia_dc__county,2022-10-31,price,-0.2607175141242938,-0.4290030557677617,dimension_score,-0.16828554164346793,10
price_family_ma9_structural_linked,district_of_columbia_dc__county,2022-11-30,price,-0.14677030812324926,-0.42802702702702705,dimension_score,-0.2812567189037778,11
price_family_ma9_structural_linked,district_of_columbia_dc__county,2022-12-31,price,-0.5316666666666666,-0.4802857142857143,dimension_score,0.051380952380952305,12
price_family_ma9_structural_linked,district_of_columbia_dc__county,2023-01-31,price,-0.7603333333333333,-0.638014749262537,dimension_score,0.12231858407079632,1
price_family_ma9_structural_linked,district_of_columbia_dc__county,2023-02-28,price,0.11933333333333335,-0.6537894736842105,dimension_score,-0.7731228070175438,2
price_family_ma9_structural_linked,district_of_columbia_dc__county,2023-03-31,price,-0.21666666666666673,-0.674,dimension_score,-0.4573333333333333,3
price_family_ma9_structural_linked,district_of_columbia_dc__county,2023-04-30,price,0.08333333333333331,-0.6174367816091955,dimension_score,-0.7007701149425287,4
price_family_ma9_structural_linked,district_of_columbia_dc__county,2023-05-31,price,-0.0050000000000000044,-0.5190769230769231,dimension_score,-0.5140769230769231,5
price_family_ma9_structural_linked,district_of_columbia_dc__county,2023-06-30,price,-0.5403333333333333,-0.342,dimension_score,0.1983333333333333,6
price_family_ma9_structural_linked,district_of_columbia_dc__county,2023-07-31,price,-0.10833333333333331,-0.3465546218487395,dimension_score,-0.23822128851540617,7
price_family_ma9_structural_linked,district_of_columbia_dc__county,2023-08-31,price,-0.09499999999999997,-0.42000000000000004,dimension_score,-0.32500000000000007,8
price_family_ma9_structural_linked,district_of_columbia_dc__county,2023-09-30,price,-0.24333333333333335,-0.3483333333333334,dimension_score,-0.10500000000000004,9
price_family_ma9_structural_linked,district_of_columbia_dc__county,2023-10-31,price,0.44333333333333336,-0.07833333333333337,dimension_score,-0.5216666666666667,10
price_family_ma9_structural_linked,district_of_columbia_dc__county,2023-11-30,price,-0.45833333333333337,-0.011666666666666686,dimension_score,0.44666666666666666,11
price_family_ma9_structural_linked,district_of_columbia_dc__county,2023-12-31,price,-0.6616666666666666,-0.15166666666666673,dimension_score,0.5099999999999999,12
price_family_ma9_structural_linked,district_of_columbia_dc__county,2024-01-31,price,0.54,-0.44833333333333336,dimension_score,-0.9883333333333334,1
price_family_ma9_structural_linked,district_of_columbia_dc__county,2024-02-29,price,-0.6876666666666666,-0.5833333333333334,dimension_score,0.10433333333333328,2
price_family_ma9_structural_linked,district_of_columbia_dc__county,2024-03-31,price,0.41600000000000004,-0.5066666666666667,dimension_score,-0.9226666666666667,3
price_family_ma9_structural_linked,district_of_columbia_dc__county,2024-04-30,price,0.13333333333333336,-0.33333333333333337,dimension_score,-0.46666666666666673,4
price_family_ma9_structural_linked,district_of_columbia_dc__county,2024-05-31,price,0.20666666666666667,-0.030000000000000027,dimension_score,-0.2366666666666667,5
price_family_ma9_structural_linked,district_of_columbia_dc__county,2024-06-30,price,0.6126666666666667,0.13500000000000006,dimension_score,-0.47766666666666663,6
price_family_ma9_structural_linked,district_of_columbia_dc__county,2024-07-31,price,-0.13500000000000004,0.10833333333333336,dimension_score,0.2433333333333334,7
price_family_ma9_structural_linked,district_of_columbia_dc__county,2024-08-31,price,-0.13833333333333334,0.06000000000000001,dimension_score,0.19833333333333336,8
price_family_ma9_structural_linked,district_of_columbia_dc__county,2024-09-30,price,-0.43333333333333335,0.03166666666666665,dimension_score,0.46499999999999997,9
price_family_ma9_structural_linked,district_of_columbia_dc__county,2024-10-31,price,0.24499999999999997,0.06999999999999999,dimension_score,-0.175,10
price_family_ma9_structural_linked,district_of_columbia_dc__county,2024-11-30,price,0.08833333333333332,0.3816666666666667,dimension_score,0.2933333333333334,11
price_family_ma9_structural_linked,district_of_columbia_dc__county,2024-12-31,price,-0.4000000000000001,0.2066666666666666,dimension_score,0.6066666666666667,12
price_family_ma9_structural_linked,district_of_columbia_dc__county,2025-01-31,price,-0.7416666666666667,-0.30166666666666675,dimension_score,0.43999999999999995,1
price_family_ma9_structural_linked,district_of_columbia_dc__county,2025-02-28,price,0.6176666666666667,-0.37833333333333335,dimension_score,-0.996,2
price_family_ma9_structural_linked,district_of_columbia_dc__county,2025-03-31,price,0.15,-0.5266666666666667,dimension_score,-0.6766666666666667,3
price_family_ma9_structural_linked,district_of_columbia_dc__county,2025-04-30,price,0.6013333333333334,-0.37,dimension_score,-0.9713333333333334,4
price_family_ma9_structural_linked,district_of_columbia_dc__county,2025-05-31,price,-0.051666666666666645,-0.165,dimension_score,-0.11333333333333337,5
price_family_ma9_structural_linked,district_of_columbia_dc__county,2025-06-30,price,-0.22666666666666668,0.08333333333333331,dimension_score,0.31,6
price_family_ma9_structural_linked,district_of_columbia_dc__county,2025-07-31,price,-0.05,0.051666666666666694,dimension_score,0.1016666666666667,7
price_family_ma9_structural_linked,district_of_columbia_dc__county,2025-08-31,price,-0.2566666666666667,-0.09833333333333331,dimension_score,0.15833333333333338,8
price_family_ma9_structural_linked,district_of_columbia_dc__county,2025-09-30,price,0.06833333333333336,-0.0783333333333333,dimension_score,-0.14666666666666667,9
price_family_ma9_structural_linked,district_of_columbia_dc__county,2025-10-31,price,-0.14666666666666664,0.23133333333333342,dimension_score,0.37800000000000006,10
price_family_ma9_structural_linked,district_of_columbia_dc__county,2025-11-30,price,-0.05000000000000002,0.21633333333333332,dimension_score,0.2663333333333333,11
price_family_ma9_structural_linked,district_of_columbia_dc__county,2025-12-31,price,0.003333333333333355,0.14800000000000005,dimension_score,0.1446666666666667,12
price_family_ma9_structural_linked,district_of_columbia_dc__county,2026-01-31,price,0.251,-0.10500000000000001,dimension_score,-0.356,1
price_family_ma9_structural_linked,district_of_columbia_dc__county,2026-02-28,price,-0.76,-0.365,dimension_score,0.395,2
price_family_ma9_structural_linked,district_of_columbia_dc__county,2026-03-31,price,0.36933333333333335,-0.3333333333333333,dimension_score,-0.7026666666666667,3
price_family_ma9_structural_linked,district_of_columbia_dc__county,2026-04-30,price,-0.2833333333333334,-0.47500000000000003,dimension_score,-0.19166666666666665,4
price_family_ma9_structural_linked,district_of_columbia_dc__county,2026-05-31,price,0.518,-0.14500000000000005,dimension_score,-0.663,5
price_family_ma9_structural_linked,district_of_columbia_dc__county,2026-06-30,price,0.518,-0.14500000000000005,dimension_score,-0.663,6
price_family_ma9_structural_linked,district_of_columbia_dc__county,2026-07-31,price,0.518,-0.14500000000000005,dimension_score,-0.663,7
price_family_ma9_structural_linked,district_of_columbia_dc__county,2014-12-31,median_ppsf,0.1666666666666667,,metric_score,,12
price_family_ma9_structural_linked,district_of_columbia_dc__county,2015-01-31,median_ppsf,-0.4714714714714715,,metric_score,,1
price_family_ma9_structural_linked,district_of_columbia_dc__county,2015-02-28,median_ppsf,0.8060692271218588,,metric_score,,2
price_family_ma9_structural_linked,district_of_columbia_dc__county,2015-03-31,median_ppsf,0.02294197031039134,,metric_score,,3
price_family_ma9_structural_linked,district_of_columbia_dc__county,2015-04-30,median_ppsf,0.97,,metric_score,,4
price_family_ma9_structural_linked,district_of_columbia_dc__county,2015-05-31,median_ppsf,0.41707317073170724,,metric_score,,5
price_family_ma9_structural_linked,district_of_columbia_dc__county,2015-06-30,median_ppsf,0.12272551296941536,,metric_score,,6
price_family_ma9_structural_linked,district_of_columbia_dc__county,2015-07-31,median_ppsf,-0.10889627168696943,,metric_score,,7
price_family_ma9_structural_linked,district_of_columbia_dc__county,2015-08-31,median_ppsf,0.1649048625792812,0.98,metric_score,0.8150951374207188,8
price_family_ma9_structural_linked,district_of_columbia_dc__county,2015-09-30,median_ppsf,0.28888888888888886,0.98,metric_score,0.6911111111111111,9
price_family_ma9_structural_linked,district_of_columbia_dc__county,2015-10-31,median_ppsf,-0.4473429951690821,0.98,metric_score,1.4273429951690821,10
price_family_ma9_structural_linked,district_of_columbia_dc__county,2015-11-30,median_ppsf,0.597286463151403,0.5488888888888888,metric_score,-0.04839757426251423,11
price_family_ma9_structural_linked,district_of_columbia_dc__county,2015-12-31,median_ppsf,-0.23882978723404252,0.2726126126126126,metric_score,0.5114423998466551,12
price_family_ma9_structural_linked,district_of_columbia_dc__county,2016-01-31,median_ppsf,-0.45244530244530246,-0.10141206675224643,metric_score,0.351033235693056,1
price_family_ma9_structural_linked,district_of_columbia_dc__county,2016-02-29,median_ppsf,-0.12396133190118158,-0.3101343101343101,metric_score,-0.1861729782331285,2
price_family_ma9_structural_linked,district_of_columbia_dc__county,2016-03-31,median_ppsf,0.31511312217194576,-0.37519379844961237,metric_score,-0.6903069206215582,3
price_family_ma9_structural_linked,district_of_columbia_dc__county,2016-04-30,median_ppsf,-0.05218702865761696,-0.21175166297117504,metric_score,-0.15956463431355808,4
price_family_ma9_structural_linked,district_of_columbia_dc__county,2016-05-31,median_ppsf,0.2916848030018761,-0.026455026455026495,metric_score,-0.3181398294569026,5
price_family_ma9_structural_linked,district_of_columbia_dc__county,2016-06-30,median_ppsf,-0.3572127383448138,0.09032692955847652,metric_score,0.44753966790329036,6
price_family_ma9_structural_linked,district_of_columbia_dc__county,2016-07-31,median_ppsf,0.5353626184323859,0.4119922630560929,metric_score,-0.12337035537629298,7
price_family_ma9_structural_linked,district_of_columbia_dc__county,2016-08-31,median_ppsf,-0.40974025974025974,-0.0077777777777778,metric_score,0.40196248196248197,8
price_family_ma9_structural_linked,district_of_columbia_dc__county,2016-09-30,median_ppsf,0.03161236424394315,-0.008935370152761413,metric_score,-0.04054773439670456,9
price_family_ma9_structural_linked,district_of_columbia_dc__county,2016-10-31,median_ppsf,0.15752123938030982,0.10417469204927213,metric_score,-0.05334654733103769,10
price_family_ma9_structural_linked,district_of_columbia_dc__county,2016-11-30,median_ppsf,0.0689331857691782,0.37933333333333336,metric_score,0.3104001475641551,11
price_family_ma9_structural_linked,district_of_columbia_dc__county,2016-12-31,median_ppsf,-0.11661016949152544,0.14579591836734698,metric_score,0.2624060878588724,12
price_family_ma9_structural_linked,district_of_columbia_dc__county,2017-01-31,median_ppsf,0.2787019069923051,0.14119834330418773,metric_score,-0.1375035636881174,1
price_family_ma9_structural_linked,district_of_columbia_dc__county,2017-02-28,median_ppsf,0.48742887361184556,0.09934640522875812,metric_score,-0.38808246838308746,2
price_family_ma9_structural_linked,district_of_columbia_dc__county,2017-03-31,median_ppsf,0.44233005029968986,0.18807610993657506,metric_score,-0.25425394036311477,3
price_family_ma9_structural_linked,district_of_columbia_dc__county,2017-04-30,median_ppsf,0.32005372405372406,0.20417789757412397,metric_score,-0.1158758264796001,4
price_family_ma9_structural_linked,district_of_columbia_dc__county,2017-05-31,median_ppsf,-0.1099274310595065,0.34118518518518515,metric_score,0.4511126162446917,5
price_family_ma9_structural_linked,district_of_columbia_dc__county,2017-06-30,median_ppsf,0.057373737373737396,0.35378656126482216,metric_score,0.29641282389108475,6
price_family_ma9_structural_linked,district_of_columbia_dc__county,2017-07-31,median_ppsf,-0.2626684758028041,0.3236595744680851,metric_score,0.5863280502708892,7
price_family_ma9_structural_linked,district_of_columbia_dc__county,2017-08-31,median_ppsf,-0.35570048915088426,0.15999999999999998,metric_score,0.5157004891508843,8
price_family_ma9_structural_linked,district_of_columbia_dc__county,2017-09-30,median_ppsf,-0.6597927042670615,-0.0608276323531108,metric_score,0.5989650719139507,9
price_family_ma9_structural_linked,district_of_columbia_dc__county,2017-10-31,median_ppsf,0.03945455843506818,-0.24463203936577366,metric_score,-0.28408659780084183,10
price_family_ma9_structural_linked,district_of_columbia_dc__county,2017-11-30,median_ppsf,-0.41445281860655464,-0.44037348272642396,metric_score,-0.02592066411986932,11
price_family_ma9_structural_linked,district_of_columbia_dc__county,2017-12-31,median_ppsf,0.10768388106416277,-0.48410308953341746,metric_score,-0.5917869705975802,12
price_family_ma9_structural_linked,district_of_columbia_dc__county,2018-01-31,median_ppsf,-0.6338423534695712,-0.5807369258860434,metric_score,0.053105427583527764,1
price_family_ma9_structural_linked,district_of_columbia_dc__county,2018-02-28,median_ppsf,0.1622242658035853,-0.5999037999037999,metric_score,-0.7621280657073852,2
price_family_ma9_structural_linked,district_of_columbia_dc__county,2018-03-31,median_ppsf,0.42508622908622906,-0.5500067842605156,metric_score,-0.9750930133467447,3
price_family_ma9_structural_linked,district_of_columbia_dc__county,2018-04-30,median_ppsf,0.25800000000000006,-0.33625080801551394,metric_score,-0.594250808015514,4
price_family_ma9_structural_linked,district_of_columbia_dc__county,2018-05-31,median_ppsf,0.5236113360323886,-0.019679633867276947,metric_score,-0.5432909698996655,5
price_family_ma9_structural_linked,district_of_columbia_dc__county,2018-06-30,median_ppsf,-0.30889110889110893,0.2604364384971693,metric_score,0.5693275473882782,6
price_family_ma9_structural_linked,district_of_columbia_dc__county,2018-07-31,median_ppsf,0.4280786912564733,0.3387716849451645,metric_score,-0.08930700631130878,7
price_family_ma9_structural_linked,district_of_columbia_dc__county,2018-08-31,median_ppsf,0.4402717795979152,0.5380289855072464,metric_score,0.09775720590933124,8
price_family_ma9_structural_linked,district_of_columbia_dc__county,2018-09-30,median_ppsf,-0.3654159957058508,0.31704982194988934,metric_score,0.6824658176557401,9
price_family_ma9_structural_linked,district_of_columbia_dc__county,2018-10-31,median_ppsf,0.789630662020906,0.4546097228532485,metric_score,-0.3350209391676575,10
price_family_ma9_structural_linked,district_of_columbia_dc__county,2018-11-30,median_ppsf,-0.5543054388629751,0.26292063492063494,metric_score,0.8172260737836101,11
price_family_ma9_structural_linked,district_of_columbia_dc__county,2018-12-31,median_ppsf,-0.3943966341556703,0.1362653208363374,metric_score,0.5306619549920077,12
price_family_ma9_structural_linked,district_of_columbia_dc__county,2019-01-31,median_ppsf,0.6178657764475654,0.0005540405540405413,metric_score,-0.6173117358935248,1
price_family_ma9_structural_linked,district_of_columbia_dc__county,2019-02-28,median_ppsf,-0.1682907531334344,-0.12050349650349648,metric_score,0.04778725662993791,2
price_family_ma9_structural_linked,district_of_columbia_dc__county,2019-03-31,median_ppsf,-0.2847345629510826,-0.23472908608191556,metric_score,0.050005476869167065,3
price_family_ma9_structural_linked,district_of_columbia_dc__county,2019-04-30,median_ppsf,0.01263817851839627,-0.331588999236058,metric_score,-0.34422717775445427,4
price_family_ma9_structural_linked,district_of_columbia_dc__county,2019-05-31,median_ppsf,-0.4977819932876113,-0.4926462694578638,metric_score,0.005135723829747529,5
price_family_ma9_structural_linked,district_of_columbia_dc__county,2019-06-30,median_ppsf,-0.34795736099106883,-0.46970758170511184,metric_score,-0.12175022071404301,6
price_family_ma9_structural_linked,district_of_columbia_dc__county,2019-07-31,median_ppsf,-0.11570083924514307,-0.4902986594264382,metric_score,-0.3745978201812951,7
price_family_ma9_structural_linked,district_of_columbia_dc__county,2019-08-31,median_ppsf,-0.6004013377926422,-0.3837742504409172,metric_score,0.21662708735172498,8
price_family_ma9_structural_linked,district_of_columbia_dc__county,2019-09-30,median_ppsf,0.2224126885183454,-0.30789567815097973,metric_score,-0.5303083666693251,9
price_family_ma9_structural_linked,district_of_columbia_dc__county,2019-10-31,median_ppsf,-0.2150035433092835,-0.3030025822965022,metric_score,-0.08799903898721867,10
price_family_ma9_structural_linked,district_of_columbia_dc__county,2019-11-30,median_ppsf,-0.15384071560598495,-0.31922495894909697,metric_score,-0.16538424334311203,11
price_family_ma9_structural_linked,district_of_columbia_dc__county,2019-12-31,median_ppsf,-0.3136152882205514,-0.42778778497044756,metric_score,-0.11417249674989616,12
price_family_ma9_structural_linked,district_of_columbia_dc__county,2020-01-31,median_ppsf,-0.6317303416211846,-0.5838196817554017,metric_score,0.04791065986578291,1
price_family_ma9_structural_linked,district_of_columbia_dc__county,2020-02-29,median_ppsf,0.42117830109747095,-0.4963277335691129,metric_score,-0.9175060346665839,2
price_family_ma9_structural_linked,district_of_columbia_dc__county,2020-03-31,median_ppsf,0.6080410011444495,-0.40496465559756706,metric_score,-1.0130056567420165,3
price_family_ma9_structural_linked,district_of_columbia_dc__county,2020-04-30,median_ppsf,-0.37103030303030304,-0.2485588666340987,metric_score,0.12247143639620434,4
price_family_ma9_structural_linked,district_of_columbia_dc__county,2020-05-31,median_ppsf,0.14600333741239296,-0.06507367582636403,metric_score,-0.211077013238757,5
price_family_ma9_structural_linked,district_of_columbia_dc__county,2020-06-30,median_ppsf,-0.08229858279945643,-0.1460472065557691,metric_score,-0.06374862375631268,6
price_family_ma9_structural_linked,district_of_columbia_dc__county,2020-07-31,median_ppsf,0.6491173018871477,0.05595654930936558,metric_score,-0.5931607525777821,7
price_family_ma9_structural_linked,district_of_columbia_dc__county,2020-08-31,median_ppsf,0.38617235445010883,0.1699116743471582,metric_score,-0.21626068010295063,8
price_family_ma9_structural_linked,district_of_columbia_dc__county,2020-09-30,median_ppsf,0.7117981803143093,0.5380483336128925,metric_score,-0.1737498467014168,9
price_family_ma9_structural_linked,district_of_columbia_dc__county,2020-10-31,median_ppsf,0.5147031408308004,0.8312019583843331,metric_score,0.3164988175535327,10
price_family_ma9_structural_linked,district_of_columbia_dc__county,2020-11-30,median_ppsf,0.09978561285951609,0.8439885057471264,metric_score,0.7442028928876103,11
price_family_ma9_structural_linked,district_of_columbia_dc__county,2020-12-31,median_ppsf,0.348208722741433,0.7475463917525773,metric_score,0.3993376690111443,12
price_family_ma9_structural_linked,district_of_columbia_dc__county,2021-01-31,median_ppsf,0.8584872018523774,0.6400265994038065,metric_score,-0.2184606024485709,1
price_family_ma9_structural_linked,district_of_columbia_dc__county,2021-02-28,median_ppsf,0.703994757536042,0.7091313131313133,metric_score,0.005136555595271264,2
price_family_ma9_structural_linked,district_of_columbia_dc__county,2021-03-31,median_ppsf,0.6533737373737374,0.9128351648351649,metric_score,0.25946142746142753,3
price_family_ma9_structural_linked,district_of_columbia_dc__county,2021-04-30,median_ppsf,0.670882882882883,0.9310839431769264,metric_score,0.26020106029404344,4
price_family_ma9_structural_linked,district_of_columbia_dc__county,2021-05-31,median_ppsf,0.5008090523338048,0.9481821631878558,metric_score,0.44737311085405096,5
price_family_ma9_structural_linked,district_of_columbia_dc__county,2021-06-30,median_ppsf,0.4313999470305122,0.8942854782069822,metric_score,0.46288553117647,6
price_family_ma9_structural_linked,district_of_columbia_dc__county,2021-07-31,median_ppsf,0.446969555590115,0.8099271255060729,metric_score,0.36295756991595796,7
price_family_ma9_structural_linked,district_of_columbia_dc__county,2021-08-31,median_ppsf,0.11894591165955487,0.711952380952381,metric_score,0.5930064692928261,8
price_family_ma9_structural_linked,district_of_columbia_dc__county,2021-09-30,median_ppsf,-0.04186265841438255,0.7057062828243532,metric_score,0.7475689412387357,9
price_family_ma9_structural_linked,district_of_columbia_dc__county,2021-10-31,median_ppsf,0.014519801344233668,0.6003486553499905,metric_score,0.5858288540057568,10
price_family_ma9_structural_linked,district_of_columbia_dc__county,2021-11-30,median_ppsf,-0.032511011691228095,0.4136682136682137,metric_score,0.4461792253594418,11
price_family_ma9_structural_linked,district_of_columbia_dc__county,2021-12-31,median_ppsf,0.041724245253657026,0.21918217562254255,metric_score,0.17745793036888552,12
price_family_ma9_structural_linked,district_of_columbia_dc__county,2022-01-31,median_ppsf,-0.1518960244648318,0.05606079191989999,metric_score,0.2079568163847318,1
price_family_ma9_structural_linked,district_of_columbia_dc__county,2022-02-28,median_ppsf,0.3433333333333334,-0.02012104984241203,metric_score,-0.3634543831757454,2
price_family_ma9_structural_linked,district_of_columbia_dc__county,2022-03-31,median_ppsf,-0.0952252252252252,-0.18830850871374297,metric_score,-0.09308328348851777,3
price_family_ma9_structural_linked,district_of_columbia_dc__county,2022-04-30,median_ppsf,0.324095238095238,-0.1937301941268984,metric_score,-0.5178254322221364,4
price_family_ma9_structural_linked,district_of_columbia_dc__county,2022-05-31,median_ppsf,-0.08494395280235986,-0.12186620397146718,metric_score,-0.036922251169107315,5
price_family_ma9_structural_linked,district_of_columbia_dc__county,2022-06-30,median_ppsf,0.40617543859649136,0.08014682776935805,metric_score,-0.3260286108271333,6
price_family_ma9_structural_linked,district_of_columbia_dc__county,2022-07-31,median_ppsf,-0.5337681159420291,0.0365804845947402,metric_score,0.5703486005367693,7
price_family_ma9_structural_linked,district_of_columbia_dc__county,2022-08-31,median_ppsf,-0.5188505747126437,-0.09358974358974365,metric_score,0.4252608311229001,8
price_family_ma9_structural_linked,district_of_columbia_dc__county,2022-09-30,median_ppsf,-0.013247863247863256,-0.21572228269320481,metric_score,-0.20247441944534156,9
price_family_ma9_structural_linked,district_of_columbia_dc__county,2022-10-31,median_ppsf,-0.5361016949152543,-0.29131652661064433,metric_score,0.24478516830460995,10
price_family_ma9_structural_linked,district_of_columbia_dc__county,2022-11-30,median_ppsf,0.09179271708683479,-0.3340540540540541,metric_score,-0.42584677114088887,11
price_family_ma9_structural_linked,district_of_columbia_dc__county,2022-12-31,median_ppsf,-0.6233333333333333,-0.4752380952380953,metric_score,0.148095238095238,12
price_family_ma9_structural_linked,district_of_columbia_dc__county,2023-01-31,median_ppsf,-0.742,-0.6053628318584071,metric_score,0.13663716814159288,1
price_family_ma9_structural_linked,district_of_columbia_dc__county,2023-02-28,median_ppsf,0.14200000000000002,-0.633578947368421,metric_score,-0.775578947368421,2
price_family_ma9_structural_linked,district_of_columbia_dc__county,2023-03-31,median_ppsf,-0.44000000000000006,-0.6673333333333333,metric_score,-0.22733333333333328,3
price_family_ma9_structural_linked,district_of_columbia_dc__county,2023-04-30,median_ppsf,-0.013333333333333364,-0.652,metric_score,-0.6386666666666667,4
price_family_ma9_structural_linked,district_of_columbia_dc__county,2023-05-31,median_ppsf,-0.09666666666666668,-0.5720000000000001,metric_score,-0.4753333333333334,5
price_family_ma9_structural_linked,district_of_columbia_dc__county,2023-06-30,median_ppsf,-0.422,-0.402,metric_score,0.019999999999999962,6
price_family_ma9_structural_linked,district_of_columbia_dc__county,2023-07-31,median_ppsf,0.036666666666666736,-0.24655462184873947,metric_score,-0.2832212885154062,7
price_family_ma9_structural_linked,district_of_columbia_dc__county,2023-08-31,median_ppsf,-0.05666666666666663,-0.2866666666666666,metric_score,-0.22999999999999998,8
price_family_ma9_structural_linked,district_of_columbia_dc__county,2023-09-30,median_ppsf,-0.31666666666666665,-0.16666666666666669,metric_score,0.14999999999999997,9
price_family_ma9_structural_linked,district_of_columbia_dc__county,2023-10-31,median_ppsf,0.4,-0.040000000000000036,metric_score,-0.44000000000000006,10
price_family_ma9_structural_linked,district_of_columbia_dc__county,2023-11-30,median_ppsf,-0.4666666666666667,-0.04999999999999999,metric_score,0.4166666666666667,11
price_family_ma9_structural_linked,district_of_columbia_dc__county,2023-12-31,median_ppsf,-0.77,-0.23333333333333336,metric_score,0.5366666666666666,12
price_family_ma9_structural_linked,district_of_columbia_dc__county,2024-01-31,median_ppsf,0.63,-0.38,metric_score,-1.01,1
price_family_ma9_structural_linked,district_of_columbia_dc__county,2024-02-29,median_ppsf,-0.8653333333333334,-0.5466666666666667,metric_score,0.31866666666666665,2
price_family_ma9_structural_linked,district_of_columbia_dc__county,2024-03-31,median_ppsf,0.5720000000000001,-0.4666666666666667,metric_score,-1.0386666666666668,3
price_family_ma9_structural_linked,district_of_columbia_dc__county,2024-04-30,median_ppsf,-0.21,-0.4633333333333334,metric_score,-0.2533333333333334,4
price_family_ma9_structural_linked,district_of_columbia_dc__county,2024-05-31,median_ppsf,0.43333333333333335,-0.27,metric_score,-0.7033333333333334,5
price_family_ma9_structural_linked,district_of_columbia_dc__county,2024-06-30,median_ppsf,0.43999999999999995,-0.08999999999999998,metric_score,-0.5299999999999999,6
price_family_ma9_structural_linked,district_of_columbia_dc__county,2024-07-31,median_ppsf,-0.45333333333333337,-0.08333333333333331,metric_score,0.37000000000000005,7
price_family_ma9_structural_linked,district_of_columbia_dc__county,2024-08-31,median_ppsf,0.14999999999999997,-0.006666666666666626,metric_score,-0.1566666666666666,8
price_family_ma9_structural_linked,district_of_columbia_dc__county,2024-09-30,median_ppsf,-0.41000000000000003,0.09,metric_score,0.5,9
price_family_ma9_structural_linked,district_of_columbia_dc__county,2024-10-31,median_ppsf,0.25,0.16000000000000003,metric_score,-0.08999999999999997,10
price_family_ma9_structural_linked,district_of_columbia_dc__county,2024-11-30,median_ppsf,-0.56,0.29666666666666675,metric_score,0.8566666666666668,11
price_family_ma9_structural_linked,district_of_columbia_dc__county,2024-12-31,median_ppsf,-0.6333333333333334,-0.08333333333333336,metric_score,0.55,12
price_family_ma9_structural_linked,district_of_columbia_dc__county,2025-01-31,median_ppsf,-0.64,-0.40666666666666673,metric_score,0.23333333333333328,1
price_family_ma9_structural_linked,district_of_columbia_dc__county,2025-02-28,median_ppsf,0.41000000000000003,-0.51,metric_score,-0.92,2
price_family_ma9_structural_linked,district_of_columbia_dc__county,2025-03-31,median_ppsf,0.20666666666666667,-0.5900000000000001,metric_score,-0.7966666666666667,3
price_family_ma9_structural_linked,district_of_columbia_dc__county,2025-04-30,median_ppsf,0.45333333333333337,-0.48666666666666664,metric_score,-0.94,4
price_family_ma9_structural_linked,district_of_columbia_dc__county,2025-05-31,median_ppsf,0.010000000000000037,-0.37333333333333335,metric_score,-0.3833333333333334,5
price_family_ma9_structural_linked,district_of_columbia_dc__county,2025-06-30,median_ppsf,-0.46666666666666673,-0.24000000000000005,metric_score,0.22666666666666668,6
price_family_ma9_structural_linked,district_of_columbia_dc__county,2025-07-31,median_ppsf,0.13666666666666663,-0.29,metric_score,-0.42666666666666664,7
price_family_ma9_structural_linked,district_of_columbia_dc__county,2025-08-31,median_ppsf,-0.6433333333333334,-0.29666666666666663,metric_score,0.3466666666666668,8
price_family_ma9_structural_linked,district_of_columbia_dc__county,2025-09-30,median_ppsf,-0.4766666666666667,-0.22,metric_score,0.2566666666666667,9
price_family_ma9_structural_linked,district_of_columbia_dc__county,2025-10-31,median_ppsf,-0.47333333333333333,-0.09999999999999992,metric_score,0.3733333333333334,10
price_family_ma9_structural_linked,district_of_columbia_dc__county,2025-11-30,median_ppsf,-0.2566666666666667,-0.0833333333333334,metric_score,0.1733333333333333,11
price_family_ma9_structural_linked,district_of_columbia_dc__county,2025-12-31,median_ppsf,-0.6833333333333333,-0.4333333333333333,metric_score,0.25000000000000006,12
price_family_ma9_structural_linked,district_of_columbia_dc__county,2026-01-31,median_ppsf,0.35999999999999993,-0.6233333333333334,metric_score,-0.9833333333333334,1
price_family_ma9_structural_linked,district_of_columbia_dc__county,2026-02-28,median_ppsf,-0.7566666666666667,-0.73,metric_score,0.026666666666666727,2
price_family_ma9_structural_linked,district_of_columbia_dc__county,2026-03-31,median_ppsf,0.20199999999999999,-0.6633333333333333,metric_score,-0.8653333333333333,3
price_family_ma9_structural_linked,district_of_columbia_dc__county,2026-04-30,median_ppsf,-0.13999999999999999,-0.7133333333333334,metric_score,-0.5733333333333334,4
price_family_ma9_structural_linked,district_of_columbia_dc__county,2026-05-31,median_ppsf,0.2666666666666667,-0.41666666666666674,metric_score,-0.6833333333333335,5
price_family_ma9_structural_linked,district_of_columbia_dc__county,2014-12-31,median_sale_price,0.6666666666666667,,metric_score,,12
price_family_ma9_structural_linked,district_of_columbia_dc__county,2015-01-31,median_sale_price,-0.29129129129129133,,metric_score,,1
price_family_ma9_structural_linked,district_of_columbia_dc__county,2015-02-28,median_sale_price,0.10384068278805121,,metric_score,,2
price_family_ma9_structural_linked,district_of_columbia_dc__county,2015-03-31,median_sale_price,0.42420152946468737,,metric_score,,3
price_family_ma9_structural_linked,district_of_columbia_dc__county,2015-04-30,median_sale_price,0.5914529914529915,,metric_score,,4
price_family_ma9_structural_linked,district_of_columbia_dc__county,2015-05-31,median_sale_price,0.8599999999999999,,metric_score,,5
price_family_ma9_structural_linked,district_of_columbia_dc__county,2015-06-30,median_sale_price,0.17111885404568328,,metric_score,,6
price_family_ma9_structural_linked,district_of_columbia_dc__county,2015-07-31,median_sale_price,-0.015134736064968584,,metric_score,,7
price_family_ma9_structural_linked,district_of_columbia_dc__county,2015-08-31,median_sale_price,-0.29950669485553205,0.98,metric_score,1.279506694855532,8
price_family_ma9_structural_linked,district_of_columbia_dc__county,2015-09-30,median_sale_price,0.003367003367003388,0.98,metric_score,0.9766329966329966,9
price_family_ma9_structural_linked,district_of_columbia_dc__county,2015-10-31,median_sale_price,-0.04830917874396135,0.98,metric_score,1.0283091787439613,10
price_family_ma9_structural_linked,district_of_columbia_dc__county,2015-11-30,median_sale_price,0.8415047795251309,0.40074074074074073,metric_score,-0.4407640387843902,11
price_family_ma9_structural_linked,district_of_columbia_dc__county,2015-12-31,median_sale_price,-0.5704491725768321,0.4167567567567567,metric_score,0.9872059293335889,12
price_family_ma9_structural_linked,district_of_columbia_dc__county,2016-01-31,median_sale_price,-0.438830667402096,0.020111253744116382,metric_score,0.45894192114621235,1
price_family_ma9_structural_linked,district_of_columbia_dc__county,2016-02-29,median_sale_price,0.8134307196562836,-0.14163614163614152,metric_score,-0.9550668612924251,2
price_family_ma9_structural_linked,district_of_columbia_dc__county,2016-03-31,median_sale_price,-0.7278793363499245,-0.3596899224806202,metric_score,0.3681894138693043,3
price_family_ma9_structural_linked,district_of_columbia_dc__county,2016-04-30,median_sale_price,0.1554147812971342,-0.3721359940872136,metric_score,-0.5275507753843478,4
price_family_ma9_structural_linked,district_of_columbia_dc__county,2016-05-31,median_sale_price,0.5359624765478423,-0.07513227513227518,metric_score,-0.6110947516801175,5
price_family_ma9_structural_linked,district_of_columbia_dc__county,2016-06-30,median_sale_price,-0.3914145951881801,0.48938321536905965,metric_score,0.8807978105572398,6
price_family_ma9_structural_linked,district_of_columbia_dc__county,2016-07-31,median_sale_price,0.2537091848719756,0.8115151515151515,metric_score,0.5578059666431759,7
price_family_ma9_structural_linked,district_of_columbia_dc__county,2016-08-31,median_sale_price,0.5237662337662337,0.0848888888888889,metric_score,-0.43887734487734475,8
price_family_ma9_structural_linked,district_of_columbia_dc__county,2016-09-30,median_sale_price,-0.37490392648287396,0.13865569917743825,metric_score,0.5135596256603122,9
price_family_ma9_structural_linked,district_of_columbia_dc__county,2016-10-31,median_sale_price,0.3437596990978195,0.19734378499440086,metric_score,-0.14641591410341864,10
price_family_ma9_structural_linked,district_of_columbia_dc__county,2016-11-30,median_sale_price,-0.039004190656204585,-0.15912820512820514,metric_score,-0.12012401447200055,11
price_family_ma9_structural_linked,district_of_columbia_dc__county,2016-12-31,median_sale_price,0.292542372881356,0.3111020408163266,metric_score,0.018559667934970603,12
price_family_ma9_structural_linked,district_of_columbia_dc__county,2017-01-31,median_sale_price,0.1126307572209212,0.4098536585365854,metric_score,0.2972229013156642,1
price_family_ma9_structural_linked,district_of_columbia_dc__county,2017-02-28,median_sale_price,-0.6210174510840825,-0.20473078120136948,metric_score,0.416286669882713,2
price_family_ma9_structural_linked,district_of_columbia_dc__county,2017-03-31,median_sale_price,0.754645944399265,0.025409009595056098,metric_score,-0.7292369348042089,3
price_family_ma9_structural_linked,district_of_columbia_dc__county,2017-04-30,median_sale_price,-0.45443376068376073,-0.191399166870865,metric_score,0.26303459381289573,4
price_family_ma9_structural_linked,district_of_columbia_dc__county,2017-05-31,median_sale_price,0.3540377358490567,-0.4376608187134503,metric_score,-0.791698554562507,5
price_family_ma9_structural_linked,district_of_columbia_dc__county,2017-06-30,median_sale_price,-0.08070448070448069,-0.2476270955431375,metric_score,-0.1669226148386568,6
price_family_ma9_structural_linked,district_of_columbia_dc__county,2017-07-31,median_sale_price,-0.34379014020805065,-0.07951676884240894,metric_score,0.2642733713656417,7
price_family_ma9_structural_linked,district_of_columbia_dc__county,2017-08-31,median_sale_price,-0.5725448388310549,-0.2103508771929825,metric_score,0.3621939616380724,8
price_family_ma9_structural_linked,district_of_columbia_dc__county,2017-09-30,median_sale_price,-0.6961726567057029,-0.4982014512984391,metric_score,0.19797120540726382,9
price_family_ma9_structural_linked,district_of_columbia_dc__county,2017-10-31,median_sale_price,0.2537531234382808,-0.5006757791142701,metric_score,-0.7544289025525509,10
price_family_ma9_structural_linked,district_of_columbia_dc__county,2017-11-30,median_sale_price,-0.2798090236333254,-0.38069094304388423,metric_score,-0.10088191941055885,11
price_family_ma9_structural_linked,district_of_columbia_dc__county,2017-12-31,median_sale_price,0.04497652582159628,-0.1905580075662043,metric_score,-0.2355345333878006,12
price_family_ma9_structural_linked,district_of_columbia_dc__county,2018-01-31,median_sale_price,-0.7728822017616089,-0.3508609953649516,metric_score,0.42202120639665736,1
price_family_ma9_structural_linked,district_of_columbia_dc__county,2018-02-28,median_sale_price,0.3491466720808303,-0.5596921596921598,metric_score,-0.9088388317729901,2
price_family_ma9_structural_linked,district_of_columbia_dc__county,2018-03-31,median_sale_price,0.09538567138567136,-0.6679172320217097,metric_score,-0.763302903407381,3
price_family_ma9_structural_linked,district_of_columbia_dc__county,2018-04-30,median_sale_price,0.7862368421052632,-0.5178021978021978,metric_score,-1.304039039907461,4
price_family_ma9_structural_linked,district_of_columbia_dc__county,2018-05-31,median_sale_price,-0.00723886639676119,-0.19661604604396368,metric_score,-0.1893771796472025,5
price_family_ma9_structural_linked,district_of_columbia_dc__county,2018-06-30,median_sale_price,0.21158441558441554,0.2503489449305199,metric_score,0.03876452934610436,6
price_family_ma9_structural_linked,district_of_columbia_dc__county,2018-07-31,median_sale_price,-0.3588261225517981,0.2610049850448654,metric_score,0.6198311075966635,7
price_family_ma9_structural_linked,district_of_columbia_dc__county,2018-08-31,median_sale_price,-0.3064631422189129,0.19368115942028985,metric_score,0.5001443016392028,8
price_family_ma9_structural_linked,district_of_columbia_dc__county,2018-09-30,median_sale_price,-0.42111111111111116,-0.22880369574283793,metric_score,0.19230741536827323,9
price_family_ma9_structural_linked,district_of_columbia_dc__county,2018-10-31,median_sale_price,0.7210592334494774,-0.044981372103589254,metric_score,-0.7660406055530666,10
price_family_ma9_structural_linked,district_of_columbia_dc__county,2018-11-30,median_sale_price,0.09479208486298336,0.12774603174603175,metric_score,0.03295394688304838,11
price_family_ma9_structural_linked,district_of_columbia_dc__county,2018-12-31,median_sale_price,0.1177471791929624,0.3269931506849315,metric_score,0.2092459714919691,12
price_family_ma9_structural_linked,district_of_columbia_dc__county,2019-01-31,median_sale_price,-0.16127700395226582,-0.14169938169938168,metric_score,0.019577622252884147,1
price_family_ma9_structural_linked,district_of_columbia_dc__county,2019-02-28,median_sale_price,0.6741878951454876,-0.15311888111888108,metric_score,-0.8273067762643687,2
price_family_ma9_structural_linked,district_of_columbia_dc__county,2019-03-31,median_sale_price,0.008508954824913081,-0.2764127397655295,metric_score,-0.2849216945904426,3
price_family_ma9_structural_linked,district_of_columbia_dc__county,2019-04-30,median_sale_price,0.049884507507012066,-0.18680290297937352,metric_score,-0.23668741048638559,4
price_family_ma9_structural_linked,district_of_columbia_dc__county,2019-05-31,median_sale_price,-0.10439223697650662,-0.0587059746480036,metric_score,0.04568626232850302,5
price_family_ma9_structural_linked,district_of_columbia_dc__county,2019-06-30,median_sale_price,0.04169288389513104,0.271370705244123,metric_score,0.22967782134899195,6
price_family_ma9_structural_linked,district_of_columbia_dc__county,2019-07-31,median_sale_price,-0.3511704610438787,0.1941948073986085,metric_score,0.5453652684424872,7
price_family_ma9_structural_linked,district_of_columbia_dc__county,2019-08-31,median_sale_price,0.06489249880554233,0.0458553791887126,metric_score,-0.01903711961682973,8
price_family_ma9_structural_linked,district_of_columbia_dc__county,2019-09-30,median_sale_price,0.41932713452115045,-0.13767260863583655,metric_score,-0.556999743156987,9
price_family_ma9_structural_linked,district_of_columbia_dc__county,2019-10-31,median_sale_price,-0.21819642767464048,-0.12376554868121131,metric_score,0.09443087899342917,10
price_family_ma9_structural_linked,district_of_columbia_dc__county,2019-11-30,median_sale_price,0.7096118943860548,0.03333333333333341,metric_score,-0.6762785610527213,11
price_family_ma9_structural_linked,district_of_columbia_dc__county,2019-12-31,median_sale_price,0.558406015037594,0.2769907120743035,metric_score,-0.28141530296329054,12
price_family_ma9_structural_linked,district_of_columbia_dc__county,2020-01-31,median_sale_price,-0.33182433798261574,0.1351009064100258,metric_score,0.46692524439264155,1
price_family_ma9_structural_linked,district_of_columbia_dc__county,2020-02-29,median_sale_price,0.2431502258059781,0.007556734453286196,metric_score,-0.2355934913526919,2
price_family_ma9_structural_linked,district_of_columbia_dc__county,2020-03-31,median_sale_price,0.5753111693998394,0.06428128833192123,metric_score,-0.5110298810679181,3
price_family_ma9_structural_linked,district_of_columbia_dc__county,2020-04-30,median_sale_price,0.2980606060606061,0.3312701514411333,metric_score,0.03320954538052723,4
price_family_ma9_structural_linked,district_of_columbia_dc__county,2020-05-31,median_sale_price,0.6851685393258428,0.6740246913580247,metric_score,-0.011143847967818088,5
price_family_ma9_structural_linked,district_of_columbia_dc__county,2020-06-30,median_sale_price,-0.2786022131624928,0.5812050388635756,metric_score,0.8598072520260683,6
price_family_ma9_structural_linked,district_of_columbia_dc__county,2020-07-31,median_sale_price,0.6708976513682396,0.8222964903090623,metric_score,0.15139883894082262,7
price_family_ma9_structural_linked,district_of_columbia_dc__county,2020-08-31,median_sale_price,0.6194698184888139,0.7486881720430107,metric_score,0.12921835355419686,8
price_family_ma9_structural_linked,district_of_columbia_dc__county,2020-09-30,median_sale_price,0.4484603568474536,0.6492665832290363,metric_score,0.2008062263815827,9
price_family_ma9_structural_linked,district_of_columbia_dc__county,2020-10-31,median_sale_price,0.8122512664640325,0.8138702570379437,metric_score,0.0016189905739112387,10
price_family_ma9_structural_linked,district_of_columbia_dc__county,2020-11-30,median_sale_price,0.4603892750744787,0.9184137931034484,metric_score,0.4580245180289697,11
price_family_ma9_structural_linked,district_of_columbia_dc__county,2020-12-31,median_sale_price,-0.42331256490134994,0.8911265229615746,metric_score,1.3144390878629246,12
price_family_ma9_structural_linked,district_of_columbia_dc__county,2021-01-31,median_sale_price,0.24752917108918251,0.7069837193304288,metric_score,0.4594545482412463,1
price_family_ma9_structural_linked,district_of_columbia_dc__county,2021-02-28,median_sale_price,0.5356014365712924,0.37397504456327985,metric_score,-0.1616263920080126,2
price_family_ma9_structural_linked,district_of_columbia_dc__county,2021-03-31,median_sale_price,0.11740103740103737,0.37762637362637363,metric_score,0.2602253362253363,3
price_family_ma9_structural_linked,district_of_columbia_dc__county,2021-04-30,median_sale_price,0.3981904761904761,0.35536289281102024,metric_score,-0.04282758337945586,4
price_family_ma9_structural_linked,district_of_columbia_dc__county,2021-05-31,median_sale_price,0.5743592644978784,0.4684857685009488,metric_score,-0.10587349599692963,5
price_family_ma9_structural_linked,district_of_columbia_dc__county,2021-06-30,median_sale_price,0.6735984730175256,0.5902160710596984,metric_score,-0.0833824019578272,6
price_family_ma9_structural_linked,district_of_columbia_dc__county,2021-07-31,median_sale_price,-0.09774884657824386,0.5312226720647772,metric_score,0.6289715186430211,7
price_family_ma9_structural_linked,district_of_columbia_dc__county,2021-08-31,median_sale_price,-0.22540191442740168,0.32306878306878306,metric_score,0.5484706974961847,8
price_family_ma9_structural_linked,district_of_columbia_dc__county,2021-09-30,median_sale_price,-0.5613742579259822,0.06987003206815509,metric_score,0.6312442899941373,9
price_family_ma9_structural_linked,district_of_columbia_dc__county,2021-10-31,median_sale_price,0.5804528301886793,0.14335838260537856,metric_score,-0.43709444758330074,10
price_family_ma9_structural_linked,district_of_columbia_dc__county,2021-11-30,median_sale_price,0.5397985110090289,0.42899663299663304,metric_score,-0.11080187801239583,11
price_family_ma9_structural_linked,district_of_columbia_dc__county,2021-12-31,median_sale_price,-0.0814036725801432,0.5859449541284404,metric_score,0.6673486267085835,12
price_family_ma9_structural_linked,district_of_columbia_dc__county,2022-01-31,median_sale_price,-0.07633027522935779,0.3995643564356436,metric_score,0.47589463166500134,1
price_family_ma9_structural_linked,district_of_columbia_dc__county,2022-02-28,median_sale_price,0.16939393939393937,-0.04506735838005192,metric_score,-0.2144612977739913,2
price_family_ma9_structural_linked,district_of_columbia_dc__county,2022-03-31,median_sale_price,0.2163963963963964,-0.33402400048242176,metric_score,-0.5504203968788182,3
price_family_ma9_structural_linked,district_of_columbia_dc__county,2022-04-30,median_sale_price,0.6485714285714286,-0.24081829065045415,metric_score,-0.8893897192218827,4
price_family_ma9_structural_linked,district_of_columbia_dc__county,2022-05-31,median_sale_price,-0.562094395280236,-0.30391105970053334,metric_score,0.25818333557970263,5
price_family_ma9_structural_linked,district_of_columbia_dc__county,2022-06-30,median_sale_price,0.40757894736842115,0.192259228876128,metric_score,-0.21531971849229314,6
price_family_ma9_structural_linked,district_of_columbia_dc__county,2022-07-31,median_sale_price,-0.5746376811594204,-0.17263640228892074,metric_score,0.40200127887049963,7
price_family_ma9_structural_linked,district_of_columbia_dc__county,2022-08-31,median_sale_price,-0.1910344827586207,-0.377008547008547,metric_score,-0.18597406424992632,8
price_family_ma9_structural_linked,district_of_columbia_dc__county,2022-09-30,median_sale_price,-0.39692307692307693,-0.5552721712538227,metric_score,-0.15834909433074573,9
price_family_ma9_structural_linked,district_of_columbia_dc__county,2022-10-31,median_sale_price,0.014666666666666661,-0.5666895849248791,metric_score,-0.5813562515915458,10
price_family_ma9_structural_linked,district_of_columbia_dc__county,2022-11-30,median_sale_price,-0.3853333333333333,-0.522,metric_score,-0.13666666666666671,11
price_family_ma9_structural_linked,district_of_columbia_dc__county,2022-12-31,median_sale_price,-0.44,-0.4853333333333333,metric_score,-0.04533333333333328,12
price_family_ma9_structural_linked,district_of_columbia_dc__county,2023-01-31,median_sale_price,-0.7786666666666667,-0.6706666666666667,metric_score,0.10799999999999998,1
price_family_ma9_structural_linked,district_of_columbia_dc__county,2023-02-28,median_sale_price,0.09666666666666668,-0.674,metric_score,-0.7706666666666667,2
price_family_ma9_structural_linked,district_of_columbia_dc__county,2023-03-31,median_sale_price,0.006666666666666599,-0.6806666666666668,metric_score,-0.6873333333333334,3
price_family_ma9_structural_linked,district_of_columbia_dc__county,2023-04-30,median_sale_price,0.18,-0.5828735632183909,metric_score,-0.762873563218391,4
price_family_ma9_structural_linked,district_of_columbia_dc__county,2023-05-31,median_sale_price,0.08666666666666667,-0.46615384615384614,metric_score,-0.5528205128205128,5
price_family_ma9_structural_linked,district_of_columbia_dc__county,2023-06-30,median_sale_price,-0.6586666666666667,-0.28200000000000003,metric_score,0.3766666666666667,6
price_family_ma9_structural_linked,district_of_columbia_dc__county,2023-07-31,median_sale_price,-0.25333333333333335,-0.4465546218487395,metric_score,-0.19322128851540615,7
price_family_ma9_structural_linked,district_of_columbia_dc__county,2023-08-31,median_sale_price,-0.13333333333333333,-0.5533333333333335,metric_score,-0.42000000000000015,8
price_family_ma9_structural_linked,district_of_columbia_dc__county,2023-09-30,median_sale_price,-0.17000000000000004,-0.53,metric_score,-0.36,9
price_family_ma9_structural_linked,district_of_columbia_dc__county,2023-10-31,median_sale_price,0.4866666666666667,-0.1166666666666667,metric_score,-0.6033333333333334,10
price_family_ma9_structural_linked,district_of_columbia_dc__county,2023-11-30,median_sale_price,-0.45000000000000007,0.026666666666666616,metric_score,0.4766666666666667,11
price_family_ma9_structural_linked,district_of_columbia_dc__county,2023-12-31,median_sale_price,-0.5533333333333333,-0.07000000000000006,metric_score,0.4833333333333333,12
price_family_ma9_structural_linked,district_of_columbia_dc__county,2024-01-31,median_sale_price,0.45000000000000007,-0.5166666666666667,metric_score,-0.9666666666666668,1
price_family_ma9_structural_linked,district_of_columbia_dc__county,2024-02-29,median_sale_price,-0.51,-0.62,metric_score,-0.10999999999999999,2
price_family_ma9_structural_linked,district_of_columbia_dc__county,2024-03-31,median_sale_price,0.26,-0.5466666666666667,metric_score,-0.8066666666666668,3
price_family_ma9_structural_linked,district_of_columbia_dc__county,2024-04-30,median_sale_price,0.4766666666666667,-0.2033333333333333,metric_score,-0.6799999999999999,4
price_family_ma9_structural_linked,district_of_columbia_dc__county,2024-05-31,median_sale_price,-0.02000000000000003,0.20999999999999996,metric_score,0.22999999999999998,5
price_family_ma9_structural_linked,district_of_columbia_dc__county,2024-06-30,median_sale_price,0.7853333333333333,0.3600000000000001,metric_score,-0.42533333333333323,6
price_family_ma9_structural_linked,district_of_columbia_dc__county,2024-07-31,median_sale_price,0.1833333333333333,0.30000000000000004,metric_score,0.11666666666666675,7
price_family_ma9_structural_linked,district_of_columbia_dc__county,2024-08-31,median_sale_price,-0.42666666666666664,0.12666666666666665,metric_score,0.5533333333333332,8
price_family_ma9_structural_linked,district_of_columbia_dc__county,2024-09-30,median_sale_price,-0.4566666666666667,-0.026666666666666693,metric_score,0.43000000000000005,9
price_family_ma9_structural_linked,district_of_columbia_dc__county,2024-10-31,median_sale_price,0.23999999999999994,-0.020000000000000046,metric_score,-0.26,10
price_family_ma9_structural_linked,district_of_columbia_dc__county,2024-11-30,median_sale_price,0.7366666666666667,0.4666666666666667,metric_score,-0.27,11
price_family_ma9_structural_linked,district_of_columbia_dc__county,2024-12-31,median_sale_price,-0.1666666666666667,0.4966666666666666,metric_score,0.6633333333333333,12
price_family_ma9_structural_linked,district_of_columbia_dc__county,2025-01-31,median_sale_price,-0.8433333333333334,-0.1966666666666667,metric_score,0.6466666666666667,1
price_family_ma9_structural_linked,district_of_columbia_dc__county,2025-02-28,median_sale_price,0.8253333333333334,-0.24666666666666673,metric_score,-1.072,2
price_family_ma9_structural_linked,district_of_columbia_dc__county,2025-03-31,median_sale_price,0.09333333333333334,-0.4633333333333334,metric_score,-0.5566666666666668,3
price_family_ma9_structural_linked,district_of_columbia_dc__county,2025-04-30,median_sale_price,0.7493333333333334,-0.2533333333333333,metric_score,-1.0026666666666668,4
price_family_ma9_structural_linked,district_of_columbia_dc__county,2025-05-31,median_sale_price,-0.11333333333333333,0.043333333333333335,metric_score,0.15666666666666668,5
price_family_ma9_structural_linked,district_of_columbia_dc__county,2025-06-30,median_sale_price,0.013333333333333364,0.4066666666666667,metric_score,0.3933333333333333,6
price_family_ma9_structural_linked,district_of_columbia_dc__county,2025-07-31,median_sale_price,-0.23666666666666664,0.39333333333333337,metric_score,0.63,7
price_family_ma9_structural_linked,district_of_columbia_dc__county,2025-08-31,median_sale_price,0.13000000000000003,0.1,metric_score,-0.030000000000000027,8
price_family_ma9_structural_linked,district_of_columbia_dc__county,2025-09-30,median_sale_price,0.6133333333333334,0.06333333333333341,metric_score,-0.55,9
price_family_ma9_structural_linked,district_of_columbia_dc__county,2025-10-31,median_sale_price,0.18000000000000005,0.5626666666666668,metric_score,0.3826666666666667,10
price_family_ma9_structural_linked,district_of_columbia_dc__county,2025-11-30,median_sale_price,0.15666666666666668,0.516,metric_score,0.35933333333333334,11
price_family_ma9_structural_linked,district_of_columbia_dc__county,2025-12-31,median_sale_price,0.6900000000000001,0.7293333333333334,metric_score,0.03933333333333333,12
price_family_ma9_structural_linked,district_of_columbia_dc__county,2026-01-31,median_sale_price,0.14200000000000002,0.4133333333333334,metric_score,0.27133333333333337,1
price_family_ma9_structural_linked,district_of_columbia_dc__county,2026-02-28,median_sale_price,-0.7633333333333334,-2.7755575615628914e-17,metric_score,0.7633333333333334,2
price_family_ma9_structural_linked,district_of_columbia_dc__county,2026-03-31,median_sale_price,0.5366666666666667,-0.0033333333333332715,metric_score,-0.54,3
price_family_ma9_structural_linked,district_of_columbia_dc__county,2026-04-30,median_sale_price,-0.42666666666666675,-0.2366666666666667,metric_score,0.19000000000000006,4
price_family_ma9_structural_linked,district_of_columbia_dc__county,2026-05-31,median_sale_price,0.7693333333333334,0.12666666666666665,metric_score,-0.6426666666666667,5
price_family_ma9_structural_linked,district_of_columbia_dc__county,2015-11-30,payment_burden,-0.38888888888888884,-0.2777777777777777,metric_score,0.11111111111111116,11
price_family_ma9_structural_linked,district_of_columbia_dc__county,2015-12-31,payment_burden,0.6435006435006435,0.2432432432432432,metric_score,-0.4002574002574003,12
price_family_ma9_structural_linked,district_of_columbia_dc__county,2016-01-31,payment_burden,0.6797398902662061,0.42105263157894735,metric_score,-0.2586872586872587,1
price_family_ma9_structural_linked,district_of_columbia_dc__county,2016-02-29,payment_burden,0.064198958935801,0.6752136752136754,metric_score,0.6110147162778744,2
price_family_ma9_structural_linked,district_of_columbia_dc__county,2016-03-31,payment_burden,0.8846153846153847,0.6727799227799228,metric_score,-0.21183546183546187,3
price_family_ma9_structural_linked,district_of_columbia_dc__county,2016-04-30,payment_burden,0.13728222996515677,0.6658719970658353,metric_score,0.5285897671006785,4
price_family_ma9_structural_linked,district_of_columbia_dc__county,2016-05-31,payment_burden,-0.4959349593495935,0.49345892203035063,metric_score,0.9893938813799441,5
price_family_ma9_structural_linked,district_of_columbia_dc__county,2016-06-30,payment_burden,0.19949375098876768,0.3345514950166113,metric_score,0.13505774402784362,6
price_family_ma9_structural_linked,district_of_columbia_dc__county,2016-07-31,payment_burden,-0.019933554817275722,0.2990180551156161,metric_score,0.3189516099328918,7
price_family_ma9_structural_linked,district_of_columbia_dc__county,2016-08-31,payment_burden,-0.12409812409812401,0.2335600907029479,metric_score,0.3576582148010719,8
price_family_ma9_structural_linked,district_of_columbia_dc__county,2016-09-30,payment_burden,0.6259489302967565,0.11324570273003036,metric_score,-0.5127032275667261,9
price_family_ma9_structural_linked,district_of_columbia_dc__county,2016-10-31,payment_burden,0.27500991145764514,-0.006079027355623149,metric_score,-0.2810889388132683,10
price_family_ma9_structural_linked,district_of_columbia_dc__county,2016-11-30,payment_burden,-0.09441489361702123,-0.08416666666666676,metric_score,0.010248226950354461,11
price_family_ma9_structural_linked,district_of_columbia_dc__county,2016-12-31,payment_burden,-0.6032129067843353,-0.8753113983548766,metric_score,-0.27209849157054133,12
price_family_ma9_structural_linked,district_of_columbia_dc__county,2017-01-31,payment_burden,-0.30350161117078417,-0.8312206047032474,metric_score,-0.5277189935324633,1
price_family_ma9_structural_linked,district_of_columbia_dc__county,2017-02-28,payment_burden,0.06946606334841632,-0.6954374057315234,metric_score,-0.7649034690799397,2
price_family_ma9_structural_linked,district_of_columbia_dc__county,2017-03-31,payment_burden,-0.6687104072398189,-0.4978335949764522,metric_score,0.1708768122633667,3
price_family_ma9_structural_linked,district_of_columbia_dc__county,2017-04-30,payment_burden,-0.032298488442068785,-0.12383248964565119,metric_score,-0.0915340012035824,4
price_family_ma9_structural_linked,district_of_columbia_dc__county,2017-05-31,payment_burden,-0.771288809024658,-0.12894491129785246,metric_score,0.6423438977268056,5
price_family_ma9_structural_linked,district_of_columbia_dc__county,2017-06-30,payment_burden,-0.39630412653668473,-0.06888925028459905,metric_score,0.32741487625208565,6
price_family_ma9_structural_linked,district_of_columbia_dc__county,2017-07-31,payment_burden,-0.38116883116883116,-0.38980641999509924,metric_score,-0.008637588826268083,7
price_family_ma9_structural_linked,district_of_columbia_dc__county,2017-08-31,payment_burden,0.15536340852130337,-0.1483040935672515,metric_score,-0.30366750208855486,8
price_family_ma9_structural_linked,district_of_columbia_dc__county,2017-09-30,payment_burden,0.5414029827191668,0.031012675480441607,metric_score,-0.5103903072387251,9
price_family_ma9_structural_linked,district_of_columbia_dc__county,2017-10-31,payment_burden,-0.44905430443811634,-0.04822008139714597,metric_score,0.4008342230409704,10
price_family_ma9_structural_linked,district_of_columbia_dc__county,2017-11-30,payment_burden,-0.14971751412429374,-0.21885964912280698,metric_score,-0.06914213499851324,11
price_family_ma9_structural_linked,district_of_columbia_dc__county,2017-12-31,payment_burden,0.6496085647373703,0.7073707040758643,metric_score,0.057762139338494056,12
price_family_ma9_structural_linked,district_of_columbia_dc__county,2018-01-31,payment_burden,0.9229550502379693,0.6356500820120285,metric_score,-0.28730496822594076,1
price_family_ma9_structural_linked,district_of_columbia_dc__county,2018-02-28,payment_burden,0.12477937411523751,0.4823716153127917,metric_score,0.3575922411975542,2
price_family_ma9_structural_linked,district_of_columbia_dc__county,2018-03-31,payment_burden,0.04822191697191694,0.12741960907944508,metric_score,0.07919769210752814,3
price_family_ma9_structural_linked,district_of_columbia_dc__county,2018-04-30,payment_burden,-0.6449201741654573,0.021040310875977394,metric_score,0.6659604850414347,4
price_family_ma9_structural_linked,district_of_columbia_dc__county,2018-05-31,payment_burden,-0.4675524475524475,-0.15165945165945166,metric_score,0.31589299589299585,5
price_family_ma9_structural_linked,district_of_columbia_dc__county,2018-06-30,payment_burden,-0.5310538218000904,-0.41391791044776116,metric_score,0.11713591135232926,6
price_family_ma9_structural_linked,district_of_columbia_dc__county,2018-07-31,payment_burden,-0.11014047410008777,-0.38503878474466713,metric_score,-0.27489831064457937,7
price_family_ma9_structural_linked,district_of_columbia_dc__county,2018-08-31,payment_burden,-0.06248934356351234,-0.39080507593093394,metric_score,-0.3283157323674216,8
price_family_ma9_structural_linked,district_of_columbia_dc__county,2018-09-30,payment_burden,0.24604840436924397,-0.3679508859642673,metric_score,-0.6139992903335112,9
price_family_ma9_structural_linked,district_of_columbia_dc__county,2018-10-31,payment_burden,-0.7939992497357024,-0.7668693918245264,metric_score,0.027129857911175947,10
price_family_ma9_structural_linked,district_of_columbia_dc__county,2018-11-30,payment_burden,-0.507112676056338,-0.7878260869565218,metric_score,-0.28071341090018376,11
price_family_ma9_structural_linked,district_of_columbia_dc__county,2018-12-31,payment_burden,-0.2574805998452978,-0.33261300567835483,metric_score,-0.07513240583305703,12
price_family_ma9_structural_linked,district_of_columbia_dc__county,2019-01-31,payment_burden,0.34336983912768276,0.16177167626508843,metric_score,-0.18159816286259434,1
price_family_ma9_structural_linked,district_of_columbia_dc__county,2019-02-28,payment_burden,-0.24468468468468474,0.25539682539682534,metric_score,0.5000815100815101,2
price_family_ma9_structural_linked,district_of_columbia_dc__county,2019-03-31,payment_burden,0.2817521929824562,0.42842015140591205,metric_score,0.14666795842345587,3
price_family_ma9_structural_linked,district_of_columbia_dc__county,2019-04-30,payment_burden,0.22778484673221508,0.4631563031563032,metric_score,0.2353714564240881,4
price_family_ma9_structural_linked,district_of_columbia_dc__county,2019-05-31,payment_burden,0.31248751248751244,0.500009324009324,metric_score,0.18752181152181152,5
price_family_ma9_structural_linked,district_of_columbia_dc__county,2019-06-30,payment_burden,0.4204537197168975,0.669614286992751,metric_score,0.24916056727585356,6
price_family_ma9_structural_linked,district_of_columbia_dc__county,2019-07-31,payment_burden,0.6898268801191363,0.6848357524828113,metric_score,-0.004991127636325032,7
price_family_ma9_structural_linked,district_of_columbia_dc__county,2019-08-31,payment_burden,0.7511433172302737,0.8243940707708823,metric_score,0.07325075354060862,8
price_family_ma9_structural_linked,district_of_columbia_dc__county,2019-09-30,payment_burden,0.5394218608852756,0.7794804392890222,metric_score,0.24005857840374667,9
price_family_ma9_structural_linked,district_of_columbia_dc__county,2019-10-31,payment_burden,0.6610174121425586,0.6469709825216359,metric_score,-0.014046429620922729,10
price_family_ma9_structural_linked,district_of_columbia_dc__county,2019-11-30,payment_burden,0.13980206540447498,0.4572751322751323,metric_score,0.3174730668706573,11
price_family_ma9_structural_linked,district_of_columbia_dc__county,2019-12-31,payment_burden,0.6674916541959248,0.8549085120182386,metric_score,0.18741685782231376,12
price_family_ma9_structural_linked,district_of_columbia_dc__county,2020-01-31,payment_burden,0.9593418863459903,0.9166955692032744,metric_score,-0.04264631714271583,1
price_family_ma9_structural_linked,district_of_columbia_dc__county,2020-02-29,payment_burden,0.6438428227746592,0.9677438423645321,metric_score,0.32390101958987294,2
price_family_ma9_structural_linked,district_of_columbia_dc__county,2020-03-31,payment_burden,0.5823021503602267,0.8659738249366733,metric_score,0.2836716745764466,3
price_family_ma9_structural_linked,district_of_columbia_dc__county,2020-04-30,payment_burden,0.7094046403035166,0.8365441717937145,metric_score,0.12713953149019797,4
price_family_ma9_structural_linked,district_of_columbia_dc__county,2020-05-31,payment_burden,0.4768750600211274,0.7231358679634541,metric_score,0.2462608079423267,5
price_family_ma9_structural_linked,district_of_columbia_dc__county,2020-06-30,payment_burden,0.8425137169440968,0.6914281920611034,metric_score,-0.15108552488299343,6
price_family_ma9_structural_linked,district_of_columbia_dc__county,2020-07-31,payment_burden,0.5311287625418061,0.6968832437713727,metric_score,0.1657544812295666,7
price_family_ma9_structural_linked,district_of_columbia_dc__county,2020-08-31,payment_burden,0.4564905719183418,0.7018399044205496,metric_score,0.24534933250220775,8
price_family_ma9_structural_linked,district_of_columbia_dc__county,2020-09-30,payment_burden,0.5987099006199396,0.7140467731541942,metric_score,0.11533687253425462,9
price_family_ma9_structural_linked,district_of_columbia_dc__county,2020-10-31,payment_burden,0.262629015502098,0.5911085991563508,metric_score,0.32847958365425284,10
price_family_ma9_structural_linked,district_of_columbia_dc__county,2020-11-30,payment_burden,0.5848433583959899,0.5195372503840245,metric_score,-0.06530610801196535,11
price_family_ma9_structural_linked,district_of_columbia_dc__county,2020-12-31,payment_burden,0.8256746513038206,0.28084074164871037,metric_score,-0.5448339096551102,12
price_family_ma9_structural_linked,district_of_columbia_dc__county,2021-01-31,payment_burden,0.41919864565341836,0.22002348062848154,metric_score,-0.19917516502493682,1
price_family_ma9_structural_linked,district_of_columbia_dc__county,2021-02-28,payment_burden,0.20568528351779589,0.11223441309648202,metric_score,-0.09345087042131386,2
price_family_ma9_structural_linked,district_of_columbia_dc__county,2021-03-31,payment_burden,0.1521212121212121,-0.05460637300843482,metric_score,-0.20672758512964692,3
price_family_ma9_structural_linked,district_of_columbia_dc__county,2021-04-30,payment_burden,0.09703637779508292,-0.048732123842973596,metric_score,-0.14576850163805652,4
price_family_ma9_structural_linked,district_of_columbia_dc__county,2021-05-31,payment_burden,-0.1112250048534266,0.00563279857397514,metric_score,0.11685780342740174,5
price_family_ma9_structural_linked,district_of_columbia_dc__county,2021-06-30,payment_burden,-0.2542906931256446,0.0347760588925638,metric_score,0.2890667520182084,6
price_family_ma9_structural_linked,district_of_columbia_dc__county,2021-07-31,payment_burden,0.28797610156833453,0.13725040564257102,metric_score,-0.15072569592576351,7
price_family_ma9_structural_linked,district_of_columbia_dc__county,2021-08-31,payment_burden,0.2707550514002126,0.15003162555344726,metric_score,-0.12072342584676535,8
price_family_ma9_structural_linked,district_of_columbia_dc__county,2021-09-30,payment_burden,0.6370361874175604,0.16504113838946421,metric_score,-0.4719950490280962,9
price_family_ma9_structural_linked,district_of_columbia_dc__county,2021-10-31,payment_burden,-0.4188234136743729,-0.15898444890082866,metric_score,0.2598389647735443,10
price_family_ma9_structural_linked,district_of_columbia_dc__county,2021-11-30,payment_burden,-0.5180706992038768,-0.2836441798941799,metric_score,0.23442651930969693,11
price_family_ma9_structural_linked,district_of_columbia_dc__county,2021-12-31,payment_burden,0.02148589523979677,-0.4165244686983042,metric_score,-0.43801036393810094,12
price_family_ma9_structural_linked,district_of_columbia_dc__county,2022-01-31,payment_burden,-0.12751953158244117,-0.5469578485599847,metric_score,-0.4194383169775436,1
price_family_ma9_structural_linked,district_of_columbia_dc__county,2022-02-28,payment_burden,-0.5812940212940214,-0.7531440531440531,metric_score,-0.17185003185003167,2
price_family_ma9_structural_linked,district_of_columbia_dc__county,2022-03-31,payment_burden,-0.797088803088803,-0.9628034076015728,metric_score,-0.16571460451276976,3
price_family_ma9_structural_linked,district_of_columbia_dc__county,2022-04-30,payment_burden,-0.9732857142857143,-0.98,metric_score,-0.006714285714285673,4
price_family_ma9_structural_linked,district_of_columbia_dc__county,2022-05-31,payment_burden,-0.6831150442477876,-0.9767927927927929,metric_score,-0.2936777485450053,5
price_family_ma9_structural_linked,district_of_columbia_dc__county,2022-06-30,payment_burden,-0.9699649122807017,-0.98,metric_score,-0.010035087719298286,6
price_family_ma9_structural_linked,district_of_columbia_dc__county,2022-07-31,payment_burden,-0.578176680890324,-0.9273628318584071,metric_score,-0.34918615096808303,7
price_family_ma9_structural_linked,district_of_columbia_dc__county,2022-08-31,payment_burden,-0.7026592564523599,-0.7348602274918064,metric_score,-0.03220097103944641,8
price_family_ma9_structural_linked,district_of_columbia_dc__county,2022-09-30,payment_burden,-0.901948717948718,-0.8796521739130434,metric_score,0.022296544035674604,9
price_family_ma9_structural_linked,district_of_columbia_dc__county,2022-10-31,payment_burden,-0.9670508474576271,-0.9667586206896552,metric_score,0.0002922267679719148,10
price_family_ma9_structural_linked,district_of_columbia_dc__county,2022-11-30,payment_burden,-0.7178711484593838,-0.9703247863247864,metric_score,-0.25245363786540254,11
price_family_ma9_structural_linked,district_of_columbia_dc__county,2022-12-31,payment_burden,-0.4932966360856269,-0.5111892914528585,metric_score,-0.017892655367231614,12
price_family_ma9_structural_linked,district_of_columbia_dc__county,2023-01-31,payment_burden,-0.019090909090909033,-0.4526363636363636,metric_score,-0.43354545454545457,1
price_family_ma9_structural_linked,district_of_columbia_dc__county,2023-02-28,payment_burden,-0.7152702702702702,-0.41522522522522515,metric_score,0.3000450450450451,2
price_family_ma9_structural_linked,district_of_columbia_dc__county,2023-03-31,payment_burden,-0.7788095238095238,-0.4676190476190476,metric_score,0.31119047619047624,3
price_family_ma9_structural_linked,district_of_columbia_dc__county,2023-04-30,payment_burden,-0.5816076696165192,-0.3036283185840708,metric_score,0.2779793510324484,4
price_family_ma9_structural_linked,district_of_columbia_dc__county,2023-05-31,payment_burden,-0.5666666666666667,-0.34947368421052627,metric_score,0.21719298245614038,5
price_family_ma9_structural_linked,district_of_columbia_dc__county,2023-06-30,payment_burden,0.004130434782608716,-0.3869565217391304,metric_score,-0.39108695652173914,6
price_family_ma9_structural_linked,district_of_columbia_dc__county,2023-07-31,payment_burden,-0.42212643678160927,-0.4804022988505747,metric_score,-0.058275862068965456,7
price_family_ma9_structural_linked,district_of_columbia_dc__county,2023-08-31,payment_burden,-0.611153846153846,-0.6401282051282051,metric_score,-0.02897435897435907,8
price_family_ma9_structural_linked,district_of_columbia_dc__county,2023-09-30,payment_burden,-0.49508474576271183,-0.43612994350282486,metric_score,0.058954802259886974,9
price_family_ma9_structural_linked,district_of_columbia_dc__county,2023-10-31,payment_burden,-0.6456022408963585,-0.48946778711484595,metric_score,0.15613445378151258,10
price_family_ma9_structural_linked,district_of_columbia_dc__county,2023-11-30,payment_burden,-0.15166666666666667,-0.45,metric_score,-0.29833333333333334,11
price_family_ma9_structural_linked,district_of_columbia_dc__county,2023-12-31,payment_burden,0.11433333333333326,-0.04833333333333334,metric_score,-0.1626666666666666,12
price_family_ma9_structural_linked,district_of_columbia_dc__county,2024-01-31,payment_burden,-0.35666666666666663,-0.02999999999999993,metric_score,0.3266666666666667,1
price_family_ma9_structural_linked,district_of_columbia_dc__county,2024-02-29,payment_burden,0.06500000000000002,-0.03499999999999999,metric_score,-0.1,2
price_family_ma9_structural_linked,district_of_columbia_dc__county,2024-03-31,payment_burden,-0.4266666666666666,-0.14333333333333326,metric_score,0.2833333333333333,3
price_family_ma9_structural_linked,district_of_columbia_dc__county,2024-04-30,payment_burden,-0.715,-0.47166666666666673,metric_score,0.24333333333333323,4
price_family_ma9_structural_linked,district_of_columbia_dc__county,2024-05-31,payment_burden,-0.495,-0.5650000000000001,metric_score,-0.07000000000000006,5
price_family_ma9_structural_linked,district_of_columbia_dc__county,2024-06-30,payment_burden,-0.7133333333333334,-0.4766666666666667,metric_score,0.2366666666666667,6
price_family_ma9_structural_linked,district_of_columbia_dc__county,2024-07-31,payment_burden,-0.31499999999999995,-0.30666666666666664,metric_score,0.008333333333333304,7
price_family_ma9_structural_linked,district_of_columbia_dc__county,2024-08-31,payment_burden,0.17166666666666675,0.021666666666666695,metric_score,-0.15000000000000005,8
price_family_ma9_structural_linked,district_of_columbia_dc__county,2024-09-30,payment_burden,0.38899999999999996,0.1716666666666667,metric_score,-0.21733333333333327,9
price_family_ma9_structural_linked,district_of_columbia_dc__county,2024-10-31,payment_burden,-0.19433333333333336,0.10566666666666669,metric_score,0.30000000000000004,10
price_family_ma9_structural_linked,district_of_columbia_dc__county,2024-11-30,payment_burden,-0.5116666666666667,-0.34500000000000003,metric_score,0.16666666666666669,11
price_family_ma9_structural_linked,district_of_columbia_dc__county,2024-12-31,payment_burden,-0.14166666666666666,-0.5616666666666666,metric_score,-0.42,12
price_family_ma9_structural_linked,district_of_columbia_dc__county,2025-01-31,payment_burden,0.4466666666666666,-0.4833333333333333,metric_score,-0.9299999999999999,1
price_family_ma9_structural_linked,district_of_columbia_dc__county,2025-02-28,payment_burden,-0.6993333333333333,-0.23666666666666664,metric_score,0.4626666666666666,2
price_family_ma9_structural_linked,district_of_columbia_dc__county,2025-03-31,payment_burden,-0.22833333333333328,-0.11666666666666659,metric_score,0.11166666666666669,3
price_family_ma9_structural_linked,district_of_columbia_dc__county,2025-04-30,payment_burden,-0.6933333333333335,-0.1499999999999999,metric_score,0.5433333333333336,4
price_family_ma9_structural_linked,district_of_columbia_dc__county,2025-05-31,payment_burden,-0.26000000000000006,-0.30500000000000005,metric_score,-0.044999999999999984,5
price_family_ma9_structural_linked,district_of_columbia_dc__county,2025-06-30,payment_burden,-0.3766666666666667,-0.545,metric_score,-0.16833333333333333,6
price_family_ma9_structural_linked,district_of_columbia_dc__county,2025-07-31,payment_burden,-0.14833333333333332,-0.43166666666666664,metric_score,-0.2833333333333333,7
price_family_ma9_structural_linked,district_of_columbia_dc__county,2025-08-31,payment_burden,-0.2983333333333333,-0.2733333333333333,metric_score,0.024999999999999967,8
price_family_ma9_structural_linked,district_of_columbia_dc__county,2025-09-30,payment_burden,-0.45333333333333337,-0.1766666666666667,metric_score,0.27666666666666667,9
price_family_ma9_structural_linked,district_of_columbia_dc__county,2025-10-31,payment_burden,-0.20833333333333337,-0.18999999999999997,metric_score,0.018333333333333396,10
price_family_ma9_structural_linked,district_of_columbia_dc__county,2025-11-30,payment_burden,-0.19333333333333333,-0.15999999999999998,metric_score,0.033333333333333354,11
price_family_ma9_structural_linked,district_of_columbia_dc__county,2025-12-31,payment_burden,-0.505,-0.2783333333333333,metric_score,0.22666666666666668,12
price_family_ma9_structural_linked,district_of_columbia_dc__county,2026-01-31,payment_burden,-0.11833333333333323,-0.05666666666666664,metric_score,0.06166666666666659,1
price_family_ma9_structural_linked,district_of_columbia_dc__county,2026-02-28,payment_burden,0.6299999999999999,0.08166666666666665,metric_score,-0.5483333333333332,2
price_family_ma9_structural_linked,district_of_columbia_dc__county,2026-03-31,payment_burden,-0.33,-0.028333333333333294,metric_score,0.30166666666666675,3
price_family_ma9_structural_linked,district_of_columbia_dc__county,2026-04-30,payment_burden,0.14833333333333323,-0.13333333333333333,metric_score,-0.28166666666666657,4
price_family_ma9_structural_linked,district_of_columbia_dc__county,2026-05-31,payment_burden,-0.6633333333333333,-0.3566666666666667,metric_score,0.30666666666666664,5
price_family_ma9_structural_linked,district_of_columbia_dc__county,2015-11-30,price_to_income,-0.5555555555555556,-0.9444444444444444,metric_score,-0.38888888888888884,11
price_family_ma9_structural_linked,district_of_columbia_dc__county,2015-12-31,price_to_income,0.797940797940798,0.29729729729729737,metric_score,-0.5006435006435006,12
price_family_ma9_structural_linked,district_of_columbia_dc__county,2016-01-31,price_to_income,0.717333875228612,0.368421052631579,metric_score,-0.34891282259703305,1
price_family_ma9_structural_linked,district_of_columbia_dc__county,2016-02-29,price_to_income,-0.38384422594948914,0.5653235653235654,metric_score,0.9491677912730545,2
price_family_ma9_structural_linked,district_of_columbia_dc__county,2016-03-31,price_to_income,0.8992673992673993,0.6264478764478765,metric_score,-0.2728195228195228,3
price_family_ma9_structural_linked,district_of_columbia_dc__county,2016-04-30,price_to_income,-0.08606271777003492,0.6057216211259857,metric_score,0.6917843388960206,4
price_family_ma9_structural_linked,district_of_columbia_dc__county,2016-05-31,price_to_income,-0.7902040816326531,0.3867085295656724,metric_score,1.1769126111983255,5
price_family_ma9_structural_linked,district_of_columbia_dc__county,2016-06-30,price_to_income,-0.1327321626324949,0.0019933554817274817,metric_score,0.1347255181142224,6
price_family_ma9_structural_linked,district_of_columbia_dc__county,2016-07-31,price_to_income,-0.4818785865297493,-0.4433006018371872,metric_score,0.03857798469256207,7
price_family_ma9_structural_linked,district_of_columbia_dc__county,2016-08-31,price_to_income,-0.4862914862914863,-0.49659863945578225,metric_score,-0.010307153164295979,8
price_family_ma9_structural_linked,district_of_columbia_dc__county,2016-09-30,price_to_income,0.31538992408557637,-0.4811497905532283,metric_score,-0.7965397146388047,9
price_family_ma9_structural_linked,district_of_columbia_dc__county,2016-10-31,price_to_income,-0.1077045064094093,-0.5576126001657916,metric_score,-0.4499080937563823,10
price_family_ma9_structural_linked,district_of_columbia_dc__county,2016-11-30,price_to_income,0.01170212765957454,-0.12222222222222234,metric_score,-0.13392434988179688,11
price_family_ma9_structural_linked,district_of_columbia_dc__county,2016-12-31,price_to_income,-0.467469387755102,-0.7737547663013501,metric_score,-0.3062853785462481,12
price_family_ma9_structural_linked,district_of_columbia_dc__county,2017-01-31,price_to_income,-0.25644897959183677,-0.7879507278835385,metric_score,-0.5315017482917017,1
price_family_ma9_structural_linked,district_of_columbia_dc__county,2017-02-28,price_to_income,0.6539366515837104,-0.478393665158371,metric_score,-1.1323303167420815,2
price_family_ma9_structural_linked,district_of_columbia_dc__county,2017-03-31,price_to_income,-0.5352518853695324,-0.46197802197802196,metric_score,0.07327386339151043,3
price_family_ma9_structural_linked,district_of_columbia_dc__county,2017-04-30,price_to_income,0.17413005770115755,-0.2474404049700874,metric_score,-0.421570462671245,4
price_family_ma9_structural_linked,district_of_columbia_dc__county,2017-05-31,price_to_income,-0.7774814814814816,-0.2577653283535637,metric_score,0.5197161531279179,5
price_family_ma9_structural_linked,district_of_columbia_dc__county,2017-06-30,price_to_income,-0.45825698848954655,-0.5143437957391445,metric_score,-0.056086807249597914,6
price_family_ma9_structural_linked,district_of_columbia_dc__county,2017-07-31,price_to_income,-0.17876623376623382,-0.5957240872335212,metric_score,-0.4169578534672874,7
price_family_ma9_structural_linked,district_of_columbia_dc__county,2017-08-31,price_to_income,0.37558897243107775,-0.45029239766081874,metric_score,-0.8258813700918965,8
price_family_ma9_structural_linked,district_of_columbia_dc__county,2017-09-30,price_to_income,0.8022725479365581,-0.20834400981327514,metric_score,-1.0106165577498332,9
price_family_ma9_structural_linked,district_of_columbia_dc__county,2017-10-31,price_to_income,-0.45302112737356526,-0.23004481994745243,metric_score,0.22297630742611282,10
price_family_ma9_structural_linked,district_of_columbia_dc__county,2017-11-30,price_to_income,-0.0012711864406779183,-0.33903508771929824,metric_score,-0.3377639012786203,11
price_family_ma9_structural_linked,district_of_columbia_dc__county,2017-12-31,price_to_income,0.6793353406936544,0.8661044519560226,metric_score,0.18676911126236817,12
price_family_ma9_structural_linked,district_of_columbia_dc__county,2018-01-31,price_to_income,0.9587562136435748,0.8844461454346637,metric_score,-0.07431006820891106,1
price_family_ma9_structural_linked,district_of_columbia_dc__county,2018-02-28,price_to_income,0.4993162856540466,0.8904388422035482,metric_score,0.39112255654950157,2
price_family_ma9_structural_linked,district_of_columbia_dc__county,2018-03-31,price_to_income,0.5390453296703297,0.9007053909205548,metric_score,0.3616600612502251,3
price_family_ma9_structural_linked,district_of_columbia_dc__county,2018-04-30,price_to_income,-0.2674256168359942,0.7592771197153425,metric_score,1.0267027365513366,4
price_family_ma9_structural_linked,district_of_columbia_dc__county,2018-05-31,price_to_income,0.05384615384615388,0.5747474747474747,metric_score,0.5209013209013208,5
price_family_ma9_structural_linked,district_of_columbia_dc__county,2018-06-30,price_to_income,-0.04369063772048845,0.367106512890095,metric_score,0.4107971506105834,6
price_family_ma9_structural_linked,district_of_columbia_dc__county,2018-07-31,price_to_income,0.464561645553744,0.33518099547511304,metric_score,-0.12938065007863098,7
price_family_ma9_structural_linked,district_of_columbia_dc__county,2018-08-31,price_to_income,0.6813882532418002,0.3521669787116011,metric_score,-0.3292212745301991,8
price_family_ma9_structural_linked,district_of_columbia_dc__county,2018-09-30,price_to_income,0.8203541086599557,0.5556135578266304,metric_score,-0.26474055083332537,9
price_family_ma9_structural_linked,district_of_columbia_dc__county,2018-10-31,price_to_income,-0.09234757698734783,0.37239408534958507,metric_score,0.4647416623369329,10
price_family_ma9_structural_linked,district_of_columbia_dc__county,2018-11-30,price_to_income,0.3085211267605634,0.23024154589371987,metric_score,-0.07827958086684356,11
price_family_ma9_structural_linked,district_of_columbia_dc__county,2018-12-31,price_to_income,0.29291364124061187,0.29957588784447076,metric_score,0.00666224660385889,12
price_family_ma9_structural_linked,district_of_columbia_dc__county,2019-01-31,price_to_income,0.49493497032162526,0.4466262264081437,metric_score,-0.048308743913481555,1
price_family_ma9_structural_linked,district_of_columbia_dc__county,2019-02-28,price_to_income,-0.06692406692406688,0.4546031746031746,metric_score,0.5215272415272415,2
price_family_ma9_structural_linked,district_of_columbia_dc__county,2019-03-31,price_to_income,0.31011403508771934,0.4430245133381399,metric_score,0.13291047825042057,3
price_family_ma9_structural_linked,district_of_columbia_dc__county,2019-04-30,price_to_income,0.19372311898627687,0.3787509787509787,metric_score,0.18502785976470182,4
price_family_ma9_structural_linked,district_of_columbia_dc__county,2019-05-31,price_to_income,0.19380619380619377,0.2649044289044289,metric_score,0.07109823509823512,5
price_family_ma9_structural_linked,district_of_columbia_dc__county,2019-06-30,price_to_income,-0.09301399526224767,0.065991826344626,metric_score,0.15900582160687365,6
price_family_ma9_structural_linked,district_of_columbia_dc__county,2019-07-31,price_to_income,0.374385703648548,0.12424560733384261,metric_score,-0.2501400963147054,7
price_family_ma9_structural_linked,district_of_columbia_dc__county,2019-08-31,price_to_income,0.2374691358024692,0.19216317767042407,metric_score,-0.04530595813204513,8
price_family_ma9_structural_linked,district_of_columbia_dc__county,2019-09-30,price_to_income,0.024499505312513492,0.24264367309134216,metric_score,0.21814416777882867,9
price_family_ma9_structural_linked,district_of_columbia_dc__county,2019-10-31,price_to_income,0.4852967348611208,0.19708128287799082,metric_score,-0.28821545198313,10
price_family_ma9_structural_linked,district_of_columbia_dc__county,2019-11-30,price_to_income,-0.5947217441193345,0.07178130511463847,metric_score,0.666503049233973,11
price_family_ma9_structural_linked,district_of_columbia_dc__county,2019-12-31,price_to_income,0.21407467096427618,0.8521176863662271,metric_score,0.638043015401951,12
price_family_ma9_structural_linked,district_of_columbia_dc__county,2020-01-31,price_to_income,0.8539364809405849,0.8555814710760073,metric_score,0.0016449901354224084,1
price_family_ma9_structural_linked,district_of_columbia_dc__county,2020-02-29,price_to_income,0.5148484362469927,0.8542200328407226,metric_score,0.33937159659372984,2
price_family_ma9_structural_linked,district_of_columbia_dc__county,2020-03-31,price_to_income,0.28846999945003576,0.7191922319166901,metric_score,0.43072223246665436,3
price_family_ma9_structural_linked,district_of_columbia_dc__county,2020-04-30,price_to_income,0.38106668612286587,0.6225886473077484,metric_score,0.24152196118488256,4
price_family_ma9_structural_linked,district_of_columbia_dc__county,2020-05-31,price_to_income,-0.2579756074138097,0.4822281167108753,metric_score,0.740203724124685,5
price_family_ma9_structural_linked,district_of_columbia_dc__county,2020-06-30,price_to_income,0.6436605307491383,0.41669280087001603,metric_score,-0.22696772987912228,6
price_family_ma9_structural_linked,district_of_columbia_dc__county,2020-07-31,price_to_income,-0.15239249880554223,0.2655581338544212,metric_score,0.4179506326599634,7
price_family_ma9_structural_linked,district_of_columbia_dc__county,2020-08-31,price_to_income,-0.32013401901199945,0.2259976105137395,metric_score,0.546131629525739,8
price_family_ma9_structural_linked,district_of_columbia_dc__county,2020-09-30,price_to_income,-0.16259213999140676,0.1973009346647125,metric_score,0.35989307465611925,9
price_family_ma9_structural_linked,district_of_columbia_dc__county,2020-10-31,price_to_income,-0.6928830664202161,-0.1548923382316451,metric_score,0.537990728188571,10
price_family_ma9_structural_linked,district_of_columbia_dc__county,2020-11-30,price_to_income,-0.420093984962406,-0.40468509984639023,metric_score,0.015408885116015791,11
price_family_ma9_structural_linked,district_of_columbia_dc__county,2020-12-31,price_to_income,-0.07245502324641194,-0.7116494845360825,metric_score,-0.6391944612896705,12
price_family_ma9_structural_linked,district_of_columbia_dc__county,2021-01-31,price_to_income,0.013069219440353497,-0.6541933404940923,metric_score,-0.6672625599344457,1
price_family_ma9_structural_linked,district_of_columbia_dc__county,2021-02-28,price_to_income,-0.36278904456244365,-0.5299721351445489,metric_score,-0.16718309058210523,2
price_family_ma9_structural_linked,district_of_columbia_dc__county,2021-03-31,price_to_income,-0.2161616161616162,-0.450701030927835,metric_score,-0.23453941476621878,3
price_family_ma9_structural_linked,district_of_columbia_dc__county,2021-04-30,price_to_income,-0.4805931694293025,-0.4797954870011193,metric_score,0.0007976824281832329,4
price_family_ma9_structural_linked,district_of_columbia_dc__county,2021-05-31,price_to_income,-0.7821238594447681,-0.5674390968508616,metric_score,0.21468476259390656,5
price_family_ma9_structural_linked,district_of_columbia_dc__county,2021-06-30,price_to_income,-0.8334060536836094,-0.7322368505281127,metric_score,0.10116920315549671,6
price_family_ma9_structural_linked,district_of_columbia_dc__county,2021-07-31,price_to_income,-0.4128332305094652,-0.6884681611973906,metric_score,-0.27563493068792544,7
price_family_ma9_structural_linked,district_of_columbia_dc__county,2021-08-31,price_to_income,-0.27086139666784825,-0.5517484413120086,metric_score,-0.28088704464416037,8
price_family_ma9_structural_linked,district_of_columbia_dc__county,2021-09-30,price_to_income,0.5415113456060866,-0.41987699407186263,metric_score,-0.9613883396779492,9
price_family_ma9_structural_linked,district_of_columbia_dc__county,2021-10-31,price_to_income,-0.857819970486965,-0.6502815089485036,metric_score,0.20753846153846145,10
price_family_ma9_structural_linked,district_of_columbia_dc__county,2021-11-30,price_to_income,-0.856588785046729,-0.8263095238095237,metric_score,0.030279261237205257,11
price_family_ma9_structural_linked,district_of_columbia_dc__county,2021-12-31,price_to_income,-0.3860164430012156,-0.8721630033067496,metric_score,-0.48614656030553394,12
price_family_ma9_structural_linked,district_of_columbia_dc__county,2022-01-31,price_to_income,-0.20460758114755492,-0.80502956322716,metric_score,-0.6004219820796051,1
price_family_ma9_structural_linked,district_of_columbia_dc__county,2022-02-28,price_to_income,-0.44714168714168717,-0.6496587496587496,metric_score,-0.20251706251706242,2
price_family_ma9_structural_linked,district_of_columbia_dc__county,2022-03-31,price_to_income,-0.4903449163449164,-0.5126271297509829,metric_score,-0.02228221340606651,3
price_family_ma9_structural_linked,district_of_columbia_dc__county,2022-04-30,price_to_income,-0.8498823396878248,-0.5472407063715221,metric_score,0.30264163331630267,4
price_family_ma9_structural_linked,district_of_columbia_dc__county,2022-05-31,price_to_income,0.23078349178516303,-0.5028031127102335,metric_score,-0.7335866044953965,5
price_family_ma9_structural_linked,district_of_columbia_dc__county,2022-06-30,price_to_income,-0.7814154317833419,-0.7291470180305132,metric_score,0.05226841375282876,6
price_family_ma9_structural_linked,district_of_columbia_dc__county,2022-07-31,price_to_income,0.19175988928612625,-0.5620548813408137,metric_score,-0.75381477062694,7
price_family_ma9_structural_linked,district_of_columbia_dc__county,2022-08-31,price_to_income,-0.09302092543471856,-0.4258595205963628,metric_score,-0.3328385951616442,8
price_family_ma9_structural_linked,district_of_columbia_dc__county,2022-09-30,price_to_income,0.23695658710049494,-0.3177394641342584,metric_score,-0.5546960512347534,9
price_family_ma9_structural_linked,district_of_columbia_dc__county,2022-10-31,price_to_income,-0.02293413484513085,-0.3039213880847214,metric_score,-0.28098725323959056,10
price_family_ma9_structural_linked,district_of_columbia_dc__county,2022-11-30,price_to_income,0.25429505135387487,-0.18311965811965825,metric_score,-0.4374147094735331,11
price_family_ma9_structural_linked,district_of_columbia_dc__county,2022-12-31,price_to_income,0.954,0.94,metric_score,-0.014000000000000012,12
price_family_ma9_structural_linked,district_of_columbia_dc__county,2023-01-31,price_to_income,0.974,0.98,metric_score,0.006000000000000005,1
price_family_ma9_structural_linked,district_of_columbia_dc__county,2023-02-28,price_to_income,0.5637837837837838,0.98,metric_score,0.4162162162162162,2
price_family_ma9_structural_linked,district_of_columbia_dc__county,2023-03-31,price_to_income,0.6032142857142857,0.9406666666666665,metric_score,0.33745238095238084,3
price_family_ma9_structural_linked,district_of_columbia_dc__county,2023-04-30,price_to_income,0.43480825958702063,0.8693805309734512,metric_score,0.4345722713864306,4
price_family_ma9_structural_linked,district_of_columbia_dc__county,2023-05-31,price_to_income,0.6240350877192982,0.8158771929824561,metric_score,0.19184210526315792,5
price_family_ma9_structural_linked,district_of_columbia_dc__county,2023-06-30,price_to_income,0.919,0.739,metric_score,-0.18000000000000005,6
price_family_ma9_structural_linked,district_of_columbia_dc__county,2023-07-31,price_to_income,0.7208045977011495,0.8129885057471264,metric_score,0.09218390804597698,7
price_family_ma9_structural_linked,district_of_columbia_dc__county,2023-08-31,price_to_income,0.6591025641025641,0.8528205128205127,metric_score,0.19371794871794867,8
price_family_ma9_structural_linked,district_of_columbia_dc__county,2023-09-30,price_to_income,0.6990677966101695,0.8326553672316384,metric_score,0.13358757062146887,9
price_family_ma9_structural_linked,district_of_columbia_dc__county,2023-10-31,price_to_income,0.37441176470588233,0.6079131652661065,metric_score,0.23350140056022417,10
price_family_ma9_structural_linked,district_of_columbia_dc__county,2023-11-30,price_to_income,0.7866666666666667,0.5316666666666667,metric_score,-0.255,11
price_family_ma9_structural_linked,district_of_columbia_dc__county,2023-12-31,price_to_income,0.9149999999999999,0.8833333333333333,metric_score,-0.03166666666666662,12
price_family_ma9_structural_linked,district_of_columbia_dc__county,2024-01-31,price_to_income,0.30833333333333335,0.8783333333333333,metric_score,0.57,1
price_family_ma9_structural_linked,district_of_columbia_dc__county,2024-02-29,price_to_income,0.825,0.8966666666666666,metric_score,0.07166666666666666,2
price_family_ma9_structural_linked,district_of_columbia_dc__county,2024-03-31,price_to_income,0.45833333333333337,0.7899999999999999,metric_score,0.33166666666666655,3
price_family_ma9_structural_linked,district_of_columbia_dc__county,2024-04-30,price_to_income,0.25666666666666665,0.6449999999999999,metric_score,0.38833333333333325,4
price_family_ma9_structural_linked,district_of_columbia_dc__county,2024-05-31,price_to_income,0.5216666666666667,0.44999999999999984,metric_score,-0.07166666666666688,5
price_family_ma9_structural_linked,district_of_columbia_dc__county,2024-06-30,price_to_income,-0.07499999999999998,0.395,metric_score,0.47,6
price_family_ma9_structural_linked,district_of_columbia_dc__county,2024-07-31,price_to_income,0.3866666666666667,0.4216666666666666,metric_score,0.034999999999999865,7
price_family_ma9_structural_linked,district_of_columbia_dc__county,2024-08-31,price_to_income,0.7683333333333333,0.5049999999999999,metric_score,-0.2633333333333334,8
price_family_ma9_structural_linked,district_of_columbia_dc__county,2024-09-30,price_to_income,0.7783333333333333,0.5616666666666666,metric_score,-0.21666666666666667,9
price_family_ma9_structural_linked,district_of_columbia_dc__county,2024-10-31,price_to_income,0.43499999999999994,0.53,metric_score,0.09500000000000008,10
price_family_ma9_structural_linked,district_of_columbia_dc__county,2024-11-30,price_to_income,0.044999999999999984,0.355,metric_score,0.31,11
price_family_ma9_structural_linked,district_of_columbia_dc__county,2024-12-31,price_to_income,0.4733333333333333,0.1933333333333333,metric_score,-0.27999999999999997,12
price_family_ma9_structural_linked,district_of_columbia_dc__county,2025-01-31,price_to_income,0.9149999999999999,0.4183333333333334,metric_score,-0.49666666666666653,1
price_family_ma9_structural_linked,district_of_columbia_dc__county,2025-02-28,price_to_income,-0.050999999999999934,0.46166666666666667,metric_score,0.5126666666666666,2
price_family_ma9_structural_linked,district_of_columbia_dc__county,2025-03-31,price_to_income,0.32,0.49,metric_score,0.16999999999999998,3
price_family_ma9_structural_linked,district_of_columbia_dc__county,2025-04-30,price_to_income,-0.235,0.4033333333333333,metric_score,0.6383333333333333,4
price_family_ma9_structural_linked,district_of_columbia_dc__county,2025-05-31,price_to_income,0.3316666666666666,0.2566666666666666,metric_score,-0.07500000000000001,5
price_family_ma9_structural_linked,district_of_columbia_dc__county,2025-06-30,price_to_income,0.20833333333333326,0.05166666666666675,metric_score,-0.1566666666666665,6
price_family_ma9_structural_linked,district_of_columbia_dc__county,2025-07-31,price_to_income,0.44666666666666666,0.04500000000000001,metric_score,-0.4016666666666666,7
price_family_ma9_structural_linked,district_of_columbia_dc__county,2025-08-31,price_to_income,0.2933333333333333,0.21166666666666673,metric_score,-0.08166666666666655,8
price_family_ma9_structural_linked,district_of_columbia_dc__county,2025-09-30,price_to_income,0.0,0.19833333333333325,metric_score,0.19833333333333325,9
price_family_ma9_structural_linked,district_of_columbia_dc__county,2025-10-31,price_to_income,0.21500000000000008,0.015000000000000013,metric_score,-0.20000000000000007,10
price_family_ma9_structural_linked,district_of_columbia_dc__county,2025-11-30,price_to_income,0.1533333333333334,-0.06,metric_score,-0.2133333333333334,11
price_family_ma9_structural_linked,district_of_columbia_dc__county,2025-12-31,price_to_income,-0.1783333333333333,-0.15166666666666667,metric_score,0.026666666666666616,12
price_family_ma9_structural_linked,district_of_columbia_dc__county,2026-01-31,price_to_income,0.2776666666666667,0.06333333333333332,metric_score,-0.21433333333333335,1
price_family_ma9_structural_linked,district_of_columbia_dc__county,2026-02-28,price_to_income,0.865,0.2733333333333334,metric_score,-0.5916666666666666,2
price_family_ma9_structural_linked,district_of_columbia_dc__county,2026-03-31,price_to_income,-0.0016666666666667052,0.26,metric_score,0.2616666666666667,3
price_family_ma9_structural_linked,district_of_columbia_dc__county,2026-04-30,price_to_income,0.6833333333333333,0.32666666666666677,metric_score,-0.3566666666666666,4
price_family_ma9_structural_linked,district_of_columbia_dc__county,2026-05-31,price_to_income,-0.42833333333333334,0.15833333333333333,metric_score,0.5866666666666667,5
