candidate_id,run_role,geo_id,canonical_metric_key,feature_component,rows,first_date,last_date,mean_value,value_std,mean_absolute_change_1m,p90_absolute_change_1m,maximum_absolute_change_1m,sign_flip_rate,near_zero_rate,overlap_rows,baseline_challenger_correlation,mean_absolute_baseline_challenger_difference,feature_origin,series_variant
price_family_ma6_structural_linked,raw_source,20001_district_of_columbia_dc__zip,median_ppsf,level,166,2012-03-31,2026-05-31,570.9262235285252,49.30364358574594,3.9547648572636427,8.528505454266735,13.777584165999997,0.0,0.0,166.0,0.9999999999999999,0.0,raw_source,raw_level
price_family_ma6_structural_linked,structural_ma6,20001_district_of_columbia_dc__zip,median_ppsf,level,166,2012-03-31,2026-05-31,570.9262235285252,49.30364358574594,3.9547648572636427,8.528505454266735,13.777584165999997,0.0,0.0,166.0,0.9999999999999999,0.0,structural_ma6,ma6_level
price_family_ma6_structural_linked,raw_source,20001_district_of_columbia_dc__zip,median_sale_price,level,166,2012-03-31,2026-05-31,657174.7319277108,80520.11308407906,5466.357070707073,10833.333333333325,18583.333333333256,0.0,0.0,166.0,0.9999999999999998,0.0,raw_source,raw_level
price_family_ma6_structural_linked,structural_ma6,20001_district_of_columbia_dc__zip,median_sale_price,level,166,2012-03-31,2026-05-31,657174.7319277108,80520.11308407906,5466.357070707073,10833.333333333325,18583.333333333256,0.0,0.0,166.0,0.9999999999999998,0.0,structural_ma6,ma6_level
price_family_ma6_structural_linked,raw_source,20002_district_of_columbia_dc__zip,median_ppsf,level,166,2012-03-31,2026-05-31,466.6565686330924,56.20284047549276,3.7484348526888853,7.7483229683333095,10.936183498333321,0.0,0.0,166.0,1.0,0.0,raw_source,raw_level
price_family_ma6_structural_linked,structural_ma6,20002_district_of_columbia_dc__zip,median_ppsf,level,166,2012-03-31,2026-05-31,466.6565686330924,56.20284047549276,3.7484348526888853,7.7483229683333095,10.936183498333321,0.0,0.0,166.0,1.0,0.0,structural_ma6,ma6_level
price_family_ma6_structural_linked,raw_source,20002_district_of_columbia_dc__zip,median_sale_price,level,166,2012-03-31,2026-05-31,630391.250502008,93836.75540849414,5647.558585858585,11360.000000000022,17508.333333333372,0.0,0.0,166.0,1.0,0.0,raw_source,raw_level
price_family_ma6_structural_linked,structural_ma6,20002_district_of_columbia_dc__zip,median_sale_price,level,166,2012-03-31,2026-05-31,630391.250502008,93836.75540849414,5647.558585858585,11360.000000000022,17508.333333333372,0.0,0.0,166.0,1.0,0.0,structural_ma6,ma6_level
price_family_ma6_structural_linked,raw_source,20003_district_of_columbia_dc__zip,median_ppsf,level,166,2012-03-31,2026-05-31,569.1255236511184,60.86567941788429,3.9212547252666656,7.4428885580332915,9.670000000000073,0.0,0.0,166.0,1.0,0.0,raw_source,raw_level
price_family_ma6_structural_linked,structural_ma6,20003_district_of_columbia_dc__zip,median_ppsf,level,166,2012-03-31,2026-05-31,569.1255236511184,60.86567941788429,3.9212547252666656,7.4428885580332915,9.670000000000073,0.0,0.0,166.0,1.0,0.0,structural_ma6,ma6_level
price_family_ma6_structural_linked,raw_source,20003_district_of_columbia_dc__zip,median_sale_price,level,166,2012-03-31,2026-05-31,747303.5582329318,105964.53947957254,8571.529292929297,18438.333333333303,30750.0,0.0,0.0,166.0,1.0,0.0,raw_source,raw_level
price_family_ma6_structural_linked,structural_ma6,20003_district_of_columbia_dc__zip,median_sale_price,level,166,2012-03-31,2026-05-31,747303.5582329318,105964.53947957254,8571.529292929297,18438.333333333303,30750.0,0.0,0.0,166.0,1.0,0.0,structural_ma6,ma6_level
price_family_ma6_structural_linked,raw_source,20004_district_of_columbia_dc__zip,median_ppsf,level,166,2012-03-31,2026-05-31,591.7477678790191,29.230612810203166,4.1600969675525254,8.121999999999979,15.870000000000005,0.0,0.0,166.0,1.0,0.0,raw_source,raw_level
price_family_ma6_structural_linked,structural_ma6,20004_district_of_columbia_dc__zip,median_ppsf,level,166,2012-03-31,2026-05-31,591.7477678790191,29.230612810203166,4.1600969675525254,8.121999999999979,15.870000000000005,0.0,0.0,166.0,1.0,0.0,structural_ma6,ma6_level
price_family_ma6_structural_linked,raw_source,20004_district_of_columbia_dc__zip,median_sale_price,level,166,2012-03-31,2026-05-31,485099.72991967876,31233.143888960036,8204.613131313132,21041.666666666664,47499.99999999994,0.0,0.0,166.0,1.0,0.0,raw_source,raw_level
price_family_ma6_structural_linked,structural_ma6,20004_district_of_columbia_dc__zip,median_sale_price,level,166,2012-03-31,2026-05-31,485099.72991967876,31233.143888960036,8204.613131313132,21041.666666666664,47499.99999999994,0.0,0.0,166.0,1.0,0.0,structural_ma6,ma6_level
price_family_ma6_structural_linked,raw_source,20005_district_of_columbia_dc__zip,median_ppsf,level,166,2012-03-31,2026-05-31,656.6511862689478,43.20577548689756,4.696962977334341,9.702549947633337,21.568560760000082,0.0,0.0,166.0,1.0,0.0,raw_source,raw_level
price_family_ma6_structural_linked,structural_ma6,20005_district_of_columbia_dc__zip,median_ppsf,level,166,2012-03-31,2026-05-31,656.6511862689478,43.20577548689756,4.696962977334341,9.702549947633337,21.568560760000082,0.0,0.0,166.0,1.0,0.0,structural_ma6,ma6_level
price_family_ma6_structural_linked,raw_source,20005_district_of_columbia_dc__zip,median_sale_price,level,166,2012-03-31,2026-05-31,538500.1767068272,48751.76951573626,7839.889898989897,17161.666666666646,32333.333333333372,0.0,0.0,166.0,0.9999999999999999,0.0,raw_source,raw_level
price_family_ma6_structural_linked,structural_ma6,20005_district_of_columbia_dc__zip,median_sale_price,level,166,2012-03-31,2026-05-31,538500.1767068272,48751.76951573626,7839.889898989897,17161.666666666646,32333.333333333372,0.0,0.0,166.0,0.9999999999999999,0.0,structural_ma6,ma6_level
price_family_ma6_structural_linked,raw_source,20006_district_of_columbia_dc__zip,median_ppsf,level,152,2012-03-31,2026-05-31,507.97320439261296,38.85764074118971,8.597206292813464,17.58474576266667,23.444469223999988,0.0,0.0,152.0,1.0,0.0,raw_source,raw_level
price_family_ma6_structural_linked,structural_ma6,20006_district_of_columbia_dc__zip,median_ppsf,level,152,2012-03-31,2026-05-31,507.97320439261296,38.85764074118971,8.597206292813464,17.58474576266667,23.444469223999988,0.0,0.0,152.0,1.0,0.0,structural_ma6,ma6_level
price_family_ma6_structural_linked,raw_source,20006_district_of_columbia_dc__zip,median_sale_price,level,154,2012-03-31,2026-05-31,311281.8365800866,125466.47523270061,23888.569716775597,75783.33333333337,165000.0,0.0,0.0,154.0,1.0,0.0,raw_source,raw_level
price_family_ma6_structural_linked,structural_ma6,20006_district_of_columbia_dc__zip,median_sale_price,level,154,2012-03-31,2026-05-31,311281.8365800866,125466.47523270061,23888.569716775597,75783.33333333337,165000.0,0.0,0.0,154.0,1.0,0.0,structural_ma6,ma6_level
price_family_ma6_structural_linked,raw_source,20007_district_of_columbia_dc__zip,median_ppsf,level,166,2012-03-31,2026-05-31,611.2110441373122,55.731907243843956,5.079138878905047,10.489755993866629,18.33833333333348,0.0,0.0,166.0,0.9999999999999999,0.0,raw_source,raw_level
price_family_ma6_structural_linked,structural_ma6,20007_district_of_columbia_dc__zip,median_ppsf,level,166,2012-03-31,2026-05-31,611.2110441373122,55.731907243843956,5.079138878905047,10.489755993866629,18.33833333333348,0.0,0.0,166.0,0.9999999999999999,0.0,structural_ma6,ma6_level
price_family_ma6_structural_linked,raw_source,20007_district_of_columbia_dc__zip,median_sale_price,level,166,2012-03-31,2026-05-31,1064176.8935742972,176769.79883183545,16305.843939393942,37316.666666666635,66875.0,0.0,0.0,166.0,0.9999999999999999,0.0,raw_source,raw_level
price_family_ma6_structural_linked,structural_ma6,20007_district_of_columbia_dc__zip,median_sale_price,level,166,2012-03-31,2026-05-31,1064176.8935742972,176769.79883183545,16305.843939393942,37316.666666666635,66875.0,0.0,0.0,166.0,0.9999999999999999,0.0,structural_ma6,ma6_level
price_family_ma6_structural_linked,raw_source,20008_district_of_columbia_dc__zip,median_ppsf,level,166,2012-03-31,2026-05-31,504.88229779003615,33.77822151980701,2.997059320803032,6.38480036633332,9.67333333333329,0.0,0.0,166.0,0.9999999999999998,0.0,raw_source,raw_level
price_family_ma6_structural_linked,structural_ma6,20008_district_of_columbia_dc__zip,median_ppsf,level,166,2012-03-31,2026-05-31,504.88229779003615,33.77822151980701,2.997059320803032,6.38480036633332,9.67333333333329,0.0,0.0,166.0,0.9999999999999998,0.0,structural_ma6,ma6_level
price_family_ma6_structural_linked,raw_source,20008_district_of_columbia_dc__zip,median_sale_price,level,166,2012-03-31,2026-05-31,564961.5110441766,68215.71988391329,13550.969696969696,34758.300000000025,56075.0,0.0,0.0,166.0,1.0,0.0,raw_source,raw_level
price_family_ma6_structural_linked,structural_ma6,20008_district_of_columbia_dc__zip,median_sale_price,level,166,2012-03-31,2026-05-31,564961.5110441766,68215.71988391329,13550.969696969696,34758.300000000025,56075.0,0.0,0.0,166.0,1.0,0.0,structural_ma6,ma6_level
price_family_ma6_structural_linked,raw_source,20009_district_of_columbia_dc__zip,median_ppsf,level,166,2012-03-31,2026-05-31,620.2359522510753,44.75439146303571,3.0772235745101,5.915227675400069,9.538333333333298,0.0,0.0,166.0,1.0,0.0,raw_source,raw_level
price_family_ma6_structural_linked,structural_ma6,20009_district_of_columbia_dc__zip,median_ppsf,level,166,2012-03-31,2026-05-31,620.2359522510753,44.75439146303571,3.0772235745101,5.915227675400069,9.538333333333298,0.0,0.0,166.0,1.0,0.0,structural_ma6,ma6_level
price_family_ma6_structural_linked,raw_source,20009_district_of_columbia_dc__zip,median_sale_price,level,166,2012-03-31,2026-05-31,575913.6024096386,60272.95673894384,5471.007070707073,11933.33333333337,32666.666666666744,0.0,0.0,166.0,1.0,0.0,raw_source,raw_level
price_family_ma6_structural_linked,structural_ma6,20009_district_of_columbia_dc__zip,median_sale_price,level,166,2012-03-31,2026-05-31,575913.6024096386,60272.95673894384,5471.007070707073,11933.33333333337,32666.666666666744,0.0,0.0,166.0,1.0,0.0,structural_ma6,ma6_level
price_family_ma6_structural_linked,raw_source,20010_district_of_columbia_dc__zip,median_ppsf,level,166,2012-03-31,2026-05-31,488.3648242088806,39.18325676472684,4.325429190281814,8.962489831999932,20.784999999999854,0.0,0.0,166.0,0.9999999999999998,0.0,raw_source,raw_level
price_family_ma6_structural_linked,structural_ma6,20010_district_of_columbia_dc__zip,median_ppsf,level,166,2012-03-31,2026-05-31,488.3648242088806,39.18325676472684,4.325429190281814,8.962489831999932,20.784999999999854,0.0,0.0,166.0,0.9999999999999998,0.0,structural_ma6,ma6_level
price_family_ma6_structural_linked,raw_source,20010_district_of_columbia_dc__zip,median_sale_price,level,166,2012-03-31,2026-05-31,673481.0281124498,93643.47508671493,8062.3101010101,16183.333333333323,33666.66666666663,0.0,0.0,166.0,1.0,0.0,raw_source,raw_level
price_family_ma6_structural_linked,structural_ma6,20010_district_of_columbia_dc__zip,median_sale_price,level,166,2012-03-31,2026-05-31,673481.0281124498,93643.47508671493,8062.3101010101,16183.333333333323,33666.66666666663,0.0,0.0,166.0,1.0,0.0,structural_ma6,ma6_level
price_family_ma6_structural_linked,raw_source,20011_district_of_columbia_dc__zip,median_ppsf,level,166,2012-03-31,2026-05-31,371.47814692246186,48.95791367178234,3.3635710417212135,6.781666666666694,11.819999999999936,0.0,0.0,166.0,0.9999999999999999,0.0,raw_source,raw_level
price_family_ma6_structural_linked,structural_ma6,20011_district_of_columbia_dc__zip,median_ppsf,level,166,2012-03-31,2026-05-31,371.47814692246186,48.95791367178234,3.3635710417212135,6.781666666666694,11.819999999999936,0.0,0.0,166.0,0.9999999999999999,0.0,structural_ma6,ma6_level
price_family_ma6_structural_linked,raw_source,20011_district_of_columbia_dc__zip,median_sale_price,level,166,2012-03-31,2026-05-31,598036.2369477912,103741.82841563586,5737.450505050505,11900.00000000002,17083.333333333372,0.0,0.0,166.0,1.0,0.0,raw_source,raw_level
price_family_ma6_structural_linked,structural_ma6,20011_district_of_columbia_dc__zip,median_sale_price,level,166,2012-03-31,2026-05-31,598036.2369477912,103741.82841563586,5737.450505050505,11900.00000000002,17083.333333333372,0.0,0.0,166.0,1.0,0.0,structural_ma6,ma6_level
price_family_ma6_structural_linked,raw_source,20012_district_of_columbia_dc__zip,median_ppsf,level,166,2012-03-31,2026-05-31,363.03436573357027,43.475683477552565,3.761049388140403,8.037306930266661,13.733333333333348,0.0,0.0,166.0,1.0,0.0,raw_source,raw_level
price_family_ma6_structural_linked,structural_ma6,20012_district_of_columbia_dc__zip,median_ppsf,level,166,2012-03-31,2026-05-31,363.03436573357027,43.475683477552565,3.761049388140403,8.037306930266661,13.733333333333348,0.0,0.0,166.0,1.0,0.0,structural_ma6,ma6_level
price_family_ma6_structural_linked,raw_source,20012_district_of_columbia_dc__zip,median_sale_price,level,166,2012-03-31,2026-05-31,662471.9728915662,110952.98793669943,14938.647474747473,30631.916666666657,51875.0,0.0,0.0,166.0,1.0,0.0,raw_source,raw_level
price_family_ma6_structural_linked,structural_ma6,20012_district_of_columbia_dc__zip,median_sale_price,level,166,2012-03-31,2026-05-31,662471.9728915662,110952.98793669943,14938.647474747473,30631.916666666657,51875.0,0.0,0.0,166.0,1.0,0.0,structural_ma6,ma6_level
price_family_ma6_structural_linked,raw_source,20015_district_of_columbia_dc__zip,median_ppsf,level,166,2012-03-31,2026-05-31,491.9399691284869,43.82250853313533,5.030241726278788,10.489632280233318,17.598862176500006,0.0,0.0,166.0,1.0,0.0,raw_source,raw_level
price_family_ma6_structural_linked,structural_ma6,20015_district_of_columbia_dc__zip,median_ppsf,level,166,2012-03-31,2026-05-31,491.9399691284869,43.82250853313533,5.030241726278788,10.489632280233318,17.598862176500006,0.0,0.0,166.0,1.0,0.0,structural_ma6,ma6_level
price_family_ma6_structural_linked,raw_source,20015_district_of_columbia_dc__zip,median_sale_price,level,166,2012-03-31,2026-05-31,1103565.096385542,203498.495227026,15876.69696969697,32403.333333333296,61458.33333333349,0.0,0.0,166.0,1.0,0.0,raw_source,raw_level
price_family_ma6_structural_linked,structural_ma6,20015_district_of_columbia_dc__zip,median_sale_price,level,166,2012-03-31,2026-05-31,1103565.096385542,203498.495227026,15876.69696969697,32403.333333333296,61458.33333333349,0.0,0.0,166.0,1.0,0.0,structural_ma6,ma6_level
price_family_ma6_structural_linked,raw_source,20016_district_of_columbia_dc__zip,median_ppsf,level,166,2012-03-31,2026-05-31,476.8475608471817,47.5722754538475,3.915474129268691,7.8745799117666815,17.661666666666747,0.0,0.0,166.0,1.0,0.0,raw_source,raw_level
price_family_ma6_structural_linked,structural_ma6,20016_district_of_columbia_dc__zip,median_ppsf,level,166,2012-03-31,2026-05-31,476.8475608471817,47.5722754538475,3.915474129268691,7.8745799117666815,17.661666666666747,0.0,0.0,166.0,1.0,0.0,structural_ma6,ma6_level
price_family_ma6_structural_linked,raw_source,20016_district_of_columbia_dc__zip,median_sale_price,level,166,2012-03-31,2026-05-31,872789.5833333334,170680.1869431139,20367.745454545453,40749.99999999999,88541.66666666663,0.0,0.0,166.0,0.9999999999999998,0.0,raw_source,raw_level
price_family_ma6_structural_linked,structural_ma6,20016_district_of_columbia_dc__zip,median_sale_price,level,166,2012-03-31,2026-05-31,872789.5833333334,170680.1869431139,20367.745454545453,40749.99999999999,88541.66666666663,0.0,0.0,166.0,0.9999999999999998,0.0,structural_ma6,ma6_level
price_family_ma6_structural_linked,raw_source,20017_district_of_columbia_dc__zip,median_ppsf,level,166,2012-03-31,2026-05-31,371.33591374125103,52.72048587877451,4.450719337018182,9.174666666666665,13.41166666666669,0.0,0.0,166.0,1.0,0.0,raw_source,raw_level
price_family_ma6_structural_linked,structural_ma6,20017_district_of_columbia_dc__zip,median_ppsf,level,166,2012-03-31,2026-05-31,371.33591374125103,52.72048587877451,4.450719337018182,9.174666666666665,13.41166666666669,0.0,0.0,166.0,1.0,0.0,structural_ma6,ma6_level
price_family_ma6_structural_linked,raw_source,20017_district_of_columbia_dc__zip,median_sale_price,level,166,2012-03-31,2026-05-31,551093.6004016064,102453.09417194656,8256.5898989899,16666.666666666697,24166.666666666628,0.0,0.0,166.0,0.9999999999999999,0.0,raw_source,raw_level
price_family_ma6_structural_linked,structural_ma6,20017_district_of_columbia_dc__zip,median_sale_price,level,166,2012-03-31,2026-05-31,551093.6004016064,102453.09417194656,8256.5898989899,16666.666666666697,24166.666666666628,0.0,0.0,166.0,0.9999999999999999,0.0,structural_ma6,ma6_level
price_family_ma6_structural_linked,raw_source,20018_district_of_columbia_dc__zip,median_ppsf,level,166,2012-03-31,2026-05-31,309.63753830226506,43.62344780438627,3.412095013123236,7.256181151133353,12.518333333333317,0.0,0.0,166.0,1.0,0.0,raw_source,raw_level
price_family_ma6_structural_linked,structural_ma6,20018_district_of_columbia_dc__zip,median_ppsf,level,166,2012-03-31,2026-05-31,309.63753830226506,43.62344780438627,3.412095013123236,7.256181151133353,12.518333333333317,0.0,0.0,166.0,1.0,0.0,structural_ma6,ma6_level
price_family_ma6_structural_linked,raw_source,20018_district_of_columbia_dc__zip,median_sale_price,level,166,2012-03-31,2026-05-31,534327.3082329318,100972.43274327903,7062.774747474746,15000.099999999977,23500.0,0.0,0.0,166.0,1.0,0.0,raw_source,raw_level
price_family_ma6_structural_linked,structural_ma6,20018_district_of_columbia_dc__zip,median_sale_price,level,166,2012-03-31,2026-05-31,534327.3082329318,100972.43274327903,7062.774747474746,15000.099999999977,23500.0,0.0,0.0,166.0,1.0,0.0,structural_ma6,ma6_level
price_family_ma6_structural_linked,raw_source,20019_district_of_columbia_dc__zip,median_ppsf,level,166,2012-03-31,2026-05-31,228.4077670043273,49.119735558330554,2.5109488895191903,4.725666666666677,10.605000000000018,0.0,0.0,166.0,1.0,0.0,raw_source,raw_level
price_family_ma6_structural_linked,structural_ma6,20019_district_of_columbia_dc__zip,median_ppsf,level,166,2012-03-31,2026-05-31,228.4077670043273,49.119735558330554,2.5109488895191903,4.725666666666677,10.605000000000018,0.0,0.0,166.0,1.0,0.0,structural_ma6,ma6_level
price_family_ma6_structural_linked,raw_source,20019_district_of_columbia_dc__zip,median_sale_price,level,166,2012-03-31,2026-05-31,323310.4698795181,91665.63694781155,3476.459595959598,7446.666666666673,10000.0,0.0,0.0,166.0,0.9999999999999999,0.0,raw_source,raw_level
price_family_ma6_structural_linked,structural_ma6,20019_district_of_columbia_dc__zip,median_sale_price,level,166,2012-03-31,2026-05-31,323310.4698795181,91665.63694781155,3476.459595959598,7446.666666666673,10000.0,0.0,0.0,166.0,0.9999999999999999,0.0,structural_ma6,ma6_level
price_family_ma6_structural_linked,raw_source,20020_district_of_columbia_dc__zip,median_ppsf,level,166,2012-03-31,2026-05-31,221.10120947147087,44.60850041878163,2.630904312462625,5.435000000000008,10.018688413166672,0.0,0.0,166.0,1.0,0.0,raw_source,raw_level
price_family_ma6_structural_linked,structural_ma6,20020_district_of_columbia_dc__zip,median_ppsf,level,166,2012-03-31,2026-05-31,221.10120947147087,44.60850041878163,2.630904312462625,5.435000000000008,10.018688413166672,0.0,0.0,166.0,1.0,0.0,structural_ma6,ma6_level
price_family_ma6_structural_linked,raw_source,20020_district_of_columbia_dc__zip,median_sale_price,level,166,2012-03-31,2026-05-31,333164.3820281124,78832.27862364426,4482.126767676768,8533.333333333312,19980.0,0.0,0.0,166.0,1.0,0.0,raw_source,raw_level
price_family_ma6_structural_linked,structural_ma6,20020_district_of_columbia_dc__zip,median_sale_price,level,166,2012-03-31,2026-05-31,333164.3820281124,78832.27862364426,4482.126767676768,8533.333333333312,19980.0,0.0,0.0,166.0,1.0,0.0,structural_ma6,ma6_level
price_family_ma6_structural_linked,raw_source,20024_district_of_columbia_dc__zip,median_ppsf,level,166,2012-03-31,2026-05-31,444.3997693993906,56.69372662837029,4.885772210167678,10.045666666666715,13.369999999999948,0.0,0.0,166.0,1.0,0.0,raw_source,raw_level
price_family_ma6_structural_linked,structural_ma6,20024_district_of_columbia_dc__zip,median_ppsf,level,166,2012-03-31,2026-05-31,444.3997693993906,56.69372662837029,4.885772210167678,10.045666666666715,13.369999999999948,0.0,0.0,166.0,1.0,0.0,structural_ma6,ma6_level
price_family_ma6_structural_linked,raw_source,20024_district_of_columbia_dc__zip,median_sale_price,level,166,2012-03-31,2026-05-31,385525.5853413654,67000.801123774,8750.789898989897,19466.666666666682,49208.333333333314,0.0,0.0,166.0,1.0,0.0,raw_source,raw_level
price_family_ma6_structural_linked,structural_ma6,20024_district_of_columbia_dc__zip,median_sale_price,level,166,2012-03-31,2026-05-31,385525.5853413654,67000.801123774,8750.789898989897,19466.666666666682,49208.333333333314,0.0,0.0,166.0,1.0,0.0,structural_ma6,ma6_level
price_family_ma6_structural_linked,raw_source,20027_district_of_columbia_dc__zip,median_ppsf,level,71,2012-05-31,2026-01-31,869.235776177338,124.49638050646271,44.292023899007155,77.35512984041674,127.97833333333335,0.0,0.0,71.0,1.0,0.0,raw_source,raw_level
price_family_ma6_structural_linked,structural_ma6,20027_district_of_columbia_dc__zip,median_ppsf,level,71,2012-05-31,2026-01-31,869.235776177338,124.49638050646271,44.292023899007155,77.35512984041674,127.97833333333335,0.0,0.0,71.0,1.0,0.0,structural_ma6,ma6_level
price_family_ma6_structural_linked,raw_source,20027_district_of_columbia_dc__zip,median_sale_price,level,71,2012-05-31,2026-01-31,3068518.6408450706,1183322.1969831355,374138.9357142857,759658.3333333336,1110620.916666667,0.0,0.0,71.0,0.9999999999999998,0.0,raw_source,raw_level
price_family_ma6_structural_linked,structural_ma6,20027_district_of_columbia_dc__zip,median_sale_price,level,71,2012-05-31,2026-01-31,3068518.6408450706,1183322.1969831355,374138.9357142857,759658.3333333336,1110620.916666667,0.0,0.0,71.0,0.9999999999999998,0.0,structural_ma6,ma6_level
price_family_ma6_structural_linked,raw_source,20030_district_of_columbia_dc__zip,median_ppsf,level,1,2020-10-31,2022-07-31,201.135,,,,,0.0,0.0,1.0,,0.0,raw_source,raw_level
price_family_ma6_structural_linked,structural_ma6,20030_district_of_columbia_dc__zip,median_ppsf,level,1,2020-10-31,2022-07-31,201.135,,,,,0.0,0.0,1.0,,0.0,structural_ma6,ma6_level
price_family_ma6_structural_linked,raw_source,20030_district_of_columbia_dc__zip,median_sale_price,level,1,2020-10-31,2022-07-31,400000.0,,,,,0.0,0.0,1.0,,0.0,raw_source,raw_level
price_family_ma6_structural_linked,structural_ma6,20030_district_of_columbia_dc__zip,median_sale_price,level,1,2020-10-31,2022-07-31,400000.0,,,,,0.0,0.0,1.0,,0.0,structural_ma6,ma6_level
price_family_ma6_structural_linked,raw_source,20032_district_of_columbia_dc__zip,median_ppsf,level,166,2012-03-31,2026-05-31,198.59815152076308,54.69581651806877,3.2549331735757603,6.5644595439333155,14.90298611416668,0.0,0.0,166.0,1.0,0.0,raw_source,raw_level
price_family_ma6_structural_linked,structural_ma6,20032_district_of_columbia_dc__zip,median_ppsf,level,166,2012-03-31,2026-05-31,198.59815152076308,54.69581651806877,3.2549331735757603,6.5644595439333155,14.90298611416668,0.0,0.0,166.0,1.0,0.0,structural_ma6,ma6_level
price_family_ma6_structural_linked,raw_source,20032_district_of_columbia_dc__zip,median_sale_price,level,166,2012-03-31,2026-05-31,308955.7008032129,98536.6728073493,5421.866666666667,11514.99999999999,25291.666666666657,0.0,0.0,166.0,0.9999999999999999,0.0,raw_source,raw_level
price_family_ma6_structural_linked,structural_ma6,20032_district_of_columbia_dc__zip,median_sale_price,level,166,2012-03-31,2026-05-31,308955.7008032129,98536.6728073493,5421.866666666667,11514.99999999999,25291.666666666657,0.0,0.0,166.0,0.9999999999999999,0.0,structural_ma6,ma6_level
price_family_ma6_structural_linked,raw_source,20036_district_of_columbia_dc__zip,median_ppsf,level,166,2012-03-31,2026-05-31,590.4730206880744,37.94724722776048,5.3118520943898915,10.463000000000054,17.383333333333326,0.0,0.0,166.0,1.0,0.0,raw_source,raw_level
price_family_ma6_structural_linked,structural_ma6,20036_district_of_columbia_dc__zip,median_ppsf,level,166,2012-03-31,2026-05-31,590.4730206880744,37.94724722776048,5.3118520943898915,10.463000000000054,17.383333333333326,0.0,0.0,166.0,1.0,0.0,structural_ma6,ma6_level
price_family_ma6_structural_linked,raw_source,20036_district_of_columbia_dc__zip,median_sale_price,level,166,2012-03-31,2026-05-31,384922.8835341365,40067.34495891222,7337.780808080811,15700.000000000005,35833.333333333314,0.0,0.0,166.0,1.0,0.0,raw_source,raw_level
price_family_ma6_structural_linked,structural_ma6,20036_district_of_columbia_dc__zip,median_sale_price,level,166,2012-03-31,2026-05-31,384922.8835341365,40067.34495891222,7337.780808080811,15700.000000000005,35833.333333333314,0.0,0.0,166.0,1.0,0.0,structural_ma6,ma6_level
price_family_ma6_structural_linked,raw_source,20037_district_of_columbia_dc__zip,median_ppsf,level,166,2012-03-31,2026-05-31,623.9180296624307,43.03506119655653,8.52760098707172,17.728022706166666,32.339132519833356,0.0,0.0,166.0,0.9999999999999999,0.0,raw_source,raw_level
price_family_ma6_structural_linked,structural_ma6,20037_district_of_columbia_dc__zip,median_ppsf,level,166,2012-03-31,2026-05-31,623.9180296624307,43.03506119655653,8.52760098707172,17.728022706166666,32.339132519833356,0.0,0.0,166.0,0.9999999999999999,0.0,structural_ma6,ma6_level
price_family_ma6_structural_linked,raw_source,20037_district_of_columbia_dc__zip,median_sale_price,level,166,2012-03-31,2026-05-31,581490.2550200803,67171.6707927064,18794.24848484849,36166.66666666661,56666.666666666686,0.0,0.0,166.0,1.0,0.0,raw_source,raw_level
price_family_ma6_structural_linked,structural_ma6,20037_district_of_columbia_dc__zip,median_sale_price,level,166,2012-03-31,2026-05-31,581490.2550200803,67171.6707927064,18794.24848484849,36166.66666666661,56666.666666666686,0.0,0.0,166.0,1.0,0.0,structural_ma6,ma6_level
price_family_ma6_structural_linked,raw_source,20040_district_of_columbia_dc__zip,median_ppsf,level,0,2018-08-31,2018-10-31,,,,,,0.0,0.0,,,,raw_source,raw_level
price_family_ma6_structural_linked,structural_ma6,20040_district_of_columbia_dc__zip,median_ppsf,level,0,2018-08-31,2018-10-31,,,,,,0.0,0.0,,,,structural_ma6,ma6_level
price_family_ma6_structural_linked,raw_source,20040_district_of_columbia_dc__zip,median_sale_price,level,0,2018-08-31,2018-10-31,,,,,,0.0,0.0,,,,raw_source,raw_level
price_family_ma6_structural_linked,structural_ma6,20040_district_of_columbia_dc__zip,median_sale_price,level,0,2018-08-31,2018-10-31,,,,,,0.0,0.0,,,,structural_ma6,ma6_level
price_family_ma6_structural_linked,raw_source,20059_district_of_columbia_dc__zip,median_ppsf,level,0,2012-03-31,2012-05-31,,,,,,0.0,0.0,,,,raw_source,raw_level
price_family_ma6_structural_linked,structural_ma6,20059_district_of_columbia_dc__zip,median_ppsf,level,0,2012-03-31,2012-05-31,,,,,,0.0,0.0,,,,structural_ma6,ma6_level
price_family_ma6_structural_linked,raw_source,20059_district_of_columbia_dc__zip,median_sale_price,level,0,2012-03-31,2012-05-31,,,,,,0.0,0.0,,,,raw_source,raw_level
price_family_ma6_structural_linked,structural_ma6,20059_district_of_columbia_dc__zip,median_sale_price,level,0,2012-03-31,2012-05-31,,,,,,0.0,0.0,,,,structural_ma6,ma6_level
price_family_ma6_structural_linked,raw_source,20060_district_of_columbia_dc__zip,median_ppsf,level,35,2012-03-31,2023-03-31,501.7244562642762,102.69262016231511,23.24994018211765,39.5383333333333,49.67081529583339,0.0,0.0,35.0,1.0,0.0,raw_source,raw_level
price_family_ma6_structural_linked,structural_ma6,20060_district_of_columbia_dc__zip,median_ppsf,level,35,2012-03-31,2023-03-31,501.7244562642762,102.69262016231511,23.24994018211765,39.5383333333333,49.67081529583339,0.0,0.0,35.0,1.0,0.0,structural_ma6,ma6_level
price_family_ma6_structural_linked,raw_source,20060_district_of_columbia_dc__zip,median_sale_price,level,35,2012-03-31,2023-03-31,854172.380952381,79936.30950636683,25178.431372549017,36750.0,99583.33333333337,0.0,0.0,35.0,0.9999999999999998,0.0,raw_source,raw_level
price_family_ma6_structural_linked,structural_ma6,20060_district_of_columbia_dc__zip,median_sale_price,level,35,2012-03-31,2023-03-31,854172.380952381,79936.30950636683,25178.431372549017,36750.0,99583.33333333337,0.0,0.0,35.0,0.9999999999999998,0.0,structural_ma6,ma6_level
price_family_ma6_structural_linked,raw_source,20216_district_of_columbia_dc__zip,median_ppsf,level,0,2014-11-30,2015-01-31,,,,,,0.0,0.0,,,,raw_source,raw_level
price_family_ma6_structural_linked,structural_ma6,20216_district_of_columbia_dc__zip,median_ppsf,level,0,2014-11-30,2015-01-31,,,,,,0.0,0.0,,,,structural_ma6,ma6_level
price_family_ma6_structural_linked,raw_source,20216_district_of_columbia_dc__zip,median_sale_price,level,0,2014-11-30,2015-01-31,,,,,,0.0,0.0,,,,raw_source,raw_level
price_family_ma6_structural_linked,structural_ma6,20216_district_of_columbia_dc__zip,median_sale_price,level,0,2014-11-30,2015-01-31,,,,,,0.0,0.0,,,,structural_ma6,ma6_level
price_family_ma6_structural_linked,raw_source,20226_district_of_columbia_dc__zip,median_ppsf,level,1,2012-07-31,2019-11-30,579.039089347,,,,,0.0,0.0,1.0,,0.0,raw_source,raw_level
price_family_ma6_structural_linked,structural_ma6,20226_district_of_columbia_dc__zip,median_ppsf,level,1,2012-07-31,2019-11-30,579.039089347,,,,,0.0,0.0,1.0,,0.0,structural_ma6,ma6_level
price_family_ma6_structural_linked,raw_source,20226_district_of_columbia_dc__zip,median_sale_price,level,1,2012-07-31,2019-11-30,842500.0,,,,,0.0,0.0,1.0,,0.0,raw_source,raw_level
price_family_ma6_structural_linked,structural_ma6,20226_district_of_columbia_dc__zip,median_sale_price,level,1,2012-07-31,2019-11-30,842500.0,,,,,0.0,0.0,1.0,,0.0,structural_ma6,ma6_level
price_family_ma6_structural_linked,raw_source,20227_district_of_columbia_dc__zip,median_ppsf,level,3,2012-03-31,2020-06-30,349.47913043499995,70.12000000000003,70.12,70.12000000000005,70.12000000000006,0.0,0.0,3.0,1.0,0.0,raw_source,raw_level
price_family_ma6_structural_linked,structural_ma6,20227_district_of_columbia_dc__zip,median_ppsf,level,3,2012-03-31,2020-06-30,349.47913043499995,70.12000000000003,70.12,70.12000000000005,70.12000000000006,0.0,0.0,3.0,1.0,0.0,structural_ma6,ma6_level
price_family_ma6_structural_linked,raw_source,20227_district_of_columbia_dc__zip,median_sale_price,level,3,2012-03-31,2020-06-30,1271666.6666666667,283333.3333333333,283333.3333333333,283333.3333333334,283333.3333333334,0.0,0.0,3.0,1.0,0.0,raw_source,raw_level
price_family_ma6_structural_linked,structural_ma6,20227_district_of_columbia_dc__zip,median_sale_price,level,3,2012-03-31,2020-06-30,1271666.6666666667,283333.3333333333,283333.3333333333,283333.3333333334,283333.3333333334,0.0,0.0,3.0,1.0,0.0,structural_ma6,ma6_level
price_family_ma6_structural_linked,raw_source,20306_district_of_columbia_dc__zip,median_ppsf,level,30,2023-06-30,2026-05-31,611.0747777777777,41.01877212700482,13.388563218390804,29.648333333333333,34.54833333333329,0.0,0.0,30.0,1.0,0.0,raw_source,raw_level
price_family_ma6_structural_linked,structural_ma6,20306_district_of_columbia_dc__zip,median_ppsf,level,30,2023-06-30,2026-05-31,611.0747777777777,41.01877212700482,13.388563218390804,29.648333333333333,34.54833333333329,0.0,0.0,30.0,1.0,0.0,structural_ma6,ma6_level
price_family_ma6_structural_linked,raw_source,20306_district_of_columbia_dc__zip,median_sale_price,level,30,2023-06-30,2026-05-31,598958.2444444444,73220.98916734925,30512.35632183908,60583.33333333331,97722.33333333326,0.0,0.0,30.0,1.0,0.0,raw_source,raw_level
price_family_ma6_structural_linked,structural_ma6,20306_district_of_columbia_dc__zip,median_sale_price,level,30,2023-06-30,2026-05-31,598958.2444444444,73220.98916734925,30512.35632183908,60583.33333333331,97722.33333333326,0.0,0.0,30.0,1.0,0.0,structural_ma6,ma6_level
price_family_ma6_structural_linked,raw_source,20391_district_of_columbia_dc__zip,median_ppsf,level,166,2012-03-31,2026-05-31,582.3468726694849,78.20454406853081,6.9922752791777745,14.379333333333395,32.61500000000001,0.0,0.0,166.0,1.0,0.0,raw_source,raw_level
price_family_ma6_structural_linked,structural_ma6,20391_district_of_columbia_dc__zip,median_ppsf,level,166,2012-03-31,2026-05-31,582.3468726694849,78.20454406853081,6.9922752791777745,14.379333333333395,32.61500000000001,0.0,0.0,166.0,1.0,0.0,structural_ma6,ma6_level
price_family_ma6_structural_linked,raw_source,20391_district_of_columbia_dc__zip,median_sale_price,level,166,2012-03-31,2026-05-31,574549.1526104418,88229.10538493545,17205.252525252527,35033.33333333329,58333.333333333256,0.0,0.0,166.0,1.0,0.0,raw_source,raw_level
price_family_ma6_structural_linked,structural_ma6,20391_district_of_columbia_dc__zip,median_sale_price,level,166,2012-03-31,2026-05-31,574549.1526104418,88229.10538493545,17205.252525252527,35033.33333333329,58333.333333333256,0.0,0.0,166.0,1.0,0.0,structural_ma6,ma6_level
price_family_ma6_structural_linked,raw_source,20398_district_of_columbia_dc__zip,median_ppsf,level,166,2012-03-31,2026-05-31,582.3468726694849,78.20454406853081,6.9922752791777745,14.379333333333395,32.61500000000001,0.0,0.0,166.0,1.0,0.0,raw_source,raw_level
price_family_ma6_structural_linked,structural_ma6,20398_district_of_columbia_dc__zip,median_ppsf,level,166,2012-03-31,2026-05-31,582.3468726694849,78.20454406853081,6.9922752791777745,14.379333333333395,32.61500000000001,0.0,0.0,166.0,1.0,0.0,structural_ma6,ma6_level
price_family_ma6_structural_linked,raw_source,20398_district_of_columbia_dc__zip,median_sale_price,level,166,2012-03-31,2026-05-31,574549.1526104418,88229.10538493545,17205.252525252527,35033.33333333329,58333.333333333256,0.0,0.0,166.0,1.0,0.0,raw_source,raw_level
price_family_ma6_structural_linked,structural_ma6,20398_district_of_columbia_dc__zip,median_sale_price,level,166,2012-03-31,2026-05-31,574549.1526104418,88229.10538493545,17205.252525252527,35033.33333333329,58333.333333333256,0.0,0.0,166.0,1.0,0.0,structural_ma6,ma6_level
price_family_ma6_structural_linked,raw_source,20422_district_of_columbia_dc__zip,median_ppsf,level,4,2025-03-31,2026-01-31,622.4454166666667,17.39982063418622,13.092777777777806,19.374000000000024,21.101666666666688,0.0,0.0,4.0,0.9999999999999998,0.0,raw_source,raw_level
price_family_ma6_structural_linked,structural_ma6,20422_district_of_columbia_dc__zip,median_ppsf,level,4,2025-03-31,2026-01-31,622.4454166666667,17.39982063418622,13.092777777777806,19.374000000000024,21.101666666666688,0.0,0.0,4.0,0.9999999999999998,0.0,structural_ma6,ma6_level
price_family_ma6_structural_linked,raw_source,20422_district_of_columbia_dc__zip,median_sale_price,level,9,2025-03-31,2026-04-30,1023305.8333333334,103832.89123086732,42618.16666666664,86844.26666666663,144615.5,0.0,0.0,9.0,1.0,0.0,raw_source,raw_level
price_family_ma6_structural_linked,structural_ma6,20422_district_of_columbia_dc__zip,median_sale_price,level,9,2025-03-31,2026-04-30,1023305.8333333334,103832.89123086732,42618.16666666664,86844.26666666663,144615.5,0.0,0.0,9.0,1.0,0.0,structural_ma6,ma6_level
price_family_ma6_structural_linked,raw_source,20515_district_of_columbia_dc__zip,median_ppsf,level,1,2013-06-30,2025-08-31,491.606177553,,,,,0.0,0.0,1.0,,0.0,raw_source,raw_level
price_family_ma6_structural_linked,structural_ma6,20515_district_of_columbia_dc__zip,median_ppsf,level,1,2013-06-30,2025-08-31,491.606177553,,,,,0.0,0.0,1.0,,0.0,structural_ma6,ma6_level
price_family_ma6_structural_linked,raw_source,20515_district_of_columbia_dc__zip,median_sale_price,level,1,2013-06-30,2025-08-31,692000.0,,,,,0.0,0.0,1.0,,0.0,raw_source,raw_level
price_family_ma6_structural_linked,structural_ma6,20515_district_of_columbia_dc__zip,median_sale_price,level,1,2013-06-30,2025-08-31,692000.0,,,,,0.0,0.0,1.0,,0.0,structural_ma6,ma6_level
price_family_ma6_structural_linked,raw_source,20529_district_of_columbia_dc__zip,median_ppsf,level,0,2013-01-31,2013-03-31,,,,,,0.0,0.0,,,,raw_source,raw_level
price_family_ma6_structural_linked,structural_ma6,20529_district_of_columbia_dc__zip,median_ppsf,level,0,2013-01-31,2013-03-31,,,,,,0.0,0.0,,,,structural_ma6,ma6_level
price_family_ma6_structural_linked,raw_source,20529_district_of_columbia_dc__zip,median_sale_price,level,0,2013-01-31,2013-03-31,,,,,,0.0,0.0,,,,raw_source,raw_level
price_family_ma6_structural_linked,structural_ma6,20529_district_of_columbia_dc__zip,median_sale_price,level,0,2013-01-31,2013-03-31,,,,,,0.0,0.0,,,,structural_ma6,ma6_level
price_family_ma6_structural_linked,raw_source,20560_district_of_columbia_dc__zip,median_sale_price,level,0,2016-04-30,2016-06-30,,,,,,0.0,0.0,,,,raw_source,raw_level
price_family_ma6_structural_linked,structural_ma6,20560_district_of_columbia_dc__zip,median_sale_price,level,0,2016-04-30,2016-06-30,,,,,,0.0,0.0,,,,structural_ma6,ma6_level
price_family_ma6_structural_linked,raw_source,20593_district_of_columbia_dc__zip,median_ppsf,level,48,2020-06-30,2026-05-31,900.8678472222223,89.94356630540635,24.572446808510634,54.39133333333334,108.68166666666662,0.0,0.0,48.0,0.9999999999999999,0.0,raw_source,raw_level
price_family_ma6_structural_linked,structural_ma6,20593_district_of_columbia_dc__zip,median_ppsf,level,48,2020-06-30,2026-05-31,900.8678472222223,89.94356630540635,24.572446808510634,54.39133333333334,108.68166666666662,0.0,0.0,48.0,0.9999999999999999,0.0,structural_ma6,ma6_level
price_family_ma6_structural_linked,raw_source,20593_district_of_columbia_dc__zip,median_sale_price,level,48,2020-06-30,2026-05-31,869185.34375,199156.23967081928,66031.75886524824,138400.0,231541.66666666663,0.0,0.0,48.0,1.0,0.0,raw_source,raw_level
price_family_ma6_structural_linked,structural_ma6,20593_district_of_columbia_dc__zip,median_sale_price,level,48,2020-06-30,2026-05-31,869185.34375,199156.23967081928,66031.75886524824,138400.0,231541.66666666663,0.0,0.0,48.0,1.0,0.0,structural_ma6,ma6_level
price_family_ma6_structural_linked,raw_source,20601_prince_george_s_county_md__zip,median_ppsf,level,166,2012-03-31,2026-05-31,161.40253662381326,36.06732621611939,1.2935757925535358,2.607666666666665,4.426666666666648,0.0,0.0,166.0,1.0,0.0,raw_source,raw_level
price_family_ma6_structural_linked,structural_ma6,20601_prince_george_s_county_md__zip,median_ppsf,level,166,2012-03-31,2026-05-31,161.40253662381326,36.06732621611939,1.2935757925535358,2.607666666666665,4.426666666666648,0.0,0.0,166.0,1.0,0.0,structural_ma6,ma6_level
price_family_ma6_structural_linked,raw_source,20601_prince_george_s_county_md__zip,median_sale_price,level,166,2012-03-31,2026-05-31,323440.6485943775,82011.45414063695,2735.867676767677,5591.466666666686,8933.333333333343,0.0,0.0,166.0,1.0,0.0,raw_source,raw_level
price_family_ma6_structural_linked,structural_ma6,20601_prince_george_s_county_md__zip,median_sale_price,level,166,2012-03-31,2026-05-31,323440.6485943775,82011.45414063695,2735.867676767677,5591.466666666686,8933.333333333343,0.0,0.0,166.0,1.0,0.0,structural_ma6,ma6_level
price_family_ma6_structural_linked,raw_source,20607_prince_george_s_county_md__zip,median_ppsf,level,166,2012-03-31,2026-05-31,156.31435948638352,35.68069986124281,1.902379208194949,3.567333333333363,7.899999999999977,0.0,0.0,166.0,0.9999999999999998,0.0,raw_source,raw_level
price_family_ma6_structural_linked,structural_ma6,20607_prince_george_s_county_md__zip,median_ppsf,level,166,2012-03-31,2026-05-31,156.31435948638352,35.68069986124281,1.902379208194949,3.567333333333363,7.899999999999977,0.0,0.0,166.0,0.9999999999999998,0.0,structural_ma6,ma6_level
price_family_ma6_structural_linked,raw_source,20607_prince_george_s_county_md__zip,median_sale_price,level,166,2012-03-31,2026-05-31,408158.9427710843,88151.3605173086,5242.632323232323,10079.999999999989,18333.333333333314,0.0,0.0,166.0,0.9999999999999999,0.0,raw_source,raw_level
price_family_ma6_structural_linked,structural_ma6,20607_prince_george_s_county_md__zip,median_sale_price,level,166,2012-03-31,2026-05-31,408158.9427710843,88151.3605173086,5242.632323232323,10079.999999999989,18333.333333333314,0.0,0.0,166.0,0.9999999999999999,0.0,structural_ma6,ma6_level
price_family_ma6_structural_linked,raw_source,20608_prince_george_s_county_md__zip,median_ppsf,level,154,2012-03-31,2026-05-31,156.27193771941558,48.212278706415574,8.02370912746841,15.271264487100018,54.55000000000001,0.0,0.0,154.0,1.0,0.0,raw_source,raw_level
price_family_ma6_structural_linked,structural_ma6,20608_prince_george_s_county_md__zip,median_ppsf,level,154,2012-03-31,2026-05-31,156.27193771941558,48.212278706415574,8.02370912746841,15.271264487100018,54.55000000000001,0.0,0.0,154.0,1.0,0.0,structural_ma6,ma6_level
price_family_ma6_structural_linked,raw_source,20608_prince_george_s_county_md__zip,median_sale_price,level,154,2012-03-31,2026-05-31,359075.4826839827,188243.25792818918,27518.596949891067,55842.500000000015,122833.33333333337,0.0,0.0,154.0,0.9999999999999999,0.0,raw_source,raw_level
price_family_ma6_structural_linked,structural_ma6,20608_prince_george_s_county_md__zip,median_sale_price,level,154,2012-03-31,2026-05-31,359075.4826839827,188243.25792818918,27518.596949891067,55842.500000000015,122833.33333333337,0.0,0.0,154.0,0.9999999999999999,0.0,structural_ma6,ma6_level
price_family_ma6_structural_linked,raw_source,20613_prince_george_s_county_md__zip,median_ppsf,level,166,2012-03-31,2026-05-31,167.66714505897994,41.52826744250734,1.3081902923222235,2.9046486923000003,5.0566666666667,0.0,0.0,166.0,1.0,0.0,raw_source,raw_level
price_family_ma6_structural_linked,structural_ma6,20613_prince_george_s_county_md__zip,median_ppsf,level,166,2012-03-31,2026-05-31,167.66714505897994,41.52826744250734,1.3081902923222235,2.9046486923000003,5.0566666666667,0.0,0.0,166.0,1.0,0.0,structural_ma6,ma6_level
price_family_ma6_structural_linked,raw_source,20613_prince_george_s_county_md__zip,median_sale_price,level,166,2012-03-31,2026-05-31,396453.3313253012,94214.60618753101,5512.809090909092,13048.833333333338,21039.5,0.0,0.0,166.0,1.0,0.0,raw_source,raw_level
price_family_ma6_structural_linked,structural_ma6,20613_prince_george_s_county_md__zip,median_sale_price,level,166,2012-03-31,2026-05-31,396453.3313253012,94214.60618753101,5512.809090909092,13048.833333333338,21039.5,0.0,0.0,166.0,1.0,0.0,structural_ma6,ma6_level
price_family_ma6_structural_linked,raw_source,20616_prince_george_s_county_md__zip,median_ppsf,level,166,2012-03-31,2026-05-31,149.81986953718172,29.621396031221387,1.3856364018020195,2.8276717481666624,4.8015170939999905,0.0,0.0,166.0,1.0,0.0,raw_source,raw_level
price_family_ma6_structural_linked,structural_ma6,20616_prince_george_s_county_md__zip,median_ppsf,level,166,2012-03-31,2026-05-31,149.81986953718172,29.621396031221387,1.3856364018020195,2.8276717481666624,4.8015170939999905,0.0,0.0,166.0,1.0,0.0,structural_ma6,ma6_level
price_family_ma6_structural_linked,raw_source,20616_prince_george_s_county_md__zip,median_sale_price,level,166,2012-03-31,2026-05-31,306774.8483935743,84838.08792435024,4248.684848484851,9049.999999999987,12845.0,0.0,0.0,166.0,0.9999999999999998,0.0,raw_source,raw_level
price_family_ma6_structural_linked,structural_ma6,20616_prince_george_s_county_md__zip,median_sale_price,level,166,2012-03-31,2026-05-31,306774.8483935743,84838.08792435024,4248.684848484851,9049.999999999987,12845.0,0.0,0.0,166.0,0.9999999999999998,0.0,structural_ma6,ma6_level
price_family_ma6_structural_linked,raw_source,20623_prince_george_s_county_md__zip,median_ppsf,level,165,2012-03-31,2026-05-31,168.20963971718385,40.53306127385911,4.077903878111787,9.536666666666674,22.315000000000026,0.0,0.0,165.0,0.9999999999999998,0.0,raw_source,raw_level
price_family_ma6_structural_linked,structural_ma6,20623_prince_george_s_county_md__zip,median_ppsf,level,165,2012-03-31,2026-05-31,168.20963971718385,40.53306127385911,4.077903878111787,9.536666666666674,22.315000000000026,0.0,0.0,165.0,0.9999999999999998,0.0,structural_ma6,ma6_level
price_family_ma6_structural_linked,raw_source,20623_prince_george_s_county_md__zip,median_sale_price,level,165,2012-03-31,2026-05-31,374495.45050505054,91837.34819306662,8804.084349593493,19166.666666666686,36353.33333333337,0.0,0.0,165.0,0.9999999999999999,0.0,raw_source,raw_level
price_family_ma6_structural_linked,structural_ma6,20623_prince_george_s_county_md__zip,median_sale_price,level,165,2012-03-31,2026-05-31,374495.45050505054,91837.34819306662,8804.084349593493,19166.666666666686,36353.33333333337,0.0,0.0,165.0,0.9999999999999999,0.0,structural_ma6,ma6_level
price_family_ma6_structural_linked,raw_source,20703_prince_george_s_county_md__zip,median_ppsf,level,0,2022-04-30,2022-06-30,,,,,,0.0,0.0,,,,raw_source,raw_level
price_family_ma6_structural_linked,structural_ma6,20703_prince_george_s_county_md__zip,median_ppsf,level,0,2022-04-30,2022-06-30,,,,,,0.0,0.0,,,,structural_ma6,ma6_level
price_family_ma6_structural_linked,raw_source,20703_prince_george_s_county_md__zip,median_sale_price,level,0,2022-04-30,2022-06-30,,,,,,0.0,0.0,,,,raw_source,raw_level
price_family_ma6_structural_linked,structural_ma6,20703_prince_george_s_county_md__zip,median_sale_price,level,0,2022-04-30,2022-06-30,,,,,,0.0,0.0,,,,structural_ma6,ma6_level
price_family_ma6_structural_linked,raw_source,20704_prince_george_s_county_md__zip,median_ppsf,level,0,2012-04-30,2012-06-30,,,,,,0.0,0.0,,,,raw_source,raw_level
price_family_ma6_structural_linked,structural_ma6,20704_prince_george_s_county_md__zip,median_ppsf,level,0,2012-04-30,2012-06-30,,,,,,0.0,0.0,,,,structural_ma6,ma6_level
price_family_ma6_structural_linked,raw_source,20704_prince_george_s_county_md__zip,median_sale_price,level,0,2012-04-30,2012-06-30,,,,,,0.0,0.0,,,,raw_source,raw_level
price_family_ma6_structural_linked,structural_ma6,20704_prince_george_s_county_md__zip,median_sale_price,level,0,2012-04-30,2012-06-30,,,,,,0.0,0.0,,,,structural_ma6,ma6_level
price_family_ma6_structural_linked,raw_source,20705_prince_george_s_county_md__zip,median_ppsf,level,166,2012-03-31,2026-05-31,184.54649889373596,33.071403356080474,2.5439545529727288,5.68812670849998,11.409999999999968,0.0,0.0,166.0,0.9999999999999998,0.0,raw_source,raw_level
price_family_ma6_structural_linked,structural_ma6,20705_prince_george_s_county_md__zip,median_ppsf,level,166,2012-03-31,2026-05-31,184.54649889373596,33.071403356080474,2.5439545529727288,5.68812670849998,11.409999999999968,0.0,0.0,166.0,0.9999999999999998,0.0,structural_ma6,ma6_level
price_family_ma6_structural_linked,raw_source,20705_prince_george_s_county_md__zip,median_sale_price,level,166,2012-03-31,2026-05-31,337720.9969879518,84553.36554888435,4641.898484848484,9666.666666666675,15500.0,0.0,0.0,166.0,0.9999999999999998,0.0,raw_source,raw_level
price_family_ma6_structural_linked,structural_ma6,20705_prince_george_s_county_md__zip,median_sale_price,level,166,2012-03-31,2026-05-31,337720.9969879518,84553.36554888435,4641.898484848484,9666.666666666675,15500.0,0.0,0.0,166.0,0.9999999999999998,0.0,structural_ma6,ma6_level
price_family_ma6_structural_linked,raw_source,20706_prince_george_s_county_md__zip,median_ppsf,level,166,2012-03-31,2026-05-31,187.43196868366263,40.97448500758791,1.608448885918181,3.144008876433338,5.108930472999987,0.0,0.0,166.0,1.0,0.0,raw_source,raw_level
price_family_ma6_structural_linked,structural_ma6,20706_prince_george_s_county_md__zip,median_ppsf,level,166,2012-03-31,2026-05-31,187.43196868366263,40.97448500758791,1.608448885918181,3.144008876433338,5.108930472999987,0.0,0.0,166.0,1.0,0.0,structural_ma6,ma6_level
price_family_ma6_structural_linked,raw_source,20706_prince_george_s_county_md__zip,median_sale_price,level,166,2012-03-31,2026-05-31,330849.6315261044,90520.28130378538,2689.9464646464644,5466.666666666674,8583.333333333372,0.0,0.0,166.0,0.9999999999999999,0.0,raw_source,raw_level
price_family_ma6_structural_linked,structural_ma6,20706_prince_george_s_county_md__zip,median_sale_price,level,166,2012-03-31,2026-05-31,330849.6315261044,90520.28130378538,2689.9464646464644,5466.666666666674,8583.333333333372,0.0,0.0,166.0,0.9999999999999999,0.0,structural_ma6,ma6_level
price_family_ma6_structural_linked,raw_source,20707_prince_george_s_county_md__zip,median_ppsf,level,166,2012-03-31,2026-05-31,186.05018407446184,46.594699723619925,1.53446673509596,3.2473333333333527,5.063333333333304,0.0,0.0,166.0,1.0,0.0,raw_source,raw_level
price_family_ma6_structural_linked,structural_ma6,20707_prince_george_s_county_md__zip,median_ppsf,level,166,2012-03-31,2026-05-31,186.05018407446184,46.594699723619925,1.53446673509596,3.2473333333333527,5.063333333333304,0.0,0.0,166.0,1.0,0.0,structural_ma6,ma6_level
price_family_ma6_structural_linked,raw_source,20707_prince_george_s_county_md__zip,median_sale_price,level,166,2012-03-31,2026-05-31,305778.2359437751,80130.821696219,3404.31212121212,7399.999999999994,11666.666666666686,0.0,0.0,166.0,1.0,0.0,raw_source,raw_level
price_family_ma6_structural_linked,structural_ma6,20707_prince_george_s_county_md__zip,median_sale_price,level,166,2012-03-31,2026-05-31,305778.2359437751,80130.821696219,3404.31212121212,7399.999999999994,11666.666666666686,0.0,0.0,166.0,1.0,0.0,structural_ma6,ma6_level
price_family_ma6_structural_linked,raw_source,20708_prince_george_s_county_md__zip,median_ppsf,level,166,2012-03-31,2026-05-31,179.72999345188052,41.56585973595868,1.8891883468262622,3.7669999999999666,7.740000000000009,0.0,0.0,166.0,0.9999999999999998,0.0,raw_source,raw_level
price_family_ma6_structural_linked,structural_ma6,20708_prince_george_s_county_md__zip,median_ppsf,level,166,2012-03-31,2026-05-31,179.72999345188052,41.56585973595868,1.8891883468262622,3.7669999999999666,7.740000000000009,0.0,0.0,166.0,0.9999999999999998,0.0,structural_ma6,ma6_level
price_family_ma6_structural_linked,raw_source,20708_prince_george_s_county_md__zip,median_sale_price,level,166,2012-03-31,2026-05-31,366546.4548192771,97516.7885062201,5066.893939393939,11769.999999999987,16674.916666666686,0.0,0.0,166.0,1.0,0.0,raw_source,raw_level
price_family_ma6_structural_linked,structural_ma6,20708_prince_george_s_county_md__zip,median_sale_price,level,166,2012-03-31,2026-05-31,366546.4548192771,97516.7885062201,5066.893939393939,11769.999999999987,16674.916666666686,0.0,0.0,166.0,1.0,0.0,structural_ma6,ma6_level
price_family_ma6_structural_linked,raw_source,20710_prince_george_s_county_md__zip,median_ppsf,level,166,2012-03-31,2026-05-31,166.92173548598595,45.52375560982407,6.307512777779798,13.518561816799979,24.41166666666666,0.0,0.0,166.0,1.0,0.0,raw_source,raw_level
price_family_ma6_structural_linked,structural_ma6,20710_prince_george_s_county_md__zip,median_ppsf,level,166,2012-03-31,2026-05-31,166.92173548598595,45.52375560982407,6.307512777779798,13.518561816799979,24.41166666666666,0.0,0.0,166.0,1.0,0.0,structural_ma6,ma6_level
price_family_ma6_structural_linked,raw_source,20710_prince_george_s_county_md__zip,median_sale_price,level,166,2012-03-31,2026-05-31,219272.4668674699,69068.70493773145,8631.520202020203,20155.083333333325,40000.00000000003,0.0,0.0,166.0,1.0,0.0,raw_source,raw_level
price_family_ma6_structural_linked,structural_ma6,20710_prince_george_s_county_md__zip,median_sale_price,level,166,2012-03-31,2026-05-31,219272.4668674699,69068.70493773145,8631.520202020203,20155.083333333325,40000.00000000003,0.0,0.0,166.0,1.0,0.0,structural_ma6,ma6_level
price_family_ma6_structural_linked,raw_source,20712_prince_george_s_county_md__zip,median_ppsf,level,166,2012-03-31,2026-05-31,244.47925140990966,50.62926344130508,5.075784155728283,10.099324710533335,16.759116485833346,0.0,0.0,166.0,0.9999999999999999,0.0,raw_source,raw_level
price_family_ma6_structural_linked,structural_ma6,20712_prince_george_s_county_md__zip,median_ppsf,level,166,2012-03-31,2026-05-31,244.47925140990966,50.62926344130508,5.075784155728283,10.099324710533335,16.759116485833346,0.0,0.0,166.0,0.9999999999999999,0.0,structural_ma6,ma6_level
price_family_ma6_structural_linked,raw_source,20712_prince_george_s_county_md__zip,median_sale_price,level,166,2012-03-31,2026-05-31,393345.6506024096,115069.89511753545,9118.902020202022,19316.666666666628,38666.666666666686,0.0,0.0,166.0,0.9999999999999999,0.0,raw_source,raw_level
price_family_ma6_structural_linked,structural_ma6,20712_prince_george_s_county_md__zip,median_sale_price,level,166,2012-03-31,2026-05-31,393345.6506024096,115069.89511753545,9118.902020202022,19316.666666666628,38666.666666666686,0.0,0.0,166.0,0.9999999999999999,0.0,structural_ma6,ma6_level
price_family_ma6_structural_linked,raw_source,20715_prince_george_s_county_md__zip,median_ppsf,level,166,2012-03-31,2026-05-31,192.0421083898705,45.11854284403185,1.4698248574454547,3.01166666666669,5.375,0.0,0.0,166.0,1.0,0.0,raw_source,raw_level
price_family_ma6_structural_linked,structural_ma6,20715_prince_george_s_county_md__zip,median_ppsf,level,166,2012-03-31,2026-05-31,192.0421083898705,45.11854284403185,1.4698248574454547,3.01166666666669,5.375,0.0,0.0,166.0,1.0,0.0,structural_ma6,ma6_level
price_family_ma6_structural_linked,raw_source,20715_prince_george_s_county_md__zip,median_sale_price,level,166,2012-03-31,2026-05-31,369160.2690763052,86074.92005981867,2910.1555555555547,5699.999999999986,7812.5,0.0,0.0,166.0,1.0,0.0,raw_source,raw_level
price_family_ma6_structural_linked,structural_ma6,20715_prince_george_s_county_md__zip,median_sale_price,level,166,2012-03-31,2026-05-31,369160.2690763052,86074.92005981867,2910.1555555555547,5699.999999999986,7812.5,0.0,0.0,166.0,1.0,0.0,structural_ma6,ma6_level
price_family_ma6_structural_linked,raw_source,20716_prince_george_s_county_md__zip,median_ppsf,level,166,2012-03-31,2026-05-31,191.12161850054216,46.66718162595783,1.4406008990212116,3.207932467699996,6.416666666666686,0.0,0.0,166.0,1.0,0.0,raw_source,raw_level
price_family_ma6_structural_linked,structural_ma6,20716_prince_george_s_county_md__zip,median_ppsf,level,166,2012-03-31,2026-05-31,191.12161850054216,46.66718162595783,1.4406008990212116,3.207932467699996,6.416666666666686,0.0,0.0,166.0,1.0,0.0,structural_ma6,ma6_level
price_family_ma6_structural_linked,raw_source,20716_prince_george_s_county_md__zip,median_sale_price,level,166,2012-03-31,2026-05-31,338336.3232931727,99117.3423151706,3532.081313131313,7149.999999999976,12916.666666666686,0.0,0.0,166.0,0.9999999999999999,0.0,raw_source,raw_level
price_family_ma6_structural_linked,structural_ma6,20716_prince_george_s_county_md__zip,median_sale_price,level,166,2012-03-31,2026-05-31,338336.3232931727,99117.3423151706,3532.081313131313,7149.999999999976,12916.666666666686,0.0,0.0,166.0,0.9999999999999999,0.0,structural_ma6,ma6_level
price_family_ma6_structural_linked,raw_source,20717_prince_george_s_county_md__zip,median_ppsf,level,135,2012-03-31,2026-05-31,189.086972814421,46.3208744851783,4.575247165509951,9.979666666666654,16.335592159333316,0.0,0.0,135.0,1.0,0.0,raw_source,raw_level
price_family_ma6_structural_linked,structural_ma6,20717_prince_george_s_county_md__zip,median_ppsf,level,135,2012-03-31,2026-05-31,189.086972814421,46.3208744851783,4.575247165509951,9.979666666666654,16.335592159333316,0.0,0.0,135.0,1.0,0.0,structural_ma6,ma6_level
price_family_ma6_structural_linked,raw_source,20717_prince_george_s_county_md__zip,median_sale_price,level,135,2012-03-31,2026-05-31,275503.1172839506,78440.77905804566,9791.934079601991,26300.000000000004,34166.666666666686,0.0,0.0,135.0,1.0,0.0,raw_source,raw_level
price_family_ma6_structural_linked,structural_ma6,20717_prince_george_s_county_md__zip,median_sale_price,level,135,2012-03-31,2026-05-31,275503.1172839506,78440.77905804566,9791.934079601991,26300.000000000004,34166.666666666686,0.0,0.0,135.0,1.0,0.0,structural_ma6,ma6_level
price_family_ma6_structural_linked,raw_source,20720_prince_george_s_county_md__zip,median_ppsf,level,166,2012-03-31,2026-05-31,172.3404216287992,36.07534465192869,1.876780822816162,3.7839999999999976,9.531666666666638,0.0,0.0,166.0,1.0,0.0,raw_source,raw_level
price_family_ma6_structural_linked,structural_ma6,20720_prince_george_s_county_md__zip,median_ppsf,level,166,2012-03-31,2026-05-31,172.3404216287992,36.07534465192869,1.876780822816162,3.7839999999999976,9.531666666666638,0.0,0.0,166.0,1.0,0.0,structural_ma6,ma6_level
price_family_ma6_structural_linked,raw_source,20720_prince_george_s_county_md__zip,median_sale_price,level,166,2012-03-31,2026-05-31,430952.1174698795,97000.89902415656,6609.856565656563,16583.66666666665,24350.0,0.0,0.0,166.0,1.0,0.0,raw_source,raw_level
price_family_ma6_structural_linked,structural_ma6,20720_prince_george_s_county_md__zip,median_sale_price,level,166,2012-03-31,2026-05-31,430952.1174698795,97000.89902415656,6609.856565656563,16583.66666666665,24350.0,0.0,0.0,166.0,1.0,0.0,structural_ma6,ma6_level
price_family_ma6_structural_linked,raw_source,20721_prince_george_s_county_md__zip,median_ppsf,level,166,2012-03-31,2026-05-31,174.86411057469277,40.18514414946284,1.541170012502022,3.4786666666666513,6.4199999999999875,0.0,0.0,166.0,1.0,0.0,raw_source,raw_level
price_family_ma6_structural_linked,structural_ma6,20721_prince_george_s_county_md__zip,median_ppsf,level,166,2012-03-31,2026-05-31,174.86411057469277,40.18514414946284,1.541170012502022,3.4786666666666513,6.4199999999999875,0.0,0.0,166.0,1.0,0.0,structural_ma6,ma6_level
price_family_ma6_structural_linked,raw_source,20721_prince_george_s_county_md__zip,median_sale_price,level,166,2012-03-31,2026-05-31,426150.1546184739,102229.4109237669,4577.47777777778,9419.333333333301,14881.833333333372,0.0,0.0,166.0,0.9999999999999999,0.0,raw_source,raw_level
price_family_ma6_structural_linked,structural_ma6,20721_prince_george_s_county_md__zip,median_sale_price,level,166,2012-03-31,2026-05-31,426150.1546184739,102229.4109237669,4577.47777777778,9419.333333333301,14881.833333333372,0.0,0.0,166.0,0.9999999999999999,0.0,structural_ma6,ma6_level
price_family_ma6_structural_linked,raw_source,20722_prince_george_s_county_md__zip,median_ppsf,level,166,2012-03-31,2026-05-31,227.5247073322289,62.88441207019715,5.239630039781817,9.906178939066614,15.971666666666692,0.0,0.0,166.0,1.0,0.0,raw_source,raw_level
price_family_ma6_structural_linked,structural_ma6,20722_prince_george_s_county_md__zip,median_ppsf,level,166,2012-03-31,2026-05-31,227.5247073322289,62.88441207019715,5.239630039781817,9.906178939066614,15.971666666666692,0.0,0.0,166.0,1.0,0.0,structural_ma6,ma6_level
price_family_ma6_structural_linked,raw_source,20722_prince_george_s_county_md__zip,median_sale_price,level,166,2012-03-31,2026-05-31,301742.29016064253,93553.92267696724,6831.114141414142,15000.0,24916.666666666686,0.0,0.0,166.0,1.0,0.0,raw_source,raw_level
price_family_ma6_structural_linked,structural_ma6,20722_prince_george_s_county_md__zip,median_sale_price,level,166,2012-03-31,2026-05-31,301742.29016064253,93553.92267696724,6831.114141414142,15000.0,24916.666666666686,0.0,0.0,166.0,1.0,0.0,structural_ma6,ma6_level
price_family_ma6_structural_linked,raw_source,20731_prince_george_s_county_md__zip,median_ppsf,level,62,2012-05-31,2026-05-31,170.972151441457,62.57834390853596,8.666040155743168,20.33553763433335,28.804766304833336,0.0,0.0,62.0,1.0,0.0,raw_source,raw_level
price_family_ma6_structural_linked,structural_ma6,20731_prince_george_s_county_md__zip,median_ppsf,level,62,2012-05-31,2026-05-31,170.972151441457,62.57834390853596,8.666040155743168,20.33553763433335,28.804766304833336,0.0,0.0,62.0,1.0,0.0,structural_ma6,ma6_level
price_family_ma6_structural_linked,raw_source,20731_prince_george_s_county_md__zip,median_sale_price,level,62,2012-05-31,2026-05-31,239489.2258064516,101343.76492219801,12698.423497267762,28234.99999999997,31666.666666666686,0.0,0.0,62.0,1.0,0.0,raw_source,raw_level
price_family_ma6_structural_linked,structural_ma6,20731_prince_george_s_county_md__zip,median_sale_price,level,62,2012-05-31,2026-05-31,239489.2258064516,101343.76492219801,12698.423497267762,28234.99999999997,31666.666666666686,0.0,0.0,62.0,1.0,0.0,structural_ma6,ma6_level
price_family_ma6_structural_linked,raw_source,20735_prince_george_s_county_md__zip,median_ppsf,level,166,2012-03-31,2026-05-31,175.67718160984538,43.775208935596915,1.7178928869676755,4.045666666666671,6.4216666666667095,0.0,0.0,166.0,1.0,0.0,raw_source,raw_level
price_family_ma6_structural_linked,structural_ma6,20735_prince_george_s_county_md__zip,median_ppsf,level,166,2012-03-31,2026-05-31,175.67718160984538,43.775208935596915,1.7178928869676755,4.045666666666671,6.4216666666667095,0.0,0.0,166.0,1.0,0.0,structural_ma6,ma6_level
price_family_ma6_structural_linked,raw_source,20735_prince_george_s_county_md__zip,median_sale_price,level,166,2012-03-31,2026-05-31,322668.0582329317,86758.81975912456,2358.3292929292934,4566.666666666674,11816.666666666657,0.0,0.0,166.0,0.9999999999999998,0.0,raw_source,raw_level
price_family_ma6_structural_linked,structural_ma6,20735_prince_george_s_county_md__zip,median_sale_price,level,166,2012-03-31,2026-05-31,322668.0582329317,86758.81975912456,2358.3292929292934,4566.666666666674,11816.666666666657,0.0,0.0,166.0,0.9999999999999998,0.0,structural_ma6,ma6_level
price_family_ma6_structural_linked,raw_source,20737_prince_george_s_county_md__zip,median_ppsf,level,166,2012-03-31,2026-05-31,218.07163812143577,56.21267873996416,3.1540018852121205,7.112999999999988,9.918333333333294,0.0,0.0,166.0,1.0,0.0,raw_source,raw_level
price_family_ma6_structural_linked,structural_ma6,20737_prince_george_s_county_md__zip,median_ppsf,level,166,2012-03-31,2026-05-31,218.07163812143577,56.21267873996416,3.1540018852121205,7.112999999999988,9.918333333333294,0.0,0.0,166.0,1.0,0.0,structural_ma6,ma6_level
price_family_ma6_structural_linked,raw_source,20737_prince_george_s_county_md__zip,median_sale_price,level,166,2012-03-31,2026-05-31,304951.7459839358,96210.56223257128,4511.2060606060595,9416.666666666675,15333.333333333314,0.0,0.0,166.0,1.0,0.0,raw_source,raw_level
price_family_ma6_structural_linked,structural_ma6,20737_prince_george_s_county_md__zip,median_sale_price,level,166,2012-03-31,2026-05-31,304951.7459839358,96210.56223257128,4511.2060606060595,9416.666666666675,15333.333333333314,0.0,0.0,166.0,1.0,0.0,structural_ma6,ma6_level
price_family_ma6_structural_linked,raw_source,20740_prince_george_s_county_md__zip,median_ppsf,level,166,2012-03-31,2026-05-31,224.07029707593975,30.722692309117175,2.432243185381818,5.0416808515999705,10.899999999999977,0.0,0.0,166.0,1.0,0.0,raw_source,raw_level
price_family_ma6_structural_linked,structural_ma6,20740_prince_george_s_county_md__zip,median_ppsf,level,166,2012-03-31,2026-05-31,224.07029707593975,30.722692309117175,2.432243185381818,5.0416808515999705,10.899999999999977,0.0,0.0,166.0,1.0,0.0,structural_ma6,ma6_level
price_family_ma6_structural_linked,raw_source,20740_prince_george_s_county_md__zip,median_sale_price,level,166,2012-03-31,2026-05-31,334768.781124498,86506.70780820466,4757.7777777777765,8849.999999999985,30670.833333333314,0.0,0.0,166.0,0.9999999999999998,0.0,raw_source,raw_level
price_family_ma6_structural_linked,structural_ma6,20740_prince_george_s_county_md__zip,median_sale_price,level,166,2012-03-31,2026-05-31,334768.781124498,86506.70780820466,4757.7777777777765,8849.999999999985,30670.833333333314,0.0,0.0,166.0,0.9999999999999998,0.0,structural_ma6,ma6_level
price_family_ma6_structural_linked,raw_source,20741_prince_george_s_county_md__zip,median_ppsf,level,14,2014-11-30,2022-02-28,268.5869041617262,28.66925102548314,9.054528492833331,23.762641310166657,23.762641310166657,0.0,0.0,14.0,0.9999999999999999,0.0,raw_source,raw_level
price_family_ma6_structural_linked,structural_ma6,20741_prince_george_s_county_md__zip,median_ppsf,level,14,2014-11-30,2022-02-28,268.5869041617262,28.66925102548314,9.054528492833331,23.762641310166657,23.762641310166657,0.0,0.0,14.0,0.9999999999999999,0.0,structural_ma6,ma6_level
price_family_ma6_structural_linked,raw_source,20741_prince_george_s_county_md__zip,median_sale_price,level,14,2014-11-30,2022-02-28,322238.0952380952,47817.12466760644,11589.74358974359,29166.666666666675,29166.666666666686,0.0,0.0,14.0,1.0,0.0,raw_source,raw_level
price_family_ma6_structural_linked,structural_ma6,20741_prince_george_s_county_md__zip,median_sale_price,level,14,2014-11-30,2022-02-28,322238.0952380952,47817.12466760644,11589.74358974359,29166.666666666675,29166.666666666686,0.0,0.0,14.0,1.0,0.0,structural_ma6,ma6_level
price_family_ma6_structural_linked,raw_source,20743_prince_george_s_county_md__zip,median_ppsf,level,166,2012-03-31,2026-05-31,178.20347385974898,55.8266559133508,1.83117535971212,3.6524359155999773,5.993333333333339,0.0,0.0,166.0,1.0,0.0,raw_source,raw_level
price_family_ma6_structural_linked,structural_ma6,20743_prince_george_s_county_md__zip,median_ppsf,level,166,2012-03-31,2026-05-31,178.20347385974898,55.8266559133508,1.83117535971212,3.6524359155999773,5.993333333333339,0.0,0.0,166.0,1.0,0.0,structural_ma6,ma6_level
price_family_ma6_structural_linked,raw_source,20743_prince_george_s_county_md__zip,median_sale_price,level,166,2012-03-31,2026-05-31,240618.41967871485,84218.0917347969,2364.805050505051,5000.0,7166.666666666657,0.0,0.0,166.0,1.0,0.0,raw_source,raw_level
price_family_ma6_structural_linked,structural_ma6,20743_prince_george_s_county_md__zip,median_sale_price,level,166,2012-03-31,2026-05-31,240618.41967871485,84218.0917347969,2364.805050505051,5000.0,7166.666666666657,0.0,0.0,166.0,1.0,0.0,structural_ma6,ma6_level
price_family_ma6_structural_linked,raw_source,20744_prince_george_s_county_md__zip,median_ppsf,level,166,2012-03-31,2026-05-31,169.51164161940463,39.638563277106506,1.4679542941969705,2.9993333333333165,7.90500000000003,0.0,0.0,166.0,1.0,0.0,raw_source,raw_level
price_family_ma6_structural_linked,structural_ma6,20744_prince_george_s_county_md__zip,median_ppsf,level,166,2012-03-31,2026-05-31,169.51164161940463,39.638563277106506,1.4679542941969705,2.9993333333333165,7.90500000000003,0.0,0.0,166.0,1.0,0.0,structural_ma6,ma6_level
price_family_ma6_structural_linked,raw_source,20744_prince_george_s_county_md__zip,median_sale_price,level,166,2012-03-31,2026-05-31,336550.99799196783,90131.4726302731,2806.5616161616167,5761.666666666651,9158.333333333372,0.0,0.0,166.0,1.0,0.0,raw_source,raw_level
price_family_ma6_structural_linked,structural_ma6,20744_prince_george_s_county_md__zip,median_sale_price,level,166,2012-03-31,2026-05-31,336550.99799196783,90131.4726302731,2806.5616161616167,5761.666666666651,9158.333333333372,0.0,0.0,166.0,1.0,0.0,structural_ma6,ma6_level
price_family_ma6_structural_linked,raw_source,20745_prince_george_s_county_md__zip,median_ppsf,level,166,2012-03-31,2026-05-31,201.60922739109537,62.31421821163966,3.322272495441414,6.162741182999985,16.595000000000027,0.0,0.0,166.0,1.0,0.0,raw_source,raw_level
price_family_ma6_structural_linked,structural_ma6,20745_prince_george_s_county_md__zip,median_ppsf,level,166,2012-03-31,2026-05-31,201.60922739109537,62.31421821163966,3.322272495441414,6.162741182999985,16.595000000000027,0.0,0.0,166.0,1.0,0.0,structural_ma6,ma6_level
price_family_ma6_structural_linked,raw_source,20745_prince_george_s_county_md__zip,median_sale_price,level,166,2012-03-31,2026-05-31,272343.0642570281,88508.66095070065,3793.6060606060605,7436.6666666666615,16736.666666666628,0.0,0.0,166.0,1.0,0.0,raw_source,raw_level
price_family_ma6_structural_linked,structural_ma6,20745_prince_george_s_county_md__zip,median_sale_price,level,166,2012-03-31,2026-05-31,272343.0642570281,88508.66095070065,3793.6060606060605,7436.6666666666615,16736.666666666628,0.0,0.0,166.0,1.0,0.0,structural_ma6,ma6_level
price_family_ma6_structural_linked,raw_source,20746_prince_george_s_county_md__zip,median_ppsf,level,166,2012-03-31,2026-05-31,166.6480854146265,43.821770545334616,2.521300189113131,5.143000000000001,12.158333333333303,0.0,0.0,166.0,1.0,0.0,raw_source,raw_level
price_family_ma6_structural_linked,structural_ma6,20746_prince_george_s_county_md__zip,median_ppsf,level,166,2012-03-31,2026-05-31,166.6480854146265,43.821770545334616,2.521300189113131,5.143000000000001,12.158333333333303,0.0,0.0,166.0,1.0,0.0,structural_ma6,ma6_level
price_family_ma6_structural_linked,raw_source,20746_prince_george_s_county_md__zip,median_sale_price,level,166,2012-03-31,2026-05-31,248288.57228915664,76465.47802170666,3025.0020202020205,6666.666666666662,10458.333333333314,0.0,0.0,166.0,1.0,0.0,raw_source,raw_level
price_family_ma6_structural_linked,structural_ma6,20746_prince_george_s_county_md__zip,median_sale_price,level,166,2012-03-31,2026-05-31,248288.57228915664,76465.47802170666,3025.0020202020205,6666.666666666662,10458.333333333314,0.0,0.0,166.0,1.0,0.0,structural_ma6,ma6_level
price_family_ma6_structural_linked,raw_source,20747_prince_george_s_county_md__zip,median_ppsf,level,166,2012-03-31,2026-05-31,178.45941246051805,49.244427199971,2.3829820321525266,5.102666666666676,9.096666666666692,0.0,0.0,166.0,1.0,0.0,raw_source,raw_level
price_family_ma6_structural_linked,structural_ma6,20747_prince_george_s_county_md__zip,median_ppsf,level,166,2012-03-31,2026-05-31,178.45941246051805,49.244427199971,2.3829820321525266,5.102666666666676,9.096666666666692,0.0,0.0,166.0,1.0,0.0,structural_ma6,ma6_level
price_family_ma6_structural_linked,raw_source,20747_prince_george_s_county_md__zip,median_sale_price,level,166,2012-03-31,2026-05-31,246049.6004016064,76163.82950875483,2207.7636363636357,5000.0,7425.0,0.0,0.0,166.0,1.0,0.0,raw_source,raw_level
price_family_ma6_structural_linked,structural_ma6,20747_prince_george_s_county_md__zip,median_sale_price,level,166,2012-03-31,2026-05-31,246049.6004016064,76163.82950875483,2207.7636363636357,5000.0,7425.0,0.0,0.0,166.0,1.0,0.0,structural_ma6,ma6_level
price_family_ma6_structural_linked,raw_source,20748_prince_george_s_county_md__zip,median_ppsf,level,166,2012-03-31,2026-05-31,163.2720767143986,43.941758750194516,1.9704420849424231,3.8780969337333144,7.421666666666653,0.0,0.0,166.0,1.0,0.0,raw_source,raw_level
price_family_ma6_structural_linked,structural_ma6,20748_prince_george_s_county_md__zip,median_ppsf,level,166,2012-03-31,2026-05-31,163.2720767143986,43.941758750194516,1.9704420849424231,3.8780969337333144,7.421666666666653,0.0,0.0,166.0,1.0,0.0,structural_ma6,ma6_level
price_family_ma6_structural_linked,raw_source,20748_prince_george_s_county_md__zip,median_sale_price,level,166,2012-03-31,2026-05-31,258615.4327309237,80066.265177215,2944.60606060606,5791.666666666686,10000.0,0.0,0.0,166.0,1.0,0.0,raw_source,raw_level
price_family_ma6_structural_linked,structural_ma6,20748_prince_george_s_county_md__zip,median_sale_price,level,166,2012-03-31,2026-05-31,258615.4327309237,80066.265177215,2944.60606060606,5791.666666666686,10000.0,0.0,0.0,166.0,1.0,0.0,structural_ma6,ma6_level
price_family_ma6_structural_linked,raw_source,20752_prince_george_s_county_md__zip,median_ppsf,level,1,2013-12-31,2014-07-31,99.56663055249999,,,,,0.0,0.0,1.0,,0.0,raw_source,raw_level
price_family_ma6_structural_linked,structural_ma6,20752_prince_george_s_county_md__zip,median_ppsf,level,1,2013-12-31,2014-07-31,99.56663055249999,,,,,0.0,0.0,1.0,,0.0,structural_ma6,ma6_level
price_family_ma6_structural_linked,raw_source,20752_prince_george_s_county_md__zip,median_sale_price,level,1,2013-12-31,2014-07-31,183800.0,,,,,0.0,0.0,1.0,,0.0,raw_source,raw_level
price_family_ma6_structural_linked,structural_ma6,20752_prince_george_s_county_md__zip,median_sale_price,level,1,2013-12-31,2014-07-31,183800.0,,,,,0.0,0.0,1.0,,0.0,structural_ma6,ma6_level
price_family_ma6_structural_linked,raw_source,20757_prince_george_s_county_md__zip,median_ppsf,level,56,2013-05-31,2026-03-31,156.83952368348216,28.944650094725876,8.024396020357576,20.233486893533325,24.005139096166687,0.0,0.0,56.0,1.0,0.0,raw_source,raw_level
price_family_ma6_structural_linked,structural_ma6,20757_prince_george_s_county_md__zip,median_ppsf,level,56,2013-05-31,2026-03-31,156.83952368348216,28.944650094725876,8.024396020357576,20.233486893533325,24.005139096166687,0.0,0.0,56.0,1.0,0.0,structural_ma6,ma6_level
price_family_ma6_structural_linked,raw_source,20757_prince_george_s_county_md__zip,median_sale_price,level,56,2013-05-31,2026-03-31,265960.5714285714,86385.62067060295,13263.248484848484,26326.66666666667,29583.333333333372,0.0,0.0,56.0,1.0,0.0,raw_source,raw_level
price_family_ma6_structural_linked,structural_ma6,20757_prince_george_s_county_md__zip,median_sale_price,level,56,2013-05-31,2026-03-31,265960.5714285714,86385.62067060295,13263.248484848484,26326.66666666667,29583.333333333372,0.0,0.0,56.0,1.0,0.0,structural_ma6,ma6_level
price_family_ma6_structural_linked,raw_source,20768_prince_george_s_county_md__zip,median_ppsf,level,131,2012-03-31,2026-01-31,195.592433581486,34.84874121961777,5.52465973314359,11.393500000000019,18.25666666666666,0.0,0.0,131.0,1.0,0.0,raw_source,raw_level
price_family_ma6_structural_linked,structural_ma6,20768_prince_george_s_county_md__zip,median_ppsf,level,131,2012-03-31,2026-01-31,195.592433581486,34.84874121961777,5.52465973314359,11.393500000000019,18.25666666666666,0.0,0.0,131.0,1.0,0.0,structural_ma6,ma6_level
price_family_ma6_structural_linked,raw_source,20768_prince_george_s_county_md__zip,median_sale_price,level,131,2012-03-31,2026-01-31,303670.98091603053,65705.48301678301,5522.306410256409,12848.333333333321,23875.0,0.0,0.0,131.0,1.0,0.0,raw_source,raw_level
price_family_ma6_structural_linked,structural_ma6,20768_prince_george_s_county_md__zip,median_sale_price,level,131,2012-03-31,2026-01-31,303670.98091603053,65705.48301678301,5522.306410256409,12848.333333333321,23875.0,0.0,0.0,131.0,1.0,0.0,structural_ma6,ma6_level
price_family_ma6_structural_linked,raw_source,20769_prince_george_s_county_md__zip,median_ppsf,level,166,2012-03-31,2026-05-31,170.20409437567167,36.38851545400649,2.4861963061878787,5.1623333333333274,12.034999999999968,0.0,0.0,166.0,1.0,0.0,raw_source,raw_level
price_family_ma6_structural_linked,structural_ma6,20769_prince_george_s_county_md__zip,median_ppsf,level,166,2012-03-31,2026-05-31,170.20409437567167,36.38851545400649,2.4861963061878787,5.1623333333333274,12.034999999999968,0.0,0.0,166.0,1.0,0.0,structural_ma6,ma6_level
price_family_ma6_structural_linked,raw_source,20769_prince_george_s_county_md__zip,median_sale_price,level,166,2012-03-31,2026-05-31,459832.72991967876,130165.06149722074,11801.73282828283,28849.999999999985,51811.0,0.0,0.0,166.0,1.0,0.0,raw_source,raw_level
price_family_ma6_structural_linked,structural_ma6,20769_prince_george_s_county_md__zip,median_sale_price,level,166,2012-03-31,2026-05-31,459832.72991967876,130165.06149722074,11801.73282828283,28849.999999999985,51811.0,0.0,0.0,166.0,1.0,0.0,structural_ma6,ma6_level
price_family_ma6_structural_linked,raw_source,20770_prince_george_s_county_md__zip,median_ppsf,level,166,2012-03-31,2026-05-31,171.82228437231828,40.3493600436031,1.6176210307303016,3.6156149605999865,7.024999999999977,0.0,0.0,166.0,1.0,0.0,raw_source,raw_level
price_family_ma6_structural_linked,structural_ma6,20770_prince_george_s_county_md__zip,median_ppsf,level,166,2012-03-31,2026-05-31,171.82228437231828,40.3493600436031,1.6176210307303016,3.6156149605999865,7.024999999999977,0.0,0.0,166.0,1.0,0.0,structural_ma6,ma6_level
price_family_ma6_structural_linked,raw_source,20770_prince_george_s_county_md__zip,median_sale_price,level,166,2012-03-31,2026-05-31,197779.5341365462,51891.11072090364,5147.543434343434,10885.533333333347,20916.666666666657,0.0,0.0,166.0,0.9999999999999999,0.0,raw_source,raw_level
price_family_ma6_structural_linked,structural_ma6,20770_prince_george_s_county_md__zip,median_sale_price,level,166,2012-03-31,2026-05-31,197779.5341365462,51891.11072090364,5147.543434343434,10885.533333333347,20916.666666666657,0.0,0.0,166.0,0.9999999999999999,0.0,structural_ma6,ma6_level
price_family_ma6_structural_linked,raw_source,20771_prince_george_s_county_md__zip,median_ppsf,level,0,2017-04-30,2017-06-30,,,,,,0.0,0.0,,,,raw_source,raw_level
price_family_ma6_structural_linked,structural_ma6,20771_prince_george_s_county_md__zip,median_ppsf,level,0,2017-04-30,2017-06-30,,,,,,0.0,0.0,,,,structural_ma6,ma6_level
price_family_ma6_structural_linked,raw_source,20771_prince_george_s_county_md__zip,median_sale_price,level,0,2017-04-30,2017-06-30,,,,,,0.0,0.0,,,,raw_source,raw_level
price_family_ma6_structural_linked,structural_ma6,20771_prince_george_s_county_md__zip,median_sale_price,level,0,2017-04-30,2017-06-30,,,,,,0.0,0.0,,,,structural_ma6,ma6_level
price_family_ma6_structural_linked,raw_source,20772_prince_george_s_county_md__zip,median_ppsf,level,166,2012-03-31,2026-05-31,176.71458223374395,38.40494592974119,1.1231751792606075,2.278958240533302,3.8916666666667084,0.0,0.0,166.0,0.9999999999999998,0.0,raw_source,raw_level
price_family_ma6_structural_linked,structural_ma6,20772_prince_george_s_county_md__zip,median_ppsf,level,166,2012-03-31,2026-05-31,176.71458223374395,38.40494592974119,1.1231751792606075,2.278958240533302,3.8916666666667084,0.0,0.0,166.0,0.9999999999999998,0.0,structural_ma6,ma6_level
price_family_ma6_structural_linked,raw_source,20772_prince_george_s_county_md__zip,median_sale_price,level,166,2012-03-31,2026-05-31,350735.1495983936,96021.42019560024,3152.9646464646457,6373.483333333337,9176.166666666686,0.0,0.0,166.0,1.0,0.0,raw_source,raw_level
price_family_ma6_structural_linked,structural_ma6,20772_prince_george_s_county_md__zip,median_sale_price,level,166,2012-03-31,2026-05-31,350735.1495983936,96021.42019560024,3152.9646464646457,6373.483333333337,9176.166666666686,0.0,0.0,166.0,1.0,0.0,structural_ma6,ma6_level
price_family_ma6_structural_linked,raw_source,20774_prince_george_s_county_md__zip,median_ppsf,level,166,2012-03-31,2026-05-31,171.66155399887953,42.43530408459758,1.4199442059161604,2.6872339877000058,5.560000000000031,0.0,0.0,166.0,1.0,0.0,raw_source,raw_level
price_family_ma6_structural_linked,structural_ma6,20774_prince_george_s_county_md__zip,median_ppsf,level,166,2012-03-31,2026-05-31,171.66155399887953,42.43530408459758,1.4199442059161604,2.6872339877000058,5.560000000000031,0.0,0.0,166.0,1.0,0.0,structural_ma6,ma6_level
price_family_ma6_structural_linked,raw_source,20774_prince_george_s_county_md__zip,median_sale_price,level,166,2012-03-31,2026-05-31,344316.3765060241,81649.76998204507,3669.8888888888887,7426.866666666673,13333.333333333314,0.0,0.0,166.0,0.9999999999999998,0.0,raw_source,raw_level
price_family_ma6_structural_linked,structural_ma6,20774_prince_george_s_county_md__zip,median_sale_price,level,166,2012-03-31,2026-05-31,344316.3765060241,81649.76998204507,3669.8888888888887,7426.866666666673,13333.333333333314,0.0,0.0,166.0,0.9999999999999998,0.0,structural_ma6,ma6_level
price_family_ma6_structural_linked,raw_source,20781_prince_george_s_county_md__zip,median_ppsf,level,166,2012-03-31,2026-05-31,242.16331948298594,50.30147647471077,4.474244453169699,8.598333333333334,15.07309640883335,0.0,0.0,166.0,1.0,0.0,raw_source,raw_level
price_family_ma6_structural_linked,structural_ma6,20781_prince_george_s_county_md__zip,median_ppsf,level,166,2012-03-31,2026-05-31,242.16331948298594,50.30147647471077,4.474244453169699,8.598333333333334,15.07309640883335,0.0,0.0,166.0,1.0,0.0,structural_ma6,ma6_level
price_family_ma6_structural_linked,raw_source,20781_prince_george_s_county_md__zip,median_sale_price,level,166,2012-03-31,2026-05-31,355811.2409638554,101168.54901114547,8184.335353535356,16857.50000000002,26000.0,0.0,0.0,166.0,1.0,0.0,raw_source,raw_level
price_family_ma6_structural_linked,structural_ma6,20781_prince_george_s_county_md__zip,median_sale_price,level,166,2012-03-31,2026-05-31,355811.2409638554,101168.54901114547,8184.335353535356,16857.50000000002,26000.0,0.0,0.0,166.0,1.0,0.0,structural_ma6,ma6_level
price_family_ma6_structural_linked,raw_source,20782_prince_george_s_county_md__zip,median_ppsf,level,166,2012-03-31,2026-05-31,231.03796461693776,46.93951613533628,2.8336170670000014,5.735277262533344,9.240000000000009,0.0,0.0,166.0,1.0,0.0,raw_source,raw_level
price_family_ma6_structural_linked,structural_ma6,20782_prince_george_s_county_md__zip,median_ppsf,level,166,2012-03-31,2026-05-31,231.03796461693776,46.93951613533628,2.8336170670000014,5.735277262533344,9.240000000000009,0.0,0.0,166.0,1.0,0.0,structural_ma6,ma6_level
price_family_ma6_structural_linked,raw_source,20782_prince_george_s_county_md__zip,median_sale_price,level,166,2012-03-31,2026-05-31,344908.2781124498,107100.43718476311,4998.962121212119,9632.583333333301,22825.0,0.0,0.0,166.0,1.0,0.0,raw_source,raw_level
price_family_ma6_structural_linked,structural_ma6,20782_prince_george_s_county_md__zip,median_sale_price,level,166,2012-03-31,2026-05-31,344908.2781124498,107100.43718476311,4998.962121212119,9632.583333333301,22825.0,0.0,0.0,166.0,1.0,0.0,structural_ma6,ma6_level
price_family_ma6_structural_linked,raw_source,20783_prince_george_s_county_md__zip,median_ppsf,level,166,2012-03-31,2026-05-31,185.5431709702952,35.55230760983922,2.9578456960474755,5.829683605799982,14.126666666666665,0.0,0.0,166.0,1.0,0.0,raw_source,raw_level
price_family_ma6_structural_linked,structural_ma6,20783_prince_george_s_county_md__zip,median_ppsf,level,166,2012-03-31,2026-05-31,185.5431709702952,35.55230760983922,2.9578456960474755,5.829683605799982,14.126666666666665,0.0,0.0,166.0,1.0,0.0,structural_ma6,ma6_level
price_family_ma6_structural_linked,raw_source,20783_prince_george_s_county_md__zip,median_sale_price,level,166,2012-03-31,2026-05-31,308543.328313253,81076.2983914462,4753.088888888889,10205.00000000001,18666.666666666628,0.0,0.0,166.0,1.0,0.0,raw_source,raw_level
price_family_ma6_structural_linked,structural_ma6,20783_prince_george_s_county_md__zip,median_sale_price,level,166,2012-03-31,2026-05-31,308543.328313253,81076.2983914462,4753.088888888889,10205.00000000001,18666.666666666628,0.0,0.0,166.0,1.0,0.0,structural_ma6,ma6_level
price_family_ma6_structural_linked,raw_source,20784_prince_george_s_county_md__zip,median_ppsf,level,166,2012-03-31,2026-05-31,197.74354246213252,45.2820540645528,2.6353578460747467,5.339333333333336,8.285000000000025,0.0,0.0,166.0,0.9999999999999999,0.0,raw_source,raw_level
price_family_ma6_structural_linked,structural_ma6,20784_prince_george_s_county_md__zip,median_ppsf,level,166,2012-03-31,2026-05-31,197.74354246213252,45.2820540645528,2.6353578460747467,5.339333333333336,8.285000000000025,0.0,0.0,166.0,0.9999999999999999,0.0,structural_ma6,ma6_level
price_family_ma6_structural_linked,raw_source,20784_prince_george_s_county_md__zip,median_sale_price,level,166,2012-03-31,2026-05-31,282811.8514056225,79602.17581365381,2832.977777777778,5500.0,10500.0,0.0,0.0,166.0,1.0,0.0,raw_source,raw_level
price_family_ma6_structural_linked,structural_ma6,20784_prince_george_s_county_md__zip,median_sale_price,level,166,2012-03-31,2026-05-31,282811.8514056225,79602.17581365381,2832.977777777778,5500.0,10500.0,0.0,0.0,166.0,1.0,0.0,structural_ma6,ma6_level
price_family_ma6_structural_linked,raw_source,20785_prince_george_s_county_md__zip,median_ppsf,level,166,2012-03-31,2026-05-31,187.27694639148393,53.33398975155343,1.947124675881819,3.9005175684666598,6.393333333333317,0.0,0.0,166.0,0.9999999999999999,0.0,raw_source,raw_level
price_family_ma6_structural_linked,structural_ma6,20785_prince_george_s_county_md__zip,median_ppsf,level,166,2012-03-31,2026-05-31,187.27694639148393,53.33398975155343,1.947124675881819,3.9005175684666598,6.393333333333317,0.0,0.0,166.0,0.9999999999999999,0.0,structural_ma6,ma6_level
price_family_ma6_structural_linked,raw_source,20785_prince_george_s_county_md__zip,median_sale_price,level,166,2012-03-31,2026-05-31,247480.88353413652,79200.98348932082,3005.808080808081,5833.33333333336,9166.666666666628,0.0,0.0,166.0,1.0,0.0,raw_source,raw_level
price_family_ma6_structural_linked,structural_ma6,20785_prince_george_s_county_md__zip,median_sale_price,level,166,2012-03-31,2026-05-31,247480.88353413652,79200.98348932082,3005.808080808081,5833.33333333336,9166.666666666628,0.0,0.0,166.0,1.0,0.0,structural_ma6,ma6_level
price_family_ma6_structural_linked,raw_source,20812_montgomery_county_md__zip,median_ppsf,level,108,2012-04-30,2026-05-31,440.7185851504336,93.7921873899864,27.214538398322432,59.08583635290001,102.45833333333337,0.0,0.0,108.0,0.9999999999999999,0.0,raw_source,raw_level
price_family_ma6_structural_linked,structural_ma6,20812_montgomery_county_md__zip,median_ppsf,level,108,2012-04-30,2026-05-31,440.7185851504336,93.7921873899864,27.214538398322432,59.08583635290001,102.45833333333337,0.0,0.0,108.0,0.9999999999999999,0.0,structural_ma6,ma6_level
price_family_ma6_structural_linked,raw_source,20812_montgomery_county_md__zip,median_sale_price,level,108,2012-04-30,2026-05-31,982203.8302469136,212723.03823451698,46770.1183800623,96500.0,162666.66666666674,0.0,0.0,108.0,1.0,0.0,raw_source,raw_level
price_family_ma6_structural_linked,structural_ma6,20812_montgomery_county_md__zip,median_sale_price,level,108,2012-04-30,2026-05-31,982203.8302469136,212723.03823451698,46770.1183800623,96500.0,162666.66666666674,0.0,0.0,108.0,1.0,0.0,structural_ma6,ma6_level
price_family_ma6_structural_linked,raw_source,20814_montgomery_county_md__zip,median_ppsf,level,166,2012-03-31,2026-05-31,355.49734552384734,37.0955671435074,4.960515905755558,9.140651675999994,19.670000000000016,0.0,0.0,166.0,1.0,0.0,raw_source,raw_level
price_family_ma6_structural_linked,structural_ma6,20814_montgomery_county_md__zip,median_ppsf,level,166,2012-03-31,2026-05-31,355.49734552384734,37.0955671435074,4.960515905755558,9.140651675999994,19.670000000000016,0.0,0.0,166.0,1.0,0.0,structural_ma6,ma6_level
price_family_ma6_structural_linked,raw_source,20814_montgomery_county_md__zip,median_sale_price,level,166,2012-03-31,2026-05-31,703147.1706827309,107117.8765936856,16634.763636363637,34358.33333333335,83166.66666666663,0.0,0.0,166.0,0.9999999999999999,0.0,raw_source,raw_level
price_family_ma6_structural_linked,structural_ma6,20814_montgomery_county_md__zip,median_sale_price,level,166,2012-03-31,2026-05-31,703147.1706827309,107117.8765936856,16634.763636363637,34358.33333333335,83166.66666666663,0.0,0.0,166.0,0.9999999999999999,0.0,structural_ma6,ma6_level
price_family_ma6_structural_linked,raw_source,20815_montgomery_county_md__zip,median_ppsf,level,166,2012-03-31,2026-05-31,452.53069386116664,32.87467798652625,4.610255655313134,9.65768191513331,17.164289611166623,0.0,0.0,166.0,1.0,0.0,raw_source,raw_level
price_family_ma6_structural_linked,structural_ma6,20815_montgomery_county_md__zip,median_ppsf,level,166,2012-03-31,2026-05-31,452.53069386116664,32.87467798652625,4.610255655313134,9.65768191513331,17.164289611166623,0.0,0.0,166.0,1.0,0.0,structural_ma6,ma6_level
price_family_ma6_structural_linked,raw_source,20815_montgomery_county_md__zip,median_sale_price,level,166,2012-03-31,2026-05-31,1021248.4046184738,161853.24665721713,24779.114141414142,52700.00000000009,108375.0,0.0,0.0,166.0,0.9999999999999998,0.0,raw_source,raw_level
price_family_ma6_structural_linked,structural_ma6,20815_montgomery_county_md__zip,median_sale_price,level,166,2012-03-31,2026-05-31,1021248.4046184738,161853.24665721713,24779.114141414142,52700.00000000009,108375.0,0.0,0.0,166.0,0.9999999999999998,0.0,structural_ma6,ma6_level
price_family_ma6_structural_linked,raw_source,20816_montgomery_county_md__zip,median_ppsf,level,166,2012-03-31,2026-05-31,408.7240296897199,47.31482620023254,4.418960061052527,10.176970703999993,18.99811278983333,0.0,0.0,166.0,1.0,0.0,raw_source,raw_level
price_family_ma6_structural_linked,structural_ma6,20816_montgomery_county_md__zip,median_ppsf,level,166,2012-03-31,2026-05-31,408.7240296897199,47.31482620023254,4.418960061052527,10.176970703999993,18.99811278983333,0.0,0.0,166.0,1.0,0.0,structural_ma6,ma6_level
price_family_ma6_structural_linked,raw_source,20816_montgomery_county_md__zip,median_sale_price,level,166,2012-03-31,2026-05-31,1049397.7650602409,190670.35920218713,16580.474747474746,36666.666666666744,68333.33333333326,0.0,0.0,166.0,1.0,0.0,raw_source,raw_level
price_family_ma6_structural_linked,structural_ma6,20816_montgomery_county_md__zip,median_sale_price,level,166,2012-03-31,2026-05-31,1049397.7650602409,190670.35920218713,16580.474747474746,36666.666666666744,68333.33333333326,0.0,0.0,166.0,1.0,0.0,structural_ma6,ma6_level
price_family_ma6_structural_linked,raw_source,20817_montgomery_county_md__zip,median_ppsf,level,166,2012-03-31,2026-05-31,346.06350695249097,42.23351008750651,3.617517982321214,6.910666666666668,12.045000000000016,0.0,0.0,166.0,1.0,0.0,raw_source,raw_level
price_family_ma6_structural_linked,structural_ma6,20817_montgomery_county_md__zip,median_ppsf,level,166,2012-03-31,2026-05-31,346.06350695249097,42.23351008750651,3.617517982321214,6.910666666666668,12.045000000000016,0.0,0.0,166.0,1.0,0.0,structural_ma6,ma6_level
price_family_ma6_structural_linked,raw_source,20817_montgomery_county_md__zip,median_sale_price,level,166,2012-03-31,2026-05-31,1030819.9186746988,223511.03302109957,11922.384848484842,25999.99999999995,53250.0,0.0,0.0,166.0,1.0,0.0,raw_source,raw_level
price_family_ma6_structural_linked,structural_ma6,20817_montgomery_county_md__zip,median_sale_price,level,166,2012-03-31,2026-05-31,1030819.9186746988,223511.03302109957,11922.384848484842,25999.99999999995,53250.0,0.0,0.0,166.0,1.0,0.0,structural_ma6,ma6_level
price_family_ma6_structural_linked,raw_source,20818_montgomery_county_md__zip,median_ppsf,level,163,2012-03-31,2026-05-31,390.95276590809715,53.25766963448111,9.250373670983542,18.481999999999974,37.191666666666606,0.0,0.0,163.0,1.0,0.0,raw_source,raw_level
price_family_ma6_structural_linked,structural_ma6,20818_montgomery_county_md__zip,median_ppsf,level,163,2012-03-31,2026-05-31,390.95276590809715,53.25766963448111,9.250373670983542,18.481999999999974,37.191666666666606,0.0,0.0,163.0,1.0,0.0,structural_ma6,ma6_level
price_family_ma6_structural_linked,raw_source,20818_montgomery_county_md__zip,median_sale_price,level,163,2012-03-31,2026-05-31,995695.2402862986,312419.9498299317,52916.875,122118.50833333335,287500.0,0.0,0.0,163.0,0.9999999999999998,0.0,raw_source,raw_level
price_family_ma6_structural_linked,structural_ma6,20818_montgomery_county_md__zip,median_sale_price,level,163,2012-03-31,2026-05-31,995695.2402862986,312419.9498299317,52916.875,122118.50833333335,287500.0,0.0,0.0,163.0,0.9999999999999998,0.0,structural_ma6,ma6_level
price_family_ma6_structural_linked,raw_source,20824_montgomery_county_md__zip,median_ppsf,level,138,2012-03-31,2026-05-31,594.9148013923442,40.01836136241718,9.42269804606204,20.00949838273332,25.910000000000082,0.0,0.0,138.0,1.0,0.0,raw_source,raw_level
price_family_ma6_structural_linked,structural_ma6,20824_montgomery_county_md__zip,median_ppsf,level,138,2012-03-31,2026-05-31,594.9148013923442,40.01836136241718,9.42269804606204,20.00949838273332,25.910000000000082,0.0,0.0,138.0,1.0,0.0,structural_ma6,ma6_level
price_family_ma6_structural_linked,raw_source,20824_montgomery_county_md__zip,median_sale_price,level,138,2012-03-31,2026-05-31,868343.9577294686,292505.6385592237,63416.55839416059,116999.99999999999,455007.0000000001,0.0,0.0,138.0,1.0,0.0,raw_source,raw_level
price_family_ma6_structural_linked,structural_ma6,20824_montgomery_county_md__zip,median_sale_price,level,138,2012-03-31,2026-05-31,868343.9577294686,292505.6385592237,63416.55839416059,116999.99999999999,455007.0000000001,0.0,0.0,138.0,1.0,0.0,structural_ma6,ma6_level
price_family_ma6_structural_linked,raw_source,20830_montgomery_county_md__zip,median_ppsf,level,151,2012-04-30,2026-05-31,232.97961345272736,38.446482736687656,5.604133422012222,12.063283925316648,20.883333333333326,0.0,0.0,151.0,1.0,0.0,raw_source,raw_level
price_family_ma6_structural_linked,structural_ma6,20830_montgomery_county_md__zip,median_ppsf,level,151,2012-04-30,2026-05-31,232.97961345272736,38.446482736687656,5.604133422012222,12.063283925316648,20.883333333333326,0.0,0.0,151.0,1.0,0.0,structural_ma6,ma6_level
price_family_ma6_structural_linked,raw_source,20830_montgomery_county_md__zip,median_sale_price,level,151,2012-04-30,2026-05-31,306607.0110375276,57229.648549116966,10982.108888888888,26581.666666666602,41266.666666666686,0.0,0.0,151.0,1.0,0.0,raw_source,raw_level
price_family_ma6_structural_linked,structural_ma6,20830_montgomery_county_md__zip,median_sale_price,level,151,2012-04-30,2026-05-31,306607.0110375276,57229.648549116966,10982.108888888888,26581.666666666602,41266.666666666686,0.0,0.0,151.0,1.0,0.0,structural_ma6,ma6_level
price_family_ma6_structural_linked,raw_source,20832_montgomery_county_md__zip,median_ppsf,level,166,2012-03-31,2026-05-31,229.46817757874396,28.04440864885746,1.7299627496484853,3.2799999999999896,6.238333333333287,0.0,0.0,166.0,1.0,0.0,raw_source,raw_level
price_family_ma6_structural_linked,structural_ma6,20832_montgomery_county_md__zip,median_ppsf,level,166,2012-03-31,2026-05-31,229.46817757874396,28.04440864885746,1.7299627496484853,3.2799999999999896,6.238333333333287,0.0,0.0,166.0,1.0,0.0,structural_ma6,ma6_level
price_family_ma6_structural_linked,raw_source,20832_montgomery_county_md__zip,median_sale_price,level,166,2012-03-31,2026-05-31,495251.4648594378,85844.27980867484,7375.262626262625,13958.33333333337,25416.666666666628,0.0,0.0,166.0,0.9999999999999998,0.0,raw_source,raw_level
price_family_ma6_structural_linked,structural_ma6,20832_montgomery_county_md__zip,median_sale_price,level,166,2012-03-31,2026-05-31,495251.4648594378,85844.27980867484,7375.262626262625,13958.33333333337,25416.666666666628,0.0,0.0,166.0,0.9999999999999998,0.0,structural_ma6,ma6_level
price_family_ma6_structural_linked,raw_source,20833_montgomery_county_md__zip,median_ppsf,level,166,2012-03-31,2026-05-31,219.58840691551003,26.746856518805085,3.7026772208141425,6.9496929914333405,14.310000000000002,0.0,0.0,166.0,1.0,0.0,raw_source,raw_level
price_family_ma6_structural_linked,structural_ma6,20833_montgomery_county_md__zip,median_ppsf,level,166,2012-03-31,2026-05-31,219.58840691551003,26.746856518805085,3.7026772208141425,6.9496929914333405,14.310000000000002,0.0,0.0,166.0,1.0,0.0,structural_ma6,ma6_level
price_family_ma6_structural_linked,raw_source,20833_montgomery_county_md__zip,median_sale_price,level,166,2012-03-31,2026-05-31,637214.8423694778,136056.94154051488,16410.297979797975,30796.666666666602,95235.33333333337,0.0,0.0,166.0,1.0,0.0,raw_source,raw_level
price_family_ma6_structural_linked,structural_ma6,20833_montgomery_county_md__zip,median_sale_price,level,166,2012-03-31,2026-05-31,637214.8423694778,136056.94154051488,16410.297979797975,30796.666666666602,95235.33333333337,0.0,0.0,166.0,1.0,0.0,structural_ma6,ma6_level
price_family_ma6_structural_linked,raw_source,20837_montgomery_county_md__zip,median_ppsf,level,166,2012-03-31,2026-05-31,207.91464744440262,35.44936429292353,3.3249185475030303,6.714944724000008,12.640591464666642,0.0,0.0,166.0,1.0,0.0,raw_source,raw_level
price_family_ma6_structural_linked,structural_ma6,20837_montgomery_county_md__zip,median_ppsf,level,166,2012-03-31,2026-05-31,207.91464744440262,35.44936429292353,3.3249185475030303,6.714944724000008,12.640591464666642,0.0,0.0,166.0,1.0,0.0,structural_ma6,ma6_level
price_family_ma6_structural_linked,raw_source,20837_montgomery_county_md__zip,median_sale_price,level,166,2012-03-31,2026-05-31,535266.3273092369,126781.07165894462,17308.660606060603,37456.533333333275,66708.33333333337,0.0,0.0,166.0,0.9999999999999999,0.0,raw_source,raw_level
price_family_ma6_structural_linked,structural_ma6,20837_montgomery_county_md__zip,median_sale_price,level,166,2012-03-31,2026-05-31,535266.3273092369,126781.07165894462,17308.660606060603,37456.533333333275,66708.33333333337,0.0,0.0,166.0,0.9999999999999999,0.0,structural_ma6,ma6_level
price_family_ma6_structural_linked,raw_source,20838_montgomery_county_md__zip,median_ppsf,level,86,2012-04-30,2026-05-31,263.84154746355233,47.93207511441741,10.429973809833331,22.409822419433297,34.25333333333333,0.0,0.0,86.0,1.0,0.0,raw_source,raw_level
price_family_ma6_structural_linked,structural_ma6,20838_montgomery_county_md__zip,median_ppsf,level,86,2012-04-30,2026-05-31,263.84154746355233,47.93207511441741,10.429973809833331,22.409822419433297,34.25333333333333,0.0,0.0,86.0,1.0,0.0,structural_ma6,ma6_level
price_family_ma6_structural_linked,raw_source,20838_montgomery_county_md__zip,median_sale_price,level,87,2012-04-30,2026-05-31,702715.1417624521,318481.8762091015,69269.77906976744,147291.66666666663,318943.6666666667,0.0,0.0,87.0,0.9999999999999998,0.0,raw_source,raw_level
price_family_ma6_structural_linked,structural_ma6,20838_montgomery_county_md__zip,median_sale_price,level,87,2012-04-30,2026-05-31,702715.1417624521,318481.8762091015,69269.77906976744,147291.66666666663,318943.6666666667,0.0,0.0,87.0,0.9999999999999998,0.0,structural_ma6,ma6_level
price_family_ma6_structural_linked,raw_source,20839_montgomery_county_md__zip,median_ppsf,level,38,2012-08-31,2025-09-30,223.01945771867102,36.90588070526898,14.187927009351357,22.642728040599966,24.528333333333364,0.0,0.0,38.0,0.9999999999999998,0.0,raw_source,raw_level
price_family_ma6_structural_linked,structural_ma6,20839_montgomery_county_md__zip,median_ppsf,level,38,2012-08-31,2025-09-30,223.01945771867102,36.90588070526898,14.187927009351357,22.642728040599966,24.528333333333364,0.0,0.0,38.0,0.9999999999999998,0.0,structural_ma6,ma6_level
price_family_ma6_structural_linked,raw_source,20839_montgomery_county_md__zip,median_sale_price,level,38,2012-08-31,2025-09-30,694149.6052631579,232899.3486816118,58347.16216216216,110400.00000000001,141666.66666666674,0.0,0.0,38.0,1.0,0.0,raw_source,raw_level
price_family_ma6_structural_linked,structural_ma6,20839_montgomery_county_md__zip,median_sale_price,level,38,2012-08-31,2025-09-30,694149.6052631579,232899.3486816118,58347.16216216216,110400.00000000001,141666.66666666674,0.0,0.0,38.0,1.0,0.0,structural_ma6,ma6_level
price_family_ma6_structural_linked,raw_source,20841_montgomery_county_md__zip,median_ppsf,level,166,2012-03-31,2026-05-31,204.62527845075803,40.77380612358394,3.206973989307069,6.709343893266663,16.861666666666736,0.0,0.0,166.0,0.9999999999999998,0.0,raw_source,raw_level
price_family_ma6_structural_linked,structural_ma6,20841_montgomery_county_md__zip,median_ppsf,level,166,2012-03-31,2026-05-31,204.62527845075803,40.77380612358394,3.206973989307069,6.709343893266663,16.861666666666736,0.0,0.0,166.0,0.9999999999999998,0.0,structural_ma6,ma6_level
price_family_ma6_structural_linked,raw_source,20841_montgomery_county_md__zip,median_sale_price,level,166,2012-03-31,2026-05-31,640632.0602409638,103768.27676762793,13688.677777777773,34216.66666666669,47750.66666666663,0.0,0.0,166.0,1.0,0.0,raw_source,raw_level
price_family_ma6_structural_linked,structural_ma6,20841_montgomery_county_md__zip,median_sale_price,level,166,2012-03-31,2026-05-31,640632.0602409638,103768.27676762793,13688.677777777773,34216.66666666669,47750.66666666663,0.0,0.0,166.0,1.0,0.0,structural_ma6,ma6_level
price_family_ma6_structural_linked,raw_source,20842_montgomery_county_md__zip,median_ppsf,level,165,2012-03-31,2026-05-31,259.88914993246567,114.34558401829233,17.989081054637193,26.801601233350024,172.10669090049998,0.0,0.0,165.0,1.0,0.0,raw_source,raw_level
price_family_ma6_structural_linked,structural_ma6,20842_montgomery_county_md__zip,median_ppsf,level,165,2012-03-31,2026-05-31,259.88914993246567,114.34558401829233,17.989081054637193,26.801601233350024,172.10669090049998,0.0,0.0,165.0,1.0,0.0,structural_ma6,ma6_level
price_family_ma6_structural_linked,raw_source,20842_montgomery_county_md__zip,median_sale_price,level,165,2012-03-31,2026-05-31,699619.2828282829,250086.31432422544,45975.73272357724,95400.00000000003,206083.3333333333,0.0,0.0,165.0,0.9999999999999999,0.0,raw_source,raw_level
price_family_ma6_structural_linked,structural_ma6,20842_montgomery_county_md__zip,median_sale_price,level,165,2012-03-31,2026-05-31,699619.2828282829,250086.31432422544,45975.73272357724,95400.00000000003,206083.3333333333,0.0,0.0,165.0,0.9999999999999999,0.0,structural_ma6,ma6_level
price_family_ma6_structural_linked,raw_source,20848_montgomery_county_md__zip,median_ppsf,level,12,2013-04-30,2024-10-31,292.753873456625,36.46677838075704,12.775982042681816,18.730000000000018,18.730000000000018,0.0,0.0,12.0,1.0,0.0,raw_source,raw_level
price_family_ma6_structural_linked,structural_ma6,20848_montgomery_county_md__zip,median_ppsf,level,12,2013-04-30,2024-10-31,292.753873456625,36.46677838075704,12.775982042681816,18.730000000000018,18.730000000000018,0.0,0.0,12.0,1.0,0.0,structural_ma6,ma6_level
price_family_ma6_structural_linked,raw_source,20848_montgomery_county_md__zip,median_sale_price,level,12,2013-04-30,2024-10-31,397875.0,30401.449078302296,10469.69696969696,24166.666666666686,24166.666666666686,0.0,0.0,12.0,0.9999999999999999,0.0,raw_source,raw_level
price_family_ma6_structural_linked,structural_ma6,20848_montgomery_county_md__zip,median_sale_price,level,12,2013-04-30,2024-10-31,397875.0,30401.449078302296,10469.69696969696,24166.666666666686,24166.666666666686,0.0,0.0,12.0,0.9999999999999999,0.0,structural_ma6,ma6_level
price_family_ma6_structural_linked,raw_source,20849_montgomery_county_md__zip,median_ppsf,level,12,2013-07-31,2023-09-30,247.8202345668333,34.427454023938694,9.298314150060607,17.47082933083334,17.47082933083334,0.0,0.0,12.0,1.0,0.0,raw_source,raw_level
price_family_ma6_structural_linked,structural_ma6,20849_montgomery_county_md__zip,median_ppsf,level,12,2013-07-31,2023-09-30,247.8202345668333,34.427454023938694,9.298314150060607,17.47082933083334,17.47082933083334,0.0,0.0,12.0,1.0,0.0,structural_ma6,ma6_level
price_family_ma6_structural_linked,raw_source,20849_montgomery_county_md__zip,median_sale_price,level,12,2013-07-31,2023-09-30,467227.0833333333,50310.23578567888,12125.000000000005,26633.333333333314,26633.333333333372,0.0,0.0,12.0,0.9999999999999999,0.0,raw_source,raw_level
price_family_ma6_structural_linked,structural_ma6,20849_montgomery_county_md__zip,median_sale_price,level,12,2013-07-31,2023-09-30,467227.0833333333,50310.23578567888,12125.000000000005,26633.333333333314,26633.333333333372,0.0,0.0,12.0,0.9999999999999999,0.0,structural_ma6,ma6_level
price_family_ma6_structural_linked,raw_source,20850_montgomery_county_md__zip,median_ppsf,level,166,2012-03-31,2026-05-31,280.306747914752,31.709489332660514,1.9088261157737354,3.6920456332666727,7.120000000000061,0.0,0.0,166.0,0.9999999999999999,0.0,raw_source,raw_level
price_family_ma6_structural_linked,structural_ma6,20850_montgomery_county_md__zip,median_ppsf,level,166,2012-03-31,2026-05-31,280.306747914752,31.709489332660514,1.9088261157737354,3.6920456332666727,7.120000000000061,0.0,0.0,166.0,0.9999999999999999,0.0,structural_ma6,ma6_level
price_family_ma6_structural_linked,raw_source,20850_montgomery_county_md__zip,median_sale_price,level,166,2012-03-31,2026-05-31,569975.015060241,82163.77686990562,8908.126262626261,19216.666666666675,38125.0,0.0,0.0,166.0,1.0,0.0,raw_source,raw_level
price_family_ma6_structural_linked,structural_ma6,20850_montgomery_county_md__zip,median_sale_price,level,166,2012-03-31,2026-05-31,569975.015060241,82163.77686990562,8908.126262626261,19216.666666666675,38125.0,0.0,0.0,166.0,1.0,0.0,structural_ma6,ma6_level
price_family_ma6_structural_linked,raw_source,20851_montgomery_county_md__zip,median_ppsf,level,166,2012-03-31,2026-05-31,291.9134585116847,45.25997431875396,3.4397667567898997,6.598916965566661,12.399999999999977,0.0,0.0,166.0,1.0,0.0,raw_source,raw_level
price_family_ma6_structural_linked,structural_ma6,20851_montgomery_county_md__zip,median_ppsf,level,166,2012-03-31,2026-05-31,291.9134585116847,45.25997431875396,3.4397667567898997,6.598916965566661,12.399999999999977,0.0,0.0,166.0,1.0,0.0,structural_ma6,ma6_level
price_family_ma6_structural_linked,raw_source,20851_montgomery_county_md__zip,median_sale_price,level,166,2012-03-31,2026-05-31,424561.7319277108,85511.88328809112,3849.026262626262,7041.666666666673,10833.333333333372,0.0,0.0,166.0,1.0,0.0,raw_source,raw_level
price_family_ma6_structural_linked,structural_ma6,20851_montgomery_county_md__zip,median_sale_price,level,166,2012-03-31,2026-05-31,424561.7319277108,85511.88328809112,3849.026262626262,7041.666666666673,10833.333333333372,0.0,0.0,166.0,1.0,0.0,structural_ma6,ma6_level
price_family_ma6_structural_linked,raw_source,20852_montgomery_county_md__zip,median_ppsf,level,166,2012-03-31,2026-05-31,318.3959976732339,22.372639766155014,1.8051608233161611,3.9923196171666744,6.397482244333332,0.0,0.0,166.0,1.0,0.0,raw_source,raw_level
price_family_ma6_structural_linked,structural_ma6,20852_montgomery_county_md__zip,median_ppsf,level,166,2012-03-31,2026-05-31,318.3959976732339,22.372639766155014,1.8051608233161611,3.9923196171666744,6.397482244333332,0.0,0.0,166.0,1.0,0.0,structural_ma6,ma6_level
price_family_ma6_structural_linked,raw_source,20852_montgomery_county_md__zip,median_sale_price,level,166,2012-03-31,2026-05-31,457045.4447791164,67225.4487093832,6385.996969696971,16566.666666666744,30833.333333333372,0.0,0.0,166.0,1.0,0.0,raw_source,raw_level
price_family_ma6_structural_linked,structural_ma6,20852_montgomery_county_md__zip,median_sale_price,level,166,2012-03-31,2026-05-31,457045.4447791164,67225.4487093832,6385.996969696971,16566.666666666744,30833.333333333372,0.0,0.0,166.0,1.0,0.0,structural_ma6,ma6_level
price_family_ma6_structural_linked,raw_source,20853_montgomery_county_md__zip,median_ppsf,level,166,2012-03-31,2026-05-31,246.7339997160492,27.99495363083329,1.9059918569121195,3.8483333333333007,7.210000000000036,0.0,0.0,166.0,0.9999999999999999,0.0,raw_source,raw_level
price_family_ma6_structural_linked,structural_ma6,20853_montgomery_county_md__zip,median_ppsf,level,166,2012-03-31,2026-05-31,246.7339997160492,27.99495363083329,1.9059918569121195,3.8483333333333007,7.210000000000036,0.0,0.0,166.0,0.9999999999999999,0.0,structural_ma6,ma6_level
price_family_ma6_structural_linked,raw_source,20853_montgomery_county_md__zip,median_sale_price,level,166,2012-03-31,2026-05-31,492579.2901606426,102421.90308554507,5964.061616161615,12414.933333333325,19333.333333333372,0.0,0.0,166.0,1.0,0.0,raw_source,raw_level
price_family_ma6_structural_linked,structural_ma6,20853_montgomery_county_md__zip,median_sale_price,level,166,2012-03-31,2026-05-31,492579.2901606426,102421.90308554507,5964.061616161615,12414.933333333325,19333.333333333372,0.0,0.0,166.0,1.0,0.0,structural_ma6,ma6_level
price_family_ma6_structural_linked,raw_source,20854_montgomery_county_md__zip,median_ppsf,level,166,2012-03-31,2026-05-31,299.0062656506637,34.32048848433219,2.0800129296686864,4.757616527800007,9.353333333333353,0.0,0.0,166.0,1.0,0.0,raw_source,raw_level
price_family_ma6_structural_linked,structural_ma6,20854_montgomery_county_md__zip,median_ppsf,level,166,2012-03-31,2026-05-31,299.0062656506637,34.32048848433219,2.0800129296686864,4.757616527800007,9.353333333333353,0.0,0.0,166.0,1.0,0.0,structural_ma6,ma6_level
price_family_ma6_structural_linked,raw_source,20854_montgomery_county_md__zip,median_sale_price,level,166,2012-03-31,2026-05-31,1016476.4949799196,179468.16413263,10406.12121212121,23476.666666666693,37166.666666666744,0.0,0.0,166.0,1.0,0.0,raw_source,raw_level
price_family_ma6_structural_linked,structural_ma6,20854_montgomery_county_md__zip,median_sale_price,level,166,2012-03-31,2026-05-31,1016476.4949799196,179468.16413263,10406.12121212121,23476.666666666693,37166.666666666744,0.0,0.0,166.0,1.0,0.0,structural_ma6,ma6_level
price_family_ma6_structural_linked,raw_source,20855_montgomery_county_md__zip,median_ppsf,level,166,2012-03-31,2026-05-31,230.99101528475603,32.83899392399273,2.0751734065282803,4.216494668366675,6.698760657666696,0.0,0.0,166.0,1.0,0.0,raw_source,raw_level
price_family_ma6_structural_linked,structural_ma6,20855_montgomery_county_md__zip,median_ppsf,level,166,2012-03-31,2026-05-31,230.99101528475603,32.83899392399273,2.0751734065282803,4.216494668366675,6.698760657666696,0.0,0.0,166.0,1.0,0.0,structural_ma6,ma6_level
price_family_ma6_structural_linked,raw_source,20855_montgomery_county_md__zip,median_sale_price,level,166,2012-03-31,2026-05-31,523809.3072289157,98644.18146951217,6234.658080808081,12926.666666666697,18616.666666666686,0.0,0.0,166.0,0.9999999999999999,0.0,raw_source,raw_level
price_family_ma6_structural_linked,structural_ma6,20855_montgomery_county_md__zip,median_sale_price,level,166,2012-03-31,2026-05-31,523809.3072289157,98644.18146951217,6234.658080808081,12926.666666666697,18616.666666666686,0.0,0.0,166.0,0.9999999999999999,0.0,structural_ma6,ma6_level
price_family_ma6_structural_linked,raw_source,20860_montgomery_county_md__zip,median_ppsf,level,163,2012-03-31,2026-05-31,200.1167678809857,33.651776725786235,6.4471773696069965,12.787761455816618,33.38105399900002,0.0,0.0,163.0,1.0,0.0,raw_source,raw_level
price_family_ma6_structural_linked,structural_ma6,20860_montgomery_county_md__zip,median_ppsf,level,163,2012-03-31,2026-05-31,200.1167678809857,33.651776725786235,6.4471773696069965,12.787761455816618,33.38105399900002,0.0,0.0,163.0,1.0,0.0,structural_ma6,ma6_level
price_family_ma6_structural_linked,raw_source,20860_montgomery_county_md__zip,median_sale_price,level,165,2012-03-31,2026-05-31,737252.4535353535,164854.84397225946,53065.25914634145,105758.33333333337,243166.66666666663,0.0,0.0,165.0,0.9999999999999998,0.0,raw_source,raw_level
price_family_ma6_structural_linked,structural_ma6,20860_montgomery_county_md__zip,median_sale_price,level,165,2012-03-31,2026-05-31,737252.4535353535,164854.84397225946,53065.25914634145,105758.33333333337,243166.66666666663,0.0,0.0,165.0,0.9999999999999998,0.0,structural_ma6,ma6_level
price_family_ma6_structural_linked,raw_source,20861_montgomery_county_md__zip,median_ppsf,level,166,2012-03-31,2026-05-31,206.52629586838353,35.0035560734287,5.2811586573373726,11.08100000000001,28.756666666666632,0.0,0.0,166.0,0.9999999999999998,0.0,raw_source,raw_level
price_family_ma6_structural_linked,structural_ma6,20861_montgomery_county_md__zip,median_ppsf,level,166,2012-03-31,2026-05-31,206.52629586838353,35.0035560734287,5.2811586573373726,11.08100000000001,28.756666666666632,0.0,0.0,166.0,0.9999999999999998,0.0,structural_ma6,ma6_level
price_family_ma6_structural_linked,raw_source,20861_montgomery_county_md__zip,median_sale_price,level,166,2012-03-31,2026-05-31,708640.7781124498,112810.07732495427,21799.723232323235,45108.3333333333,76666.66666666663,0.0,0.0,166.0,1.0,0.0,raw_source,raw_level
price_family_ma6_structural_linked,structural_ma6,20861_montgomery_county_md__zip,median_sale_price,level,166,2012-03-31,2026-05-31,708640.7781124498,112810.07732495427,21799.723232323235,45108.3333333333,76666.66666666663,0.0,0.0,166.0,1.0,0.0,structural_ma6,ma6_level
price_family_ma6_structural_linked,raw_source,20862_montgomery_county_md__zip,median_ppsf,level,120,2012-07-31,2026-05-31,207.79359868713473,44.29842302535303,9.325433541459384,19.96933333333331,59.211666666666645,0.0,0.0,120.0,1.0,0.0,raw_source,raw_level
price_family_ma6_structural_linked,structural_ma6,20862_montgomery_county_md__zip,median_ppsf,level,120,2012-07-31,2026-05-31,207.79359868713473,44.29842302535303,9.325433541459384,19.96933333333331,59.211666666666645,0.0,0.0,120.0,1.0,0.0,structural_ma6,ma6_level
price_family_ma6_structural_linked,raw_source,20862_montgomery_county_md__zip,median_sale_price,level,120,2012-07-31,2026-05-31,728621.6125,138765.32886855162,33313.66526610644,79383.33333333337,181716.66666666663,0.0,0.0,120.0,0.9999999999999998,0.0,raw_source,raw_level
price_family_ma6_structural_linked,structural_ma6,20862_montgomery_county_md__zip,median_sale_price,level,120,2012-07-31,2026-05-31,728621.6125,138765.32886855162,33313.66526610644,79383.33333333337,181716.66666666663,0.0,0.0,120.0,0.9999999999999998,0.0,structural_ma6,ma6_level
price_family_ma6_structural_linked,raw_source,20866_montgomery_county_md__zip,median_ppsf,level,166,2012-03-31,2026-05-31,211.52018867954416,31.002136493562553,2.5252940127212105,5.2130000000000045,9.50666666666666,0.0,0.0,166.0,0.9999999999999999,0.0,raw_source,raw_level
price_family_ma6_structural_linked,structural_ma6,20866_montgomery_county_md__zip,median_ppsf,level,166,2012-03-31,2026-05-31,211.52018867954416,31.002136493562553,2.5252940127212105,5.2130000000000045,9.50666666666666,0.0,0.0,166.0,0.9999999999999999,0.0,structural_ma6,ma6_level
price_family_ma6_structural_linked,raw_source,20866_montgomery_county_md__zip,median_sale_price,level,166,2012-03-31,2026-05-31,348607.7449799197,68815.33124176884,4980.541414141414,12418.333333333348,22500.0,0.0,0.0,166.0,1.0,0.0,raw_source,raw_level
price_family_ma6_structural_linked,structural_ma6,20866_montgomery_county_md__zip,median_sale_price,level,166,2012-03-31,2026-05-31,348607.7449799197,68815.33124176884,4980.541414141414,12418.333333333348,22500.0,0.0,0.0,166.0,1.0,0.0,structural_ma6,ma6_level
price_family_ma6_structural_linked,raw_source,20868_montgomery_county_md__zip,median_ppsf,level,103,2012-05-31,2026-02-28,208.00935727247085,42.87707215487932,10.387005332263069,24.47789562510001,33.807570279333305,0.0,0.0,103.0,1.0,0.0,raw_source,raw_level
price_family_ma6_structural_linked,structural_ma6,20868_montgomery_county_md__zip,median_ppsf,level,103,2012-05-31,2026-02-28,208.00935727247085,42.87707215487932,10.387005332263069,24.47789562510001,33.807570279333305,0.0,0.0,103.0,1.0,0.0,structural_ma6,ma6_level
price_family_ma6_structural_linked,raw_source,20868_montgomery_county_md__zip,median_sale_price,level,103,2012-05-31,2026-02-28,624969.7961165048,165534.89253742015,38053.689542483655,87208.33333333336,156249.99999999994,0.0,0.0,103.0,0.9999999999999998,0.0,raw_source,raw_level
price_family_ma6_structural_linked,structural_ma6,20868_montgomery_county_md__zip,median_sale_price,level,103,2012-05-31,2026-02-28,624969.7961165048,165534.89253742015,38053.689542483655,87208.33333333336,156249.99999999994,0.0,0.0,103.0,0.9999999999999998,0.0,structural_ma6,ma6_level
price_family_ma6_structural_linked,raw_source,20871_montgomery_county_md__zip,median_ppsf,level,166,2012-03-31,2026-05-31,190.80431904145078,30.034489002211963,1.5984815540878785,3.261666666666673,6.271666666666647,0.0,0.0,166.0,1.0,0.0,raw_source,raw_level
price_family_ma6_structural_linked,structural_ma6,20871_montgomery_county_md__zip,median_ppsf,level,166,2012-03-31,2026-05-31,190.80431904145078,30.034489002211963,1.5984815540878785,3.261666666666673,6.271666666666647,0.0,0.0,166.0,1.0,0.0,structural_ma6,ma6_level
price_family_ma6_structural_linked,raw_source,20871_montgomery_county_md__zip,median_sale_price,level,166,2012-03-31,2026-05-31,494964.4789156627,85768.1260376399,4100.361616161614,8177.500000000021,14166.666666666686,0.0,0.0,166.0,1.0,0.0,raw_source,raw_level
price_family_ma6_structural_linked,structural_ma6,20871_montgomery_county_md__zip,median_sale_price,level,166,2012-03-31,2026-05-31,494964.4789156627,85768.1260376399,4100.361616161614,8177.500000000021,14166.666666666686,0.0,0.0,166.0,1.0,0.0,structural_ma6,ma6_level
price_family_ma6_structural_linked,raw_source,20872_montgomery_county_md__zip,median_ppsf,level,166,2012-03-31,2026-05-31,198.68816224517673,30.536647780785398,2.045759352026263,4.479139417866657,7.085000000000008,0.0,0.0,166.0,1.0,0.0,raw_source,raw_level
price_family_ma6_structural_linked,structural_ma6,20872_montgomery_county_md__zip,median_ppsf,level,166,2012-03-31,2026-05-31,198.68816224517673,30.536647780785398,2.045759352026263,4.479139417866657,7.085000000000008,0.0,0.0,166.0,1.0,0.0,structural_ma6,ma6_level
price_family_ma6_structural_linked,raw_source,20872_montgomery_county_md__zip,median_sale_price,level,166,2012-03-31,2026-05-31,404075.8463855422,90734.7249633113,5088.733333333334,10304.416666666673,17916.666666666628,0.0,0.0,166.0,1.0,0.0,raw_source,raw_level
price_family_ma6_structural_linked,structural_ma6,20872_montgomery_county_md__zip,median_sale_price,level,166,2012-03-31,2026-05-31,404075.8463855422,90734.7249633113,5088.733333333334,10304.416666666673,17916.666666666628,0.0,0.0,166.0,1.0,0.0,structural_ma6,ma6_level
price_family_ma6_structural_linked,raw_source,20874_montgomery_county_md__zip,median_ppsf,level,166,2012-03-31,2026-05-31,202.36802218354018,35.93060485867177,1.2411140806121206,2.6224935469,3.524668734666676,0.0,0.0,166.0,1.0,0.0,raw_source,raw_level
price_family_ma6_structural_linked,structural_ma6,20874_montgomery_county_md__zip,median_ppsf,level,166,2012-03-31,2026-05-31,202.36802218354018,35.93060485867177,1.2411140806121206,2.6224935469,3.524668734666676,0.0,0.0,166.0,1.0,0.0,structural_ma6,ma6_level
price_family_ma6_structural_linked,raw_source,20874_montgomery_county_md__zip,median_sale_price,level,166,2012-03-31,2026-05-31,321585.99799196783,61540.144689244386,2742.1606060606073,6025.000000000012,10541.666666666657,0.0,0.0,166.0,1.0,0.0,raw_source,raw_level
price_family_ma6_structural_linked,structural_ma6,20874_montgomery_county_md__zip,median_sale_price,level,166,2012-03-31,2026-05-31,321585.99799196783,61540.144689244386,2742.1606060606073,6025.000000000012,10541.666666666657,0.0,0.0,166.0,1.0,0.0,structural_ma6,ma6_level
price_family_ma6_structural_linked,raw_source,20876_montgomery_county_md__zip,median_ppsf,level,166,2012-03-31,2026-05-31,196.5748579598534,33.57397431351281,1.5270562304686857,3.024867412533308,5.5449999999999875,0.0,0.0,166.0,1.0,0.0,raw_source,raw_level
price_family_ma6_structural_linked,structural_ma6,20876_montgomery_county_md__zip,median_ppsf,level,166,2012-03-31,2026-05-31,196.5748579598534,33.57397431351281,1.5270562304686857,3.024867412533308,5.5449999999999875,0.0,0.0,166.0,1.0,0.0,structural_ma6,ma6_level
price_family_ma6_structural_linked,raw_source,20876_montgomery_county_md__zip,median_sale_price,level,166,2012-03-31,2026-05-31,354470.1516064257,69146.49848101952,6029.825252525252,12683.333333333323,18925.0,0.0,0.0,166.0,1.0,0.0,raw_source,raw_level
price_family_ma6_structural_linked,structural_ma6,20876_montgomery_county_md__zip,median_sale_price,level,166,2012-03-31,2026-05-31,354470.1516064257,69146.49848101952,6029.825252525252,12683.333333333323,18925.0,0.0,0.0,166.0,1.0,0.0,structural_ma6,ma6_level
price_family_ma6_structural_linked,raw_source,20877_montgomery_county_md__zip,median_ppsf,level,166,2012-03-31,2026-05-31,191.4765613282239,30.763679394239173,1.8237857242747444,3.786819146733336,7.68738694000001,0.0,0.0,166.0,1.0,0.0,raw_source,raw_level
price_family_ma6_structural_linked,structural_ma6,20877_montgomery_county_md__zip,median_ppsf,level,166,2012-03-31,2026-05-31,191.4765613282239,30.763679394239173,1.8237857242747444,3.786819146733336,7.68738694000001,0.0,0.0,166.0,1.0,0.0,structural_ma6,ma6_level
price_family_ma6_structural_linked,raw_source,20877_montgomery_county_md__zip,median_sale_price,level,166,2012-03-31,2026-05-31,375116.1134538153,75304.86175713774,5758.988888888889,12166.666666666662,17500.0,0.0,0.0,166.0,1.0,0.0,raw_source,raw_level
price_family_ma6_structural_linked,structural_ma6,20877_montgomery_county_md__zip,median_sale_price,level,166,2012-03-31,2026-05-31,375116.1134538153,75304.86175713774,5758.988888888889,12166.666666666662,17500.0,0.0,0.0,166.0,1.0,0.0,structural_ma6,ma6_level
price_family_ma6_structural_linked,raw_source,20878_montgomery_county_md__zip,median_ppsf,level,166,2012-03-31,2026-05-31,249.50221535533134,30.550084030692553,1.718732510883838,3.5057121132000133,5.399999999999977,0.0,0.0,166.0,0.9999999999999999,0.0,raw_source,raw_level
price_family_ma6_structural_linked,structural_ma6,20878_montgomery_county_md__zip,median_ppsf,level,166,2012-03-31,2026-05-31,249.50221535533134,30.550084030692553,1.718732510883838,3.5057121132000133,5.399999999999977,0.0,0.0,166.0,0.9999999999999999,0.0,structural_ma6,ma6_level
price_family_ma6_structural_linked,raw_source,20878_montgomery_county_md__zip,median_sale_price,level,166,2012-03-31,2026-05-31,552310.0863453815,97079.23457726801,8331.868686868685,17087.733333333315,22083.333333333314,0.0,0.0,166.0,1.0,0.0,raw_source,raw_level
price_family_ma6_structural_linked,structural_ma6,20878_montgomery_county_md__zip,median_sale_price,level,166,2012-03-31,2026-05-31,552310.0863453815,97079.23457726801,8331.868686868685,17087.733333333315,22083.333333333314,0.0,0.0,166.0,1.0,0.0,structural_ma6,ma6_level
price_family_ma6_structural_linked,raw_source,20879_montgomery_county_md__zip,median_ppsf,level,166,2012-03-31,2026-05-31,200.77850703277608,33.82704626471976,2.0166756305404037,3.952891779533303,6.763994530833315,0.0,0.0,166.0,0.9999999999999998,0.0,raw_source,raw_level
price_family_ma6_structural_linked,structural_ma6,20879_montgomery_county_md__zip,median_ppsf,level,166,2012-03-31,2026-05-31,200.77850703277608,33.82704626471976,2.0166756305404037,3.952891779533303,6.763994530833315,0.0,0.0,166.0,0.9999999999999998,0.0,structural_ma6,ma6_level
price_family_ma6_structural_linked,raw_source,20879_montgomery_county_md__zip,median_sale_price,level,166,2012-03-31,2026-05-31,338597.2700803213,69631.03399104728,3171.5272727272727,6669.999999999988,11825.00000000003,0.0,0.0,166.0,1.0,0.0,raw_source,raw_level
price_family_ma6_structural_linked,structural_ma6,20879_montgomery_county_md__zip,median_sale_price,level,166,2012-03-31,2026-05-31,338597.2700803213,69631.03399104728,3171.5272727272727,6669.999999999988,11825.00000000003,0.0,0.0,166.0,1.0,0.0,structural_ma6,ma6_level
price_family_ma6_structural_linked,raw_source,20880_montgomery_county_md__zip,median_ppsf,level,128,2012-03-31,2026-05-31,272.7118172281289,58.0892157223072,12.559785695076114,29.99232354893335,73.91500000000002,0.0,0.0,128.0,1.0,0.0,raw_source,raw_level
price_family_ma6_structural_linked,structural_ma6,20880_montgomery_county_md__zip,median_ppsf,level,128,2012-03-31,2026-05-31,272.7118172281289,58.0892157223072,12.559785695076114,29.99232354893335,73.91500000000002,0.0,0.0,128.0,1.0,0.0,structural_ma6,ma6_level
price_family_ma6_structural_linked,raw_source,20880_montgomery_county_md__zip,median_sale_price,level,128,2012-03-31,2026-05-31,517122.5182291667,113807.86866379394,23301.041994750653,47159.999999999985,91666.66666666663,0.0,0.0,128.0,1.0,0.0,raw_source,raw_level
price_family_ma6_structural_linked,structural_ma6,20880_montgomery_county_md__zip,median_sale_price,level,128,2012-03-31,2026-05-31,517122.5182291667,113807.86866379394,23301.041994750653,47159.999999999985,91666.66666666663,0.0,0.0,128.0,1.0,0.0,structural_ma6,ma6_level
price_family_ma6_structural_linked,raw_source,20882_montgomery_county_md__zip,median_ppsf,level,166,2012-03-31,2026-05-31,191.2857645393745,30.414836613866207,2.162833926221213,4.305557132066673,7.6066666666666265,0.0,0.0,166.0,1.0,0.0,raw_source,raw_level
price_family_ma6_structural_linked,structural_ma6,20882_montgomery_county_md__zip,median_ppsf,level,166,2012-03-31,2026-05-31,191.2857645393745,30.414836613866207,2.162833926221213,4.305557132066673,7.6066666666666265,0.0,0.0,166.0,1.0,0.0,structural_ma6,ma6_level
price_family_ma6_structural_linked,raw_source,20882_montgomery_county_md__zip,median_sale_price,level,166,2012-03-31,2026-05-31,610193.6516064258,122950.47711563345,9785.885858585856,20866.66666666665,32500.0,0.0,0.0,166.0,1.0,0.0,raw_source,raw_level
price_family_ma6_structural_linked,structural_ma6,20882_montgomery_county_md__zip,median_sale_price,level,166,2012-03-31,2026-05-31,610193.6516064258,122950.47711563345,9785.885858585856,20866.66666666665,32500.0,0.0,0.0,166.0,1.0,0.0,structural_ma6,ma6_level
price_family_ma6_structural_linked,raw_source,20884_montgomery_county_md__zip,median_ppsf,level,111,2012-05-31,2025-09-30,263.31935063234687,41.689586872761225,10.549516360649998,21.307222809300026,30.93538617116667,0.0,0.0,111.0,1.0,0.0,raw_source,raw_level
price_family_ma6_structural_linked,structural_ma6,20884_montgomery_county_md__zip,median_ppsf,level,111,2012-05-31,2025-09-30,263.31935063234687,41.689586872761225,10.549516360649998,21.307222809300026,30.93538617116667,0.0,0.0,111.0,1.0,0.0,structural_ma6,ma6_level
price_family_ma6_structural_linked,raw_source,20884_montgomery_county_md__zip,median_sale_price,level,111,2012-05-31,2025-09-30,427006.15315315314,95661.77939809696,9703.930303030302,17550.000000000004,29000.0,0.0,0.0,111.0,1.0,0.0,raw_source,raw_level
price_family_ma6_structural_linked,structural_ma6,20884_montgomery_county_md__zip,median_sale_price,level,111,2012-05-31,2025-09-30,427006.15315315314,95661.77939809696,9703.930303030302,17550.000000000004,29000.0,0.0,0.0,111.0,1.0,0.0,structural_ma6,ma6_level
price_family_ma6_structural_linked,raw_source,20886_montgomery_county_md__zip,median_ppsf,level,166,2012-03-31,2026-05-31,184.4068629493022,38.188673532890434,1.6368313714838392,3.197666666666674,6.435000000000059,0.0,0.0,166.0,1.0,0.0,raw_source,raw_level
price_family_ma6_structural_linked,structural_ma6,20886_montgomery_county_md__zip,median_ppsf,level,166,2012-03-31,2026-05-31,184.4068629493022,38.188673532890434,1.6368313714838392,3.197666666666674,6.435000000000059,0.0,0.0,166.0,1.0,0.0,structural_ma6,ma6_level
price_family_ma6_structural_linked,raw_source,20886_montgomery_county_md__zip,median_sale_price,level,166,2012-03-31,2026-05-31,298204.1857429719,72837.07605610856,3337.5393939393953,6583.299999999988,17530.833333333314,0.0,0.0,166.0,1.0,0.0,raw_source,raw_level
price_family_ma6_structural_linked,structural_ma6,20886_montgomery_county_md__zip,median_sale_price,level,166,2012-03-31,2026-05-31,298204.1857429719,72837.07605610856,3337.5393939393953,6583.299999999988,17530.833333333314,0.0,0.0,166.0,1.0,0.0,structural_ma6,ma6_level
price_family_ma6_structural_linked,raw_source,20889_montgomery_county_md__zip,median_ppsf,level,19,2013-04-30,2024-10-31,342.9545901513158,74.35916273805287,23.627504083916662,53.42906409533329,53.42906409533339,0.0,0.0,19.0,1.0,0.0,raw_source,raw_level
price_family_ma6_structural_linked,structural_ma6,20889_montgomery_county_md__zip,median_ppsf,level,19,2013-04-30,2024-10-31,342.9545901513158,74.35916273805287,23.627504083916662,53.42906409533329,53.42906409533339,0.0,0.0,19.0,1.0,0.0,structural_ma6,ma6_level
price_family_ma6_structural_linked,raw_source,20889_montgomery_county_md__zip,median_sale_price,level,19,2013-04-30,2024-10-31,1161789.4736842106,208110.63396905956,78375.00000000001,166316.66666666672,181833.33333333337,0.0,0.0,19.0,1.0,0.0,raw_source,raw_level
price_family_ma6_structural_linked,structural_ma6,20889_montgomery_county_md__zip,median_sale_price,level,19,2013-04-30,2024-10-31,1161789.4736842106,208110.63396905956,78375.00000000001,166316.66666666672,181833.33333333337,0.0,0.0,19.0,1.0,0.0,structural_ma6,ma6_level
price_family_ma6_structural_linked,raw_source,20894_montgomery_county_md__zip,median_ppsf,level,13,2012-04-30,2024-12-31,460.01512902807696,29.6545572646555,13.754085874708338,23.74680620483331,23.746806204833433,0.0,0.0,13.0,1.0,0.0,raw_source,raw_level
price_family_ma6_structural_linked,structural_ma6,20894_montgomery_county_md__zip,median_ppsf,level,13,2012-04-30,2024-12-31,460.01512902807696,29.6545572646555,13.754085874708338,23.74680620483331,23.746806204833433,0.0,0.0,13.0,1.0,0.0,structural_ma6,ma6_level
price_family_ma6_structural_linked,raw_source,20894_montgomery_county_md__zip,median_sale_price,level,13,2012-04-30,2024-12-31,1043653.8461538461,225262.58814599822,56458.333333333336,139166.66666666663,139166.66666666674,0.0,0.0,13.0,0.9999999999999999,0.0,raw_source,raw_level
price_family_ma6_structural_linked,structural_ma6,20894_montgomery_county_md__zip,median_sale_price,level,13,2012-04-30,2024-12-31,1043653.8461538461,225262.58814599822,56458.333333333336,139166.66666666663,139166.66666666674,0.0,0.0,13.0,0.9999999999999999,0.0,structural_ma6,ma6_level
price_family_ma6_structural_linked,raw_source,20895_montgomery_county_md__zip,median_ppsf,level,166,2012-03-31,2026-05-31,331.09183371629314,32.237607583081754,3.488161617214143,7.252446047733371,11.909999999999968,0.0,0.0,166.0,1.0,0.0,raw_source,raw_level
price_family_ma6_structural_linked,structural_ma6,20895_montgomery_county_md__zip,median_ppsf,level,166,2012-03-31,2026-05-31,331.09183371629314,32.237607583081754,3.488161617214143,7.252446047733371,11.909999999999968,0.0,0.0,166.0,1.0,0.0,structural_ma6,ma6_level
price_family_ma6_structural_linked,raw_source,20895_montgomery_county_md__zip,median_sale_price,level,166,2012-03-31,2026-05-31,642227.1616465863,127563.70533652298,10036.974747474746,18650.0,34282.83333333337,0.0,0.0,166.0,1.0,0.0,raw_source,raw_level
price_family_ma6_structural_linked,structural_ma6,20895_montgomery_county_md__zip,median_sale_price,level,166,2012-03-31,2026-05-31,642227.1616465863,127563.70533652298,10036.974747474746,18650.0,34282.83333333337,0.0,0.0,166.0,1.0,0.0,structural_ma6,ma6_level
price_family_ma6_structural_linked,raw_source,20896_montgomery_county_md__zip,median_ppsf,level,156,2012-04-30,2026-05-31,396.94636919615067,70.6638894812704,17.48732944883441,35.84433333333334,101.41666666666663,0.0,0.0,156.0,1.0,0.0,raw_source,raw_level
price_family_ma6_structural_linked,structural_ma6,20896_montgomery_county_md__zip,median_ppsf,level,156,2012-04-30,2026-05-31,396.94636919615067,70.6638894812704,17.48732944883441,35.84433333333334,101.41666666666663,0.0,0.0,156.0,1.0,0.0,structural_ma6,ma6_level
price_family_ma6_structural_linked,raw_source,20896_montgomery_county_md__zip,median_sale_price,level,156,2012-04-30,2026-05-31,922182.8931623932,204623.54324898773,38830.573118279564,81366.66666666658,151666.66666666674,0.0,0.0,156.0,1.0,0.0,raw_source,raw_level
price_family_ma6_structural_linked,structural_ma6,20896_montgomery_county_md__zip,median_sale_price,level,156,2012-04-30,2026-05-31,922182.8931623932,204623.54324898773,38830.573118279564,81366.66666666658,151666.66666666674,0.0,0.0,156.0,1.0,0.0,structural_ma6,ma6_level
price_family_ma6_structural_linked,raw_source,20901_montgomery_county_md__zip,median_ppsf,level,166,2012-03-31,2026-05-31,278.8427519941687,29.813860433413677,3.2279226850929303,6.683624272266648,10.828333333333376,0.0,0.0,166.0,1.0,0.0,raw_source,raw_level
price_family_ma6_structural_linked,structural_ma6,20901_montgomery_county_md__zip,median_ppsf,level,166,2012-03-31,2026-05-31,278.8427519941687,29.813860433413677,3.2279226850929303,6.683624272266648,10.828333333333376,0.0,0.0,166.0,1.0,0.0,structural_ma6,ma6_level
price_family_ma6_structural_linked,raw_source,20901_montgomery_county_md__zip,median_sale_price,level,166,2012-03-31,2026-05-31,488074.639558233,87510.92444203995,5713.934343434341,10833.33333333329,19083.333333333372,0.0,0.0,166.0,1.0,0.0,raw_source,raw_level
price_family_ma6_structural_linked,structural_ma6,20901_montgomery_county_md__zip,median_sale_price,level,166,2012-03-31,2026-05-31,488074.639558233,87510.92444203995,5713.934343434341,10833.33333333329,19083.333333333372,0.0,0.0,166.0,1.0,0.0,structural_ma6,ma6_level
price_family_ma6_structural_linked,raw_source,20902_montgomery_county_md__zip,median_ppsf,level,166,2012-03-31,2026-05-31,257.88678819568474,28.049966088156953,2.514506862060604,4.9299682522666615,7.238364876333321,0.0,0.0,166.0,0.9999999999999999,0.0,raw_source,raw_level
price_family_ma6_structural_linked,structural_ma6,20902_montgomery_county_md__zip,median_ppsf,level,166,2012-03-31,2026-05-31,257.88678819568474,28.049966088156953,2.514506862060604,4.9299682522666615,7.238364876333321,0.0,0.0,166.0,0.9999999999999999,0.0,structural_ma6,ma6_level
price_family_ma6_structural_linked,raw_source,20902_montgomery_county_md__zip,median_sale_price,level,166,2012-03-31,2026-05-31,432265.3162650602,80812.01531110783,4092.786868686871,8066.666666666626,14416.666666666686,0.0,0.0,166.0,1.0,0.0,raw_source,raw_level
price_family_ma6_structural_linked,structural_ma6,20902_montgomery_county_md__zip,median_sale_price,level,166,2012-03-31,2026-05-31,432265.3162650602,80812.01531110783,4092.786868686871,8066.666666666626,14416.666666666686,0.0,0.0,166.0,1.0,0.0,structural_ma6,ma6_level
price_family_ma6_structural_linked,raw_source,20903_montgomery_county_md__zip,median_ppsf,level,166,2012-03-31,2026-05-31,215.886207605752,24.242660606335907,3.3169936337414154,6.034289898333338,14.733592581166675,0.0,0.0,166.0,1.0,0.0,raw_source,raw_level
price_family_ma6_structural_linked,structural_ma6,20903_montgomery_county_md__zip,median_ppsf,level,166,2012-03-31,2026-05-31,215.886207605752,24.242660606335907,3.3169936337414154,6.034289898333338,14.733592581166675,0.0,0.0,166.0,1.0,0.0,structural_ma6,ma6_level
price_family_ma6_structural_linked,raw_source,20903_montgomery_county_md__zip,median_sale_price,level,166,2012-03-31,2026-05-31,400388.4678714859,77898.87291268165,6340.135353535353,13416.66666666667,37483.333333333314,0.0,0.0,166.0,0.9999999999999998,0.0,raw_source,raw_level
price_family_ma6_structural_linked,structural_ma6,20903_montgomery_county_md__zip,median_sale_price,level,166,2012-03-31,2026-05-31,400388.4678714859,77898.87291268165,6340.135353535353,13416.66666666667,37483.333333333314,0.0,0.0,166.0,0.9999999999999998,0.0,structural_ma6,ma6_level
price_family_ma6_structural_linked,raw_source,20904_montgomery_county_md__zip,median_ppsf,level,166,2012-03-31,2026-05-31,209.5833475671014,29.186014609311364,1.3598323067474754,2.628863199999989,5.483333333333292,0.0,0.0,166.0,1.0,0.0,raw_source,raw_level
price_family_ma6_structural_linked,structural_ma6,20904_montgomery_county_md__zip,median_ppsf,level,166,2012-03-31,2026-05-31,209.5833475671014,29.186014609311364,1.3598323067474754,2.628863199999989,5.483333333333292,0.0,0.0,166.0,1.0,0.0,structural_ma6,ma6_level
price_family_ma6_structural_linked,raw_source,20904_montgomery_county_md__zip,median_sale_price,level,166,2012-03-31,2026-05-31,449079.032128514,88531.11991820927,4837.717171717173,9436.66666666665,19500.0,0.0,0.0,166.0,1.0,0.0,raw_source,raw_level
price_family_ma6_structural_linked,structural_ma6,20904_montgomery_county_md__zip,median_sale_price,level,166,2012-03-31,2026-05-31,449079.032128514,88531.11991820927,4837.717171717173,9436.66666666665,19500.0,0.0,0.0,166.0,1.0,0.0,structural_ma6,ma6_level
price_family_ma6_structural_linked,raw_source,20905_montgomery_county_md__zip,median_ppsf,level,166,2012-03-31,2026-05-31,209.79701722654218,29.54573399616978,1.8397276649555578,3.6138640335333716,6.18333333333328,0.0,0.0,166.0,1.0,0.0,raw_source,raw_level
price_family_ma6_structural_linked,structural_ma6,20905_montgomery_county_md__zip,median_ppsf,level,166,2012-03-31,2026-05-31,209.79701722654218,29.54573399616978,1.8397276649555578,3.6138640335333716,6.18333333333328,0.0,0.0,166.0,1.0,0.0,structural_ma6,ma6_level
price_family_ma6_structural_linked,raw_source,20905_montgomery_county_md__zip,median_sale_price,level,166,2012-03-31,2026-05-31,527697.173694779,99464.02136123268,4281.324242424243,8333.333333333372,15000.0,0.0,0.0,166.0,1.0,0.0,raw_source,raw_level
price_family_ma6_structural_linked,structural_ma6,20905_montgomery_county_md__zip,median_sale_price,level,166,2012-03-31,2026-05-31,527697.173694779,99464.02136123268,4281.324242424243,8333.333333333372,15000.0,0.0,0.0,166.0,1.0,0.0,structural_ma6,ma6_level
price_family_ma6_structural_linked,raw_source,20906_montgomery_county_md__zip,median_ppsf,level,166,2012-03-31,2026-05-31,198.59823923228717,31.61897870950185,1.4800524186787887,3.0656832881999945,4.576666666666654,0.0,0.0,166.0,1.0,0.0,raw_source,raw_level
price_family_ma6_structural_linked,structural_ma6,20906_montgomery_county_md__zip,median_ppsf,level,166,2012-03-31,2026-05-31,198.59823923228717,31.61897870950185,1.4800524186787887,3.0656832881999945,4.576666666666654,0.0,0.0,166.0,1.0,0.0,structural_ma6,ma6_level
price_family_ma6_structural_linked,raw_source,20906_montgomery_county_md__zip,median_sale_price,level,166,2012-03-31,2026-05-31,313669.9889558233,54764.68975928219,3843.494949494949,7083.333333333314,13416.666666666628,0.0,0.0,166.0,1.0,0.0,raw_source,raw_level
price_family_ma6_structural_linked,structural_ma6,20906_montgomery_county_md__zip,median_sale_price,level,166,2012-03-31,2026-05-31,313669.9889558233,54764.68975928219,3843.494949494949,7083.333333333314,13416.666666666628,0.0,0.0,166.0,1.0,0.0,structural_ma6,ma6_level
price_family_ma6_structural_linked,raw_source,20907_montgomery_county_md__zip,median_ppsf,level,45,2013-11-30,2025-08-31,333.85671086794446,55.87254426608339,13.387607449632577,30.971522414350037,40.87022746450003,0.0,0.0,45.0,0.9999999999999999,0.0,raw_source,raw_level
price_family_ma6_structural_linked,structural_ma6,20907_montgomery_county_md__zip,median_ppsf,level,45,2013-11-30,2025-08-31,333.85671086794446,55.87254426608339,13.387607449632577,30.971522414350037,40.87022746450003,0.0,0.0,45.0,0.9999999999999999,0.0,structural_ma6,ma6_level
price_family_ma6_structural_linked,raw_source,20907_montgomery_county_md__zip,median_sale_price,level,45,2013-11-30,2025-08-31,711994.4444444445,79605.33697481436,11535.984848484844,25525.00000000002,39500.0,0.0,0.0,45.0,0.9999999999999998,0.0,raw_source,raw_level
price_family_ma6_structural_linked,structural_ma6,20907_montgomery_county_md__zip,median_sale_price,level,45,2013-11-30,2025-08-31,711994.4444444445,79605.33697481436,11535.984848484844,25525.00000000002,39500.0,0.0,0.0,45.0,0.9999999999999998,0.0,structural_ma6,ma6_level
price_family_ma6_structural_linked,raw_source,20910_montgomery_county_md__zip,median_ppsf,level,166,2012-03-31,2026-05-31,334.4924625673564,24.39789910922061,2.683722136038386,4.951999999999974,9.956666666666706,0.0,0.0,166.0,1.0,0.0,raw_source,raw_level
price_family_ma6_structural_linked,structural_ma6,20910_montgomery_county_md__zip,median_ppsf,level,166,2012-03-31,2026-05-31,334.4924625673564,24.39789910922061,2.683722136038386,4.951999999999974,9.956666666666706,0.0,0.0,166.0,1.0,0.0,structural_ma6,ma6_level
price_family_ma6_structural_linked,raw_source,20910_montgomery_county_md__zip,median_sale_price,level,166,2012-03-31,2026-05-31,532520.5843373494,72148.14143436818,9185.80404040404,18836.400000000045,35833.333333333256,0.0,0.0,166.0,1.0,0.0,raw_source,raw_level
price_family_ma6_structural_linked,structural_ma6,20910_montgomery_county_md__zip,median_sale_price,level,166,2012-03-31,2026-05-31,532520.5843373494,72148.14143436818,9185.80404040404,18836.400000000045,35833.333333333256,0.0,0.0,166.0,1.0,0.0,structural_ma6,ma6_level
price_family_ma6_structural_linked,raw_source,20912_montgomery_county_md__zip,median_ppsf,level,166,2012-03-31,2026-05-31,303.87875105428617,44.74982509772565,5.9509651626899,12.00132042293333,16.85166666666663,0.0,0.0,166.0,1.0,0.0,raw_source,raw_level
price_family_ma6_structural_linked,structural_ma6,20912_montgomery_county_md__zip,median_ppsf,level,166,2012-03-31,2026-05-31,303.87875105428617,44.74982509772565,5.9509651626899,12.00132042293333,16.85166666666663,0.0,0.0,166.0,1.0,0.0,structural_ma6,ma6_level
price_family_ma6_structural_linked,raw_source,20912_montgomery_county_md__zip,median_sale_price,level,166,2012-03-31,2026-05-31,510504.8855421687,125281.52305224257,10662.2101010101,21783.33333333331,40833.33333333337,0.0,0.0,166.0,1.0,0.0,raw_source,raw_level
price_family_ma6_structural_linked,structural_ma6,20912_montgomery_county_md__zip,median_sale_price,level,166,2012-03-31,2026-05-31,510504.8855421687,125281.52305224257,10662.2101010101,21783.33333333331,40833.33333333337,0.0,0.0,166.0,1.0,0.0,structural_ma6,ma6_level
price_family_ma6_structural_linked,raw_source,20913_montgomery_county_md__zip,median_ppsf,level,32,2012-04-30,2024-01-31,488.8630315581719,97.49160604963102,32.00724912105914,51.15666666666675,58.063271604833346,0.0,0.0,32.0,1.0,0.0,raw_source,raw_level
price_family_ma6_structural_linked,structural_ma6,20913_montgomery_county_md__zip,median_ppsf,level,32,2012-04-30,2024-01-31,488.8630315581719,97.49160604963102,32.00724912105914,51.15666666666675,58.063271604833346,0.0,0.0,32.0,1.0,0.0,structural_ma6,ma6_level
price_family_ma6_structural_linked,raw_source,20913_montgomery_county_md__zip,median_sale_price,level,32,2012-04-30,2024-01-31,774476.5625,158144.9292686737,46986.55913978495,77500.0,79166.66666666674,0.0,0.0,32.0,1.0,0.0,raw_source,raw_level
price_family_ma6_structural_linked,structural_ma6,20913_montgomery_county_md__zip,median_sale_price,level,32,2012-04-30,2024-01-31,774476.5625,158144.9292686737,46986.55913978495,77500.0,79166.66666666674,0.0,0.0,32.0,1.0,0.0,structural_ma6,ma6_level
price_family_ma6_structural_linked,raw_source,20914_montgomery_county_md__zip,median_ppsf,level,28,2012-04-30,2026-04-30,212.87493123186906,17.98851978184436,4.646187297333334,11.66449200340001,14.61555660766669,0.0,0.0,28.0,0.9999999999999998,0.0,raw_source,raw_level
price_family_ma6_structural_linked,structural_ma6,20914_montgomery_county_md__zip,median_ppsf,level,28,2012-04-30,2026-04-30,212.87493123186906,17.98851978184436,4.646187297333334,11.66449200340001,14.61555660766669,0.0,0.0,28.0,0.9999999999999998,0.0,structural_ma6,ma6_level
price_family_ma6_structural_linked,raw_source,20914_montgomery_county_md__zip,median_sale_price,level,28,2012-04-30,2026-04-30,376502.9761904762,49974.46097831857,4885.802469135803,15150.00000000003,16750.0,0.0,0.0,28.0,1.0,0.0,raw_source,raw_level
price_family_ma6_structural_linked,structural_ma6,20914_montgomery_county_md__zip,median_sale_price,level,28,2012-04-30,2026-04-30,376502.9761904762,49974.46097831857,4885.802469135803,15150.00000000003,16750.0,0.0,0.0,28.0,1.0,0.0,structural_ma6,ma6_level
price_family_ma6_structural_linked,raw_source,20918_montgomery_county_md__zip,median_ppsf,level,57,2012-04-30,2025-10-31,294.1746354750526,61.477690439828805,14.61991088388095,29.564999999999998,37.49146717499997,0.0,0.0,57.0,1.0,0.0,raw_source,raw_level
price_family_ma6_structural_linked,structural_ma6,20918_montgomery_county_md__zip,median_ppsf,level,57,2012-04-30,2025-10-31,294.1746354750526,61.477690439828805,14.61991088388095,29.564999999999998,37.49146717499997,0.0,0.0,57.0,1.0,0.0,structural_ma6,ma6_level
price_family_ma6_structural_linked,raw_source,20918_montgomery_county_md__zip,median_sale_price,level,57,2012-04-30,2025-10-31,517489.08771929826,107942.82730738624,15837.035714285716,24741.666666666657,48966.5,0.0,0.0,57.0,0.9999999999999999,0.0,raw_source,raw_level
price_family_ma6_structural_linked,structural_ma6,20918_montgomery_county_md__zip,median_sale_price,level,57,2012-04-30,2025-10-31,517489.08771929826,107942.82730738624,15837.035714285716,24741.666666666657,48966.5,0.0,0.0,57.0,0.9999999999999999,0.0,structural_ma6,ma6_level
price_family_ma6_structural_linked,raw_source,20993_montgomery_county_md__zip,median_ppsf,level,32,2012-05-31,2023-04-30,228.36557621081772,25.906991721488964,6.580113260962369,14.579442888166682,14.764910988333327,0.0,0.0,32.0,1.0,0.0,raw_source,raw_level
price_family_ma6_structural_linked,structural_ma6,20993_montgomery_county_md__zip,median_ppsf,level,32,2012-05-31,2023-04-30,228.36557621081772,25.906991721488964,6.580113260962369,14.579442888166682,14.764910988333327,0.0,0.0,32.0,1.0,0.0,structural_ma6,ma6_level
price_family_ma6_structural_linked,raw_source,20993_montgomery_county_md__zip,median_sale_price,level,32,2012-05-31,2023-04-30,521466.6145833333,91895.41751354217,17795.967741935485,34104.166666666686,57636.666666666744,0.0,0.0,32.0,1.0,0.0,raw_source,raw_level
price_family_ma6_structural_linked,structural_ma6,20993_montgomery_county_md__zip,median_sale_price,level,32,2012-05-31,2023-04-30,521466.6145833333,91895.41751354217,17795.967741935485,34104.166666666686,57636.666666666744,0.0,0.0,32.0,1.0,0.0,structural_ma6,ma6_level
price_family_ma6_structural_linked,raw_source,21771_montgomery_county_md__zip,median_ppsf,level,166,2012-03-31,2026-05-31,192.65770713044478,27.59649797366173,1.457774496263637,3.136686707199976,4.5400000000000205,0.0,0.0,166.0,1.0,0.0,raw_source,raw_level
price_family_ma6_structural_linked,structural_ma6,21771_montgomery_county_md__zip,median_ppsf,level,166,2012-03-31,2026-05-31,192.65770713044478,27.59649797366173,1.457774496263637,3.136686707199976,4.5400000000000205,0.0,0.0,166.0,1.0,0.0,structural_ma6,ma6_level
price_family_ma6_structural_linked,raw_source,21771_montgomery_county_md__zip,median_sale_price,level,166,2012-03-31,2026-05-31,454515.8313253012,106177.95100800299,7742.264646464647,14766.666666666648,21295.833333333256,0.0,0.0,166.0,1.0,0.0,raw_source,raw_level
price_family_ma6_structural_linked,structural_ma6,21771_montgomery_county_md__zip,median_sale_price,level,166,2012-03-31,2026-05-31,454515.8313253012,106177.95100800299,7742.264646464647,14766.666666666648,21295.833333333256,0.0,0.0,166.0,1.0,0.0,structural_ma6,ma6_level
price_family_ma6_structural_linked,baseline,alameda_county_ca__county,median_ppsf,level,138,2014-12-31,2026-05-31,0.802561049441558,0.2107511592447433,0.07005602923024687,0.16666666666666674,0.46666666666666656,0.014492753623188406,0.007246376811594203,133.0,0.7873362055276395,0.09665721919551702,normalized_feature,normalized_score
price_family_ma6_structural_linked,challenger,alameda_county_ca__county,median_ppsf,level,133,2015-05-31,2026-05-31,0.8218477207484746,0.21596000338673177,0.03179893485936695,0.08861867637433855,0.21666666666666679,0.0,0.015037593984962405,133.0,0.7873362055276395,0.09665721919551702,normalized_feature,normalized_score
price_family_ma6_structural_linked,raw_source,alameda_county_ca__county,median_ppsf,level,168,2012-01-31,2026-05-31,535.6618960001955,138.0754759762227,6.105905628399203,13.088333333333367,21.631666666666774,0.0,0.0,168.0,1.0,0.0,raw_source,raw_level
price_family_ma6_structural_linked,structural_ma6,alameda_county_ca__county,median_ppsf,level,168,2012-01-31,2026-05-31,535.6618960001955,138.0754759762227,6.105905628399203,13.088333333333367,21.631666666666774,0.0,0.0,168.0,1.0,0.0,structural_ma6,ma6_level
price_family_ma6_structural_linked,baseline,alameda_county_ca__county,median_ppsf,long,126,2015-12-31,2026-05-31,-0.422334618956823,0.5335835323604828,0.14499875208943963,0.39842260518553024,0.7850931677018633,0.07142857142857142,0.047619047619047616,121.0,0.8759433341336363,0.1803795433175058,normalized_feature,normalized_score
price_family_ma6_structural_linked,challenger,alameda_county_ca__county,median_ppsf,long,121,2016-05-31,2026-05-31,-0.43190399015535563,0.5471241653137704,0.07582191156357501,0.17058676654182275,0.6430794430794431,0.03305785123966942,0.008264462809917356,121.0,0.8759433341336363,0.1803795433175058,normalized_feature,normalized_score
price_family_ma6_structural_linked,baseline,alameda_county_ca__county,median_ppsf,short,137,2015-01-31,2026-05-31,-0.10141614323871716,0.6067018177513306,0.5578864189809984,1.158958837772397,1.9466666666666668,0.35766423357664234,0.10218978102189781,130.0,-0.01968242345186853,0.6563633984180018,normalized_feature,normalized_score
price_family_ma6_structural_linked,challenger,alameda_county_ca__county,median_ppsf,short,130,2015-08-31,2026-05-31,-0.23926361809370797,0.53351784888015,0.20688399162901597,0.42980245920812343,0.7605042016806722,0.15384615384615385,0.13076923076923078,130.0,-0.01968242345186853,0.6563633984180018,normalized_feature,normalized_score
price_family_ma6_structural_linked,baseline,alameda_county_ca__county,median_sale_price,level,138,2014-12-31,2026-05-31,0.8056051603674327,0.20287445039253646,0.0968323528831889,0.2333333333333334,0.7694736842105263,0.0,0.007246376811594203,133.0,0.6833968351759174,0.10472322305747636,normalized_feature,normalized_score
price_family_ma6_structural_linked,challenger,alameda_county_ca__county,median_sale_price,level,133,2015-05-31,2026-05-31,0.8375364807404196,0.18362798421972168,0.03896574291256178,0.09940766550522659,0.2666666666666666,0.0,0.0,133.0,0.6833968351759174,0.10472322305747636,normalized_feature,normalized_score
price_family_ma6_structural_linked,raw_source,alameda_county_ca__county,median_sale_price,level,168,2012-01-31,2026-05-31,824796.2757936509,228530.12977933156,12819.127744510974,27633.33333333335,41666.66666666663,0.0,0.0,168.0,1.0,0.0,raw_source,raw_level
price_family_ma6_structural_linked,structural_ma6,alameda_county_ca__county,median_sale_price,level,168,2012-01-31,2026-05-31,824796.2757936509,228530.12977933156,12819.127744510974,27633.33333333335,41666.66666666663,0.0,0.0,168.0,1.0,0.0,structural_ma6,ma6_level
price_family_ma6_structural_linked,baseline,alameda_county_ca__county,median_sale_price,long,126,2015-12-31,2026-05-31,-0.3692725577962444,0.5479970660582241,0.24145565241370948,0.5690553791600269,1.2999999999999998,0.18253968253968253,0.07936507936507936,121.0,0.8115594610495582,0.23676670040317924,normalized_feature,normalized_score
price_family_ma6_structural_linked,challenger,alameda_county_ca__county,median_sale_price,long,121,2016-05-31,2026-05-31,-0.3932606570090526,0.5674518434644645,0.09614812913595425,0.2350000000000002,0.6610974610974611,0.0743801652892562,0.06611570247933884,121.0,0.8115594610495582,0.23676670040317924,normalized_feature,normalized_score
price_family_ma6_structural_linked,baseline,alameda_county_ca__county,median_sale_price,short,137,2015-01-31,2026-05-31,-0.07595883288692178,0.6216082374239,0.6081331864770285,1.3426573426573425,1.96,0.41605839416058393,0.06569343065693431,130.0,-0.08299004935210014,0.7146060754091681,normalized_feature,normalized_score
price_family_ma6_structural_linked,challenger,alameda_county_ca__county,median_sale_price,short,130,2015-08-31,2026-05-31,-0.17274913805450612,0.5491243912470449,0.2370685416589382,0.45510939510939524,0.8,0.17692307692307693,0.1,130.0,-0.08299004935210014,0.7146060754091681,normalized_feature,normalized_score
price_family_ma6_structural_linked,baseline,alameda_county_ca__county,payment_burden,level,127,2015-11-30,2026-05-31,-0.41093626873219286,0.566659069261552,0.1885401032082108,0.46634563456345635,1.304421768707483,0.11811023622047244,0.06299212598425197,127.0,0.8894688338662996,0.18069470065662763,normalized_feature,normalized_score
price_family_ma6_structural_linked,challenger,alameda_county_ca__county,payment_burden,level,127,2015-11-30,2026-05-31,-0.4772585391580831,0.527534926309303,0.0948928646153577,0.25324675324675316,0.6357377049180328,0.047244094488188976,0.03937007874015748,127.0,0.8894688338662996,0.18069470065662763,normalized_feature,normalized_score
price_family_ma6_structural_linked,baseline,alameda_county_ca__county,payment_burden,long,115,2016-11-30,2026-05-31,0.01683855170934416,0.669776101127432,0.20999172279251813,0.53,0.8235815602836878,0.1391304347826087,0.034782608695652174,115.0,0.9404551441726231,0.15639554936741934,normalized_feature,normalized_score
price_family_ma6_structural_linked,challenger,alameda_county_ca__county,payment_burden,long,115,2016-11-30,2026-05-31,0.031160403085203438,0.6730355128009791,0.13254585506038574,0.33872549019607856,0.8247471554993677,0.09565217391304348,0.05217391304347826,115.0,0.9404551441726231,0.15639554936741934,normalized_feature,normalized_score
price_family_ma6_structural_linked,baseline,alameda_county_ca__county,payment_burden,short,126,2015-12-31,2026-05-31,0.008197330390115588,0.622800793886426,0.5673904982410978,1.257006489513617,1.88,0.3968253968253968,0.07936507936507936,124.0,0.2084916178841099,0.607887044802409,normalized_feature,normalized_score
price_family_ma6_structural_linked,challenger,alameda_county_ca__county,payment_burden,short,124,2016-02-29,2026-05-31,0.04070464772909305,0.5866819743982311,0.24788808029448947,0.5713444822695393,1.7064957264957266,0.1693548387096774,0.08870967741935484,124.0,0.2084916178841099,0.607887044802409,normalized_feature,normalized_score
price_family_ma6_structural_linked,baseline,alameda_county_ca__county,price_to_income,level,127,2015-11-30,2026-05-31,-0.3162852458434221,0.5592874108111872,0.2634453743738852,0.6131481481481481,1.3460884353741496,0.15748031496062992,0.07874015748031496,127.0,0.7696272041876436,0.2769221374322549,normalized_feature,normalized_score
price_family_ma6_structural_linked,challenger,alameda_county_ca__county,price_to_income,level,127,2015-11-30,2026-05-31,-0.39843559123607314,0.4985904762626853,0.12265524112416759,0.2699792960662526,0.8962585034013606,0.11023622047244094,0.09448818897637795,127.0,0.7696272041876436,0.2769221374322549,normalized_feature,normalized_score
price_family_ma6_structural_linked,baseline,alameda_county_ca__county,price_to_income,long,115,2016-11-30,2026-05-31,0.22397905000365442,0.6581552826257172,0.23415301733681113,0.6172566124078243,1.1785714285714286,0.14782608695652175,0.08695652173913043,115.0,0.9007380682942719,0.19152882762458195,normalized_feature,normalized_score
price_family_ma6_structural_linked,challenger,alameda_county_ca__county,price_to_income,long,115,2016-11-30,2026-05-31,0.2459652134540094,0.6607496377221396,0.10651117961401688,0.20663347649610456,1.2,0.06956521739130435,0.05217391304347826,115.0,0.9007380682942719,0.19152882762458195,normalized_feature,normalized_score
price_family_ma6_structural_linked,baseline,alameda_county_ca__county,price_to_income,short,126,2015-12-31,2026-05-31,0.023907008391971067,0.6281733425575539,0.6080643468204739,1.2833333333333334,1.9133333333333333,0.48412698412698413,0.0873015873015873,124.0,-0.020433553754830795,0.6895991163922598,normalized_feature,normalized_score
price_family_ma6_structural_linked,challenger,alameda_county_ca__county,price_to_income,short,124,2016-02-29,2026-05-31,0.10318732879431297,0.5256479730860073,0.23410660097219366,0.48964903181269337,0.7166666666666668,0.20161290322580644,0.10483870967741936,124.0,-0.020433553754830795,0.6895991163922598,normalized_feature,normalized_score
price_family_ma6_structural_linked,raw_source,albemarle_county_va__county,median_ppsf,level,168,2012-01-31,2026-05-31,180.6403949243998,37.43468213972942,1.2385237154421147,2.5021780018666617,5.585000000000008,0.0,0.0,168.0,1.0,0.0,raw_source,raw_level
price_family_ma6_structural_linked,structural_ma6,albemarle_county_va__county,median_ppsf,level,168,2012-01-31,2026-05-31,180.6403949243998,37.43468213972942,1.2385237154421147,2.5021780018666617,5.585000000000008,0.0,0.0,168.0,1.0,0.0,structural_ma6,ma6_level
price_family_ma6_structural_linked,raw_source,albemarle_county_va__county,median_sale_price,level,168,2012-01-31,2026-05-31,395619.6984126984,91836.77485581361,4632.768463073853,9694.33333333335,23590.666666666628,0.0,0.0,168.0,1.0,0.0,raw_source,raw_level
price_family_ma6_structural_linked,structural_ma6,albemarle_county_va__county,median_sale_price,level,168,2012-01-31,2026-05-31,395619.6984126984,91836.77485581361,4632.768463073853,9694.33333333335,23590.666666666628,0.0,0.0,168.0,1.0,0.0,structural_ma6,ma6_level
price_family_ma6_structural_linked,raw_source,alexandria_va__county,median_ppsf,level,168,2012-01-31,2026-05-31,366.7327338935744,49.22551819594464,3.1926135338662722,6.365333333333308,11.656841435166712,0.0,0.0,168.0,0.9999999999999999,0.0,raw_source,raw_level
price_family_ma6_structural_linked,structural_ma6,alexandria_va__county,median_ppsf,level,168,2012-01-31,2026-05-31,366.7327338935744,49.22551819594464,3.1926135338662722,6.365333333333308,11.656841435166712,0.0,0.0,168.0,0.9999999999999999,0.0,structural_ma6,ma6_level
price_family_ma6_structural_linked,raw_source,alexandria_va__county,median_sale_price,level,168,2012-01-31,2026-05-31,550179.818452381,78034.50717958008,8755.647704590816,18838.333333333372,36858.33333333337,0.0,0.0,168.0,1.0,0.0,raw_source,raw_level
price_family_ma6_structural_linked,structural_ma6,alexandria_va__county,median_sale_price,level,168,2012-01-31,2026-05-31,550179.818452381,78034.50717958008,8755.647704590816,18838.333333333372,36858.33333333337,0.0,0.0,168.0,1.0,0.0,structural_ma6,ma6_level
price_family_ma6_structural_linked,raw_source,allegany_county_md__county,median_ppsf,level,168,2012-01-31,2026-05-31,69.5029851114365,16.413813498990397,1.7430659599650697,3.645943179400003,6.171666666666653,0.0,0.0,168.0,0.9999999999999998,0.0,raw_source,raw_level
price_family_ma6_structural_linked,structural_ma6,allegany_county_md__county,median_ppsf,level,168,2012-01-31,2026-05-31,69.5029851114365,16.413813498990397,1.7430659599650697,3.645943179400003,6.171666666666653,0.0,0.0,168.0,0.9999999999999998,0.0,structural_ma6,ma6_level
price_family_ma6_structural_linked,raw_source,allegany_county_md__county,median_sale_price,level,168,2012-01-31,2026-05-31,104668.91269841269,26562.927840614942,2812.806886227545,5461.666666666666,9516.666666666672,0.0,0.0,168.0,1.0,0.0,raw_source,raw_level
price_family_ma6_structural_linked,structural_ma6,allegany_county_md__county,median_sale_price,level,168,2012-01-31,2026-05-31,104668.91269841269,26562.927840614942,2812.806886227545,5461.666666666666,9516.666666666672,0.0,0.0,168.0,1.0,0.0,structural_ma6,ma6_level
price_family_ma6_structural_linked,raw_source,amelia_county_va__county,median_ppsf,level,168,2012-01-31,2026-05-31,137.26755959735615,44.78629496254937,3.5121520238752484,7.071406669133337,16.684999999999974,0.0,0.0,168.0,0.9999999999999999,0.0,raw_source,raw_level
price_family_ma6_structural_linked,structural_ma6,amelia_county_va__county,median_ppsf,level,168,2012-01-31,2026-05-31,137.26755959735615,44.78629496254937,3.5121520238752484,7.071406669133337,16.684999999999974,0.0,0.0,168.0,0.9999999999999999,0.0,structural_ma6,ma6_level
price_family_ma6_structural_linked,raw_source,amelia_county_va__county,median_sale_price,level,168,2012-01-31,2026-05-31,235146.95535714287,76350.28294467994,7398.476047904192,16166.666666666668,32091.666666666628,0.0,0.0,168.0,1.0,0.0,raw_source,raw_level
price_family_ma6_structural_linked,structural_ma6,amelia_county_va__county,median_sale_price,level,168,2012-01-31,2026-05-31,235146.95535714287,76350.28294467994,7398.476047904192,16166.666666666668,32091.666666666628,0.0,0.0,168.0,1.0,0.0,structural_ma6,ma6_level
price_family_ma6_structural_linked,raw_source,amherst_county_va__county,median_ppsf,level,167,2012-01-31,2026-05-31,113.01502287483333,31.7491697786183,2.6401540272409636,4.9624999999999915,28.608745581166687,0.0,0.0,167.0,1.0,0.0,raw_source,raw_level
price_family_ma6_structural_linked,structural_ma6,amherst_county_va__county,median_ppsf,level,167,2012-01-31,2026-05-31,113.01502287483333,31.7491697786183,2.6401540272409636,4.9624999999999915,28.608745581166687,0.0,0.0,167.0,1.0,0.0,structural_ma6,ma6_level
price_family_ma6_structural_linked,raw_source,amherst_county_va__county,median_sale_price,level,167,2012-01-31,2026-05-31,183916.97904191617,48895.65231892985,5243.375502008032,11258.958333333328,59558.41666666666,0.0,0.0,167.0,1.0,0.0,raw_source,raw_level
price_family_ma6_structural_linked,structural_ma6,amherst_county_va__county,median_sale_price,level,167,2012-01-31,2026-05-31,183916.97904191617,48895.65231892985,5243.375502008032,11258.958333333328,59558.41666666666,0.0,0.0,167.0,1.0,0.0,structural_ma6,ma6_level
price_family_ma6_structural_linked,raw_source,anaheim_ca_metro_area__cbsa_metro,median_ppsf,level,168,2012-01-31,2026-05-31,458.05086309523807,131.40017867309697,3.1439820359281434,7.143666666666718,13.29833333333329,0.0,0.0,168.0,1.0,0.0,raw_source,raw_level
price_family_ma6_structural_linked,structural_ma6,anaheim_ca_metro_area__cbsa_metro,median_ppsf,level,168,2012-01-31,2026-05-31,458.05086309523807,131.40017867309697,3.1439820359281434,7.143666666666718,13.29833333333329,0.0,0.0,168.0,1.0,0.0,structural_ma6,ma6_level
price_family_ma6_structural_linked,raw_source,anaheim_ca_metro_area__cbsa_metro,median_sale_price,level,168,2012-01-31,2026-05-31,786676.3551587302,236248.91648041946,7041.111776447106,16666.666666666606,25083.333333333256,0.0,0.0,168.0,1.0,0.0,raw_source,raw_level
price_family_ma6_structural_linked,structural_ma6,anaheim_ca_metro_area__cbsa_metro,median_sale_price,level,168,2012-01-31,2026-05-31,786676.3551587302,236248.91648041946,7041.111776447106,16666.666666666606,25083.333333333256,0.0,0.0,168.0,1.0,0.0,structural_ma6,ma6_level
price_family_ma6_structural_linked,raw_source,anne_arundel_county_md__county,median_ppsf,level,168,2012-01-31,2026-05-31,202.86029204953272,31.50089181596898,1.214939257321357,2.371333333333331,3.3400000000000034,0.0,0.0,168.0,1.0,0.0,raw_source,raw_level
price_family_ma6_structural_linked,structural_ma6,anne_arundel_county_md__county,median_ppsf,level,168,2012-01-31,2026-05-31,202.86029204953272,31.50089181596898,1.214939257321357,2.371333333333331,3.3400000000000034,0.0,0.0,168.0,1.0,0.0,structural_ma6,ma6_level
price_family_ma6_structural_linked,raw_source,anne_arundel_county_md__county,median_sale_price,level,168,2012-01-31,2026-05-31,375681.7668650794,71974.51662450726,3214.4960079840307,6141.6666666666515,11541.666666666628,0.0,0.0,168.0,1.0,0.0,raw_source,raw_level
price_family_ma6_structural_linked,structural_ma6,anne_arundel_county_md__county,median_sale_price,level,168,2012-01-31,2026-05-31,375681.7668650794,71974.51662450726,3214.4960079840307,6141.6666666666515,11541.666666666628,0.0,0.0,168.0,1.0,0.0,structural_ma6,ma6_level
price_family_ma6_structural_linked,raw_source,appomattox_county_va__county,median_ppsf,level,149,2012-02-29,2026-05-31,125.47650787187025,36.56137234338601,3.545267219121622,7.270666666666665,15.731666666666683,0.0,0.0,149.0,1.0,0.0,raw_source,raw_level
price_family_ma6_structural_linked,structural_ma6,appomattox_county_va__county,median_ppsf,level,149,2012-02-29,2026-05-31,125.47650787187025,36.56137234338601,3.545267219121622,7.270666666666665,15.731666666666683,0.0,0.0,149.0,1.0,0.0,structural_ma6,ma6_level
price_family_ma6_structural_linked,raw_source,appomattox_county_va__county,median_sale_price,level,149,2012-02-29,2026-05-31,204300.30984340046,57985.39139456217,5120.820945945946,10960.833333333325,17733.333333333314,0.0,0.0,149.0,0.9999999999999999,0.0,raw_source,raw_level
price_family_ma6_structural_linked,structural_ma6,appomattox_county_va__county,median_sale_price,level,149,2012-02-29,2026-05-31,204300.30984340046,57985.39139456217,5120.820945945946,10960.833333333325,17733.333333333314,0.0,0.0,149.0,0.9999999999999999,0.0,structural_ma6,ma6_level
price_family_ma6_structural_linked,raw_source,arlington_county_va__county,median_ppsf,level,168,2012-01-31,2026-05-31,414.8316241409504,43.61012776732862,3.064935313470058,6.572577563799951,9.511030640000001,0.0,0.0,168.0,1.0,0.0,raw_source,raw_level
price_family_ma6_structural_linked,structural_ma6,arlington_county_va__county,median_ppsf,level,168,2012-01-31,2026-05-31,414.8316241409504,43.61012776732862,3.064935313470058,6.572577563799951,9.511030640000001,0.0,0.0,168.0,1.0,0.0,structural_ma6,ma6_level
price_family_ma6_structural_linked,raw_source,arlington_county_va__county,median_sale_price,level,168,2012-01-31,2026-05-31,613766.8829365079,84617.892657076,8135.269461077842,16893.333333333365,31000.0,0.0,0.0,168.0,1.0,0.0,raw_source,raw_level
price_family_ma6_structural_linked,structural_ma6,arlington_county_va__county,median_sale_price,level,168,2012-01-31,2026-05-31,613766.8829365079,84617.892657076,8135.269461077842,16893.333333333365,31000.0,0.0,0.0,168.0,1.0,0.0,structural_ma6,ma6_level
price_family_ma6_structural_linked,raw_source,atlantic_city_nj_metro_area__cbsa_metro,median_ppsf,level,166,2012-01-31,2026-03-31,144.59053939239757,46.500664549747164,1.476776657633335,3.006251706433323,4.960420140666656,0.0,0.0,166.0,1.0,0.0,raw_source,raw_level
price_family_ma6_structural_linked,structural_ma6,atlantic_city_nj_metro_area__cbsa_metro,median_ppsf,level,166,2012-01-31,2026-03-31,144.59053939239757,46.500664549747164,1.476776657633335,3.006251706433323,4.960420140666656,0.0,0.0,166.0,1.0,0.0,structural_ma6,ma6_level
price_family_ma6_structural_linked,raw_source,atlantic_city_nj_metro_area__cbsa_metro,median_sale_price,level,166,2012-01-31,2026-03-31,230845.2861445783,70867.25267987234,3167.3707070707073,6666.666666666657,12583.333333333343,0.0,0.0,166.0,0.9999999999999998,0.0,raw_source,raw_level
price_family_ma6_structural_linked,structural_ma6,atlantic_city_nj_metro_area__cbsa_metro,median_sale_price,level,166,2012-01-31,2026-03-31,230845.2861445783,70867.25267987234,3167.3707070707073,6666.666666666657,12583.333333333343,0.0,0.0,166.0,0.9999999999999998,0.0,structural_ma6,ma6_level
price_family_ma6_structural_linked,raw_source,atlantic_county_nj__county,median_ppsf,level,168,2012-01-31,2026-05-31,145.6554218296647,47.19889255384414,1.454675327940119,2.9896666666666536,4.959999999999994,0.0,0.0,168.0,1.0,0.0,raw_source,raw_level
price_family_ma6_structural_linked,structural_ma6,atlantic_county_nj__county,median_ppsf,level,168,2012-01-31,2026-05-31,145.6554218296647,47.19889255384414,1.454675327940119,2.9896666666666536,4.959999999999994,0.0,0.0,168.0,1.0,0.0,structural_ma6,ma6_level
price_family_ma6_structural_linked,raw_source,atlantic_county_nj__county,median_sale_price,level,168,2012-01-31,2026-05-31,232576.10615079367,72208.11622194899,3199.761477045908,6974.999999999988,12583.333333333343,0.0,0.0,168.0,1.0,0.0,raw_source,raw_level
price_family_ma6_structural_linked,structural_ma6,atlantic_county_nj__county,median_sale_price,level,168,2012-01-31,2026-05-31,232576.10615079367,72208.11622194899,3199.761477045908,6974.999999999988,12583.333333333343,0.0,0.0,168.0,1.0,0.0,structural_ma6,ma6_level
price_family_ma6_structural_linked,raw_source,augusta_county_va__county,median_ppsf,level,168,2012-01-31,2026-05-31,136.07116489100991,38.4397591468804,1.379537433507984,2.9227912489999994,5.096666666666636,0.0,0.0,168.0,1.0,0.0,raw_source,raw_level
price_family_ma6_structural_linked,structural_ma6,augusta_county_va__county,median_ppsf,level,168,2012-01-31,2026-05-31,136.07116489100991,38.4397591468804,1.379537433507984,2.9227912489999994,5.096666666666636,0.0,0.0,168.0,1.0,0.0,structural_ma6,ma6_level
price_family_ma6_structural_linked,raw_source,augusta_county_va__county,median_sale_price,level,168,2012-01-31,2026-05-31,242035.0625,72793.1940155346,3403.520958083831,7149.999999999997,15325.0,0.0,0.0,168.0,1.0,0.0,raw_source,raw_level
price_family_ma6_structural_linked,structural_ma6,augusta_county_va__county,median_sale_price,level,168,2012-01-31,2026-05-31,242035.0625,72793.1940155346,3403.520958083831,7149.999999999997,15325.0,0.0,0.0,168.0,1.0,0.0,structural_ma6,ma6_level
price_family_ma6_structural_linked,raw_source,bakersfield_ca_metro_area__cbsa_metro,median_ppsf,level,168,2012-01-31,2026-05-31,158.80434523809524,47.21255833608871,1.0442914171656683,2.3303333333333285,3.5549999999999784,0.0,0.0,168.0,0.9999999999999999,0.0,raw_source,raw_level
price_family_ma6_structural_linked,structural_ma6,bakersfield_ca_metro_area__cbsa_metro,median_ppsf,level,168,2012-01-31,2026-05-31,158.80434523809524,47.21255833608871,1.0442914171656683,2.3303333333333285,3.5549999999999784,0.0,0.0,168.0,0.9999999999999999,0.0,structural_ma6,ma6_level
price_family_ma6_structural_linked,raw_source,bakersfield_ca_metro_area__cbsa_metro,median_sale_price,level,168,2012-01-31,2026-05-31,261686.10615079367,79279.90801273966,2210.2395209580836,4683.3333333333285,6125.0,0.0,0.0,168.0,0.9999999999999998,0.0,raw_source,raw_level
price_family_ma6_structural_linked,structural_ma6,bakersfield_ca_metro_area__cbsa_metro,median_sale_price,level,168,2012-01-31,2026-05-31,261686.10615079367,79279.90801273966,2210.2395209580836,4683.3333333333285,6125.0,0.0,0.0,168.0,0.9999999999999998,0.0,structural_ma6,ma6_level
price_family_ma6_structural_linked,raw_source,baltimore_city_county_md__county,median_ppsf,level,168,2012-01-31,2026-05-31,121.60688456563392,26.07834470205554,2.5038256461926154,4.7220749620666655,7.571698073833346,0.0,0.0,168.0,1.0,0.0,raw_source,raw_level
price_family_ma6_structural_linked,structural_ma6,baltimore_city_county_md__county,median_ppsf,level,168,2012-01-31,2026-05-31,121.60688456563392,26.07834470205554,2.5038256461926154,4.7220749620666655,7.571698073833346,0.0,0.0,168.0,1.0,0.0,structural_ma6,ma6_level
price_family_ma6_structural_linked,raw_source,baltimore_city_county_md__county,median_sale_price,level,168,2012-01-31,2026-05-31,160988.13888888888,44812.60336972099,4184.639221556886,8556.666666666675,17483.333333333343,0.0,0.0,168.0,1.0,0.0,raw_source,raw_level
price_family_ma6_structural_linked,structural_ma6,baltimore_city_county_md__county,median_sale_price,level,168,2012-01-31,2026-05-31,160988.13888888888,44812.60336972099,4184.639221556886,8556.666666666675,17483.333333333343,0.0,0.0,168.0,1.0,0.0,structural_ma6,ma6_level
price_family_ma6_structural_linked,raw_source,baltimore_county_md__county,median_ppsf,level,168,2012-01-31,2026-05-31,158.89402375817164,25.381641596124513,1.3403448280708583,2.62596306163332,3.741666666666646,0.0,0.0,168.0,1.0,0.0,raw_source,raw_level
price_family_ma6_structural_linked,structural_ma6,baltimore_county_md__county,median_ppsf,level,168,2012-01-31,2026-05-31,158.89402375817164,25.381641596124513,1.3403448280708583,2.62596306163332,3.741666666666646,0.0,0.0,168.0,1.0,0.0,structural_ma6,ma6_level
price_family_ma6_structural_linked,raw_source,baltimore_county_md__county,median_sale_price,level,168,2012-01-31,2026-05-31,265000.24503968254,57521.187682333235,2909.525948103792,5666.666666666686,8166.666666666686,0.0,0.0,168.0,1.0,0.0,raw_source,raw_level
price_family_ma6_structural_linked,structural_ma6,baltimore_county_md__county,median_sale_price,level,168,2012-01-31,2026-05-31,265000.24503968254,57521.187682333235,2909.525948103792,5666.666666666686,8166.666666666686,0.0,0.0,168.0,1.0,0.0,structural_ma6,ma6_level
price_family_ma6_structural_linked,raw_source,baltimore_md_metro_area__cbsa_metro,median_ppsf,level,168,2012-01-31,2026-05-31,171.86894841269842,26.577832819048105,0.6316666666666666,1.335000000000008,2.6283333333333303,0.0,0.0,168.0,1.0,0.0,raw_source,raw_level
price_family_ma6_structural_linked,structural_ma6,baltimore_md_metro_area__cbsa_metro,median_ppsf,level,168,2012-01-31,2026-05-31,171.86894841269842,26.577832819048105,0.6316666666666666,1.335000000000008,2.6283333333333303,0.0,0.0,168.0,1.0,0.0,structural_ma6,ma6_level
price_family_ma6_structural_linked,raw_source,baltimore_md_metro_area__cbsa_metro,median_sale_price,level,168,2012-01-31,2026-05-31,296793.5744047619,57730.200975813634,4226.517964071857,7709.999999999997,10000.0,0.0,0.0,168.0,1.0,0.0,raw_source,raw_level
price_family_ma6_structural_linked,structural_ma6,baltimore_md_metro_area__cbsa_metro,median_sale_price,level,168,2012-01-31,2026-05-31,296793.5744047619,57730.200975813634,4226.517964071857,7709.999999999997,10000.0,0.0,0.0,168.0,1.0,0.0,structural_ma6,ma6_level
price_family_ma6_structural_linked,raw_source,bedford_county_va__county,median_ppsf,level,168,2012-01-31,2026-05-31,126.22580500251983,34.27710904048843,1.532380147543913,3.068666666666668,6.624049723666673,0.0,0.0,168.0,1.0,0.0,raw_source,raw_level
price_family_ma6_structural_linked,structural_ma6,bedford_county_va__county,median_ppsf,level,168,2012-01-31,2026-05-31,126.22580500251983,34.27710904048843,1.532380147543913,3.068666666666668,6.624049723666673,0.0,0.0,168.0,1.0,0.0,structural_ma6,ma6_level
price_family_ma6_structural_linked,raw_source,bedford_county_va__county,median_sale_price,level,168,2012-01-31,2026-05-31,267832.1775793651,75368.2086777782,3994.169660678643,8593.333333333358,17100.0,0.0,0.0,168.0,1.0,0.0,raw_source,raw_level
price_family_ma6_structural_linked,structural_ma6,bedford_county_va__county,median_sale_price,level,168,2012-01-31,2026-05-31,267832.1775793651,75368.2086777782,3994.169660678643,8593.333333333358,17100.0,0.0,0.0,168.0,1.0,0.0,structural_ma6,ma6_level
price_family_ma6_structural_linked,raw_source,big_stone_gap_va_metro_area__cbsa_metro,median_ppsf,level,147,2012-03-31,2026-03-31,64.26001358256009,16.8864703590358,2.019328961437214,4.406210011333332,7.583180708166665,0.0,0.0,147.0,1.0,0.0,raw_source,raw_level
price_family_ma6_structural_linked,structural_ma6,big_stone_gap_va_metro_area__cbsa_metro,median_ppsf,level,147,2012-03-31,2026-03-31,64.26001358256009,16.8864703590358,2.019328961437214,4.406210011333332,7.583180708166665,0.0,0.0,147.0,1.0,0.0,structural_ma6,ma6_level
price_family_ma6_structural_linked,raw_source,big_stone_gap_va_metro_area__cbsa_metro,median_sale_price,level,147,2012-03-31,2026-03-31,109495.42517006803,26291.43826046453,4248.070776255708,9063.75,15333.333333333328,0.0,0.0,147.0,1.0,0.0,raw_source,raw_level
price_family_ma6_structural_linked,structural_ma6,big_stone_gap_va_metro_area__cbsa_metro,median_sale_price,level,147,2012-03-31,2026-03-31,109495.42517006803,26291.43826046453,4248.070776255708,9063.75,15333.333333333328,0.0,0.0,147.0,1.0,0.0,structural_ma6,ma6_level
price_family_ma6_structural_linked,raw_source,blacksburg_va_metro_area__cbsa_metro,median_ppsf,level,166,2012-01-31,2026-03-31,117.56902042744277,37.949340531882434,2.4262792758383838,4.9446236494666715,13.705035971166666,0.0,0.0,166.0,1.0,0.0,raw_source,raw_level
price_family_ma6_structural_linked,structural_ma6,blacksburg_va_metro_area__cbsa_metro,median_ppsf,level,166,2012-01-31,2026-03-31,117.56902042744277,37.949340531882434,2.4262792758383838,4.9446236494666715,13.705035971166666,0.0,0.0,166.0,1.0,0.0,structural_ma6,ma6_level
price_family_ma6_structural_linked,raw_source,blacksburg_va_metro_area__cbsa_metro,median_sale_price,level,166,2012-01-31,2026-03-31,209086.8253012048,61970.568964288184,6996.432323232324,14133.333333333341,46583.33333333334,0.0,0.0,166.0,1.0,0.0,raw_source,raw_level
price_family_ma6_structural_linked,structural_ma6,blacksburg_va_metro_area__cbsa_metro,median_sale_price,level,166,2012-01-31,2026-03-31,209086.8253012048,61970.568964288184,6996.432323232324,14133.333333333341,46583.33333333334,0.0,0.0,166.0,1.0,0.0,structural_ma6,ma6_level
price_family_ma6_structural_linked,raw_source,botetourt_county_va__county,median_ppsf,level,168,2012-01-31,2026-05-31,113.29673444121727,28.0952173642194,1.6336411955648695,3.2089923515999974,6.349999999999994,0.0,0.0,168.0,1.0,0.0,raw_source,raw_level
price_family_ma6_structural_linked,structural_ma6,botetourt_county_va__county,median_ppsf,level,168,2012-01-31,2026-05-31,113.29673444121727,28.0952173642194,1.6336411955648695,3.2089923515999974,6.349999999999994,0.0,0.0,168.0,1.0,0.0,structural_ma6,ma6_level
price_family_ma6_structural_linked,raw_source,botetourt_county_va__county,median_sale_price,level,168,2012-01-31,2026-05-31,269605.6140873016,61037.486231040806,4969.105788423153,9577.450000000013,21333.333333333314,0.0,0.0,168.0,0.9999999999999999,0.0,raw_source,raw_level
price_family_ma6_structural_linked,structural_ma6,botetourt_county_va__county,median_sale_price,level,168,2012-01-31,2026-05-31,269605.6140873016,61037.486231040806,4969.105788423153,9577.450000000013,21333.333333333314,0.0,0.0,168.0,0.9999999999999999,0.0,structural_ma6,ma6_level
price_family_ma6_structural_linked,raw_source,burlington_county_nj__county,median_ppsf,level,167,2012-02-29,2026-05-31,154.0992884702994,44.26625806836246,1.46572106628514,2.837587217833331,4.149999999999977,0.0,0.0,167.0,1.0,0.0,raw_source,raw_level
price_family_ma6_structural_linked,structural_ma6,burlington_county_nj__county,median_ppsf,level,167,2012-02-29,2026-05-31,154.0992884702994,44.26625806836246,1.46572106628514,2.837587217833331,4.149999999999977,0.0,0.0,167.0,1.0,0.0,structural_ma6,ma6_level
price_family_ma6_structural_linked,raw_source,burlington_county_nj__county,median_sale_price,level,167,2012-02-29,2026-05-31,254751.03892215568,74817.13260348924,3589.2238955823304,6958.333333333343,11750.0,0.0,0.0,167.0,1.0,0.0,raw_source,raw_level
price_family_ma6_structural_linked,structural_ma6,burlington_county_nj__county,median_sale_price,level,167,2012-02-29,2026-05-31,254751.03892215568,74817.13260348924,3589.2238955823304,6958.333333333343,11750.0,0.0,0.0,167.0,1.0,0.0,structural_ma6,ma6_level
price_family_ma6_structural_linked,raw_source,butte_county_ca__county,median_ppsf,level,168,2012-01-31,2026-05-31,205.78078370779266,56.40283020545583,2.0303589061187637,3.8812709067000046,6.434999999999974,0.0,0.0,168.0,0.9999999999999999,0.0,raw_source,raw_level
price_family_ma6_structural_linked,structural_ma6,butte_county_ca__county,median_ppsf,level,168,2012-01-31,2026-05-31,205.78078370779266,56.40283020545583,2.0303589061187637,3.8812709067000046,6.434999999999974,0.0,0.0,168.0,0.9999999999999999,0.0,structural_ma6,ma6_level
price_family_ma6_structural_linked,raw_source,butte_county_ca__county,median_sale_price,level,168,2012-01-31,2026-05-31,319280.71527777775,85356.67106240231,3174.419161676646,6808.333333333326,11000.0,0.0,0.0,168.0,1.0,0.0,raw_source,raw_level
price_family_ma6_structural_linked,structural_ma6,butte_county_ca__county,median_sale_price,level,168,2012-01-31,2026-05-31,319280.71527777775,85356.67106240231,3174.419161676646,6808.333333333326,11000.0,0.0,0.0,168.0,1.0,0.0,structural_ma6,ma6_level
price_family_ma6_structural_linked,raw_source,california__state,median_ppsf,level,168,2012-01-31,2026-05-31,337.24074404761905,94.34813398729658,2.4062874251497,5.548333333333313,10.223333333333358,0.0,0.0,168.0,1.0,0.0,raw_source,raw_level
price_family_ma6_structural_linked,structural_ma6,california__state,median_ppsf,level,168,2012-01-31,2026-05-31,337.24074404761905,94.34813398729658,2.4062874251497,5.548333333333313,10.223333333333358,0.0,0.0,168.0,1.0,0.0,structural_ma6,ma6_level
price_family_ma6_structural_linked,raw_source,california__state,median_sale_price,level,168,2012-01-31,2026-05-31,540177.6785714285,148892.5039499656,5132.24750499002,11666.666666666675,18166.666666666628,0.0,0.0,168.0,1.0,0.0,raw_source,raw_level
price_family_ma6_structural_linked,structural_ma6,california__state,median_sale_price,level,168,2012-01-31,2026-05-31,540177.6785714285,148892.5039499656,5132.24750499002,11666.666666666675,18166.666666666628,0.0,0.0,168.0,1.0,0.0,structural_ma6,ma6_level
price_family_ma6_structural_linked,raw_source,california_md_metro_area__cbsa_metro,median_ppsf,level,166,2012-01-31,2026-03-31,149.52128294151805,26.325819055824383,1.016772995264647,2.2585354975000027,4.183894124333364,0.0,0.0,166.0,1.0,0.0,raw_source,raw_level
price_family_ma6_structural_linked,structural_ma6,california_md_metro_area__cbsa_metro,median_ppsf,level,166,2012-01-31,2026-03-31,149.52128294151805,26.325819055824383,1.016772995264647,2.2585354975000027,4.183894124333364,0.0,0.0,166.0,1.0,0.0,structural_ma6,ma6_level
price_family_ma6_structural_linked,raw_source,california_md_metro_area__cbsa_metro,median_sale_price,level,166,2012-01-31,2026-03-31,315478.9538152611,60170.24534482792,3794.1939393939415,7172.633333333324,12083.333333333372,0.0,0.0,166.0,1.0,0.0,raw_source,raw_level
price_family_ma6_structural_linked,structural_ma6,california_md_metro_area__cbsa_metro,median_sale_price,level,166,2012-01-31,2026-03-31,315478.9538152611,60170.24534482792,3794.1939393939415,7172.633333333324,12083.333333333372,0.0,0.0,166.0,1.0,0.0,structural_ma6,ma6_level
price_family_ma6_structural_linked,raw_source,calvert_county_md__county,median_ppsf,level,168,2012-01-31,2026-05-31,166.76244169445437,27.82415403727696,1.5989790638682637,3.1553333333333344,5.065000000000055,0.0,0.0,168.0,1.0,0.0,raw_source,raw_level
price_family_ma6_structural_linked,structural_ma6,calvert_county_md__county,median_ppsf,level,168,2012-01-31,2026-05-31,166.76244169445437,27.82415403727696,1.5989790638682637,3.1553333333333344,5.065000000000055,0.0,0.0,168.0,1.0,0.0,structural_ma6,ma6_level
price_family_ma6_structural_linked,raw_source,calvert_county_md__county,median_sale_price,level,168,2012-01-31,2026-05-31,353159.4970238095,66581.9652566279,5274.043912175648,12678.33333333335,22666.666666666686,0.0,0.0,168.0,1.0,0.0,raw_source,raw_level
price_family_ma6_structural_linked,structural_ma6,calvert_county_md__county,median_sale_price,level,168,2012-01-31,2026-05-31,353159.4970238095,66581.9652566279,5274.043912175648,12678.33333333335,22666.666666666686,0.0,0.0,168.0,1.0,0.0,structural_ma6,ma6_level
price_family_ma6_structural_linked,raw_source,cambridge_md_metro_area__cbsa_metro,median_ppsf,level,166,2012-01-31,2026-03-31,116.85900225407228,35.255700264916726,2.035487108304039,4.412247296300005,8.402457432833359,0.0,0.0,166.0,1.0,0.0,raw_source,raw_level
price_family_ma6_structural_linked,structural_ma6,cambridge_md_metro_area__cbsa_metro,median_ppsf,level,166,2012-01-31,2026-03-31,116.85900225407228,35.255700264916726,2.035487108304039,4.412247296300005,8.402457432833359,0.0,0.0,166.0,1.0,0.0,structural_ma6,ma6_level
price_family_ma6_structural_linked,raw_source,cambridge_md_metro_area__cbsa_metro,median_sale_price,level,166,2012-01-31,2026-03-31,189519.2550200803,56076.67436377008,4687.859595959597,9300.000000000005,14803.333333333328,0.0,0.0,166.0,0.9999999999999999,0.0,raw_source,raw_level
price_family_ma6_structural_linked,structural_ma6,cambridge_md_metro_area__cbsa_metro,median_sale_price,level,166,2012-01-31,2026-03-31,189519.2550200803,56076.67436377008,4687.859595959597,9300.000000000005,14803.333333333328,0.0,0.0,166.0,0.9999999999999999,0.0,structural_ma6,ma6_level
price_family_ma6_structural_linked,raw_source,camden_county_nj__county,median_ppsf,level,167,2012-02-29,2026-05-31,135.8261461624371,44.42765787710544,1.608637429738955,3.314166666666651,5.53000000000003,0.0,0.0,167.0,1.0,0.0,raw_source,raw_level
price_family_ma6_structural_linked,structural_ma6,camden_county_nj__county,median_ppsf,level,167,2012-02-29,2026-05-31,135.8261461624371,44.42765787710544,1.608637429738955,3.314166666666651,5.53000000000003,0.0,0.0,167.0,1.0,0.0,structural_ma6,ma6_level
price_family_ma6_structural_linked,raw_source,camden_county_nj__county,median_sale_price,level,167,2012-02-29,2026-05-31,215824.4401197605,71062.8286169422,3060.57329317269,6124.166666666686,10916.666666666628,0.0,0.0,167.0,1.0,0.0,raw_source,raw_level
price_family_ma6_structural_linked,structural_ma6,camden_county_nj__county,median_sale_price,level,167,2012-02-29,2026-05-31,215824.4401197605,71062.8286169422,3060.57329317269,6124.166666666686,10916.666666666628,0.0,0.0,167.0,1.0,0.0,structural_ma6,ma6_level
price_family_ma6_structural_linked,raw_source,camden_nj_metro_area__cbsa_metro,median_ppsf,level,168,2012-01-31,2026-05-31,142.97738095238097,43.30265540881766,0.7837724550898213,2.062666666666672,2.523333333333312,0.0,0.0,168.0,1.0,0.0,raw_source,raw_level
price_family_ma6_structural_linked,structural_ma6,camden_nj_metro_area__cbsa_metro,median_ppsf,level,168,2012-01-31,2026-05-31,142.97738095238097,43.30265540881766,0.7837724550898213,2.062666666666672,2.523333333333312,0.0,0.0,168.0,1.0,0.0,structural_ma6,ma6_level
price_family_ma6_structural_linked,raw_source,camden_nj_metro_area__cbsa_metro,median_sale_price,level,168,2012-01-31,2026-05-31,232727.73313492062,72081.84226724344,3014.477045908182,6141.6666666666515,10000.0,0.0,0.0,168.0,1.0,0.0,raw_source,raw_level
price_family_ma6_structural_linked,structural_ma6,camden_nj_metro_area__cbsa_metro,median_sale_price,level,168,2012-01-31,2026-05-31,232727.73313492062,72081.84226724344,3014.477045908182,6141.6666666666515,10000.0,0.0,0.0,168.0,1.0,0.0,structural_ma6,ma6_level
price_family_ma6_structural_linked,raw_source,campbell_county_va__county,median_ppsf,level,163,2012-01-31,2026-05-31,119.67791436576074,31.798921123431473,1.9666972818909458,3.5906666666666487,24.960667870166674,0.0,0.0,163.0,1.0,0.0,raw_source,raw_level
price_family_ma6_structural_linked,structural_ma6,campbell_county_va__county,median_ppsf,level,163,2012-01-31,2026-05-31,119.67791436576074,31.798921123431473,1.9666972818909458,3.5906666666666487,24.960667870166674,0.0,0.0,163.0,1.0,0.0,structural_ma6,ma6_level
price_family_ma6_structural_linked,raw_source,campbell_county_va__county,median_sale_price,level,163,2012-01-31,2026-05-31,203952.68404907975,52281.24744395857,3546.703703703703,7299.999999999992,25750.000000000015,0.0,0.0,163.0,1.0,0.0,raw_source,raw_level
price_family_ma6_structural_linked,structural_ma6,campbell_county_va__county,median_sale_price,level,163,2012-01-31,2026-05-31,203952.68404907975,52281.24744395857,3546.703703703703,7299.999999999992,25750.000000000015,0.0,0.0,163.0,1.0,0.0,structural_ma6,ma6_level
price_family_ma6_structural_linked,raw_source,cape_may_county_nj__county,median_ppsf,level,168,2012-01-31,2026-05-31,342.1465260528224,114.8521474788656,5.4448540881506995,10.901693659233302,25.05000000000001,0.0,0.0,168.0,1.0,0.0,raw_source,raw_level
price_family_ma6_structural_linked,structural_ma6,cape_may_county_nj__county,median_ppsf,level,168,2012-01-31,2026-05-31,342.1465260528224,114.8521474788656,5.4448540881506995,10.901693659233302,25.05000000000001,0.0,0.0,168.0,1.0,0.0,structural_ma6,ma6_level
price_family_ma6_structural_linked,raw_source,cape_may_county_nj__county,median_sale_price,level,168,2012-01-31,2026-05-31,467133.50793650793,133111.72911937913,8801.972055888224,18083.333333333303,45833.33333333337,0.0,0.0,168.0,1.0,0.0,raw_source,raw_level
price_family_ma6_structural_linked,structural_ma6,cape_may_county_nj__county,median_sale_price,level,168,2012-01-31,2026-05-31,467133.50793650793,133111.72911937913,8801.972055888224,18083.333333333303,45833.33333333337,0.0,0.0,168.0,1.0,0.0,structural_ma6,ma6_level
price_family_ma6_structural_linked,raw_source,carroll_county_md__county,median_ppsf,level,168,2012-01-31,2026-05-31,173.5344517782123,28.602845963115055,1.1877058459111767,2.2410000000000085,4.101666666666688,0.0,0.0,168.0,1.0,0.0,raw_source,raw_level
price_family_ma6_structural_linked,structural_ma6,carroll_county_md__county,median_ppsf,level,168,2012-01-31,2026-05-31,173.5344517782123,28.602845963115055,1.1877058459111767,2.2410000000000085,4.101666666666688,0.0,0.0,168.0,1.0,0.0,structural_ma6,ma6_level
price_family_ma6_structural_linked,raw_source,carroll_county_md__county,median_sale_price,level,168,2012-01-31,2026-05-31,350252.80853174604,71505.69572945245,4021.887225548902,7935.0,13500.0,0.0,0.0,168.0,1.0,0.0,raw_source,raw_level
price_family_ma6_structural_linked,structural_ma6,carroll_county_md__county,median_sale_price,level,168,2012-01-31,2026-05-31,350252.80853174604,71505.69572945245,4021.887225548902,7935.0,13500.0,0.0,0.0,168.0,1.0,0.0,structural_ma6,ma6_level
price_family_ma6_structural_linked,raw_source,charles_city_county_va__county,median_ppsf,level,160,2012-01-31,2026-05-31,143.31777830375626,43.69655705052039,6.7579681804182385,16.586898550733327,28.374970095666683,0.0,0.0,160.0,1.0,0.0,raw_source,raw_level
price_family_ma6_structural_linked,structural_ma6,charles_city_county_va__county,median_ppsf,level,160,2012-01-31,2026-05-31,143.31777830375626,43.69655705052039,6.7579681804182385,16.586898550733327,28.374970095666683,0.0,0.0,160.0,1.0,0.0,structural_ma6,ma6_level
price_family_ma6_structural_linked,raw_source,charles_city_county_va__county,median_sale_price,level,160,2012-01-31,2026-05-31,227308.40625,66703.40879078061,15630.498951781972,34078.66666666667,141249.99999999997,0.0,0.0,160.0,1.0,0.0,raw_source,raw_level
price_family_ma6_structural_linked,structural_ma6,charles_city_county_va__county,median_sale_price,level,160,2012-01-31,2026-05-31,227308.40625,66703.40879078061,15630.498951781972,34078.66666666667,141249.99999999997,0.0,0.0,160.0,1.0,0.0,structural_ma6,ma6_level
price_family_ma6_structural_linked,raw_source,charles_county_md__county,median_ppsf,level,168,2012-01-31,2026-05-31,156.61040586678274,32.98009277577631,1.0517255845828346,2.1459999999999813,3.6650000000000205,0.0,0.0,168.0,1.0,0.0,raw_source,raw_level
price_family_ma6_structural_linked,structural_ma6,charles_county_md__county,median_ppsf,level,168,2012-01-31,2026-05-31,156.61040586678274,32.98009277577631,1.0517255845828346,2.1459999999999813,3.6650000000000205,0.0,0.0,168.0,1.0,0.0,structural_ma6,ma6_level
price_family_ma6_structural_linked,raw_source,charles_county_md__county,median_sale_price,level,168,2012-01-31,2026-05-31,330563.5882936508,78382.79643433668,2863.3882235528945,5828.333333333326,10833.333333333314,0.0,0.0,168.0,1.0,0.0,raw_source,raw_level
price_family_ma6_structural_linked,structural_ma6,charles_county_md__county,median_sale_price,level,168,2012-01-31,2026-05-31,330563.5882936508,78382.79643433668,2863.3882235528945,5828.333333333326,10833.333333333314,0.0,0.0,168.0,1.0,0.0,structural_ma6,ma6_level
price_family_ma6_structural_linked,raw_source,charlottesville_va__county,median_ppsf,level,168,2012-01-31,2026-05-31,219.99467492293255,55.87377503623572,3.432954294298403,6.770729253966676,16.228333333333296,0.0,0.0,168.0,1.0,0.0,raw_source,raw_level
price_family_ma6_structural_linked,structural_ma6,charlottesville_va__county,median_ppsf,level,168,2012-01-31,2026-05-31,219.99467492293255,55.87377503623572,3.432954294298403,6.770729253966676,16.228333333333296,0.0,0.0,168.0,1.0,0.0,structural_ma6,ma6_level
price_family_ma6_structural_linked,raw_source,charlottesville_va__county,median_sale_price,level,168,2012-01-31,2026-05-31,356234.58928571426,93585.99932250519,6748.39920159681,14333.33333333334,27958.333333333372,0.0,0.0,168.0,1.0,0.0,raw_source,raw_level
price_family_ma6_structural_linked,structural_ma6,charlottesville_va__county,median_sale_price,level,168,2012-01-31,2026-05-31,356234.58928571426,93585.99932250519,6748.39920159681,14333.33333333334,27958.333333333372,0.0,0.0,168.0,1.0,0.0,structural_ma6,ma6_level
price_family_ma6_structural_linked,raw_source,charlottesville_va_metro_area__cbsa_metro,median_ppsf,level,166,2012-01-31,2026-03-31,172.8606141523454,40.41018452139029,1.2640243103939388,2.4446120496333266,4.226648351666682,0.0,0.0,166.0,0.9999999999999998,0.0,raw_source,raw_level
price_family_ma6_structural_linked,structural_ma6,charlottesville_va_metro_area__cbsa_metro,median_ppsf,level,166,2012-01-31,2026-03-31,172.8606141523454,40.41018452139029,1.2640243103939388,2.4446120496333266,4.226648351666682,0.0,0.0,166.0,0.9999999999999998,0.0,structural_ma6,ma6_level
price_family_ma6_structural_linked,raw_source,charlottesville_va_metro_area__cbsa_metro,median_sale_price,level,166,2012-01-31,2026-03-31,342273.4944779117,80118.39494980287,4047.800505050506,7584.499999999988,12333.333333333314,0.0,0.0,166.0,1.0,0.0,raw_source,raw_level
price_family_ma6_structural_linked,structural_ma6,charlottesville_va_metro_area__cbsa_metro,median_sale_price,level,166,2012-01-31,2026-03-31,342273.4944779117,80118.39494980287,4047.800505050506,7584.499999999988,12333.333333333314,0.0,0.0,166.0,1.0,0.0,structural_ma6,ma6_level
price_family_ma6_structural_linked,raw_source,chesapeake_va__county,median_ppsf,level,143,2014-02-28,2026-05-31,160.91853208856762,33.748864520588576,0.9219747854248819,1.9078333333333832,3.751666666666665,0.0,0.0,143.0,1.0,0.0,raw_source,raw_level
price_family_ma6_structural_linked,structural_ma6,chesapeake_va__county,median_ppsf,level,143,2014-02-28,2026-05-31,160.91853208856762,33.748864520588576,0.9219747854248819,1.9078333333333832,3.751666666666665,0.0,0.0,143.0,1.0,0.0,structural_ma6,ma6_level
price_family_ma6_structural_linked,raw_source,chesapeake_va__county,median_sale_price,level,143,2014-02-28,2026-05-31,312584.1194638695,57343.591162690136,3563.350352112675,7166.666666666686,12386.166666666686,0.0,0.0,143.0,1.0,0.0,raw_source,raw_level
price_family_ma6_structural_linked,structural_ma6,chesapeake_va__county,median_sale_price,level,143,2014-02-28,2026-05-31,312584.1194638695,57343.591162690136,3563.350352112675,7166.666666666686,12386.166666666686,0.0,0.0,143.0,1.0,0.0,structural_ma6,ma6_level
price_family_ma6_structural_linked,raw_source,chesterfield_county_va__county,median_ppsf,level,168,2012-01-31,2026-05-31,143.4001121433988,39.12238035050961,0.845872827471059,1.7335917070333382,3.2050000000000125,0.0,0.0,168.0,1.0,0.0,raw_source,raw_level
price_family_ma6_structural_linked,structural_ma6,chesterfield_county_va__county,median_ppsf,level,168,2012-01-31,2026-05-31,143.4001121433988,39.12238035050961,0.845872827471059,1.7335917070333382,3.2050000000000125,0.0,0.0,168.0,1.0,0.0,structural_ma6,ma6_level
price_family_ma6_structural_linked,raw_source,chesterfield_county_va__county,median_sale_price,level,168,2012-01-31,2026-05-31,289817.3551587301,78308.42091282108,2486.058383233533,4898.766666666663,8575.333333333314,0.0,0.0,168.0,0.9999999999999998,0.0,raw_source,raw_level
price_family_ma6_structural_linked,structural_ma6,chesterfield_county_va__county,median_sale_price,level,168,2012-01-31,2026-05-31,289817.3551587301,78308.42091282108,2486.058383233533,4898.766666666663,8575.333333333314,0.0,0.0,168.0,0.9999999999999998,0.0,structural_ma6,ma6_level
price_family_ma6_structural_linked,raw_source,chico_ca_metro_area__cbsa_metro,median_ppsf,level,166,2012-01-31,2026-03-31,205.05682565504216,56.37303007023504,2.0195721744868704,3.9397186656,6.434912512499977,0.0,0.0,166.0,0.9999999999999999,0.0,raw_source,raw_level
price_family_ma6_structural_linked,structural_ma6,chico_ca_metro_area__cbsa_metro,median_ppsf,level,166,2012-01-31,2026-03-31,205.05682565504216,56.37303007023504,2.0195721744868704,3.9397186656,6.434912512499977,0.0,0.0,166.0,0.9999999999999999,0.0,structural_ma6,ma6_level
price_family_ma6_structural_linked,raw_source,chico_ca_metro_area__cbsa_metro,median_sale_price,level,166,2012-01-31,2026-03-31,318275.00200803217,85421.67655058469,3193.752525252527,6816.666666666674,11000.0,0.0,0.0,166.0,1.0,0.0,raw_source,raw_level
price_family_ma6_structural_linked,structural_ma6,chico_ca_metro_area__cbsa_metro,median_sale_price,level,166,2012-01-31,2026-03-31,318275.00200803217,85421.67655058469,3193.752525252527,6816.666666666674,11000.0,0.0,0.0,166.0,1.0,0.0,structural_ma6,ma6_level
price_family_ma6_structural_linked,raw_source,clarke_county_va__county,median_ppsf,level,168,2012-01-31,2026-05-31,179.96329622517757,45.68128284995006,2.8512658040499,5.744000000000023,13.243333333333311,0.0,0.0,168.0,1.0,0.0,raw_source,raw_level
price_family_ma6_structural_linked,structural_ma6,clarke_county_va__county,median_ppsf,level,168,2012-01-31,2026-05-31,179.96329622517757,45.68128284995006,2.8512658040499,5.744000000000023,13.243333333333311,0.0,0.0,168.0,1.0,0.0,structural_ma6,ma6_level
price_family_ma6_structural_linked,raw_source,clarke_county_va__county,median_sale_price,level,168,2012-01-31,2026-05-31,402003.003968254,105381.23797960902,11757.085828343315,24442.666666666642,53333.333333333314,0.0,0.0,168.0,1.0,0.0,raw_source,raw_level
price_family_ma6_structural_linked,structural_ma6,clarke_county_va__county,median_sale_price,level,168,2012-01-31,2026-05-31,402003.003968254,105381.23797960902,11757.085828343315,24442.666666666642,53333.333333333314,0.0,0.0,168.0,1.0,0.0,structural_ma6,ma6_level
price_family_ma6_structural_linked,raw_source,clearlake_ca_metro_area__cbsa_metro,median_ppsf,level,166,2012-01-31,2026-03-31,171.85976369942873,47.92402770932792,2.0180845371101026,3.925407953666694,6.57721993166669,0.0,0.0,166.0,1.0,0.0,raw_source,raw_level
price_family_ma6_structural_linked,structural_ma6,clearlake_ca_metro_area__cbsa_metro,median_ppsf,level,166,2012-01-31,2026-03-31,171.85976369942873,47.92402770932792,2.0180845371101026,3.925407953666694,6.57721993166669,0.0,0.0,166.0,1.0,0.0,structural_ma6,ma6_level
price_family_ma6_structural_linked,raw_source,clearlake_ca_metro_area__cbsa_metro,median_sale_price,level,166,2012-01-31,2026-03-31,255858.83534136545,71883.88187076733,3794.5454545454522,7500.0,12083.333333333314,0.0,0.0,166.0,1.0,0.0,raw_source,raw_level
price_family_ma6_structural_linked,structural_ma6,clearlake_ca_metro_area__cbsa_metro,median_sale_price,level,166,2012-01-31,2026-03-31,255858.83534136545,71883.88187076733,3794.5454545454522,7500.0,12083.333333333314,0.0,0.0,166.0,1.0,0.0,structural_ma6,ma6_level
price_family_ma6_structural_linked,raw_source,colonial_heights_va__county,median_ppsf,level,168,2012-01-31,2026-05-31,120.0299379048869,37.181165608900386,1.7712826613882224,3.72933333333333,7.69999999999996,0.0,0.0,168.0,1.0,0.0,raw_source,raw_level
price_family_ma6_structural_linked,structural_ma6,colonial_heights_va__county,median_ppsf,level,168,2012-01-31,2026-05-31,120.0299379048869,37.181165608900386,1.7712826613882224,3.72933333333333,7.69999999999996,0.0,0.0,168.0,1.0,0.0,structural_ma6,ma6_level
price_family_ma6_structural_linked,raw_source,colonial_heights_va__county,median_sale_price,level,168,2012-01-31,2026-05-31,185854.3482142857,57925.29558704254,4023.2524950099796,8236.666666666672,15425.0,0.0,0.0,168.0,1.0,0.0,raw_source,raw_level
price_family_ma6_structural_linked,structural_ma6,colonial_heights_va__county,median_sale_price,level,168,2012-01-31,2026-05-31,185854.3482142857,57925.29558704254,4023.2524950099796,8236.666666666672,15425.0,0.0,0.0,168.0,1.0,0.0,structural_ma6,ma6_level
price_family_ma6_structural_linked,raw_source,contra_costa_county_ca__county,median_ppsf,level,168,2012-01-31,2026-05-31,392.8872244394593,104.4408195826556,5.385059104717565,11.296507743433324,16.325739545666664,0.0,0.0,168.0,1.0,0.0,raw_source,raw_level
price_family_ma6_structural_linked,structural_ma6,contra_costa_county_ca__county,median_ppsf,level,168,2012-01-31,2026-05-31,392.8872244394593,104.4408195826556,5.385059104717565,11.296507743433324,16.325739545666664,0.0,0.0,168.0,1.0,0.0,structural_ma6,ma6_level
price_family_ma6_structural_linked,raw_source,contra_costa_county_ca__county,median_sale_price,level,168,2012-01-31,2026-05-31,622845.623015873,161939.77718195412,8772.36626746507,17836.666666666628,26666.666666666628,0.0,0.0,168.0,0.9999999999999998,0.0,raw_source,raw_level
price_family_ma6_structural_linked,structural_ma6,contra_costa_county_ca__county,median_sale_price,level,168,2012-01-31,2026-05-31,622845.623015873,161939.77718195412,8772.36626746507,17836.666666666628,26666.666666666628,0.0,0.0,168.0,0.9999999999999998,0.0,structural_ma6,ma6_level
price_family_ma6_structural_linked,raw_source,craig_county_va__county,median_ppsf,level,157,2012-01-31,2026-05-31,106.45195469720593,37.700862938168534,5.334361611182691,10.631246820000001,28.67999999999998,0.0,0.0,157.0,1.0,0.0,raw_source,raw_level
price_family_ma6_structural_linked,structural_ma6,craig_county_va__county,median_ppsf,level,157,2012-01-31,2026-05-31,106.45195469720593,37.700862938168534,5.334361611182691,10.631246820000001,28.67999999999998,0.0,0.0,157.0,1.0,0.0,structural_ma6,ma6_level
price_family_ma6_structural_linked,raw_source,craig_county_va__county,median_sale_price,level,157,2012-01-31,2026-05-31,203405.8678343949,86017.74581217681,16125.537927350426,33000.0,158885.8333333333,0.0,0.0,157.0,1.0,0.0,raw_source,raw_level
price_family_ma6_structural_linked,structural_ma6,craig_county_va__county,median_sale_price,level,157,2012-01-31,2026-05-31,203405.8678343949,86017.74581217681,16125.537927350426,33000.0,158885.8333333333,0.0,0.0,157.0,1.0,0.0,structural_ma6,ma6_level
price_family_ma6_structural_linked,raw_source,crescent_city_ca_metro_area__cbsa_metro,median_ppsf,level,166,2012-01-31,2026-03-31,171.26327663378513,51.712734475516505,4.212547377841414,9.570311904199993,28.20744191633331,0.0,0.0,166.0,1.0,0.0,raw_source,raw_level
price_family_ma6_structural_linked,structural_ma6,crescent_city_ca_metro_area__cbsa_metro,median_ppsf,level,166,2012-01-31,2026-03-31,171.26327663378513,51.712734475516505,4.212547377841414,9.570311904199993,28.20744191633331,0.0,0.0,166.0,1.0,0.0,structural_ma6,ma6_level
price_family_ma6_structural_linked,raw_source,crescent_city_ca_metro_area__cbsa_metro,median_sale_price,level,166,2012-01-31,2026-03-31,266949.3995983936,76586.04486699576,9920.813131313133,19861.499999999996,46416.66666666666,0.0,0.0,166.0,1.0,0.0,raw_source,raw_level
price_family_ma6_structural_linked,structural_ma6,crescent_city_ca_metro_area__cbsa_metro,median_sale_price,level,166,2012-01-31,2026-03-31,266949.3995983936,76586.04486699576,9920.813131313133,19861.499999999996,46416.66666666666,0.0,0.0,166.0,1.0,0.0,structural_ma6,ma6_level
price_family_ma6_structural_linked,raw_source,culpeper_county_va__county,median_ppsf,level,168,2012-01-31,2026-05-31,152.94595386777084,40.251735719365435,1.946926423883234,4.226333333333339,6.036666666666633,0.0,0.0,168.0,0.9999999999999998,0.0,raw_source,raw_level
price_family_ma6_structural_linked,structural_ma6,culpeper_county_va__county,median_ppsf,level,168,2012-01-31,2026-05-31,152.94595386777084,40.251735719365435,1.946926423883234,4.226333333333339,6.036666666666633,0.0,0.0,168.0,0.9999999999999998,0.0,structural_ma6,ma6_level
price_family_ma6_structural_linked,raw_source,culpeper_county_va__county,median_sale_price,level,168,2012-01-31,2026-05-31,338417.10714285716,98963.07873351056,4468.172654690619,9216.666666666686,20000.0,0.0,0.0,168.0,0.9999999999999999,0.0,raw_source,raw_level
price_family_ma6_structural_linked,structural_ma6,culpeper_county_va__county,median_sale_price,level,168,2012-01-31,2026-05-31,338417.10714285716,98963.07873351056,4468.172654690619,9216.666666666686,20000.0,0.0,0.0,168.0,0.9999999999999999,0.0,structural_ma6,ma6_level
price_family_ma6_structural_linked,raw_source,cumberland_county_nj__county,median_ppsf,level,168,2012-01-31,2026-05-31,113.18895288777283,38.3313890025229,1.6978289355119769,3.3066666666666635,6.835000000000008,0.0,0.0,168.0,1.0,0.0,raw_source,raw_level
price_family_ma6_structural_linked,structural_ma6,cumberland_county_nj__county,median_ppsf,level,168,2012-01-31,2026-05-31,113.18895288777283,38.3313890025229,1.6978289355119769,3.3066666666666635,6.835000000000008,0.0,0.0,168.0,1.0,0.0,structural_ma6,ma6_level
price_family_ma6_structural_linked,raw_source,cumberland_county_nj__county,median_sale_price,level,168,2012-01-31,2026-05-31,165293.63293650793,53010.42576111579,2570.089820359281,5432.866666666678,8241.666666666686,0.0,0.0,168.0,1.0,0.0,raw_source,raw_level
price_family_ma6_structural_linked,structural_ma6,cumberland_county_nj__county,median_sale_price,level,168,2012-01-31,2026-05-31,165293.63293650793,53010.42576111579,2570.089820359281,5432.866666666678,8241.666666666686,0.0,0.0,168.0,1.0,0.0,structural_ma6,ma6_level
price_family_ma6_structural_linked,raw_source,cumberland_md_metro_area__cbsa_metro,median_ppsf,level,166,2012-01-31,2026-03-31,74.40507502229819,16.375929664270256,1.5525167785969693,3.0570489641333207,6.675031699833326,0.0,0.0,166.0,1.0,0.0,raw_source,raw_level
price_family_ma6_structural_linked,structural_ma6,cumberland_md_metro_area__cbsa_metro,median_ppsf,level,166,2012-01-31,2026-03-31,74.40507502229819,16.375929664270256,1.5525167785969693,3.0570489641333207,6.675031699833326,0.0,0.0,166.0,1.0,0.0,structural_ma6,ma6_level
price_family_ma6_structural_linked,raw_source,cumberland_md_metro_area__cbsa_metro,median_sale_price,level,166,2012-01-31,2026-03-31,114180.04819277108,25184.34246819654,2677.3191919191922,5080.0000000000055,10575.0,0.0,0.0,166.0,1.0,0.0,raw_source,raw_level
price_family_ma6_structural_linked,structural_ma6,cumberland_md_metro_area__cbsa_metro,median_sale_price,level,166,2012-01-31,2026-03-31,114180.04819277108,25184.34246819654,2677.3191919191922,5080.0000000000055,10575.0,0.0,0.0,166.0,1.0,0.0,structural_ma6,ma6_level
price_family_ma6_structural_linked,raw_source,danville_va__county,median_ppsf,level,168,2012-01-31,2026-05-31,58.72295285381845,23.55341274048028,1.6833370205409175,3.399329266266671,6.031666666666666,0.0,0.0,168.0,1.0,0.0,raw_source,raw_level
price_family_ma6_structural_linked,structural_ma6,danville_va__county,median_ppsf,level,168,2012-01-31,2026-05-31,58.72295285381845,23.55341274048028,1.6833370205409175,3.399329266266671,6.031666666666666,0.0,0.0,168.0,1.0,0.0,structural_ma6,ma6_level
price_family_ma6_structural_linked,raw_source,danville_va__county,median_sale_price,level,168,2012-01-31,2026-05-31,92621.6617063492,32607.182669306923,4157.154690618762,7968.3333333333385,12591.666666666672,0.0,0.0,168.0,1.0,0.0,raw_source,raw_level
price_family_ma6_structural_linked,structural_ma6,danville_va__county,median_sale_price,level,168,2012-01-31,2026-05-31,92621.6617063492,32607.182669306923,4157.154690618762,7968.3333333333385,12591.666666666672,0.0,0.0,168.0,1.0,0.0,structural_ma6,ma6_level
price_family_ma6_structural_linked,raw_source,danville_va_metro_area__cbsa_metro,median_ppsf,level,166,2012-01-31,2026-03-31,72.39345470184136,23.82198782512433,1.6382521014272722,3.51027829806666,4.966653602333338,0.0,0.0,166.0,1.0,0.0,raw_source,raw_level
price_family_ma6_structural_linked,structural_ma6,danville_va_metro_area__cbsa_metro,median_ppsf,level,166,2012-01-31,2026-03-31,72.39345470184136,23.82198782512433,1.6382521014272722,3.51027829806666,4.966653602333338,0.0,0.0,166.0,1.0,0.0,structural_ma6,ma6_level
price_family_ma6_structural_linked,raw_source,danville_va_metro_area__cbsa_metro,median_sale_price,level,166,2012-01-31,2026-03-31,120943.88353413655,35812.88699549265,3569.1848484848483,7583.849999999999,14166.666666666672,0.0,0.0,166.0,0.9999999999999998,0.0,raw_source,raw_level
price_family_ma6_structural_linked,structural_ma6,danville_va_metro_area__cbsa_metro,median_sale_price,level,166,2012-01-31,2026-03-31,120943.88353413655,35812.88699549265,3569.1848484848483,7583.849999999999,14166.666666666672,0.0,0.0,166.0,0.9999999999999998,0.0,structural_ma6,ma6_level
price_family_ma6_structural_linked,raw_source,del_norte_county_ca__county,median_ppsf,level,168,2012-01-31,2026-05-31,172.11421993865673,51.98715191451366,4.212868341383233,9.560417957333357,28.20744191633331,0.0,0.0,168.0,1.0,0.0,raw_source,raw_level
price_family_ma6_structural_linked,structural_ma6,del_norte_county_ca__county,median_ppsf,level,168,2012-01-31,2026-05-31,172.11421993865673,51.98715191451366,4.212868341383233,9.560417957333357,28.20744191633331,0.0,0.0,168.0,1.0,0.0,structural_ma6,ma6_level
price_family_ma6_structural_linked,raw_source,del_norte_county_ca__county,median_sale_price,level,168,2012-01-31,2026-05-31,268350.0208333333,77194.44953962111,9834.155688622755,19741.000000000004,46416.66666666666,0.0,0.0,168.0,0.9999999999999998,0.0,raw_source,raw_level
price_family_ma6_structural_linked,structural_ma6,del_norte_county_ca__county,median_sale_price,level,168,2012-01-31,2026-05-31,268350.0208333333,77194.44953962111,9834.155688622755,19741.000000000004,46416.66666666666,0.0,0.0,168.0,0.9999999999999998,0.0,structural_ma6,ma6_level
price_family_ma6_structural_linked,raw_source,dinwiddie_county_va__county,median_ppsf,level,168,2012-01-31,2026-05-31,132.4035587798621,41.90993637244747,2.1835549641167664,4.298784246533328,11.538333333333327,0.0,0.0,168.0,1.0,0.0,raw_source,raw_level
price_family_ma6_structural_linked,structural_ma6,dinwiddie_county_va__county,median_ppsf,level,168,2012-01-31,2026-05-31,132.4035587798621,41.90993637244747,2.1835549641167664,4.298784246533328,11.538333333333327,0.0,0.0,168.0,1.0,0.0,structural_ma6,ma6_level
price_family_ma6_structural_linked,raw_source,dinwiddie_county_va__county,median_sale_price,level,168,2012-01-31,2026-05-31,201609.55753968252,60347.69863019419,3615.854291417166,7868.333333333332,13708.333333333343,0.0,0.0,168.0,0.9999999999999999,0.0,raw_source,raw_level
price_family_ma6_structural_linked,structural_ma6,dinwiddie_county_va__county,median_sale_price,level,168,2012-01-31,2026-05-31,201609.55753968252,60347.69863019419,3615.854291417166,7868.333333333332,13708.333333333343,0.0,0.0,168.0,0.9999999999999999,0.0,structural_ma6,ma6_level
price_family_ma6_structural_linked,raw_source,district_of_columbia__state,median_ppsf,level,168,2012-01-31,2026-05-31,476.79366071428575,38.86993793099124,2.5789421157684638,5.016999999999951,9.199999999999932,0.0,0.0,168.0,1.0,0.0,raw_source,raw_level
price_family_ma6_structural_linked,structural_ma6,district_of_columbia__state,median_ppsf,level,168,2012-01-31,2026-05-31,476.79366071428575,38.86993793099124,2.5789421157684638,5.016999999999951,9.199999999999932,0.0,0.0,168.0,1.0,0.0,structural_ma6,ma6_level
price_family_ma6_structural_linked,raw_source,district_of_columbia__state,median_sale_price,level,168,2012-01-31,2026-05-31,579080.9732142857,76286.46034489475,5759.885229540919,11853.33333333335,21166.666666666628,0.0,0.0,168.0,1.0,0.0,raw_source,raw_level
price_family_ma6_structural_linked,structural_ma6,district_of_columbia__state,median_sale_price,level,168,2012-01-31,2026-05-31,579080.9732142857,76286.46034489475,5759.885229540919,11853.33333333335,21166.666666666628,0.0,0.0,168.0,1.0,0.0,structural_ma6,ma6_level
price_family_ma6_structural_linked,baseline,district_of_columbia_dc__county,median_ppsf,level,138,2014-12-31,2026-05-31,0.5501690026204107,0.42551459167993894,0.23991113246111753,0.5681582952815829,1.0333333333333334,0.11594202898550725,0.043478260869565216,133.0,0.6865708181568281,0.23702253554827754,normalized_feature,normalized_score
price_family_ma6_structural_linked,challenger,district_of_columbia_dc__county,median_ppsf,level,133,2015-05-31,2026-05-31,0.6419908687525457,0.3462887308721769,0.07680405930891912,0.19305555555555579,0.3666666666666666,0.03007518796992481,0.03759398496240601,133.0,0.6865708181568281,0.23702253554827754,normalized_feature,normalized_score
price_family_ma6_structural_linked,raw_source,district_of_columbia_dc__county,median_ppsf,level,168,2012-01-31,2026-05-31,476.7510721287827,39.52843340984531,4.763418395191618,9.561509693400001,13.544999999999845,0.0,0.0,168.0,1.0,0.0,raw_source,raw_level
price_family_ma6_structural_linked,structural_ma6,district_of_columbia_dc__county,median_ppsf,level,168,2012-01-31,2026-05-31,476.7510721287827,39.52843340984531,4.763418395191618,9.561509693400001,13.544999999999845,0.0,0.0,168.0,1.0,0.0,structural_ma6,ma6_level
price_family_ma6_structural_linked,baseline,district_of_columbia_dc__county,median_ppsf,long,126,2015-12-31,2026-05-31,-0.2600708118641931,0.5689606722716397,0.45403830874412937,0.9657874134296899,1.53,0.30952380952380953,0.06349206349206349,121.0,0.7225239734855784,0.3164500504054565,normalized_feature,normalized_score
price_family_ma6_structural_linked,challenger,district_of_columbia_dc__county,median_ppsf,long,121,2016-05-31,2026-05-31,-0.3304874107691702,0.5943281897547407,0.1314414888346305,0.3385294117647059,0.8242835595776773,0.049586776859504134,0.01652892561983471,121.0,0.7225239734855784,0.3164500504054565,normalized_feature,normalized_score
price_family_ma6_structural_linked,baseline,district_of_columbia_dc__county,median_ppsf,short,137,2015-01-31,2026-05-31,-0.04087059561346632,0.5658896530443368,0.7238811984299584,1.4220538720538718,1.955,0.5766423357664233,0.10948905109489052,130.0,-0.03510966802399184,0.650424088031331,normalized_feature,normalized_score
price_family_ma6_structural_linked,challenger,district_of_columbia_dc__county,median_ppsf,short,130,2015-08-31,2026-05-31,-0.10352463037772398,0.5625235481228088,0.2409448912724314,0.46154922538730625,0.7333333333333334,0.16153846153846155,0.09230769230769231,130.0,-0.03510966802399184,0.650424088031331,normalized_feature,normalized_score
price_family_ma6_structural_linked,baseline,district_of_columbia_dc__county,median_sale_price,level,138,2014-12-31,2026-05-31,0.7111575730562935,0.28474313148576774,0.22278417263862127,0.5594970161977836,0.9500000000000001,0.057971014492753624,0.043478260869565216,133.0,0.5225993782579383,0.18352449470897597,normalized_feature,normalized_score
price_family_ma6_structural_linked,challenger,district_of_columbia_dc__county,median_sale_price,level,133,2015-05-31,2026-05-31,0.8038100892605989,0.20059768024830213,0.05489608941580371,0.14913520632133445,0.31666666666666665,0.0,0.0,133.0,0.5225993782579383,0.18352449470897597,normalized_feature,normalized_score
price_family_ma6_structural_linked,raw_source,district_of_columbia_dc__county,median_sale_price,level,168,2012-01-31,2026-05-31,578965.0466269841,76302.06711763791,5766.872255489022,11736.666666666677,21166.666666666628,0.0,0.0,168.0,1.0,0.0,raw_source,raw_level
price_family_ma6_structural_linked,structural_ma6,district_of_columbia_dc__county,median_sale_price,level,168,2012-01-31,2026-05-31,578965.0466269841,76302.06711763791,5766.872255489022,11736.666666666677,21166.666666666628,0.0,0.0,168.0,1.0,0.0,structural_ma6,ma6_level
price_family_ma6_structural_linked,baseline,district_of_columbia_dc__county,median_sale_price,long,126,2015-12-31,2026-05-31,-0.17079477339991184,0.6293087261973368,0.615819326932185,1.3973324905183313,1.8966666666666665,0.40476190476190477,0.1111111111111111,121.0,0.587585761175383,0.40724912041015493,normalized_feature,normalized_score
price_family_ma6_structural_linked,challenger,district_of_columbia_dc__county,median_sale_price,long,121,2016-05-31,2026-05-31,-0.24965523535023998,0.5922101836862387,0.2062171099093515,0.49614374169376957,1.2797979797979797,0.15702479338842976,0.05785123966942149,121.0,0.587585761175383,0.40724912041015493,normalized_feature,normalized_score
price_family_ma6_structural_linked,baseline,district_of_columbia_dc__county,median_sale_price,short,137,2015-01-31,2026-05-31,-0.02181060854243864,0.6174597985381041,0.7587296323083504,1.6172555648495117,1.9466666666666668,0.5328467153284672,0.0948905109489051,130.0,-0.05346391517821503,0.6968619461252814,normalized_feature,normalized_score
price_family_ma6_structural_linked,challenger,district_of_columbia_dc__county,median_sale_price,short,130,2015-08-31,2026-05-31,-0.08901221230366389,0.5469567619030576,0.2630467087876822,0.523373602752633,1.25,0.2,0.1,130.0,-0.05346391517821503,0.6968619461252814,normalized_feature,normalized_score
price_family_ma6_structural_linked,baseline,district_of_columbia_dc__county,payment_burden,level,127,2015-11-30,2026-05-31,-0.11975338433134275,0.657620381203909,0.299891643440008,0.6833333333333333,1.317102615694165,0.1968503937007874,0.06299212598425197,127.0,0.8910392231948884,0.21874625904724157,normalized_feature,normalized_score
price_family_ma6_structural_linked,challenger,district_of_columbia_dc__county,payment_burden,level,127,2015-11-30,2026-05-31,-0.12712316519576025,0.6430365437499377,0.11682954581557088,0.3082952109588857,1.0399543378995435,0.07086614173228346,0.05511811023622047,127.0,0.8910392231948884,0.21874625904724157,normalized_feature,normalized_score
price_family_ma6_structural_linked,baseline,district_of_columbia_dc__county,payment_burden,long,115,2016-11-30,2026-05-31,-0.06988345063360539,0.6301236075670908,0.3528120998186688,0.910423665546846,1.5,0.25217391304347825,0.0782608695652174,115.0,0.8868650545103023,0.20647556165331,normalized_feature,normalized_score
price_family_ma6_structural_linked,challenger,district_of_columbia_dc__county,payment_burden,long,115,2016-11-30,2026-05-31,-0.05208912907801945,0.5901955054900443,0.15480335578468976,0.353445512820513,1.0841836734693877,0.13043478260869565,0.11304347826086956,115.0,0.8868650545103023,0.20647556165331,normalized_feature,normalized_score
price_family_ma6_structural_linked,baseline,district_of_columbia_dc__county,payment_burden,short,126,2015-12-31,2026-05-31,-0.005590053760660458,0.6214625964100917,0.6988985113627808,1.5644559559433706,1.8950419527078566,0.5079365079365079,0.1111111111111111,124.0,0.23004720792931782,0.5790372927352399,normalized_feature,normalized_score
price_family_ma6_structural_linked,challenger,district_of_columbia_dc__county,payment_burden,short,124,2016-02-29,2026-05-31,-0.024668490710045596,0.568535198976493,0.27261819405840665,0.6699792960662527,1.880631609445169,0.20161290322580644,0.16129032258064516,124.0,0.23004720792931782,0.5790372927352399,normalized_feature,normalized_score
price_family_ma6_structural_linked,baseline,district_of_columbia_dc__county,price_to_income,level,127,2015-11-30,2026-05-31,0.24779419649942835,0.5906872877852641,0.3561953815118741,0.8052521008403362,1.3406806559689648,0.2440944881889764,0.07874015748031496,127.0,0.789719048358891,0.30305348727124404,normalized_feature,normalized_score
price_family_ma6_structural_linked,challenger,district_of_columbia_dc__county,price_to_income,level,127,2015-11-30,2026-05-31,0.25121585627593485,0.6603953097851696,0.13845105526479118,0.28112026448595695,1.4133333333333333,0.03937007874015748,0.03937007874015748,127.0,0.789719048358891,0.30305348727124404,normalized_feature,normalized_score
price_family_ma6_structural_linked,baseline,district_of_columbia_dc__county,price_to_income,long,115,2016-11-30,2026-05-31,0.04539146033448473,0.6830456767551727,0.522418480861649,1.283833252701177,1.8774358974358973,0.34782608695652173,0.06086956521739131,115.0,0.7291381887808006,0.33337378733723005,normalized_feature,normalized_score
price_family_ma6_structural_linked,challenger,district_of_columbia_dc__county,price_to_income,long,115,2016-11-30,2026-05-31,0.027147239691379322,0.6405204018994789,0.15875862871958832,0.4085745076179859,1.0570570570570572,0.09565217391304348,0.034782608695652174,115.0,0.7291381887808006,0.33337378733723005,normalized_feature,normalized_score
price_family_ma6_structural_linked,baseline,district_of_columbia_dc__county,price_to_income,short,126,2015-12-31,2026-05-31,0.004359889148484949,0.6155965773111737,0.734543520839934,1.6078563495001859,1.93,0.5396825396825397,0.09523809523809523,124.0,0.0006466745182975747,0.6619996123312837,normalized_feature,normalized_score
price_family_ma6_structural_linked,challenger,district_of_columbia_dc__county,price_to_income,short,124,2016-02-29,2026-05-31,0.07522438644770472,0.5369548718693136,0.25446715257502756,0.5825509957261914,1.1833333333333333,0.18548387096774194,0.11290322580645161,124.0,0.0006466745182975747,0.6619996123312837,normalized_feature,normalized_score
price_family_ma6_structural_linked,raw_source,dorchester_county_md__county,median_ppsf,level,168,2012-01-31,2026-05-31,117.59958122336705,35.39468553593557,2.031954474351298,4.290042366366664,7.389999999999986,0.0,0.0,168.0,1.0,0.0,raw_source,raw_level
price_family_ma6_structural_linked,structural_ma6,dorchester_county_md__county,median_ppsf,level,168,2012-01-31,2026-05-31,117.59958122336705,35.39468553593557,2.031954474351298,4.290042366366664,7.389999999999986,0.0,0.0,168.0,1.0,0.0,structural_ma6,ma6_level
price_family_ma6_structural_linked,raw_source,dorchester_county_md__county,median_sale_price,level,168,2012-01-31,2026-05-31,190803.30357142858,56277.505209336836,4617.866267465071,9383.333333333343,14461.666666666672,0.0,0.0,168.0,1.0,0.0,raw_source,raw_level
price_family_ma6_structural_linked,structural_ma6,dorchester_county_md__county,median_sale_price,level,168,2012-01-31,2026-05-31,190803.30357142858,56277.505209336836,4617.866267465071,9383.333333333343,14461.666666666672,0.0,0.0,168.0,1.0,0.0,structural_ma6,ma6_level
price_family_ma6_structural_linked,raw_source,easton_md_metro_area__cbsa_metro,median_ppsf,level,166,2012-01-31,2026-03-31,185.30057772801706,41.68569667111886,2.649036587077781,5.750566027500018,10.930742907666712,0.0,0.0,166.0,0.9999999999999998,0.0,raw_source,raw_level
price_family_ma6_structural_linked,structural_ma6,easton_md_metro_area__cbsa_metro,median_ppsf,level,166,2012-01-31,2026-03-31,185.30057772801706,41.68569667111886,2.649036587077781,5.750566027500018,10.930742907666712,0.0,0.0,166.0,0.9999999999999998,0.0,structural_ma6,ma6_level
price_family_ma6_structural_linked,raw_source,easton_md_metro_area__cbsa_metro,median_sale_price,level,166,2012-01-31,2026-03-31,372414.983935743,84585.63523184058,9129.278787878791,19333.333333333325,38416.66666666663,0.0,0.0,166.0,1.0,0.0,raw_source,raw_level
price_family_ma6_structural_linked,structural_ma6,easton_md_metro_area__cbsa_metro,median_sale_price,level,166,2012-01-31,2026-03-31,372414.983935743,84585.63523184058,9129.278787878791,19333.333333333325,38416.66666666663,0.0,0.0,166.0,1.0,0.0,structural_ma6,ma6_level
price_family_ma6_structural_linked,raw_source,el_centro_ca_metro_area__cbsa_metro,median_ppsf,level,166,2012-01-31,2026-03-31,151.17233807291868,56.37883570060537,1.8369207746808094,4.405338155866658,9.555701669166666,0.0,0.0,166.0,1.0,0.0,raw_source,raw_level
price_family_ma6_structural_linked,structural_ma6,el_centro_ca_metro_area__cbsa_metro,median_ppsf,level,166,2012-01-31,2026-03-31,151.17233807291868,56.37883570060537,1.8369207746808094,4.405338155866658,9.555701669166666,0.0,0.0,166.0,1.0,0.0,structural_ma6,ma6_level
price_family_ma6_structural_linked,raw_source,el_centro_ca_metro_area__cbsa_metro,median_sale_price,level,166,2012-01-31,2026-03-31,243436.1395582329,92103.52098532638,3670.7565656565653,7633.333333333319,20016.66666666667,0.0,0.0,166.0,1.0,0.0,raw_source,raw_level
price_family_ma6_structural_linked,structural_ma6,el_centro_ca_metro_area__cbsa_metro,median_sale_price,level,166,2012-01-31,2026-03-31,243436.1395582329,92103.52098532638,3670.7565656565653,7633.333333333319,20016.66666666667,0.0,0.0,166.0,1.0,0.0,structural_ma6,ma6_level
price_family_ma6_structural_linked,raw_source,el_dorado_county_ca__county,median_ppsf,level,168,2012-01-31,2026-05-31,262.81522746862896,66.91440941780267,2.356953385918164,5.301628633933342,10.316666666666606,0.0,0.0,168.0,1.0,0.0,raw_source,raw_level
price_family_ma6_structural_linked,structural_ma6,el_dorado_county_ca__county,median_ppsf,level,168,2012-01-31,2026-05-31,262.81522746862896,66.91440941780267,2.356953385918164,5.301628633933342,10.316666666666606,0.0,0.0,168.0,1.0,0.0,structural_ma6,ma6_level
price_family_ma6_structural_linked,raw_source,el_dorado_county_ca__county,median_sale_price,level,168,2012-01-31,2026-05-31,509954.36904761905,132109.89159526292,7056.05389221557,14883.333333333376,23333.333333333256,0.0,0.0,168.0,1.0,0.0,raw_source,raw_level
price_family_ma6_structural_linked,structural_ma6,el_dorado_county_ca__county,median_sale_price,level,168,2012-01-31,2026-05-31,509954.36904761905,132109.89159526292,7056.05389221557,14883.333333333376,23333.333333333256,0.0,0.0,168.0,1.0,0.0,structural_ma6,ma6_level
price_family_ma6_structural_linked,raw_source,essex_county_nj__county,median_ppsf,level,128,2015-05-31,2026-05-31,255.78502257123046,64.379399191135,5.585665295560366,10.866333333333342,13.563333333333361,0.0,0.0,128.0,1.0,0.0,raw_source,raw_level
price_family_ma6_structural_linked,structural_ma6,essex_county_nj__county,median_ppsf,level,128,2015-05-31,2026-05-31,255.78502257123046,64.379399191135,5.585665295560366,10.866333333333342,13.563333333333361,0.0,0.0,128.0,1.0,0.0,structural_ma6,ma6_level
price_family_ma6_structural_linked,raw_source,essex_county_nj__county,median_sale_price,level,128,2015-05-31,2026-05-31,459957.6640625,129317.22510493279,9176.503937007874,17543.333333333343,27500.0,0.0,0.0,128.0,1.0,0.0,raw_source,raw_level
price_family_ma6_structural_linked,structural_ma6,essex_county_nj__county,median_sale_price,level,128,2015-05-31,2026-05-31,459957.6640625,129317.22510493279,9176.503937007874,17543.333333333343,27500.0,0.0,0.0,128.0,1.0,0.0,structural_ma6,ma6_level
price_family_ma6_structural_linked,raw_source,eureka_ca_metro_area__cbsa_metro,median_ppsf,level,147,2012-05-31,2026-03-31,233.81281870291951,49.16368883097669,3.027961786326484,5.873711664166677,31.354473943000016,0.0,0.0,147.0,1.0,0.0,raw_source,raw_level
price_family_ma6_structural_linked,structural_ma6,eureka_ca_metro_area__cbsa_metro,median_ppsf,level,147,2012-05-31,2026-03-31,233.81281870291951,49.16368883097669,3.027961786326484,5.873711664166677,31.354473943000016,0.0,0.0,147.0,1.0,0.0,structural_ma6,ma6_level
price_family_ma6_structural_linked,raw_source,eureka_ca_metro_area__cbsa_metro,median_sale_price,level,148,2012-05-31,2026-03-31,343227.42004504503,67739.94586768649,5077.497732426306,9616.666666666699,37500.0,0.0,0.0,148.0,1.0,0.0,raw_source,raw_level
price_family_ma6_structural_linked,structural_ma6,eureka_ca_metro_area__cbsa_metro,median_sale_price,level,148,2012-05-31,2026-03-31,343227.42004504503,67739.94586768649,5077.497732426306,9616.666666666699,37500.0,0.0,0.0,148.0,1.0,0.0,structural_ma6,ma6_level
price_family_ma6_structural_linked,raw_source,fairfax_city_county_va__county,median_ppsf,level,168,2012-01-31,2026-05-31,270.0451093764355,36.601407905008145,3.227907162104792,7.014666666666642,14.17860166283333,0.0,0.0,168.0,1.0,0.0,raw_source,raw_level
price_family_ma6_structural_linked,structural_ma6,fairfax_city_county_va__county,median_ppsf,level,168,2012-01-31,2026-05-31,270.0451093764355,36.601407905008145,3.227907162104792,7.014666666666642,14.17860166283333,0.0,0.0,168.0,1.0,0.0,structural_ma6,ma6_level
price_family_ma6_structural_linked,raw_source,fairfax_city_county_va__county,median_sale_price,level,168,2012-01-31,2026-05-31,568525.6051587302,115536.26507607674,9037.150698602794,17433.33333333334,34041.666666666744,0.0,0.0,168.0,1.0,0.0,raw_source,raw_level
price_family_ma6_structural_linked,structural_ma6,fairfax_city_county_va__county,median_sale_price,level,168,2012-01-31,2026-05-31,568525.6051587302,115536.26507607674,9037.150698602794,17433.33333333334,34041.666666666744,0.0,0.0,168.0,1.0,0.0,structural_ma6,ma6_level
price_family_ma6_structural_linked,raw_source,fairfax_county_va__county,median_ppsf,level,168,2012-01-31,2026-05-31,280.9372423159206,42.96913076981554,1.4942861872075863,3.0336666666666816,6.064999999999998,0.0,0.0,168.0,1.0,0.0,raw_source,raw_level
price_family_ma6_structural_linked,structural_ma6,fairfax_county_va__county,median_ppsf,level,168,2012-01-31,2026-05-31,280.9372423159206,42.96913076981554,1.4942861872075863,3.0336666666666816,6.064999999999998,0.0,0.0,168.0,1.0,0.0,structural_ma6,ma6_level
price_family_ma6_structural_linked,raw_source,fairfax_county_va__county,median_sale_price,level,168,2012-01-31,2026-05-31,558554.4365079365,107481.22365569817,7161.25748502994,13338.200000000023,20351.666666666628,0.0,0.0,168.0,1.0,0.0,raw_source,raw_level
price_family_ma6_structural_linked,structural_ma6,fairfax_county_va__county,median_sale_price,level,168,2012-01-31,2026-05-31,558554.4365079365,107481.22365569817,7161.25748502994,13338.200000000023,20351.666666666628,0.0,0.0,168.0,1.0,0.0,structural_ma6,ma6_level
price_family_ma6_structural_linked,raw_source,falls_church_va__county,median_ppsf,level,168,2012-01-31,2026-05-31,403.8912243951666,56.77196480328263,8.70754508614471,17.485666666666706,32.30833333333334,0.0,0.0,168.0,0.9999999999999999,0.0,raw_source,raw_level
price_family_ma6_structural_linked,structural_ma6,falls_church_va__county,median_ppsf,level,168,2012-01-31,2026-05-31,403.8912243951666,56.77196480328263,8.70754508614471,17.485666666666706,32.30833333333334,0.0,0.0,168.0,0.9999999999999999,0.0,structural_ma6,ma6_level
price_family_ma6_structural_linked,raw_source,falls_church_va__county,median_sale_price,level,168,2012-01-31,2026-05-31,792205.623015873,158304.51975745807,28777.095808383234,64819.633333333266,187100.83333333326,0.0,0.0,168.0,0.9999999999999998,0.0,raw_source,raw_level
price_family_ma6_structural_linked,structural_ma6,falls_church_va__county,median_sale_price,level,168,2012-01-31,2026-05-31,792205.623015873,158304.51975745807,28777.095808383234,64819.633333333266,187100.83333333326,0.0,0.0,168.0,0.9999999999999998,0.0,structural_ma6,ma6_level
price_family_ma6_structural_linked,raw_source,fauquier_county_va__county,median_ppsf,level,168,2012-01-31,2026-05-31,184.20158593349603,39.66938079921724,1.6608828936067872,3.8159773423333094,6.779999999999973,0.0,0.0,168.0,1.0,0.0,raw_source,raw_level
price_family_ma6_structural_linked,structural_ma6,fauquier_county_va__county,median_ppsf,level,168,2012-01-31,2026-05-31,184.20158593349603,39.66938079921724,1.6608828936067872,3.8159773423333094,6.779999999999973,0.0,0.0,168.0,1.0,0.0,structural_ma6,ma6_level
price_family_ma6_structural_linked,raw_source,fauquier_county_va__county,median_sale_price,level,168,2012-01-31,2026-05-31,440524.2033730159,112574.01969191735,6140.726546906187,13045.000000000025,29166.666666666686,0.0,0.0,168.0,1.0,0.0,raw_source,raw_level
price_family_ma6_structural_linked,structural_ma6,fauquier_county_va__county,median_sale_price,level,168,2012-01-31,2026-05-31,440524.2033730159,112574.01969191735,6140.726546906187,13045.000000000025,29166.666666666686,0.0,0.0,168.0,1.0,0.0,structural_ma6,ma6_level
price_family_ma6_structural_linked,raw_source,fluvanna_county_va__county,median_ppsf,level,168,2012-01-31,2026-05-31,138.22836483118354,39.67873498711744,1.5668644522884239,3.60615449103334,6.186666666666667,0.0,0.0,168.0,1.0,0.0,raw_source,raw_level
price_family_ma6_structural_linked,structural_ma6,fluvanna_county_va__county,median_ppsf,level,168,2012-01-31,2026-05-31,138.22836483118354,39.67873498711744,1.5668644522884239,3.60615449103334,6.186666666666667,0.0,0.0,168.0,1.0,0.0,structural_ma6,ma6_level
price_family_ma6_structural_linked,raw_source,fluvanna_county_va__county,median_sale_price,level,168,2012-01-31,2026-05-31,256347.0525793651,71404.95308899751,4164.885728542915,8819.600000000015,17083.333333333314,0.0,0.0,168.0,1.0,0.0,raw_source,raw_level
price_family_ma6_structural_linked,structural_ma6,fluvanna_county_va__county,median_sale_price,level,168,2012-01-31,2026-05-31,256347.0525793651,71404.95308899751,4164.885728542915,8819.600000000015,17083.333333333314,0.0,0.0,168.0,1.0,0.0,structural_ma6,ma6_level
price_family_ma6_structural_linked,raw_source,franklin_city_county_va__county,median_ppsf,level,143,2014-02-28,2026-05-31,95.52826175785782,34.665927078183586,3.689941387965962,7.588050042466672,15.939999999999998,0.0,0.0,143.0,1.0,0.0,raw_source,raw_level
price_family_ma6_structural_linked,structural_ma6,franklin_city_county_va__county,median_ppsf,level,143,2014-02-28,2026-05-31,95.52826175785782,34.665927078183586,3.689941387965962,7.588050042466672,15.939999999999998,0.0,0.0,143.0,1.0,0.0,structural_ma6,ma6_level
price_family_ma6_structural_linked,raw_source,franklin_city_county_va__county,median_sale_price,level,143,2014-02-28,2026-05-31,179739.2768065268,58236.5214322181,10237.99237089202,21168.333333333336,44000.0,0.0,0.0,143.0,1.0,0.0,raw_source,raw_level
price_family_ma6_structural_linked,structural_ma6,franklin_city_county_va__county,median_sale_price,level,143,2014-02-28,2026-05-31,179739.2768065268,58236.5214322181,10237.99237089202,21168.333333333336,44000.0,0.0,0.0,143.0,1.0,0.0,structural_ma6,ma6_level
price_family_ma6_structural_linked,raw_source,franklin_county_va__county,median_ppsf,level,168,2012-01-31,2026-05-31,125.54405015722718,37.95428829083493,2.912392743117764,6.540000000000015,11.031666666666666,0.0,0.0,168.0,1.0,0.0,raw_source,raw_level
price_family_ma6_structural_linked,structural_ma6,franklin_county_va__county,median_ppsf,level,168,2012-01-31,2026-05-31,125.54405015722718,37.95428829083493,2.912392743117764,6.540000000000015,11.031666666666666,0.0,0.0,168.0,1.0,0.0,structural_ma6,ma6_level
price_family_ma6_structural_linked,raw_source,franklin_county_va__county,median_sale_price,level,168,2012-01-31,2026-05-31,285475.77281746035,81236.01164315062,7373.170658682635,14925.0,30000.0,0.0,0.0,168.0,1.0,0.0,raw_source,raw_level
price_family_ma6_structural_linked,structural_ma6,franklin_county_va__county,median_sale_price,level,168,2012-01-31,2026-05-31,285475.77281746035,81236.01164315062,7373.170658682635,14925.0,30000.0,0.0,0.0,168.0,1.0,0.0,structural_ma6,ma6_level
price_family_ma6_structural_linked,raw_source,frederick_county_md__county,median_ppsf,level,168,2012-01-31,2026-05-31,171.29058748799403,34.807399629320784,1.0790149505359279,2.3853333333333193,3.376666666666665,0.0,0.0,168.0,1.0,0.0,raw_source,raw_level
price_family_ma6_structural_linked,structural_ma6,frederick_county_md__county,median_ppsf,level,168,2012-01-31,2026-05-31,171.29058748799403,34.807399629320784,1.0790149505359279,2.3853333333333193,3.376666666666665,0.0,0.0,168.0,1.0,0.0,structural_ma6,ma6_level
price_family_ma6_structural_linked,raw_source,frederick_county_md__county,median_sale_price,level,168,2012-01-31,2026-05-31,352529.17162698414,86994.46847054089,3850.4011976047905,7792.5333333333265,10000.833333333314,0.0,0.0,168.0,1.0,0.0,raw_source,raw_level
price_family_ma6_structural_linked,structural_ma6,frederick_county_md__county,median_sale_price,level,168,2012-01-31,2026-05-31,352529.17162698414,86994.46847054089,3850.4011976047905,7792.5333333333265,10000.833333333314,0.0,0.0,168.0,1.0,0.0,structural_ma6,ma6_level
price_family_ma6_structural_linked,raw_source,frederick_county_va__county,median_ppsf,level,168,2012-01-31,2026-05-31,145.11916643785912,39.3638513232287,1.2712504693792426,2.4553333333333285,4.739999999999981,0.0,0.0,168.0,1.0,0.0,raw_source,raw_level
price_family_ma6_structural_linked,structural_ma6,frederick_county_va__county,median_ppsf,level,168,2012-01-31,2026-05-31,145.11916643785912,39.3638513232287,1.2712504693792426,2.4553333333333285,4.739999999999981,0.0,0.0,168.0,1.0,0.0,structural_ma6,ma6_level
price_family_ma6_structural_linked,raw_source,frederick_county_va__county,median_sale_price,level,168,2012-01-31,2026-05-31,296556.6626984127,84385.39337058937,3327.2804391217574,6651.166666666663,12416.666666666628,0.0,0.0,168.0,1.0,0.0,raw_source,raw_level
price_family_ma6_structural_linked,structural_ma6,frederick_county_va__county,median_sale_price,level,168,2012-01-31,2026-05-31,296556.6626984127,84385.39337058937,3327.2804391217574,6651.166666666663,12416.666666666628,0.0,0.0,168.0,1.0,0.0,structural_ma6,ma6_level
price_family_ma6_structural_linked,raw_source,frederick_md_metro_area__cbsa_metro,median_ppsf,level,168,2012-01-31,2026-05-31,220.64687500000002,31.429903528348824,0.9701696606786421,1.9903333333333422,3.9199999999999875,0.0,0.0,168.0,1.0,0.0,raw_source,raw_level
price_family_ma6_structural_linked,structural_ma6,frederick_md_metro_area__cbsa_metro,median_ppsf,level,168,2012-01-31,2026-05-31,220.64687500000002,31.429903528348824,0.9701696606786421,1.9903333333333422,3.9199999999999875,0.0,0.0,168.0,1.0,0.0,structural_ma6,ma6_level
price_family_ma6_structural_linked,raw_source,frederick_md_metro_area__cbsa_metro,median_sale_price,level,168,2012-01-31,2026-05-31,436524.9255952381,84059.55635212472,5113.849301397206,9593.333333333338,18333.333333333372,0.0,0.0,168.0,0.9999999999999998,0.0,raw_source,raw_level
price_family_ma6_structural_linked,structural_ma6,frederick_md_metro_area__cbsa_metro,median_sale_price,level,168,2012-01-31,2026-05-31,436524.9255952381,84059.55635212472,5113.849301397206,9593.333333333338,18333.333333333372,0.0,0.0,168.0,0.9999999999999998,0.0,structural_ma6,ma6_level
price_family_ma6_structural_linked,raw_source,fredericksburg_va__county,median_ppsf,level,168,2012-01-31,2026-05-31,171.82609063242063,43.20722594857303,3.1097476895518943,5.74566666666666,11.200000000000017,0.0,0.0,168.0,1.0,0.0,raw_source,raw_level
price_family_ma6_structural_linked,structural_ma6,fredericksburg_va__county,median_ppsf,level,168,2012-01-31,2026-05-31,171.82609063242063,43.20722594857303,3.1097476895518943,5.74566666666666,11.200000000000017,0.0,0.0,168.0,1.0,0.0,structural_ma6,ma6_level
price_family_ma6_structural_linked,raw_source,fredericksburg_va__county,median_sale_price,level,168,2012-01-31,2026-05-31,356253.9136904762,75121.4759831099,6788.5059880239505,14069.333333333325,21750.0,0.0,0.0,168.0,0.9999999999999998,0.0,raw_source,raw_level
price_family_ma6_structural_linked,structural_ma6,fredericksburg_va__county,median_sale_price,level,168,2012-01-31,2026-05-31,356253.9136904762,75121.4759831099,6788.5059880239505,14069.333333333325,21750.0,0.0,0.0,168.0,0.9999999999999998,0.0,structural_ma6,ma6_level
price_family_ma6_structural_linked,raw_source,fresno_ca_metro_area__cbsa_metro,median_ppsf,level,168,2012-01-31,2026-05-31,176.26884920634922,55.740754138433005,1.1853193612774457,2.6610000000000187,3.755000000000024,0.0,0.0,168.0,1.0,0.0,raw_source,raw_level
price_family_ma6_structural_linked,structural_ma6,fresno_ca_metro_area__cbsa_metro,median_ppsf,level,168,2012-01-31,2026-05-31,176.26884920634922,55.740754138433005,1.1853193612774457,2.6610000000000187,3.755000000000024,0.0,0.0,168.0,1.0,0.0,structural_ma6,ma6_level
price_family_ma6_structural_linked,raw_source,fresno_ca_metro_area__cbsa_metro,median_sale_price,level,168,2012-01-31,2026-05-31,294432.15476190473,90275.20139881535,2414.6227544910184,5196.800000000012,8000.0,0.0,0.0,168.0,1.0,0.0,raw_source,raw_level
price_family_ma6_structural_linked,structural_ma6,fresno_ca_metro_area__cbsa_metro,median_sale_price,level,168,2012-01-31,2026-05-31,294432.15476190473,90275.20139881535,2414.6227544910184,5196.800000000012,8000.0,0.0,0.0,168.0,1.0,0.0,structural_ma6,ma6_level
price_family_ma6_structural_linked,raw_source,fresno_county_ca__county,median_ppsf,level,168,2012-01-31,2026-05-31,176.25564038387006,55.69344846646633,1.2830687917924166,2.624666666666667,4.571666666666687,0.0,0.0,168.0,1.0,0.0,raw_source,raw_level
price_family_ma6_structural_linked,structural_ma6,fresno_county_ca__county,median_ppsf,level,168,2012-01-31,2026-05-31,176.25564038387006,55.69344846646633,1.2830687917924166,2.624666666666667,4.571666666666687,0.0,0.0,168.0,1.0,0.0,structural_ma6,ma6_level
price_family_ma6_structural_linked,raw_source,fresno_county_ca__county,median_sale_price,level,168,2012-01-31,2026-05-31,294439.74404761905,90280.95894709088,2409.6966067864273,5196.800000000012,8000.0,0.0,0.0,168.0,1.0,0.0,raw_source,raw_level
price_family_ma6_structural_linked,structural_ma6,fresno_county_ca__county,median_sale_price,level,168,2012-01-31,2026-05-31,294439.74404761905,90280.95894709088,2409.6966067864273,5196.800000000012,8000.0,0.0,0.0,168.0,1.0,0.0,structural_ma6,ma6_level
price_family_ma6_structural_linked,raw_source,giles_county_va__county,median_ppsf,level,141,2012-06-30,2026-05-31,95.78426785483806,27.667876113463585,4.820072741091666,11.309999999999999,24.28333333333333,0.0,0.0,141.0,1.0,0.0,raw_source,raw_level
price_family_ma6_structural_linked,structural_ma6,giles_county_va__county,median_ppsf,level,141,2012-06-30,2026-05-31,95.78426785483806,27.667876113463585,4.820072741091666,11.309999999999999,24.28333333333333,0.0,0.0,141.0,1.0,0.0,structural_ma6,ma6_level
price_family_ma6_structural_linked,raw_source,giles_county_va__county,median_sale_price,level,142,2012-06-30,2026-05-31,167069.8573943662,47470.93177920745,10504.940898345154,24262.75,59391.749999999985,0.0,0.0,142.0,1.0,0.0,raw_source,raw_level
price_family_ma6_structural_linked,structural_ma6,giles_county_va__county,median_sale_price,level,142,2012-06-30,2026-05-31,167069.8573943662,47470.93177920745,10504.940898345154,24262.75,59391.749999999985,0.0,0.0,142.0,1.0,0.0,structural_ma6,ma6_level
price_family_ma6_structural_linked,raw_source,gloucester_county_nj__county,median_ppsf,level,167,2012-02-29,2026-05-31,137.41826250723952,40.39040708503199,1.1744402538915668,2.353680780000005,3.9399999999999977,0.0,0.0,167.0,1.0,0.0,raw_source,raw_level
price_family_ma6_structural_linked,structural_ma6,gloucester_county_nj__county,median_ppsf,level,167,2012-02-29,2026-05-31,137.41826250723952,40.39040708503199,1.1744402538915668,2.353680780000005,3.9399999999999977,0.0,0.0,167.0,1.0,0.0,structural_ma6,ma6_level
price_family_ma6_structural_linked,raw_source,gloucester_county_nj__county,median_sale_price,level,167,2012-02-29,2026-05-31,231592.50798403195,68558.38580905019,2828.3343373493967,5833.333333333314,12907.5,0.0,0.0,167.0,1.0,0.0,raw_source,raw_level
price_family_ma6_structural_linked,structural_ma6,gloucester_county_nj__county,median_sale_price,level,167,2012-02-29,2026-05-31,231592.50798403195,68558.38580905019,2828.3343373493967,5833.333333333314,12907.5,0.0,0.0,167.0,1.0,0.0,structural_ma6,ma6_level
price_family_ma6_structural_linked,raw_source,gloucester_county_va__county,median_ppsf,level,143,2014-02-28,2026-05-31,160.27466224197786,37.09294358398641,1.7778751913438964,3.6785209704500037,7.453333333333347,0.0,0.0,143.0,1.0,0.0,raw_source,raw_level
price_family_ma6_structural_linked,structural_ma6,gloucester_county_va__county,median_ppsf,level,143,2014-02-28,2026-05-31,160.27466224197786,37.09294358398641,1.7778751913438964,3.6785209704500037,7.453333333333347,0.0,0.0,143.0,1.0,0.0,structural_ma6,ma6_level
price_family_ma6_structural_linked,raw_source,gloucester_county_va__county,median_sale_price,level,143,2014-02-28,2026-05-31,280467.3543123543,60257.65791343854,4301.507042253522,8958.333333333372,15833.333333333314,0.0,0.0,143.0,1.0,0.0,raw_source,raw_level
price_family_ma6_structural_linked,structural_ma6,gloucester_county_va__county,median_sale_price,level,143,2014-02-28,2026-05-31,280467.3543123543,60257.65791343854,4301.507042253522,8958.333333333372,15833.333333333314,0.0,0.0,143.0,1.0,0.0,structural_ma6,ma6_level
price_family_ma6_structural_linked,raw_source,goochland_county_va__county,median_ppsf,level,168,2012-01-31,2026-05-31,178.64549609595437,48.127037825706466,2.010346999098802,4.499444261933343,13.383122397499989,0.0,0.0,168.0,1.0,0.0,raw_source,raw_level
price_family_ma6_structural_linked,structural_ma6,goochland_county_va__county,median_ppsf,level,168,2012-01-31,2026-05-31,178.64549609595437,48.127037825706466,2.010346999098802,4.499444261933343,13.383122397499989,0.0,0.0,168.0,1.0,0.0,structural_ma6,ma6_level
price_family_ma6_structural_linked,raw_source,goochland_county_va__county,median_sale_price,level,168,2012-01-31,2026-05-31,457450.2380952381,119594.88708949453,12557.847305389227,25306.33333333334,51209.0,0.0,0.0,168.0,1.0,0.0,raw_source,raw_level
price_family_ma6_structural_linked,structural_ma6,goochland_county_va__county,median_sale_price,level,168,2012-01-31,2026-05-31,457450.2380952381,119594.88708949453,12557.847305389227,25306.33333333334,51209.0,0.0,0.0,168.0,1.0,0.0,structural_ma6,ma6_level
price_family_ma6_structural_linked,raw_source,greene_county_va__county,median_ppsf,level,168,2012-01-31,2026-05-31,150.07227462175595,39.302544365608746,2.227348079821358,4.702333333333355,9.879999999999995,0.0,0.0,168.0,1.0,0.0,raw_source,raw_level
price_family_ma6_structural_linked,structural_ma6,greene_county_va__county,median_ppsf,level,168,2012-01-31,2026-05-31,150.07227462175595,39.302544365608746,2.227348079821358,4.702333333333355,9.879999999999995,0.0,0.0,168.0,1.0,0.0,structural_ma6,ma6_level
price_family_ma6_structural_linked,raw_source,greene_county_va__county,median_sale_price,level,168,2012-01-31,2026-05-31,295025.5317460318,71065.01080402834,5649.94361277445,12977.833333333334,25666.666666666657,0.0,0.0,168.0,1.0,0.0,raw_source,raw_level
price_family_ma6_structural_linked,structural_ma6,greene_county_va__county,median_sale_price,level,168,2012-01-31,2026-05-31,295025.5317460318,71065.01080402834,5649.94361277445,12977.833333333334,25666.666666666657,0.0,0.0,168.0,1.0,0.0,structural_ma6,ma6_level
price_family_ma6_structural_linked,raw_source,hagerstown_md_metro_area__cbsa_metro,median_ppsf,level,166,2012-01-31,2026-03-31,119.54800123608031,33.687041999427954,0.9452767874202019,1.9406503312666756,2.761674593333339,0.0,0.0,166.0,1.0,0.0,raw_source,raw_level
price_family_ma6_structural_linked,structural_ma6,hagerstown_md_metro_area__cbsa_metro,median_ppsf,level,166,2012-01-31,2026-03-31,119.54800123608031,33.687041999427954,0.9452767874202019,1.9406503312666756,2.761674593333339,0.0,0.0,166.0,1.0,0.0,structural_ma6,ma6_level
price_family_ma6_structural_linked,raw_source,hagerstown_md_metro_area__cbsa_metro,median_sale_price,level,166,2012-01-31,2026-03-31,211012.76154618472,61106.44637889186,1967.7934343434345,3972.1333333333605,6749.666666666628,0.0,0.0,166.0,1.0,0.0,raw_source,raw_level
price_family_ma6_structural_linked,structural_ma6,hagerstown_md_metro_area__cbsa_metro,median_sale_price,level,166,2012-01-31,2026-03-31,211012.76154618472,61106.44637889186,1967.7934343434345,3972.1333333333605,6749.666666666628,0.0,0.0,166.0,1.0,0.0,structural_ma6,ma6_level
price_family_ma6_structural_linked,raw_source,hampton_va__county,median_ppsf,level,143,2014-02-28,2026-05-31,134.24296856243473,33.596387868545655,0.9983579271361495,2.029499999999986,2.8466666666666924,0.0,0.0,143.0,1.0,0.0,raw_source,raw_level
price_family_ma6_structural_linked,structural_ma6,hampton_va__county,median_ppsf,level,143,2014-02-28,2026-05-31,134.24296856243473,33.596387868545655,0.9983579271361495,2.029499999999986,2.8466666666666924,0.0,0.0,143.0,1.0,0.0,structural_ma6,ma6_level
price_family_ma6_structural_linked,raw_source,hampton_va__county,median_sale_price,level,143,2014-02-28,2026-05-31,207232.62354312354,50582.463493478994,2062.144366197182,4288.333333333332,5850.0,0.0,0.0,143.0,1.0,0.0,raw_source,raw_level
price_family_ma6_structural_linked,structural_ma6,hampton_va__county,median_sale_price,level,143,2014-02-28,2026-05-31,207232.62354312354,50582.463493478994,2062.144366197182,4288.333333333332,5850.0,0.0,0.0,143.0,1.0,0.0,structural_ma6,ma6_level
price_family_ma6_structural_linked,raw_source,hanford_ca_metro_area__cbsa_metro,median_ppsf,level,166,2012-01-31,2026-03-31,158.7462913250713,45.739922469686185,1.2023895994828286,2.613428744266679,4.351371836833323,0.0,0.0,166.0,1.0,0.0,raw_source,raw_level
price_family_ma6_structural_linked,structural_ma6,hanford_ca_metro_area__cbsa_metro,median_ppsf,level,166,2012-01-31,2026-03-31,158.7462913250713,45.739922469686185,1.2023895994828286,2.613428744266679,4.351371836833323,0.0,0.0,166.0,1.0,0.0,structural_ma6,ma6_level
price_family_ma6_structural_linked,raw_source,hanford_ca_metro_area__cbsa_metro,median_sale_price,level,166,2012-01-31,2026-03-31,255561.26104417673,75058.74206101253,2843.6030303030293,5716.666666666674,10833.333333333343,0.0,0.0,166.0,1.0,0.0,raw_source,raw_level
price_family_ma6_structural_linked,structural_ma6,hanford_ca_metro_area__cbsa_metro,median_sale_price,level,166,2012-01-31,2026-03-31,255561.26104417673,75058.74206101253,2843.6030303030293,5716.666666666674,10833.333333333343,0.0,0.0,166.0,1.0,0.0,structural_ma6,ma6_level
price_family_ma6_structural_linked,raw_source,hanover_county_va__county,median_ppsf,level,168,2012-01-31,2026-05-31,157.9258131332738,39.41011320979212,0.9696245033772454,2.0556666666666445,4.446666666666658,0.0,0.0,168.0,1.0,0.0,raw_source,raw_level
price_family_ma6_structural_linked,structural_ma6,hanover_county_va__county,median_ppsf,level,168,2012-01-31,2026-05-31,157.9258131332738,39.41011320979212,0.9696245033772454,2.0556666666666445,4.446666666666658,0.0,0.0,168.0,1.0,0.0,structural_ma6,ma6_level
price_family_ma6_structural_linked,raw_source,hanover_county_va__county,median_sale_price,level,168,2012-01-31,2026-05-31,332110.46031746035,85082.3356578928,3357.4126746506977,7000.650000000007,17874.166666666686,0.0,0.0,168.0,1.0,0.0,raw_source,raw_level
price_family_ma6_structural_linked,structural_ma6,hanover_county_va__county,median_sale_price,level,168,2012-01-31,2026-05-31,332110.46031746035,85082.3356578928,3357.4126746506977,7000.650000000007,17874.166666666686,0.0,0.0,168.0,1.0,0.0,structural_ma6,ma6_level
price_family_ma6_structural_linked,raw_source,harford_county_md__county,median_ppsf,level,168,2012-01-31,2026-05-31,153.8437067786131,26.15473083430938,1.0903992853283424,2.232099288666655,4.228333333333325,0.0,0.0,168.0,1.0,0.0,raw_source,raw_level
price_family_ma6_structural_linked,structural_ma6,harford_county_md__county,median_ppsf,level,168,2012-01-31,2026-05-31,153.8437067786131,26.15473083430938,1.0903992853283424,2.232099288666655,4.228333333333325,0.0,0.0,168.0,1.0,0.0,structural_ma6,ma6_level
price_family_ma6_structural_linked,raw_source,harford_county_md__county,median_sale_price,level,168,2012-01-31,2026-05-31,288173.71031746035,60997.83163454058,3422.927145708583,7029.599999999991,12083.333333333372,0.0,0.0,168.0,1.0,0.0,raw_source,raw_level
price_family_ma6_structural_linked,structural_ma6,harford_county_md__county,median_sale_price,level,168,2012-01-31,2026-05-31,288173.71031746035,60997.83163454058,3422.927145708583,7029.599999999991,12083.333333333372,0.0,0.0,168.0,1.0,0.0,structural_ma6,ma6_level
price_family_ma6_structural_linked,raw_source,harrisonburg_va__county,median_ppsf,level,168,2012-01-31,2026-05-31,131.25962283715677,31.609364503130372,1.4290269641996003,2.872000000000006,10.965601994166661,0.0,0.0,168.0,1.0,0.0,raw_source,raw_level
price_family_ma6_structural_linked,structural_ma6,harrisonburg_va__county,median_ppsf,level,168,2012-01-31,2026-05-31,131.25962283715677,31.609364503130372,1.4290269641996003,2.872000000000006,10.965601994166661,0.0,0.0,168.0,1.0,0.0,structural_ma6,ma6_level
price_family_ma6_structural_linked,raw_source,harrisonburg_va__county,median_sale_price,level,168,2012-01-31,2026-05-31,215609.76686507938,53879.83719011016,3584.1457085828324,6739.999999999988,22083.333333333343,0.0,0.0,168.0,1.0,0.0,raw_source,raw_level
price_family_ma6_structural_linked,structural_ma6,harrisonburg_va__county,median_sale_price,level,168,2012-01-31,2026-05-31,215609.76686507938,53879.83719011016,3584.1457085828324,6739.999999999988,22083.333333333343,0.0,0.0,168.0,1.0,0.0,structural_ma6,ma6_level
price_family_ma6_structural_linked,raw_source,harrisonburg_va_metro_area__cbsa_metro,median_ppsf,level,166,2012-01-31,2026-03-31,139.16794115771083,36.329961544366114,1.035033414926263,2.117914167966677,3.9045945286666495,0.0,0.0,166.0,0.9999999999999998,0.0,raw_source,raw_level
price_family_ma6_structural_linked,structural_ma6,harrisonburg_va_metro_area__cbsa_metro,median_ppsf,level,166,2012-01-31,2026-03-31,139.16794115771083,36.329961544366114,1.035033414926263,2.117914167966677,3.9045945286666495,0.0,0.0,166.0,0.9999999999999998,0.0,structural_ma6,ma6_level
price_family_ma6_structural_linked,raw_source,harrisonburg_va_metro_area__cbsa_metro,median_sale_price,level,166,2012-01-31,2026-03-31,241264.14156626505,63032.51896830395,2471.6696969696977,5360.000000000005,9833.333333333314,0.0,0.0,166.0,1.0,0.0,raw_source,raw_level
price_family_ma6_structural_linked,structural_ma6,harrisonburg_va_metro_area__cbsa_metro,median_sale_price,level,166,2012-01-31,2026-03-31,241264.14156626505,63032.51896830395,2471.6696969696977,5360.000000000005,9833.333333333314,0.0,0.0,166.0,1.0,0.0,structural_ma6,ma6_level
price_family_ma6_structural_linked,raw_source,henrico_county_va__county,median_ppsf,level,168,2012-01-31,2026-05-31,158.86452953595239,41.7279780458382,1.2710020340169648,2.640000000000021,3.751666666666665,0.0,0.0,168.0,1.0,0.0,raw_source,raw_level
price_family_ma6_structural_linked,structural_ma6,henrico_county_va__county,median_ppsf,level,168,2012-01-31,2026-05-31,158.86452953595239,41.7279780458382,1.2710020340169648,2.640000000000021,3.751666666666665,0.0,0.0,168.0,1.0,0.0,structural_ma6,ma6_level
price_family_ma6_structural_linked,raw_source,henrico_county_va__county,median_sale_price,level,168,2012-01-31,2026-05-31,279151.4662698413,72263.7382542384,3600.2375249500997,7183.333333333338,14166.666666666628,0.0,0.0,168.0,1.0,0.0,raw_source,raw_level
price_family_ma6_structural_linked,structural_ma6,henrico_county_va__county,median_sale_price,level,168,2012-01-31,2026-05-31,279151.4662698413,72263.7382542384,3600.2375249500997,7183.333333333338,14166.666666666628,0.0,0.0,168.0,1.0,0.0,structural_ma6,ma6_level
price_family_ma6_structural_linked,raw_source,henry_county_va__county,median_ppsf,level,168,2012-01-31,2026-05-31,68.74203598478373,26.303263599152643,1.3739755644321354,3.002000000000001,4.693333333333328,0.0,0.0,168.0,1.0,0.0,raw_source,raw_level
price_family_ma6_structural_linked,structural_ma6,henry_county_va__county,median_ppsf,level,168,2012-01-31,2026-05-31,68.74203598478373,26.303263599152643,1.3739755644321354,3.002000000000001,4.693333333333328,0.0,0.0,168.0,1.0,0.0,structural_ma6,ma6_level
price_family_ma6_structural_linked,raw_source,henry_county_va__county,median_sale_price,level,168,2012-01-31,2026-05-31,110530.01984126984,41449.9158030441,2965.4750499001993,6723.3333333333385,10204.0,0.0,0.0,168.0,1.0,0.0,raw_source,raw_level
price_family_ma6_structural_linked,structural_ma6,henry_county_va__county,median_sale_price,level,168,2012-01-31,2026-05-31,110530.01984126984,41449.9158030441,2965.4750499001993,6723.3333333333385,10204.0,0.0,0.0,168.0,1.0,0.0,structural_ma6,ma6_level
price_family_ma6_structural_linked,raw_source,hopewell_va__county,median_ppsf,level,168,2012-01-31,2026-05-31,103.59683040155754,40.5506316611613,2.0385726081417164,4.197999999999991,7.465000000000003,0.0,0.0,168.0,1.0,0.0,raw_source,raw_level
price_family_ma6_structural_linked,structural_ma6,hopewell_va__county,median_ppsf,level,168,2012-01-31,2026-05-31,103.59683040155754,40.5506316611613,2.0385726081417164,4.197999999999991,7.465000000000003,0.0,0.0,168.0,1.0,0.0,structural_ma6,ma6_level
price_family_ma6_structural_linked,raw_source,hopewell_va__county,median_sale_price,level,168,2012-01-31,2026-05-31,145428.13988095237,54461.492951299,3495.6337325349295,7111.666666666663,13300.0,0.0,0.0,168.0,1.0,0.0,raw_source,raw_level
price_family_ma6_structural_linked,structural_ma6,hopewell_va__county,median_sale_price,level,168,2012-01-31,2026-05-31,145428.13988095237,54461.492951299,3495.6337325349295,7111.666666666663,13300.0,0.0,0.0,168.0,1.0,0.0,structural_ma6,ma6_level
price_family_ma6_structural_linked,raw_source,howard_county_md__county,median_ppsf,level,168,2012-01-31,2026-05-31,204.66997451172517,30.215153846224634,1.2145267876686632,2.5118794306666756,4.03666666666669,0.0,0.0,168.0,1.0,0.0,raw_source,raw_level
price_family_ma6_structural_linked,structural_ma6,howard_county_md__county,median_ppsf,level,168,2012-01-31,2026-05-31,204.66997451172517,30.215153846224634,1.2145267876686632,2.5118794306666756,4.03666666666669,0.0,0.0,168.0,1.0,0.0,structural_ma6,ma6_level
price_family_ma6_structural_linked,raw_source,howard_county_md__county,median_sale_price,level,168,2012-01-31,2026-05-31,454107.22023809527,81671.69321623624,6940.669660678643,14278.6,24583.333333333372,0.0,0.0,168.0,1.0,0.0,raw_source,raw_level
price_family_ma6_structural_linked,structural_ma6,howard_county_md__county,median_sale_price,level,168,2012-01-31,2026-05-31,454107.22023809527,81671.69321623624,6940.669660678643,14278.6,24583.333333333372,0.0,0.0,168.0,1.0,0.0,structural_ma6,ma6_level
price_family_ma6_structural_linked,raw_source,humboldt_county_ca__county,median_ppsf,level,149,2012-05-31,2026-05-31,234.5009446267159,49.184945549899666,3.0080512940799577,5.86250000000001,31.354473943000016,0.0,0.0,149.0,1.0,0.0,raw_source,raw_level
price_family_ma6_structural_linked,structural_ma6,humboldt_county_ca__county,median_ppsf,level,149,2012-05-31,2026-05-31,234.5009446267159,49.184945549899666,3.0080512940799577,5.86250000000001,31.354473943000016,0.0,0.0,149.0,1.0,0.0,structural_ma6,ma6_level
price_family_ma6_structural_linked,raw_source,humboldt_county_ca__county,median_sale_price,level,152,2012-03-31,2026-05-31,341154.30153508775,70810.4455373052,5179.171081677706,10833.333333333314,55000.0,0.0,0.0,152.0,1.0,0.0,raw_source,raw_level
price_family_ma6_structural_linked,structural_ma6,humboldt_county_ca__county,median_sale_price,level,152,2012-03-31,2026-05-31,341154.30153508775,70810.4455373052,5179.171081677706,10833.333333333314,55000.0,0.0,0.0,152.0,1.0,0.0,structural_ma6,ma6_level
price_family_ma6_structural_linked,raw_source,hunterdon_county_nj__county,median_ppsf,level,128,2015-05-31,2026-05-31,215.2633846960664,46.37057680890593,1.97783005406168,3.7070000000000225,7.041666666666657,0.0,0.0,128.0,1.0,0.0,raw_source,raw_level
price_family_ma6_structural_linked,structural_ma6,hunterdon_county_nj__county,median_ppsf,level,128,2015-05-31,2026-05-31,215.2633846960664,46.37057680890593,1.97783005406168,3.7070000000000225,7.041666666666657,0.0,0.0,128.0,1.0,0.0,structural_ma6,ma6_level
price_family_ma6_structural_linked,raw_source,hunterdon_county_nj__county,median_sale_price,level,128,2015-05-31,2026-05-31,433666.7291666667,89607.21772590383,9026.75721784777,17863.4,28250.0,0.0,0.0,128.0,1.0,0.0,raw_source,raw_level
price_family_ma6_structural_linked,structural_ma6,hunterdon_county_nj__county,median_sale_price,level,128,2015-05-31,2026-05-31,433666.7291666667,89607.21772590383,9026.75721784777,17863.4,28250.0,0.0,0.0,128.0,1.0,0.0,structural_ma6,ma6_level
price_family_ma6_structural_linked,raw_source,imperial_county_ca__county,median_ppsf,level,168,2012-01-31,2026-05-31,152.21088844192857,56.90539510165277,1.8503958710199593,4.779333333333319,9.555701669166652,0.0,0.0,168.0,0.9999999999999999,0.0,raw_source,raw_level
price_family_ma6_structural_linked,structural_ma6,imperial_county_ca__county,median_ppsf,level,168,2012-01-31,2026-05-31,152.21088844192857,56.90539510165277,1.8503958710199593,4.779333333333319,9.555701669166652,0.0,0.0,168.0,0.9999999999999999,0.0,structural_ma6,ma6_level
price_family_ma6_structural_linked,raw_source,imperial_county_ca__county,median_sale_price,level,168,2012-01-31,2026-05-31,245046.58730158728,92868.42813896973,3754.6247504990024,7634.86666666668,20016.66666666667,0.0,0.0,168.0,1.0,0.0,raw_source,raw_level
price_family_ma6_structural_linked,structural_ma6,imperial_county_ca__county,median_sale_price,level,168,2012-01-31,2026-05-31,245046.58730158728,92868.42813896973,3754.6247504990024,7634.86666666668,20016.66666666667,0.0,0.0,168.0,1.0,0.0,structural_ma6,ma6_level
price_family_ma6_structural_linked,raw_source,isle_of_wight_county_va__county,median_ppsf,level,143,2014-02-28,2026-05-31,153.04452556168764,33.70899265338122,1.257470702953053,2.7021666666667046,3.888333333333321,0.0,0.0,143.0,1.0,0.0,raw_source,raw_level
price_family_ma6_structural_linked,structural_ma6,isle_of_wight_county_va__county,median_ppsf,level,143,2014-02-28,2026-05-31,153.04452556168764,33.70899265338122,1.257470702953053,2.7021666666667046,3.888333333333321,0.0,0.0,143.0,1.0,0.0,structural_ma6,ma6_level
price_family_ma6_structural_linked,raw_source,isle_of_wight_county_va__county,median_sale_price,level,143,2014-02-28,2026-05-31,327073.10955710954,62119.63343704903,5844.944835680749,11541.549999999983,20913.333333333314,0.0,0.0,143.0,1.0,0.0,raw_source,raw_level
price_family_ma6_structural_linked,structural_ma6,isle_of_wight_county_va__county,median_sale_price,level,143,2014-02-28,2026-05-31,327073.10955710954,62119.63343704903,5844.944835680749,11541.549999999983,20913.333333333314,0.0,0.0,143.0,1.0,0.0,structural_ma6,ma6_level
price_family_ma6_structural_linked,raw_source,james_city_county_va__county,median_ppsf,level,143,2014-02-28,2026-05-31,163.9448849475909,30.864264823232194,0.9975020335058681,2.1330000000000333,3.4916666666666742,0.0,0.0,143.0,0.9999999999999999,0.0,raw_source,raw_level
price_family_ma6_structural_linked,structural_ma6,james_city_county_va__county,median_ppsf,level,143,2014-02-28,2026-05-31,163.9448849475909,30.864264823232194,0.9975020335058681,2.1330000000000333,3.4916666666666742,0.0,0.0,143.0,0.9999999999999999,0.0,structural_ma6,ma6_level
price_family_ma6_structural_linked,raw_source,james_city_county_va__county,median_sale_price,level,143,2014-02-28,2026-05-31,370705.81526806526,71659.2282599609,4675.040492957748,9499.500000000004,13833.333333333314,0.0,0.0,143.0,1.0,0.0,raw_source,raw_level
price_family_ma6_structural_linked,structural_ma6,james_city_county_va__county,median_sale_price,level,143,2014-02-28,2026-05-31,370705.81526806526,71659.2282599609,4675.040492957748,9499.500000000004,13833.333333333314,0.0,0.0,143.0,1.0,0.0,structural_ma6,ma6_level
price_family_ma6_structural_linked,raw_source,kern_county_ca__county,median_ppsf,level,168,2012-01-31,2026-05-31,158.8012847977133,47.18164395214248,1.1470469085309387,2.370811307199984,4.259999999999991,0.0,0.0,168.0,1.0,0.0,raw_source,raw_level
price_family_ma6_structural_linked,structural_ma6,kern_county_ca__county,median_ppsf,level,168,2012-01-31,2026-05-31,158.8012847977133,47.18164395214248,1.1470469085309387,2.370811307199984,4.259999999999991,0.0,0.0,168.0,1.0,0.0,structural_ma6,ma6_level
price_family_ma6_structural_linked,raw_source,kern_county_ca__county,median_sale_price,level,168,2012-01-31,2026-05-31,261673.93452380953,79287.18340122416,2210.273453093812,4683.3333333333285,6125.0,0.0,0.0,168.0,1.0,0.0,raw_source,raw_level
price_family_ma6_structural_linked,structural_ma6,kern_county_ca__county,median_sale_price,level,168,2012-01-31,2026-05-31,261673.93452380953,79287.18340122416,2210.273453093812,4683.3333333333285,6125.0,0.0,0.0,168.0,1.0,0.0,structural_ma6,ma6_level
price_family_ma6_structural_linked,raw_source,king_and_queen_county_va__county,median_ppsf,level,166,2012-01-31,2026-05-31,129.25944597816667,44.41185056029431,5.615513654837374,11.529666666666666,28.761666666666656,0.0,0.0,166.0,1.0,0.0,raw_source,raw_level
price_family_ma6_structural_linked,structural_ma6,king_and_queen_county_va__county,median_ppsf,level,166,2012-01-31,2026-05-31,129.25944597816667,44.41185056029431,5.615513654837374,11.529666666666666,28.761666666666656,0.0,0.0,166.0,1.0,0.0,structural_ma6,ma6_level
price_family_ma6_structural_linked,raw_source,king_and_queen_county_va__county,median_sale_price,level,166,2012-01-31,2026-05-31,205260.03514056225,63526.00702408638,11118.28484848485,24100.00000000001,46379.166666666686,0.0,0.0,166.0,1.0,0.0,raw_source,raw_level
price_family_ma6_structural_linked,structural_ma6,king_and_queen_county_va__county,median_sale_price,level,166,2012-01-31,2026-05-31,205260.03514056225,63526.00702408638,11118.28484848485,24100.00000000001,46379.166666666686,0.0,0.0,166.0,1.0,0.0,structural_ma6,ma6_level
price_family_ma6_structural_linked,raw_source,king_william_county_va__county,median_ppsf,level,168,2012-01-31,2026-05-31,145.5272933744137,38.899986108307736,1.7521760851167647,3.7980000000000134,9.075000000000017,0.0,0.0,168.0,1.0,0.0,raw_source,raw_level
price_family_ma6_structural_linked,structural_ma6,king_william_county_va__county,median_ppsf,level,168,2012-01-31,2026-05-31,145.5272933744137,38.899986108307736,1.7521760851167647,3.7980000000000134,9.075000000000017,0.0,0.0,168.0,1.0,0.0,structural_ma6,ma6_level
price_family_ma6_structural_linked,raw_source,king_william_county_va__county,median_sale_price,level,168,2012-01-31,2026-05-31,238982.51785714287,74862.55317584136,3228.745009980039,7084.999999999988,11942.5,0.0,0.0,168.0,1.0,0.0,raw_source,raw_level
price_family_ma6_structural_linked,structural_ma6,king_william_county_va__county,median_sale_price,level,168,2012-01-31,2026-05-31,238982.51785714287,74862.55317584136,3228.745009980039,7084.999999999988,11942.5,0.0,0.0,168.0,1.0,0.0,structural_ma6,ma6_level
price_family_ma6_structural_linked,raw_source,kings_county_ca__county,median_ppsf,level,168,2012-01-31,2026-05-31,159.6738664967113,46.167961005629735,1.2046406528942128,2.6040000000000023,4.3349999999999795,0.0,0.0,168.0,1.0,0.0,raw_source,raw_level
price_family_ma6_structural_linked,structural_ma6,kings_county_ca__county,median_ppsf,level,168,2012-01-31,2026-05-31,159.6738664967113,46.167961005629735,1.2046406528942128,2.6040000000000023,4.3349999999999795,0.0,0.0,168.0,1.0,0.0,structural_ma6,ma6_level
price_family_ma6_structural_linked,raw_source,kings_county_ca__county,median_sale_price,level,168,2012-01-31,2026-05-31,256898.0367063492,75518.33468475955,2819.5279441117755,5733.333333333303,10833.333333333314,0.0,0.0,168.0,1.0,0.0,raw_source,raw_level
price_family_ma6_structural_linked,structural_ma6,kings_county_ca__county,median_sale_price,level,168,2012-01-31,2026-05-31,256898.0367063492,75518.33468475955,2819.5279441117755,5733.333333333303,10833.333333333314,0.0,0.0,168.0,1.0,0.0,structural_ma6,ma6_level
price_family_ma6_structural_linked,raw_source,lake_county_ca__county,median_ppsf,level,168,2012-01-31,2026-05-31,172.20853793462797,47.7361972707482,2.0042603866676645,3.8850000000000433,6.576666666666654,0.0,0.0,168.0,1.0,0.0,raw_source,raw_level
price_family_ma6_structural_linked,structural_ma6,lake_county_ca__county,median_ppsf,level,168,2012-01-31,2026-05-31,172.20853793462797,47.7361972707482,2.0042603866676645,3.8850000000000433,6.576666666666654,0.0,0.0,168.0,1.0,0.0,structural_ma6,ma6_level
price_family_ma6_structural_linked,raw_source,lake_county_ca__county,median_sale_price,level,168,2012-01-31,2026-05-31,256715.1111111111,71819.12904561815,3800.930139720559,7500.0,12083.333333333314,0.0,0.0,168.0,1.0,0.0,raw_source,raw_level
price_family_ma6_structural_linked,structural_ma6,lake_county_ca__county,median_sale_price,level,168,2012-01-31,2026-05-31,256715.1111111111,71819.12904561815,3800.930139720559,7500.0,12083.333333333314,0.0,0.0,168.0,1.0,0.0,structural_ma6,ma6_level
price_family_ma6_structural_linked,raw_source,lassen_county_ca__county,median_ppsf,level,161,2012-04-30,2026-05-31,125.87974303388819,42.044882505768925,2.597788187080209,5.5817981957333185,9.6457249025,0.0,0.0,161.0,0.9999999999999998,0.0,raw_source,raw_level
price_family_ma6_structural_linked,structural_ma6,lassen_county_ca__county,median_ppsf,level,161,2012-04-30,2026-05-31,125.87974303388819,42.044882505768925,2.597788187080209,5.5817981957333185,9.6457249025,0.0,0.0,161.0,0.9999999999999998,0.0,structural_ma6,ma6_level
price_family_ma6_structural_linked,raw_source,lassen_county_ca__county,median_sale_price,level,161,2012-04-30,2026-05-31,182957.18633540373,56375.820422338824,5876.5625,11689.166666666664,17666.666666666686,0.0,0.0,161.0,1.0,0.0,raw_source,raw_level
price_family_ma6_structural_linked,structural_ma6,lassen_county_ca__county,median_sale_price,level,161,2012-04-30,2026-05-31,182957.18633540373,56375.820422338824,5876.5625,11689.166666666664,17666.666666666686,0.0,0.0,161.0,1.0,0.0,structural_ma6,ma6_level
price_family_ma6_structural_linked,raw_source,los_angeles_ca_metro_area__cbsa_metro,median_ppsf,level,168,2012-01-31,2026-05-31,437.5943253968254,117.90149117109263,2.8190319361277445,6.240999999999917,9.370000000000005,0.0,0.0,168.0,0.9999999999999999,0.0,raw_source,raw_level
price_family_ma6_structural_linked,structural_ma6,los_angeles_ca_metro_area__cbsa_metro,median_ppsf,level,168,2012-01-31,2026-05-31,437.5943253968254,117.90149117109263,2.8190319361277445,6.240999999999917,9.370000000000005,0.0,0.0,168.0,0.9999999999999999,0.0,structural_ma6,ma6_level
price_family_ma6_structural_linked,raw_source,los_angeles_ca_metro_area__cbsa_metro,median_sale_price,level,168,2012-01-31,2026-05-31,653658.5882936508,183240.02606866512,5366.877245508982,12500.0,16500.0,0.0,0.0,168.0,1.0,0.0,raw_source,raw_level
price_family_ma6_structural_linked,structural_ma6,los_angeles_ca_metro_area__cbsa_metro,median_sale_price,level,168,2012-01-31,2026-05-31,653658.5882936508,183240.02606866512,5366.877245508982,12500.0,16500.0,0.0,0.0,168.0,1.0,0.0,structural_ma6,ma6_level
price_family_ma6_structural_linked,raw_source,los_angeles_county_ca__county,median_ppsf,level,168,2012-01-31,2026-05-31,437.5785022378919,117.84915223080137,3.337057390896206,7.034999999999947,11.160000000000082,0.0,0.0,168.0,1.0,0.0,raw_source,raw_level
price_family_ma6_structural_linked,structural_ma6,los_angeles_county_ca__county,median_ppsf,level,168,2012-01-31,2026-05-31,437.5785022378919,117.84915223080137,3.337057390896206,7.034999999999947,11.160000000000082,0.0,0.0,168.0,1.0,0.0,structural_ma6,ma6_level
price_family_ma6_structural_linked,raw_source,los_angeles_county_ca__county,median_sale_price,level,168,2012-01-31,2026-05-31,653653.6180555555,183245.40516267015,5359.052894211576,12500.0,16500.0,0.0,0.0,168.0,0.9999999999999999,0.0,raw_source,raw_level
price_family_ma6_structural_linked,structural_ma6,los_angeles_county_ca__county,median_sale_price,level,168,2012-01-31,2026-05-31,653653.6180555555,183245.40516267015,5359.052894211576,12500.0,16500.0,0.0,0.0,168.0,0.9999999999999999,0.0,structural_ma6,ma6_level
price_family_ma6_structural_linked,raw_source,loudoun_county_va__county,median_ppsf,level,168,2012-01-31,2026-05-31,215.78640361087997,45.42634019992687,1.1503984393403173,2.404333333333364,4.621666666666698,0.0,0.0,168.0,1.0,0.0,raw_source,raw_level
price_family_ma6_structural_linked,structural_ma6,loudoun_county_va__county,median_ppsf,level,168,2012-01-31,2026-05-31,215.78640361087997,45.42634019992687,1.1503984393403173,2.404333333333364,4.621666666666698,0.0,0.0,168.0,1.0,0.0,structural_ma6,ma6_level
price_family_ma6_structural_linked,raw_source,loudoun_county_va__county,median_sale_price,level,168,2012-01-31,2026-05-31,544807.6121031746,124860.78570392352,5090.146207584828,11428.666666666675,18958.333333333372,0.0,0.0,168.0,0.9999999999999999,0.0,raw_source,raw_level
price_family_ma6_structural_linked,structural_ma6,loudoun_county_va__county,median_sale_price,level,168,2012-01-31,2026-05-31,544807.6121031746,124860.78570392352,5090.146207584828,11428.666666666675,18958.333333333372,0.0,0.0,168.0,0.9999999999999999,0.0,structural_ma6,ma6_level
price_family_ma6_structural_linked,raw_source,lynchburg_va__county,median_ppsf,level,167,2012-01-31,2026-05-31,103.21379865120359,31.134351110531323,1.691893293923695,3.314166666666665,14.459357781500003,0.0,0.0,167.0,1.0,0.0,raw_source,raw_level
price_family_ma6_structural_linked,structural_ma6,lynchburg_va__county,median_ppsf,level,167,2012-01-31,2026-05-31,103.21379865120359,31.134351110531323,1.691893293923695,3.314166666666665,14.459357781500003,0.0,0.0,167.0,1.0,0.0,structural_ma6,ma6_level
price_family_ma6_structural_linked,raw_source,lynchburg_va__county,median_sale_price,level,167,2012-01-31,2026-05-31,176433.34131736527,52632.84472385493,3692.100401606426,6666.666666666686,23750.000000000015,0.0,0.0,167.0,1.0,0.0,raw_source,raw_level
price_family_ma6_structural_linked,structural_ma6,lynchburg_va__county,median_sale_price,level,167,2012-01-31,2026-05-31,176433.34131736527,52632.84472385493,3692.100401606426,6666.666666666686,23750.000000000015,0.0,0.0,167.0,1.0,0.0,structural_ma6,ma6_level
price_family_ma6_structural_linked,raw_source,lynchburg_va_metro_area__cbsa_metro,median_ppsf,level,166,2012-01-31,2026-03-31,114.85197135590764,31.14451303423101,1.1916550154070713,2.431280417000007,4.668936965833339,0.0,0.0,166.0,1.0,0.0,raw_source,raw_level
price_family_ma6_structural_linked,structural_ma6,lynchburg_va_metro_area__cbsa_metro,median_ppsf,level,166,2012-01-31,2026-03-31,114.85197135590764,31.14451303423101,1.1916550154070713,2.431280417000007,4.668936965833339,0.0,0.0,166.0,1.0,0.0,structural_ma6,ma6_level
price_family_ma6_structural_linked,raw_source,lynchburg_va_metro_area__cbsa_metro,median_sale_price,level,166,2012-01-31,2026-03-31,208240.01004016062,52724.497325488104,2273.238383838384,4723.333333333337,7670.833333333343,0.0,0.0,166.0,1.0,0.0,raw_source,raw_level
price_family_ma6_structural_linked,structural_ma6,lynchburg_va_metro_area__cbsa_metro,median_sale_price,level,166,2012-01-31,2026-03-31,208240.01004016062,52724.497325488104,2273.238383838384,4723.333333333337,7670.833333333343,0.0,0.0,166.0,1.0,0.0,structural_ma6,ma6_level
price_family_ma6_structural_linked,raw_source,madera_ca_metro_area__cbsa_metro,median_ppsf,level,166,2012-01-31,2026-03-31,166.85372975673295,57.28078920999256,1.4498746679777774,2.8530716816666595,5.807233522000018,0.0,0.0,166.0,1.0,0.0,raw_source,raw_level
price_family_ma6_structural_linked,structural_ma6,madera_ca_metro_area__cbsa_metro,median_ppsf,level,166,2012-01-31,2026-03-31,166.85372975673295,57.28078920999256,1.4498746679777774,2.8530716816666595,5.807233522000018,0.0,0.0,166.0,1.0,0.0,structural_ma6,ma6_level
price_family_ma6_structural_linked,raw_source,madera_ca_metro_area__cbsa_metro,median_sale_price,level,166,2012-01-31,2026-03-31,293701.8473895582,100673.13227125962,2954.49494949495,5766.6666666666615,11665.833333333314,0.0,0.0,166.0,1.0,0.0,raw_source,raw_level
price_family_ma6_structural_linked,structural_ma6,madera_ca_metro_area__cbsa_metro,median_sale_price,level,166,2012-01-31,2026-03-31,293701.8473895582,100673.13227125962,2954.49494949495,5766.6666666666615,11665.833333333314,0.0,0.0,166.0,1.0,0.0,structural_ma6,ma6_level
price_family_ma6_structural_linked,raw_source,madera_county_ca__county,median_ppsf,level,168,2012-01-31,2026-05-31,167.65749040387996,57.577129029667574,1.445203543027944,2.9876666666666956,5.666666666666657,0.0,0.0,168.0,1.0,0.0,raw_source,raw_level
price_family_ma6_structural_linked,structural_ma6,madera_county_ca__county,median_ppsf,level,168,2012-01-31,2026-05-31,167.65749040387996,57.577129029667574,1.445203543027944,2.9876666666666956,5.666666666666657,0.0,0.0,168.0,1.0,0.0,structural_ma6,ma6_level
price_family_ma6_structural_linked,raw_source,madera_county_ca__county,median_sale_price,level,168,2012-01-31,2026-05-31,293895.5932539682,100496.97782342655,2970.7664670658705,5497.200000000013,12333.333333333314,0.0,0.0,168.0,1.0,0.0,raw_source,raw_level
price_family_ma6_structural_linked,structural_ma6,madera_county_ca__county,median_sale_price,level,168,2012-01-31,2026-05-31,293895.5932539682,100496.97782342655,2970.7664670658705,5497.200000000013,12333.333333333314,0.0,0.0,168.0,1.0,0.0,structural_ma6,ma6_level
price_family_ma6_structural_linked,raw_source,madison_county_va__county,median_ppsf,level,168,2012-01-31,2026-05-31,161.71426286036012,48.98196108416463,4.78676641371557,10.655630385500004,22.95833333333337,0.0,0.0,168.0,1.0,0.0,raw_source,raw_level
price_family_ma6_structural_linked,structural_ma6,madison_county_va__county,median_ppsf,level,168,2012-01-31,2026-05-31,161.71426286036012,48.98196108416463,4.78676641371557,10.655630385500004,22.95833333333337,0.0,0.0,168.0,1.0,0.0,structural_ma6,ma6_level
price_family_ma6_structural_linked,raw_source,madison_county_va__county,median_sale_price,level,168,2012-01-31,2026-05-31,277836.2380952381,90685.7934874589,9642.420159680638,19525.333333333325,32908.33333333337,0.0,0.0,168.0,1.0,0.0,raw_source,raw_level
price_family_ma6_structural_linked,structural_ma6,madison_county_va__county,median_sale_price,level,168,2012-01-31,2026-05-31,277836.2380952381,90685.7934874589,9642.420159680638,19525.333333333325,32908.33333333337,0.0,0.0,168.0,1.0,0.0,structural_ma6,ma6_level
price_family_ma6_structural_linked,raw_source,manassas_park_va__county,median_ppsf,level,168,2012-01-31,2026-05-31,194.9686415510764,44.72806107784327,3.3418643302584847,6.225666666666672,21.746666666666698,0.0,0.0,168.0,1.0,0.0,raw_source,raw_level
price_family_ma6_structural_linked,structural_ma6,manassas_park_va__county,median_ppsf,level,168,2012-01-31,2026-05-31,194.9686415510764,44.72806107784327,3.3418643302584847,6.225666666666672,21.746666666666698,0.0,0.0,168.0,1.0,0.0,structural_ma6,ma6_level
price_family_ma6_structural_linked,raw_source,manassas_park_va__county,median_sale_price,level,168,2012-01-31,2026-05-31,328852.3650793651,83834.12534337364,6707.495009980041,14373.333333333314,36000.0,0.0,0.0,168.0,1.0,0.0,raw_source,raw_level
price_family_ma6_structural_linked,structural_ma6,manassas_park_va__county,median_sale_price,level,168,2012-01-31,2026-05-31,328852.3650793651,83834.12534337364,6707.495009980041,14373.333333333314,36000.0,0.0,0.0,168.0,1.0,0.0,structural_ma6,ma6_level
price_family_ma6_structural_linked,raw_source,manassas_va__county,median_ppsf,level,168,2012-01-31,2026-05-31,193.49726085846228,46.71964024218566,1.6524926579012005,3.562333333333323,7.16166666666669,0.0,0.0,168.0,1.0,0.0,raw_source,raw_level
price_family_ma6_structural_linked,structural_ma6,manassas_va__county,median_ppsf,level,168,2012-01-31,2026-05-31,193.49726085846228,46.71964024218566,1.6524926579012005,3.562333333333323,7.16166666666669,0.0,0.0,168.0,1.0,0.0,structural_ma6,ma6_level
price_family_ma6_structural_linked,raw_source,manassas_va__county,median_sale_price,level,168,2012-01-31,2026-05-31,344686.4117063492,88812.31280639303,5819.148702594811,12666.666666666677,25000.0,0.0,0.0,168.0,1.0,0.0,raw_source,raw_level
price_family_ma6_structural_linked,structural_ma6,manassas_va__county,median_sale_price,level,168,2012-01-31,2026-05-31,344686.4117063492,88812.31280639303,5819.148702594811,12666.666666666677,25000.0,0.0,0.0,168.0,1.0,0.0,structural_ma6,ma6_level
price_family_ma6_structural_linked,raw_source,marin_county_ca__county,median_ppsf,level,168,2012-01-31,2026-05-31,641.9959750030426,137.75883412638967,8.79901409341916,18.961333333333368,32.55500000000018,0.0,0.0,168.0,0.9999999999999998,0.0,raw_source,raw_level
price_family_ma6_structural_linked,structural_ma6,marin_county_ca__county,median_ppsf,level,168,2012-01-31,2026-05-31,641.9959750030426,137.75883412638967,8.79901409341916,18.961333333333368,32.55500000000018,0.0,0.0,168.0,0.9999999999999998,0.0,structural_ma6,ma6_level
price_family_ma6_structural_linked,raw_source,marin_county_ca__county,median_sale_price,level,168,2012-01-31,2026-05-31,1163260.9097222222,262883.11966302147,18728.59780439121,39500.00000000005,68333.33333333326,0.0,0.0,168.0,0.9999999999999998,0.0,raw_source,raw_level
price_family_ma6_structural_linked,structural_ma6,marin_county_ca__county,median_sale_price,level,168,2012-01-31,2026-05-31,1163260.9097222222,262883.11966302147,18728.59780439121,39500.00000000005,68333.33333333326,0.0,0.0,168.0,0.9999999999999998,0.0,structural_ma6,ma6_level
price_family_ma6_structural_linked,raw_source,martinsville_va__county,median_ppsf,level,168,2012-01-31,2026-05-31,52.84778831819643,20.053410026148256,2.0907201280049907,4.1233333333333375,12.033333333333331,0.0,0.0,168.0,0.9999999999999998,0.0,raw_source,raw_level
price_family_ma6_structural_linked,structural_ma6,martinsville_va__county,median_ppsf,level,168,2012-01-31,2026-05-31,52.84778831819643,20.053410026148256,2.0907201280049907,4.1233333333333375,12.033333333333331,0.0,0.0,168.0,0.9999999999999998,0.0,structural_ma6,ma6_level
price_family_ma6_structural_linked,raw_source,martinsville_va__county,median_sale_price,level,168,2012-01-31,2026-05-31,92250.58878968253,30999.617335289688,6157.783932135729,13166.666666666662,22316.66666666667,0.0,0.0,168.0,1.0,0.0,raw_source,raw_level
price_family_ma6_structural_linked,structural_ma6,martinsville_va__county,median_sale_price,level,168,2012-01-31,2026-05-31,92250.58878968253,30999.617335289688,6157.783932135729,13166.666666666662,22316.66666666667,0.0,0.0,168.0,1.0,0.0,structural_ma6,ma6_level
price_family_ma6_structural_linked,raw_source,martinsville_va_metro_area__cbsa_metro,median_ppsf,level,166,2012-01-31,2026-03-31,63.790724468767074,22.727776562005896,1.396739009661616,2.623607005066671,11.289356006666651,0.0,0.0,166.0,0.9999999999999999,0.0,raw_source,raw_level
price_family_ma6_structural_linked,structural_ma6,martinsville_va_metro_area__cbsa_metro,median_ppsf,level,166,2012-01-31,2026-03-31,63.790724468767074,22.727776562005896,1.396739009661616,2.623607005066671,11.289356006666651,0.0,0.0,166.0,0.9999999999999999,0.0,structural_ma6,ma6_level
price_family_ma6_structural_linked,raw_source,martinsville_va_metro_area__cbsa_metro,median_sale_price,level,166,2012-01-31,2026-03-31,104050.63955823294,35305.593463059166,2936.049494949495,5813.333333333343,21985.916666666657,0.0,0.0,166.0,1.0,0.0,raw_source,raw_level
price_family_ma6_structural_linked,structural_ma6,martinsville_va_metro_area__cbsa_metro,median_sale_price,level,166,2012-01-31,2026-03-31,104050.63955823294,35305.593463059166,2936.049494949495,5813.333333333343,21985.916666666657,0.0,0.0,166.0,1.0,0.0,structural_ma6,ma6_level
price_family_ma6_structural_linked,raw_source,maryland__state,median_ppsf,level,168,2012-01-31,2026-05-31,176.65947420634922,30.828918265731037,0.6508882235528949,1.5243333333333113,3.1100000000000136,0.0,0.0,168.0,1.0,0.0,raw_source,raw_level
price_family_ma6_structural_linked,structural_ma6,maryland__state,median_ppsf,level,168,2012-01-31,2026-05-31,176.65947420634922,30.828918265731037,0.6508882235528949,1.5243333333333113,3.1100000000000136,0.0,0.0,168.0,1.0,0.0,structural_ma6,ma6_level
price_family_ma6_structural_linked,raw_source,maryland__state,median_sale_price,level,168,2012-01-31,2026-05-31,317139.02281746035,67071.82830763284,3497.4790419161664,6666.666666666628,9791.666666666657,0.0,0.0,168.0,1.0,0.0,raw_source,raw_level
price_family_ma6_structural_linked,structural_ma6,maryland__state,median_sale_price,level,168,2012-01-31,2026-05-31,317139.02281746035,67071.82830763284,3497.4790419161664,6666.666666666628,9791.666666666657,0.0,0.0,168.0,1.0,0.0,structural_ma6,ma6_level
price_family_ma6_structural_linked,raw_source,mathews_county_va__county,median_ppsf,level,143,2014-02-28,2026-05-31,155.98029910978087,41.19557189233022,4.8331142771913145,9.687833333333348,28.25999999999999,0.0,0.0,143.0,1.0,0.0,raw_source,raw_level
price_family_ma6_structural_linked,structural_ma6,mathews_county_va__county,median_ppsf,level,143,2014-02-28,2026-05-31,155.98029910978087,41.19557189233022,4.8331142771913145,9.687833333333348,28.25999999999999,0.0,0.0,143.0,1.0,0.0,structural_ma6,ma6_level
price_family_ma6_structural_linked,raw_source,mathews_county_va__county,median_sale_price,level,143,2014-02-28,2026-05-31,274950.020979021,74611.24107150864,11887.671361502347,25992.49999999998,42875.0,0.0,0.0,143.0,1.0,0.0,raw_source,raw_level
price_family_ma6_structural_linked,structural_ma6,mathews_county_va__county,median_sale_price,level,143,2014-02-28,2026-05-31,274950.020979021,74611.24107150864,11887.671361502347,25992.49999999998,42875.0,0.0,0.0,143.0,1.0,0.0,structural_ma6,ma6_level
price_family_ma6_structural_linked,raw_source,mendocino_county_ca__county,median_ppsf,level,168,2012-01-31,2026-05-31,273.0602886764008,63.54708807604487,3.65741199250898,6.808666666666659,19.093333333333362,0.0,0.0,168.0,1.0,0.0,raw_source,raw_level
price_family_ma6_structural_linked,structural_ma6,mendocino_county_ca__county,median_ppsf,level,168,2012-01-31,2026-05-31,273.0602886764008,63.54708807604487,3.65741199250898,6.808666666666659,19.093333333333362,0.0,0.0,168.0,1.0,0.0,structural_ma6,ma6_level
price_family_ma6_structural_linked,raw_source,mendocino_county_ca__county,median_sale_price,level,168,2012-01-31,2026-05-31,430007.908234127,103031.97753413471,7089.811876247506,13816.666666666652,50583.333333333314,0.0,0.0,168.0,1.0,0.0,raw_source,raw_level
price_family_ma6_structural_linked,structural_ma6,mendocino_county_ca__county,median_sale_price,level,168,2012-01-31,2026-05-31,430007.908234127,103031.97753413471,7089.811876247506,13816.666666666652,50583.333333333314,0.0,0.0,168.0,1.0,0.0,structural_ma6,ma6_level
price_family_ma6_structural_linked,raw_source,merced_ca_metro_area__cbsa_metro,median_ppsf,level,166,2012-01-31,2026-03-31,176.25851493576505,61.45587544850373,1.6498009513606062,3.1657274536666757,6.2995400405000055,0.0,0.0,166.0,1.0,0.0,raw_source,raw_level
price_family_ma6_structural_linked,structural_ma6,merced_ca_metro_area__cbsa_metro,median_ppsf,level,166,2012-01-31,2026-03-31,176.25851493576505,61.45587544850373,1.6498009513606062,3.1657274536666757,6.2995400405000055,0.0,0.0,166.0,1.0,0.0,structural_ma6,ma6_level
price_family_ma6_structural_linked,raw_source,merced_ca_metro_area__cbsa_metro,median_sale_price,level,166,2012-01-31,2026-03-31,288932.7690763052,99226.01233186062,2772.4176767676777,5505.00000000001,10500.0,0.0,0.0,166.0,1.0,0.0,raw_source,raw_level
price_family_ma6_structural_linked,structural_ma6,merced_ca_metro_area__cbsa_metro,median_sale_price,level,166,2012-01-31,2026-03-31,288932.7690763052,99226.01233186062,2772.4176767676777,5505.00000000001,10500.0,0.0,0.0,166.0,1.0,0.0,structural_ma6,ma6_level
price_family_ma6_structural_linked,raw_source,merced_county_ca__county,median_ppsf,level,168,2012-01-31,2026-05-31,177.3078991201131,61.807233313991816,1.6359739754481033,3.1426666666666625,6.30000000000004,0.0,0.0,168.0,1.0,0.0,raw_source,raw_level
price_family_ma6_structural_linked,structural_ma6,merced_county_ca__county,median_ppsf,level,168,2012-01-31,2026-05-31,177.3078991201131,61.807233313991816,1.6359739754481033,3.1426666666666625,6.30000000000004,0.0,0.0,168.0,1.0,0.0,structural_ma6,ma6_level
price_family_ma6_structural_linked,raw_source,merced_county_ca__county,median_sale_price,level,168,2012-01-31,2026-05-31,290392.1121031746,99415.20702688719,2759.372255489023,5366.666666666687,10500.0,0.0,0.0,168.0,1.0,0.0,raw_source,raw_level
price_family_ma6_structural_linked,structural_ma6,merced_county_ca__county,median_sale_price,level,168,2012-01-31,2026-05-31,290392.1121031746,99415.20702688719,2759.372255489023,5366.666666666687,10500.0,0.0,0.0,168.0,1.0,0.0,structural_ma6,ma6_level
price_family_ma6_structural_linked,raw_source,mercer_county_nj__county,median_ppsf,level,168,2012-01-31,2026-05-31,187.29045535718453,47.758697274745344,2.851725541625749,5.340820479133334,8.564999999999998,0.0,0.0,168.0,1.0,0.0,raw_source,raw_level
price_family_ma6_structural_linked,structural_ma6,mercer_county_nj__county,median_ppsf,level,168,2012-01-31,2026-05-31,187.29045535718453,47.758697274745344,2.851725541625749,5.340820479133334,8.564999999999998,0.0,0.0,168.0,1.0,0.0,structural_ma6,ma6_level
price_family_ma6_structural_linked,raw_source,mercer_county_nj__county,median_sale_price,level,168,2012-01-31,2026-05-31,292535.0386904762,78286.29553910348,6864.16866267465,13666.666666666684,19750.0,0.0,0.0,168.0,1.0,0.0,raw_source,raw_level
price_family_ma6_structural_linked,structural_ma6,mercer_county_nj__county,median_sale_price,level,168,2012-01-31,2026-05-31,292535.0386904762,78286.29553910348,6864.16866267465,13666.666666666684,19750.0,0.0,0.0,168.0,1.0,0.0,structural_ma6,ma6_level
price_family_ma6_structural_linked,raw_source,middlesex_county_nj__county,median_ppsf,level,168,2012-01-31,2026-05-31,229.81023574528277,60.45369236960774,1.8216869521377228,3.5606262457666733,6.388333333333321,0.0,0.0,168.0,1.0,0.0,raw_source,raw_level
price_family_ma6_structural_linked,structural_ma6,middlesex_county_nj__county,median_ppsf,level,168,2012-01-31,2026-05-31,229.81023574528277,60.45369236960774,1.8216869521377228,3.5606262457666733,6.388333333333321,0.0,0.0,168.0,1.0,0.0,structural_ma6,ma6_level
price_family_ma6_structural_linked,raw_source,middlesex_county_nj__county,median_sale_price,level,168,2012-01-31,2026-05-31,353972.1964285714,98689.85716545972,3967.0598802395225,7983.333333333361,13791.666666666686,0.0,0.0,168.0,0.9999999999999999,0.0,raw_source,raw_level
price_family_ma6_structural_linked,structural_ma6,middlesex_county_nj__county,median_sale_price,level,168,2012-01-31,2026-05-31,353972.1964285714,98689.85716545972,3967.0598802395225,7983.333333333361,13791.666666666686,0.0,0.0,168.0,0.9999999999999999,0.0,structural_ma6,ma6_level
price_family_ma6_structural_linked,raw_source,modesto_ca_metro_area__cbsa_metro,median_ppsf,level,153,2013-02-28,2026-03-31,215.9126841462255,61.92489777629079,1.7044677276381595,3.5516683131499622,6.031675315499967,0.0,0.0,153.0,0.9999999999999999,0.0,raw_source,raw_level
price_family_ma6_structural_linked,structural_ma6,modesto_ca_metro_area__cbsa_metro,median_ppsf,level,153,2013-02-28,2026-03-31,215.9126841462255,61.92489777629079,1.7044677276381595,3.5516683131499622,6.031675315499967,0.0,0.0,153.0,0.9999999999999999,0.0,structural_ma6,ma6_level
price_family_ma6_structural_linked,raw_source,modesto_ca_metro_area__cbsa_metro,median_sale_price,level,153,2013-02-28,2026-03-31,346257.29847494554,96867.02386473732,3182.182017543861,6316.150000000001,10000.0,0.0,0.0,153.0,0.9999999999999999,0.0,raw_source,raw_level
price_family_ma6_structural_linked,structural_ma6,modesto_ca_metro_area__cbsa_metro,median_sale_price,level,153,2013-02-28,2026-03-31,346257.29847494554,96867.02386473732,3182.182017543861,6316.150000000001,10000.0,0.0,0.0,153.0,0.9999999999999999,0.0,structural_ma6,ma6_level
price_family_ma6_structural_linked,raw_source,monmouth_county_nj__county,median_ppsf,level,168,2012-01-31,2026-05-31,246.6816273608036,68.13833665092108,1.9891468297305397,4.147000000000003,6.523333333333312,0.0,0.0,168.0,0.9999999999999998,0.0,raw_source,raw_level
price_family_ma6_structural_linked,structural_ma6,monmouth_county_nj__county,median_ppsf,level,168,2012-01-31,2026-05-31,246.6816273608036,68.13833665092108,1.9891468297305397,4.147000000000003,6.523333333333312,0.0,0.0,168.0,0.9999999999999998,0.0,structural_ma6,ma6_level
price_family_ma6_structural_linked,raw_source,monmouth_county_nj__county,median_sale_price,level,168,2012-01-31,2026-05-31,463021.58730158734,132151.15702473948,5413.6327345309355,11611.6666666667,25833.333333333372,0.0,0.0,168.0,1.0,0.0,raw_source,raw_level
price_family_ma6_structural_linked,structural_ma6,monmouth_county_nj__county,median_sale_price,level,168,2012-01-31,2026-05-31,463021.58730158734,132151.15702473948,5413.6327345309355,11611.6666666667,25833.333333333372,0.0,0.0,168.0,1.0,0.0,structural_ma6,ma6_level
price_family_ma6_structural_linked,raw_source,monterey_county_ca__county,median_ppsf,level,168,2012-01-31,2026-05-31,407.83834305831544,127.84887190253555,4.425962425898203,8.928666666666619,17.01333333333332,0.0,0.0,168.0,1.0,0.0,raw_source,raw_level
price_family_ma6_structural_linked,structural_ma6,monterey_county_ca__county,median_ppsf,level,168,2012-01-31,2026-05-31,407.83834305831544,127.84887190253555,4.425962425898203,8.928666666666619,17.01333333333332,0.0,0.0,168.0,1.0,0.0,structural_ma6,ma6_level
price_family_ma6_structural_linked,raw_source,monterey_county_ca__county,median_sale_price,level,168,2012-01-31,2026-05-31,635563.505952381,197539.71151884994,7549.851297405192,15683.333333333374,35416.666666666744,0.0,0.0,168.0,1.0,0.0,raw_source,raw_level
price_family_ma6_structural_linked,structural_ma6,monterey_county_ca__county,median_sale_price,level,168,2012-01-31,2026-05-31,635563.505952381,197539.71151884994,7549.851297405192,15683.333333333374,35416.666666666744,0.0,0.0,168.0,1.0,0.0,structural_ma6,ma6_level
price_family_ma6_structural_linked,raw_source,montgomery_county_md__county,median_ppsf,level,168,2012-01-31,2026-05-31,245.8895037465883,31.724398868340376,1.8492355494510957,3.8793722041333694,5.591666666666697,0.0,0.0,168.0,1.0,0.0,raw_source,raw_level
price_family_ma6_structural_linked,structural_ma6,montgomery_county_md__county,median_ppsf,level,168,2012-01-31,2026-05-31,245.8895037465883,31.724398868340376,1.8492355494510957,3.8793722041333694,5.591666666666697,0.0,0.0,168.0,1.0,0.0,structural_ma6,ma6_level
price_family_ma6_structural_linked,raw_source,montgomery_county_md__county,median_sale_price,level,168,2012-01-31,2026-05-31,475187.93253968254,88255.87433899645,6226.504990019959,11666.666666666675,17993.166666666628,0.0,0.0,168.0,0.9999999999999999,0.0,raw_source,raw_level
price_family_ma6_structural_linked,structural_ma6,montgomery_county_md__county,median_sale_price,level,168,2012-01-31,2026-05-31,475187.93253968254,88255.87433899645,6226.504990019959,11666.666666666675,17993.166666666628,0.0,0.0,168.0,0.9999999999999999,0.0,structural_ma6,ma6_level
price_family_ma6_structural_linked,raw_source,montgomery_county_va__county,median_ppsf,level,166,2012-01-31,2026-05-31,133.41319039423794,42.54521420433932,2.128916292053537,4.4439999999999875,8.472896788666674,0.0,0.0,166.0,1.0,0.0,raw_source,raw_level
price_family_ma6_structural_linked,structural_ma6,montgomery_county_va__county,median_ppsf,level,166,2012-01-31,2026-05-31,133.41319039423794,42.54521420433932,2.128916292053537,4.4439999999999875,8.472896788666674,0.0,0.0,166.0,1.0,0.0,structural_ma6,ma6_level
price_family_ma6_structural_linked,raw_source,montgomery_county_va__county,median_sale_price,level,166,2012-01-31,2026-05-31,251183.4738955823,75381.38859293054,7267.214141414143,13825.0,46583.33333333334,0.0,0.0,166.0,0.9999999999999998,0.0,raw_source,raw_level
price_family_ma6_structural_linked,structural_ma6,montgomery_county_va__county,median_sale_price,level,166,2012-01-31,2026-05-31,251183.4738955823,75381.38859293054,7267.214141414143,13825.0,46583.33333333334,0.0,0.0,166.0,0.9999999999999998,0.0,structural_ma6,ma6_level
price_family_ma6_structural_linked,raw_source,morris_county_nj__county,median_ppsf,level,128,2015-05-31,2026-05-31,263.5261291471263,55.31365110423638,2.3156022259894966,4.4513333333333795,7.25333333333333,0.0,0.0,128.0,1.0,0.0,raw_source,raw_level
price_family_ma6_structural_linked,structural_ma6,morris_county_nj__county,median_ppsf,level,128,2015-05-31,2026-05-31,263.5261291471263,55.31365110423638,2.3156022259894966,4.4513333333333795,7.25333333333333,0.0,0.0,128.0,1.0,0.0,structural_ma6,ma6_level
price_family_ma6_structural_linked,raw_source,morris_county_nj__county,median_sale_price,level,128,2015-05-31,2026-05-31,502611.2747395833,107500.710840191,7326.080052493439,14608.333333333303,21583.333333333372,0.0,0.0,128.0,1.0,0.0,raw_source,raw_level
price_family_ma6_structural_linked,structural_ma6,morris_county_nj__county,median_sale_price,level,128,2015-05-31,2026-05-31,502611.2747395833,107500.710840191,7326.080052493439,14608.333333333303,21583.333333333372,0.0,0.0,128.0,1.0,0.0,structural_ma6,ma6_level
price_family_ma6_structural_linked,raw_source,napa_ca_metro_area__cbsa_metro,median_ppsf,level,166,2012-01-31,2026-03-31,439.196633974258,113.03887902664916,5.091433092435354,9.79046414646657,19.989102899833256,0.0,0.0,166.0,1.0,0.0,raw_source,raw_level
price_family_ma6_structural_linked,structural_ma6,napa_ca_metro_area__cbsa_metro,median_ppsf,level,166,2012-01-31,2026-03-31,439.196633974258,113.03887902664916,5.091433092435354,9.79046414646657,19.989102899833256,0.0,0.0,166.0,1.0,0.0,structural_ma6,ma6_level
price_family_ma6_structural_linked,raw_source,napa_ca_metro_area__cbsa_metro,median_sale_price,level,166,2012-01-31,2026-03-31,702321.6014056224,176512.70294430002,9120.87676767677,20150.0,28454.0,0.0,0.0,166.0,0.9999999999999999,0.0,raw_source,raw_level
price_family_ma6_structural_linked,structural_ma6,napa_ca_metro_area__cbsa_metro,median_sale_price,level,166,2012-01-31,2026-03-31,702321.6014056224,176512.70294430002,9120.87676767677,20150.0,28454.0,0.0,0.0,166.0,0.9999999999999999,0.0,structural_ma6,ma6_level
price_family_ma6_structural_linked,raw_source,napa_county_ca__county,median_ppsf,level,168,2012-01-31,2026-05-31,439.4879468195367,114.06527233945752,5.0229491209540935,9.785000000000002,19.99000000000001,0.0,0.0,168.0,0.9999999999999999,0.0,raw_source,raw_level
price_family_ma6_structural_linked,structural_ma6,napa_county_ca__county,median_ppsf,level,168,2012-01-31,2026-05-31,439.4879468195367,114.06527233945752,5.0229491209540935,9.785000000000002,19.99000000000001,0.0,0.0,168.0,0.9999999999999999,0.0,structural_ma6,ma6_level
price_family_ma6_structural_linked,raw_source,napa_county_ca__county,median_sale_price,level,168,2012-01-31,2026-05-31,702334.9722222222,179061.5569229083,9009.504990019963,20100.0,28454.0,0.0,0.0,168.0,1.0,0.0,raw_source,raw_level
price_family_ma6_structural_linked,structural_ma6,napa_county_ca__county,median_sale_price,level,168,2012-01-31,2026-05-31,702334.9722222222,179061.5569229083,9009.504990019963,20100.0,28454.0,0.0,0.0,168.0,1.0,0.0,structural_ma6,ma6_level
price_family_ma6_structural_linked,raw_source,nelson_county_va__county,median_ppsf,level,168,2012-01-31,2026-05-31,169.81313011727877,54.06232510887123,3.013612641743515,6.132717561333326,10.206666666666592,0.0,0.0,168.0,1.0,0.0,raw_source,raw_level
price_family_ma6_structural_linked,structural_ma6,nelson_county_va__county,median_ppsf,level,168,2012-01-31,2026-05-31,169.81313011727877,54.06232510887123,3.013612641743515,6.132717561333326,10.206666666666592,0.0,0.0,168.0,1.0,0.0,structural_ma6,ma6_level
price_family_ma6_structural_linked,raw_source,nelson_county_va__county,median_sale_price,level,168,2012-01-31,2026-05-31,284574.6865079365,81940.50691759761,9948.121756487026,19700.000000000007,33250.0,0.0,0.0,168.0,1.0,0.0,raw_source,raw_level
price_family_ma6_structural_linked,structural_ma6,nelson_county_va__county,median_sale_price,level,168,2012-01-31,2026-05-31,284574.6865079365,81940.50691759761,9948.121756487026,19700.000000000007,33250.0,0.0,0.0,168.0,1.0,0.0,structural_ma6,ma6_level
price_family_ma6_structural_linked,raw_source,nevada_county_ca__county,median_ppsf,level,168,2012-01-31,2026-05-31,268.6528902381716,63.967382048077724,2.9040385126197594,6.528604457833361,11.758333333333383,0.0,0.0,168.0,1.0,0.0,raw_source,raw_level
price_family_ma6_structural_linked,structural_ma6,nevada_county_ca__county,median_ppsf,level,168,2012-01-31,2026-05-31,268.6528902381716,63.967382048077724,2.9040385126197594,6.528604457833361,11.758333333333383,0.0,0.0,168.0,1.0,0.0,structural_ma6,ma6_level
price_family_ma6_structural_linked,raw_source,nevada_county_ca__county,median_sale_price,level,168,2012-01-31,2026-05-31,487339.4573412698,123952.0854350392,7031.324351297401,15933.333333333303,25416.666666666744,0.0,0.0,168.0,1.0,0.0,raw_source,raw_level
price_family_ma6_structural_linked,structural_ma6,nevada_county_ca__county,median_sale_price,level,168,2012-01-31,2026-05-31,487339.4573412698,123952.0854350392,7031.324351297401,15933.333333333303,25416.666666666744,0.0,0.0,168.0,1.0,0.0,structural_ma6,ma6_level
price_family_ma6_structural_linked,raw_source,new_brunswick_nj_metro_area__cbsa_metro,median_ppsf,level,168,2012-01-31,2026-05-31,223.98716269841267,62.086988722126655,1.174391217564869,2.9129999999999767,4.36166666666665,0.0,0.0,168.0,1.0,0.0,raw_source,raw_level
price_family_ma6_structural_linked,structural_ma6,new_brunswick_nj_metro_area__cbsa_metro,median_ppsf,level,168,2012-01-31,2026-05-31,223.98716269841267,62.086988722126655,1.174391217564869,2.9129999999999767,4.36166666666665,0.0,0.0,168.0,1.0,0.0,structural_ma6,ma6_level
price_family_ma6_structural_linked,raw_source,new_brunswick_nj_metro_area__cbsa_metro,median_sale_price,level,168,2012-01-31,2026-05-31,368381.8849206349,104478.86565644086,4244.237524950101,8333.333333333314,15000.0,0.0,0.0,168.0,1.0,0.0,raw_source,raw_level
price_family_ma6_structural_linked,structural_ma6,new_brunswick_nj_metro_area__cbsa_metro,median_sale_price,level,168,2012-01-31,2026-05-31,368381.8849206349,104478.86565644086,4244.237524950101,8333.333333333314,15000.0,0.0,0.0,168.0,1.0,0.0,structural_ma6,ma6_level
price_family_ma6_structural_linked,raw_source,new_jersey__state,median_ppsf,level,168,2012-01-31,2026-05-31,209.4465376984127,57.361738881054855,1.1661077844311383,2.6196666666666943,6.081666666666678,0.0,0.0,168.0,1.0,0.0,raw_source,raw_level
price_family_ma6_structural_linked,structural_ma6,new_jersey__state,median_ppsf,level,168,2012-01-31,2026-05-31,209.4465376984127,57.361738881054855,1.1661077844311383,2.6196666666666943,6.081666666666678,0.0,0.0,168.0,1.0,0.0,structural_ma6,ma6_level
price_family_ma6_structural_linked,raw_source,new_jersey__state,median_sale_price,level,168,2012-01-31,2026-05-31,354600.80753968254,97199.13219601306,4535.612774451098,8700.000000000013,15833.333333333314,0.0,0.0,168.0,1.0,0.0,raw_source,raw_level
price_family_ma6_structural_linked,structural_ma6,new_jersey__state,median_sale_price,level,168,2012-01-31,2026-05-31,354600.80753968254,97199.13219601306,4535.612774451098,8700.000000000013,15833.333333333314,0.0,0.0,168.0,1.0,0.0,structural_ma6,ma6_level
price_family_ma6_structural_linked,raw_source,new_kent_county_va__county,median_ppsf,level,168,2012-01-31,2026-05-31,148.6214457001002,36.428697999725145,1.3975584115059903,3.13233333333331,7.993333333333368,0.0,0.0,168.0,0.9999999999999998,0.0,raw_source,raw_level
price_family_ma6_structural_linked,structural_ma6,new_kent_county_va__county,median_ppsf,level,168,2012-01-31,2026-05-31,148.6214457001002,36.428697999725145,1.3975584115059903,3.13233333333331,7.993333333333368,0.0,0.0,168.0,0.9999999999999998,0.0,structural_ma6,ma6_level
price_family_ma6_structural_linked,raw_source,new_kent_county_va__county,median_sale_price,level,168,2012-01-31,2026-05-31,314744.69246031746,75822.26862743363,4467.50499001996,8583.6666666667,19507.833333333372,0.0,0.0,168.0,1.0,0.0,raw_source,raw_level
price_family_ma6_structural_linked,structural_ma6,new_kent_county_va__county,median_sale_price,level,168,2012-01-31,2026-05-31,314744.69246031746,75822.26862743363,4467.50499001996,8583.6666666667,19507.833333333372,0.0,0.0,168.0,1.0,0.0,structural_ma6,ma6_level
price_family_ma6_structural_linked,raw_source,newark_nj_metro_area__cbsa_metro,median_ppsf,level,168,2012-01-31,2026-05-31,226.21158730158731,58.75149129427877,1.42872255489022,2.99666666666667,7.9599999999999795,0.0,0.0,168.0,1.0,0.0,raw_source,raw_level
price_family_ma6_structural_linked,structural_ma6,newark_nj_metro_area__cbsa_metro,median_ppsf,level,168,2012-01-31,2026-05-31,226.21158730158731,58.75149129427877,1.42872255489022,2.99666666666667,7.9599999999999795,0.0,0.0,168.0,1.0,0.0,structural_ma6,ma6_level
price_family_ma6_structural_linked,raw_source,newark_nj_metro_area__cbsa_metro,median_sale_price,level,168,2012-01-31,2026-05-31,400766.8908730159,107968.5954814509,6986.738522954094,13699.999999999976,21583.333333333372,0.0,0.0,168.0,0.9999999999999999,0.0,raw_source,raw_level
price_family_ma6_structural_linked,structural_ma6,newark_nj_metro_area__cbsa_metro,median_sale_price,level,168,2012-01-31,2026-05-31,400766.8908730159,107968.5954814509,6986.738522954094,13699.999999999976,21583.333333333372,0.0,0.0,168.0,0.9999999999999999,0.0,structural_ma6,ma6_level
price_family_ma6_structural_linked,raw_source,newport_news_va__county,median_ppsf,level,143,2014-02-28,2026-05-31,136.33026618026457,30.72718729418071,1.1514145869260557,2.266000000000011,3.349999999999966,0.0,0.0,143.0,1.0,0.0,raw_source,raw_level
price_family_ma6_structural_linked,structural_ma6,newport_news_va__county,median_ppsf,level,143,2014-02-28,2026-05-31,136.33026618026457,30.72718729418071,1.1514145869260557,2.266000000000011,3.349999999999966,0.0,0.0,143.0,1.0,0.0,structural_ma6,ma6_level
price_family_ma6_structural_linked,raw_source,newport_news_va__county,median_sale_price,level,143,2014-02-28,2026-05-31,216841.44055944055,47741.00979754416,2349.9741784037565,4424.583333333334,8499.99999999997,0.0,0.0,143.0,0.9999999999999999,0.0,raw_source,raw_level
price_family_ma6_structural_linked,structural_ma6,newport_news_va__county,median_sale_price,level,143,2014-02-28,2026-05-31,216841.44055944055,47741.00979754416,2349.9741784037565,4424.583333333334,8499.99999999997,0.0,0.0,143.0,0.9999999999999999,0.0,structural_ma6,ma6_level
price_family_ma6_structural_linked,raw_source,norfolk_va__county,median_ppsf,level,143,2014-02-28,2026-05-31,150.79416944211073,36.291130962077986,1.201194563578639,2.419166666666678,3.655000000000001,0.0,0.0,143.0,1.0,0.0,raw_source,raw_level
price_family_ma6_structural_linked,structural_ma6,norfolk_va__county,median_ppsf,level,143,2014-02-28,2026-05-31,150.79416944211073,36.291130962077986,1.201194563578639,2.419166666666678,3.655000000000001,0.0,0.0,143.0,1.0,0.0,structural_ma6,ma6_level
price_family_ma6_structural_linked,raw_source,norfolk_va__county,median_sale_price,level,143,2014-02-28,2026-05-31,238627.72144522142,53403.343946490546,2290.1103286384973,4205.83333333334,7541.666666666657,0.0,0.0,143.0,1.0,0.0,raw_source,raw_level
price_family_ma6_structural_linked,structural_ma6,norfolk_va__county,median_sale_price,level,143,2014-02-28,2026-05-31,238627.72144522142,53403.343946490546,2290.1103286384973,4205.83333333334,7541.666666666657,0.0,0.0,143.0,1.0,0.0,structural_ma6,ma6_level
price_family_ma6_structural_linked,raw_source,norton_va__county,median_ppsf,level,127,2014-01-31,2026-05-31,63.23774302727953,15.349714408778189,4.546259483813493,9.343916053916665,18.100067407833336,0.0,0.0,127.0,1.0,0.0,raw_source,raw_level
price_family_ma6_structural_linked,structural_ma6,norton_va__county,median_ppsf,level,127,2014-01-31,2026-05-31,63.23774302727953,15.349714408778189,4.546259483813493,9.343916053916665,18.100067407833336,0.0,0.0,127.0,1.0,0.0,structural_ma6,ma6_level
price_family_ma6_structural_linked,raw_source,norton_va__county,median_sale_price,level,127,2014-01-31,2026-05-31,120242.43569553806,31379.687744477924,10919.338624338623,20552.083333333336,50166.66666666666,0.0,0.0,127.0,1.0,0.0,raw_source,raw_level
price_family_ma6_structural_linked,structural_ma6,norton_va__county,median_sale_price,level,127,2014-01-31,2026-05-31,120242.43569553806,31379.687744477924,10919.338624338623,20552.083333333336,50166.66666666666,0.0,0.0,127.0,1.0,0.0,structural_ma6,ma6_level
price_family_ma6_structural_linked,raw_source,oakland_ca_metro_area__cbsa_metro,median_ppsf,level,168,2012-01-31,2026-05-31,472.90994047619046,122.0015157396725,3.733772455089821,8.226333333333354,13.903333333333308,0.0,0.0,168.0,1.0,0.0,raw_source,raw_level
price_family_ma6_structural_linked,structural_ma6,oakland_ca_metro_area__cbsa_metro,median_ppsf,level,168,2012-01-31,2026-05-31,472.90994047619046,122.0015157396725,3.733772455089821,8.226333333333354,13.903333333333308,0.0,0.0,168.0,1.0,0.0,structural_ma6,ma6_level
price_family_ma6_structural_linked,raw_source,oakland_ca_metro_area__cbsa_metro,median_sale_price,level,168,2012-01-31,2026-05-31,723078.9751984127,190075.55390128557,10800.306387225544,21234.6666666667,30833.333333333372,0.0,0.0,168.0,1.0,0.0,raw_source,raw_level
price_family_ma6_structural_linked,structural_ma6,oakland_ca_metro_area__cbsa_metro,median_sale_price,level,168,2012-01-31,2026-05-31,723078.9751984127,190075.55390128557,10800.306387225544,21234.6666666667,30833.333333333372,0.0,0.0,168.0,1.0,0.0,structural_ma6,ma6_level
price_family_ma6_structural_linked,raw_source,ocean_city_nj_metro_area__cbsa_metro,median_ppsf,level,166,2012-01-31,2026-03-31,340.5654515286004,113.46438220778926,5.454252997574752,11.664880180500084,21.617650960499986,0.0,0.0,166.0,1.0,0.0,raw_source,raw_level
price_family_ma6_structural_linked,structural_ma6,ocean_city_nj_metro_area__cbsa_metro,median_ppsf,level,166,2012-01-31,2026-03-31,340.5654515286004,113.46438220778926,5.454252997574752,11.664880180500084,21.617650960499986,0.0,0.0,166.0,1.0,0.0,structural_ma6,ma6_level
price_family_ma6_structural_linked,raw_source,ocean_city_nj_metro_area__cbsa_metro,median_sale_price,level,166,2012-01-31,2026-03-31,463951.52008032124,130401.55587725945,8675.553535353536,16561.666666666686,45833.333333333256,0.0,0.0,166.0,1.0,0.0,raw_source,raw_level
price_family_ma6_structural_linked,structural_ma6,ocean_city_nj_metro_area__cbsa_metro,median_sale_price,level,166,2012-01-31,2026-03-31,463951.52008032124,130401.55587725945,8675.553535353536,16561.666666666686,45833.333333333256,0.0,0.0,166.0,1.0,0.0,structural_ma6,ma6_level
price_family_ma6_structural_linked,raw_source,ocean_county_nj__county,median_ppsf,level,168,2012-01-31,2026-05-31,189.88422412696428,59.51409500795192,1.5243027214530935,3.319999999999988,5.225000000000023,0.0,0.0,168.0,0.9999999999999999,0.0,raw_source,raw_level
price_family_ma6_structural_linked,structural_ma6,ocean_county_nj__county,median_ppsf,level,168,2012-01-31,2026-05-31,189.88422412696428,59.51409500795192,1.5243027214530935,3.319999999999988,5.225000000000023,0.0,0.0,168.0,0.9999999999999999,0.0,structural_ma6,ma6_level
price_family_ma6_structural_linked,raw_source,ocean_county_nj__county,median_sale_price,level,168,2012-01-31,2026-05-31,304780.8427579365,98195.29162922982,3074.8527944111775,6666.6666666666515,10929.666666666686,0.0,0.0,168.0,1.0,0.0,raw_source,raw_level
price_family_ma6_structural_linked,structural_ma6,ocean_county_nj__county,median_sale_price,level,168,2012-01-31,2026-05-31,304780.8427579365,98195.29162922982,3074.8527944111775,6666.6666666666515,10929.666666666686,0.0,0.0,168.0,1.0,0.0,structural_ma6,ma6_level
price_family_ma6_structural_linked,raw_source,orange_county_ca__county,median_ppsf,level,168,2012-01-31,2026-05-31,457.97210083145046,131.28712405680716,3.3905070507285426,7.9926666666666515,14.8900000000001,0.0,0.0,168.0,1.0,0.0,raw_source,raw_level
price_family_ma6_structural_linked,structural_ma6,orange_county_ca__county,median_ppsf,level,168,2012-01-31,2026-05-31,457.97210083145046,131.28712405680716,3.3905070507285426,7.9926666666666515,14.8900000000001,0.0,0.0,168.0,1.0,0.0,structural_ma6,ma6_level
price_family_ma6_structural_linked,raw_source,orange_county_ca__county,median_sale_price,level,168,2012-01-31,2026-05-31,786554.9037698412,236376.8689881133,7039.344311377244,16666.666666666606,25083.333333333256,0.0,0.0,168.0,1.0,0.0,raw_source,raw_level
price_family_ma6_structural_linked,structural_ma6,orange_county_ca__county,median_sale_price,level,168,2012-01-31,2026-05-31,786554.9037698412,236376.8689881133,7039.344311377244,16666.666666666606,25083.333333333256,0.0,0.0,168.0,1.0,0.0,structural_ma6,ma6_level
price_family_ma6_structural_linked,raw_source,oxnard_ca_metro_area__cbsa_metro,median_ppsf,level,168,2012-01-31,2026-05-31,377.95413690476187,94.463710033567,2.3590019960079864,5.459333333333319,7.166666666666686,0.0,0.0,168.0,1.0,0.0,raw_source,raw_level
price_family_ma6_structural_linked,structural_ma6,oxnard_ca_metro_area__cbsa_metro,median_ppsf,level,168,2012-01-31,2026-05-31,377.95413690476187,94.463710033567,2.3590019960079864,5.459333333333319,7.166666666666686,0.0,0.0,168.0,1.0,0.0,structural_ma6,ma6_level
price_family_ma6_structural_linked,raw_source,oxnard_ca_metro_area__cbsa_metro,median_sale_price,level,168,2012-01-31,2026-05-31,641630.3353174602,159861.87287773474,5384.197604790419,11666.666666666675,19742.0,0.0,0.0,168.0,1.0,0.0,raw_source,raw_level
price_family_ma6_structural_linked,structural_ma6,oxnard_ca_metro_area__cbsa_metro,median_sale_price,level,168,2012-01-31,2026-05-31,641630.3353174602,159861.87287773474,5384.197604790419,11666.666666666675,19742.0,0.0,0.0,168.0,1.0,0.0,structural_ma6,ma6_level
price_family_ma6_structural_linked,raw_source,petersburg_va__county,median_ppsf,level,168,2012-01-31,2026-05-31,77.77139528143255,42.03586061032954,1.9613843704411191,4.202333333333315,11.89833333333334,0.0,0.0,168.0,1.0,0.0,raw_source,raw_level
price_family_ma6_structural_linked,structural_ma6,petersburg_va__county,median_ppsf,level,168,2012-01-31,2026-05-31,77.77139528143255,42.03586061032954,1.9613843704411191,4.202333333333315,11.89833333333334,0.0,0.0,168.0,1.0,0.0,structural_ma6,ma6_level
price_family_ma6_structural_linked,raw_source,petersburg_va__county,median_sale_price,level,168,2012-01-31,2026-05-31,114535.80853174602,60071.21097153257,3511.934630738523,7229.433333333333,13120.833333333314,0.0,0.0,168.0,1.0,0.0,raw_source,raw_level
price_family_ma6_structural_linked,structural_ma6,petersburg_va__county,median_sale_price,level,168,2012-01-31,2026-05-31,114535.80853174602,60071.21097153257,3511.934630738523,7229.433333333333,13120.833333333314,0.0,0.0,168.0,1.0,0.0,structural_ma6,ma6_level
price_family_ma6_structural_linked,raw_source,pittsylvania_county_va__county,median_ppsf,level,168,2012-01-31,2026-05-31,91.94242034430457,27.021022532404746,2.0079277990788427,4.378666666666686,5.893333333333345,0.0,0.0,168.0,1.0,0.0,raw_source,raw_level
price_family_ma6_structural_linked,structural_ma6,pittsylvania_county_va__county,median_ppsf,level,168,2012-01-31,2026-05-31,91.94242034430457,27.021022532404746,2.0079277990788427,4.378666666666686,5.893333333333345,0.0,0.0,168.0,1.0,0.0,structural_ma6,ma6_level
price_family_ma6_structural_linked,raw_source,pittsylvania_county_va__county,median_sale_price,level,168,2012-01-31,2026-05-31,154954.99404761905,41975.48779626622,4698.045908183632,9333.333333333334,16333.333333333343,0.0,0.0,168.0,0.9999999999999998,0.0,raw_source,raw_level
price_family_ma6_structural_linked,structural_ma6,pittsylvania_county_va__county,median_sale_price,level,168,2012-01-31,2026-05-31,154954.99404761905,41975.48779626622,4698.045908183632,9333.333333333334,16333.333333333343,0.0,0.0,168.0,0.9999999999999998,0.0,structural_ma6,ma6_level
price_family_ma6_structural_linked,raw_source,placer_county_ca__county,median_ppsf,level,168,2012-01-31,2026-05-31,263.6671079999484,67.76581714851096,2.101421439210578,4.561919174533341,7.768333333333317,0.0,0.0,168.0,1.0,0.0,raw_source,raw_level
price_family_ma6_structural_linked,structural_ma6,placer_county_ca__county,median_ppsf,level,168,2012-01-31,2026-05-31,263.6671079999484,67.76581714851096,2.101421439210578,4.561919174533341,7.768333333333317,0.0,0.0,168.0,1.0,0.0,structural_ma6,ma6_level
price_family_ma6_structural_linked,raw_source,placer_county_ca__county,median_sale_price,level,168,2012-01-31,2026-05-31,511624.41269841266,131353.0196909491,4904.8093812375255,10066.666666666699,19166.666666666628,0.0,0.0,168.0,1.0,0.0,raw_source,raw_level
price_family_ma6_structural_linked,structural_ma6,placer_county_ca__county,median_sale_price,level,168,2012-01-31,2026-05-31,511624.41269841266,131353.0196909491,4904.8093812375255,10066.666666666699,19166.666666666628,0.0,0.0,168.0,1.0,0.0,structural_ma6,ma6_level
price_family_ma6_structural_linked,raw_source,poquoson_va__county,median_ppsf,level,143,2014-02-28,2026-05-31,164.22959463939975,29.763068743547088,2.10853172066784,4.387644155283314,8.810000000000002,0.0,0.0,143.0,1.0,0.0,raw_source,raw_level
price_family_ma6_structural_linked,structural_ma6,poquoson_va__county,median_ppsf,level,143,2014-02-28,2026-05-31,164.22959463939975,29.763068743547088,2.10853172066784,4.387644155283314,8.810000000000002,0.0,0.0,143.0,1.0,0.0,structural_ma6,ma6_level
price_family_ma6_structural_linked,raw_source,poquoson_va__county,median_sale_price,level,143,2014-02-28,2026-05-31,359617.1958041958,76594.85615963228,9104.411971830987,19358.333333333354,44483.33333333337,0.0,0.0,143.0,1.0,0.0,raw_source,raw_level
price_family_ma6_structural_linked,structural_ma6,poquoson_va__county,median_sale_price,level,143,2014-02-28,2026-05-31,359617.1958041958,76594.85615963228,9104.411971830987,19358.333333333354,44483.33333333337,0.0,0.0,143.0,1.0,0.0,structural_ma6,ma6_level
price_family_ma6_structural_linked,raw_source,portsmouth_va__county,median_ppsf,level,143,2014-02-28,2026-05-31,126.51541738130419,34.28408496278762,1.1421451236690146,2.3817133525166474,3.648333333333312,0.0,0.0,143.0,1.0,0.0,raw_source,raw_level
price_family_ma6_structural_linked,structural_ma6,portsmouth_va__county,median_ppsf,level,143,2014-02-28,2026-05-31,126.51541738130419,34.28408496278762,1.1421451236690146,2.3817133525166474,3.648333333333312,0.0,0.0,143.0,1.0,0.0,structural_ma6,ma6_level
price_family_ma6_structural_linked,raw_source,portsmouth_va__county,median_sale_price,level,143,2014-02-28,2026-05-31,192372.85664335664,52194.773807573816,2075.6255868544586,4407.7833333333365,7916.666666666657,0.0,0.0,143.0,0.9999999999999999,0.0,raw_source,raw_level
price_family_ma6_structural_linked,structural_ma6,portsmouth_va__county,median_sale_price,level,143,2014-02-28,2026-05-31,192372.85664335664,52194.773807573816,2075.6255868544586,4407.7833333333365,7916.666666666657,0.0,0.0,143.0,0.9999999999999999,0.0,structural_ma6,ma6_level
price_family_ma6_structural_linked,raw_source,powhatan_county_va__county,median_ppsf,level,168,2012-01-31,2026-05-31,163.5547838824226,44.16895620744858,1.7596287037085838,3.722333333333314,7.8683333333332826,0.0,0.0,168.0,0.9999999999999999,0.0,raw_source,raw_level
price_family_ma6_structural_linked,structural_ma6,powhatan_county_va__county,median_ppsf,level,168,2012-01-31,2026-05-31,163.5547838824226,44.16895620744858,1.7596287037085838,3.722333333333314,7.8683333333332826,0.0,0.0,168.0,0.9999999999999999,0.0,structural_ma6,ma6_level
price_family_ma6_structural_linked,raw_source,powhatan_county_va__county,median_sale_price,level,168,2012-01-31,2026-05-31,338428.9379960318,91225.83855513656,6317.067365269461,13641.666666666642,30833.333333333343,0.0,0.0,168.0,0.9999999999999999,0.0,raw_source,raw_level
price_family_ma6_structural_linked,structural_ma6,powhatan_county_va__county,median_sale_price,level,168,2012-01-31,2026-05-31,338428.9379960318,91225.83855513656,6317.067365269461,13641.666666666642,30833.333333333343,0.0,0.0,168.0,0.9999999999999999,0.0,structural_ma6,ma6_level
price_family_ma6_structural_linked,raw_source,prince_george_county_va__county,median_ppsf,level,168,2012-01-31,2026-05-31,133.4089806859494,36.73596680421516,1.481335241425151,3.1183333333333394,5.473333333333329,0.0,0.0,168.0,1.0,0.0,raw_source,raw_level
price_family_ma6_structural_linked,structural_ma6,prince_george_county_va__county,median_ppsf,level,168,2012-01-31,2026-05-31,133.4089806859494,36.73596680421516,1.481335241425151,3.1183333333333394,5.473333333333329,0.0,0.0,168.0,1.0,0.0,structural_ma6,ma6_level
price_family_ma6_structural_linked,raw_source,prince_george_county_va__county,median_sale_price,level,168,2012-01-31,2026-05-31,247284.87202380953,67182.44427003151,4466.907185628744,8798.333333333327,12583.333333333343,0.0,0.0,168.0,0.9999999999999998,0.0,raw_source,raw_level
price_family_ma6_structural_linked,structural_ma6,prince_george_county_va__county,median_sale_price,level,168,2012-01-31,2026-05-31,247284.87202380953,67182.44427003151,4466.907185628744,8798.333333333327,12583.333333333343,0.0,0.0,168.0,0.9999999999999998,0.0,structural_ma6,ma6_level
price_family_ma6_structural_linked,raw_source,prince_george_s_county_md__county,median_ppsf,level,168,2012-01-31,2026-05-31,181.4149206688869,43.070171374110885,1.2051710276257483,2.438666666666649,4.7450000000000045,0.0,0.0,168.0,1.0,0.0,raw_source,raw_level
price_family_ma6_structural_linked,structural_ma6,prince_george_s_county_md__county,median_ppsf,level,168,2012-01-31,2026-05-31,181.4149206688869,43.070171374110885,1.2051710276257483,2.438666666666649,4.7450000000000045,0.0,0.0,168.0,1.0,0.0,structural_ma6,ma6_level
price_family_ma6_structural_linked,raw_source,prince_george_s_county_md__county,median_sale_price,level,168,2012-01-31,2026-05-31,316744.9593253968,90597.33242828405,2288.9211576846315,4575.000000000007,10833.333333333372,0.0,0.0,168.0,1.0,0.0,raw_source,raw_level
price_family_ma6_structural_linked,structural_ma6,prince_george_s_county_md__county,median_sale_price,level,168,2012-01-31,2026-05-31,316744.9593253968,90597.33242828405,2288.9211576846315,4575.000000000007,10833.333333333372,0.0,0.0,168.0,1.0,0.0,structural_ma6,ma6_level
price_family_ma6_structural_linked,raw_source,prince_william_county_va__county,median_ppsf,level,168,2012-01-31,2026-05-31,184.47810279410018,38.461132909702414,1.0102138020968072,2.3213333333333543,3.6899999999999977,0.0,0.0,168.0,1.0,0.0,raw_source,raw_level
price_family_ma6_structural_linked,structural_ma6,prince_william_county_va__county,median_ppsf,level,168,2012-01-31,2026-05-31,184.47810279410018,38.461132909702414,1.0102138020968072,2.3213333333333543,3.6899999999999977,0.0,0.0,168.0,1.0,0.0,structural_ma6,ma6_level
price_family_ma6_structural_linked,raw_source,prince_william_county_va__county,median_sale_price,level,168,2012-01-31,2026-05-31,406168.55753968254,102938.46599807366,4378.259481037922,9666.66666666664,15833.333333333314,0.0,0.0,168.0,1.0,0.0,raw_source,raw_level
price_family_ma6_structural_linked,structural_ma6,prince_william_county_va__county,median_sale_price,level,168,2012-01-31,2026-05-31,406168.55753968254,102938.46599807366,4378.259481037922,9666.66666666664,15833.333333333314,0.0,0.0,168.0,1.0,0.0,structural_ma6,ma6_level
price_family_ma6_structural_linked,raw_source,pulaski_county_va__county,median_ppsf,level,151,2012-02-29,2026-05-31,104.17893630925938,29.027133400272366,3.6816097055222214,8.03408691203332,18.18887382516666,0.0,0.0,151.0,1.0,0.0,raw_source,raw_level
price_family_ma6_structural_linked,structural_ma6,pulaski_county_va__county,median_ppsf,level,151,2012-02-29,2026-05-31,104.17893630925938,29.027133400272366,3.6816097055222214,8.03408691203332,18.18887382516666,0.0,0.0,151.0,1.0,0.0,structural_ma6,ma6_level
price_family_ma6_structural_linked,raw_source,pulaski_county_va__county,median_sale_price,level,151,2012-02-29,2026-05-31,174907.8233995585,40470.02979801835,8218.577777777777,16229.16666666667,47583.33333333333,0.0,0.0,151.0,1.0,0.0,raw_source,raw_level
price_family_ma6_structural_linked,structural_ma6,pulaski_county_va__county,median_sale_price,level,151,2012-02-29,2026-05-31,174907.8233995585,40470.02979801835,8218.577777777777,16229.16666666667,47583.33333333333,0.0,0.0,151.0,1.0,0.0,structural_ma6,ma6_level
price_family_ma6_structural_linked,raw_source,queen_anne_s_county_md__county,median_ppsf,level,168,2012-01-31,2026-05-31,190.58992043946725,39.135311320514674,1.9311756965578861,4.024278014933333,7.183508085,0.0,0.0,168.0,1.0,0.0,raw_source,raw_level
price_family_ma6_structural_linked,structural_ma6,queen_anne_s_county_md__county,median_ppsf,level,168,2012-01-31,2026-05-31,190.58992043946725,39.135311320514674,1.9311756965578861,4.024278014933333,7.183508085,0.0,0.0,168.0,1.0,0.0,structural_ma6,ma6_level
price_family_ma6_structural_linked,raw_source,queen_anne_s_county_md__county,median_sale_price,level,168,2012-01-31,2026-05-31,377931.2609126984,92174.64689158632,5397.66766467066,10141.666666666652,18833.333333333372,0.0,0.0,168.0,0.9999999999999999,0.0,raw_source,raw_level
price_family_ma6_structural_linked,structural_ma6,queen_anne_s_county_md__county,median_sale_price,level,168,2012-01-31,2026-05-31,377931.2609126984,92174.64689158632,5397.66766467066,10141.666666666652,18833.333333333372,0.0,0.0,168.0,0.9999999999999999,0.0,structural_ma6,ma6_level
price_family_ma6_structural_linked,raw_source,radford_va__county,median_ppsf,level,132,2012-05-31,2026-05-31,116.17058162108333,33.930149391509296,3.036556652611961,7.221666666666664,12.480714843499996,0.0,0.0,132.0,1.0,0.0,raw_source,raw_level
price_family_ma6_structural_linked,structural_ma6,radford_va__county,median_ppsf,level,132,2012-05-31,2026-05-31,116.17058162108333,33.930149391509296,3.036556652611961,7.221666666666664,12.480714843499996,0.0,0.0,132.0,1.0,0.0,structural_ma6,ma6_level
price_family_ma6_structural_linked,raw_source,radford_va__county,median_sale_price,level,132,2012-05-31,2026-05-31,191640.22474747477,58696.02287220856,7466.3893129770995,14255.166666666672,38583.33333333333,0.0,0.0,132.0,1.0,0.0,raw_source,raw_level
price_family_ma6_structural_linked,structural_ma6,radford_va__county,median_sale_price,level,132,2012-05-31,2026-05-31,191640.22474747477,58696.02287220856,7466.3893129770995,14255.166666666672,38583.33333333333,0.0,0.0,132.0,1.0,0.0,structural_ma6,ma6_level
price_family_ma6_structural_linked,raw_source,rappahannock_county_va__county,median_ppsf,level,168,2012-01-31,2026-05-31,217.94040227265478,53.922562442821395,8.789578802583833,17.249825627666645,53.29666666666668,0.0,0.0,168.0,1.0,0.0,raw_source,raw_level
price_family_ma6_structural_linked,structural_ma6,rappahannock_county_va__county,median_ppsf,level,168,2012-01-31,2026-05-31,217.94040227265478,53.922562442821395,8.789578802583833,17.249825627666645,53.29666666666668,0.0,0.0,168.0,1.0,0.0,structural_ma6,ma6_level
price_family_ma6_structural_linked,raw_source,rappahannock_county_va__county,median_sale_price,level,168,2012-01-31,2026-05-31,455238.57936507935,115862.86762441776,24691.58682634731,55521.66666666667,95416.66666666674,0.0,0.0,168.0,1.0,0.0,raw_source,raw_level
price_family_ma6_structural_linked,structural_ma6,rappahannock_county_va__county,median_sale_price,level,168,2012-01-31,2026-05-31,455238.57936507935,115862.86762441776,24691.58682634731,55521.66666666667,95416.66666666674,0.0,0.0,168.0,1.0,0.0,structural_ma6,ma6_level
price_family_ma6_structural_linked,raw_source,red_bluff_ca_metro_area__cbsa_metro,median_ppsf,level,166,2012-01-31,2026-03-31,165.7641177669498,51.21177730708465,1.9617767253626253,4.095304582266668,9.024212595666654,0.0,0.0,166.0,1.0,0.0,raw_source,raw_level
price_family_ma6_structural_linked,structural_ma6,red_bluff_ca_metro_area__cbsa_metro,median_ppsf,level,166,2012-01-31,2026-03-31,165.7641177669498,51.21177730708465,1.9617767253626253,4.095304582266668,9.024212595666654,0.0,0.0,166.0,1.0,0.0,structural_ma6,ma6_level
price_family_ma6_structural_linked,raw_source,red_bluff_ca_metro_area__cbsa_metro,median_sale_price,level,166,2012-01-31,2026-03-31,248645.98594377507,76608.99753109504,4103.046464646463,8488.33333333333,15000.0,0.0,0.0,166.0,1.0,0.0,raw_source,raw_level
price_family_ma6_structural_linked,structural_ma6,red_bluff_ca_metro_area__cbsa_metro,median_sale_price,level,166,2012-01-31,2026-03-31,248645.98594377507,76608.99753109504,4103.046464646463,8488.33333333333,15000.0,0.0,0.0,166.0,1.0,0.0,structural_ma6,ma6_level
price_family_ma6_structural_linked,raw_source,redding_ca_metro_area__cbsa_metro,median_ppsf,level,166,2012-01-31,2026-03-31,180.82291306555723,50.94008858039482,2.0902754620757587,5.029591375633331,14.110786014833309,0.0,0.0,166.0,1.0,0.0,raw_source,raw_level
price_family_ma6_structural_linked,structural_ma6,redding_ca_metro_area__cbsa_metro,median_ppsf,level,166,2012-01-31,2026-03-31,180.82291306555723,50.94008858039482,2.0902754620757587,5.029591375633331,14.110786014833309,0.0,0.0,166.0,1.0,0.0,structural_ma6,ma6_level
price_family_ma6_structural_linked,raw_source,redding_ca_metro_area__cbsa_metro,median_sale_price,level,166,2012-01-31,2026-03-31,285908.5050200803,72343.04945170108,5265.013131313131,12881.366666666654,40333.33333333334,0.0,0.0,166.0,0.9999999999999998,0.0,raw_source,raw_level
price_family_ma6_structural_linked,structural_ma6,redding_ca_metro_area__cbsa_metro,median_sale_price,level,166,2012-01-31,2026-03-31,285908.5050200803,72343.04945170108,5265.013131313131,12881.366666666654,40333.33333333334,0.0,0.0,166.0,0.9999999999999998,0.0,structural_ma6,ma6_level
price_family_ma6_structural_linked,raw_source,richmond_city_county_va__county,median_ppsf,level,168,2012-01-31,2026-05-31,170.3956584569653,49.874223407481445,2.820056612329341,5.1722044369999995,6.9272074919999795,0.0,0.0,168.0,0.9999999999999999,0.0,raw_source,raw_level
price_family_ma6_structural_linked,structural_ma6,richmond_city_county_va__county,median_ppsf,level,168,2012-01-31,2026-05-31,170.3956584569653,49.874223407481445,2.820056612329341,5.1722044369999995,6.9272074919999795,0.0,0.0,168.0,0.9999999999999999,0.0,structural_ma6,ma6_level
price_family_ma6_structural_linked,raw_source,richmond_city_county_va__county,median_sale_price,level,168,2012-01-31,2026-05-31,271948.9801587301,78002.25485225857,5169.880239520958,9816.666666666684,15632.5,0.0,0.0,168.0,0.9999999999999998,0.0,raw_source,raw_level
price_family_ma6_structural_linked,structural_ma6,richmond_city_county_va__county,median_sale_price,level,168,2012-01-31,2026-05-31,271948.9801587301,78002.25485225857,5169.880239520958,9816.666666666684,15632.5,0.0,0.0,168.0,0.9999999999999998,0.0,structural_ma6,ma6_level
price_family_ma6_structural_linked,raw_source,richmond_va_metro_area__cbsa_metro,median_ppsf,level,168,2012-01-31,2026-05-31,149.72555555555556,40.66448688272551,0.7744111776447105,1.6133333333333553,2.9300000000000352,0.0,0.0,168.0,1.0,0.0,raw_source,raw_level
price_family_ma6_structural_linked,structural_ma6,richmond_va_metro_area__cbsa_metro,median_ppsf,level,168,2012-01-31,2026-05-31,149.72555555555556,40.66448688272551,0.7744111776447105,1.6133333333333553,2.9300000000000352,0.0,0.0,168.0,1.0,0.0,structural_ma6,ma6_level
price_family_ma6_structural_linked,raw_source,richmond_va_metro_area__cbsa_metro,median_sale_price,level,168,2012-01-31,2026-05-31,279013.39087301586,73697.63955223974,2707.87125748503,5323.333333333344,8333.333333333314,0.0,0.0,168.0,1.0,0.0,raw_source,raw_level
price_family_ma6_structural_linked,structural_ma6,richmond_va_metro_area__cbsa_metro,median_sale_price,level,168,2012-01-31,2026-05-31,279013.39087301586,73697.63955223974,2707.87125748503,5323.333333333344,8333.333333333314,0.0,0.0,168.0,1.0,0.0,structural_ma6,ma6_level
price_family_ma6_structural_linked,raw_source,riverside_ca_metro_area__cbsa_metro,median_ppsf,level,168,2012-01-31,2026-05-31,224.2978373015873,73.51721941525597,1.6304990019960075,4.01833333333334,6.074999999999989,0.0,0.0,168.0,1.0,0.0,raw_source,raw_level
price_family_ma6_structural_linked,structural_ma6,riverside_ca_metro_area__cbsa_metro,median_ppsf,level,168,2012-01-31,2026-05-31,224.2978373015873,73.51721941525597,1.6304990019960075,4.01833333333334,6.074999999999989,0.0,0.0,168.0,1.0,0.0,structural_ma6,ma6_level
price_family_ma6_structural_linked,raw_source,riverside_ca_metro_area__cbsa_metro,median_sale_price,level,168,2012-01-31,2026-05-31,399031.83928571426,130059.39497931278,3093.5558882235523,6466.666666666659,12000.0,0.0,0.0,168.0,1.0,0.0,raw_source,raw_level
price_family_ma6_structural_linked,structural_ma6,riverside_ca_metro_area__cbsa_metro,median_sale_price,level,168,2012-01-31,2026-05-31,399031.83928571426,130059.39497931278,3093.5558882235523,6466.666666666659,12000.0,0.0,0.0,168.0,1.0,0.0,structural_ma6,ma6_level
price_family_ma6_structural_linked,raw_source,riverside_county_ca__county,median_ppsf,level,167,2012-02-29,2026-05-31,223.3546576114471,71.42614123854477,1.6987953298664662,3.9318135653333215,6.356666666666683,0.0,0.0,167.0,1.0,0.0,raw_source,raw_level
price_family_ma6_structural_linked,structural_ma6,riverside_county_ca__county,median_ppsf,level,167,2012-02-29,2026-05-31,223.3546576114471,71.42614123854477,1.6987953298664662,3.9318135653333215,6.356666666666683,0.0,0.0,167.0,1.0,0.0,structural_ma6,ma6_level
price_family_ma6_structural_linked,raw_source,riverside_county_ca__county,median_sale_price,level,167,2012-02-29,2026-05-31,422847.7874251497,132759.23929323754,3199.437751004016,6833.333333333372,12500.0,0.0,0.0,167.0,1.0,0.0,raw_source,raw_level
price_family_ma6_structural_linked,structural_ma6,riverside_county_ca__county,median_sale_price,level,167,2012-02-29,2026-05-31,422847.7874251497,132759.23929323754,3199.437751004016,6833.333333333372,12500.0,0.0,0.0,167.0,1.0,0.0,structural_ma6,ma6_level
price_family_ma6_structural_linked,raw_source,roanoke_city_county_va__county,median_ppsf,level,168,2012-01-31,2026-05-31,88.60681622282043,26.648886670469874,1.400468536207585,2.719367698399995,5.269999999999982,0.0,0.0,168.0,1.0,0.0,raw_source,raw_level
price_family_ma6_structural_linked,structural_ma6,roanoke_city_county_va__county,median_ppsf,level,168,2012-01-31,2026-05-31,88.60681622282043,26.648886670469874,1.400468536207585,2.719367698399995,5.269999999999982,0.0,0.0,168.0,1.0,0.0,structural_ma6,ma6_level
price_family_ma6_structural_linked,raw_source,roanoke_city_county_va__county,median_sale_price,level,168,2012-01-31,2026-05-31,155443.78174603175,44960.82773927747,2714.8383233532927,5166.666666666669,10583.333333333343,0.0,0.0,168.0,1.0,0.0,raw_source,raw_level
price_family_ma6_structural_linked,structural_ma6,roanoke_city_county_va__county,median_sale_price,level,168,2012-01-31,2026-05-31,155443.78174603175,44960.82773927747,2714.8383233532927,5166.666666666669,10583.333333333343,0.0,0.0,168.0,1.0,0.0,structural_ma6,ma6_level
price_family_ma6_structural_linked,raw_source,roanoke_county_va__county,median_ppsf,level,168,2012-01-31,2026-05-31,105.94391756831547,28.975804043076852,1.131352946154691,2.362333333333339,3.3533333333333246,0.0,0.0,168.0,1.0,0.0,raw_source,raw_level
price_family_ma6_structural_linked,structural_ma6,roanoke_county_va__county,median_ppsf,level,168,2012-01-31,2026-05-31,105.94391756831547,28.975804043076852,1.131352946154691,2.362333333333339,3.3533333333333246,0.0,0.0,168.0,1.0,0.0,structural_ma6,ma6_level
price_family_ma6_structural_linked,raw_source,roanoke_county_va__county,median_sale_price,level,168,2012-01-31,2026-05-31,222626.23015873015,69859.10702447646,3095.422155688622,6490.899999999989,11250.0,0.0,0.0,168.0,1.0,0.0,raw_source,raw_level
price_family_ma6_structural_linked,structural_ma6,roanoke_county_va__county,median_sale_price,level,168,2012-01-31,2026-05-31,222626.23015873015,69859.10702447646,3095.422155688622,6490.899999999989,11250.0,0.0,0.0,168.0,1.0,0.0,structural_ma6,ma6_level
price_family_ma6_structural_linked,raw_source,roanoke_va_metro_area__cbsa_metro,median_ppsf,level,166,2012-01-31,2026-03-31,104.31299934846687,27.0381340120953,1.0000144189919191,2.246098323799998,3.6158111990000066,0.0,0.0,166.0,1.0,0.0,raw_source,raw_level
price_family_ma6_structural_linked,structural_ma6,roanoke_va_metro_area__cbsa_metro,median_ppsf,level,166,2012-01-31,2026-03-31,104.31299934846687,27.0381340120953,1.0000144189919191,2.246098323799998,3.6158111990000066,0.0,0.0,166.0,1.0,0.0,structural_ma6,ma6_level
price_family_ma6_structural_linked,raw_source,roanoke_va_metro_area__cbsa_metro,median_sale_price,level,166,2012-01-31,2026-03-31,210195.79618473895,54755.879003295384,2726.4156565656576,5466.666666666662,8775.0,0.0,0.0,166.0,0.9999999999999999,0.0,raw_source,raw_level
price_family_ma6_structural_linked,structural_ma6,roanoke_va_metro_area__cbsa_metro,median_sale_price,level,166,2012-01-31,2026-03-31,210195.79618473895,54755.879003295384,2726.4156565656576,5466.666666666662,8775.0,0.0,0.0,166.0,0.9999999999999999,0.0,structural_ma6,ma6_level
price_family_ma6_structural_linked,raw_source,rockingham_county_va__county,median_ppsf,level,168,2012-01-31,2026-05-31,142.8751609394137,38.97849478379792,1.1423280015309396,2.6504247792666606,4.224999999999994,0.0,0.0,168.0,0.9999999999999998,0.0,raw_source,raw_level
price_family_ma6_structural_linked,structural_ma6,rockingham_county_va__county,median_ppsf,level,168,2012-01-31,2026-05-31,142.8751609394137,38.97849478379792,1.1423280015309396,2.6504247792666606,4.224999999999994,0.0,0.0,168.0,0.9999999999999998,0.0,structural_ma6,ma6_level
price_family_ma6_structural_linked,raw_source,rockingham_county_va__county,median_sale_price,level,168,2012-01-31,2026-05-31,248161.38095238095,66000.15753865639,2852.8812375249504,6453.333333333349,13178.333333333372,0.0,0.0,168.0,0.9999999999999998,0.0,raw_source,raw_level
price_family_ma6_structural_linked,structural_ma6,rockingham_county_va__county,median_sale_price,level,168,2012-01-31,2026-05-31,248161.38095238095,66000.15753865639,2852.8812375249504,6453.333333333349,13178.333333333372,0.0,0.0,168.0,0.9999999999999998,0.0,structural_ma6,ma6_level
price_family_ma6_structural_linked,raw_source,sacramento_ca_metro_area__cbsa_metro,median_ppsf,level,168,2012-01-31,2026-05-31,247.69953373015875,72.6548601099907,1.7943512974051905,4.056333333333345,5.904999999999973,0.0,0.0,168.0,0.9999999999999998,0.0,raw_source,raw_level
price_family_ma6_structural_linked,structural_ma6,sacramento_ca_metro_area__cbsa_metro,median_ppsf,level,168,2012-01-31,2026-05-31,247.69953373015875,72.6548601099907,1.7943512974051905,4.056333333333345,5.904999999999973,0.0,0.0,168.0,0.9999999999999998,0.0,structural_ma6,ma6_level
price_family_ma6_structural_linked,raw_source,sacramento_ca_metro_area__cbsa_metro,median_sale_price,level,168,2012-01-31,2026-05-31,424831.4057539683,124940.2062410448,4113.1726546906175,8591.666666666628,15000.0,0.0,0.0,168.0,1.0,0.0,raw_source,raw_level
price_family_ma6_structural_linked,structural_ma6,sacramento_ca_metro_area__cbsa_metro,median_sale_price,level,168,2012-01-31,2026-05-31,424831.4057539683,124940.2062410448,4113.1726546906175,8591.666666666628,15000.0,0.0,0.0,168.0,1.0,0.0,structural_ma6,ma6_level
price_family_ma6_structural_linked,raw_source,sacramento_county_ca__county,median_ppsf,level,168,2012-01-31,2026-05-31,238.94420398583333,74.04524322935933,2.1282125605528925,4.546666666666704,7.776666666666699,0.0,0.0,168.0,1.0,0.0,raw_source,raw_level
price_family_ma6_structural_linked,structural_ma6,sacramento_county_ca__county,median_ppsf,level,168,2012-01-31,2026-05-31,238.94420398583333,74.04524322935933,2.1282125605528925,4.546666666666704,7.776666666666699,0.0,0.0,168.0,1.0,0.0,structural_ma6,ma6_level
price_family_ma6_structural_linked,raw_source,sacramento_county_ca__county,median_sale_price,level,168,2012-01-31,2026-05-31,380720.2192460318,118598.39294335975,3488.5628742514937,7641.666666666674,12250.0,0.0,0.0,168.0,1.0,0.0,raw_source,raw_level
price_family_ma6_structural_linked,structural_ma6,sacramento_county_ca__county,median_sale_price,level,168,2012-01-31,2026-05-31,380720.2192460318,118598.39294335975,3488.5628742514937,7641.666666666674,12250.0,0.0,0.0,168.0,1.0,0.0,structural_ma6,ma6_level
price_family_ma6_structural_linked,raw_source,salem_va__county,median_ppsf,level,168,2012-01-31,2026-05-31,106.61772958294742,26.474049626070244,1.8052639793443122,3.721666666666684,6.76666666666668,0.0,0.0,168.0,0.9999999999999999,0.0,raw_source,raw_level
price_family_ma6_structural_linked,structural_ma6,salem_va__county,median_ppsf,level,168,2012-01-31,2026-05-31,106.61772958294742,26.474049626070244,1.8052639793443122,3.721666666666684,6.76666666666668,0.0,0.0,168.0,0.9999999999999999,0.0,structural_ma6,ma6_level
price_family_ma6_structural_linked,raw_source,salem_va__county,median_sale_price,level,168,2012-01-31,2026-05-31,200126.53869047618,52048.76709365667,4114.525948103791,9350.000000000002,15245.833333333343,0.0,0.0,168.0,0.9999999999999999,0.0,raw_source,raw_level
price_family_ma6_structural_linked,structural_ma6,salem_va__county,median_sale_price,level,168,2012-01-31,2026-05-31,200126.53869047618,52048.76709365667,4114.525948103791,9350.000000000002,15245.833333333343,0.0,0.0,168.0,0.9999999999999999,0.0,structural_ma6,ma6_level
price_family_ma6_structural_linked,raw_source,salinas_ca_metro_area__cbsa_metro,median_ppsf,level,166,2012-01-31,2026-03-31,405.895618473244,127.3137620329929,4.493094838559598,8.807980285866664,18.035331817000042,0.0,0.0,166.0,1.0,0.0,raw_source,raw_level
price_family_ma6_structural_linked,structural_ma6,salinas_ca_metro_area__cbsa_metro,median_ppsf,level,166,2012-01-31,2026-03-31,405.895618473244,127.3137620329929,4.493094838559598,8.807980285866664,18.035331817000042,0.0,0.0,166.0,1.0,0.0,structural_ma6,ma6_level
price_family_ma6_structural_linked,raw_source,salinas_ca_metro_area__cbsa_metro,median_sale_price,level,166,2012-01-31,2026-03-31,632772.3202811246,196737.5183221193,7580.463636363639,15733.333333333288,37500.0,0.0,0.0,166.0,1.0,0.0,raw_source,raw_level
price_family_ma6_structural_linked,structural_ma6,salinas_ca_metro_area__cbsa_metro,median_sale_price,level,166,2012-01-31,2026-03-31,632772.3202811246,196737.5183221193,7580.463636363639,15733.333333333288,37500.0,0.0,0.0,166.0,1.0,0.0,structural_ma6,ma6_level
price_family_ma6_structural_linked,raw_source,san_benito_county_ca__county,median_ppsf,level,168,2012-01-31,2026-05-31,313.4070090685268,80.47797633276056,3.345304352672651,6.994333333333351,12.734999999999957,0.0,0.0,168.0,1.0,0.0,raw_source,raw_level
price_family_ma6_structural_linked,structural_ma6,san_benito_county_ca__county,median_ppsf,level,168,2012-01-31,2026-05-31,313.4070090685268,80.47797633276056,3.345304352672651,6.994333333333351,12.734999999999957,0.0,0.0,168.0,1.0,0.0,structural_ma6,ma6_level
price_family_ma6_structural_linked,raw_source,san_benito_county_ca__county,median_sale_price,level,168,2012-01-31,2026-05-31,593014.0714285715,162336.98025780768,6314.13273453094,13333.333333333256,22933.333333333372,0.0,0.0,168.0,1.0,0.0,raw_source,raw_level
price_family_ma6_structural_linked,structural_ma6,san_benito_county_ca__county,median_sale_price,level,168,2012-01-31,2026-05-31,593014.0714285715,162336.98025780768,6314.13273453094,13333.333333333256,22933.333333333372,0.0,0.0,168.0,1.0,0.0,structural_ma6,ma6_level
price_family_ma6_structural_linked,raw_source,san_bernardino_county_ca__county,median_ppsf,level,167,2012-02-29,2026-05-31,228.724523921003,76.19218995758679,1.9015994152499989,4.201666666666668,7.008333333333326,0.0,0.0,167.0,1.0,0.0,raw_source,raw_level
price_family_ma6_structural_linked,structural_ma6,san_bernardino_county_ca__county,median_ppsf,level,167,2012-02-29,2026-05-31,228.724523921003,76.19218995758679,1.9015994152499989,4.201666666666668,7.008333333333326,0.0,0.0,167.0,1.0,0.0,structural_ma6,ma6_level
price_family_ma6_structural_linked,raw_source,san_bernardino_county_ca__county,median_sale_price,level,167,2012-02-29,2026-05-31,363651.2385229541,122626.19157550891,2943.115461847392,6354.833333333314,10500.0,0.0,0.0,167.0,0.9999999999999999,0.0,raw_source,raw_level
price_family_ma6_structural_linked,structural_ma6,san_bernardino_county_ca__county,median_sale_price,level,167,2012-02-29,2026-05-31,363651.2385229541,122626.19157550891,2943.115461847392,6354.833333333314,10500.0,0.0,0.0,167.0,0.9999999999999999,0.0,structural_ma6,ma6_level
price_family_ma6_structural_linked,raw_source,san_diego_ca_metro_area__cbsa_metro,median_ppsf,level,168,2012-01-31,2026-05-31,404.61875,127.0170923036886,3.105359281437129,7.40066666666668,13.370000000000118,0.0,0.0,168.0,0.9999999999999999,0.0,raw_source,raw_level
price_family_ma6_structural_linked,structural_ma6,san_diego_ca_metro_area__cbsa_metro,median_ppsf,level,168,2012-01-31,2026-05-31,404.61875,127.0170923036886,3.105359281437129,7.40066666666668,13.370000000000118,0.0,0.0,168.0,0.9999999999999999,0.0,structural_ma6,ma6_level
price_family_ma6_structural_linked,raw_source,san_diego_ca_metro_area__cbsa_metro,median_sale_price,level,168,2012-01-31,2026-05-31,627352.1378968254,185123.79086539347,5492.492015968059,11566.666666666652,19166.666666666628,0.0,0.0,168.0,0.9999999999999999,0.0,raw_source,raw_level
price_family_ma6_structural_linked,structural_ma6,san_diego_ca_metro_area__cbsa_metro,median_sale_price,level,168,2012-01-31,2026-05-31,627352.1378968254,185123.79086539347,5492.492015968059,11566.666666666652,19166.666666666628,0.0,0.0,168.0,0.9999999999999999,0.0,structural_ma6,ma6_level
price_family_ma6_structural_linked,raw_source,san_diego_county_ca__county,median_ppsf,level,168,2012-01-31,2026-05-31,404.57997966900393,126.96678026572619,3.5075474237125754,8.35400000000009,15.681666666666729,0.0,0.0,168.0,1.0,0.0,raw_source,raw_level
price_family_ma6_structural_linked,structural_ma6,san_diego_county_ca__county,median_ppsf,level,168,2012-01-31,2026-05-31,404.57997966900393,126.96678026572619,3.5075474237125754,8.35400000000009,15.681666666666729,0.0,0.0,168.0,1.0,0.0,structural_ma6,ma6_level
price_family_ma6_structural_linked,raw_source,san_diego_county_ca__county,median_sale_price,level,168,2012-01-31,2026-05-31,627320.8878968254,185153.3564466767,5492.0703592814325,11566.666666666652,19166.666666666628,0.0,0.0,168.0,1.0,0.0,raw_source,raw_level
price_family_ma6_structural_linked,structural_ma6,san_diego_county_ca__county,median_sale_price,level,168,2012-01-31,2026-05-31,627320.8878968254,185153.3564466767,5492.0703592814325,11566.666666666652,19166.666666666628,0.0,0.0,168.0,1.0,0.0,structural_ma6,ma6_level
price_family_ma6_structural_linked,raw_source,san_francisco_ca_metro_area__cbsa_metro,median_ppsf,level,168,2012-01-31,2026-05-31,866.7818253968255,166.74970652404818,5.862165668662673,12.39566666666674,18.901666666666642,0.0,0.0,168.0,1.0,0.0,raw_source,raw_level
price_family_ma6_structural_linked,structural_ma6,san_francisco_ca_metro_area__cbsa_metro,median_ppsf,level,168,2012-01-31,2026-05-31,866.7818253968255,166.74970652404818,5.862165668662673,12.39566666666674,18.901666666666642,0.0,0.0,168.0,1.0,0.0,structural_ma6,ma6_level
price_family_ma6_structural_linked,raw_source,san_francisco_ca_metro_area__cbsa_metro,median_sale_price,level,168,2012-01-31,2026-05-31,1271628.701388889,258962.19494700528,15365.531936127745,30333.33333333335,46333.33333333349,0.0,0.0,168.0,0.9999999999999999,0.0,raw_source,raw_level
price_family_ma6_structural_linked,structural_ma6,san_francisco_ca_metro_area__cbsa_metro,median_sale_price,level,168,2012-01-31,2026-05-31,1271628.701388889,258962.19494700528,15365.531936127745,30333.33333333335,46333.33333333349,0.0,0.0,168.0,0.9999999999999999,0.0,structural_ma6,ma6_level
price_family_ma6_structural_linked,raw_source,san_francisco_county_ca__county,median_ppsf,level,168,2012-01-31,2026-05-31,925.4353954394683,137.31349623362215,9.64046344997804,19.325219786333403,28.652032157666667,0.0,0.0,168.0,1.0,0.0,raw_source,raw_level
price_family_ma6_structural_linked,structural_ma6,san_francisco_county_ca__county,median_ppsf,level,168,2012-01-31,2026-05-31,925.4353954394683,137.31349623362215,9.64046344997804,19.325219786333403,28.652032157666667,0.0,0.0,168.0,1.0,0.0,structural_ma6,ma6_level
price_family_ma6_structural_linked,raw_source,san_francisco_county_ca__county,median_sale_price,level,168,2012-01-31,2026-05-31,1268056.0674603176,212628.18749051844,14656.403193612772,30833.333333333303,48619.33333333349,0.0,0.0,168.0,1.0,0.0,raw_source,raw_level
price_family_ma6_structural_linked,structural_ma6,san_francisco_county_ca__county,median_sale_price,level,168,2012-01-31,2026-05-31,1268056.0674603176,212628.18749051844,14656.403193612772,30833.333333333303,48619.33333333349,0.0,0.0,168.0,1.0,0.0,structural_ma6,ma6_level
price_family_ma6_structural_linked,raw_source,san_joaquin_county_ca__county,median_ppsf,level,168,2012-01-31,2026-05-31,220.86484280039284,73.06275721435202,1.9952212910019984,3.7282097651000004,8.845000000000027,0.0,0.0,168.0,1.0,0.0,raw_source,raw_level
price_family_ma6_structural_linked,structural_ma6,san_joaquin_county_ca__county,median_ppsf,level,168,2012-01-31,2026-05-31,220.86484280039284,73.06275721435202,1.9952212910019984,3.7282097651000004,8.845000000000027,0.0,0.0,168.0,1.0,0.0,structural_ma6,ma6_level
price_family_ma6_structural_linked,raw_source,san_joaquin_county_ca__county,median_sale_price,level,168,2012-01-31,2026-05-31,383514.61805555556,125663.76204863792,3453.841317365269,7230.000000000013,13500.0,0.0,0.0,168.0,0.9999999999999999,0.0,raw_source,raw_level
price_family_ma6_structural_linked,structural_ma6,san_joaquin_county_ca__county,median_sale_price,level,168,2012-01-31,2026-05-31,383514.61805555556,125663.76204863792,3453.841317365269,7230.000000000013,13500.0,0.0,0.0,168.0,0.9999999999999999,0.0,structural_ma6,ma6_level
price_family_ma6_structural_linked,raw_source,san_jose_ca_metro_area__cbsa_metro,median_ppsf,level,168,2012-01-31,2026-05-31,687.7557043650793,187.94229844439178,5.928912175648699,11.979000000000088,20.639999999999873,0.0,0.0,168.0,0.9999999999999999,0.0,raw_source,raw_level
price_family_ma6_structural_linked,structural_ma6,san_jose_ca_metro_area__cbsa_metro,median_ppsf,level,168,2012-01-31,2026-05-31,687.7557043650793,187.94229844439178,5.928912175648699,11.979000000000088,20.639999999999873,0.0,0.0,168.0,0.9999999999999999,0.0,structural_ma6,ma6_level
price_family_ma6_structural_linked,raw_source,san_jose_ca_metro_area__cbsa_metro,median_sale_price,level,168,2012-01-31,2026-05-31,1113066.3174603176,326823.90282476816,15893.833333333341,32633.333333333354,44166.666666666744,0.0,0.0,168.0,0.9999999999999998,0.0,raw_source,raw_level
price_family_ma6_structural_linked,structural_ma6,san_jose_ca_metro_area__cbsa_metro,median_sale_price,level,168,2012-01-31,2026-05-31,1113066.3174603176,326823.90282476816,15893.833333333341,32633.333333333354,44166.666666666744,0.0,0.0,168.0,0.9999999999999998,0.0,structural_ma6,ma6_level
price_family_ma6_structural_linked,raw_source,san_luis_obispo_ca_metro_area__cbsa_metro,median_ppsf,level,166,2012-01-31,2026-03-31,378.29656800813353,103.3775186341951,2.8628461776454537,6.526339861300038,10.628031821499974,0.0,0.0,166.0,1.0,0.0,raw_source,raw_level
price_family_ma6_structural_linked,structural_ma6,san_luis_obispo_ca_metro_area__cbsa_metro,median_ppsf,level,166,2012-01-31,2026-03-31,378.29656800813353,103.3775186341951,2.8628461776454537,6.526339861300038,10.628031821499974,0.0,0.0,166.0,1.0,0.0,structural_ma6,ma6_level
price_family_ma6_structural_linked,raw_source,san_luis_obispo_ca_metro_area__cbsa_metro,median_sale_price,level,166,2012-01-31,2026-03-31,635705.9176706827,168081.0805162492,5762.626262626263,11466.666666666624,22375.0,0.0,0.0,166.0,0.9999999999999998,0.0,raw_source,raw_level
price_family_ma6_structural_linked,structural_ma6,san_luis_obispo_ca_metro_area__cbsa_metro,median_sale_price,level,166,2012-01-31,2026-03-31,635705.9176706827,168081.0805162492,5762.626262626263,11466.666666666624,22375.0,0.0,0.0,166.0,0.9999999999999998,0.0,structural_ma6,ma6_level
price_family_ma6_structural_linked,raw_source,san_luis_obispo_county_ca__county,median_ppsf,level,168,2012-01-31,2026-05-31,379.89785422038295,104.55460303526971,2.8635995040718525,6.471333333333327,10.628333333333217,0.0,0.0,168.0,0.9999999999999999,0.0,raw_source,raw_level
price_family_ma6_structural_linked,structural_ma6,san_luis_obispo_county_ca__county,median_ppsf,level,168,2012-01-31,2026-05-31,379.89785422038295,104.55460303526971,2.8635995040718525,6.471333333333327,10.628333333333217,0.0,0.0,168.0,0.9999999999999999,0.0,structural_ma6,ma6_level
price_family_ma6_structural_linked,raw_source,san_luis_obispo_county_ca__county,median_sale_price,level,168,2012-01-31,2026-05-31,638258.0595238095,170276.05861571492,5757.355289421159,11516.666666666664,22375.0,0.0,0.0,168.0,1.0,0.0,raw_source,raw_level
price_family_ma6_structural_linked,structural_ma6,san_luis_obispo_county_ca__county,median_sale_price,level,168,2012-01-31,2026-05-31,638258.0595238095,170276.05861571492,5757.355289421159,11516.666666666664,22375.0,0.0,0.0,168.0,1.0,0.0,structural_ma6,ma6_level
price_family_ma6_structural_linked,raw_source,san_mateo_county_ca__county,median_ppsf,level,168,2012-01-31,2026-05-31,827.4866114446626,185.4943487833801,9.48549497667765,18.314666666666678,33.72833333333324,0.0,0.0,168.0,1.0,0.0,raw_source,raw_level
price_family_ma6_structural_linked,structural_ma6,san_mateo_county_ca__county,median_ppsf,level,168,2012-01-31,2026-05-31,827.4866114446626,185.4943487833801,9.48549497667765,18.314666666666678,33.72833333333324,0.0,0.0,168.0,1.0,0.0,structural_ma6,ma6_level
price_family_ma6_structural_linked,raw_source,san_mateo_county_ca__county,median_sale_price,level,168,2012-01-31,2026-05-31,1279794.3988095238,323940.24429528986,18912.789421157686,37045.0333333334,56166.666666666744,0.0,0.0,168.0,1.0,0.0,raw_source,raw_level
price_family_ma6_structural_linked,structural_ma6,san_mateo_county_ca__county,median_sale_price,level,168,2012-01-31,2026-05-31,1279794.3988095238,323940.24429528986,18912.789421157686,37045.0333333334,56166.666666666744,0.0,0.0,168.0,1.0,0.0,structural_ma6,ma6_level
price_family_ma6_structural_linked,raw_source,san_rafael_ca_metro_area__cbsa_metro,median_ppsf,level,166,2012-01-31,2026-03-31,641.1620132673524,137.47270853252778,8.75396242424545,18.97114547159997,32.55622259716665,0.0,0.0,166.0,0.9999999999999998,0.0,raw_source,raw_level
price_family_ma6_structural_linked,structural_ma6,san_rafael_ca_metro_area__cbsa_metro,median_ppsf,level,166,2012-01-31,2026-03-31,641.1620132673524,137.47270853252778,8.75396242424545,18.97114547159997,32.55622259716665,0.0,0.0,166.0,0.9999999999999998,0.0,structural_ma6,ma6_level
price_family_ma6_structural_linked,raw_source,san_rafael_ca_metro_area__cbsa_metro,median_sale_price,level,166,2012-01-31,2026-03-31,1161383.1164658635,261665.4903618624,18412.442424242417,39666.66666666669,68333.33333333349,0.0,0.0,166.0,0.9999999999999999,0.0,raw_source,raw_level
price_family_ma6_structural_linked,structural_ma6,san_rafael_ca_metro_area__cbsa_metro,median_sale_price,level,166,2012-01-31,2026-03-31,1161383.1164658635,261665.4903618624,18412.442424242417,39666.66666666669,68333.33333333349,0.0,0.0,166.0,0.9999999999999999,0.0,structural_ma6,ma6_level
price_family_ma6_structural_linked,raw_source,santa_barbara_county_ca__county,median_ppsf,level,168,2012-01-31,2026-05-31,405.1633186386032,143.30295319343918,9.717766830471055,23.383481713066647,41.179999999999836,0.0,0.0,168.0,1.0,0.0,raw_source,raw_level
price_family_ma6_structural_linked,structural_ma6,santa_barbara_county_ca__county,median_ppsf,level,168,2012-01-31,2026-05-31,405.1633186386032,143.30295319343918,9.717766830471055,23.383481713066647,41.179999999999836,0.0,0.0,168.0,1.0,0.0,structural_ma6,ma6_level
price_family_ma6_structural_linked,raw_source,santa_barbara_county_ca__county,median_sale_price,level,168,2012-01-31,2026-05-31,679028.5744047619,206793.1162375169,12383.175648702596,29625.00000000001,80166.66666666663,0.0,0.0,168.0,0.9999999999999999,0.0,raw_source,raw_level
price_family_ma6_structural_linked,structural_ma6,santa_barbara_county_ca__county,median_sale_price,level,168,2012-01-31,2026-05-31,679028.5744047619,206793.1162375169,12383.175648702596,29625.00000000001,80166.66666666663,0.0,0.0,168.0,0.9999999999999999,0.0,structural_ma6,ma6_level
price_family_ma6_structural_linked,raw_source,santa_clara_county_ca__county,median_ppsf,level,168,2012-01-31,2026-05-31,701.7880147505476,192.0553705271461,8.774949964061879,16.924000000000103,24.434999999999945,0.0,0.0,168.0,0.9999999999999999,0.0,raw_source,raw_level
price_family_ma6_structural_linked,structural_ma6,santa_clara_county_ca__county,median_ppsf,level,168,2012-01-31,2026-05-31,701.7880147505476,192.0553705271461,8.774949964061879,16.924000000000103,24.434999999999945,0.0,0.0,168.0,0.9999999999999999,0.0,structural_ma6,ma6_level
price_family_ma6_structural_linked,raw_source,santa_clara_county_ca__county,median_sale_price,level,168,2012-01-31,2026-05-31,1140050.3273809524,335149.5506136562,15898.730538922156,31899.999999999953,48500.0,0.0,0.0,168.0,1.0,0.0,raw_source,raw_level
price_family_ma6_structural_linked,structural_ma6,santa_clara_county_ca__county,median_sale_price,level,168,2012-01-31,2026-05-31,1140050.3273809524,335149.5506136562,15898.730538922156,31899.999999999953,48500.0,0.0,0.0,168.0,1.0,0.0,structural_ma6,ma6_level
price_family_ma6_structural_linked,raw_source,santa_cruz_ca_metro_area__cbsa_metro,median_ppsf,level,166,2012-01-31,2026-03-31,544.9846369011185,142.9161197313839,6.199849621976767,12.966679033466697,24.90018517933322,0.0,0.0,166.0,1.0,0.0,raw_source,raw_level
price_family_ma6_structural_linked,structural_ma6,santa_cruz_ca_metro_area__cbsa_metro,median_ppsf,level,166,2012-01-31,2026-03-31,544.9846369011185,142.9161197313839,6.199849621976767,12.966679033466697,24.90018517933322,0.0,0.0,166.0,1.0,0.0,structural_ma6,ma6_level
price_family_ma6_structural_linked,raw_source,santa_cruz_ca_metro_area__cbsa_metro,median_sale_price,level,166,2012-01-31,2026-03-31,862457.219879518,233960.42209581804,12688.062626262623,28616.66666666655,60833.333333333256,0.0,0.0,166.0,1.0,0.0,raw_source,raw_level
price_family_ma6_structural_linked,structural_ma6,santa_cruz_ca_metro_area__cbsa_metro,median_sale_price,level,166,2012-01-31,2026-03-31,862457.219879518,233960.42209581804,12688.062626262623,28616.66666666655,60833.333333333256,0.0,0.0,166.0,1.0,0.0,structural_ma6,ma6_level
price_family_ma6_structural_linked,raw_source,santa_cruz_county_ca__county,median_ppsf,level,168,2012-01-31,2026-05-31,546.8497788057788,143.25191756780228,6.230533519298405,12.917333333333273,24.90000000000009,0.0,0.0,168.0,0.9999999999999998,0.0,raw_source,raw_level
price_family_ma6_structural_linked,structural_ma6,santa_cruz_county_ca__county,median_ppsf,level,168,2012-01-31,2026-05-31,546.8497788057788,143.25191756780228,6.230533519298405,12.917333333333273,24.90000000000009,0.0,0.0,168.0,0.9999999999999998,0.0,structural_ma6,ma6_level
price_family_ma6_structural_linked,raw_source,santa_cruz_county_ca__county,median_sale_price,level,168,2012-01-31,2026-05-31,866188.9365079366,234899.48690881496,12714.010978043907,28216.666666666515,60833.333333333256,0.0,0.0,168.0,1.0,0.0,raw_source,raw_level
price_family_ma6_structural_linked,structural_ma6,santa_cruz_county_ca__county,median_sale_price,level,168,2012-01-31,2026-05-31,866188.9365079366,234899.48690881496,12714.010978043907,28216.666666666515,60833.333333333256,0.0,0.0,168.0,1.0,0.0,structural_ma6,ma6_level
price_family_ma6_structural_linked,raw_source,santa_maria_ca_metro_area__cbsa_metro,median_ppsf,level,166,2012-01-31,2026-03-31,402.07951692774594,140.9234039932012,9.662340141663638,23.463168608933287,41.1801151686667,0.0,0.0,166.0,1.0,0.0,raw_source,raw_level
price_family_ma6_structural_linked,structural_ma6,santa_maria_ca_metro_area__cbsa_metro,median_ppsf,level,166,2012-01-31,2026-03-31,402.07951692774594,140.9234039932012,9.662340141663638,23.463168608933287,41.1801151686667,0.0,0.0,166.0,1.0,0.0,structural_ma6,ma6_level
price_family_ma6_structural_linked,raw_source,santa_maria_ca_metro_area__cbsa_metro,median_sale_price,level,166,2012-01-31,2026-03-31,674419.6184738956,203464.3904766984,12250.30404040404,28458.333333333343,80166.66666666663,0.0,0.0,166.0,1.0,0.0,raw_source,raw_level
price_family_ma6_structural_linked,structural_ma6,santa_maria_ca_metro_area__cbsa_metro,median_sale_price,level,166,2012-01-31,2026-03-31,674419.6184738956,203464.3904766984,12250.30404040404,28458.333333333343,80166.66666666663,0.0,0.0,166.0,1.0,0.0,structural_ma6,ma6_level
price_family_ma6_structural_linked,raw_source,santa_rosa_ca_metro_area__cbsa_metro,median_ppsf,level,166,2012-01-31,2026-03-31,390.5620529818032,88.16959770671842,3.3539512758292926,6.434511767933384,9.471876437166657,0.0,0.0,166.0,0.9999999999999999,0.0,raw_source,raw_level
price_family_ma6_structural_linked,structural_ma6,santa_rosa_ca_metro_area__cbsa_metro,median_ppsf,level,166,2012-01-31,2026-03-31,390.5620529818032,88.16959770671842,3.3539512758292926,6.434511767933384,9.471876437166657,0.0,0.0,166.0,0.9999999999999999,0.0,structural_ma6,ma6_level
price_family_ma6_structural_linked,raw_source,santa_rosa_ca_metro_area__cbsa_metro,median_sale_price,level,166,2012-01-31,2026-03-31,625512.6997991968,148479.33222156565,5552.270707070707,10283.999999999976,16666.666666666628,0.0,0.0,166.0,1.0,0.0,raw_source,raw_level
price_family_ma6_structural_linked,structural_ma6,santa_rosa_ca_metro_area__cbsa_metro,median_sale_price,level,166,2012-01-31,2026-03-31,625512.6997991968,148479.33222156565,5552.270707070707,10283.999999999976,16666.666666666628,0.0,0.0,166.0,1.0,0.0,structural_ma6,ma6_level
price_family_ma6_structural_linked,raw_source,shasta_county_ca__county,median_ppsf,level,168,2012-01-31,2026-05-31,181.6147476261786,51.137551631879404,2.091522096554891,4.932503334566675,14.13488472316665,0.0,0.0,168.0,1.0,0.0,raw_source,raw_level
price_family_ma6_structural_linked,structural_ma6,shasta_county_ca__county,median_ppsf,level,168,2012-01-31,2026-05-31,181.6147476261786,51.137551631879404,2.091522096554891,4.932503334566675,14.13488472316665,0.0,0.0,168.0,1.0,0.0,structural_ma6,ma6_level
price_family_ma6_structural_linked,raw_source,shasta_county_ca__county,median_sale_price,level,168,2012-01-31,2026-05-31,287112.84027777775,72709.54308719933,5220.472055888223,12338.716666666702,40333.33333333334,0.0,0.0,168.0,1.0,0.0,raw_source,raw_level
price_family_ma6_structural_linked,structural_ma6,shasta_county_ca__county,median_sale_price,level,168,2012-01-31,2026-05-31,287112.84027777775,72709.54308719933,5220.472055888223,12338.716666666702,40333.33333333334,0.0,0.0,168.0,1.0,0.0,structural_ma6,ma6_level
price_family_ma6_structural_linked,raw_source,solano_county_ca__county,median_ppsf,level,168,2012-01-31,2026-05-31,263.91472025846133,73.1688067163524,2.222780907939122,4.815986730266629,8.930000000000007,0.0,0.0,168.0,0.9999999999999998,0.0,raw_source,raw_level
price_family_ma6_structural_linked,structural_ma6,solano_county_ca__county,median_ppsf,level,168,2012-01-31,2026-05-31,263.91472025846133,73.1688067163524,2.222780907939122,4.815986730266629,8.930000000000007,0.0,0.0,168.0,0.9999999999999998,0.0,structural_ma6,ma6_level
price_family_ma6_structural_linked,raw_source,solano_county_ca__county,median_sale_price,level,168,2012-01-31,2026-05-31,440360.78571428574,123115.09114730258,3867.6526946107797,6713.333333333373,11666.666666666628,0.0,0.0,168.0,1.0,0.0,raw_source,raw_level
price_family_ma6_structural_linked,structural_ma6,solano_county_ca__county,median_sale_price,level,168,2012-01-31,2026-05-31,440360.78571428574,123115.09114730258,3867.6526946107797,6713.333333333373,11666.666666666628,0.0,0.0,168.0,1.0,0.0,structural_ma6,ma6_level
price_family_ma6_structural_linked,raw_source,somerset_county_nj__county,median_ppsf,level,168,2012-01-31,2026-05-31,244.05935874645735,55.279542547819716,2.347176305076845,4.518988741166669,6.738333333333287,0.0,0.0,168.0,0.9999999999999999,0.0,raw_source,raw_level
price_family_ma6_structural_linked,structural_ma6,somerset_county_nj__county,median_ppsf,level,168,2012-01-31,2026-05-31,244.05935874645735,55.279542547819716,2.347176305076845,4.518988741166669,6.738333333333287,0.0,0.0,168.0,0.9999999999999999,0.0,structural_ma6,ma6_level
price_family_ma6_structural_linked,raw_source,somerset_county_nj__county,median_sale_price,level,168,2012-01-31,2026-05-31,426618.94543650793,97201.67407543342,8126.753992015969,15833.333333333303,26749.833333333372,0.0,0.0,168.0,0.9999999999999999,0.0,raw_source,raw_level
price_family_ma6_structural_linked,structural_ma6,somerset_county_nj__county,median_sale_price,level,168,2012-01-31,2026-05-31,426618.94543650793,97201.67407543342,8126.753992015969,15833.333333333303,26749.833333333372,0.0,0.0,168.0,0.9999999999999999,0.0,structural_ma6,ma6_level
price_family_ma6_structural_linked,raw_source,sonoma_county_ca__county,median_ppsf,level,168,2012-01-31,2026-05-31,391.7439186744296,88.27599081594154,3.4069469378473043,6.453999999999939,9.473333333333358,0.0,0.0,168.0,1.0,0.0,raw_source,raw_level
price_family_ma6_structural_linked,structural_ma6,sonoma_county_ca__county,median_ppsf,level,168,2012-01-31,2026-05-31,391.7439186744296,88.27599081594154,3.4069469378473043,6.453999999999939,9.473333333333358,0.0,0.0,168.0,1.0,0.0,structural_ma6,ma6_level
price_family_ma6_structural_linked,raw_source,sonoma_county_ca__county,median_sale_price,level,168,2012-01-31,2026-05-31,627549.1904761905,148759.74943345404,5593.530938123753,10373.166666666744,16666.666666666686,0.0,0.0,168.0,1.0,0.0,raw_source,raw_level
price_family_ma6_structural_linked,structural_ma6,sonoma_county_ca__county,median_sale_price,level,168,2012-01-31,2026-05-31,627549.1904761905,148759.74943345404,5593.530938123753,10373.166666666744,16666.666666666686,0.0,0.0,168.0,1.0,0.0,structural_ma6,ma6_level
price_family_ma6_structural_linked,raw_source,sonora_ca_metro_area__cbsa_metro,median_ppsf,level,166,2012-01-31,2026-03-31,187.4152402465311,53.05546000622557,2.4209798513060603,4.997050098499983,10.177440081000015,0.0,0.0,166.0,1.0,0.0,raw_source,raw_level
price_family_ma6_structural_linked,structural_ma6,sonora_ca_metro_area__cbsa_metro,median_ppsf,level,166,2012-01-31,2026-03-31,187.4152402465311,53.05546000622557,2.4209798513060603,4.997050098499983,10.177440081000015,0.0,0.0,166.0,1.0,0.0,structural_ma6,ma6_level
price_family_ma6_structural_linked,raw_source,sonora_ca_metro_area__cbsa_metro,median_sale_price,level,166,2012-01-31,2026-03-31,298967.4658634538,85805.01271390554,4917.854545454544,10350.00000000002,23166.666666666686,0.0,0.0,166.0,1.0,0.0,raw_source,raw_level
price_family_ma6_structural_linked,structural_ma6,sonora_ca_metro_area__cbsa_metro,median_sale_price,level,166,2012-01-31,2026-03-31,298967.4658634538,85805.01271390554,4917.854545454544,10350.00000000002,23166.666666666686,0.0,0.0,166.0,1.0,0.0,structural_ma6,ma6_level
price_family_ma6_structural_linked,raw_source,southampton_county_va__county,median_ppsf,level,123,2014-02-28,2026-05-31,113.74726854153658,40.23416902928295,4.892252400233606,10.457138744750004,26.150000000000006,0.0,0.0,123.0,1.0,0.0,raw_source,raw_level
price_family_ma6_structural_linked,structural_ma6,southampton_county_va__county,median_ppsf,level,123,2014-02-28,2026-05-31,113.74726854153658,40.23416902928295,4.892252400233606,10.457138744750004,26.150000000000006,0.0,0.0,123.0,1.0,0.0,structural_ma6,ma6_level
price_family_ma6_structural_linked,raw_source,southampton_county_va__county,median_sale_price,level,123,2014-02-28,2026-05-31,205967.57317073172,70291.87410339322,12679.360655737704,30573.33333333335,47166.666666666686,0.0,0.0,123.0,1.0,0.0,raw_source,raw_level
price_family_ma6_structural_linked,structural_ma6,southampton_county_va__county,median_sale_price,level,123,2014-02-28,2026-05-31,205967.57317073172,70291.87410339322,12679.360655737704,30573.33333333335,47166.666666666686,0.0,0.0,123.0,1.0,0.0,structural_ma6,ma6_level
price_family_ma6_structural_linked,raw_source,spotsylvania_county_va__county,median_ppsf,level,168,2012-01-31,2026-05-31,152.02175420721528,36.559163439400365,1.0614827261297397,2.2080000000000046,3.908333333333303,0.0,0.0,168.0,1.0,0.0,raw_source,raw_level
price_family_ma6_structural_linked,structural_ma6,spotsylvania_county_va__county,median_ppsf,level,168,2012-01-31,2026-05-31,152.02175420721528,36.559163439400365,1.0614827261297397,2.2080000000000046,3.908333333333303,0.0,0.0,168.0,1.0,0.0,structural_ma6,ma6_level
price_family_ma6_structural_linked,raw_source,spotsylvania_county_va__county,median_sale_price,level,168,2012-01-31,2026-05-31,318016.90773809527,89632.57905796394,2921.7245508982014,6666.666666666628,12500.0,0.0,0.0,168.0,1.0,0.0,raw_source,raw_level
price_family_ma6_structural_linked,structural_ma6,spotsylvania_county_va__county,median_sale_price,level,168,2012-01-31,2026-05-31,318016.90773809527,89632.57905796394,2921.7245508982014,6666.666666666628,12500.0,0.0,0.0,168.0,1.0,0.0,structural_ma6,ma6_level
price_family_ma6_structural_linked,raw_source,st_mary_s_county_md__county,median_ppsf,level,168,2012-01-31,2026-05-31,150.21284594784922,26.8607641665785,1.0339006302245526,2.3170000000000193,4.185000000000031,0.0,0.0,168.0,0.9999999999999999,0.0,raw_source,raw_level
price_family_ma6_structural_linked,structural_ma6,st_mary_s_county_md__county,median_ppsf,level,168,2012-01-31,2026-05-31,150.21284594784922,26.8607641665785,1.0339006302245526,2.3170000000000193,4.185000000000031,0.0,0.0,168.0,0.9999999999999999,0.0,structural_ma6,ma6_level
price_family_ma6_structural_linked,raw_source,st_mary_s_county_md__county,median_sale_price,level,168,2012-01-31,2026-05-31,316866.2251984127,61329.563100540436,3786.781437125749,7126.366666666676,12083.333333333372,0.0,0.0,168.0,1.0,0.0,raw_source,raw_level
price_family_ma6_structural_linked,structural_ma6,st_mary_s_county_md__county,median_sale_price,level,168,2012-01-31,2026-05-31,316866.2251984127,61329.563100540436,3786.781437125749,7126.366666666676,12083.333333333372,0.0,0.0,168.0,1.0,0.0,structural_ma6,ma6_level
price_family_ma6_structural_linked,raw_source,stafford_county_va__county,median_ppsf,level,168,2012-01-31,2026-05-31,154.42623898327182,35.63494195002043,1.11948064744012,2.372333333333336,5.966666666666697,0.0,0.0,168.0,1.0,0.0,raw_source,raw_level
price_family_ma6_structural_linked,structural_ma6,stafford_county_va__county,median_ppsf,level,168,2012-01-31,2026-05-31,154.42623898327182,35.63494195002043,1.11948064744012,2.372333333333336,5.966666666666697,0.0,0.0,168.0,1.0,0.0,structural_ma6,ma6_level
price_family_ma6_structural_linked,raw_source,stafford_county_va__county,median_sale_price,level,168,2012-01-31,2026-05-31,384428.04662698414,94713.7717868594,3411.541916167666,7807.200000000001,11658.333333333372,0.0,0.0,168.0,1.0,0.0,raw_source,raw_level
price_family_ma6_structural_linked,structural_ma6,stafford_county_va__county,median_sale_price,level,168,2012-01-31,2026-05-31,384428.04662698414,94713.7717868594,3411.541916167666,7807.200000000001,11658.333333333372,0.0,0.0,168.0,1.0,0.0,structural_ma6,ma6_level
price_family_ma6_structural_linked,raw_source,stanislaus_county_ca__county,median_ppsf,level,155,2013-02-28,2026-05-31,216.95024682809787,62.19560694744059,1.685523159343073,3.550631934500004,6.031666666666666,0.0,0.0,155.0,0.9999999999999999,0.0,raw_source,raw_level
price_family_ma6_structural_linked,structural_ma6,stanislaus_county_ca__county,median_ppsf,level,155,2013-02-28,2026-05-31,216.95024682809787,62.19560694744059,1.685523159343073,3.550631934500004,6.031666666666666,0.0,0.0,155.0,0.9999999999999999,0.0,structural_ma6,ma6_level
price_family_ma6_structural_linked,raw_source,stanislaus_county_ca__county,median_sale_price,level,155,2013-02-28,2026-05-31,347813.75698924734,97184.37494433152,3168.456709956711,6301.450000000002,10000.0,0.0,0.0,155.0,1.0,0.0,raw_source,raw_level
price_family_ma6_structural_linked,structural_ma6,stanislaus_county_ca__county,median_sale_price,level,155,2013-02-28,2026-05-31,347813.75698924734,97184.37494433152,3168.456709956711,6301.450000000002,10000.0,0.0,0.0,155.0,1.0,0.0,structural_ma6,ma6_level
price_family_ma6_structural_linked,raw_source,staunton_va__county,median_ppsf,level,168,2012-01-31,2026-05-31,123.10971409058432,37.73270544451845,1.8317988180009983,3.526968747299998,6.012762004500004,0.0,0.0,168.0,1.0,0.0,raw_source,raw_level
price_family_ma6_structural_linked,structural_ma6,staunton_va__county,median_ppsf,level,168,2012-01-31,2026-05-31,123.10971409058432,37.73270544451845,1.8317988180009983,3.526968747299998,6.012762004500004,0.0,0.0,168.0,1.0,0.0,structural_ma6,ma6_level
price_family_ma6_structural_linked,raw_source,staunton_va__county,median_sale_price,level,168,2012-01-31,2026-05-31,189701.0248015873,55522.34686235584,3819.3522954091827,8261.666666666668,16249.99999999997,0.0,0.0,168.0,0.9999999999999999,0.0,raw_source,raw_level
price_family_ma6_structural_linked,structural_ma6,staunton_va__county,median_sale_price,level,168,2012-01-31,2026-05-31,189701.0248015873,55522.34686235584,3819.3522954091827,8261.666666666668,16249.99999999997,0.0,0.0,168.0,0.9999999999999999,0.0,structural_ma6,ma6_level
price_family_ma6_structural_linked,raw_source,staunton_va_metro_area__cbsa_metro,median_ppsf,level,166,2012-01-31,2026-03-31,131.13762329228516,36.10832036814126,1.1724874970767682,2.267414278766677,3.9638791540000113,0.0,0.0,166.0,1.0,0.0,raw_source,raw_level
price_family_ma6_structural_linked,structural_ma6,staunton_va_metro_area__cbsa_metro,median_ppsf,level,166,2012-01-31,2026-03-31,131.13762329228516,36.10832036814126,1.1724874970767682,2.267414278766677,3.9638791540000113,0.0,0.0,166.0,1.0,0.0,structural_ma6,ma6_level
price_family_ma6_structural_linked,raw_source,staunton_va_metro_area__cbsa_metro,median_sale_price,level,166,2012-01-31,2026-03-31,222213.10391566265,60577.68073402045,2958.649999999999,5933.333333333348,11666.666666666686,0.0,0.0,166.0,0.9999999999999999,0.0,raw_source,raw_level
price_family_ma6_structural_linked,structural_ma6,staunton_va_metro_area__cbsa_metro,median_sale_price,level,166,2012-01-31,2026-03-31,222213.10391566265,60577.68073402045,2958.649999999999,5933.333333333348,11666.666666666686,0.0,0.0,166.0,0.9999999999999999,0.0,structural_ma6,ma6_level
price_family_ma6_structural_linked,raw_source,stockton_ca_metro_area__cbsa_metro,median_ppsf,level,168,2012-01-31,2026-05-31,220.87196428571428,73.09498328281595,1.8089421157684626,3.9379999999999997,7.476666666666688,0.0,0.0,168.0,1.0,0.0,raw_source,raw_level
price_family_ma6_structural_linked,structural_ma6,stockton_ca_metro_area__cbsa_metro,median_ppsf,level,168,2012-01-31,2026-05-31,220.87196428571428,73.09498328281595,1.8089421157684626,3.9379999999999997,7.476666666666688,0.0,0.0,168.0,1.0,0.0,structural_ma6,ma6_level
price_family_ma6_structural_linked,raw_source,stockton_ca_metro_area__cbsa_metro,median_sale_price,level,168,2012-01-31,2026-05-31,383524.939484127,125646.83555122158,3453.5459081836334,7230.000000000013,13500.0,0.0,0.0,168.0,1.0,0.0,raw_source,raw_level
price_family_ma6_structural_linked,structural_ma6,stockton_ca_metro_area__cbsa_metro,median_sale_price,level,168,2012-01-31,2026-05-31,383524.939484127,125646.83555122158,3453.5459081836334,7230.000000000013,13500.0,0.0,0.0,168.0,1.0,0.0,structural_ma6,ma6_level
price_family_ma6_structural_linked,raw_source,suffolk_va__county,median_ppsf,level,143,2014-02-28,2026-05-31,147.3183727851923,33.09153985338446,0.9080511121291083,1.8628110181333413,3.228333333333296,0.0,0.0,143.0,1.0,0.0,raw_source,raw_level
price_family_ma6_structural_linked,structural_ma6,suffolk_va__county,median_ppsf,level,143,2014-02-28,2026-05-31,147.3183727851923,33.09153985338446,0.9080511121291083,1.8628110181333413,3.228333333333296,0.0,0.0,143.0,1.0,0.0,structural_ma6,ma6_level
price_family_ma6_structural_linked,raw_source,suffolk_va__county,median_sale_price,level,143,2014-02-28,2026-05-31,304188.68531468534,61865.604970553664,2735.501760563381,6158.333333333297,12556.666666666628,0.0,0.0,143.0,0.9999999999999999,0.0,raw_source,raw_level
price_family_ma6_structural_linked,structural_ma6,suffolk_va__county,median_sale_price,level,143,2014-02-28,2026-05-31,304188.68531468534,61865.604970553664,2735.501760563381,6158.333333333297,12556.666666666628,0.0,0.0,143.0,0.9999999999999999,0.0,structural_ma6,ma6_level
price_family_ma6_structural_linked,raw_source,susanville_ca_metro_area__cbsa_metro,median_ppsf,level,159,2012-04-30,2026-03-31,125.6527603708302,41.433490379042105,2.69176203074789,5.806657322349972,10.853963763666663,0.0,0.0,159.0,1.0,0.0,raw_source,raw_level
price_family_ma6_structural_linked,structural_ma6,susanville_ca_metro_area__cbsa_metro,median_ppsf,level,159,2012-04-30,2026-03-31,125.6527603708302,41.433490379042105,2.69176203074789,5.806657322349972,10.853963763666663,0.0,0.0,159.0,1.0,0.0,structural_ma6,ma6_level
price_family_ma6_structural_linked,raw_source,susanville_ca_metro_area__cbsa_metro,median_sale_price,level,159,2012-04-30,2026-03-31,183277.55765199164,55514.05528021446,5896.495780590718,12387.083333333343,17666.666666666686,0.0,0.0,159.0,1.0,0.0,raw_source,raw_level
price_family_ma6_structural_linked,structural_ma6,susanville_ca_metro_area__cbsa_metro,median_sale_price,level,159,2012-04-30,2026-03-31,183277.55765199164,55514.05528021446,5896.495780590718,12387.083333333343,17666.666666666686,0.0,0.0,159.0,1.0,0.0,structural_ma6,ma6_level
price_family_ma6_structural_linked,raw_source,sussex_county_nj__county,median_ppsf,level,128,2015-05-31,2026-05-31,184.9124666124271,56.23443073598831,2.246176006440944,4.361000000000007,7.5516666666666765,0.0,0.0,128.0,1.0,0.0,raw_source,raw_level
price_family_ma6_structural_linked,structural_ma6,sussex_county_nj__county,median_ppsf,level,128,2015-05-31,2026-05-31,184.9124666124271,56.23443073598831,2.246176006440944,4.361000000000007,7.5516666666666765,0.0,0.0,128.0,1.0,0.0,structural_ma6,ma6_level
price_family_ma6_structural_linked,raw_source,sussex_county_nj__county,median_sale_price,level,128,2015-05-31,2026-05-31,289991.5638020833,83516.4083050485,4135.662729658795,8350.000000000002,19083.333333333314,0.0,0.0,128.0,1.0,0.0,raw_source,raw_level
price_family_ma6_structural_linked,structural_ma6,sussex_county_nj__county,median_sale_price,level,128,2015-05-31,2026-05-31,289991.5638020833,83516.4083050485,4135.662729658795,8350.000000000002,19083.333333333314,0.0,0.0,128.0,1.0,0.0,structural_ma6,ma6_level
price_family_ma6_structural_linked,raw_source,sussex_county_va__county,median_ppsf,level,165,2012-01-31,2026-05-31,97.46915830864545,34.04620806359218,5.900986949288618,11.447443273116669,44.441051267999995,0.0,0.0,165.0,1.0,0.0,raw_source,raw_level
price_family_ma6_structural_linked,structural_ma6,sussex_county_va__county,median_ppsf,level,165,2012-01-31,2026-05-31,97.46915830864545,34.04620806359218,5.900986949288618,11.447443273116669,44.441051267999995,0.0,0.0,165.0,1.0,0.0,structural_ma6,ma6_level
price_family_ma6_structural_linked,raw_source,sussex_county_va__county,median_sale_price,level,165,2012-01-31,2026-05-31,154629.38484848486,50262.49406014769,11446.211890243903,20191.66666666667,113170.83333333333,0.0,0.0,165.0,1.0,0.0,raw_source,raw_level
price_family_ma6_structural_linked,structural_ma6,sussex_county_va__county,median_sale_price,level,165,2012-01-31,2026-05-31,154629.38484848486,50262.49406014769,11446.211890243903,20191.66666666667,113170.83333333333,0.0,0.0,165.0,1.0,0.0,structural_ma6,ma6_level
price_family_ma6_structural_linked,raw_source,sutter_county_ca__county,median_ppsf,level,168,2012-01-31,2026-05-31,183.95797813771924,59.153531792258335,1.73323666160479,3.5849999999999795,7.385000000000048,0.0,0.0,168.0,1.0,0.0,raw_source,raw_level
price_family_ma6_structural_linked,structural_ma6,sutter_county_ca__county,median_ppsf,level,168,2012-01-31,2026-05-31,183.95797813771924,59.153531792258335,1.73323666160479,3.5849999999999795,7.385000000000048,0.0,0.0,168.0,1.0,0.0,structural_ma6,ma6_level
price_family_ma6_structural_linked,raw_source,sutter_county_ca__county,median_sale_price,level,168,2012-01-31,2026-05-31,312361.4861111111,96918.53156692292,3387.479041916167,6666.666666666686,10833.333333333372,0.0,0.0,168.0,1.0,0.0,raw_source,raw_level
price_family_ma6_structural_linked,structural_ma6,sutter_county_ca__county,median_sale_price,level,168,2012-01-31,2026-05-31,312361.4861111111,96918.53156692292,3387.479041916167,6666.666666666686,10833.333333333372,0.0,0.0,168.0,1.0,0.0,structural_ma6,ma6_level
price_family_ma6_structural_linked,raw_source,talbot_county_md__county,median_ppsf,level,168,2012-01-31,2026-05-31,185.83891526040279,41.82267290127567,2.7061281951487026,5.885333333333325,10.930000000000035,0.0,0.0,168.0,1.0,0.0,raw_source,raw_level
price_family_ma6_structural_linked,structural_ma6,talbot_county_md__county,median_ppsf,level,168,2012-01-31,2026-05-31,185.83891526040279,41.82267290127567,2.7061281951487026,5.885333333333325,10.930000000000035,0.0,0.0,168.0,1.0,0.0,structural_ma6,ma6_level
price_family_ma6_structural_linked,raw_source,talbot_county_md__county,median_sale_price,level,168,2012-01-31,2026-05-31,373360.6746031746,84470.17038371619,9204.550898203595,19570.933333333327,38416.666666666686,0.0,0.0,168.0,1.0,0.0,raw_source,raw_level
price_family_ma6_structural_linked,structural_ma6,talbot_county_md__county,median_sale_price,level,168,2012-01-31,2026-05-31,373360.6746031746,84470.17038371619,9204.550898203595,19570.933333333327,38416.666666666686,0.0,0.0,168.0,1.0,0.0,structural_ma6,ma6_level
price_family_ma6_structural_linked,raw_source,tehama_county_ca__county,median_ppsf,level,168,2012-01-31,2026-05-31,166.72673316995932,51.008302585485815,1.9323283041796413,3.9840000000000204,9.024212595666654,0.0,0.0,168.0,0.9999999999999999,0.0,raw_source,raw_level
price_family_ma6_structural_linked,structural_ma6,tehama_county_ca__county,median_ppsf,level,168,2012-01-31,2026-05-31,166.72673316995932,51.008302585485815,1.9323283041796413,3.9840000000000204,9.024212595666654,0.0,0.0,168.0,0.9999999999999999,0.0,structural_ma6,ma6_level
price_family_ma6_structural_linked,raw_source,tehama_county_ca__county,median_sale_price,level,168,2012-01-31,2026-05-31,250357.8492063492,76273.39913357714,4118.169660678641,8366.666666666652,13666.666666666657,0.0,0.0,168.0,0.9999999999999998,0.0,raw_source,raw_level
price_family_ma6_structural_linked,structural_ma6,tehama_county_ca__county,median_sale_price,level,168,2012-01-31,2026-05-31,250357.8492063492,76273.39913357714,4118.169660678641,8366.666666666652,13666.666666666657,0.0,0.0,168.0,0.9999999999999998,0.0,structural_ma6,ma6_level
price_family_ma6_structural_linked,raw_source,trenton_nj_metro_area__cbsa_metro,median_ppsf,level,166,2012-01-31,2026-03-31,186.2405481632952,47.04991109206289,2.8737196057050514,5.344304225033334,8.566308243666697,0.0,0.0,166.0,1.0,0.0,raw_source,raw_level
price_family_ma6_structural_linked,structural_ma6,trenton_nj_metro_area__cbsa_metro,median_ppsf,level,166,2012-01-31,2026-03-31,186.2405481632952,47.04991109206289,2.8737196057050514,5.344304225033334,8.566308243666697,0.0,0.0,166.0,1.0,0.0,structural_ma6,ma6_level
price_family_ma6_structural_linked,raw_source,trenton_nj_metro_area__cbsa_metro,median_sale_price,level,166,2012-01-31,2026-03-31,290679.70983935747,76802.85615508612,6890.607575757577,13833.333333333308,19750.0,0.0,0.0,166.0,0.9999999999999998,0.0,raw_source,raw_level
price_family_ma6_structural_linked,structural_ma6,trenton_nj_metro_area__cbsa_metro,median_sale_price,level,166,2012-01-31,2026-03-31,290679.70983935747,76802.85615508612,6890.607575757577,13833.333333333308,19750.0,0.0,0.0,166.0,0.9999999999999998,0.0,structural_ma6,ma6_level
price_family_ma6_structural_linked,raw_source,truckee_ca_metro_area__cbsa_metro,median_ppsf,level,166,2012-01-31,2026-03-31,267.77553955458234,63.883710607589286,2.883703800469696,6.542649250633292,11.97991144416676,0.0,0.0,166.0,1.0,0.0,raw_source,raw_level
price_family_ma6_structural_linked,structural_ma6,truckee_ca_metro_area__cbsa_metro,median_ppsf,level,166,2012-01-31,2026-03-31,267.77553955458234,63.883710607589286,2.883703800469696,6.542649250633292,11.97991144416676,0.0,0.0,166.0,1.0,0.0,structural_ma6,ma6_level
price_family_ma6_structural_linked,raw_source,truckee_ca_metro_area__cbsa_metro,median_sale_price,level,166,2012-01-31,2026-03-31,486307.765060241,124160.00777602315,6951.4363636363605,15766.66666666672,23833.333333333372,0.0,0.0,166.0,0.9999999999999999,0.0,raw_source,raw_level
price_family_ma6_structural_linked,structural_ma6,truckee_ca_metro_area__cbsa_metro,median_sale_price,level,166,2012-01-31,2026-03-31,486307.765060241,124160.00777602315,6951.4363636363605,15766.66666666672,23833.333333333372,0.0,0.0,166.0,0.9999999999999999,0.0,structural_ma6,ma6_level
price_family_ma6_structural_linked,raw_source,tulare_county_ca__county,median_ppsf,level,168,2012-01-31,2026-05-31,160.9372965569643,50.65333260138938,1.151327736636727,2.5616666666666505,4.481666666666655,0.0,0.0,168.0,1.0,0.0,raw_source,raw_level
price_family_ma6_structural_linked,structural_ma6,tulare_county_ca__county,median_ppsf,level,168,2012-01-31,2026-05-31,160.9372965569643,50.65333260138938,1.151327736636727,2.5616666666666505,4.481666666666655,0.0,0.0,168.0,1.0,0.0,structural_ma6,ma6_level
price_family_ma6_structural_linked,raw_source,tulare_county_ca__county,median_sale_price,level,168,2012-01-31,2026-05-31,259365.63095238095,83261.9108662759,2394.2744510978064,5309.333333333339,10547.166666666686,0.0,0.0,168.0,1.0,0.0,raw_source,raw_level
price_family_ma6_structural_linked,structural_ma6,tulare_county_ca__county,median_sale_price,level,168,2012-01-31,2026-05-31,259365.63095238095,83261.9108662759,2394.2744510978064,5309.333333333339,10547.166666666686,0.0,0.0,168.0,1.0,0.0,structural_ma6,ma6_level
price_family_ma6_structural_linked,raw_source,tuolumne_county_ca__county,median_ppsf,level,168,2012-01-31,2026-05-31,187.9493657112113,53.10298522722842,2.300608715440121,4.8309999999999835,10.030676350000022,0.0,0.0,168.0,0.9999999999999999,0.0,raw_source,raw_level
price_family_ma6_structural_linked,structural_ma6,tuolumne_county_ca__county,median_ppsf,level,168,2012-01-31,2026-05-31,187.9493657112113,53.10298522722842,2.300608715440121,4.8309999999999835,10.030676350000022,0.0,0.0,168.0,0.9999999999999999,0.0,structural_ma6,ma6_level
price_family_ma6_structural_linked,raw_source,tuolumne_county_ca__county,median_sale_price,level,168,2012-01-31,2026-05-31,300065.4900793651,85359.88877001837,4844.419161676646,9970.0,16916.666666666657,0.0,0.0,168.0,1.0,0.0,raw_source,raw_level
price_family_ma6_structural_linked,structural_ma6,tuolumne_county_ca__county,median_sale_price,level,168,2012-01-31,2026-05-31,300065.4900793651,85359.88877001837,4844.419161676646,9970.0,16916.666666666657,0.0,0.0,168.0,1.0,0.0,structural_ma6,ma6_level
price_family_ma6_structural_linked,raw_source,ukiah_ca_metro_area__cbsa_metro,median_ppsf,level,166,2012-01-31,2026-03-31,272.31187941096886,63.620140241466885,3.6737289197171727,6.78707566939999,19.093119852833354,0.0,0.0,166.0,0.9999999999999999,0.0,raw_source,raw_level
price_family_ma6_structural_linked,structural_ma6,ukiah_ca_metro_area__cbsa_metro,median_ppsf,level,166,2012-01-31,2026-03-31,272.31187941096886,63.620140241466885,3.6737289197171727,6.78707566939999,19.093119852833354,0.0,0.0,166.0,0.9999999999999999,0.0,structural_ma6,ma6_level
price_family_ma6_structural_linked,raw_source,ukiah_ca_metro_area__cbsa_metro,median_sale_price,level,166,2012-01-31,2026-03-31,428818.89809236943,103302.10842132341,7075.901515151517,13849.999999999976,50583.333333333314,0.0,0.0,166.0,1.0,0.0,raw_source,raw_level
price_family_ma6_structural_linked,structural_ma6,ukiah_ca_metro_area__cbsa_metro,median_sale_price,level,166,2012-01-31,2026-03-31,428818.89809236943,103302.10842132341,7075.901515151517,13849.999999999976,50583.333333333314,0.0,0.0,166.0,1.0,0.0,structural_ma6,ma6_level
price_family_ma6_structural_linked,raw_source,union_county_nj__county,median_ppsf,level,128,2015-05-31,2026-05-31,281.9058459919518,79.17382895137894,3.790348431755908,7.538654698133331,12.07333333333338,0.0,0.0,128.0,1.0,0.0,raw_source,raw_level
price_family_ma6_structural_linked,structural_ma6,union_county_nj__county,median_ppsf,level,128,2015-05-31,2026-05-31,281.9058459919518,79.17382895137894,3.790348431755908,7.538654698133331,12.07333333333338,0.0,0.0,128.0,1.0,0.0,structural_ma6,ma6_level
price_family_ma6_structural_linked,raw_source,union_county_nj__county,median_sale_price,level,128,2015-05-31,2026-05-31,447252.5598958333,128788.392980192,6306.646981627298,12500.0,24583.333333333372,0.0,0.0,128.0,1.0,0.0,raw_source,raw_level
price_family_ma6_structural_linked,structural_ma6,union_county_nj__county,median_sale_price,level,128,2015-05-31,2026-05-31,447252.5598958333,128788.392980192,6306.646981627298,12500.0,24583.333333333372,0.0,0.0,128.0,1.0,0.0,structural_ma6,ma6_level
price_family_ma6_structural_linked,raw_source,vallejo_ca_metro_area__cbsa_metro,median_ppsf,level,166,2012-01-31,2026-03-31,262.9692567316014,73.20798824756757,2.2416925466484856,4.9139807804666855,8.930632486833304,0.0,0.0,166.0,1.0,0.0,raw_source,raw_level
price_family_ma6_structural_linked,structural_ma6,vallejo_ca_metro_area__cbsa_metro,median_ppsf,level,166,2012-01-31,2026-03-31,262.9692567316014,73.20798824756757,2.2416925466484856,4.9139807804666855,8.930632486833304,0.0,0.0,166.0,1.0,0.0,structural_ma6,ma6_level
price_family_ma6_structural_linked,raw_source,vallejo_ca_metro_area__cbsa_metro,median_sale_price,level,166,2012-01-31,2026-03-31,438774.9462851405,123318.75536483894,3882.950000000002,6799.999999999988,11666.666666666628,0.0,0.0,166.0,0.9999999999999999,0.0,raw_source,raw_level
price_family_ma6_structural_linked,structural_ma6,vallejo_ca_metro_area__cbsa_metro,median_sale_price,level,166,2012-01-31,2026-03-31,438774.9462851405,123318.75536483894,3882.950000000002,6799.999999999988,11666.666666666628,0.0,0.0,166.0,0.9999999999999999,0.0,structural_ma6,ma6_level
price_family_ma6_structural_linked,raw_source,ventura_county_ca__county,median_ppsf,level,168,2012-01-31,2026-05-31,377.9216707014325,94.38588929031292,2.713137703710579,6.000666666666667,8.71666666666664,0.0,0.0,168.0,1.0,0.0,raw_source,raw_level
price_family_ma6_structural_linked,structural_ma6,ventura_county_ca__county,median_ppsf,level,168,2012-01-31,2026-05-31,377.9216707014325,94.38588929031292,2.713137703710579,6.000666666666667,8.71666666666664,0.0,0.0,168.0,1.0,0.0,structural_ma6,ma6_level
price_family_ma6_structural_linked,raw_source,ventura_county_ca__county,median_sale_price,level,168,2012-01-31,2026-05-31,641599.6875,159899.0414806173,5387.507984031934,11666.666666666675,19742.0,0.0,0.0,168.0,1.0,0.0,raw_source,raw_level
price_family_ma6_structural_linked,structural_ma6,ventura_county_ca__county,median_sale_price,level,168,2012-01-31,2026-05-31,641599.6875,159899.0414806173,5387.507984031934,11666.666666666675,19742.0,0.0,0.0,168.0,1.0,0.0,structural_ma6,ma6_level
price_family_ma6_structural_linked,raw_source,vineland_nj_metro_area__cbsa_metro,median_ppsf,level,166,2012-01-31,2026-03-31,112.16701069458132,37.41411284892623,1.704894229171717,3.3098516399666633,6.909403844000025,0.0,0.0,166.0,0.9999999999999998,0.0,raw_source,raw_level
price_family_ma6_structural_linked,structural_ma6,vineland_nj_metro_area__cbsa_metro,median_ppsf,level,166,2012-01-31,2026-03-31,112.16701069458132,37.41411284892623,1.704894229171717,3.3098516399666633,6.909403844000025,0.0,0.0,166.0,0.9999999999999998,0.0,structural_ma6,ma6_level
price_family_ma6_structural_linked,raw_source,vineland_nj_metro_area__cbsa_metro,median_sale_price,level,166,2012-01-31,2026-03-31,164052.16465863455,52015.324150505396,2533.210101010101,5493.333333333337,8316.666666666657,0.0,0.0,166.0,1.0,0.0,raw_source,raw_level
price_family_ma6_structural_linked,structural_ma6,vineland_nj_metro_area__cbsa_metro,median_sale_price,level,166,2012-01-31,2026-03-31,164052.16465863455,52015.324150505396,2533.210101010101,5493.333333333337,8316.666666666657,0.0,0.0,166.0,1.0,0.0,structural_ma6,ma6_level
price_family_ma6_structural_linked,raw_source,virginia__state,median_ppsf,level,168,2012-01-31,2026-05-31,164.5574107142857,34.622682789824815,0.6632235528942119,1.5870000000000006,3.0033333333333303,0.0,0.0,168.0,1.0,0.0,raw_source,raw_level
price_family_ma6_structural_linked,structural_ma6,virginia__state,median_ppsf,level,168,2012-01-31,2026-05-31,164.5574107142857,34.622682789824815,0.6632235528942119,1.5870000000000006,3.0033333333333303,0.0,0.0,168.0,1.0,0.0,structural_ma6,ma6_level
price_family_ma6_structural_linked,raw_source,virginia__state,median_sale_price,level,168,2012-01-31,2026-05-31,318877.34821428574,58455.289649599436,3787.8512974051887,6733.3333333333385,10416.666666666657,0.0,0.0,168.0,1.0,0.0,raw_source,raw_level
price_family_ma6_structural_linked,structural_ma6,virginia__state,median_sale_price,level,168,2012-01-31,2026-05-31,318877.34821428574,58455.289649599436,3787.8512974051887,6733.3333333333385,10416.666666666657,0.0,0.0,168.0,1.0,0.0,structural_ma6,ma6_level
price_family_ma6_structural_linked,raw_source,virginia_beach_va__county,median_ppsf,level,143,2014-02-28,2026-05-31,175.7828899996259,36.212870078055175,1.0607849197394361,2.168308981033346,3.6083333333333485,0.0,0.0,143.0,1.0,0.0,raw_source,raw_level
price_family_ma6_structural_linked,structural_ma6,virginia_beach_va__county,median_ppsf,level,143,2014-02-28,2026-05-31,175.7828899996259,36.212870078055175,1.0607849197394361,2.168308981033346,3.6083333333333485,0.0,0.0,143.0,1.0,0.0,structural_ma6,ma6_level
price_family_ma6_structural_linked,raw_source,virginia_beach_va__county,median_sale_price,level,143,2014-02-28,2026-05-31,301842.22027972026,56080.2971608225,2447.654929577465,5833.333333333314,8333.333333333314,0.0,0.0,143.0,0.9999999999999999,0.0,raw_source,raw_level
price_family_ma6_structural_linked,structural_ma6,virginia_beach_va__county,median_sale_price,level,143,2014-02-28,2026-05-31,301842.22027972026,56080.2971608225,2447.654929577465,5833.333333333314,8333.333333333314,0.0,0.0,143.0,0.9999999999999999,0.0,structural_ma6,ma6_level
price_family_ma6_structural_linked,raw_source,virginia_beach_va_metro_area__cbsa_metro,median_ppsf,level,168,2012-01-31,2026-05-31,149.7943253968254,33.87908504521535,0.6733433133732537,1.5109999999999901,2.3183333333333564,0.0,0.0,168.0,1.0,0.0,raw_source,raw_level
price_family_ma6_structural_linked,structural_ma6,virginia_beach_va_metro_area__cbsa_metro,median_ppsf,level,168,2012-01-31,2026-05-31,149.7943253968254,33.87908504521535,0.6733433133732537,1.5109999999999901,2.3183333333333564,0.0,0.0,168.0,1.0,0.0,structural_ma6,ma6_level
price_family_ma6_structural_linked,raw_source,virginia_beach_va_metro_area__cbsa_metro,median_sale_price,level,168,2012-01-31,2026-05-31,266472.19543650793,54517.70220676511,2817.396207584831,5666.6666666666515,14608.333333333314,0.0,0.0,168.0,1.0,0.0,raw_source,raw_level
price_family_ma6_structural_linked,structural_ma6,virginia_beach_va_metro_area__cbsa_metro,median_sale_price,level,168,2012-01-31,2026-05-31,266472.19543650793,54517.70220676511,2817.396207584831,5666.6666666666515,14608.333333333314,0.0,0.0,168.0,1.0,0.0,structural_ma6,ma6_level
price_family_ma6_structural_linked,raw_source,visalia_ca_metro_area__cbsa_metro,median_ppsf,level,166,2012-01-31,2026-03-31,159.6836397784237,50.6067159579471,1.1713357212252513,2.525368235566674,4.482295749500025,0.0,0.0,166.0,1.0,0.0,raw_source,raw_level
price_family_ma6_structural_linked,structural_ma6,visalia_ca_metro_area__cbsa_metro,median_ppsf,level,166,2012-01-31,2026-03-31,159.6836397784237,50.6067159579471,1.1713357212252513,2.525368235566674,4.482295749500025,0.0,0.0,166.0,1.0,0.0,structural_ma6,ma6_level
price_family_ma6_structural_linked,raw_source,visalia_ca_metro_area__cbsa_metro,median_sale_price,level,166,2012-01-31,2026-03-31,257341.26305220881,83304.91451661555,2423.029292929294,5513.999999999988,9375.0,0.0,0.0,166.0,0.9999999999999998,0.0,raw_source,raw_level
price_family_ma6_structural_linked,structural_ma6,visalia_ca_metro_area__cbsa_metro,median_sale_price,level,166,2012-01-31,2026-03-31,257341.26305220881,83304.91451661555,2423.029292929294,5513.999999999988,9375.0,0.0,0.0,166.0,0.9999999999999998,0.0,structural_ma6,ma6_level
price_family_ma6_structural_linked,raw_source,warren_county_va__county,median_ppsf,level,168,2012-01-31,2026-05-31,153.75755741315874,44.46337043652033,1.9382884306267467,3.8006666666666433,6.908333333333331,0.0,0.0,168.0,1.0,0.0,raw_source,raw_level
price_family_ma6_structural_linked,structural_ma6,warren_county_va__county,median_ppsf,level,168,2012-01-31,2026-05-31,153.75755741315874,44.46337043652033,1.9382884306267467,3.8006666666666433,6.908333333333331,0.0,0.0,168.0,1.0,0.0,structural_ma6,ma6_level
price_family_ma6_structural_linked,raw_source,warren_county_va__county,median_sale_price,level,168,2012-01-31,2026-05-31,263946.60714285716,82748.08150154329,3675.966067864271,7633.333333333377,14500.0,0.0,0.0,168.0,1.0,0.0,raw_source,raw_level
price_family_ma6_structural_linked,structural_ma6,warren_county_va__county,median_sale_price,level,168,2012-01-31,2026-05-31,263946.60714285716,82748.08150154329,3675.966067864271,7633.333333333377,14500.0,0.0,0.0,168.0,1.0,0.0,structural_ma6,ma6_level
price_family_ma6_structural_linked,raw_source,washington_county_md__county,median_ppsf,level,168,2012-01-31,2026-05-31,120.99600430704166,31.881269073678716,1.3097955230399214,2.508333333333334,4.428333333333313,0.0,0.0,168.0,1.0,0.0,raw_source,raw_level
price_family_ma6_structural_linked,structural_ma6,washington_county_md__county,median_ppsf,level,168,2012-01-31,2026-05-31,120.99600430704166,31.881269073678716,1.3097955230399214,2.508333333333334,4.428333333333313,0.0,0.0,168.0,1.0,0.0,structural_ma6,ma6_level
price_family_ma6_structural_linked,raw_source,washington_county_md__county,median_sale_price,level,168,2012-01-31,2026-05-31,217693.72222222225,61964.21454165588,3128.6247504990024,6274.266666666676,11666.666666666657,0.0,0.0,168.0,1.0,0.0,raw_source,raw_level
price_family_ma6_structural_linked,structural_ma6,washington_county_md__county,median_sale_price,level,168,2012-01-31,2026-05-31,217693.72222222225,61964.21454165588,3128.6247504990024,6274.266666666676,11666.666666666657,0.0,0.0,168.0,1.0,0.0,structural_ma6,ma6_level
price_family_ma6_structural_linked,raw_source,washington_dc_metro_area__cbsa_metro,median_ppsf,level,168,2012-01-31,2026-05-31,224.73003968253968,40.19672182538518,1.0168962075848311,2.0803333333333285,4.258333333333326,0.0,0.0,168.0,1.0,0.0,raw_source,raw_level
price_family_ma6_structural_linked,structural_ma6,washington_dc_metro_area__cbsa_metro,median_ppsf,level,168,2012-01-31,2026-05-31,224.73003968253968,40.19672182538518,1.0168962075848311,2.0803333333333285,4.258333333333326,0.0,0.0,168.0,1.0,0.0,structural_ma6,ma6_level
price_family_ma6_structural_linked,raw_source,washington_dc_metro_area__cbsa_metro,median_sale_price,level,168,2012-01-31,2026-05-31,437260.0317460317,84289.57519367978,4877.657684630739,9874.33333333335,11941.666666666628,0.0,0.0,168.0,0.9999999999999998,0.0,raw_source,raw_level
price_family_ma6_structural_linked,structural_ma6,washington_dc_metro_area__cbsa_metro,median_sale_price,level,168,2012-01-31,2026-05-31,437260.0317460317,84289.57519367978,4877.657684630739,9874.33333333335,11941.666666666628,0.0,0.0,168.0,0.9999999999999998,0.0,structural_ma6,ma6_level
price_family_ma6_structural_linked,raw_source,waynesboro_va__county,median_ppsf,level,168,2012-01-31,2026-05-31,125.56515825617362,37.43294345706268,1.8778248288333335,3.7783333333333644,6.733091787499987,0.0,0.0,168.0,1.0,0.0,raw_source,raw_level
price_family_ma6_structural_linked,structural_ma6,waynesboro_va__county,median_ppsf,level,168,2012-01-31,2026-05-31,125.56515825617362,37.43294345706268,1.8778248288333335,3.7783333333333644,6.733091787499987,0.0,0.0,168.0,1.0,0.0,structural_ma6,ma6_level
price_family_ma6_structural_linked,raw_source,waynesboro_va__county,median_sale_price,level,168,2012-01-31,2026-05-31,202627.02777777775,58991.637715439014,4656.513972055886,9934.999999999995,15833.333333333314,0.0,0.0,168.0,1.0,0.0,raw_source,raw_level
price_family_ma6_structural_linked,structural_ma6,waynesboro_va__county,median_sale_price,level,168,2012-01-31,2026-05-31,202627.02777777775,58991.637715439014,4656.513972055886,9934.999999999995,15833.333333333314,0.0,0.0,168.0,1.0,0.0,structural_ma6,ma6_level
price_family_ma6_structural_linked,raw_source,williamsburg_va__county,median_ppsf,level,143,2014-02-28,2026-05-31,170.43600392966084,32.408682900255236,3.9353765658133804,7.407499999999991,15.00716885,0.0,0.0,143.0,0.9999999999999998,0.0,raw_source,raw_level
price_family_ma6_structural_linked,structural_ma6,williamsburg_va__county,median_ppsf,level,143,2014-02-28,2026-05-31,170.43600392966084,32.408682900255236,3.9353765658133804,7.407499999999991,15.00716885,0.0,0.0,143.0,0.9999999999999998,0.0,structural_ma6,ma6_level
price_family_ma6_structural_linked,raw_source,williamsburg_va__county,median_sale_price,level,143,2014-02-28,2026-05-31,348410.655011655,81329.67995470458,15778.06690140845,41318.33333333332,75000.0,0.0,0.0,143.0,1.0,0.0,raw_source,raw_level
price_family_ma6_structural_linked,structural_ma6,williamsburg_va__county,median_sale_price,level,143,2014-02-28,2026-05-31,348410.655011655,81329.67995470458,15778.06690140845,41318.33333333332,75000.0,0.0,0.0,143.0,1.0,0.0,structural_ma6,ma6_level
price_family_ma6_structural_linked,raw_source,winchester_va__county,median_ppsf,level,168,2012-01-31,2026-05-31,148.3274454941657,41.8177837871896,2.2079437336586842,4.184333333333331,11.563333333333333,0.0,0.0,168.0,1.0,0.0,raw_source,raw_level
price_family_ma6_structural_linked,structural_ma6,winchester_va__county,median_ppsf,level,168,2012-01-31,2026-05-31,148.3274454941657,41.8177837871896,2.2079437336586842,4.184333333333331,11.563333333333333,0.0,0.0,168.0,1.0,0.0,structural_ma6,ma6_level
price_family_ma6_structural_linked,raw_source,winchester_va__county,median_sale_price,level,168,2012-01-31,2026-05-31,257593.52876984127,72150.07908174112,5422.476047904192,11483.333333333328,24064.833333333314,0.0,0.0,168.0,1.0,0.0,raw_source,raw_level
price_family_ma6_structural_linked,structural_ma6,winchester_va__county,median_sale_price,level,168,2012-01-31,2026-05-31,257593.52876984127,72150.07908174112,5422.476047904192,11483.333333333328,24064.833333333314,0.0,0.0,168.0,1.0,0.0,structural_ma6,ma6_level
price_family_ma6_structural_linked,raw_source,winchester_va_metro_area__cbsa_metro,median_ppsf,level,166,2012-01-31,2026-03-31,142.13620390796083,38.845860982356356,1.2361746917393939,2.3910022721000073,4.695008221333353,0.0,0.0,166.0,0.9999999999999998,0.0,raw_source,raw_level
price_family_ma6_structural_linked,structural_ma6,winchester_va_metro_area__cbsa_metro,median_ppsf,level,166,2012-01-31,2026-03-31,142.13620390796083,38.845860982356356,1.2361746917393939,2.3910022721000073,4.695008221333353,0.0,0.0,166.0,0.9999999999999998,0.0,structural_ma6,ma6_level
price_family_ma6_structural_linked,raw_source,winchester_va_metro_area__cbsa_metro,median_sale_price,level,166,2012-01-31,2026-03-31,276063.0491967871,78500.88570814858,3326.5272727272727,6562.83333333337,10850.0,0.0,0.0,166.0,0.9999999999999998,0.0,raw_source,raw_level
price_family_ma6_structural_linked,structural_ma6,winchester_va_metro_area__cbsa_metro,median_sale_price,level,166,2012-01-31,2026-03-31,276063.0491967871,78500.88570814858,3326.5272727272727,6562.83333333337,10850.0,0.0,0.0,166.0,0.9999999999999998,0.0,structural_ma6,ma6_level
price_family_ma6_structural_linked,raw_source,wise_county_va__county,median_ppsf,level,149,2012-03-31,2026-05-31,64.96349689875056,17.4055789043149,2.0654354811914417,4.353186022133335,8.27666666666667,0.0,0.0,149.0,1.0,0.0,raw_source,raw_level
price_family_ma6_structural_linked,structural_ma6,wise_county_va__county,median_ppsf,level,149,2012-03-31,2026-05-31,64.96349689875056,17.4055789043149,2.0654354811914417,4.353186022133335,8.27666666666667,0.0,0.0,149.0,1.0,0.0,structural_ma6,ma6_level
price_family_ma6_structural_linked,raw_source,wise_county_va__county,median_sale_price,level,149,2012-03-31,2026-05-31,110538.32997762863,27060.85761043134,4386.825450450451,9547.13333333333,15333.333333333328,0.0,0.0,149.0,1.0,0.0,raw_source,raw_level
price_family_ma6_structural_linked,structural_ma6,wise_county_va__county,median_sale_price,level,149,2012-03-31,2026-05-31,110538.32997762863,27060.85761043134,4386.825450450451,9547.13333333333,15333.333333333328,0.0,0.0,149.0,1.0,0.0,structural_ma6,ma6_level
price_family_ma6_structural_linked,raw_source,yolo_county_ca__county,median_ppsf,level,168,2012-01-31,2026-05-31,267.77991962068853,74.27335895621776,3.310818106727546,6.9417156901666885,11.975000000000023,0.0,0.0,168.0,1.0,0.0,raw_source,raw_level
price_family_ma6_structural_linked,structural_ma6,yolo_county_ca__county,median_ppsf,level,168,2012-01-31,2026-05-31,267.77991962068853,74.27335895621776,3.310818106727546,6.9417156901666885,11.975000000000023,0.0,0.0,168.0,1.0,0.0,structural_ma6,ma6_level
price_family_ma6_structural_linked,raw_source,yolo_county_ca__county,median_sale_price,level,168,2012-01-31,2026-05-31,456383.125,121205.86813062608,5614.4500998004,12030.833333333348,18333.333333333256,0.0,0.0,168.0,1.0,0.0,raw_source,raw_level
price_family_ma6_structural_linked,structural_ma6,yolo_county_ca__county,median_sale_price,level,168,2012-01-31,2026-05-31,456383.125,121205.86813062608,5614.4500998004,12030.833333333348,18333.333333333256,0.0,0.0,168.0,1.0,0.0,structural_ma6,ma6_level
price_family_ma6_structural_linked,raw_source,york_county_va__county,median_ppsf,level,143,2014-02-28,2026-05-31,163.92776591825177,31.472538796784747,1.0612523049260563,2.0649842983999975,4.125,0.0,0.0,143.0,0.9999999999999999,0.0,raw_source,raw_level
price_family_ma6_structural_linked,structural_ma6,york_county_va__county,median_ppsf,level,143,2014-02-28,2026-05-31,163.92776591825177,31.472538796784747,1.0612523049260563,2.0649842983999975,4.125,0.0,0.0,143.0,0.9999999999999999,0.0,structural_ma6,ma6_level
price_family_ma6_structural_linked,raw_source,york_county_va__county,median_sale_price,level,143,2014-02-28,2026-05-31,337892.5268065268,61475.03187092758,4425.255868544598,8673.666666666668,15250.0,0.0,0.0,143.0,1.0,0.0,raw_source,raw_level
price_family_ma6_structural_linked,structural_ma6,york_county_va__county,median_sale_price,level,143,2014-02-28,2026-05-31,337892.5268065268,61475.03187092758,4425.255868544598,8673.666666666668,15250.0,0.0,0.0,143.0,1.0,0.0,structural_ma6,ma6_level
price_family_ma6_structural_linked,raw_source,yuba_city_ca_metro_area__cbsa_metro,median_ppsf,level,166,2012-01-31,2026-03-31,182.74779631799296,61.96361633029623,1.641282197026263,3.5145632337666703,6.471661266499979,0.0,0.0,166.0,1.0,0.0,raw_source,raw_level
price_family_ma6_structural_linked,structural_ma6,yuba_city_ca_metro_area__cbsa_metro,median_ppsf,level,166,2012-01-31,2026-03-31,182.74779631799296,61.96361633029623,1.641282197026263,3.5145632337666703,6.471661266499979,0.0,0.0,166.0,1.0,0.0,structural_ma6,ma6_level
price_family_ma6_structural_linked,raw_source,yuba_city_ca_metro_area__cbsa_metro,median_sale_price,level,166,2012-01-31,2026-03-31,311387.9829317269,98494.25806628147,2745.798989898991,6033.333333333341,10125.0,0.0,0.0,166.0,1.0,0.0,raw_source,raw_level
price_family_ma6_structural_linked,structural_ma6,yuba_city_ca_metro_area__cbsa_metro,median_sale_price,level,166,2012-01-31,2026-03-31,311387.9829317269,98494.25806628147,2745.798989898991,6033.333333333341,10125.0,0.0,0.0,166.0,1.0,0.0,structural_ma6,ma6_level
price_family_ma6_structural_linked,raw_source,yuba_county_ca__county,median_ppsf,level,168,2012-01-31,2026-05-31,182.98005560564187,65.29071634831391,1.90103004123952,4.084666666666687,7.213333333333367,0.0,0.0,168.0,0.9999999999999998,0.0,raw_source,raw_level
price_family_ma6_structural_linked,structural_ma6,yuba_county_ca__county,median_ppsf,level,168,2012-01-31,2026-05-31,182.98005560564187,65.29071634831391,1.90103004123952,4.084666666666687,7.213333333333367,0.0,0.0,168.0,0.9999999999999998,0.0,structural_ma6,ma6_level
price_family_ma6_structural_linked,raw_source,yuba_county_ca__county,median_sale_price,level,168,2012-01-31,2026-05-31,312950.33134920633,101140.42623587915,3208.3972055888225,6683.333333333327,11416.666666666686,0.0,0.0,168.0,1.0,0.0,raw_source,raw_level
price_family_ma6_structural_linked,structural_ma6,yuba_county_ca__county,median_sale_price,level,168,2012-01-31,2026-05-31,312950.33134920633,101140.42623587915,3208.3972055888225,6683.333333333327,11416.666666666686,0.0,0.0,168.0,1.0,0.0,structural_ma6,ma6_level
