candidate_id,run_role,geo_id,canonical_metric_key,feature_component,feature_origin,series_variant,series_family,comparison_pair,minimum_calendar_month_mean_absolute_change,maximum_calendar_month_mean_absolute_change,seasonal_spread,minimum_month,maximum_month,baseline_seasonal_spread,seasonal_spread_ratio_challenger_vs_baseline,dimension,axis
price_family_ma6_structural_linked,baseline,alameda_county_ca__county,median_ppsf,level,normalized_feature,normalized_score,normalized_feature,baseline_vs_challenger,0.032796892048755445,0.17979622960591546,0.14699933755716002,5.0,2.0,0.14699933755716002,1.0,,
price_family_ma6_structural_linked,challenger,alameda_county_ca__county,median_ppsf,level,normalized_feature,normalized_score,normalized_feature,baseline_vs_challenger,0.007806754455704274,0.057260992441523356,0.049454237985819084,2.0,1.0,0.14699933755716002,0.3364249037284881,,
price_family_ma6_structural_linked,baseline,alameda_county_ca__county,median_ppsf,long,normalized_feature,normalized_score,normalized_feature,baseline_vs_challenger,0.07009997662293091,0.22451123224497396,0.15441125562204305,12.0,10.0,0.15441125562204305,1.0,,
price_family_ma6_structural_linked,challenger,alameda_county_ca__county,median_ppsf,long,normalized_feature,normalized_score,normalized_feature,baseline_vs_challenger,0.03731409475839267,0.11219736054118316,0.0748832657827905,3.0,10.0,0.15441125562204305,0.4849598915644107,,
price_family_ma6_structural_linked,baseline,alameda_county_ca__county,median_ppsf,short,normalized_feature,normalized_score,normalized_feature,baseline_vs_challenger,0.35406550920283064,0.9539125111017666,0.5998470018989359,7.0,2.0,0.5998470018989359,1.0,,
price_family_ma6_structural_linked,challenger,alameda_county_ca__county,median_ppsf,short,normalized_feature,normalized_score,normalized_feature,baseline_vs_challenger,0.052854624829737615,0.3299654275805773,0.27711080275083966,1.0,4.0,0.5998470018989359,0.4619691385863226,,
price_family_ma6_structural_linked,baseline,alameda_county_ca__county,median_sale_price,level,normalized_feature,normalized_score,normalized_feature,baseline_vs_challenger,0.021585132262103415,0.20427220604878413,0.1826870737866807,6.0,3.0,0.1826870737866807,1.0,,
price_family_ma6_structural_linked,challenger,alameda_county_ca__county,median_sale_price,level,normalized_feature,normalized_score,normalized_feature,baseline_vs_challenger,0.01554470122232754,0.07098309430457622,0.05543839308224868,8.0,1.0,0.1826870737866807,0.30346095064713097,,
price_family_ma6_structural_linked,baseline,alameda_county_ca__county,median_sale_price,long,normalized_feature,normalized_score,normalized_feature,baseline_vs_challenger,0.1321581126717874,0.3516327744073877,0.21947466173560032,4.0,5.0,0.21947466173560032,1.0,,
price_family_ma6_structural_linked,challenger,alameda_county_ca__county,median_sale_price,long,normalized_feature,normalized_score,normalized_feature,baseline_vs_challenger,0.05355036730917027,0.14585414246172976,0.0923037751525595,3.0,8.0,0.21947466173560032,0.420566886503542,,
price_family_ma6_structural_linked,baseline,alameda_county_ca__county,median_sale_price,short,normalized_feature,normalized_score,normalized_feature,baseline_vs_challenger,0.24066003799581026,1.1003623105567062,0.8597022725608959,8.0,2.0,0.8597022725608959,1.0,,
price_family_ma6_structural_linked,challenger,alameda_county_ca__county,median_sale_price,short,normalized_feature,normalized_score,normalized_feature,baseline_vs_challenger,0.07188103170888362,0.39846494229716944,0.32658391058828584,2.0,4.0,0.8597022725608959,0.37988024576863344,,
price_family_ma6_structural_linked,baseline,alameda_county_ca__county,payment_burden,level,normalized_feature,normalized_score,normalized_feature,baseline_vs_challenger,0.09430676474377793,0.46672468915743365,0.37241792441365573,7.0,12.0,0.37241792441365573,1.0,,
price_family_ma6_structural_linked,challenger,alameda_county_ca__county,payment_burden,level,normalized_feature,normalized_score,normalized_feature,baseline_vs_challenger,0.05256351173149434,0.2872065752057372,0.23464306347424288,7.0,12.0,0.37241792441365573,0.6300530884588085,,
price_family_ma6_structural_linked,baseline,alameda_county_ca__county,payment_burden,long,normalized_feature,normalized_score,normalized_feature,baseline_vs_challenger,0.06947581685524692,0.3870117022368086,0.31753588538156163,9.0,12.0,0.31753588538156163,1.0,,
price_family_ma6_structural_linked,challenger,alameda_county_ca__county,payment_burden,long,normalized_feature,normalized_score,normalized_feature,baseline_vs_challenger,0.035759377369797014,0.26404979052578437,0.22829041315598736,6.0,12.0,0.31753588538156163,0.7189436648448916,,
price_family_ma6_structural_linked,baseline,alameda_county_ca__county,payment_burden,short,normalized_feature,normalized_score,normalized_feature,baseline_vs_challenger,0.2573427803795626,1.0519809522737984,0.7946381718942358,8.0,2.0,0.7946381718942358,1.0,,
price_family_ma6_structural_linked,challenger,alameda_county_ca__county,payment_burden,short,normalized_feature,normalized_score,normalized_feature,baseline_vs_challenger,0.06517079312275212,0.6900374829291779,0.6248666898064258,6.0,12.0,0.7946381718942358,0.7863537291656735,,
price_family_ma6_structural_linked,baseline,alameda_county_ca__county,price_to_income,level,normalized_feature,normalized_score,normalized_feature,baseline_vs_challenger,0.13308216630388692,0.693254084645086,0.5601719183411991,7.0,12.0,0.5601719183411991,1.0,,
price_family_ma6_structural_linked,challenger,alameda_county_ca__county,price_to_income,level,normalized_feature,normalized_score,normalized_feature,baseline_vs_challenger,0.04424140124768685,0.4786956083213024,0.4344542070736156,10.0,12.0,0.5601719183411991,0.7755729854508537,,
price_family_ma6_structural_linked,baseline,alameda_county_ca__county,price_to_income,long,normalized_feature,normalized_score,normalized_feature,baseline_vs_challenger,0.0802976169471846,0.5410385565376007,0.46074093959041607,3.0,12.0,0.46074093959041607,1.0,,
price_family_ma6_structural_linked,challenger,alameda_county_ca__county,price_to_income,long,normalized_feature,normalized_score,normalized_feature,baseline_vs_challenger,0.04126670569198103,0.4761228385491057,0.43485613285712466,2.0,12.0,0.46074093959041607,0.9438191736199909,,
price_family_ma6_structural_linked,baseline,alameda_county_ca__county,price_to_income,short,normalized_feature,normalized_score,normalized_feature,baseline_vs_challenger,0.25615602675714816,1.1462191939852646,0.8900631672281165,8.0,2.0,0.8900631672281165,1.0,,
price_family_ma6_structural_linked,challenger,alameda_county_ca__county,price_to_income,short,normalized_feature,normalized_score,normalized_feature,baseline_vs_challenger,0.062179710430694236,0.36525493011153104,0.3030752196808368,2.0,3.0,0.8900631672281165,0.34050978721509195,,
price_family_ma6_structural_linked,baseline,district_of_columbia_dc__county,median_ppsf,level,normalized_feature,normalized_score,normalized_feature,baseline_vs_challenger,0.08974429883197105,0.4421020215472257,0.3523577227152547,6.0,2.0,0.3523577227152547,1.0,,
price_family_ma6_structural_linked,challenger,district_of_columbia_dc__county,median_ppsf,level,normalized_feature,normalized_score,normalized_feature,baseline_vs_challenger,0.02581399381659244,0.1201459365144568,0.09433194269786437,9.0,1.0,0.3523577227152547,0.2677164047120811,,
price_family_ma6_structural_linked,baseline,district_of_columbia_dc__county,median_ppsf,long,normalized_feature,normalized_score,normalized_feature,baseline_vs_challenger,0.2527876337627658,0.6385331752944405,0.38574554153167473,12.0,1.0,0.38574554153167473,1.0,,
price_family_ma6_structural_linked,challenger,district_of_columbia_dc__county,median_ppsf,long,normalized_feature,normalized_score,normalized_feature,baseline_vs_challenger,0.076307299176754,0.20723372318806849,0.1309264240113145,11.0,7.0,0.38574554153167473,0.33941137334069155,,
price_family_ma6_structural_linked,baseline,district_of_columbia_dc__county,median_ppsf,short,normalized_feature,normalized_score,normalized_feature,baseline_vs_challenger,0.5463978128356586,1.2031755683657732,0.6567777555301146,9.0,2.0,0.6567777555301146,1.0,,
price_family_ma6_structural_linked,challenger,district_of_columbia_dc__county,median_ppsf,short,normalized_feature,normalized_score,normalized_feature,baseline_vs_challenger,0.09460539316022755,0.3398274653691595,0.24522207220893194,2.0,10.0,0.6567777555301146,0.3733714641583777,,
price_family_ma6_structural_linked,baseline,district_of_columbia_dc__county,median_sale_price,level,normalized_feature,normalized_score,normalized_feature,baseline_vs_challenger,0.08044762408218516,0.39433000540837476,0.3138823813261896,6.0,2.0,0.3138823813261896,1.0,,
price_family_ma6_structural_linked,challenger,district_of_columbia_dc__county,median_sale_price,level,normalized_feature,normalized_score,normalized_feature,baseline_vs_challenger,0.019470118313277374,0.08910569324497715,0.06963557493169978,8.0,6.0,0.3138823813261896,0.22185244879779925,,
price_family_ma6_structural_linked,baseline,district_of_columbia_dc__county,median_sale_price,long,normalized_feature,normalized_score,normalized_feature,baseline_vs_challenger,0.3576699434263556,0.9242981413990841,0.5666281979727285,9.0,2.0,0.5666281979727285,1.0,,
price_family_ma6_structural_linked,challenger,district_of_columbia_dc__county,median_sale_price,long,normalized_feature,normalized_score,normalized_feature,baseline_vs_challenger,0.12176827324374355,0.3250071491978114,0.2032388759540678,8.0,12.0,0.5666281979727285,0.3586811893252259,,
price_family_ma6_structural_linked,baseline,district_of_columbia_dc__county,median_sale_price,short,normalized_feature,normalized_score,normalized_feature,baseline_vs_challenger,0.2861971193577818,1.1362089131806832,0.8500117938229014,8.0,2.0,0.8500117938229014,1.0,,
price_family_ma6_structural_linked,challenger,district_of_columbia_dc__county,median_sale_price,short,normalized_feature,normalized_score,normalized_feature,baseline_vs_challenger,0.16330580388976618,0.3888848320644866,0.22557902817472042,8.0,10.0,0.8500117938229014,0.26538340975268804,,
price_family_ma6_structural_linked,baseline,district_of_columbia_dc__county,payment_burden,level,normalized_feature,normalized_score,normalized_feature,baseline_vs_challenger,0.12053291677536562,0.43735266679351414,0.31681975001814855,6.0,2.0,0.31681975001814855,1.0,,
price_family_ma6_structural_linked,challenger,district_of_columbia_dc__county,payment_burden,level,normalized_feature,normalized_score,normalized_feature,baseline_vs_challenger,0.07366313933893702,0.3600515621923389,0.2863884228534019,11.0,12.0,0.31681975001814855,0.9039475059146298,,
price_family_ma6_structural_linked,baseline,district_of_columbia_dc__county,payment_burden,long,normalized_feature,normalized_score,normalized_feature,baseline_vs_challenger,0.22322827416572577,0.5195881327431817,0.29635985857745595,9.0,2.0,0.29635985857745595,1.0,,
price_family_ma6_structural_linked,challenger,district_of_columbia_dc__county,payment_burden,long,normalized_feature,normalized_score,normalized_feature,baseline_vs_challenger,0.07589374680256118,0.3909821058653578,0.31508835906279664,7.0,12.0,0.29635985857745595,1.0631951323476754,,
price_family_ma6_structural_linked,baseline,district_of_columbia_dc__county,payment_burden,short,normalized_feature,normalized_score,normalized_feature,baseline_vs_challenger,0.2722235778359873,1.0729379588088337,0.8007143809728464,8.0,2.0,0.8007143809728464,1.0,,
price_family_ma6_structural_linked,challenger,district_of_columbia_dc__county,payment_burden,short,normalized_feature,normalized_score,normalized_feature,baseline_vs_challenger,0.09765853495672779,0.5293814666526458,0.4317229316959181,1.0,12.0,0.8007143809728464,0.5391721966719099,,
price_family_ma6_structural_linked,baseline,district_of_columbia_dc__county,price_to_income,level,normalized_feature,normalized_score,normalized_feature,baseline_vs_challenger,0.2029273867548269,0.5356521708546368,0.3327247840998099,8.0,10.0,0.3327247840998099,1.0,,
price_family_ma6_structural_linked,challenger,district_of_columbia_dc__county,price_to_income,level,normalized_feature,normalized_score,normalized_feature,baseline_vs_challenger,0.06903641640472205,0.48475588027847305,0.415719463873751,4.0,12.0,0.3327247840998099,1.2494394278396905,,
price_family_ma6_structural_linked,baseline,district_of_columbia_dc__county,price_to_income,long,normalized_feature,normalized_score,normalized_feature,baseline_vs_challenger,0.3131325378478216,0.7310373317145641,0.4179047938667425,9.0,2.0,0.4179047938667425,1.0,,
price_family_ma6_structural_linked,challenger,district_of_columbia_dc__county,price_to_income,long,normalized_feature,normalized_score,normalized_feature,baseline_vs_challenger,0.056738477463843105,0.5385557813244815,0.48181730386063837,3.0,12.0,0.4179047938667425,1.1529355751163641,,
price_family_ma6_structural_linked,baseline,district_of_columbia_dc__county,price_to_income,short,normalized_feature,normalized_score,normalized_feature,baseline_vs_challenger,0.282196445246434,1.1537302822176139,0.8715338369711798,8.0,2.0,0.8715338369711798,1.0,,
price_family_ma6_structural_linked,challenger,district_of_columbia_dc__county,price_to_income,short,normalized_feature,normalized_score,normalized_feature,baseline_vs_challenger,0.0889028864802733,0.37424327035350674,0.28534038387323346,2.0,10.0,0.8715338369711798,0.32740023596200224,,
price_family_ma6_structural_linked,raw_source,20001_district_of_columbia_dc__zip,median_ppsf,level,raw_source,raw_level,raw_structural_feature,raw_vs_structural_ma6,2.933188379726224,4.958748402833351,2.0255600231071265,4.0,7.0,2.0255600231071265,1.0,,
price_family_ma6_structural_linked,structural_ma6,20001_district_of_columbia_dc__zip,median_ppsf,level,structural_ma6,ma6_level,raw_structural_feature,raw_vs_structural_ma6,2.933188379726224,4.958748402833351,2.0255600231071265,4.0,7.0,2.0255600231071265,1.0,,
price_family_ma6_structural_linked,raw_source,20001_district_of_columbia_dc__zip,median_sale_price,level,raw_source,raw_level,raw_structural_feature,raw_vs_structural_ma6,4051.0476190476247,6952.17261904762,2901.1249999999955,10.0,5.0,2901.1249999999955,1.0,,
price_family_ma6_structural_linked,structural_ma6,20001_district_of_columbia_dc__zip,median_sale_price,level,structural_ma6,ma6_level,raw_structural_feature,raw_vs_structural_ma6,4051.0476190476247,6952.17261904762,2901.1249999999955,10.0,5.0,2901.1249999999955,1.0,,
price_family_ma6_structural_linked,raw_source,20002_district_of_columbia_dc__zip,median_ppsf,level,raw_source,raw_level,raw_structural_feature,raw_vs_structural_ma6,2.642711504238077,5.627360904089755,2.9846493998516785,10.0,7.0,2.9846493998516785,1.0,,
price_family_ma6_structural_linked,structural_ma6,20002_district_of_columbia_dc__zip,median_ppsf,level,structural_ma6,ma6_level,raw_structural_feature,raw_vs_structural_ma6,2.642711504238077,5.627360904089755,2.9846493998516785,10.0,7.0,2.9846493998516785,1.0,,
price_family_ma6_structural_linked,raw_source,20002_district_of_columbia_dc__zip,median_sale_price,level,raw_source,raw_level,raw_structural_feature,raw_vs_structural_ma6,2964.2857142857224,7859.346153846154,4895.060439560431,3.0,8.0,4895.060439560431,1.0,,
price_family_ma6_structural_linked,structural_ma6,20002_district_of_columbia_dc__zip,median_sale_price,level,structural_ma6,ma6_level,raw_structural_feature,raw_vs_structural_ma6,2964.2857142857224,7859.346153846154,4895.060439560431,3.0,8.0,4895.060439560431,1.0,,
price_family_ma6_structural_linked,raw_source,20003_district_of_columbia_dc__zip,median_ppsf,level,raw_source,raw_level,raw_structural_feature,raw_vs_structural_ma6,2.058237354392844,5.857970809756418,3.799733455363574,9.0,6.0,3.799733455363574,1.0,,
price_family_ma6_structural_linked,structural_ma6,20003_district_of_columbia_dc__zip,median_ppsf,level,structural_ma6,ma6_level,raw_structural_feature,raw_vs_structural_ma6,2.058237354392844,5.857970809756418,3.799733455363574,9.0,6.0,3.799733455363574,1.0,,
price_family_ma6_structural_linked,raw_source,20003_district_of_columbia_dc__zip,median_sale_price,level,raw_source,raw_level,raw_structural_feature,raw_vs_structural_ma6,5791.119047619037,12702.976190476187,6911.85714285715,5.0,2.0,6911.85714285715,1.0,,
price_family_ma6_structural_linked,structural_ma6,20003_district_of_columbia_dc__zip,median_sale_price,level,structural_ma6,ma6_level,raw_structural_feature,raw_vs_structural_ma6,5791.119047619037,12702.976190476187,6911.85714285715,5.0,2.0,6911.85714285715,1.0,,
price_family_ma6_structural_linked,raw_source,20004_district_of_columbia_dc__zip,median_ppsf,level,raw_source,raw_level,raw_structural_feature,raw_vs_structural_ma6,2.907179415773811,5.390627373857155,2.483447958083344,9.0,5.0,2.483447958083344,1.0,,
price_family_ma6_structural_linked,structural_ma6,20004_district_of_columbia_dc__zip,median_ppsf,level,structural_ma6,ma6_level,raw_structural_feature,raw_vs_structural_ma6,2.907179415773811,5.390627373857155,2.483447958083344,9.0,5.0,2.483447958083344,1.0,,
price_family_ma6_structural_linked,raw_source,20004_district_of_columbia_dc__zip,median_sale_price,level,raw_source,raw_level,raw_structural_feature,raw_vs_structural_ma6,5512.1794871794855,11558.035714285726,6045.856227106241,8.0,11.0,6045.856227106241,1.0,,
price_family_ma6_structural_linked,structural_ma6,20004_district_of_columbia_dc__zip,median_sale_price,level,structural_ma6,ma6_level,raw_structural_feature,raw_vs_structural_ma6,5512.1794871794855,11558.035714285726,6045.856227106241,8.0,11.0,6045.856227106241,1.0,,
price_family_ma6_structural_linked,raw_source,20005_district_of_columbia_dc__zip,median_ppsf,level,raw_source,raw_level,raw_structural_feature,raw_vs_structural_ma6,3.277230881202383,7.175911295128204,3.898680413925821,12.0,8.0,3.898680413925821,1.0,,
price_family_ma6_structural_linked,structural_ma6,20005_district_of_columbia_dc__zip,median_ppsf,level,structural_ma6,ma6_level,raw_structural_feature,raw_vs_structural_ma6,3.277230881202383,7.175911295128204,3.898680413925821,12.0,8.0,3.898680413925821,1.0,,
price_family_ma6_structural_linked,raw_source,20005_district_of_columbia_dc__zip,median_sale_price,level,raw_source,raw_level,raw_structural_feature,raw_vs_structural_ma6,6310.71428571429,9430.980769230779,3120.2664835164887,4.0,8.0,3120.2664835164887,1.0,,
price_family_ma6_structural_linked,structural_ma6,20005_district_of_columbia_dc__zip,median_sale_price,level,structural_ma6,ma6_level,raw_structural_feature,raw_vs_structural_ma6,6310.71428571429,9430.980769230779,3120.2664835164887,4.0,8.0,3120.2664835164887,1.0,,
price_family_ma6_structural_linked,raw_source,20006_district_of_columbia_dc__zip,median_ppsf,level,raw_source,raw_level,raw_structural_feature,raw_vs_structural_ma6,6.008395682435903,11.812324546000003,5.8039288635641,2.0,12.0,5.8039288635641,1.0,,
price_family_ma6_structural_linked,structural_ma6,20006_district_of_columbia_dc__zip,median_ppsf,level,structural_ma6,ma6_level,raw_structural_feature,raw_vs_structural_ma6,6.008395682435903,11.812324546000003,5.8039288635641,2.0,12.0,5.8039288635641,1.0,,
price_family_ma6_structural_linked,raw_source,20006_district_of_columbia_dc__zip,median_sale_price,level,raw_source,raw_level,raw_structural_feature,raw_vs_structural_ma6,10207.371794871795,32442.70833333334,22235.336538461546,6.0,11.0,22235.336538461546,1.0,,
price_family_ma6_structural_linked,structural_ma6,20006_district_of_columbia_dc__zip,median_sale_price,level,structural_ma6,ma6_level,raw_structural_feature,raw_vs_structural_ma6,10207.371794871795,32442.70833333334,22235.336538461546,6.0,11.0,22235.336538461546,1.0,,
price_family_ma6_structural_linked,raw_source,20007_district_of_columbia_dc__zip,median_ppsf,level,raw_source,raw_level,raw_structural_feature,raw_vs_structural_ma6,4.197939762346157,6.757213465714277,2.5592737033681203,7.0,5.0,2.5592737033681203,1.0,,
price_family_ma6_structural_linked,structural_ma6,20007_district_of_columbia_dc__zip,median_ppsf,level,structural_ma6,ma6_level,raw_structural_feature,raw_vs_structural_ma6,4.197939762346157,6.757213465714277,2.5592737033681203,7.0,5.0,2.5592737033681203,1.0,,
price_family_ma6_structural_linked,raw_source,20007_district_of_columbia_dc__zip,median_sale_price,level,raw_source,raw_level,raw_structural_feature,raw_vs_structural_ma6,11008.333333333354,21639.916666666653,10631.5833333333,7.0,5.0,10631.5833333333,1.0,,
price_family_ma6_structural_linked,structural_ma6,20007_district_of_columbia_dc__zip,median_sale_price,level,structural_ma6,ma6_level,raw_structural_feature,raw_vs_structural_ma6,11008.333333333354,21639.916666666653,10631.5833333333,7.0,5.0,10631.5833333333,1.0,,
price_family_ma6_structural_linked,raw_source,20008_district_of_columbia_dc__zip,median_ppsf,level,raw_source,raw_level,raw_structural_feature,raw_vs_structural_ma6,2.0776080570357345,3.974859228869044,1.8972511718333096,2.0,9.0,1.8972511718333096,1.0,,
price_family_ma6_structural_linked,structural_ma6,20008_district_of_columbia_dc__zip,median_ppsf,level,structural_ma6,ma6_level,raw_structural_feature,raw_vs_structural_ma6,2.0776080570357345,3.974859228869044,1.8972511718333096,2.0,9.0,1.8972511718333096,1.0,,
price_family_ma6_structural_linked,raw_source,20008_district_of_columbia_dc__zip,median_sale_price,level,raw_source,raw_level,raw_structural_feature,raw_vs_structural_ma6,7681.089285714298,18255.994047619042,10574.904761904745,9.0,5.0,10574.904761904745,1.0,,
price_family_ma6_structural_linked,structural_ma6,20008_district_of_columbia_dc__zip,median_sale_price,level,structural_ma6,ma6_level,raw_structural_feature,raw_vs_structural_ma6,7681.089285714298,18255.994047619042,10574.904761904745,9.0,5.0,10574.904761904745,1.0,,
price_family_ma6_structural_linked,raw_source,20009_district_of_columbia_dc__zip,median_ppsf,level,raw_source,raw_level,raw_structural_feature,raw_vs_structural_ma6,1.4718884672143173,4.540090370833338,3.068201903619021,4.0,9.0,3.068201903619021,1.0,,
price_family_ma6_structural_linked,structural_ma6,20009_district_of_columbia_dc__zip,median_ppsf,level,structural_ma6,ma6_level,raw_structural_feature,raw_vs_structural_ma6,1.4718884672143173,4.540090370833338,3.068201903619021,4.0,9.0,3.068201903619021,1.0,,
price_family_ma6_structural_linked,raw_source,20009_district_of_columbia_dc__zip,median_sale_price,level,raw_source,raw_level,raw_structural_feature,raw_vs_structural_ma6,3817.2738095238165,7694.928571428572,3877.654761904755,12.0,3.0,3877.654761904755,1.0,,
price_family_ma6_structural_linked,structural_ma6,20009_district_of_columbia_dc__zip,median_sale_price,level,structural_ma6,ma6_level,raw_structural_feature,raw_vs_structural_ma6,3817.2738095238165,7694.928571428572,3877.654761904755,12.0,3.0,3877.654761904755,1.0,,
price_family_ma6_structural_linked,raw_source,20010_district_of_columbia_dc__zip,median_ppsf,level,raw_source,raw_level,raw_structural_feature,raw_vs_structural_ma6,3.0006956909166473,6.155540049821435,3.154844358904788,9.0,1.0,3.154844358904788,1.0,,
price_family_ma6_structural_linked,structural_ma6,20010_district_of_columbia_dc__zip,median_ppsf,level,structural_ma6,ma6_level,raw_structural_feature,raw_vs_structural_ma6,3.0006956909166473,6.155540049821435,3.154844358904788,9.0,1.0,3.154844358904788,1.0,,
price_family_ma6_structural_linked,raw_source,20010_district_of_columbia_dc__zip,median_sale_price,level,raw_source,raw_level,raw_structural_feature,raw_vs_structural_ma6,4594.446428571433,10501.184523809517,5906.7380952380845,11.0,9.0,5906.7380952380845,1.0,,
price_family_ma6_structural_linked,structural_ma6,20010_district_of_columbia_dc__zip,median_sale_price,level,structural_ma6,ma6_level,raw_structural_feature,raw_vs_structural_ma6,4594.446428571433,10501.184523809517,5906.7380952380845,11.0,9.0,5906.7380952380845,1.0,,
price_family_ma6_structural_linked,raw_source,20011_district_of_columbia_dc__zip,median_ppsf,level,raw_source,raw_level,raw_structural_feature,raw_vs_structural_ma6,2.4298905099999866,4.579749469243591,2.1498589592436046,3.0,7.0,2.1498589592436046,1.0,,
price_family_ma6_structural_linked,structural_ma6,20011_district_of_columbia_dc__zip,median_ppsf,level,structural_ma6,ma6_level,raw_structural_feature,raw_vs_structural_ma6,2.4298905099999866,4.579749469243591,2.1498589592436046,3.0,7.0,2.1498589592436046,1.0,,
price_family_ma6_structural_linked,raw_source,20011_district_of_columbia_dc__zip,median_sale_price,level,raw_source,raw_level,raw_structural_feature,raw_vs_structural_ma6,4188.976190476179,8943.410256410269,4754.43406593409,10.0,7.0,4754.43406593409,1.0,,
price_family_ma6_structural_linked,structural_ma6,20011_district_of_columbia_dc__zip,median_sale_price,level,structural_ma6,ma6_level,raw_structural_feature,raw_vs_structural_ma6,4188.976190476179,8943.410256410269,4754.43406593409,10.0,7.0,4754.43406593409,1.0,,
price_family_ma6_structural_linked,raw_source,20012_district_of_columbia_dc__zip,median_ppsf,level,raw_source,raw_level,raw_structural_feature,raw_vs_structural_ma6,2.056672275845228,6.196523826166667,4.139851550321438,11.0,7.0,4.139851550321438,1.0,,
price_family_ma6_structural_linked,structural_ma6,20012_district_of_columbia_dc__zip,median_ppsf,level,structural_ma6,ma6_level,raw_structural_feature,raw_vs_structural_ma6,2.056672275845228,6.196523826166667,4.139851550321438,11.0,7.0,4.139851550321438,1.0,,
price_family_ma6_structural_linked,raw_source,20012_district_of_columbia_dc__zip,median_sale_price,level,raw_source,raw_level,raw_structural_feature,raw_vs_structural_ma6,10458.49999999999,19342.244047619075,8883.744047619084,12.0,10.0,8883.744047619084,1.0,,
price_family_ma6_structural_linked,structural_ma6,20012_district_of_columbia_dc__zip,median_sale_price,level,structural_ma6,ma6_level,raw_structural_feature,raw_vs_structural_ma6,10458.49999999999,19342.244047619075,8883.744047619084,12.0,10.0,8883.744047619084,1.0,,
price_family_ma6_structural_linked,raw_source,20015_district_of_columbia_dc__zip,median_ppsf,level,raw_source,raw_level,raw_structural_feature,raw_vs_structural_ma6,3.3857884964487233,6.344603654642863,2.9588151581941395,6.0,2.0,2.9588151581941395,1.0,,
price_family_ma6_structural_linked,structural_ma6,20015_district_of_columbia_dc__zip,median_ppsf,level,structural_ma6,ma6_level,raw_structural_feature,raw_vs_structural_ma6,3.3857884964487233,6.344603654642863,2.9588151581941395,6.0,2.0,2.9588151581941395,1.0,,
price_family_ma6_structural_linked,raw_source,20015_district_of_columbia_dc__zip,median_sale_price,level,raw_source,raw_level,raw_structural_feature,raw_vs_structural_ma6,12329.19047619049,20874.952380952367,8545.761904761877,11.0,5.0,8545.761904761877,1.0,,
price_family_ma6_structural_linked,structural_ma6,20015_district_of_columbia_dc__zip,median_sale_price,level,structural_ma6,ma6_level,raw_structural_feature,raw_vs_structural_ma6,12329.19047619049,20874.952380952367,8545.761904761877,11.0,5.0,8545.761904761877,1.0,,
price_family_ma6_structural_linked,raw_source,20016_district_of_columbia_dc__zip,median_ppsf,level,raw_source,raw_level,raw_structural_feature,raw_vs_structural_ma6,2.930222505416696,6.4539610003589765,3.5237384949422803,11.0,8.0,3.5237384949422803,1.0,,
price_family_ma6_structural_linked,structural_ma6,20016_district_of_columbia_dc__zip,median_ppsf,level,structural_ma6,ma6_level,raw_structural_feature,raw_vs_structural_ma6,2.930222505416696,6.4539610003589765,3.5237384949422803,11.0,8.0,3.5237384949422803,1.0,,
price_family_ma6_structural_linked,raw_source,20016_district_of_columbia_dc__zip,median_sale_price,level,raw_source,raw_level,raw_structural_feature,raw_vs_structural_ma6,17520.17857142856,30317.858974358955,12797.680402930393,4.0,8.0,12797.680402930393,1.0,,
price_family_ma6_structural_linked,structural_ma6,20016_district_of_columbia_dc__zip,median_sale_price,level,structural_ma6,ma6_level,raw_structural_feature,raw_vs_structural_ma6,17520.17857142856,30317.858974358955,12797.680402930393,4.0,8.0,12797.680402930393,1.0,,
price_family_ma6_structural_linked,raw_source,20017_district_of_columbia_dc__zip,median_ppsf,level,raw_source,raw_level,raw_structural_feature,raw_vs_structural_ma6,3.4077877851785803,5.966717110794847,2.558929325616267,4.0,7.0,2.558929325616267,1.0,,
price_family_ma6_structural_linked,structural_ma6,20017_district_of_columbia_dc__zip,median_ppsf,level,structural_ma6,ma6_level,raw_structural_feature,raw_vs_structural_ma6,3.4077877851785803,5.966717110794847,2.558929325616267,4.0,7.0,2.558929325616267,1.0,,
price_family_ma6_structural_linked,raw_source,20017_district_of_columbia_dc__zip,median_sale_price,level,raw_source,raw_level,raw_structural_feature,raw_vs_structural_ma6,6288.750000000021,12012.153846153842,5723.403846153821,12.0,7.0,5723.403846153821,1.0,,
price_family_ma6_structural_linked,structural_ma6,20017_district_of_columbia_dc__zip,median_sale_price,level,structural_ma6,ma6_level,raw_structural_feature,raw_vs_structural_ma6,6288.750000000021,12012.153846153842,5723.403846153821,12.0,7.0,5723.403846153821,1.0,,
price_family_ma6_structural_linked,raw_source,20018_district_of_columbia_dc__zip,median_ppsf,level,raw_source,raw_level,raw_structural_feature,raw_vs_structural_ma6,2.472280994226196,4.716329780297634,2.2440487860714375,4.0,2.0,2.2440487860714375,1.0,,
price_family_ma6_structural_linked,structural_ma6,20018_district_of_columbia_dc__zip,median_ppsf,level,structural_ma6,ma6_level,raw_structural_feature,raw_vs_structural_ma6,2.472280994226196,4.716329780297634,2.2440487860714375,4.0,2.0,2.2440487860714375,1.0,,
price_family_ma6_structural_linked,raw_source,20018_district_of_columbia_dc__zip,median_sale_price,level,raw_source,raw_level,raw_structural_feature,raw_vs_structural_ma6,4741.119047619032,10538.910256410263,5797.791208791231,11.0,8.0,5797.791208791231,1.0,,
price_family_ma6_structural_linked,structural_ma6,20018_district_of_columbia_dc__zip,median_sale_price,level,structural_ma6,ma6_level,raw_structural_feature,raw_vs_structural_ma6,4741.119047619032,10538.910256410263,5797.791208791231,11.0,8.0,5797.791208791231,1.0,,
price_family_ma6_structural_linked,raw_source,20019_district_of_columbia_dc__zip,median_ppsf,level,raw_source,raw_level,raw_structural_feature,raw_vs_structural_ma6,1.8602813193214283,3.4955907010897445,1.6353093817683162,12.0,7.0,1.6353093817683162,1.0,,
price_family_ma6_structural_linked,structural_ma6,20019_district_of_columbia_dc__zip,median_ppsf,level,structural_ma6,ma6_level,raw_structural_feature,raw_vs_structural_ma6,1.8602813193214283,3.4955907010897445,1.6353093817683162,12.0,7.0,1.6353093817683162,1.0,,
price_family_ma6_structural_linked,raw_source,20019_district_of_columbia_dc__zip,median_sale_price,level,raw_source,raw_level,raw_structural_feature,raw_vs_structural_ma6,2079.761904761902,4591.488095238096,2511.7261904761945,11.0,5.0,2511.7261904761945,1.0,,
price_family_ma6_structural_linked,structural_ma6,20019_district_of_columbia_dc__zip,median_sale_price,level,structural_ma6,ma6_level,raw_structural_feature,raw_vs_structural_ma6,2079.761904761902,4591.488095238096,2511.7261904761945,11.0,5.0,2511.7261904761945,1.0,,
price_family_ma6_structural_linked,raw_source,20020_district_of_columbia_dc__zip,median_ppsf,level,raw_source,raw_level,raw_structural_feature,raw_vs_structural_ma6,1.9809260255595202,3.359575556952381,1.3786495313928608,1.0,10.0,1.3786495313928608,1.0,,
price_family_ma6_structural_linked,structural_ma6,20020_district_of_columbia_dc__zip,median_ppsf,level,structural_ma6,ma6_level,raw_structural_feature,raw_vs_structural_ma6,1.9809260255595202,3.359575556952381,1.3786495313928608,1.0,10.0,1.3786495313928608,1.0,,
price_family_ma6_structural_linked,raw_source,20020_district_of_columbia_dc__zip,median_sale_price,level,raw_source,raw_level,raw_structural_feature,raw_vs_structural_ma6,3155.1282051282064,5839.880952380953,2684.7527472527468,6.0,3.0,2684.7527472527468,1.0,,
price_family_ma6_structural_linked,structural_ma6,20020_district_of_columbia_dc__zip,median_sale_price,level,structural_ma6,ma6_level,raw_structural_feature,raw_vs_structural_ma6,3155.1282051282064,5839.880952380953,2684.7527472527468,6.0,3.0,2684.7527472527468,1.0,,
price_family_ma6_structural_linked,raw_source,20024_district_of_columbia_dc__zip,median_ppsf,level,raw_source,raw_level,raw_structural_feature,raw_vs_structural_ma6,3.55116341464286,7.215046916871765,3.6638835022289054,12.0,8.0,3.6638835022289054,1.0,,
price_family_ma6_structural_linked,structural_ma6,20024_district_of_columbia_dc__zip,median_ppsf,level,structural_ma6,ma6_level,raw_structural_feature,raw_vs_structural_ma6,3.55116341464286,7.215046916871765,3.6638835022289054,12.0,8.0,3.6638835022289054,1.0,,
price_family_ma6_structural_linked,raw_source,20024_district_of_columbia_dc__zip,median_sale_price,level,raw_source,raw_level,raw_structural_feature,raw_vs_structural_ma6,7678.035714285706,9692.273809523804,2014.2380952380981,5.0,3.0,2014.2380952380981,1.0,,
price_family_ma6_structural_linked,structural_ma6,20024_district_of_columbia_dc__zip,median_sale_price,level,structural_ma6,ma6_level,raw_structural_feature,raw_vs_structural_ma6,7678.035714285706,9692.273809523804,2014.2380952380981,5.0,3.0,2014.2380952380981,1.0,,
price_family_ma6_structural_linked,raw_source,20027_district_of_columbia_dc__zip,median_ppsf,level,raw_source,raw_level,raw_structural_feature,raw_vs_structural_ma6,18.408220054888943,71.4894488363667,53.08122878147776,6.0,2.0,53.08122878147776,1.0,,
price_family_ma6_structural_linked,structural_ma6,20027_district_of_columbia_dc__zip,median_ppsf,level,structural_ma6,ma6_level,raw_structural_feature,raw_vs_structural_ma6,18.408220054888943,71.4894488363667,53.08122878147776,6.0,2.0,53.08122878147776,1.0,,
price_family_ma6_structural_linked,raw_source,20027_district_of_columbia_dc__zip,median_sale_price,level,raw_source,raw_level,raw_structural_feature,raw_vs_structural_ma6,179555.55555555562,537763.8888888889,358208.33333333326,11.0,8.0,358208.33333333326,1.0,,
price_family_ma6_structural_linked,structural_ma6,20027_district_of_columbia_dc__zip,median_sale_price,level,structural_ma6,ma6_level,raw_structural_feature,raw_vs_structural_ma6,179555.55555555562,537763.8888888889,358208.33333333326,11.0,8.0,358208.33333333326,1.0,,
price_family_ma6_structural_linked,raw_source,20030_district_of_columbia_dc__zip,median_ppsf,level,raw_source,raw_level,raw_structural_feature,raw_vs_structural_ma6,,,,,,,,,
price_family_ma6_structural_linked,structural_ma6,20030_district_of_columbia_dc__zip,median_ppsf,level,structural_ma6,ma6_level,raw_structural_feature,raw_vs_structural_ma6,,,,,,,,,
price_family_ma6_structural_linked,raw_source,20030_district_of_columbia_dc__zip,median_sale_price,level,raw_source,raw_level,raw_structural_feature,raw_vs_structural_ma6,,,,,,,,,
price_family_ma6_structural_linked,structural_ma6,20030_district_of_columbia_dc__zip,median_sale_price,level,structural_ma6,ma6_level,raw_structural_feature,raw_vs_structural_ma6,,,,,,,,,
price_family_ma6_structural_linked,raw_source,20032_district_of_columbia_dc__zip,median_ppsf,level,raw_source,raw_level,raw_structural_feature,raw_vs_structural_ma6,2.6115104078589857,3.864512921047619,1.2530025131886333,6.0,4.0,1.2530025131886333,1.0,,
price_family_ma6_structural_linked,structural_ma6,20032_district_of_columbia_dc__zip,median_ppsf,level,structural_ma6,ma6_level,raw_structural_feature,raw_vs_structural_ma6,2.6115104078589857,3.864512921047619,1.2530025131886333,6.0,4.0,1.2530025131886333,1.0,,
price_family_ma6_structural_linked,raw_source,20032_district_of_columbia_dc__zip,median_sale_price,level,raw_source,raw_level,raw_structural_feature,raw_vs_structural_ma6,4282.756410256408,6519.047619047621,2236.2912087912127,7.0,10.0,2236.2912087912127,1.0,,
price_family_ma6_structural_linked,structural_ma6,20032_district_of_columbia_dc__zip,median_sale_price,level,structural_ma6,ma6_level,raw_structural_feature,raw_vs_structural_ma6,4282.756410256408,6519.047619047621,2236.2912087912127,7.0,10.0,2236.2912087912127,1.0,,
price_family_ma6_structural_linked,raw_source,20036_district_of_columbia_dc__zip,median_ppsf,level,raw_source,raw_level,raw_structural_feature,raw_vs_structural_ma6,3.8436035043928802,7.7096568022857115,3.8660532978928313,12.0,5.0,3.8660532978928313,1.0,,
price_family_ma6_structural_linked,structural_ma6,20036_district_of_columbia_dc__zip,median_ppsf,level,structural_ma6,ma6_level,raw_structural_feature,raw_vs_structural_ma6,3.8436035043928802,7.7096568022857115,3.8660532978928313,12.0,5.0,3.8660532978928313,1.0,,
price_family_ma6_structural_linked,raw_source,20036_district_of_columbia_dc__zip,median_sale_price,level,raw_source,raw_level,raw_structural_feature,raw_vs_structural_ma6,4426.8273809523835,9439.148809523813,5012.321428571429,5.0,3.0,5012.321428571429,1.0,,
price_family_ma6_structural_linked,structural_ma6,20036_district_of_columbia_dc__zip,median_sale_price,level,structural_ma6,ma6_level,raw_structural_feature,raw_vs_structural_ma6,4426.8273809523835,9439.148809523813,5012.321428571429,5.0,3.0,5012.321428571429,1.0,,
price_family_ma6_structural_linked,raw_source,20037_district_of_columbia_dc__zip,median_ppsf,level,raw_source,raw_level,raw_structural_feature,raw_vs_structural_ma6,6.785777510345217,11.803975455999971,5.018197945654754,5.0,8.0,5.018197945654754,1.0,,
price_family_ma6_structural_linked,structural_ma6,20037_district_of_columbia_dc__zip,median_ppsf,level,structural_ma6,ma6_level,raw_structural_feature,raw_vs_structural_ma6,6.785777510345217,11.803975455999971,5.018197945654754,5.0,8.0,5.018197945654754,1.0,,
price_family_ma6_structural_linked,raw_source,20037_district_of_columbia_dc__zip,median_sale_price,level,raw_source,raw_level,raw_structural_feature,raw_vs_structural_ma6,12739.58333333333,24889.285714285714,12149.702380952383,10.0,2.0,12149.702380952383,1.0,,
price_family_ma6_structural_linked,structural_ma6,20037_district_of_columbia_dc__zip,median_sale_price,level,structural_ma6,ma6_level,raw_structural_feature,raw_vs_structural_ma6,12739.58333333333,24889.285714285714,12149.702380952383,10.0,2.0,12149.702380952383,1.0,,
price_family_ma6_structural_linked,raw_source,20040_district_of_columbia_dc__zip,median_ppsf,level,raw_source,raw_level,raw_structural_feature,raw_vs_structural_ma6,,,,,,,,,
price_family_ma6_structural_linked,structural_ma6,20040_district_of_columbia_dc__zip,median_ppsf,level,structural_ma6,ma6_level,raw_structural_feature,raw_vs_structural_ma6,,,,,,,,,
price_family_ma6_structural_linked,raw_source,20040_district_of_columbia_dc__zip,median_sale_price,level,raw_source,raw_level,raw_structural_feature,raw_vs_structural_ma6,,,,,,,,,
price_family_ma6_structural_linked,structural_ma6,20040_district_of_columbia_dc__zip,median_sale_price,level,structural_ma6,ma6_level,raw_structural_feature,raw_vs_structural_ma6,,,,,,,,,
price_family_ma6_structural_linked,raw_source,20059_district_of_columbia_dc__zip,median_ppsf,level,raw_source,raw_level,raw_structural_feature,raw_vs_structural_ma6,,,,,,,,,
price_family_ma6_structural_linked,structural_ma6,20059_district_of_columbia_dc__zip,median_ppsf,level,structural_ma6,ma6_level,raw_structural_feature,raw_vs_structural_ma6,,,,,,,,,
price_family_ma6_structural_linked,raw_source,20059_district_of_columbia_dc__zip,median_sale_price,level,raw_source,raw_level,raw_structural_feature,raw_vs_structural_ma6,,,,,,,,,
price_family_ma6_structural_linked,structural_ma6,20059_district_of_columbia_dc__zip,median_sale_price,level,structural_ma6,ma6_level,raw_structural_feature,raw_vs_structural_ma6,,,,,,,,,
price_family_ma6_structural_linked,raw_source,20060_district_of_columbia_dc__zip,median_ppsf,level,raw_source,raw_level,raw_structural_feature,raw_vs_structural_ma6,3.3840055083333027,33.75788186575001,30.373876357416705,7.0,12.0,30.373876357416705,1.0,,
price_family_ma6_structural_linked,structural_ma6,20060_district_of_columbia_dc__zip,median_ppsf,level,structural_ma6,ma6_level,raw_structural_feature,raw_vs_structural_ma6,3.3840055083333027,33.75788186575001,30.373876357416705,7.0,12.0,30.373876357416705,1.0,,
price_family_ma6_structural_linked,raw_source,20060_district_of_columbia_dc__zip,median_sale_price,level,raw_source,raw_level,raw_structural_feature,raw_vs_structural_ma6,12916.666666666628,39895.833333333314,26979.166666666686,6.0,9.0,26979.166666666686,1.0,,
price_family_ma6_structural_linked,structural_ma6,20060_district_of_columbia_dc__zip,median_sale_price,level,structural_ma6,ma6_level,raw_structural_feature,raw_vs_structural_ma6,12916.666666666628,39895.833333333314,26979.166666666686,6.0,9.0,26979.166666666686,1.0,,
price_family_ma6_structural_linked,raw_source,20216_district_of_columbia_dc__zip,median_ppsf,level,raw_source,raw_level,raw_structural_feature,raw_vs_structural_ma6,,,,,,,,,
price_family_ma6_structural_linked,structural_ma6,20216_district_of_columbia_dc__zip,median_ppsf,level,structural_ma6,ma6_level,raw_structural_feature,raw_vs_structural_ma6,,,,,,,,,
price_family_ma6_structural_linked,raw_source,20216_district_of_columbia_dc__zip,median_sale_price,level,raw_source,raw_level,raw_structural_feature,raw_vs_structural_ma6,,,,,,,,,
price_family_ma6_structural_linked,structural_ma6,20216_district_of_columbia_dc__zip,median_sale_price,level,structural_ma6,ma6_level,raw_structural_feature,raw_vs_structural_ma6,,,,,,,,,
price_family_ma6_structural_linked,raw_source,20226_district_of_columbia_dc__zip,median_ppsf,level,raw_source,raw_level,raw_structural_feature,raw_vs_structural_ma6,,,,,,,,,
price_family_ma6_structural_linked,structural_ma6,20226_district_of_columbia_dc__zip,median_ppsf,level,structural_ma6,ma6_level,raw_structural_feature,raw_vs_structural_ma6,,,,,,,,,
price_family_ma6_structural_linked,raw_source,20226_district_of_columbia_dc__zip,median_sale_price,level,raw_source,raw_level,raw_structural_feature,raw_vs_structural_ma6,,,,,,,,,
price_family_ma6_structural_linked,structural_ma6,20226_district_of_columbia_dc__zip,median_sale_price,level,structural_ma6,ma6_level,raw_structural_feature,raw_vs_structural_ma6,,,,,,,,,
price_family_ma6_structural_linked,raw_source,20227_district_of_columbia_dc__zip,median_ppsf,level,raw_source,raw_level,raw_structural_feature,raw_vs_structural_ma6,70.11999999999995,70.12000000000006,1.1368683772161603e-13,5.0,6.0,1.1368683772161603e-13,1.0,,
price_family_ma6_structural_linked,structural_ma6,20227_district_of_columbia_dc__zip,median_ppsf,level,structural_ma6,ma6_level,raw_structural_feature,raw_vs_structural_ma6,70.11999999999995,70.12000000000006,1.1368683772161603e-13,5.0,6.0,1.1368683772161603e-13,1.0,,
price_family_ma6_structural_linked,raw_source,20227_district_of_columbia_dc__zip,median_sale_price,level,raw_source,raw_level,raw_structural_feature,raw_vs_structural_ma6,283333.33333333326,283333.3333333334,1.1641532182693481e-10,6.0,5.0,1.1641532182693481e-10,1.0,,
price_family_ma6_structural_linked,structural_ma6,20227_district_of_columbia_dc__zip,median_sale_price,level,structural_ma6,ma6_level,raw_structural_feature,raw_vs_structural_ma6,283333.33333333326,283333.3333333334,1.1641532182693481e-10,6.0,5.0,1.1641532182693481e-10,1.0,,
price_family_ma6_structural_linked,raw_source,20306_district_of_columbia_dc__zip,median_ppsf,level,raw_source,raw_level,raw_structural_feature,raw_vs_structural_ma6,4.153333333333364,20.154166666666697,16.000833333333333,9.0,8.0,16.000833333333333,1.0,,
price_family_ma6_structural_linked,structural_ma6,20306_district_of_columbia_dc__zip,median_ppsf,level,structural_ma6,ma6_level,raw_structural_feature,raw_vs_structural_ma6,4.153333333333364,20.154166666666697,16.000833333333333,9.0,8.0,16.000833333333333,1.0,,
price_family_ma6_structural_linked,raw_source,20306_district_of_columbia_dc__zip,median_sale_price,level,raw_source,raw_level,raw_structural_feature,raw_vs_structural_ma6,10133.888888888896,59475.00000000003,49341.11111111113,3.0,9.0,49341.11111111113,1.0,,
price_family_ma6_structural_linked,structural_ma6,20306_district_of_columbia_dc__zip,median_sale_price,level,structural_ma6,ma6_level,raw_structural_feature,raw_vs_structural_ma6,10133.888888888896,59475.00000000003,49341.11111111113,3.0,9.0,49341.11111111113,1.0,,
price_family_ma6_structural_linked,raw_source,20391_district_of_columbia_dc__zip,median_ppsf,level,raw_source,raw_level,raw_structural_feature,raw_vs_structural_ma6,5.42683773248811,9.509357090785711,4.082519358297601,11.0,1.0,4.082519358297601,1.0,,
price_family_ma6_structural_linked,structural_ma6,20391_district_of_columbia_dc__zip,median_ppsf,level,structural_ma6,ma6_level,raw_structural_feature,raw_vs_structural_ma6,5.42683773248811,9.509357090785711,4.082519358297601,11.0,1.0,4.082519358297601,1.0,,
price_family_ma6_structural_linked,raw_source,20391_district_of_columbia_dc__zip,median_sale_price,level,raw_source,raw_level,raw_structural_feature,raw_vs_structural_ma6,11842.307692307688,24516.000000000022,12673.692307692334,7.0,3.0,12673.692307692334,1.0,,
price_family_ma6_structural_linked,structural_ma6,20391_district_of_columbia_dc__zip,median_sale_price,level,structural_ma6,ma6_level,raw_structural_feature,raw_vs_structural_ma6,11842.307692307688,24516.000000000022,12673.692307692334,7.0,3.0,12673.692307692334,1.0,,
price_family_ma6_structural_linked,raw_source,20398_district_of_columbia_dc__zip,median_ppsf,level,raw_source,raw_level,raw_structural_feature,raw_vs_structural_ma6,5.42683773248811,9.509357090785711,4.082519358297601,11.0,1.0,4.082519358297601,1.0,,
price_family_ma6_structural_linked,structural_ma6,20398_district_of_columbia_dc__zip,median_ppsf,level,structural_ma6,ma6_level,raw_structural_feature,raw_vs_structural_ma6,5.42683773248811,9.509357090785711,4.082519358297601,11.0,1.0,4.082519358297601,1.0,,
price_family_ma6_structural_linked,raw_source,20398_district_of_columbia_dc__zip,median_sale_price,level,raw_source,raw_level,raw_structural_feature,raw_vs_structural_ma6,11842.307692307688,24516.000000000022,12673.692307692334,7.0,3.0,12673.692307692334,1.0,,
price_family_ma6_structural_linked,structural_ma6,20398_district_of_columbia_dc__zip,median_sale_price,level,structural_ma6,ma6_level,raw_structural_feature,raw_vs_structural_ma6,11842.307692307688,24516.000000000022,12673.692307692334,7.0,3.0,12673.692307692334,1.0,,
price_family_ma6_structural_linked,raw_source,20422_district_of_columbia_dc__zip,median_ppsf,level,raw_source,raw_level,raw_structural_feature,raw_vs_structural_ma6,5.713333333333367,21.101666666666688,15.388333333333321,1.0,11.0,15.388333333333321,1.0,,
price_family_ma6_structural_linked,structural_ma6,20422_district_of_columbia_dc__zip,median_ppsf,level,structural_ma6,ma6_level,raw_structural_feature,raw_vs_structural_ma6,5.713333333333367,21.101666666666688,15.388333333333321,1.0,11.0,15.388333333333321,1.0,,
price_family_ma6_structural_linked,raw_source,20422_district_of_columbia_dc__zip,median_sale_price,level,raw_source,raw_level,raw_structural_feature,raw_vs_structural_ma6,288.5,144615.5,144327.0,4.0,9.0,144327.0,1.0,,
price_family_ma6_structural_linked,structural_ma6,20422_district_of_columbia_dc__zip,median_sale_price,level,structural_ma6,ma6_level,raw_structural_feature,raw_vs_structural_ma6,288.5,144615.5,144327.0,4.0,9.0,144327.0,1.0,,
price_family_ma6_structural_linked,raw_source,20515_district_of_columbia_dc__zip,median_ppsf,level,raw_source,raw_level,raw_structural_feature,raw_vs_structural_ma6,,,,,,,,,
price_family_ma6_structural_linked,structural_ma6,20515_district_of_columbia_dc__zip,median_ppsf,level,structural_ma6,ma6_level,raw_structural_feature,raw_vs_structural_ma6,,,,,,,,,
price_family_ma6_structural_linked,raw_source,20515_district_of_columbia_dc__zip,median_sale_price,level,raw_source,raw_level,raw_structural_feature,raw_vs_structural_ma6,,,,,,,,,
price_family_ma6_structural_linked,structural_ma6,20515_district_of_columbia_dc__zip,median_sale_price,level,structural_ma6,ma6_level,raw_structural_feature,raw_vs_structural_ma6,,,,,,,,,
price_family_ma6_structural_linked,raw_source,20529_district_of_columbia_dc__zip,median_ppsf,level,raw_source,raw_level,raw_structural_feature,raw_vs_structural_ma6,,,,,,,,,
price_family_ma6_structural_linked,structural_ma6,20529_district_of_columbia_dc__zip,median_ppsf,level,structural_ma6,ma6_level,raw_structural_feature,raw_vs_structural_ma6,,,,,,,,,
price_family_ma6_structural_linked,raw_source,20529_district_of_columbia_dc__zip,median_sale_price,level,raw_source,raw_level,raw_structural_feature,raw_vs_structural_ma6,,,,,,,,,
price_family_ma6_structural_linked,structural_ma6,20529_district_of_columbia_dc__zip,median_sale_price,level,structural_ma6,ma6_level,raw_structural_feature,raw_vs_structural_ma6,,,,,,,,,
price_family_ma6_structural_linked,raw_source,20560_district_of_columbia_dc__zip,median_sale_price,level,raw_source,raw_level,raw_structural_feature,raw_vs_structural_ma6,,,,,,,,,
price_family_ma6_structural_linked,structural_ma6,20560_district_of_columbia_dc__zip,median_sale_price,level,structural_ma6,ma6_level,raw_structural_feature,raw_vs_structural_ma6,,,,,,,,,
price_family_ma6_structural_linked,raw_source,20593_district_of_columbia_dc__zip,median_ppsf,level,raw_source,raw_level,raw_structural_feature,raw_vs_structural_ma6,12.010833333333323,38.89958333333328,26.88874999999996,4.0,6.0,26.88874999999996,1.0,,
price_family_ma6_structural_linked,structural_ma6,20593_district_of_columbia_dc__zip,median_ppsf,level,structural_ma6,ma6_level,raw_structural_feature,raw_vs_structural_ma6,12.010833333333323,38.89958333333328,26.88874999999996,4.0,6.0,26.88874999999996,1.0,,
price_family_ma6_structural_linked,raw_source,20593_district_of_columbia_dc__zip,median_sale_price,level,raw_source,raw_level,raw_structural_feature,raw_vs_structural_ma6,20370.00000000003,107933.33333333333,87563.3333333333,4.0,7.0,87563.3333333333,1.0,,
price_family_ma6_structural_linked,structural_ma6,20593_district_of_columbia_dc__zip,median_sale_price,level,structural_ma6,ma6_level,raw_structural_feature,raw_vs_structural_ma6,20370.00000000003,107933.33333333333,87563.3333333333,4.0,7.0,87563.3333333333,1.0,,
price_family_ma6_structural_linked,raw_source,20601_prince_george_s_county_md__zip,median_ppsf,level,raw_source,raw_level,raw_structural_feature,raw_vs_structural_ma6,1.1257058251428578,1.6246707351666623,0.4989649100238045,11.0,8.0,0.4989649100238045,1.0,,
price_family_ma6_structural_linked,structural_ma6,20601_prince_george_s_county_md__zip,median_ppsf,level,structural_ma6,ma6_level,raw_structural_feature,raw_vs_structural_ma6,1.1257058251428578,1.6246707351666623,0.4989649100238045,11.0,8.0,0.4989649100238045,1.0,,
price_family_ma6_structural_linked,raw_source,20601_prince_george_s_county_md__zip,median_sale_price,level,raw_source,raw_level,raw_structural_feature,raw_vs_structural_ma6,1670.976190476192,3835.4294871794878,2164.4532967032956,3.0,7.0,2164.4532967032956,1.0,,
price_family_ma6_structural_linked,structural_ma6,20601_prince_george_s_county_md__zip,median_sale_price,level,structural_ma6,ma6_level,raw_structural_feature,raw_vs_structural_ma6,1670.976190476192,3835.4294871794878,2164.4532967032956,3.0,7.0,2164.4532967032956,1.0,,
price_family_ma6_structural_linked,raw_source,20607_prince_george_s_county_md__zip,median_ppsf,level,raw_source,raw_level,raw_structural_feature,raw_vs_structural_ma6,1.462058921773803,2.4409024057435857,0.9788434839697828,12.0,8.0,0.9788434839697828,1.0,,
price_family_ma6_structural_linked,structural_ma6,20607_prince_george_s_county_md__zip,median_ppsf,level,structural_ma6,ma6_level,raw_structural_feature,raw_vs_structural_ma6,1.462058921773803,2.4409024057435857,0.9788434839697828,12.0,8.0,0.9788434839697828,1.0,,
price_family_ma6_structural_linked,raw_source,20607_prince_george_s_county_md__zip,median_sale_price,level,raw_source,raw_level,raw_structural_feature,raw_vs_structural_ma6,3529.374999999996,6558.20833333333,3028.8333333333344,2.0,11.0,3028.8333333333344,1.0,,
price_family_ma6_structural_linked,structural_ma6,20607_prince_george_s_county_md__zip,median_sale_price,level,structural_ma6,ma6_level,raw_structural_feature,raw_vs_structural_ma6,3529.374999999996,6558.20833333333,3028.8333333333344,2.0,11.0,3028.8333333333344,1.0,,
price_family_ma6_structural_linked,raw_source,20608_prince_george_s_county_md__zip,median_ppsf,level,raw_source,raw_level,raw_structural_feature,raw_vs_structural_ma6,4.711460228807687,12.525169550416663,7.813709321608976,6.0,2.0,7.813709321608976,1.0,,
price_family_ma6_structural_linked,structural_ma6,20608_prince_george_s_county_md__zip,median_ppsf,level,structural_ma6,ma6_level,raw_structural_feature,raw_vs_structural_ma6,4.711460228807687,12.525169550416663,7.813709321608976,6.0,2.0,7.813709321608976,1.0,,
price_family_ma6_structural_linked,raw_source,20608_prince_george_s_county_md__zip,median_sale_price,level,raw_source,raw_level,raw_structural_feature,raw_vs_structural_ma6,21416.666666666653,33540.115384615376,12123.448717948722,10.0,8.0,12123.448717948722,1.0,,
price_family_ma6_structural_linked,structural_ma6,20608_prince_george_s_county_md__zip,median_sale_price,level,structural_ma6,ma6_level,raw_structural_feature,raw_vs_structural_ma6,21416.666666666653,33540.115384615376,12123.448717948722,10.0,8.0,12123.448717948722,1.0,,
price_family_ma6_structural_linked,raw_source,20613_prince_george_s_county_md__zip,median_ppsf,level,raw_source,raw_level,raw_structural_feature,raw_vs_structural_ma6,1.120920606452383,1.686307716749999,0.565387110297616,12.0,3.0,0.565387110297616,1.0,,
price_family_ma6_structural_linked,structural_ma6,20613_prince_george_s_county_md__zip,median_ppsf,level,structural_ma6,ma6_level,raw_structural_feature,raw_vs_structural_ma6,1.120920606452383,1.686307716749999,0.565387110297616,12.0,3.0,0.565387110297616,1.0,,
price_family_ma6_structural_linked,raw_source,20613_prince_george_s_county_md__zip,median_sale_price,level,raw_source,raw_level,raw_structural_feature,raw_vs_structural_ma6,4054.666666666665,7582.880952380968,3528.2142857143026,4.0,10.0,3528.2142857143026,1.0,,
price_family_ma6_structural_linked,structural_ma6,20613_prince_george_s_county_md__zip,median_sale_price,level,structural_ma6,ma6_level,raw_structural_feature,raw_vs_structural_ma6,4054.666666666665,7582.880952380968,3528.2142857143026,4.0,10.0,3528.2142857143026,1.0,,
price_family_ma6_structural_linked,raw_source,20616_prince_george_s_county_md__zip,median_ppsf,level,raw_source,raw_level,raw_structural_feature,raw_vs_structural_ma6,0.9884519615476088,1.8694323550512888,0.88098039350368,3.0,7.0,0.88098039350368,1.0,,
price_family_ma6_structural_linked,structural_ma6,20616_prince_george_s_county_md__zip,median_ppsf,level,structural_ma6,ma6_level,raw_structural_feature,raw_vs_structural_ma6,0.9884519615476088,1.8694323550512888,0.88098039350368,3.0,7.0,0.88098039350368,1.0,,
price_family_ma6_structural_linked,raw_source,20616_prince_george_s_county_md__zip,median_sale_price,level,raw_source,raw_level,raw_structural_feature,raw_vs_structural_ma6,3253.761904761906,5201.696428571433,1947.934523809527,5.0,10.0,1947.934523809527,1.0,,
price_family_ma6_structural_linked,structural_ma6,20616_prince_george_s_county_md__zip,median_sale_price,level,structural_ma6,ma6_level,raw_structural_feature,raw_vs_structural_ma6,3253.761904761906,5201.696428571433,1947.934523809527,5.0,10.0,1947.934523809527,1.0,,
price_family_ma6_structural_linked,raw_source,20623_prince_george_s_county_md__zip,median_ppsf,level,raw_source,raw_level,raw_structural_feature,raw_vs_structural_ma6,2.4491201210833276,6.533548095642857,4.08442797455953,1.0,3.0,4.08442797455953,1.0,,
price_family_ma6_structural_linked,structural_ma6,20623_prince_george_s_county_md__zip,median_ppsf,level,structural_ma6,ma6_level,raw_structural_feature,raw_vs_structural_ma6,2.4491201210833276,6.533548095642857,4.08442797455953,1.0,3.0,4.08442797455953,1.0,,
price_family_ma6_structural_linked,raw_source,20623_prince_george_s_county_md__zip,median_sale_price,level,raw_source,raw_level,raw_structural_feature,raw_vs_structural_ma6,5638.147435897437,12773.82738095238,7135.679945054942,6.0,4.0,7135.679945054942,1.0,,
price_family_ma6_structural_linked,structural_ma6,20623_prince_george_s_county_md__zip,median_sale_price,level,structural_ma6,ma6_level,raw_structural_feature,raw_vs_structural_ma6,5638.147435897437,12773.82738095238,7135.679945054942,6.0,4.0,7135.679945054942,1.0,,
price_family_ma6_structural_linked,raw_source,20703_prince_george_s_county_md__zip,median_ppsf,level,raw_source,raw_level,raw_structural_feature,raw_vs_structural_ma6,,,,,,,,,
price_family_ma6_structural_linked,structural_ma6,20703_prince_george_s_county_md__zip,median_ppsf,level,structural_ma6,ma6_level,raw_structural_feature,raw_vs_structural_ma6,,,,,,,,,
price_family_ma6_structural_linked,raw_source,20703_prince_george_s_county_md__zip,median_sale_price,level,raw_source,raw_level,raw_structural_feature,raw_vs_structural_ma6,,,,,,,,,
price_family_ma6_structural_linked,structural_ma6,20703_prince_george_s_county_md__zip,median_sale_price,level,structural_ma6,ma6_level,raw_structural_feature,raw_vs_structural_ma6,,,,,,,,,
price_family_ma6_structural_linked,raw_source,20704_prince_george_s_county_md__zip,median_ppsf,level,raw_source,raw_level,raw_structural_feature,raw_vs_structural_ma6,,,,,,,,,
price_family_ma6_structural_linked,structural_ma6,20704_prince_george_s_county_md__zip,median_ppsf,level,structural_ma6,ma6_level,raw_structural_feature,raw_vs_structural_ma6,,,,,,,,,
price_family_ma6_structural_linked,raw_source,20704_prince_george_s_county_md__zip,median_sale_price,level,raw_source,raw_level,raw_structural_feature,raw_vs_structural_ma6,,,,,,,,,
price_family_ma6_structural_linked,structural_ma6,20704_prince_george_s_county_md__zip,median_sale_price,level,structural_ma6,ma6_level,raw_structural_feature,raw_vs_structural_ma6,,,,,,,,,
price_family_ma6_structural_linked,raw_source,20705_prince_george_s_county_md__zip,median_ppsf,level,raw_source,raw_level,raw_structural_feature,raw_vs_structural_ma6,1.7897875390384592,3.1612828866785594,1.3714953476401002,8.0,9.0,1.3714953476401002,1.0,,
price_family_ma6_structural_linked,structural_ma6,20705_prince_george_s_county_md__zip,median_ppsf,level,structural_ma6,ma6_level,raw_structural_feature,raw_vs_structural_ma6,1.7897875390384592,3.1612828866785594,1.3714953476401002,8.0,9.0,1.3714953476401002,1.0,,
price_family_ma6_structural_linked,raw_source,20705_prince_george_s_county_md__zip,median_sale_price,level,raw_source,raw_level,raw_structural_feature,raw_vs_structural_ma6,3474.4404761904757,5672.653846153839,2198.2133699633637,5.0,7.0,2198.2133699633637,1.0,,
price_family_ma6_structural_linked,structural_ma6,20705_prince_george_s_county_md__zip,median_sale_price,level,structural_ma6,ma6_level,raw_structural_feature,raw_vs_structural_ma6,3474.4404761904757,5672.653846153839,2198.2133699633637,5.0,7.0,2198.2133699633637,1.0,,
price_family_ma6_structural_linked,raw_source,20706_prince_george_s_county_md__zip,median_ppsf,level,raw_source,raw_level,raw_structural_feature,raw_vs_structural_ma6,1.060712919976186,2.09646649980768,1.035753579831494,3.0,6.0,1.035753579831494,1.0,,
price_family_ma6_structural_linked,structural_ma6,20706_prince_george_s_county_md__zip,median_ppsf,level,structural_ma6,ma6_level,raw_structural_feature,raw_vs_structural_ma6,1.060712919976186,2.09646649980768,1.035753579831494,3.0,6.0,1.035753579831494,1.0,,
price_family_ma6_structural_linked,raw_source,20706_prince_george_s_county_md__zip,median_sale_price,level,raw_source,raw_level,raw_structural_feature,raw_vs_structural_ma6,2029.8630952380938,3898.6904761904757,1868.8273809523819,5.0,9.0,1868.8273809523819,1.0,,
price_family_ma6_structural_linked,structural_ma6,20706_prince_george_s_county_md__zip,median_sale_price,level,structural_ma6,ma6_level,raw_structural_feature,raw_vs_structural_ma6,2029.8630952380938,3898.6904761904757,1868.8273809523819,5.0,9.0,1868.8273809523819,1.0,,
price_family_ma6_structural_linked,raw_source,20707_prince_george_s_county_md__zip,median_ppsf,level,raw_source,raw_level,raw_structural_feature,raw_vs_structural_ma6,1.1370772847380965,1.8340920905357214,0.6970148057976249,12.0,11.0,0.6970148057976249,1.0,,
price_family_ma6_structural_linked,structural_ma6,20707_prince_george_s_county_md__zip,median_ppsf,level,structural_ma6,ma6_level,raw_structural_feature,raw_vs_structural_ma6,1.1370772847380965,1.8340920905357214,0.6970148057976249,12.0,11.0,0.6970148057976249,1.0,,
price_family_ma6_structural_linked,raw_source,20707_prince_george_s_county_md__zip,median_sale_price,level,raw_source,raw_level,raw_structural_feature,raw_vs_structural_ma6,1970.833333333337,5297.9487179487205,3327.115384615384,11.0,6.0,3327.115384615384,1.0,,
price_family_ma6_structural_linked,structural_ma6,20707_prince_george_s_county_md__zip,median_sale_price,level,structural_ma6,ma6_level,raw_structural_feature,raw_vs_structural_ma6,1970.833333333337,5297.9487179487205,3327.115384615384,11.0,6.0,3327.115384615384,1.0,,
price_family_ma6_structural_linked,raw_source,20708_prince_george_s_county_md__zip,median_ppsf,level,raw_source,raw_level,raw_structural_feature,raw_vs_structural_ma6,1.4482950130476258,2.4630696689285694,1.0147746558809436,11.0,2.0,1.0147746558809436,1.0,,
price_family_ma6_structural_linked,structural_ma6,20708_prince_george_s_county_md__zip,median_ppsf,level,structural_ma6,ma6_level,raw_structural_feature,raw_vs_structural_ma6,1.4482950130476258,2.4630696689285694,1.0147746558809436,11.0,2.0,1.0147746558809436,1.0,,
price_family_ma6_structural_linked,raw_source,20708_prince_george_s_county_md__zip,median_sale_price,level,raw_source,raw_level,raw_structural_feature,raw_vs_structural_ma6,2887.916666666682,7515.166666666657,4627.2499999999745,3.0,6.0,4627.2499999999745,1.0,,
price_family_ma6_structural_linked,structural_ma6,20708_prince_george_s_county_md__zip,median_sale_price,level,structural_ma6,ma6_level,raw_structural_feature,raw_vs_structural_ma6,2887.916666666682,7515.166666666657,4627.2499999999745,3.0,6.0,4627.2499999999745,1.0,,
price_family_ma6_structural_linked,raw_source,20710_prince_george_s_county_md__zip,median_ppsf,level,raw_source,raw_level,raw_structural_feature,raw_vs_structural_ma6,4.490612497892862,8.004329457654753,3.513716959761892,1.0,10.0,3.513716959761892,1.0,,
price_family_ma6_structural_linked,structural_ma6,20710_prince_george_s_county_md__zip,median_ppsf,level,structural_ma6,ma6_level,raw_structural_feature,raw_vs_structural_ma6,4.490612497892862,8.004329457654753,3.513716959761892,1.0,10.0,3.513716959761892,1.0,,
price_family_ma6_structural_linked,raw_source,20710_prince_george_s_county_md__zip,median_sale_price,level,raw_source,raw_level,raw_structural_feature,raw_vs_structural_ma6,6647.613095238104,10846.371794871793,4198.7586996336895,4.0,8.0,4198.7586996336895,1.0,,
price_family_ma6_structural_linked,structural_ma6,20710_prince_george_s_county_md__zip,median_sale_price,level,structural_ma6,ma6_level,raw_structural_feature,raw_vs_structural_ma6,6647.613095238104,10846.371794871793,4198.7586996336895,4.0,8.0,4198.7586996336895,1.0,,
price_family_ma6_structural_linked,raw_source,20712_prince_george_s_county_md__zip,median_ppsf,level,raw_source,raw_level,raw_structural_feature,raw_vs_structural_ma6,4.2663666450000095,6.970799842095247,2.7044331970952378,2.0,9.0,2.7044331970952378,1.0,,
price_family_ma6_structural_linked,structural_ma6,20712_prince_george_s_county_md__zip,median_ppsf,level,structural_ma6,ma6_level,raw_structural_feature,raw_vs_structural_ma6,4.2663666450000095,6.970799842095247,2.7044331970952378,2.0,9.0,2.7044331970952378,1.0,,
price_family_ma6_structural_linked,raw_source,20712_prince_george_s_county_md__zip,median_sale_price,level,raw_source,raw_level,raw_structural_feature,raw_vs_structural_ma6,7499.184523809525,11596.474358974361,4097.289835164836,5.0,8.0,4097.289835164836,1.0,,
price_family_ma6_structural_linked,structural_ma6,20712_prince_george_s_county_md__zip,median_sale_price,level,structural_ma6,ma6_level,raw_structural_feature,raw_vs_structural_ma6,7499.184523809525,11596.474358974361,4097.289835164836,5.0,8.0,4097.289835164836,1.0,,
price_family_ma6_structural_linked,raw_source,20715_prince_george_s_county_md__zip,median_ppsf,level,raw_source,raw_level,raw_structural_feature,raw_vs_structural_ma6,0.957481139571439,2.3101723035512824,1.3526911639798436,12.0,7.0,1.3526911639798436,1.0,,
price_family_ma6_structural_linked,structural_ma6,20715_prince_george_s_county_md__zip,median_ppsf,level,structural_ma6,ma6_level,raw_structural_feature,raw_vs_structural_ma6,0.957481139571439,2.3101723035512824,1.3526911639798436,12.0,7.0,1.3526911639798436,1.0,,
price_family_ma6_structural_linked,raw_source,20715_prince_george_s_county_md__zip,median_sale_price,level,raw_source,raw_level,raw_structural_feature,raw_vs_structural_ma6,1780.9642857142899,5040.384615384624,3259.4203296703345,3.0,8.0,3259.4203296703345,1.0,,
price_family_ma6_structural_linked,structural_ma6,20715_prince_george_s_county_md__zip,median_sale_price,level,structural_ma6,ma6_level,raw_structural_feature,raw_vs_structural_ma6,1780.9642857142899,5040.384615384624,3259.4203296703345,3.0,8.0,3259.4203296703345,1.0,,
price_family_ma6_structural_linked,raw_source,20716_prince_george_s_county_md__zip,median_ppsf,level,raw_source,raw_level,raw_structural_feature,raw_vs_structural_ma6,1.2431118668928585,1.853944066128205,0.6108321992353465,11.0,8.0,0.6108321992353465,1.0,,
price_family_ma6_structural_linked,structural_ma6,20716_prince_george_s_county_md__zip,median_ppsf,level,structural_ma6,ma6_level,raw_structural_feature,raw_vs_structural_ma6,1.2431118668928585,1.853944066128205,0.6108321992353465,11.0,8.0,0.6108321992353465,1.0,,
price_family_ma6_structural_linked,raw_source,20716_prince_george_s_county_md__zip,median_sale_price,level,raw_source,raw_level,raw_structural_feature,raw_vs_structural_ma6,3084.5297619047633,4452.602564102567,1368.0728021978039,4.0,8.0,1368.0728021978039,1.0,,
price_family_ma6_structural_linked,structural_ma6,20716_prince_george_s_county_md__zip,median_sale_price,level,structural_ma6,ma6_level,raw_structural_feature,raw_vs_structural_ma6,3084.5297619047633,4452.602564102567,1368.0728021978039,4.0,8.0,1368.0728021978039,1.0,,
price_family_ma6_structural_linked,raw_source,20717_prince_george_s_county_md__zip,median_ppsf,level,raw_source,raw_level,raw_structural_feature,raw_vs_structural_ma6,3.067145567541676,6.002089119871804,2.934943552330128,10.0,2.0,2.934943552330128,1.0,,
price_family_ma6_structural_linked,structural_ma6,20717_prince_george_s_county_md__zip,median_ppsf,level,structural_ma6,ma6_level,raw_structural_feature,raw_vs_structural_ma6,3.067145567541676,6.002089119871804,2.934943552330128,10.0,2.0,2.934943552330128,1.0,,
price_family_ma6_structural_linked,raw_source,20717_prince_george_s_county_md__zip,median_sale_price,level,raw_source,raw_level,raw_structural_feature,raw_vs_structural_ma6,7118.850000000006,16563.54166666667,9444.691666666666,3.0,10.0,9444.691666666666,1.0,,
price_family_ma6_structural_linked,structural_ma6,20717_prince_george_s_county_md__zip,median_sale_price,level,structural_ma6,ma6_level,raw_structural_feature,raw_vs_structural_ma6,7118.850000000006,16563.54166666667,9444.691666666666,3.0,10.0,9444.691666666666,1.0,,
price_family_ma6_structural_linked,raw_source,20720_prince_george_s_county_md__zip,median_ppsf,level,raw_source,raw_level,raw_structural_feature,raw_vs_structural_ma6,1.5145209326785718,2.418118572119052,0.9035976394404801,2.0,9.0,0.9035976394404801,1.0,,
price_family_ma6_structural_linked,structural_ma6,20720_prince_george_s_county_md__zip,median_ppsf,level,structural_ma6,ma6_level,raw_structural_feature,raw_vs_structural_ma6,1.5145209326785718,2.418118572119052,0.9035976394404801,2.0,9.0,0.9035976394404801,1.0,,
price_family_ma6_structural_linked,raw_source,20720_prince_george_s_county_md__zip,median_sale_price,level,raw_source,raw_level,raw_structural_feature,raw_vs_structural_ma6,5365.630952380951,8106.4102564102595,2740.779304029308,4.0,8.0,2740.779304029308,1.0,,
price_family_ma6_structural_linked,structural_ma6,20720_prince_george_s_county_md__zip,median_sale_price,level,structural_ma6,ma6_level,raw_structural_feature,raw_vs_structural_ma6,5365.630952380951,8106.4102564102595,2740.779304029308,4.0,8.0,2740.779304029308,1.0,,
price_family_ma6_structural_linked,raw_source,20721_prince_george_s_county_md__zip,median_ppsf,level,raw_source,raw_level,raw_structural_feature,raw_vs_structural_ma6,1.1686210456538428,1.8019566867619008,0.633335641108058,8.0,1.0,0.633335641108058,1.0,,
price_family_ma6_structural_linked,structural_ma6,20721_prince_george_s_county_md__zip,median_ppsf,level,structural_ma6,ma6_level,raw_structural_feature,raw_vs_structural_ma6,1.1686210456538428,1.8019566867619008,0.633335641108058,8.0,1.0,0.633335641108058,1.0,,
price_family_ma6_structural_linked,raw_source,20721_prince_george_s_county_md__zip,median_sale_price,level,raw_source,raw_level,raw_structural_feature,raw_vs_structural_ma6,2677.000000000008,6857.607142857151,4180.607142857143,10.0,5.0,4180.607142857143,1.0,,
price_family_ma6_structural_linked,structural_ma6,20721_prince_george_s_county_md__zip,median_sale_price,level,structural_ma6,ma6_level,raw_structural_feature,raw_vs_structural_ma6,2677.000000000008,6857.607142857151,4180.607142857143,10.0,5.0,4180.607142857143,1.0,,
price_family_ma6_structural_linked,raw_source,20722_prince_george_s_county_md__zip,median_ppsf,level,raw_source,raw_level,raw_structural_feature,raw_vs_structural_ma6,4.098698428964277,6.965167250642858,2.8664688216785805,5.0,2.0,2.8664688216785805,1.0,,
price_family_ma6_structural_linked,structural_ma6,20722_prince_george_s_county_md__zip,median_ppsf,level,structural_ma6,ma6_level,raw_structural_feature,raw_vs_structural_ma6,4.098698428964277,6.965167250642858,2.8664688216785805,5.0,2.0,2.8664688216785805,1.0,,
price_family_ma6_structural_linked,raw_source,20722_prince_george_s_county_md__zip,median_sale_price,level,raw_source,raw_level,raw_structural_feature,raw_vs_structural_ma6,4018.749999999996,9979.672619047613,5960.9226190476165,10.0,2.0,5960.9226190476165,1.0,,
price_family_ma6_structural_linked,structural_ma6,20722_prince_george_s_county_md__zip,median_sale_price,level,structural_ma6,ma6_level,raw_structural_feature,raw_vs_structural_ma6,4018.749999999996,9979.672619047613,5960.9226190476165,10.0,2.0,5960.9226190476165,1.0,,
price_family_ma6_structural_linked,raw_source,20731_prince_george_s_county_md__zip,median_ppsf,level,raw_source,raw_level,raw_structural_feature,raw_vs_structural_ma6,4.6682570742500005,17.171073240333328,12.502816166083328,4.0,11.0,12.502816166083328,1.0,,
price_family_ma6_structural_linked,structural_ma6,20731_prince_george_s_county_md__zip,median_ppsf,level,structural_ma6,ma6_level,raw_structural_feature,raw_vs_structural_ma6,4.6682570742500005,17.171073240333328,12.502816166083328,4.0,11.0,12.502816166083328,1.0,,
price_family_ma6_structural_linked,raw_source,20731_prince_george_s_county_md__zip,median_sale_price,level,raw_source,raw_level,raw_structural_feature,raw_vs_structural_ma6,9716.666666666666,17470.833333333343,7754.166666666677,10.0,4.0,7754.166666666677,1.0,,
price_family_ma6_structural_linked,structural_ma6,20731_prince_george_s_county_md__zip,median_sale_price,level,structural_ma6,ma6_level,raw_structural_feature,raw_vs_structural_ma6,9716.666666666666,17470.833333333343,7754.166666666677,10.0,4.0,7754.166666666677,1.0,,
price_family_ma6_structural_linked,raw_source,20735_prince_george_s_county_md__zip,median_ppsf,level,raw_source,raw_level,raw_structural_feature,raw_vs_structural_ma6,0.9683608795714298,2.458803626410254,1.4904427468388242,1.0,8.0,1.4904427468388242,1.0,,
price_family_ma6_structural_linked,structural_ma6,20735_prince_george_s_county_md__zip,median_ppsf,level,structural_ma6,ma6_level,raw_structural_feature,raw_vs_structural_ma6,0.9683608795714298,2.458803626410254,1.4904427468388242,1.0,8.0,1.4904427468388242,1.0,,
price_family_ma6_structural_linked,raw_source,20735_prince_george_s_county_md__zip,median_sale_price,level,raw_source,raw_level,raw_structural_feature,raw_vs_structural_ma6,1252.3809523809573,3167.6923076923076,1915.3113553113503,4.0,7.0,1915.3113553113503,1.0,,
price_family_ma6_structural_linked,structural_ma6,20735_prince_george_s_county_md__zip,median_sale_price,level,structural_ma6,ma6_level,raw_structural_feature,raw_vs_structural_ma6,1252.3809523809573,3167.6923076923076,1915.3113553113503,4.0,7.0,1915.3113553113503,1.0,,
price_family_ma6_structural_linked,raw_source,20737_prince_george_s_county_md__zip,median_ppsf,level,raw_source,raw_level,raw_structural_feature,raw_vs_structural_ma6,1.6255176413809604,4.3817727556410215,2.7562551142600613,1.0,6.0,2.7562551142600613,1.0,,
price_family_ma6_structural_linked,structural_ma6,20737_prince_george_s_county_md__zip,median_ppsf,level,structural_ma6,ma6_level,raw_structural_feature,raw_vs_structural_ma6,1.6255176413809604,4.3817727556410215,2.7562551142600613,1.0,6.0,2.7562551142600613,1.0,,
price_family_ma6_structural_linked,raw_source,20737_prince_george_s_county_md__zip,median_sale_price,level,raw_source,raw_level,raw_structural_feature,raw_vs_structural_ma6,2598.0654761904734,7299.262820512818,4701.197344322344,3.0,8.0,4701.197344322344,1.0,,
price_family_ma6_structural_linked,structural_ma6,20737_prince_george_s_county_md__zip,median_sale_price,level,structural_ma6,ma6_level,raw_structural_feature,raw_vs_structural_ma6,2598.0654761904734,7299.262820512818,4701.197344322344,3.0,8.0,4701.197344322344,1.0,,
price_family_ma6_structural_linked,raw_source,20740_prince_george_s_county_md__zip,median_ppsf,level,raw_source,raw_level,raw_structural_feature,raw_vs_structural_ma6,1.77012443377381,3.245134698928573,1.475010265154763,3.0,1.0,1.475010265154763,1.0,,
price_family_ma6_structural_linked,structural_ma6,20740_prince_george_s_county_md__zip,median_ppsf,level,structural_ma6,ma6_level,raw_structural_feature,raw_vs_structural_ma6,1.77012443377381,3.245134698928573,1.475010265154763,3.0,1.0,1.475010265154763,1.0,,
price_family_ma6_structural_linked,raw_source,20740_prince_george_s_county_md__zip,median_sale_price,level,raw_source,raw_level,raw_structural_feature,raw_vs_structural_ma6,1938.523809523804,7143.249999999992,5204.726190476188,1.0,9.0,5204.726190476188,1.0,,
price_family_ma6_structural_linked,structural_ma6,20740_prince_george_s_county_md__zip,median_sale_price,level,structural_ma6,ma6_level,raw_structural_feature,raw_vs_structural_ma6,1938.523809523804,7143.249999999992,5204.726190476188,1.0,9.0,5204.726190476188,1.0,,
price_family_ma6_structural_linked,raw_source,20741_prince_george_s_county_md__zip,median_ppsf,level,raw_source,raw_level,raw_structural_feature,raw_vs_structural_ma6,0.7476482116666432,21.18475576958332,20.437107557916676,10.0,8.0,20.437107557916676,1.0,,
price_family_ma6_structural_linked,structural_ma6,20741_prince_george_s_county_md__zip,median_ppsf,level,structural_ma6,ma6_level,raw_structural_feature,raw_vs_structural_ma6,0.7476482116666432,21.18475576958332,20.437107557916676,10.0,8.0,20.437107557916676,1.0,,
price_family_ma6_structural_linked,raw_source,20741_prince_george_s_county_md__zip,median_sale_price,level,raw_source,raw_level,raw_structural_feature,raw_vs_structural_ma6,3333.333333333314,24333.33333333333,21000.000000000015,2.0,8.0,21000.000000000015,1.0,,
price_family_ma6_structural_linked,structural_ma6,20741_prince_george_s_county_md__zip,median_sale_price,level,structural_ma6,ma6_level,raw_structural_feature,raw_vs_structural_ma6,3333.333333333314,24333.33333333333,21000.000000000015,2.0,8.0,21000.000000000015,1.0,,
price_family_ma6_structural_linked,raw_source,20743_prince_george_s_county_md__zip,median_ppsf,level,raw_source,raw_level,raw_structural_feature,raw_vs_structural_ma6,1.322915533845237,2.4173186402692175,1.0944031064239805,11.0,7.0,1.0944031064239805,1.0,,
price_family_ma6_structural_linked,structural_ma6,20743_prince_george_s_county_md__zip,median_ppsf,level,structural_ma6,ma6_level,raw_structural_feature,raw_vs_structural_ma6,1.322915533845237,2.4173186402692175,1.0944031064239805,11.0,7.0,1.0944031064239805,1.0,,
price_family_ma6_structural_linked,raw_source,20743_prince_george_s_county_md__zip,median_sale_price,level,raw_source,raw_level,raw_structural_feature,raw_vs_structural_ma6,1840.732142857143,3089.4551282051275,1248.7229853479846,1.0,7.0,1248.7229853479846,1.0,,
price_family_ma6_structural_linked,structural_ma6,20743_prince_george_s_county_md__zip,median_sale_price,level,structural_ma6,ma6_level,raw_structural_feature,raw_vs_structural_ma6,1840.732142857143,3089.4551282051275,1248.7229853479846,1.0,7.0,1248.7229853479846,1.0,,
price_family_ma6_structural_linked,raw_source,20744_prince_george_s_county_md__zip,median_ppsf,level,raw_source,raw_level,raw_structural_feature,raw_vs_structural_ma6,1.0444180103690488,2.0039691252948773,0.9595511149258285,4.0,7.0,0.9595511149258285,1.0,,
price_family_ma6_structural_linked,structural_ma6,20744_prince_george_s_county_md__zip,median_ppsf,level,structural_ma6,ma6_level,raw_structural_feature,raw_vs_structural_ma6,1.0444180103690488,2.0039691252948773,0.9595511149258285,4.0,7.0,0.9595511149258285,1.0,,
price_family_ma6_structural_linked,raw_source,20744_prince_george_s_county_md__zip,median_sale_price,level,raw_source,raw_level,raw_structural_feature,raw_vs_structural_ma6,1779.976190476192,3968.5897435897496,2188.613553113558,3.0,7.0,2188.613553113558,1.0,,
price_family_ma6_structural_linked,structural_ma6,20744_prince_george_s_county_md__zip,median_sale_price,level,structural_ma6,ma6_level,raw_structural_feature,raw_vs_structural_ma6,1779.976190476192,3968.5897435897496,2188.613553113558,3.0,7.0,2188.613553113558,1.0,,
price_family_ma6_structural_linked,raw_source,20745_prince_george_s_county_md__zip,median_ppsf,level,raw_source,raw_level,raw_structural_feature,raw_vs_structural_ma6,1.7462917165119032,4.440382134047616,2.6940904175357128,12.0,9.0,2.6940904175357128,1.0,,
price_family_ma6_structural_linked,structural_ma6,20745_prince_george_s_county_md__zip,median_ppsf,level,structural_ma6,ma6_level,raw_structural_feature,raw_vs_structural_ma6,1.7462917165119032,4.440382134047616,2.6940904175357128,12.0,9.0,2.6940904175357128,1.0,,
price_family_ma6_structural_linked,raw_source,20745_prince_george_s_county_md__zip,median_sale_price,level,raw_source,raw_level,raw_structural_feature,raw_vs_structural_ma6,2577.2307692307736,5397.91666666666,2820.685897435886,6.0,9.0,2820.685897435886,1.0,,
price_family_ma6_structural_linked,structural_ma6,20745_prince_george_s_county_md__zip,median_sale_price,level,structural_ma6,ma6_level,raw_structural_feature,raw_vs_structural_ma6,2577.2307692307736,5397.91666666666,2820.685897435886,6.0,9.0,2820.685897435886,1.0,,
price_family_ma6_structural_linked,raw_source,20746_prince_george_s_county_md__zip,median_ppsf,level,raw_source,raw_level,raw_structural_feature,raw_vs_structural_ma6,2.029471929297608,3.2983087076785753,1.2688367783809675,1.0,9.0,1.2688367783809675,1.0,,
price_family_ma6_structural_linked,structural_ma6,20746_prince_george_s_county_md__zip,median_ppsf,level,structural_ma6,ma6_level,raw_structural_feature,raw_vs_structural_ma6,2.029471929297608,3.2983087076785753,1.2688367783809675,1.0,9.0,1.2688367783809675,1.0,,
price_family_ma6_structural_linked,raw_source,20746_prince_george_s_county_md__zip,median_sale_price,level,raw_source,raw_level,raw_structural_feature,raw_vs_structural_ma6,1981.9583333333326,4585.773809523797,2603.815476190465,4.0,9.0,2603.815476190465,1.0,,
price_family_ma6_structural_linked,structural_ma6,20746_prince_george_s_county_md__zip,median_sale_price,level,structural_ma6,ma6_level,raw_structural_feature,raw_vs_structural_ma6,1981.9583333333326,4585.773809523797,2603.815476190465,4.0,9.0,2603.815476190465,1.0,,
price_family_ma6_structural_linked,raw_source,20747_prince_george_s_county_md__zip,median_ppsf,level,raw_source,raw_level,raw_structural_feature,raw_vs_structural_ma6,1.3645216012142904,2.9656566086785707,1.6011350074642803,9.0,5.0,1.6011350074642803,1.0,,
price_family_ma6_structural_linked,structural_ma6,20747_prince_george_s_county_md__zip,median_ppsf,level,structural_ma6,ma6_level,raw_structural_feature,raw_vs_structural_ma6,1.3645216012142904,2.9656566086785707,1.6011350074642803,9.0,5.0,1.6011350074642803,1.0,,
price_family_ma6_structural_linked,raw_source,20747_prince_george_s_county_md__zip,median_sale_price,level,raw_source,raw_level,raw_structural_feature,raw_vs_structural_ma6,1430.1726190476058,3258.779761904764,1828.6071428571584,12.0,5.0,1828.6071428571584,1.0,,
price_family_ma6_structural_linked,structural_ma6,20747_prince_george_s_county_md__zip,median_sale_price,level,structural_ma6,ma6_level,raw_structural_feature,raw_vs_structural_ma6,1430.1726190476058,3258.779761904764,1828.6071428571584,12.0,5.0,1828.6071428571584,1.0,,
price_family_ma6_structural_linked,raw_source,20748_prince_george_s_county_md__zip,median_ppsf,level,raw_source,raw_level,raw_structural_feature,raw_vs_structural_ma6,0.758897779047613,2.8270583600640915,2.0681605810164783,4.0,7.0,2.0681605810164783,1.0,,
price_family_ma6_structural_linked,structural_ma6,20748_prince_george_s_county_md__zip,median_ppsf,level,structural_ma6,ma6_level,raw_structural_feature,raw_vs_structural_ma6,0.758897779047613,2.8270583600640915,2.0681605810164783,4.0,7.0,2.0681605810164783,1.0,,
price_family_ma6_structural_linked,raw_source,20748_prince_george_s_county_md__zip,median_sale_price,level,raw_source,raw_level,raw_structural_feature,raw_vs_structural_ma6,1567.261904761902,3706.5476190476143,2139.285714285712,12.0,9.0,2139.285714285712,1.0,,
price_family_ma6_structural_linked,structural_ma6,20748_prince_george_s_county_md__zip,median_sale_price,level,structural_ma6,ma6_level,raw_structural_feature,raw_vs_structural_ma6,1567.261904761902,3706.5476190476143,2139.285714285712,12.0,9.0,2139.285714285712,1.0,,
price_family_ma6_structural_linked,raw_source,20752_prince_george_s_county_md__zip,median_ppsf,level,raw_source,raw_level,raw_structural_feature,raw_vs_structural_ma6,,,,,,,,,
price_family_ma6_structural_linked,structural_ma6,20752_prince_george_s_county_md__zip,median_ppsf,level,structural_ma6,ma6_level,raw_structural_feature,raw_vs_structural_ma6,,,,,,,,,
price_family_ma6_structural_linked,raw_source,20752_prince_george_s_county_md__zip,median_sale_price,level,raw_source,raw_level,raw_structural_feature,raw_vs_structural_ma6,,,,,,,,,
price_family_ma6_structural_linked,structural_ma6,20752_prince_george_s_county_md__zip,median_sale_price,level,structural_ma6,ma6_level,raw_structural_feature,raw_vs_structural_ma6,,,,,,,,,
price_family_ma6_structural_linked,raw_source,20757_prince_george_s_county_md__zip,median_ppsf,level,raw_source,raw_level,raw_structural_feature,raw_vs_structural_ma6,4.235974306466659,13.899374553375,9.663400246908342,7.0,12.0,9.663400246908342,1.0,,
price_family_ma6_structural_linked,structural_ma6,20757_prince_george_s_county_md__zip,median_ppsf,level,structural_ma6,ma6_level,raw_structural_feature,raw_vs_structural_ma6,4.235974306466659,13.899374553375,9.663400246908342,7.0,12.0,9.663400246908342,1.0,,
price_family_ma6_structural_linked,raw_source,20757_prince_george_s_county_md__zip,median_sale_price,level,raw_source,raw_level,raw_structural_feature,raw_vs_structural_ma6,9414.999999999995,21864.583333333343,12449.583333333348,2.0,12.0,12449.583333333348,1.0,,
price_family_ma6_structural_linked,structural_ma6,20757_prince_george_s_county_md__zip,median_sale_price,level,structural_ma6,ma6_level,raw_structural_feature,raw_vs_structural_ma6,9414.999999999995,21864.583333333343,12449.583333333348,2.0,12.0,12449.583333333348,1.0,,
price_family_ma6_structural_linked,raw_source,20768_prince_george_s_county_md__zip,median_ppsf,level,raw_source,raw_level,raw_structural_feature,raw_vs_structural_ma6,2.7538570596250147,7.504087029759256,4.7502299701342405,6.0,2.0,4.7502299701342405,1.0,,
price_family_ma6_structural_linked,structural_ma6,20768_prince_george_s_county_md__zip,median_ppsf,level,structural_ma6,ma6_level,raw_structural_feature,raw_vs_structural_ma6,2.7538570596250147,7.504087029759256,4.7502299701342405,6.0,2.0,4.7502299701342405,1.0,,
price_family_ma6_structural_linked,raw_source,20768_prince_george_s_county_md__zip,median_sale_price,level,raw_source,raw_level,raw_structural_feature,raw_vs_structural_ma6,3132.6319444444453,8485.0,5352.368055555555,12.0,9.0,5352.368055555555,1.0,,
price_family_ma6_structural_linked,structural_ma6,20768_prince_george_s_county_md__zip,median_sale_price,level,structural_ma6,ma6_level,raw_structural_feature,raw_vs_structural_ma6,3132.6319444444453,8485.0,5352.368055555555,12.0,9.0,5352.368055555555,1.0,,
price_family_ma6_structural_linked,raw_source,20769_prince_george_s_county_md__zip,median_ppsf,level,raw_source,raw_level,raw_structural_feature,raw_vs_structural_ma6,1.829858145952382,3.8983395902380806,2.0684814442856987,12.0,3.0,2.0684814442856987,1.0,,
price_family_ma6_structural_linked,structural_ma6,20769_prince_george_s_county_md__zip,median_ppsf,level,structural_ma6,ma6_level,raw_structural_feature,raw_vs_structural_ma6,1.829858145952382,3.8983395902380806,2.0684814442856987,12.0,3.0,2.0684814442856987,1.0,,
price_family_ma6_structural_linked,raw_source,20769_prince_george_s_county_md__zip,median_sale_price,level,raw_source,raw_level,raw_structural_feature,raw_vs_structural_ma6,9491.53571428572,13824.512820512835,4332.977106227116,11.0,6.0,4332.977106227116,1.0,,
price_family_ma6_structural_linked,structural_ma6,20769_prince_george_s_county_md__zip,median_sale_price,level,structural_ma6,ma6_level,raw_structural_feature,raw_vs_structural_ma6,9491.53571428572,13824.512820512835,4332.977106227116,11.0,6.0,4332.977106227116,1.0,,
price_family_ma6_structural_linked,raw_source,20770_prince_george_s_county_md__zip,median_ppsf,level,raw_source,raw_level,raw_structural_feature,raw_vs_structural_ma6,0.7269719440238173,2.3642773906666648,1.6373054466428476,3.0,10.0,1.6373054466428476,1.0,,
price_family_ma6_structural_linked,structural_ma6,20770_prince_george_s_county_md__zip,median_ppsf,level,structural_ma6,ma6_level,raw_structural_feature,raw_vs_structural_ma6,0.7269719440238173,2.3642773906666648,1.6373054466428476,3.0,10.0,1.6373054466428476,1.0,,
price_family_ma6_structural_linked,raw_source,20770_prince_george_s_county_md__zip,median_sale_price,level,raw_source,raw_level,raw_structural_feature,raw_vs_structural_ma6,2395.1025641025635,7860.624999999999,5465.522435897436,7.0,10.0,5465.522435897436,1.0,,
price_family_ma6_structural_linked,structural_ma6,20770_prince_george_s_county_md__zip,median_sale_price,level,structural_ma6,ma6_level,raw_structural_feature,raw_vs_structural_ma6,2395.1025641025635,7860.624999999999,5465.522435897436,7.0,10.0,5465.522435897436,1.0,,
price_family_ma6_structural_linked,raw_source,20771_prince_george_s_county_md__zip,median_ppsf,level,raw_source,raw_level,raw_structural_feature,raw_vs_structural_ma6,,,,,,,,,
price_family_ma6_structural_linked,structural_ma6,20771_prince_george_s_county_md__zip,median_ppsf,level,structural_ma6,ma6_level,raw_structural_feature,raw_vs_structural_ma6,,,,,,,,,
price_family_ma6_structural_linked,raw_source,20771_prince_george_s_county_md__zip,median_sale_price,level,raw_source,raw_level,raw_structural_feature,raw_vs_structural_ma6,,,,,,,,,
price_family_ma6_structural_linked,structural_ma6,20771_prince_george_s_county_md__zip,median_sale_price,level,structural_ma6,ma6_level,raw_structural_feature,raw_vs_structural_ma6,,,,,,,,,
price_family_ma6_structural_linked,raw_source,20772_prince_george_s_county_md__zip,median_ppsf,level,raw_source,raw_level,raw_structural_feature,raw_vs_structural_ma6,0.7386993426547589,1.6908074425641098,0.9521080999093509,3.0,7.0,0.9521080999093509,1.0,,
price_family_ma6_structural_linked,structural_ma6,20772_prince_george_s_county_md__zip,median_ppsf,level,structural_ma6,ma6_level,raw_structural_feature,raw_vs_structural_ma6,0.7386993426547589,1.6908074425641098,0.9521080999093509,3.0,7.0,0.9521080999093509,1.0,,
price_family_ma6_structural_linked,raw_source,20772_prince_george_s_county_md__zip,median_sale_price,level,raw_source,raw_level,raw_structural_feature,raw_vs_structural_ma6,1879.0178571428467,4146.583333333327,2267.56547619048,3.0,5.0,2267.56547619048,1.0,,
price_family_ma6_structural_linked,structural_ma6,20772_prince_george_s_county_md__zip,median_sale_price,level,structural_ma6,ma6_level,raw_structural_feature,raw_vs_structural_ma6,1879.0178571428467,4146.583333333327,2267.56547619048,3.0,5.0,2267.56547619048,1.0,,
price_family_ma6_structural_linked,raw_source,20774_prince_george_s_county_md__zip,median_ppsf,level,raw_source,raw_level,raw_structural_feature,raw_vs_structural_ma6,0.8896931939999959,1.8079376563333402,0.9182444623333443,2.0,7.0,0.9182444623333443,1.0,,
price_family_ma6_structural_linked,structural_ma6,20774_prince_george_s_county_md__zip,median_ppsf,level,structural_ma6,ma6_level,raw_structural_feature,raw_vs_structural_ma6,0.8896931939999959,1.8079376563333402,0.9182444623333443,2.0,7.0,0.9182444623333443,1.0,,
price_family_ma6_structural_linked,raw_source,20774_prince_george_s_county_md__zip,median_sale_price,level,raw_source,raw_level,raw_structural_feature,raw_vs_structural_ma6,2575.095238095241,4969.192307692303,2394.0970695970623,4.0,7.0,2394.0970695970623,1.0,,
price_family_ma6_structural_linked,structural_ma6,20774_prince_george_s_county_md__zip,median_sale_price,level,structural_ma6,ma6_level,raw_structural_feature,raw_vs_structural_ma6,2575.095238095241,4969.192307692303,2394.0970695970623,4.0,7.0,2394.0970695970623,1.0,,
price_family_ma6_structural_linked,raw_source,20781_prince_george_s_county_md__zip,median_ppsf,level,raw_source,raw_level,raw_structural_feature,raw_vs_structural_ma6,3.0537194030238077,5.753582817115399,2.6998634140915914,12.0,7.0,2.6998634140915914,1.0,,
price_family_ma6_structural_linked,structural_ma6,20781_prince_george_s_county_md__zip,median_ppsf,level,structural_ma6,ma6_level,raw_structural_feature,raw_vs_structural_ma6,3.0537194030238077,5.753582817115399,2.6998634140915914,12.0,7.0,2.6998634140915914,1.0,,
price_family_ma6_structural_linked,raw_source,20781_prince_george_s_county_md__zip,median_sale_price,level,raw_source,raw_level,raw_structural_feature,raw_vs_structural_ma6,5990.4761904762,12451.19871794872,6460.722527472521,11.0,8.0,6460.722527472521,1.0,,
price_family_ma6_structural_linked,structural_ma6,20781_prince_george_s_county_md__zip,median_sale_price,level,structural_ma6,ma6_level,raw_structural_feature,raw_vs_structural_ma6,5990.4761904762,12451.19871794872,6460.722527472521,11.0,8.0,6460.722527472521,1.0,,
price_family_ma6_structural_linked,raw_source,20782_prince_george_s_county_md__zip,median_ppsf,level,raw_source,raw_level,raw_structural_feature,raw_vs_structural_ma6,2.241263266726185,3.9550592187051277,1.7137959519789425,3.0,8.0,1.7137959519789425,1.0,,
price_family_ma6_structural_linked,structural_ma6,20782_prince_george_s_county_md__zip,median_ppsf,level,structural_ma6,ma6_level,raw_structural_feature,raw_vs_structural_ma6,2.241263266726185,3.9550592187051277,1.7137959519789425,3.0,8.0,1.7137959519789425,1.0,,
price_family_ma6_structural_linked,raw_source,20782_prince_george_s_county_md__zip,median_sale_price,level,raw_source,raw_level,raw_structural_feature,raw_vs_structural_ma6,2909.0416666666633,7979.993589743592,5070.951923076928,4.0,8.0,5070.951923076928,1.0,,
price_family_ma6_structural_linked,structural_ma6,20782_prince_george_s_county_md__zip,median_sale_price,level,structural_ma6,ma6_level,raw_structural_feature,raw_vs_structural_ma6,2909.0416666666633,7979.993589743592,5070.951923076928,4.0,8.0,5070.951923076928,1.0,,
price_family_ma6_structural_linked,raw_source,20783_prince_george_s_county_md__zip,median_ppsf,level,raw_source,raw_level,raw_structural_feature,raw_vs_structural_ma6,1.8874025237051386,3.899403110738099,2.0120005870329605,7.0,10.0,2.0120005870329605,1.0,,
price_family_ma6_structural_linked,structural_ma6,20783_prince_george_s_county_md__zip,median_ppsf,level,structural_ma6,ma6_level,raw_structural_feature,raw_vs_structural_ma6,1.8874025237051386,3.899403110738099,2.0120005870329605,7.0,10.0,2.0120005870329605,1.0,,
price_family_ma6_structural_linked,raw_source,20783_prince_george_s_county_md__zip,median_sale_price,level,raw_source,raw_level,raw_structural_feature,raw_vs_structural_ma6,3157.738095238098,6676.375000000002,3518.6369047619037,5.0,9.0,3518.6369047619037,1.0,,
price_family_ma6_structural_linked,structural_ma6,20783_prince_george_s_county_md__zip,median_sale_price,level,structural_ma6,ma6_level,raw_structural_feature,raw_vs_structural_ma6,3157.738095238098,6676.375000000002,3518.6369047619037,5.0,9.0,3518.6369047619037,1.0,,
price_family_ma6_structural_linked,raw_source,20784_prince_george_s_county_md__zip,median_ppsf,level,raw_source,raw_level,raw_structural_feature,raw_vs_structural_ma6,1.6373415151282065,3.1954356486547604,1.558094133526554,7.0,2.0,1.558094133526554,1.0,,
price_family_ma6_structural_linked,structural_ma6,20784_prince_george_s_county_md__zip,median_ppsf,level,structural_ma6,ma6_level,raw_structural_feature,raw_vs_structural_ma6,1.6373415151282065,3.1954356486547604,1.558094133526554,7.0,2.0,1.558094133526554,1.0,,
price_family_ma6_structural_linked,raw_source,20784_prince_george_s_county_md__zip,median_sale_price,level,raw_source,raw_level,raw_structural_feature,raw_vs_structural_ma6,2111.666666666665,3878.869047619045,1767.2023809523798,2.0,9.0,1767.2023809523798,1.0,,
price_family_ma6_structural_linked,structural_ma6,20784_prince_george_s_county_md__zip,median_sale_price,level,structural_ma6,ma6_level,raw_structural_feature,raw_vs_structural_ma6,2111.666666666665,3878.869047619045,1767.2023809523798,2.0,9.0,1767.2023809523798,1.0,,
price_family_ma6_structural_linked,raw_source,20785_prince_george_s_county_md__zip,median_ppsf,level,raw_source,raw_level,raw_structural_feature,raw_vs_structural_ma6,1.4571966194404757,2.7259021258205176,1.2687055063800419,9.0,6.0,1.2687055063800419,1.0,,
price_family_ma6_structural_linked,structural_ma6,20785_prince_george_s_county_md__zip,median_ppsf,level,structural_ma6,ma6_level,raw_structural_feature,raw_vs_structural_ma6,1.4571966194404757,2.7259021258205176,1.2687055063800419,9.0,6.0,1.2687055063800419,1.0,,
price_family_ma6_structural_linked,raw_source,20785_prince_george_s_county_md__zip,median_sale_price,level,raw_source,raw_level,raw_structural_feature,raw_vs_structural_ma6,2253.5714285714225,4010.815476190471,1757.2440476190486,10.0,5.0,1757.2440476190486,1.0,,
price_family_ma6_structural_linked,structural_ma6,20785_prince_george_s_county_md__zip,median_sale_price,level,structural_ma6,ma6_level,raw_structural_feature,raw_vs_structural_ma6,2253.5714285714225,4010.815476190471,1757.2440476190486,10.0,5.0,1757.2440476190486,1.0,,
price_family_ma6_structural_linked,raw_source,20812_montgomery_county_md__zip,median_ppsf,level,raw_source,raw_level,raw_structural_feature,raw_vs_structural_ma6,14.705090410357132,41.97442129922917,27.26933088887204,3.0,12.0,27.26933088887204,1.0,,
price_family_ma6_structural_linked,structural_ma6,20812_montgomery_county_md__zip,median_ppsf,level,structural_ma6,ma6_level,raw_structural_feature,raw_vs_structural_ma6,14.705090410357132,41.97442129922917,27.26933088887204,3.0,12.0,27.26933088887204,1.0,,
price_family_ma6_structural_linked,raw_source,20812_montgomery_county_md__zip,median_sale_price,level,raw_source,raw_level,raw_structural_feature,raw_vs_structural_ma6,38653.94444444447,56711.716666666674,18057.772222222207,7.0,4.0,18057.772222222207,1.0,,
price_family_ma6_structural_linked,structural_ma6,20812_montgomery_county_md__zip,median_sale_price,level,structural_ma6,ma6_level,raw_structural_feature,raw_vs_structural_ma6,38653.94444444447,56711.716666666674,18057.772222222207,7.0,4.0,18057.772222222207,1.0,,
price_family_ma6_structural_linked,raw_source,20814_montgomery_county_md__zip,median_ppsf,level,raw_source,raw_level,raw_structural_feature,raw_vs_structural_ma6,4.0343707164761815,6.451068318012806,2.416697601536624,3.0,6.0,2.416697601536624,1.0,,
price_family_ma6_structural_linked,structural_ma6,20814_montgomery_county_md__zip,median_ppsf,level,structural_ma6,ma6_level,raw_structural_feature,raw_vs_structural_ma6,4.0343707164761815,6.451068318012806,2.416697601536624,3.0,6.0,2.416697601536624,1.0,,
price_family_ma6_structural_linked,raw_source,20814_montgomery_county_md__zip,median_sale_price,level,raw_source,raw_level,raw_structural_feature,raw_vs_structural_ma6,12908.012820512835,26694.217948717924,13786.205128205089,6.0,8.0,13786.205128205089,1.0,,
price_family_ma6_structural_linked,structural_ma6,20814_montgomery_county_md__zip,median_sale_price,level,structural_ma6,ma6_level,raw_structural_feature,raw_vs_structural_ma6,12908.012820512835,26694.217948717924,13786.205128205089,6.0,8.0,13786.205128205089,1.0,,
price_family_ma6_structural_linked,raw_source,20815_montgomery_county_md__zip,median_ppsf,level,raw_source,raw_level,raw_structural_feature,raw_vs_structural_ma6,2.697723345428573,5.791247053023811,3.093523707595238,5.0,10.0,3.093523707595238,1.0,,
price_family_ma6_structural_linked,structural_ma6,20815_montgomery_county_md__zip,median_ppsf,level,structural_ma6,ma6_level,raw_structural_feature,raw_vs_structural_ma6,2.697723345428573,5.791247053023811,3.093523707595238,5.0,10.0,3.093523707595238,1.0,,
price_family_ma6_structural_linked,raw_source,20815_montgomery_county_md__zip,median_sale_price,level,raw_source,raw_level,raw_structural_feature,raw_vs_structural_ma6,19160.71428571428,28610.416666666668,9449.702380952389,4.0,2.0,9449.702380952389,1.0,,
price_family_ma6_structural_linked,structural_ma6,20815_montgomery_county_md__zip,median_sale_price,level,structural_ma6,ma6_level,raw_structural_feature,raw_vs_structural_ma6,19160.71428571428,28610.416666666668,9449.702380952389,4.0,2.0,9449.702380952389,1.0,,
price_family_ma6_structural_linked,raw_source,20816_montgomery_county_md__zip,median_ppsf,level,raw_source,raw_level,raw_structural_feature,raw_vs_structural_ma6,2.959311250166666,6.703621060892873,3.744309810726207,11.0,2.0,3.744309810726207,1.0,,
price_family_ma6_structural_linked,structural_ma6,20816_montgomery_county_md__zip,median_ppsf,level,structural_ma6,ma6_level,raw_structural_feature,raw_vs_structural_ma6,2.959311250166666,6.703621060892873,3.744309810726207,11.0,2.0,3.744309810726207,1.0,,
price_family_ma6_structural_linked,raw_source,20816_montgomery_county_md__zip,median_sale_price,level,raw_source,raw_level,raw_structural_feature,raw_vs_structural_ma6,11455.357142857169,22719.173076923096,11263.815934065928,10.0,7.0,11263.815934065928,1.0,,
price_family_ma6_structural_linked,structural_ma6,20816_montgomery_county_md__zip,median_sale_price,level,structural_ma6,ma6_level,raw_structural_feature,raw_vs_structural_ma6,11455.357142857169,22719.173076923096,11263.815934065928,10.0,7.0,11263.815934065928,1.0,,
price_family_ma6_structural_linked,raw_source,20817_montgomery_county_md__zip,median_ppsf,level,raw_source,raw_level,raw_structural_feature,raw_vs_structural_ma6,2.0498388537857295,5.066937921512822,3.0170990677270924,10.0,6.0,3.0170990677270924,1.0,,
price_family_ma6_structural_linked,structural_ma6,20817_montgomery_county_md__zip,median_ppsf,level,structural_ma6,ma6_level,raw_structural_feature,raw_vs_structural_ma6,2.0498388537857295,5.066937921512822,3.0170990677270924,10.0,6.0,3.0170990677270924,1.0,,
price_family_ma6_structural_linked,raw_source,20817_montgomery_county_md__zip,median_sale_price,level,raw_source,raw_level,raw_structural_feature,raw_vs_structural_ma6,7895.51190476191,18506.346153846163,10610.834249084253,10.0,6.0,10610.834249084253,1.0,,
price_family_ma6_structural_linked,structural_ma6,20817_montgomery_county_md__zip,median_sale_price,level,structural_ma6,ma6_level,raw_structural_feature,raw_vs_structural_ma6,7895.51190476191,18506.346153846163,10610.834249084253,10.0,6.0,10610.834249084253,1.0,,
price_family_ma6_structural_linked,raw_source,20818_montgomery_county_md__zip,median_ppsf,level,raw_source,raw_level,raw_structural_feature,raw_vs_structural_ma6,6.968676785974367,11.594017469448707,4.62534068347434,1.0,12.0,4.62534068347434,1.0,,
price_family_ma6_structural_linked,structural_ma6,20818_montgomery_county_md__zip,median_ppsf,level,structural_ma6,ma6_level,raw_structural_feature,raw_vs_structural_ma6,6.968676785974367,11.594017469448707,4.62534068347434,1.0,12.0,4.62534068347434,1.0,,
price_family_ma6_structural_linked,raw_source,20818_montgomery_county_md__zip,median_sale_price,level,raw_source,raw_level,raw_structural_feature,raw_vs_structural_ma6,42745.517857142855,64584.7738095238,21839.255952380947,10.0,9.0,21839.255952380947,1.0,,
price_family_ma6_structural_linked,structural_ma6,20818_montgomery_county_md__zip,median_sale_price,level,structural_ma6,ma6_level,raw_structural_feature,raw_vs_structural_ma6,42745.517857142855,64584.7738095238,21839.255952380947,10.0,9.0,21839.255952380947,1.0,,
price_family_ma6_structural_linked,raw_source,20824_montgomery_county_md__zip,median_ppsf,level,raw_source,raw_level,raw_structural_feature,raw_vs_structural_ma6,6.685814741454568,11.487821964116677,4.802007222662109,2.0,6.0,4.802007222662109,1.0,,
price_family_ma6_structural_linked,structural_ma6,20824_montgomery_county_md__zip,median_ppsf,level,structural_ma6,ma6_level,raw_structural_feature,raw_vs_structural_ma6,6.685814741454568,11.487821964116677,4.802007222662109,2.0,6.0,4.802007222662109,1.0,,
price_family_ma6_structural_linked,raw_source,20824_montgomery_county_md__zip,median_sale_price,level,raw_source,raw_level,raw_structural_feature,raw_vs_structural_ma6,36919.87179487178,91692.36666666667,54772.49487179489,1.0,3.0,54772.49487179489,1.0,,
price_family_ma6_structural_linked,structural_ma6,20824_montgomery_county_md__zip,median_sale_price,level,structural_ma6,ma6_level,raw_structural_feature,raw_vs_structural_ma6,36919.87179487178,91692.36666666667,54772.49487179489,1.0,3.0,54772.49487179489,1.0,,
price_family_ma6_structural_linked,raw_source,20830_montgomery_county_md__zip,median_ppsf,level,raw_source,raw_level,raw_structural_feature,raw_vs_structural_ma6,4.177503026560598,6.474876244016682,2.2973732174560837,1.0,4.0,2.2973732174560837,1.0,,
price_family_ma6_structural_linked,structural_ma6,20830_montgomery_county_md__zip,median_ppsf,level,structural_ma6,ma6_level,raw_structural_feature,raw_vs_structural_ma6,4.177503026560598,6.474876244016682,2.2973732174560837,1.0,4.0,2.2973732174560837,1.0,,
price_family_ma6_structural_linked,raw_source,20830_montgomery_county_md__zip,median_sale_price,level,raw_source,raw_level,raw_structural_feature,raw_vs_structural_ma6,6305.95238095238,16504.48717948718,10198.5347985348,10.0,12.0,10198.5347985348,1.0,,
price_family_ma6_structural_linked,structural_ma6,20830_montgomery_county_md__zip,median_sale_price,level,structural_ma6,ma6_level,raw_structural_feature,raw_vs_structural_ma6,6305.95238095238,16504.48717948718,10198.5347985348,10.0,12.0,10198.5347985348,1.0,,
price_family_ma6_structural_linked,raw_source,20832_montgomery_county_md__zip,median_ppsf,level,raw_source,raw_level,raw_structural_feature,raw_vs_structural_ma6,1.29035752708333,2.215256474464269,0.9248989473809388,10.0,2.0,0.9248989473809388,1.0,,
price_family_ma6_structural_linked,structural_ma6,20832_montgomery_county_md__zip,median_ppsf,level,structural_ma6,ma6_level,raw_structural_feature,raw_vs_structural_ma6,1.29035752708333,2.215256474464269,0.9248989473809388,10.0,2.0,0.9248989473809388,1.0,,
price_family_ma6_structural_linked,raw_source,20832_montgomery_county_md__zip,median_sale_price,level,raw_source,raw_level,raw_structural_feature,raw_vs_structural_ma6,4973.809523809514,10659.679487179472,5685.869963369958,12.0,8.0,5685.869963369958,1.0,,
price_family_ma6_structural_linked,structural_ma6,20832_montgomery_county_md__zip,median_sale_price,level,structural_ma6,ma6_level,raw_structural_feature,raw_vs_structural_ma6,4973.809523809514,10659.679487179472,5685.869963369958,12.0,8.0,5685.869963369958,1.0,,
price_family_ma6_structural_linked,raw_source,20833_montgomery_county_md__zip,median_ppsf,level,raw_source,raw_level,raw_structural_feature,raw_vs_structural_ma6,2.52218824410258,4.883164733214293,2.360976489111713,6.0,10.0,2.360976489111713,1.0,,
price_family_ma6_structural_linked,structural_ma6,20833_montgomery_county_md__zip,median_ppsf,level,structural_ma6,ma6_level,raw_structural_feature,raw_vs_structural_ma6,2.52218824410258,4.883164733214293,2.360976489111713,6.0,10.0,2.360976489111713,1.0,,
price_family_ma6_structural_linked,raw_source,20833_montgomery_county_md__zip,median_sale_price,level,raw_source,raw_level,raw_structural_feature,raw_vs_structural_ma6,10581.83333333333,22356.684523809545,11774.851190476214,11.0,1.0,11774.851190476214,1.0,,
price_family_ma6_structural_linked,structural_ma6,20833_montgomery_county_md__zip,median_sale_price,level,structural_ma6,ma6_level,raw_structural_feature,raw_vs_structural_ma6,10581.83333333333,22356.684523809545,11774.851190476214,11.0,1.0,11774.851190476214,1.0,,
price_family_ma6_structural_linked,raw_source,20837_montgomery_county_md__zip,median_ppsf,level,raw_source,raw_level,raw_structural_feature,raw_vs_structural_ma6,2.7371896619999894,4.524981708964282,1.787792046964293,12.0,9.0,1.787792046964293,1.0,,
price_family_ma6_structural_linked,structural_ma6,20837_montgomery_county_md__zip,median_ppsf,level,structural_ma6,ma6_level,raw_structural_feature,raw_vs_structural_ma6,2.7371896619999894,4.524981708964282,1.787792046964293,12.0,9.0,1.787792046964293,1.0,,
price_family_ma6_structural_linked,raw_source,20837_montgomery_county_md__zip,median_sale_price,level,raw_source,raw_level,raw_structural_feature,raw_vs_structural_ma6,13882.27976190475,23138.66071428573,9256.380952380978,5.0,11.0,9256.380952380978,1.0,,
price_family_ma6_structural_linked,structural_ma6,20837_montgomery_county_md__zip,median_sale_price,level,structural_ma6,ma6_level,raw_structural_feature,raw_vs_structural_ma6,13882.27976190475,23138.66071428573,9256.380952380978,5.0,11.0,9256.380952380978,1.0,,
price_family_ma6_structural_linked,raw_source,20838_montgomery_county_md__zip,median_ppsf,level,raw_source,raw_level,raw_structural_feature,raw_vs_structural_ma6,4.017126348888894,15.648299176133332,11.631172827244438,2.0,11.0,11.631172827244438,1.0,,
price_family_ma6_structural_linked,structural_ma6,20838_montgomery_county_md__zip,median_ppsf,level,structural_ma6,ma6_level,raw_structural_feature,raw_vs_structural_ma6,4.017126348888894,15.648299176133332,11.631172827244438,2.0,11.0,11.631172827244438,1.0,,
price_family_ma6_structural_linked,raw_source,20838_montgomery_county_md__zip,median_sale_price,level,raw_source,raw_level,raw_structural_feature,raw_vs_structural_ma6,40175.00000000004,104457.76666666666,64282.76666666663,2.0,5.0,64282.76666666663,1.0,,
price_family_ma6_structural_linked,structural_ma6,20838_montgomery_county_md__zip,median_sale_price,level,structural_ma6,ma6_level,raw_structural_feature,raw_vs_structural_ma6,40175.00000000004,104457.76666666666,64282.76666666663,2.0,5.0,64282.76666666663,1.0,,
price_family_ma6_structural_linked,raw_source,20839_montgomery_county_md__zip,median_ppsf,level,raw_source,raw_level,raw_structural_feature,raw_vs_structural_ma6,9.211414271666683,20.29643920675001,11.085024935083325,12.0,10.0,11.085024935083325,1.0,,
price_family_ma6_structural_linked,structural_ma6,20839_montgomery_county_md__zip,median_ppsf,level,structural_ma6,ma6_level,raw_structural_feature,raw_vs_structural_ma6,9.211414271666683,20.29643920675001,11.085024935083325,12.0,10.0,11.085024935083325,1.0,,
price_family_ma6_structural_linked,raw_source,20839_montgomery_county_md__zip,median_sale_price,level,raw_source,raw_level,raw_structural_feature,raw_vs_structural_ma6,9916.666666666686,103916.24999999997,93999.58333333328,11.0,8.0,93999.58333333328,1.0,,
price_family_ma6_structural_linked,structural_ma6,20839_montgomery_county_md__zip,median_sale_price,level,structural_ma6,ma6_level,raw_structural_feature,raw_vs_structural_ma6,9916.666666666686,103916.24999999997,93999.58333333328,11.0,8.0,93999.58333333328,1.0,,
price_family_ma6_structural_linked,raw_source,20841_montgomery_county_md__zip,median_ppsf,level,raw_source,raw_level,raw_structural_feature,raw_vs_structural_ma6,1.9647101147738044,4.122938878192297,2.1582287634184927,3.0,8.0,2.1582287634184927,1.0,,
price_family_ma6_structural_linked,structural_ma6,20841_montgomery_county_md__zip,median_ppsf,level,structural_ma6,ma6_level,raw_structural_feature,raw_vs_structural_ma6,1.9647101147738044,4.122938878192297,2.1582287634184927,3.0,8.0,2.1582287634184927,1.0,,
price_family_ma6_structural_linked,raw_source,20841_montgomery_county_md__zip,median_sale_price,level,raw_source,raw_level,raw_structural_feature,raw_vs_structural_ma6,7331.452380952351,19757.6153846154,12426.16300366305,10.0,8.0,12426.16300366305,1.0,,
price_family_ma6_structural_linked,structural_ma6,20841_montgomery_county_md__zip,median_sale_price,level,structural_ma6,ma6_level,raw_structural_feature,raw_vs_structural_ma6,7331.452380952351,19757.6153846154,12426.16300366305,10.0,8.0,12426.16300366305,1.0,,
price_family_ma6_structural_linked,raw_source,20842_montgomery_county_md__zip,median_ppsf,level,raw_source,raw_level,raw_structural_feature,raw_vs_structural_ma6,6.193235231794854,28.895811510107137,22.702576278312282,6.0,9.0,22.702576278312282,1.0,,
price_family_ma6_structural_linked,structural_ma6,20842_montgomery_county_md__zip,median_ppsf,level,structural_ma6,ma6_level,raw_structural_feature,raw_vs_structural_ma6,6.193235231794854,28.895811510107137,22.702576278312282,6.0,9.0,22.702576278312282,1.0,,
price_family_ma6_structural_linked,raw_source,20842_montgomery_county_md__zip,median_sale_price,level,raw_source,raw_level,raw_structural_feature,raw_vs_structural_ma6,30034.49358974359,59149.32142857144,29114.827838827852,6.0,3.0,29114.827838827852,1.0,,
price_family_ma6_structural_linked,structural_ma6,20842_montgomery_county_md__zip,median_sale_price,level,structural_ma6,ma6_level,raw_structural_feature,raw_vs_structural_ma6,30034.49358974359,59149.32142857144,29114.827838827852,6.0,3.0,29114.827838827852,1.0,,
price_family_ma6_structural_linked,raw_source,20848_montgomery_county_md__zip,median_ppsf,level,raw_source,raw_level,raw_structural_feature,raw_vs_structural_ma6,4.53043209883333,18.730000000000018,14.199567901166688,7.0,9.0,14.199567901166688,1.0,,
price_family_ma6_structural_linked,structural_ma6,20848_montgomery_county_md__zip,median_ppsf,level,structural_ma6,ma6_level,raw_structural_feature,raw_vs_structural_ma6,4.53043209883333,18.730000000000018,14.199567901166688,7.0,9.0,14.199567901166688,1.0,,
price_family_ma6_structural_linked,raw_source,20848_montgomery_county_md__zip,median_sale_price,level,raw_source,raw_level,raw_structural_feature,raw_vs_structural_ma6,166.66666666662786,24166.666666666686,24000.00000000006,3.0,10.0,24000.00000000006,1.0,,
price_family_ma6_structural_linked,structural_ma6,20848_montgomery_county_md__zip,median_sale_price,level,structural_ma6,ma6_level,raw_structural_feature,raw_vs_structural_ma6,166.66666666662786,24166.666666666686,24000.00000000006,3.0,10.0,24000.00000000006,1.0,,
price_family_ma6_structural_linked,raw_source,20849_montgomery_county_md__zip,median_ppsf,level,raw_source,raw_level,raw_structural_feature,raw_vs_structural_ma6,1.4060433763333435,17.47082933083334,16.064785954499996,8.0,11.0,16.064785954499996,1.0,,
price_family_ma6_structural_linked,structural_ma6,20849_montgomery_county_md__zip,median_ppsf,level,structural_ma6,ma6_level,raw_structural_feature,raw_vs_structural_ma6,1.4060433763333435,17.47082933083334,16.064785954499996,8.0,11.0,16.064785954499996,1.0,,
price_family_ma6_structural_linked,raw_source,20849_montgomery_county_md__zip,median_sale_price,level,raw_source,raw_level,raw_structural_feature,raw_vs_structural_ma6,2216.666666666686,26633.333333333372,24416.666666666686,2.0,12.0,24416.666666666686,1.0,,
price_family_ma6_structural_linked,structural_ma6,20849_montgomery_county_md__zip,median_sale_price,level,structural_ma6,ma6_level,raw_structural_feature,raw_vs_structural_ma6,2216.666666666686,26633.333333333372,24416.666666666686,2.0,12.0,24416.666666666686,1.0,,
price_family_ma6_structural_linked,raw_source,20850_montgomery_county_md__zip,median_ppsf,level,raw_source,raw_level,raw_structural_feature,raw_vs_structural_ma6,1.4679485362380953,2.632689791884631,1.1647412556465355,10.0,7.0,1.1647412556465355,1.0,,
price_family_ma6_structural_linked,structural_ma6,20850_montgomery_county_md__zip,median_ppsf,level,structural_ma6,ma6_level,raw_structural_feature,raw_vs_structural_ma6,1.4679485362380953,2.632689791884631,1.1647412556465355,10.0,7.0,1.1647412556465355,1.0,,
price_family_ma6_structural_linked,raw_source,20850_montgomery_county_md__zip,median_sale_price,level,raw_source,raw_level,raw_structural_feature,raw_vs_structural_ma6,5530.976190476184,13267.653846153828,7736.677655677644,11.0,8.0,7736.677655677644,1.0,,
price_family_ma6_structural_linked,structural_ma6,20850_montgomery_county_md__zip,median_sale_price,level,structural_ma6,ma6_level,raw_structural_feature,raw_vs_structural_ma6,5530.976190476184,13267.653846153828,7736.677655677644,11.0,8.0,7736.677655677644,1.0,,
price_family_ma6_structural_linked,raw_source,20851_montgomery_county_md__zip,median_ppsf,level,raw_source,raw_level,raw_structural_feature,raw_vs_structural_ma6,2.4719952866666586,4.511502857666681,2.0395075710000223,10.0,6.0,2.0395075710000223,1.0,,
price_family_ma6_structural_linked,structural_ma6,20851_montgomery_county_md__zip,median_ppsf,level,structural_ma6,ma6_level,raw_structural_feature,raw_vs_structural_ma6,2.4719952866666586,4.511502857666681,2.0395075710000223,10.0,6.0,2.0395075710000223,1.0,,
price_family_ma6_structural_linked,raw_source,20851_montgomery_county_md__zip,median_sale_price,level,raw_source,raw_level,raw_structural_feature,raw_vs_structural_ma6,2566.0714285714284,5432.051282051275,2865.9798534798465,2.0,7.0,2865.9798534798465,1.0,,
price_family_ma6_structural_linked,structural_ma6,20851_montgomery_county_md__zip,median_sale_price,level,structural_ma6,ma6_level,raw_structural_feature,raw_vs_structural_ma6,2566.0714285714284,5432.051282051275,2865.9798534798465,2.0,7.0,2865.9798534798465,1.0,,
price_family_ma6_structural_linked,raw_source,20852_montgomery_county_md__zip,median_ppsf,level,raw_source,raw_level,raw_structural_feature,raw_vs_structural_ma6,1.1066201897738088,2.70353306553847,1.5969128757646611,4.0,8.0,1.5969128757646611,1.0,,
price_family_ma6_structural_linked,structural_ma6,20852_montgomery_county_md__zip,median_ppsf,level,structural_ma6,ma6_level,raw_structural_feature,raw_vs_structural_ma6,1.1066201897738088,2.70353306553847,1.5969128757646611,4.0,8.0,1.5969128757646611,1.0,,
price_family_ma6_structural_linked,raw_source,20852_montgomery_county_md__zip,median_sale_price,level,raw_source,raw_level,raw_structural_feature,raw_vs_structural_ma6,4302.0833333333385,8579.46428571429,4277.380952380951,1.0,9.0,4277.380952380951,1.0,,
price_family_ma6_structural_linked,structural_ma6,20852_montgomery_county_md__zip,median_sale_price,level,structural_ma6,ma6_level,raw_structural_feature,raw_vs_structural_ma6,4302.0833333333385,8579.46428571429,4277.380952380951,1.0,9.0,4277.380952380951,1.0,,
price_family_ma6_structural_linked,raw_source,20853_montgomery_county_md__zip,median_ppsf,level,raw_source,raw_level,raw_structural_feature,raw_vs_structural_ma6,1.5501283417976108,2.3500876223928566,0.7999592805952458,12.0,11.0,0.7999592805952458,1.0,,
price_family_ma6_structural_linked,structural_ma6,20853_montgomery_county_md__zip,median_ppsf,level,structural_ma6,ma6_level,raw_structural_feature,raw_vs_structural_ma6,1.5501283417976108,2.3500876223928566,0.7999592805952458,12.0,11.0,0.7999592805952458,1.0,,
price_family_ma6_structural_linked,raw_source,20853_montgomery_county_md__zip,median_sale_price,level,raw_source,raw_level,raw_structural_feature,raw_vs_structural_ma6,4158.434523809531,8626.282051282049,4467.847527472518,10.0,8.0,4467.847527472518,1.0,,
price_family_ma6_structural_linked,structural_ma6,20853_montgomery_county_md__zip,median_sale_price,level,structural_ma6,ma6_level,raw_structural_feature,raw_vs_structural_ma6,4158.434523809531,8626.282051282049,4467.847527472518,10.0,8.0,4467.847527472518,1.0,,
price_family_ma6_structural_linked,raw_source,20854_montgomery_county_md__zip,median_ppsf,level,raw_source,raw_level,raw_structural_feature,raw_vs_structural_ma6,1.1510561514285444,3.0900214526428584,1.938965301214314,9.0,5.0,1.938965301214314,1.0,,
price_family_ma6_structural_linked,structural_ma6,20854_montgomery_county_md__zip,median_ppsf,level,structural_ma6,ma6_level,raw_structural_feature,raw_vs_structural_ma6,1.1510561514285444,3.0900214526428584,1.938965301214314,9.0,5.0,1.938965301214314,1.0,,
price_family_ma6_structural_linked,raw_source,20854_montgomery_county_md__zip,median_sale_price,level,raw_source,raw_level,raw_structural_feature,raw_vs_structural_ma6,6722.047619047633,12982.16666666667,6260.119047619037,9.0,3.0,6260.119047619037,1.0,,
price_family_ma6_structural_linked,structural_ma6,20854_montgomery_county_md__zip,median_sale_price,level,structural_ma6,ma6_level,raw_structural_feature,raw_vs_structural_ma6,6722.047619047633,12982.16666666667,6260.119047619037,9.0,3.0,6260.119047619037,1.0,,
price_family_ma6_structural_linked,raw_source,20855_montgomery_county_md__zip,median_ppsf,level,raw_source,raw_level,raw_structural_feature,raw_vs_structural_ma6,1.5686964194285662,2.781062372474349,1.2123659530457829,4.0,8.0,1.2123659530457829,1.0,,
price_family_ma6_structural_linked,structural_ma6,20855_montgomery_county_md__zip,median_ppsf,level,structural_ma6,ma6_level,raw_structural_feature,raw_vs_structural_ma6,1.5686964194285662,2.781062372474349,1.2123659530457829,4.0,8.0,1.2123659530457829,1.0,,
price_family_ma6_structural_linked,raw_source,20855_montgomery_county_md__zip,median_sale_price,level,raw_source,raw_level,raw_structural_feature,raw_vs_structural_ma6,4997.047619047646,8011.307692307692,3014.2600732600467,5.0,7.0,3014.2600732600467,1.0,,
price_family_ma6_structural_linked,structural_ma6,20855_montgomery_county_md__zip,median_sale_price,level,structural_ma6,ma6_level,raw_structural_feature,raw_vs_structural_ma6,4997.047619047646,8011.307692307692,3014.2600732600467,5.0,7.0,3014.2600732600467,1.0,,
price_family_ma6_structural_linked,raw_source,20860_montgomery_county_md__zip,median_ppsf,level,raw_source,raw_level,raw_structural_feature,raw_vs_structural_ma6,3.311574280435897,8.478867007551294,5.167292727115397,8.0,4.0,5.167292727115397,1.0,,
price_family_ma6_structural_linked,structural_ma6,20860_montgomery_county_md__zip,median_ppsf,level,structural_ma6,ma6_level,raw_structural_feature,raw_vs_structural_ma6,3.311574280435897,8.478867007551294,5.167292727115397,8.0,4.0,5.167292727115397,1.0,,
price_family_ma6_structural_linked,raw_source,20860_montgomery_county_md__zip,median_sale_price,level,raw_source,raw_level,raw_structural_feature,raw_vs_structural_ma6,34112.72435897435,73283.20512820514,39170.48076923079,8.0,4.0,39170.48076923079,1.0,,
price_family_ma6_structural_linked,structural_ma6,20860_montgomery_county_md__zip,median_sale_price,level,structural_ma6,ma6_level,raw_structural_feature,raw_vs_structural_ma6,34112.72435897435,73283.20512820514,39170.48076923079,8.0,4.0,39170.48076923079,1.0,,
price_family_ma6_structural_linked,raw_source,20861_montgomery_county_md__zip,median_ppsf,level,raw_source,raw_level,raw_structural_feature,raw_vs_structural_ma6,3.681557219797611,7.549411770071446,3.867854550273835,10.0,3.0,3.867854550273835,1.0,,
price_family_ma6_structural_linked,structural_ma6,20861_montgomery_county_md__zip,median_ppsf,level,structural_ma6,ma6_level,raw_structural_feature,raw_vs_structural_ma6,3.681557219797611,7.549411770071446,3.867854550273835,10.0,3.0,3.867854550273835,1.0,,
price_family_ma6_structural_linked,raw_source,20861_montgomery_county_md__zip,median_sale_price,level,raw_source,raw_level,raw_structural_feature,raw_vs_structural_ma6,17396.815476190495,28852.1369047619,11455.321428571406,5.0,1.0,11455.321428571406,1.0,,
price_family_ma6_structural_linked,structural_ma6,20861_montgomery_county_md__zip,median_sale_price,level,structural_ma6,ma6_level,raw_structural_feature,raw_vs_structural_ma6,17396.815476190495,28852.1369047619,11455.321428571406,5.0,1.0,11455.321428571406,1.0,,
price_family_ma6_structural_linked,raw_source,20862_montgomery_county_md__zip,median_ppsf,level,raw_source,raw_level,raw_structural_feature,raw_vs_structural_ma6,6.810111121861108,14.307710732791676,7.4975996109305685,6.0,4.0,7.4975996109305685,1.0,,
price_family_ma6_structural_linked,structural_ma6,20862_montgomery_county_md__zip,median_ppsf,level,structural_ma6,ma6_level,raw_structural_feature,raw_vs_structural_ma6,6.810111121861108,14.307710732791676,7.4975996109305685,6.0,4.0,7.4975996109305685,1.0,,
price_family_ma6_structural_linked,raw_source,20862_montgomery_county_md__zip,median_sale_price,level,raw_source,raw_level,raw_structural_feature,raw_vs_structural_ma6,22483.33333333336,55569.55555555554,33086.222222222175,12.0,3.0,33086.222222222175,1.0,,
price_family_ma6_structural_linked,structural_ma6,20862_montgomery_county_md__zip,median_sale_price,level,structural_ma6,ma6_level,raw_structural_feature,raw_vs_structural_ma6,22483.33333333336,55569.55555555554,33086.222222222175,12.0,3.0,33086.222222222175,1.0,,
price_family_ma6_structural_linked,raw_source,20866_montgomery_county_md__zip,median_ppsf,level,raw_source,raw_level,raw_structural_feature,raw_vs_structural_ma6,1.909264047564099,2.903022075809529,0.9937580282454299,7.0,5.0,0.9937580282454299,1.0,,
price_family_ma6_structural_linked,structural_ma6,20866_montgomery_county_md__zip,median_ppsf,level,structural_ma6,ma6_level,raw_structural_feature,raw_vs_structural_ma6,1.909264047564099,2.903022075809529,0.9937580282454299,7.0,5.0,0.9937580282454299,1.0,,
price_family_ma6_structural_linked,raw_source,20866_montgomery_county_md__zip,median_sale_price,level,raw_source,raw_level,raw_structural_feature,raw_vs_structural_ma6,4066.9642857142876,6686.538461538466,2619.574175824179,11.0,8.0,2619.574175824179,1.0,,
price_family_ma6_structural_linked,structural_ma6,20866_montgomery_county_md__zip,median_sale_price,level,structural_ma6,ma6_level,raw_structural_feature,raw_vs_structural_ma6,4066.9642857142876,6686.538461538466,2619.574175824179,11.0,8.0,2619.574175824179,1.0,,
price_family_ma6_structural_linked,raw_source,20868_montgomery_county_md__zip,median_ppsf,level,raw_source,raw_level,raw_structural_feature,raw_vs_structural_ma6,7.869973969736111,15.093906440240735,7.223932470504624,12.0,10.0,7.223932470504624,1.0,,
price_family_ma6_structural_linked,structural_ma6,20868_montgomery_county_md__zip,median_ppsf,level,structural_ma6,ma6_level,raw_structural_feature,raw_vs_structural_ma6,7.869973969736111,15.093906440240735,7.223932470504624,12.0,10.0,7.223932470504624,1.0,,
price_family_ma6_structural_linked,raw_source,20868_montgomery_county_md__zip,median_sale_price,level,raw_source,raw_level,raw_structural_feature,raw_vs_structural_ma6,19274.259259259263,59972.16666666666,40697.907407407394,7.0,4.0,40697.907407407394,1.0,,
price_family_ma6_structural_linked,structural_ma6,20868_montgomery_county_md__zip,median_sale_price,level,structural_ma6,ma6_level,raw_structural_feature,raw_vs_structural_ma6,19274.259259259263,59972.16666666666,40697.907407407394,7.0,4.0,40697.907407407394,1.0,,
price_family_ma6_structural_linked,raw_source,20871_montgomery_county_md__zip,median_ppsf,level,raw_source,raw_level,raw_structural_feature,raw_vs_structural_ma6,1.206105928976196,2.16834187728571,0.9622359483095142,12.0,9.0,0.9622359483095142,1.0,,
price_family_ma6_structural_linked,structural_ma6,20871_montgomery_county_md__zip,median_ppsf,level,structural_ma6,ma6_level,raw_structural_feature,raw_vs_structural_ma6,1.206105928976196,2.16834187728571,0.9622359483095142,12.0,9.0,0.9622359483095142,1.0,,
price_family_ma6_structural_linked,raw_source,20871_montgomery_county_md__zip,median_sale_price,level,raw_source,raw_level,raw_structural_feature,raw_vs_structural_ma6,2987.4761904761917,5184.7261904762,2197.250000000008,1.0,3.0,2197.250000000008,1.0,,
price_family_ma6_structural_linked,structural_ma6,20871_montgomery_county_md__zip,median_sale_price,level,structural_ma6,ma6_level,raw_structural_feature,raw_vs_structural_ma6,2987.4761904761917,5184.7261904762,2197.250000000008,1.0,3.0,2197.250000000008,1.0,,
price_family_ma6_structural_linked,raw_source,20872_montgomery_county_md__zip,median_ppsf,level,raw_source,raw_level,raw_structural_feature,raw_vs_structural_ma6,1.290819396333323,3.0729857715384696,1.7821663752051466,12.0,7.0,1.7821663752051466,1.0,,
price_family_ma6_structural_linked,structural_ma6,20872_montgomery_county_md__zip,median_ppsf,level,structural_ma6,ma6_level,raw_structural_feature,raw_vs_structural_ma6,1.290819396333323,3.0729857715384696,1.7821663752051466,12.0,7.0,1.7821663752051466,1.0,,
price_family_ma6_structural_linked,raw_source,20872_montgomery_county_md__zip,median_sale_price,level,raw_source,raw_level,raw_structural_feature,raw_vs_structural_ma6,3346.4285714285797,7270.238095238098,3923.8095238095184,3.0,9.0,3923.8095238095184,1.0,,
price_family_ma6_structural_linked,structural_ma6,20872_montgomery_county_md__zip,median_sale_price,level,structural_ma6,ma6_level,raw_structural_feature,raw_vs_structural_ma6,3346.4285714285797,7270.238095238098,3923.8095238095184,3.0,9.0,3923.8095238095184,1.0,,
price_family_ma6_structural_linked,raw_source,20874_montgomery_county_md__zip,median_ppsf,level,raw_source,raw_level,raw_structural_feature,raw_vs_structural_ma6,0.7562726775595243,1.8765782504102726,1.1203055728507483,2.0,6.0,1.1203055728507483,1.0,,
price_family_ma6_structural_linked,structural_ma6,20874_montgomery_county_md__zip,median_ppsf,level,structural_ma6,ma6_level,raw_structural_feature,raw_vs_structural_ma6,0.7562726775595243,1.8765782504102726,1.1203055728507483,2.0,6.0,1.1203055728507483,1.0,,
price_family_ma6_structural_linked,raw_source,20874_montgomery_county_md__zip,median_sale_price,level,raw_source,raw_level,raw_structural_feature,raw_vs_structural_ma6,1042.2619047619144,4646.794871794868,3604.532967032954,3.0,6.0,3604.532967032954,1.0,,
price_family_ma6_structural_linked,structural_ma6,20874_montgomery_county_md__zip,median_sale_price,level,structural_ma6,ma6_level,raw_structural_feature,raw_vs_structural_ma6,1042.2619047619144,4646.794871794868,3604.532967032954,3.0,6.0,3604.532967032954,1.0,,
price_family_ma6_structural_linked,raw_source,20876_montgomery_county_md__zip,median_ppsf,level,raw_source,raw_level,raw_structural_feature,raw_vs_structural_ma6,1.06703078563096,1.9567778789743455,0.8897470933433855,2.0,7.0,0.8897470933433855,1.0,,
price_family_ma6_structural_linked,structural_ma6,20876_montgomery_county_md__zip,median_ppsf,level,structural_ma6,ma6_level,raw_structural_feature,raw_vs_structural_ma6,1.06703078563096,1.9567778789743455,0.8897470933433855,2.0,7.0,0.8897470933433855,1.0,,
price_family_ma6_structural_linked,raw_source,20876_montgomery_county_md__zip,median_sale_price,level,raw_source,raw_level,raw_structural_feature,raw_vs_structural_ma6,4088.107142857141,8774.702380952383,4686.595238095242,4.0,9.0,4686.595238095242,1.0,,
price_family_ma6_structural_linked,structural_ma6,20876_montgomery_county_md__zip,median_sale_price,level,structural_ma6,ma6_level,raw_structural_feature,raw_vs_structural_ma6,4088.107142857141,8774.702380952383,4686.595238095242,4.0,9.0,4686.595238095242,1.0,,
price_family_ma6_structural_linked,raw_source,20877_montgomery_county_md__zip,median_ppsf,level,raw_source,raw_level,raw_structural_feature,raw_vs_structural_ma6,1.1405811992499915,2.3774136744230816,1.2368324751730901,4.0,8.0,1.2368324751730901,1.0,,
price_family_ma6_structural_linked,structural_ma6,20877_montgomery_county_md__zip,median_ppsf,level,structural_ma6,ma6_level,raw_structural_feature,raw_vs_structural_ma6,1.1405811992499915,2.3774136744230816,1.2368324751730901,4.0,8.0,1.2368324751730901,1.0,,
price_family_ma6_structural_linked,raw_source,20877_montgomery_county_md__zip,median_sale_price,level,raw_source,raw_level,raw_structural_feature,raw_vs_structural_ma6,2802.3809523809387,8556.845238095233,5754.464285714294,12.0,9.0,5754.464285714294,1.0,,
price_family_ma6_structural_linked,structural_ma6,20877_montgomery_county_md__zip,median_sale_price,level,structural_ma6,ma6_level,raw_structural_feature,raw_vs_structural_ma6,2802.3809523809387,8556.845238095233,5754.464285714294,12.0,9.0,5754.464285714294,1.0,,
price_family_ma6_structural_linked,raw_source,20878_montgomery_county_md__zip,median_ppsf,level,raw_source,raw_level,raw_structural_feature,raw_vs_structural_ma6,0.973896348916672,2.4973727031666764,1.5234763542500045,11.0,6.0,1.5234763542500045,1.0,,
price_family_ma6_structural_linked,structural_ma6,20878_montgomery_county_md__zip,median_ppsf,level,structural_ma6,ma6_level,raw_structural_feature,raw_vs_structural_ma6,0.973896348916672,2.4973727031666764,1.5234763542500045,11.0,6.0,1.5234763542500045,1.0,,
price_family_ma6_structural_linked,raw_source,20878_montgomery_county_md__zip,median_sale_price,level,raw_source,raw_level,raw_structural_feature,raw_vs_structural_ma6,5077.827380952363,11440.071428571433,6362.24404761907,3.0,5.0,6362.24404761907,1.0,,
price_family_ma6_structural_linked,structural_ma6,20878_montgomery_county_md__zip,median_sale_price,level,structural_ma6,ma6_level,raw_structural_feature,raw_vs_structural_ma6,5077.827380952363,11440.071428571433,6362.24404761907,3.0,5.0,6362.24404761907,1.0,,
price_family_ma6_structural_linked,raw_source,20879_montgomery_county_md__zip,median_ppsf,level,raw_source,raw_level,raw_structural_feature,raw_vs_structural_ma6,1.4573165091666616,2.678564716261905,1.2212482070952435,12.0,3.0,1.2212482070952435,1.0,,
price_family_ma6_structural_linked,structural_ma6,20879_montgomery_county_md__zip,median_ppsf,level,structural_ma6,ma6_level,raw_structural_feature,raw_vs_structural_ma6,1.4573165091666616,2.678564716261905,1.2212482070952435,12.0,3.0,1.2212482070952435,1.0,,
price_family_ma6_structural_linked,raw_source,20879_montgomery_county_md__zip,median_sale_price,level,raw_source,raw_level,raw_structural_feature,raw_vs_structural_ma6,1371.726190476198,5306.608974358969,3934.882783882771,11.0,7.0,3934.882783882771,1.0,,
price_family_ma6_structural_linked,structural_ma6,20879_montgomery_county_md__zip,median_sale_price,level,structural_ma6,ma6_level,raw_structural_feature,raw_vs_structural_ma6,1371.726190476198,5306.608974358969,3934.882783882771,11.0,7.0,3934.882783882771,1.0,,
price_family_ma6_structural_linked,raw_source,20880_montgomery_county_md__zip,median_ppsf,level,raw_source,raw_level,raw_structural_feature,raw_vs_structural_ma6,5.88697895793749,16.91352205802778,11.02654310009029,2.0,9.0,11.02654310009029,1.0,,
price_family_ma6_structural_linked,structural_ma6,20880_montgomery_county_md__zip,median_ppsf,level,structural_ma6,ma6_level,raw_structural_feature,raw_vs_structural_ma6,5.88697895793749,16.91352205802778,11.02654310009029,2.0,9.0,11.02654310009029,1.0,,
price_family_ma6_structural_linked,raw_source,20880_montgomery_county_md__zip,median_sale_price,level,raw_source,raw_level,raw_structural_feature,raw_vs_structural_ma6,17653.333333333336,30853.38888888889,13200.055555555555,4.0,5.0,13200.055555555555,1.0,,
price_family_ma6_structural_linked,structural_ma6,20880_montgomery_county_md__zip,median_sale_price,level,structural_ma6,ma6_level,raw_structural_feature,raw_vs_structural_ma6,17653.333333333336,30853.38888888889,13200.055555555555,4.0,5.0,13200.055555555555,1.0,,
price_family_ma6_structural_linked,raw_source,20882_montgomery_county_md__zip,median_ppsf,level,raw_source,raw_level,raw_structural_feature,raw_vs_structural_ma6,1.509290442761915,3.03694628020238,1.527655837440465,4.0,1.0,1.527655837440465,1.0,,
price_family_ma6_structural_linked,structural_ma6,20882_montgomery_county_md__zip,median_ppsf,level,structural_ma6,ma6_level,raw_structural_feature,raw_vs_structural_ma6,1.509290442761915,3.03694628020238,1.527655837440465,4.0,1.0,1.527655837440465,1.0,,
price_family_ma6_structural_linked,raw_source,20882_montgomery_county_md__zip,median_sale_price,level,raw_source,raw_level,raw_structural_feature,raw_vs_structural_ma6,7606.54761904762,11947.91666666666,4341.36904761904,4.0,2.0,4341.36904761904,1.0,,
price_family_ma6_structural_linked,structural_ma6,20882_montgomery_county_md__zip,median_sale_price,level,structural_ma6,ma6_level,raw_structural_feature,raw_vs_structural_ma6,7606.54761904762,11947.91666666666,4341.36904761904,4.0,2.0,4341.36904761904,1.0,,
price_family_ma6_structural_linked,raw_source,20884_montgomery_county_md__zip,median_ppsf,level,raw_source,raw_level,raw_structural_feature,raw_vs_structural_ma6,7.345171219333325,13.432310951633317,6.087139732299992,5.0,8.0,6.087139732299992,1.0,,
price_family_ma6_structural_linked,structural_ma6,20884_montgomery_county_md__zip,median_ppsf,level,structural_ma6,ma6_level,raw_structural_feature,raw_vs_structural_ma6,7.345171219333325,13.432310951633317,6.087139732299992,5.0,8.0,6.087139732299992,1.0,,
price_family_ma6_structural_linked,raw_source,20884_montgomery_county_md__zip,median_sale_price,level,raw_source,raw_level,raw_structural_feature,raw_vs_structural_ma6,7018.5,12754.950000000006,5736.450000000006,4.0,8.0,5736.450000000006,1.0,,
price_family_ma6_structural_linked,structural_ma6,20884_montgomery_county_md__zip,median_sale_price,level,structural_ma6,ma6_level,raw_structural_feature,raw_vs_structural_ma6,7018.5,12754.950000000006,5736.450000000006,4.0,8.0,5736.450000000006,1.0,,
price_family_ma6_structural_linked,raw_source,20886_montgomery_county_md__zip,median_ppsf,level,raw_source,raw_level,raw_structural_feature,raw_vs_structural_ma6,1.1816516518333304,2.0327519626666755,0.851100310833345,12.0,7.0,0.851100310833345,1.0,,
price_family_ma6_structural_linked,structural_ma6,20886_montgomery_county_md__zip,median_ppsf,level,structural_ma6,ma6_level,raw_structural_feature,raw_vs_structural_ma6,1.1816516518333304,2.0327519626666755,0.851100310833345,12.0,7.0,0.851100310833345,1.0,,
price_family_ma6_structural_linked,raw_source,20886_montgomery_county_md__zip,median_sale_price,level,raw_source,raw_level,raw_structural_feature,raw_vs_structural_ma6,1788.2380952380959,5139.615384615391,3351.3772893772953,11.0,8.0,3351.3772893772953,1.0,,
price_family_ma6_structural_linked,structural_ma6,20886_montgomery_county_md__zip,median_sale_price,level,structural_ma6,ma6_level,raw_structural_feature,raw_vs_structural_ma6,1788.2380952380959,5139.615384615391,3351.3772893772953,11.0,8.0,3351.3772893772953,1.0,,
price_family_ma6_structural_linked,raw_source,20889_montgomery_county_md__zip,median_ppsf,level,raw_source,raw_level,raw_structural_feature,raw_vs_structural_ma6,2.5046653423332828,36.34300254083334,33.83833719850006,1.0,10.0,33.83833719850006,1.0,,
price_family_ma6_structural_linked,structural_ma6,20889_montgomery_county_md__zip,median_ppsf,level,structural_ma6,ma6_level,raw_structural_feature,raw_vs_structural_ma6,2.5046653423332828,36.34300254083334,33.83833719850006,1.0,10.0,33.83833719850006,1.0,,
price_family_ma6_structural_linked,raw_source,20889_montgomery_county_md__zip,median_sale_price,level,raw_source,raw_level,raw_structural_feature,raw_vs_structural_ma6,21854.166666666744,181833.33333333326,159979.1666666665,7.0,4.0,159979.1666666665,1.0,,
price_family_ma6_structural_linked,structural_ma6,20889_montgomery_county_md__zip,median_sale_price,level,structural_ma6,ma6_level,raw_structural_feature,raw_vs_structural_ma6,21854.166666666744,181833.33333333326,159979.1666666665,7.0,4.0,159979.1666666665,1.0,,
price_family_ma6_structural_linked,raw_source,20894_montgomery_county_md__zip,median_ppsf,level,raw_source,raw_level,raw_structural_feature,raw_vs_structural_ma6,3.7970351328333436,21.00131460824997,17.204279475416627,6.0,10.0,17.204279475416627,1.0,,
price_family_ma6_structural_linked,structural_ma6,20894_montgomery_county_md__zip,median_ppsf,level,structural_ma6,ma6_level,raw_structural_feature,raw_vs_structural_ma6,3.7970351328333436,21.00131460824997,17.204279475416627,6.0,10.0,17.204279475416627,1.0,,
price_family_ma6_structural_linked,raw_source,20894_montgomery_county_md__zip,median_sale_price,level,raw_source,raw_level,raw_structural_feature,raw_vs_structural_ma6,11666.666666666628,139166.66666666674,127500.00000000012,1.0,8.0,127500.00000000012,1.0,,
price_family_ma6_structural_linked,structural_ma6,20894_montgomery_county_md__zip,median_sale_price,level,structural_ma6,ma6_level,raw_structural_feature,raw_vs_structural_ma6,11666.666666666628,139166.66666666674,127500.00000000012,1.0,8.0,127500.00000000012,1.0,,
price_family_ma6_structural_linked,raw_source,20895_montgomery_county_md__zip,median_ppsf,level,raw_source,raw_level,raw_structural_feature,raw_vs_structural_ma6,2.4688465870000096,4.5745227836923075,2.105676196692298,12.0,7.0,2.105676196692298,1.0,,
price_family_ma6_structural_linked,structural_ma6,20895_montgomery_county_md__zip,median_ppsf,level,structural_ma6,ma6_level,raw_structural_feature,raw_vs_structural_ma6,2.4688465870000096,4.5745227836923075,2.105676196692298,12.0,7.0,2.105676196692298,1.0,,
price_family_ma6_structural_linked,raw_source,20895_montgomery_county_md__zip,median_sale_price,level,raw_source,raw_level,raw_structural_feature,raw_vs_structural_ma6,6228.80952380951,15747.28571428571,9518.4761904762,10.0,5.0,9518.4761904762,1.0,,
price_family_ma6_structural_linked,structural_ma6,20895_montgomery_county_md__zip,median_sale_price,level,structural_ma6,ma6_level,raw_structural_feature,raw_vs_structural_ma6,6228.80952380951,15747.28571428571,9518.4761904762,10.0,5.0,9518.4761904762,1.0,,
price_family_ma6_structural_linked,raw_source,20896_montgomery_county_md__zip,median_ppsf,level,raw_source,raw_level,raw_structural_feature,raw_vs_structural_ma6,12.14543128895239,20.927344211294873,8.781912922342483,3.0,12.0,8.781912922342483,1.0,,
price_family_ma6_structural_linked,structural_ma6,20896_montgomery_county_md__zip,median_ppsf,level,structural_ma6,ma6_level,raw_structural_feature,raw_vs_structural_ma6,12.14543128895239,20.927344211294873,8.781912922342483,3.0,12.0,8.781912922342483,1.0,,
price_family_ma6_structural_linked,raw_source,20896_montgomery_county_md__zip,median_sale_price,level,raw_source,raw_level,raw_structural_feature,raw_vs_structural_ma6,28960.909090909103,46968.91025641026,18008.001165501155,7.0,9.0,18008.001165501155,1.0,,
price_family_ma6_structural_linked,structural_ma6,20896_montgomery_county_md__zip,median_sale_price,level,structural_ma6,ma6_level,raw_structural_feature,raw_vs_structural_ma6,28960.909090909103,46968.91025641026,18008.001165501155,7.0,9.0,18008.001165501155,1.0,,
price_family_ma6_structural_linked,raw_source,20901_montgomery_county_md__zip,median_ppsf,level,raw_source,raw_level,raw_structural_feature,raw_vs_structural_ma6,2.4946615175,4.307934356115372,1.8132728386153723,3.0,7.0,1.8132728386153723,1.0,,
price_family_ma6_structural_linked,structural_ma6,20901_montgomery_county_md__zip,median_ppsf,level,structural_ma6,ma6_level,raw_structural_feature,raw_vs_structural_ma6,2.4946615175,4.307934356115372,1.8132728386153723,3.0,7.0,1.8132728386153723,1.0,,
price_family_ma6_structural_linked,raw_source,20901_montgomery_county_md__zip,median_sale_price,level,raw_source,raw_level,raw_structural_feature,raw_vs_structural_ma6,4467.583333333327,8248.717948717956,3781.13461538463,9.0,6.0,3781.13461538463,1.0,,
price_family_ma6_structural_linked,structural_ma6,20901_montgomery_county_md__zip,median_sale_price,level,structural_ma6,ma6_level,raw_structural_feature,raw_vs_structural_ma6,4467.583333333327,8248.717948717956,3781.13461538463,9.0,6.0,3781.13461538463,1.0,,
price_family_ma6_structural_linked,raw_source,20902_montgomery_county_md__zip,median_ppsf,level,raw_source,raw_level,raw_structural_feature,raw_vs_structural_ma6,1.7816959084404687,3.108017327678567,1.3263214192380985,12.0,5.0,1.3263214192380985,1.0,,
price_family_ma6_structural_linked,structural_ma6,20902_montgomery_county_md__zip,median_ppsf,level,structural_ma6,ma6_level,raw_structural_feature,raw_vs_structural_ma6,1.7816959084404687,3.108017327678567,1.3263214192380985,12.0,5.0,1.3263214192380985,1.0,,
price_family_ma6_structural_linked,raw_source,20902_montgomery_county_md__zip,median_sale_price,level,raw_source,raw_level,raw_structural_feature,raw_vs_structural_ma6,2126.7857142857224,6773.076923076918,4646.2912087911955,4.0,7.0,4646.2912087911955,1.0,,
price_family_ma6_structural_linked,structural_ma6,20902_montgomery_county_md__zip,median_sale_price,level,structural_ma6,ma6_level,raw_structural_feature,raw_vs_structural_ma6,2126.7857142857224,6773.076923076918,4646.2912087911955,4.0,7.0,4646.2912087911955,1.0,,
price_family_ma6_structural_linked,raw_source,20903_montgomery_county_md__zip,median_ppsf,level,raw_source,raw_level,raw_structural_feature,raw_vs_structural_ma6,2.3862051605833363,5.129779076410262,2.743573915826926,11.0,7.0,2.743573915826926,1.0,,
price_family_ma6_structural_linked,structural_ma6,20903_montgomery_county_md__zip,median_ppsf,level,structural_ma6,ma6_level,raw_structural_feature,raw_vs_structural_ma6,2.3862051605833363,5.129779076410262,2.743573915826926,11.0,7.0,2.743573915826926,1.0,,
price_family_ma6_structural_linked,raw_source,20903_montgomery_county_md__zip,median_sale_price,level,raw_source,raw_level,raw_structural_feature,raw_vs_structural_ma6,3940.9821428571554,8967.66025641026,5026.678113553104,12.0,7.0,5026.678113553104,1.0,,
price_family_ma6_structural_linked,structural_ma6,20903_montgomery_county_md__zip,median_sale_price,level,structural_ma6,ma6_level,raw_structural_feature,raw_vs_structural_ma6,3940.9821428571554,8967.66025641026,5026.678113553104,12.0,7.0,5026.678113553104,1.0,,
price_family_ma6_structural_linked,raw_source,20904_montgomery_county_md__zip,median_ppsf,level,raw_source,raw_level,raw_structural_feature,raw_vs_structural_ma6,0.8587531791428599,1.8454333321282048,0.986680152985345,11.0,8.0,0.986680152985345,1.0,,
price_family_ma6_structural_linked,structural_ma6,20904_montgomery_county_md__zip,median_ppsf,level,structural_ma6,ma6_level,raw_structural_feature,raw_vs_structural_ma6,0.8587531791428599,1.8454333321282048,0.986680152985345,11.0,8.0,0.986680152985345,1.0,,
price_family_ma6_structural_linked,raw_source,20904_montgomery_county_md__zip,median_sale_price,level,raw_source,raw_level,raw_structural_feature,raw_vs_structural_ma6,3409.4047619047715,6881.404761904751,3471.999999999979,11.0,9.0,3471.999999999979,1.0,,
price_family_ma6_structural_linked,structural_ma6,20904_montgomery_county_md__zip,median_sale_price,level,structural_ma6,ma6_level,raw_structural_feature,raw_vs_structural_ma6,3409.4047619047715,6881.404761904751,3471.999999999979,11.0,9.0,3471.999999999979,1.0,,
price_family_ma6_structural_linked,raw_source,20905_montgomery_county_md__zip,median_ppsf,level,raw_source,raw_level,raw_structural_feature,raw_vs_structural_ma6,1.1539370490119012,2.480109404488094,1.3261723554761926,12.0,3.0,1.3261723554761926,1.0,,
price_family_ma6_structural_linked,structural_ma6,20905_montgomery_county_md__zip,median_ppsf,level,structural_ma6,ma6_level,raw_structural_feature,raw_vs_structural_ma6,1.1539370490119012,2.480109404488094,1.3261723554761926,12.0,3.0,1.3261723554761926,1.0,,
price_family_ma6_structural_linked,raw_source,20905_montgomery_county_md__zip,median_sale_price,level,raw_source,raw_level,raw_structural_feature,raw_vs_structural_ma6,2702.380952380955,6533.076923076923,3830.695970695968,3.0,6.0,3830.695970695968,1.0,,
price_family_ma6_structural_linked,structural_ma6,20905_montgomery_county_md__zip,median_sale_price,level,structural_ma6,ma6_level,raw_structural_feature,raw_vs_structural_ma6,2702.380952380955,6533.076923076923,3830.695970695968,3.0,6.0,3830.695970695968,1.0,,
price_family_ma6_structural_linked,raw_source,20906_montgomery_county_md__zip,median_ppsf,level,raw_source,raw_level,raw_structural_feature,raw_vs_structural_ma6,0.8813354975119084,2.0834516869743513,1.2021161894624428,3.0,7.0,1.2021161894624428,1.0,,
price_family_ma6_structural_linked,structural_ma6,20906_montgomery_county_md__zip,median_ppsf,level,structural_ma6,ma6_level,raw_structural_feature,raw_vs_structural_ma6,0.8813354975119084,2.0834516869743513,1.2021161894624428,3.0,7.0,1.2021161894624428,1.0,,
price_family_ma6_structural_linked,raw_source,20906_montgomery_county_md__zip,median_sale_price,level,raw_source,raw_level,raw_structural_feature,raw_vs_structural_ma6,2925.78571428571,4675.529761904757,1749.7440476190468,1.0,10.0,1749.7440476190468,1.0,,
price_family_ma6_structural_linked,structural_ma6,20906_montgomery_county_md__zip,median_sale_price,level,structural_ma6,ma6_level,raw_structural_feature,raw_vs_structural_ma6,2925.78571428571,4675.529761904757,1749.7440476190468,1.0,10.0,1749.7440476190468,1.0,,
price_family_ma6_structural_linked,raw_source,20907_montgomery_county_md__zip,median_ppsf,level,raw_source,raw_level,raw_structural_feature,raw_vs_structural_ma6,1.87869028450001,17.143217187333324,15.264526902833314,2.0,10.0,15.264526902833314,1.0,,
price_family_ma6_structural_linked,structural_ma6,20907_montgomery_county_md__zip,median_ppsf,level,structural_ma6,ma6_level,raw_structural_feature,raw_vs_structural_ma6,1.87869028450001,17.143217187333324,15.264526902833314,2.0,10.0,15.264526902833314,1.0,,
price_family_ma6_structural_linked,raw_source,20907_montgomery_county_md__zip,median_sale_price,level,raw_source,raw_level,raw_structural_feature,raw_vs_structural_ma6,2333.3333333332557,16069.999999999976,13736.66666666672,3.0,10.0,13736.66666666672,1.0,,
price_family_ma6_structural_linked,structural_ma6,20907_montgomery_county_md__zip,median_sale_price,level,structural_ma6,ma6_level,raw_structural_feature,raw_vs_structural_ma6,2333.3333333332557,16069.999999999976,13736.66666666672,3.0,10.0,13736.66666666672,1.0,,
price_family_ma6_structural_linked,raw_source,20910_montgomery_county_md__zip,median_ppsf,level,raw_source,raw_level,raw_structural_feature,raw_vs_structural_ma6,2.2590522081190403,3.3461206648095265,1.0870684566904862,9.0,4.0,1.0870684566904862,1.0,,
price_family_ma6_structural_linked,structural_ma6,20910_montgomery_county_md__zip,median_ppsf,level,structural_ma6,ma6_level,raw_structural_feature,raw_vs_structural_ma6,2.2590522081190403,3.3461206648095265,1.0870684566904862,9.0,4.0,1.0870684566904862,1.0,,
price_family_ma6_structural_linked,raw_source,20910_montgomery_county_md__zip,median_sale_price,level,raw_source,raw_level,raw_structural_feature,raw_vs_structural_ma6,6805.976190476184,11404.130952380956,4598.154761904772,12.0,5.0,4598.154761904772,1.0,,
price_family_ma6_structural_linked,structural_ma6,20910_montgomery_county_md__zip,median_sale_price,level,structural_ma6,ma6_level,raw_structural_feature,raw_vs_structural_ma6,6805.976190476184,11404.130952380956,4598.154761904772,12.0,5.0,4598.154761904772,1.0,,
price_family_ma6_structural_linked,raw_source,20912_montgomery_county_md__zip,median_ppsf,level,raw_source,raw_level,raw_structural_feature,raw_vs_structural_ma6,3.7819278711785915,7.548158991000002,3.7662311198214105,4.0,7.0,3.7662311198214105,1.0,,
price_family_ma6_structural_linked,structural_ma6,20912_montgomery_county_md__zip,median_ppsf,level,structural_ma6,ma6_level,raw_structural_feature,raw_vs_structural_ma6,3.7819278711785915,7.548158991000002,3.7662311198214105,4.0,7.0,3.7662311198214105,1.0,,
price_family_ma6_structural_linked,raw_source,20912_montgomery_county_md__zip,median_sale_price,level,raw_source,raw_level,raw_structural_feature,raw_vs_structural_ma6,6694.047619047625,14194.634615384606,7500.586996336981,4.0,8.0,7500.586996336981,1.0,,
price_family_ma6_structural_linked,structural_ma6,20912_montgomery_county_md__zip,median_sale_price,level,structural_ma6,ma6_level,raw_structural_feature,raw_vs_structural_ma6,6694.047619047625,14194.634615384606,7500.586996336981,4.0,8.0,7500.586996336981,1.0,,
price_family_ma6_structural_linked,raw_source,20913_montgomery_county_md__zip,median_ppsf,level,raw_source,raw_level,raw_structural_feature,raw_vs_structural_ma6,19.781874073666643,48.35509259249997,28.57321851883333,12.0,3.0,28.57321851883333,1.0,,
price_family_ma6_structural_linked,structural_ma6,20913_montgomery_county_md__zip,median_ppsf,level,structural_ma6,ma6_level,raw_structural_feature,raw_vs_structural_ma6,19.781874073666643,48.35509259249997,28.57321851883333,12.0,3.0,28.57321851883333,1.0,,
price_family_ma6_structural_linked,raw_source,20913_montgomery_county_md__zip,median_sale_price,level,raw_source,raw_level,raw_structural_feature,raw_vs_structural_ma6,19055.55555555558,70000.0,50944.44444444442,2.0,10.0,50944.44444444442,1.0,,
price_family_ma6_structural_linked,structural_ma6,20913_montgomery_county_md__zip,median_sale_price,level,structural_ma6,ma6_level,raw_structural_feature,raw_vs_structural_ma6,19055.55555555558,70000.0,50944.44444444442,2.0,10.0,50944.44444444442,1.0,,
price_family_ma6_structural_linked,raw_source,20914_montgomery_county_md__zip,median_ppsf,level,raw_source,raw_level,raw_structural_feature,raw_vs_structural_ma6,1.07648148141665,14.615556607666662,13.539075126250012,3.0,12.0,13.539075126250012,1.0,,
price_family_ma6_structural_linked,structural_ma6,20914_montgomery_county_md__zip,median_ppsf,level,structural_ma6,ma6_level,raw_structural_feature,raw_vs_structural_ma6,1.07648148141665,14.615556607666662,13.539075126250012,3.0,12.0,13.539075126250012,1.0,,
price_family_ma6_structural_linked,raw_source,20914_montgomery_county_md__zip,median_sale_price,level,raw_source,raw_level,raw_structural_feature,raw_vs_structural_ma6,1000.0,16750.0,15750.0,7.0,9.0,15750.0,1.0,,
price_family_ma6_structural_linked,structural_ma6,20914_montgomery_county_md__zip,median_sale_price,level,structural_ma6,ma6_level,raw_structural_feature,raw_vs_structural_ma6,1000.0,16750.0,15750.0,7.0,9.0,15750.0,1.0,,
price_family_ma6_structural_linked,raw_source,20918_montgomery_county_md__zip,median_ppsf,level,raw_source,raw_level,raw_structural_feature,raw_vs_structural_ma6,6.084376500499957,24.045436670333345,17.961060169833388,1.0,2.0,17.961060169833388,1.0,,
price_family_ma6_structural_linked,structural_ma6,20918_montgomery_county_md__zip,median_ppsf,level,structural_ma6,ma6_level,raw_structural_feature,raw_vs_structural_ma6,6.084376500499957,24.045436670333345,17.961060169833388,1.0,2.0,17.961060169833388,1.0,,
price_family_ma6_structural_linked,raw_source,20918_montgomery_county_md__zip,median_sale_price,level,raw_source,raw_level,raw_structural_feature,raw_vs_structural_ma6,7986.111111111114,27380.52777777777,19394.416666666657,6.0,9.0,19394.416666666657,1.0,,
price_family_ma6_structural_linked,structural_ma6,20918_montgomery_county_md__zip,median_sale_price,level,structural_ma6,ma6_level,raw_structural_feature,raw_vs_structural_ma6,7986.111111111114,27380.52777777777,19394.416666666657,6.0,9.0,19394.416666666657,1.0,,
price_family_ma6_structural_linked,raw_source,20993_montgomery_county_md__zip,median_ppsf,level,raw_source,raw_level,raw_structural_feature,raw_vs_structural_ma6,1.8280791110000223,9.338435986611103,7.51035687561108,10.0,3.0,7.51035687561108,1.0,,
price_family_ma6_structural_linked,structural_ma6,20993_montgomery_county_md__zip,median_ppsf,level,structural_ma6,ma6_level,raw_structural_feature,raw_vs_structural_ma6,1.8280791110000223,9.338435986611103,7.51035687561108,10.0,3.0,7.51035687561108,1.0,,
price_family_ma6_structural_linked,raw_source,20993_montgomery_county_md__zip,median_sale_price,level,raw_source,raw_level,raw_structural_feature,raw_vs_structural_ma6,5770.833333333314,36967.77777777779,31196.944444444474,10.0,3.0,31196.944444444474,1.0,,
price_family_ma6_structural_linked,structural_ma6,20993_montgomery_county_md__zip,median_sale_price,level,structural_ma6,ma6_level,raw_structural_feature,raw_vs_structural_ma6,5770.833333333314,36967.77777777779,31196.944444444474,10.0,3.0,31196.944444444474,1.0,,
price_family_ma6_structural_linked,raw_source,21771_montgomery_county_md__zip,median_ppsf,level,raw_source,raw_level,raw_structural_feature,raw_vs_structural_ma6,1.150017512333341,1.9939100693077,0.8438925569743592,2.0,8.0,0.8438925569743592,1.0,,
price_family_ma6_structural_linked,structural_ma6,21771_montgomery_county_md__zip,median_ppsf,level,structural_ma6,ma6_level,raw_structural_feature,raw_vs_structural_ma6,1.150017512333341,1.9939100693077,0.8438925569743592,2.0,8.0,0.8438925569743592,1.0,,
price_family_ma6_structural_linked,raw_source,21771_montgomery_county_md__zip,median_sale_price,level,raw_source,raw_level,raw_structural_feature,raw_vs_structural_ma6,5837.535714285718,10687.49999999999,4849.964285714273,4.0,8.0,4849.964285714273,1.0,,
price_family_ma6_structural_linked,structural_ma6,21771_montgomery_county_md__zip,median_sale_price,level,structural_ma6,ma6_level,raw_structural_feature,raw_vs_structural_ma6,5837.535714285718,10687.49999999999,4849.964285714273,4.0,8.0,4849.964285714273,1.0,,
price_family_ma6_structural_linked,raw_source,alameda_county_ca__county,median_ppsf,level,raw_source,raw_level,raw_structural_feature,raw_vs_structural_ma6,2.7749044365476316,9.881591981628215,7.106687545080584,2.0,6.0,7.106687545080584,1.0,,
price_family_ma6_structural_linked,structural_ma6,alameda_county_ca__county,median_ppsf,level,structural_ma6,ma6_level,raw_structural_feature,raw_vs_structural_ma6,2.7749044365476316,9.881591981628215,7.106687545080584,2.0,6.0,7.106687545080584,1.0,,
price_family_ma6_structural_linked,raw_source,alameda_county_ca__county,median_sale_price,level,raw_source,raw_level,raw_structural_feature,raw_vs_structural_ma6,5474.071428571404,21676.47619047618,16202.404761904776,2.0,7.0,16202.404761904776,1.0,,
price_family_ma6_structural_linked,structural_ma6,alameda_county_ca__county,median_sale_price,level,structural_ma6,ma6_level,raw_structural_feature,raw_vs_structural_ma6,5474.071428571404,21676.47619047618,16202.404761904776,2.0,7.0,16202.404761904776,1.0,,
price_family_ma6_structural_linked,raw_source,albemarle_county_va__county,median_ppsf,level,raw_source,raw_level,raw_structural_feature,raw_vs_structural_ma6,0.6626095106190429,1.6783959106785724,1.0157864000595294,12.0,7.0,1.0157864000595294,1.0,,
price_family_ma6_structural_linked,structural_ma6,albemarle_county_va__county,median_ppsf,level,structural_ma6,ma6_level,raw_structural_feature,raw_vs_structural_ma6,0.6626095106190429,1.6783959106785724,1.0157864000595294,12.0,7.0,1.0157864000595294,1.0,,
price_family_ma6_structural_linked,raw_source,albemarle_county_va__county,median_sale_price,level,raw_source,raw_level,raw_structural_feature,raw_vs_structural_ma6,3416.7261904761917,6515.422619047633,3098.696428571441,12.0,8.0,3098.696428571441,1.0,,
price_family_ma6_structural_linked,structural_ma6,albemarle_county_va__county,median_sale_price,level,structural_ma6,ma6_level,raw_structural_feature,raw_vs_structural_ma6,3416.7261904761917,6515.422619047633,3098.696428571441,12.0,8.0,3098.696428571441,1.0,,
price_family_ma6_structural_linked,raw_source,alexandria_va__county,median_ppsf,level,raw_source,raw_level,raw_structural_feature,raw_vs_structural_ma6,2.1757691252262004,4.841171288119052,2.665402162892852,10.0,7.0,2.665402162892852,1.0,,
price_family_ma6_structural_linked,structural_ma6,alexandria_va__county,median_ppsf,level,structural_ma6,ma6_level,raw_structural_feature,raw_vs_structural_ma6,2.1757691252262004,4.841171288119052,2.665402162892852,10.0,7.0,2.665402162892852,1.0,,
price_family_ma6_structural_linked,raw_source,alexandria_va__county,median_sale_price,level,raw_source,raw_level,raw_structural_feature,raw_vs_structural_ma6,6226.7797619047715,11917.857142857143,5691.077380952372,2.0,7.0,5691.077380952372,1.0,,
price_family_ma6_structural_linked,structural_ma6,alexandria_va__county,median_sale_price,level,structural_ma6,ma6_level,raw_structural_feature,raw_vs_structural_ma6,6226.7797619047715,11917.857142857143,5691.077380952372,2.0,7.0,5691.077380952372,1.0,,
price_family_ma6_structural_linked,raw_source,allegany_county_md__county,median_ppsf,level,raw_source,raw_level,raw_structural_feature,raw_vs_structural_ma6,1.0521514874761901,3.220524986083333,2.168373498607143,3.0,8.0,2.168373498607143,1.0,,
price_family_ma6_structural_linked,structural_ma6,allegany_county_md__county,median_ppsf,level,structural_ma6,ma6_level,raw_structural_feature,raw_vs_structural_ma6,1.0521514874761901,3.220524986083333,2.168373498607143,3.0,8.0,2.168373498607143,1.0,,
price_family_ma6_structural_linked,raw_source,allegany_county_md__county,median_sale_price,level,raw_source,raw_level,raw_structural_feature,raw_vs_structural_ma6,1729.4226190476163,4314.505952380954,2585.0833333333376,11.0,8.0,2585.0833333333376,1.0,,
price_family_ma6_structural_linked,structural_ma6,allegany_county_md__county,median_sale_price,level,structural_ma6,ma6_level,raw_structural_feature,raw_vs_structural_ma6,1729.4226190476163,4314.505952380954,2585.0833333333376,11.0,8.0,2585.0833333333376,1.0,,
price_family_ma6_structural_linked,raw_source,amelia_county_va__county,median_ppsf,level,raw_source,raw_level,raw_structural_feature,raw_vs_structural_ma6,2.707159800607148,4.851478035500001,2.1443182348928533,4.0,5.0,2.1443182348928533,1.0,,
price_family_ma6_structural_linked,structural_ma6,amelia_county_va__county,median_ppsf,level,structural_ma6,ma6_level,raw_structural_feature,raw_vs_structural_ma6,2.707159800607148,4.851478035500001,2.1443182348928533,4.0,5.0,2.1443182348928533,1.0,,
price_family_ma6_structural_linked,raw_source,amelia_county_va__county,median_sale_price,level,raw_source,raw_level,raw_structural_feature,raw_vs_structural_ma6,5225.892857142857,10105.86904761904,4879.976190476184,4.0,12.0,4879.976190476184,1.0,,
price_family_ma6_structural_linked,structural_ma6,amelia_county_va__county,median_sale_price,level,structural_ma6,ma6_level,raw_structural_feature,raw_vs_structural_ma6,5225.892857142857,10105.86904761904,4879.976190476184,4.0,12.0,4879.976190476184,1.0,,
price_family_ma6_structural_linked,raw_source,amherst_county_va__county,median_ppsf,level,raw_source,raw_level,raw_structural_feature,raw_vs_structural_ma6,1.6317322570238102,4.388664739512818,2.7569324824890082,3.0,6.0,2.7569324824890082,1.0,,
price_family_ma6_structural_linked,structural_ma6,amherst_county_va__county,median_ppsf,level,structural_ma6,ma6_level,raw_structural_feature,raw_vs_structural_ma6,1.6317322570238102,4.388664739512818,2.7569324824890082,3.0,6.0,2.7569324824890082,1.0,,
price_family_ma6_structural_linked,raw_source,amherst_county_va__county,median_sale_price,level,raw_source,raw_level,raw_structural_feature,raw_vs_structural_ma6,3661.75,8030.262820512819,4368.512820512819,10.0,6.0,4368.512820512819,1.0,,
price_family_ma6_structural_linked,structural_ma6,amherst_county_va__county,median_sale_price,level,structural_ma6,ma6_level,raw_structural_feature,raw_vs_structural_ma6,3661.75,8030.262820512819,4368.512820512819,10.0,6.0,4368.512820512819,1.0,,
price_family_ma6_structural_linked,raw_source,anaheim_ca_metro_area__cbsa_metro,median_ppsf,level,raw_source,raw_level,raw_structural_feature,raw_vs_structural_ma6,2.746904761904777,3.552142857142875,0.805238095238098,8.0,2.0,0.805238095238098,1.0,,
price_family_ma6_structural_linked,structural_ma6,anaheim_ca_metro_area__cbsa_metro,median_ppsf,level,structural_ma6,ma6_level,raw_structural_feature,raw_vs_structural_ma6,2.746904761904777,3.552142857142875,0.805238095238098,8.0,2.0,0.805238095238098,1.0,,
price_family_ma6_structural_linked,raw_source,anaheim_ca_metro_area__cbsa_metro,median_sale_price,level,raw_source,raw_level,raw_structural_feature,raw_vs_structural_ma6,3211.309523809539,12074.269230769209,8862.95970695967,1.0,6.0,8862.95970695967,1.0,,
price_family_ma6_structural_linked,structural_ma6,anaheim_ca_metro_area__cbsa_metro,median_sale_price,level,structural_ma6,ma6_level,raw_structural_feature,raw_vs_structural_ma6,3211.309523809539,12074.269230769209,8862.95970695967,1.0,6.0,8862.95970695967,1.0,,
price_family_ma6_structural_linked,raw_source,anne_arundel_county_md__county,median_ppsf,level,raw_source,raw_level,raw_structural_feature,raw_vs_structural_ma6,0.6215788247380881,1.9921433532051214,1.3705645284670331,11.0,6.0,1.3705645284670331,1.0,,
price_family_ma6_structural_linked,structural_ma6,anne_arundel_county_md__county,median_ppsf,level,structural_ma6,ma6_level,raw_structural_feature,raw_vs_structural_ma6,0.6215788247380881,1.9921433532051214,1.3705645284670331,11.0,6.0,1.3705645284670331,1.0,,
price_family_ma6_structural_linked,raw_source,anne_arundel_county_md__county,median_sale_price,level,raw_source,raw_level,raw_structural_feature,raw_vs_structural_ma6,1930.9523809523755,5596.934523809518,3665.982142857143,3.0,7.0,3665.982142857143,1.0,,
price_family_ma6_structural_linked,structural_ma6,anne_arundel_county_md__county,median_sale_price,level,structural_ma6,ma6_level,raw_structural_feature,raw_vs_structural_ma6,1930.9523809523755,5596.934523809518,3665.982142857143,3.0,7.0,3665.982142857143,1.0,,
price_family_ma6_structural_linked,raw_source,appomattox_county_va__county,median_ppsf,level,raw_source,raw_level,raw_structural_feature,raw_vs_structural_ma6,2.9965777233194486,4.086907295179486,1.0903295718600376,12.0,4.0,1.0903295718600376,1.0,,
price_family_ma6_structural_linked,structural_ma6,appomattox_county_va__county,median_ppsf,level,structural_ma6,ma6_level,raw_structural_feature,raw_vs_structural_ma6,2.9965777233194486,4.086907295179486,1.0903295718600376,12.0,4.0,1.0903295718600376,1.0,,
price_family_ma6_structural_linked,raw_source,appomattox_county_va__county,median_sale_price,level,raw_source,raw_level,raw_structural_feature,raw_vs_structural_ma6,3888.8888888888882,7020.833333333325,3131.9444444444366,11.0,7.0,3131.9444444444366,1.0,,
price_family_ma6_structural_linked,structural_ma6,appomattox_county_va__county,median_sale_price,level,structural_ma6,ma6_level,raw_structural_feature,raw_vs_structural_ma6,3888.8888888888882,7020.833333333325,3131.9444444444366,11.0,7.0,3131.9444444444366,1.0,,
price_family_ma6_structural_linked,raw_source,arlington_county_va__county,median_ppsf,level,raw_source,raw_level,raw_structural_feature,raw_vs_structural_ma6,1.9498477032857164,4.313385965785711,2.3635382624999948,1.0,4.0,2.3635382624999948,1.0,,
price_family_ma6_structural_linked,structural_ma6,arlington_county_va__county,median_ppsf,level,structural_ma6,ma6_level,raw_structural_feature,raw_vs_structural_ma6,1.9498477032857164,4.313385965785711,2.3635382624999948,1.0,4.0,2.3635382624999948,1.0,,
price_family_ma6_structural_linked,raw_source,arlington_county_va__county,median_sale_price,level,raw_source,raw_level,raw_structural_feature,raw_vs_structural_ma6,4677.678571428572,13040.476190476196,8362.797619047626,11.0,7.0,8362.797619047626,1.0,,
price_family_ma6_structural_linked,structural_ma6,arlington_county_va__county,median_sale_price,level,structural_ma6,ma6_level,raw_structural_feature,raw_vs_structural_ma6,4677.678571428572,13040.476190476196,8362.797619047626,11.0,7.0,8362.797619047626,1.0,,
price_family_ma6_structural_linked,raw_source,atlantic_city_nj_metro_area__cbsa_metro,median_ppsf,level,raw_source,raw_level,raw_structural_feature,raw_vs_structural_ma6,1.0236065330476123,2.293348149511906,1.2697416164642936,1.0,7.0,1.2697416164642936,1.0,,
price_family_ma6_structural_linked,structural_ma6,atlantic_city_nj_metro_area__cbsa_metro,median_ppsf,level,structural_ma6,ma6_level,raw_structural_feature,raw_vs_structural_ma6,1.0236065330476123,2.293348149511906,1.2697416164642936,1.0,7.0,1.2697416164642936,1.0,,
price_family_ma6_structural_linked,raw_source,atlantic_city_nj_metro_area__cbsa_metro,median_sale_price,level,raw_source,raw_level,raw_structural_feature,raw_vs_structural_ma6,2274.4047619047656,5047.142857142855,2772.7380952380895,11.0,8.0,2772.7380952380895,1.0,,
price_family_ma6_structural_linked,structural_ma6,atlantic_city_nj_metro_area__cbsa_metro,median_sale_price,level,structural_ma6,ma6_level,raw_structural_feature,raw_vs_structural_ma6,2274.4047619047656,5047.142857142855,2772.7380952380895,11.0,8.0,2772.7380952380895,1.0,,
price_family_ma6_structural_linked,raw_source,atlantic_county_nj__county,median_ppsf,level,raw_source,raw_level,raw_structural_feature,raw_vs_structural_ma6,1.0006759470119024,2.270567355071427,1.2698914080595247,1.0,7.0,1.2698914080595247,1.0,,
price_family_ma6_structural_linked,structural_ma6,atlantic_county_nj__county,median_ppsf,level,structural_ma6,ma6_level,raw_structural_feature,raw_vs_structural_ma6,1.0006759470119024,2.270567355071427,1.2698914080595247,1.0,7.0,1.2698914080595247,1.0,,
price_family_ma6_structural_linked,raw_source,atlantic_county_nj__county,median_sale_price,level,raw_source,raw_level,raw_structural_feature,raw_vs_structural_ma6,2319.6428571428573,5078.202380952377,2758.5595238095198,11.0,8.0,2758.5595238095198,1.0,,
price_family_ma6_structural_linked,structural_ma6,atlantic_county_nj__county,median_sale_price,level,structural_ma6,ma6_level,raw_structural_feature,raw_vs_structural_ma6,2319.6428571428573,5078.202380952377,2758.5595238095198,11.0,8.0,2758.5595238095198,1.0,,
price_family_ma6_structural_linked,raw_source,augusta_county_va__county,median_ppsf,level,raw_source,raw_level,raw_structural_feature,raw_vs_structural_ma6,0.8766694235238107,2.1916458528214315,1.3149764292976207,12.0,7.0,1.3149764292976207,1.0,,
price_family_ma6_structural_linked,structural_ma6,augusta_county_va__county,median_ppsf,level,structural_ma6,ma6_level,raw_structural_feature,raw_vs_structural_ma6,0.8766694235238107,2.1916458528214315,1.3149764292976207,12.0,7.0,1.3149764292976207,1.0,,
price_family_ma6_structural_linked,raw_source,augusta_county_va__county,median_sale_price,level,raw_source,raw_level,raw_structural_feature,raw_vs_structural_ma6,1754.166666666663,5089.261904761902,3335.0952380952385,11.0,7.0,3335.0952380952385,1.0,,
price_family_ma6_structural_linked,structural_ma6,augusta_county_va__county,median_sale_price,level,structural_ma6,ma6_level,raw_structural_feature,raw_vs_structural_ma6,1754.166666666663,5089.261904761902,3335.0952380952385,11.0,7.0,3335.0952380952385,1.0,,
price_family_ma6_structural_linked,raw_source,bakersfield_ca_metro_area__cbsa_metro,median_ppsf,level,raw_source,raw_level,raw_structural_feature,raw_vs_structural_ma6,0.9457142857142823,1.2217857142857065,0.2760714285714242,9.0,12.0,0.2760714285714242,1.0,,
price_family_ma6_structural_linked,structural_ma6,bakersfield_ca_metro_area__cbsa_metro,median_ppsf,level,structural_ma6,ma6_level,raw_structural_feature,raw_vs_structural_ma6,0.9457142857142823,1.2217857142857065,0.2760714285714242,9.0,12.0,0.2760714285714242,1.0,,
price_family_ma6_structural_linked,raw_source,bakersfield_ca_metro_area__cbsa_metro,median_sale_price,level,raw_source,raw_level,raw_structural_feature,raw_vs_structural_ma6,1238.5119047618978,3734.523809523801,2496.011904761903,3.0,7.0,2496.011904761903,1.0,,
price_family_ma6_structural_linked,structural_ma6,bakersfield_ca_metro_area__cbsa_metro,median_sale_price,level,structural_ma6,ma6_level,raw_structural_feature,raw_vs_structural_ma6,1238.5119047618978,3734.523809523801,2496.011904761903,3.0,7.0,2496.011904761903,1.0,,
price_family_ma6_structural_linked,raw_source,baltimore_city_county_md__county,median_ppsf,level,raw_source,raw_level,raw_structural_feature,raw_vs_structural_ma6,0.8518071474523877,4.708928327095239,3.8571211796428515,10.0,7.0,3.8571211796428515,1.0,,
price_family_ma6_structural_linked,structural_ma6,baltimore_city_county_md__county,median_ppsf,level,structural_ma6,ma6_level,raw_structural_feature,raw_vs_structural_ma6,0.8518071474523877,4.708928327095239,3.8571211796428515,10.0,7.0,3.8571211796428515,1.0,,
price_family_ma6_structural_linked,raw_source,baltimore_city_county_md__county,median_sale_price,level,raw_source,raw_level,raw_structural_feature,raw_vs_structural_ma6,1469.49404761905,8488.565476190472,7019.071428571422,10.0,7.0,7019.071428571422,1.0,,
price_family_ma6_structural_linked,structural_ma6,baltimore_city_county_md__county,median_sale_price,level,structural_ma6,ma6_level,raw_structural_feature,raw_vs_structural_ma6,1469.49404761905,8488.565476190472,7019.071428571422,10.0,7.0,7019.071428571422,1.0,,
price_family_ma6_structural_linked,raw_source,baltimore_county_md__county,median_ppsf,level,raw_source,raw_level,raw_structural_feature,raw_vs_structural_ma6,0.47128796716666194,2.4685476876309584,1.9972597204642966,10.0,7.0,1.9972597204642966,1.0,,
price_family_ma6_structural_linked,structural_ma6,baltimore_county_md__county,median_ppsf,level,structural_ma6,ma6_level,raw_structural_feature,raw_vs_structural_ma6,0.47128796716666194,2.4685476876309584,1.9972597204642966,10.0,7.0,1.9972597204642966,1.0,,
price_family_ma6_structural_linked,raw_source,baltimore_county_md__county,median_sale_price,level,raw_source,raw_level,raw_structural_feature,raw_vs_structural_ma6,1413.2738095238103,5533.5119047618955,4120.238095238085,10.0,7.0,4120.238095238085,1.0,,
price_family_ma6_structural_linked,structural_ma6,baltimore_county_md__county,median_sale_price,level,structural_ma6,ma6_level,raw_structural_feature,raw_vs_structural_ma6,1413.2738095238103,5533.5119047618955,4120.238095238085,10.0,7.0,4120.238095238085,1.0,,
price_family_ma6_structural_linked,raw_source,baltimore_md_metro_area__cbsa_metro,median_ppsf,level,raw_source,raw_level,raw_structural_feature,raw_vs_structural_ma6,0.5544047619047652,0.7539285714285698,0.19952380952380466,8.0,5.0,0.19952380952380466,1.0,,
price_family_ma6_structural_linked,structural_ma6,baltimore_md_metro_area__cbsa_metro,median_ppsf,level,structural_ma6,ma6_level,raw_structural_feature,raw_vs_structural_ma6,0.5544047619047652,0.7539285714285698,0.19952380952380466,8.0,5.0,0.19952380952380466,1.0,,
price_family_ma6_structural_linked,raw_source,baltimore_md_metro_area__cbsa_metro,median_sale_price,level,raw_source,raw_level,raw_structural_feature,raw_vs_structural_ma6,1186.0119047619082,8156.5476190476265,6970.535714285718,10.0,7.0,6970.535714285718,1.0,,
price_family_ma6_structural_linked,structural_ma6,baltimore_md_metro_area__cbsa_metro,median_sale_price,level,structural_ma6,ma6_level,raw_structural_feature,raw_vs_structural_ma6,1186.0119047619082,8156.5476190476265,6970.535714285718,10.0,7.0,6970.535714285718,1.0,,
price_family_ma6_structural_linked,raw_source,bedford_county_va__county,median_ppsf,level,raw_source,raw_level,raw_structural_feature,raw_vs_structural_ma6,1.1485431564523856,1.9083608289166745,0.7598176724642889,5.0,9.0,0.7598176724642889,1.0,,
price_family_ma6_structural_linked,structural_ma6,bedford_county_va__county,median_ppsf,level,structural_ma6,ma6_level,raw_structural_feature,raw_vs_structural_ma6,1.1485431564523856,1.9083608289166745,0.7598176724642889,5.0,9.0,0.7598176724642889,1.0,,
price_family_ma6_structural_linked,raw_source,bedford_county_va__county,median_sale_price,level,raw_source,raw_level,raw_structural_feature,raw_vs_structural_ma6,3275.5833333333326,5537.261904761906,2261.678571428574,12.0,8.0,2261.678571428574,1.0,,
price_family_ma6_structural_linked,structural_ma6,bedford_county_va__county,median_sale_price,level,structural_ma6,ma6_level,raw_structural_feature,raw_vs_structural_ma6,3275.5833333333326,5537.261904761906,2261.678571428574,12.0,8.0,2261.678571428574,1.0,,
price_family_ma6_structural_linked,raw_source,big_stone_gap_va_metro_area__cbsa_metro,median_ppsf,level,raw_source,raw_level,raw_structural_feature,raw_vs_structural_ma6,1.4803541136282077,2.4777727387222197,0.997418625094012,3.0,7.0,0.997418625094012,1.0,,
price_family_ma6_structural_linked,structural_ma6,big_stone_gap_va_metro_area__cbsa_metro,median_ppsf,level,structural_ma6,ma6_level,raw_structural_feature,raw_vs_structural_ma6,1.4803541136282077,2.4777727387222197,0.997418625094012,3.0,7.0,0.997418625094012,1.0,,
price_family_ma6_structural_linked,raw_source,big_stone_gap_va_metro_area__cbsa_metro,median_sale_price,level,raw_source,raw_level,raw_structural_feature,raw_vs_structural_ma6,3114.3055555555547,6358.631944444445,3244.3263888888905,8.0,4.0,3244.3263888888905,1.0,,
price_family_ma6_structural_linked,structural_ma6,big_stone_gap_va_metro_area__cbsa_metro,median_sale_price,level,structural_ma6,ma6_level,raw_structural_feature,raw_vs_structural_ma6,3114.3055555555547,6358.631944444445,3244.3263888888905,8.0,4.0,3244.3263888888905,1.0,,
price_family_ma6_structural_linked,raw_source,blacksburg_va_metro_area__cbsa_metro,median_ppsf,level,raw_source,raw_level,raw_structural_feature,raw_vs_structural_ma6,1.8137197672142895,3.4964086358974376,1.682688868683148,10.0,6.0,1.682688868683148,1.0,,
price_family_ma6_structural_linked,structural_ma6,blacksburg_va_metro_area__cbsa_metro,median_ppsf,level,structural_ma6,ma6_level,raw_structural_feature,raw_vs_structural_ma6,1.8137197672142895,3.4964086358974376,1.682688868683148,10.0,6.0,1.682688868683148,1.0,,
price_family_ma6_structural_linked,raw_source,blacksburg_va_metro_area__cbsa_metro,median_sale_price,level,raw_source,raw_level,raw_structural_feature,raw_vs_structural_ma6,4370.5512820512795,10720.857142857145,6350.305860805865,4.0,7.0,6350.305860805865,1.0,,
price_family_ma6_structural_linked,structural_ma6,blacksburg_va_metro_area__cbsa_metro,median_sale_price,level,structural_ma6,ma6_level,raw_structural_feature,raw_vs_structural_ma6,4370.5512820512795,10720.857142857145,6350.305860805865,4.0,7.0,6350.305860805865,1.0,,
price_family_ma6_structural_linked,raw_source,botetourt_county_va__county,median_ppsf,level,raw_source,raw_level,raw_structural_feature,raw_vs_structural_ma6,1.0881679809404778,2.516620332833326,1.428452351892848,5.0,4.0,1.428452351892848,1.0,,
price_family_ma6_structural_linked,structural_ma6,botetourt_county_va__county,median_ppsf,level,structural_ma6,ma6_level,raw_structural_feature,raw_vs_structural_ma6,1.0881679809404778,2.516620332833326,1.428452351892848,5.0,4.0,1.428452351892848,1.0,,
price_family_ma6_structural_linked,raw_source,botetourt_county_va__county,median_sale_price,level,raw_source,raw_level,raw_structural_feature,raw_vs_structural_ma6,3297.1666666666692,6351.785714285712,3054.6190476190427,9.0,1.0,3054.6190476190427,1.0,,
price_family_ma6_structural_linked,structural_ma6,botetourt_county_va__county,median_sale_price,level,structural_ma6,ma6_level,raw_structural_feature,raw_vs_structural_ma6,3297.1666666666692,6351.785714285712,3054.6190476190427,9.0,1.0,3054.6190476190427,1.0,,
price_family_ma6_structural_linked,raw_source,burlington_county_nj__county,median_ppsf,level,raw_source,raw_level,raw_structural_feature,raw_vs_structural_ma6,0.6517946281190399,2.5267657772051235,1.8749711490860836,11.0,7.0,1.8749711490860836,1.0,,
price_family_ma6_structural_linked,structural_ma6,burlington_county_nj__county,median_ppsf,level,structural_ma6,ma6_level,raw_structural_feature,raw_vs_structural_ma6,0.6517946281190399,2.5267657772051235,1.8749711490860836,11.0,7.0,1.8749711490860836,1.0,,
price_family_ma6_structural_linked,raw_source,burlington_county_nj__county,median_sale_price,level,raw_source,raw_level,raw_structural_feature,raw_vs_structural_ma6,1554.7619047619144,6278.9230769230835,4724.161172161169,3.0,7.0,4724.161172161169,1.0,,
price_family_ma6_structural_linked,structural_ma6,burlington_county_nj__county,median_sale_price,level,structural_ma6,ma6_level,raw_structural_feature,raw_vs_structural_ma6,1554.7619047619144,6278.9230769230835,4724.161172161169,3.0,7.0,4724.161172161169,1.0,,
price_family_ma6_structural_linked,raw_source,butte_county_ca__county,median_ppsf,level,raw_source,raw_level,raw_structural_feature,raw_vs_structural_ma6,1.342629055726179,3.2856807209285677,1.9430516652023886,9.0,7.0,1.9430516652023886,1.0,,
price_family_ma6_structural_linked,structural_ma6,butte_county_ca__county,median_ppsf,level,structural_ma6,ma6_level,raw_structural_feature,raw_vs_structural_ma6,1.342629055726179,3.2856807209285677,1.9430516652023886,9.0,7.0,1.9430516652023886,1.0,,
price_family_ma6_structural_linked,raw_source,butte_county_ca__county,median_sale_price,level,raw_source,raw_level,raw_structural_feature,raw_vs_structural_ma6,2129.4285714285693,4479.166666666667,2349.7380952380977,2.0,7.0,2349.7380952380977,1.0,,
price_family_ma6_structural_linked,structural_ma6,butte_county_ca__county,median_sale_price,level,structural_ma6,ma6_level,raw_structural_feature,raw_vs_structural_ma6,2129.4285714285693,4479.166666666667,2349.7380952380977,2.0,7.0,2349.7380952380977,1.0,,
price_family_ma6_structural_linked,raw_source,california__state,median_ppsf,level,raw_source,raw_level,raw_structural_feature,raw_vs_structural_ma6,2.217261904761894,2.600256410256411,0.38299450549451697,1.0,6.0,0.38299450549451697,1.0,,
price_family_ma6_structural_linked,structural_ma6,california__state,median_ppsf,level,structural_ma6,ma6_level,raw_structural_feature,raw_vs_structural_ma6,2.217261904761894,2.600256410256411,0.38299450549451697,1.0,6.0,0.38299450549451697,1.0,,
price_family_ma6_structural_linked,raw_source,california__state,median_sale_price,level,raw_source,raw_level,raw_structural_feature,raw_vs_structural_ma6,2357.738095238098,9799.964285714288,7442.22619047619,2.0,7.0,7442.22619047619,1.0,,
price_family_ma6_structural_linked,structural_ma6,california__state,median_sale_price,level,structural_ma6,ma6_level,raw_structural_feature,raw_vs_structural_ma6,2357.738095238098,9799.964285714288,7442.22619047619,2.0,7.0,7442.22619047619,1.0,,
price_family_ma6_structural_linked,raw_source,california_md_metro_area__cbsa_metro,median_ppsf,level,raw_source,raw_level,raw_structural_feature,raw_vs_structural_ma6,0.7607987984285671,1.3948552918928578,0.6340564934642907,12.0,9.0,0.6340564934642907,1.0,,
price_family_ma6_structural_linked,structural_ma6,california_md_metro_area__cbsa_metro,median_ppsf,level,structural_ma6,ma6_level,raw_structural_feature,raw_vs_structural_ma6,0.7607987984285671,1.3948552918928578,0.6340564934642907,12.0,9.0,0.6340564934642907,1.0,,
price_family_ma6_structural_linked,raw_source,california_md_metro_area__cbsa_metro,median_sale_price,level,raw_source,raw_level,raw_structural_feature,raw_vs_structural_ma6,2020.8095238095225,6478.90476190477,4458.095238095248,12.0,7.0,4458.095238095248,1.0,,
price_family_ma6_structural_linked,structural_ma6,california_md_metro_area__cbsa_metro,median_sale_price,level,structural_ma6,ma6_level,raw_structural_feature,raw_vs_structural_ma6,2020.8095238095225,6478.90476190477,4458.095238095248,12.0,7.0,4458.095238095248,1.0,,
price_family_ma6_structural_linked,raw_source,calvert_county_md__county,median_ppsf,level,raw_source,raw_level,raw_structural_feature,raw_vs_structural_ma6,1.0356117246666758,2.0890521090595167,1.0534403843928408,11.0,2.0,1.0534403843928408,1.0,,
price_family_ma6_structural_linked,structural_ma6,calvert_county_md__county,median_ppsf,level,structural_ma6,ma6_level,raw_structural_feature,raw_vs_structural_ma6,1.0356117246666758,2.0890521090595167,1.0534403843928408,11.0,2.0,1.0534403843928408,1.0,,
price_family_ma6_structural_linked,raw_source,calvert_county_md__county,median_sale_price,level,raw_source,raw_level,raw_structural_feature,raw_vs_structural_ma6,3542.630952380947,7902.190476190473,4359.559523809527,3.0,7.0,4359.559523809527,1.0,,
price_family_ma6_structural_linked,structural_ma6,calvert_county_md__county,median_sale_price,level,structural_ma6,ma6_level,raw_structural_feature,raw_vs_structural_ma6,3542.630952380947,7902.190476190473,4359.559523809527,3.0,7.0,4359.559523809527,1.0,,
price_family_ma6_structural_linked,raw_source,cambridge_md_metro_area__cbsa_metro,median_ppsf,level,raw_source,raw_level,raw_structural_feature,raw_vs_structural_ma6,1.4674048269047628,3.019838307738091,1.5524334808333282,1.0,8.0,1.5524334808333282,1.0,,
price_family_ma6_structural_linked,structural_ma6,cambridge_md_metro_area__cbsa_metro,median_ppsf,level,structural_ma6,ma6_level,raw_structural_feature,raw_vs_structural_ma6,1.4674048269047628,3.019838307738091,1.5524334808333282,1.0,8.0,1.5524334808333282,1.0,,
price_family_ma6_structural_linked,raw_source,cambridge_md_metro_area__cbsa_metro,median_sale_price,level,raw_source,raw_level,raw_structural_feature,raw_vs_structural_ma6,3049.0000000000023,6681.023809523808,3632.023809523806,3.0,7.0,3632.023809523806,1.0,,
price_family_ma6_structural_linked,structural_ma6,cambridge_md_metro_area__cbsa_metro,median_sale_price,level,structural_ma6,ma6_level,raw_structural_feature,raw_vs_structural_ma6,3049.0000000000023,6681.023809523808,3632.023809523806,3.0,7.0,3632.023809523806,1.0,,
price_family_ma6_structural_linked,raw_source,camden_county_nj__county,median_ppsf,level,raw_source,raw_level,raw_structural_feature,raw_vs_structural_ma6,0.8171844317380987,2.910932344589739,2.09374791285164,3.0,7.0,2.09374791285164,1.0,,
price_family_ma6_structural_linked,structural_ma6,camden_county_nj__county,median_ppsf,level,structural_ma6,ma6_level,raw_structural_feature,raw_vs_structural_ma6,0.8171844317380987,2.910932344589739,2.09374791285164,3.0,7.0,2.09374791285164,1.0,,
price_family_ma6_structural_linked,raw_source,camden_county_nj__county,median_sale_price,level,raw_source,raw_level,raw_structural_feature,raw_vs_structural_ma6,1220.2380952380918,5533.512820512822,4313.27472527473,3.0,7.0,4313.27472527473,1.0,,
price_family_ma6_structural_linked,structural_ma6,camden_county_nj__county,median_sale_price,level,structural_ma6,ma6_level,raw_structural_feature,raw_vs_structural_ma6,1220.2380952380918,5533.512820512822,4313.27472527473,3.0,7.0,4313.27472527473,1.0,,
price_family_ma6_structural_linked,raw_source,camden_nj_metro_area__cbsa_metro,median_ppsf,level,raw_source,raw_level,raw_structural_feature,raw_vs_structural_ma6,0.7220238095238116,0.851309523809521,0.12928571428570934,10.0,3.0,0.12928571428570934,1.0,,
price_family_ma6_structural_linked,structural_ma6,camden_nj_metro_area__cbsa_metro,median_ppsf,level,structural_ma6,ma6_level,raw_structural_feature,raw_vs_structural_ma6,0.7220238095238116,0.851309523809521,0.12928571428570934,10.0,3.0,0.12928571428570934,1.0,,
price_family_ma6_structural_linked,raw_source,camden_nj_metro_area__cbsa_metro,median_sale_price,level,raw_source,raw_level,raw_structural_feature,raw_vs_structural_ma6,1076.0476190476122,5383.3928571428505,4307.3452380952385,3.0,7.0,4307.3452380952385,1.0,,
price_family_ma6_structural_linked,structural_ma6,camden_nj_metro_area__cbsa_metro,median_sale_price,level,structural_ma6,ma6_level,raw_structural_feature,raw_vs_structural_ma6,1076.0476190476122,5383.3928571428505,4307.3452380952385,3.0,7.0,4307.3452380952385,1.0,,
price_family_ma6_structural_linked,raw_source,campbell_county_va__county,median_ppsf,level,raw_source,raw_level,raw_structural_feature,raw_vs_structural_ma6,1.3692624110128189,3.5589678758571415,2.1897054648443226,2.0,9.0,2.1897054648443226,1.0,,
price_family_ma6_structural_linked,structural_ma6,campbell_county_va__county,median_ppsf,level,structural_ma6,ma6_level,raw_structural_feature,raw_vs_structural_ma6,1.3692624110128189,3.5589678758571415,2.1897054648443226,2.0,9.0,2.1897054648443226,1.0,,
price_family_ma6_structural_linked,raw_source,campbell_county_va__county,median_sale_price,level,raw_source,raw_level,raw_structural_feature,raw_vs_structural_ma6,2196.153846153846,5710.119047619046,3513.9652014651997,4.0,9.0,3513.9652014651997,1.0,,
price_family_ma6_structural_linked,structural_ma6,campbell_county_va__county,median_sale_price,level,structural_ma6,ma6_level,raw_structural_feature,raw_vs_structural_ma6,2196.153846153846,5710.119047619046,3513.9652014651997,4.0,9.0,3513.9652014651997,1.0,,
price_family_ma6_structural_linked,raw_source,cape_may_county_nj__county,median_ppsf,level,raw_source,raw_level,raw_structural_feature,raw_vs_structural_ma6,3.6648865938205164,8.590837428416659,4.925950834596143,6.0,1.0,4.925950834596143,1.0,,
price_family_ma6_structural_linked,structural_ma6,cape_may_county_nj__county,median_ppsf,level,structural_ma6,ma6_level,raw_structural_feature,raw_vs_structural_ma6,3.6648865938205164,8.590837428416659,4.925950834596143,6.0,1.0,4.925950834596143,1.0,,
price_family_ma6_structural_linked,raw_source,cape_may_county_nj__county,median_sale_price,level,raw_source,raw_level,raw_structural_feature,raw_vs_structural_ma6,5765.38461538462,13624.999999999984,7859.615384615364,6.0,1.0,7859.615384615364,1.0,,
price_family_ma6_structural_linked,structural_ma6,cape_may_county_nj__county,median_sale_price,level,structural_ma6,ma6_level,raw_structural_feature,raw_vs_structural_ma6,5765.38461538462,13624.999999999984,7859.615384615364,6.0,1.0,7859.615384615364,1.0,,
price_family_ma6_structural_linked,raw_source,carroll_county_md__county,median_ppsf,level,raw_source,raw_level,raw_structural_feature,raw_vs_structural_ma6,0.8438155973095169,1.520545373961537,0.6767297766520202,2.0,6.0,0.6767297766520202,1.0,,
price_family_ma6_structural_linked,structural_ma6,carroll_county_md__county,median_ppsf,level,structural_ma6,ma6_level,raw_structural_feature,raw_vs_structural_ma6,0.8438155973095169,1.520545373961537,0.6767297766520202,2.0,6.0,0.6767297766520202,1.0,,
price_family_ma6_structural_linked,raw_source,carroll_county_md__county,median_sale_price,level,raw_source,raw_level,raw_structural_feature,raw_vs_structural_ma6,2298.809523809533,6982.285714285708,4683.476190476175,3.0,7.0,4683.476190476175,1.0,,
price_family_ma6_structural_linked,structural_ma6,carroll_county_md__county,median_sale_price,level,structural_ma6,ma6_level,raw_structural_feature,raw_vs_structural_ma6,2298.809523809533,6982.285714285708,4683.476190476175,3.0,7.0,4683.476190476175,1.0,,
price_family_ma6_structural_linked,raw_source,charles_city_county_va__county,median_ppsf,level,raw_source,raw_level,raw_structural_feature,raw_vs_structural_ma6,4.154051432821424,9.50330623153845,5.349254798717027,12.0,4.0,5.349254798717027,1.0,,
price_family_ma6_structural_linked,structural_ma6,charles_city_county_va__county,median_ppsf,level,structural_ma6,ma6_level,raw_structural_feature,raw_vs_structural_ma6,4.154051432821424,9.50330623153845,5.349254798717027,12.0,4.0,5.349254798717027,1.0,,
price_family_ma6_structural_linked,raw_source,charles_city_county_va__county,median_sale_price,level,raw_source,raw_level,raw_structural_feature,raw_vs_structural_ma6,8228.424242424238,28455.243589743586,20226.819347319346,3.0,2.0,20226.819347319346,1.0,,
price_family_ma6_structural_linked,structural_ma6,charles_city_county_va__county,median_sale_price,level,structural_ma6,ma6_level,raw_structural_feature,raw_vs_structural_ma6,8228.424242424238,28455.243589743586,20226.819347319346,3.0,2.0,20226.819347319346,1.0,,
price_family_ma6_structural_linked,raw_source,charles_county_md__county,median_ppsf,level,raw_source,raw_level,raw_structural_feature,raw_vs_structural_ma6,0.6788317659523864,1.4467988620357062,0.7679670960833198,1.0,7.0,0.7679670960833198,1.0,,
price_family_ma6_structural_linked,structural_ma6,charles_county_md__county,median_ppsf,level,structural_ma6,ma6_level,raw_structural_feature,raw_vs_structural_ma6,0.6788317659523864,1.4467988620357062,0.7679670960833198,1.0,7.0,0.7679670960833198,1.0,,
price_family_ma6_structural_linked,raw_source,charles_county_md__county,median_sale_price,level,raw_source,raw_level,raw_structural_feature,raw_vs_structural_ma6,2027.5000000000105,4945.238095238085,2917.738095238075,10.0,7.0,2917.738095238075,1.0,,
price_family_ma6_structural_linked,structural_ma6,charles_county_md__county,median_sale_price,level,structural_ma6,ma6_level,raw_structural_feature,raw_vs_structural_ma6,2027.5000000000105,4945.238095238085,2917.738095238075,10.0,7.0,2917.738095238075,1.0,,
price_family_ma6_structural_linked,raw_source,charlottesville_va__county,median_ppsf,level,raw_source,raw_level,raw_structural_feature,raw_vs_structural_ma6,2.3162984138214244,4.201104778769235,1.8848063649478104,11.0,6.0,1.8848063649478104,1.0,,
price_family_ma6_structural_linked,structural_ma6,charlottesville_va__county,median_ppsf,level,structural_ma6,ma6_level,raw_structural_feature,raw_vs_structural_ma6,2.3162984138214244,4.201104778769235,1.8848063649478104,11.0,6.0,1.8848063649478104,1.0,,
price_family_ma6_structural_linked,raw_source,charlottesville_va__county,median_sale_price,level,raw_source,raw_level,raw_structural_feature,raw_vs_structural_ma6,4996.178571428575,9307.142857142857,4310.964285714282,2.0,4.0,4310.964285714282,1.0,,
price_family_ma6_structural_linked,structural_ma6,charlottesville_va__county,median_sale_price,level,structural_ma6,ma6_level,raw_structural_feature,raw_vs_structural_ma6,4996.178571428575,9307.142857142857,4310.964285714282,2.0,4.0,4310.964285714282,1.0,,
price_family_ma6_structural_linked,raw_source,charlottesville_va_metro_area__cbsa_metro,median_ppsf,level,raw_source,raw_level,raw_structural_feature,raw_vs_structural_ma6,0.542614380476199,2.0393800736309555,1.4967656931547566,10.0,7.0,1.4967656931547566,1.0,,
price_family_ma6_structural_linked,structural_ma6,charlottesville_va_metro_area__cbsa_metro,median_ppsf,level,structural_ma6,ma6_level,raw_structural_feature,raw_vs_structural_ma6,0.542614380476199,2.0393800736309555,1.4967656931547566,10.0,7.0,1.4967656931547566,1.0,,
price_family_ma6_structural_linked,raw_source,charlottesville_va_metro_area__cbsa_metro,median_sale_price,level,raw_source,raw_level,raw_structural_feature,raw_vs_structural_ma6,2227.5357142857224,6260.535714285723,4033.0000000000005,10.0,7.0,4033.0000000000005,1.0,,
price_family_ma6_structural_linked,structural_ma6,charlottesville_va_metro_area__cbsa_metro,median_sale_price,level,structural_ma6,ma6_level,raw_structural_feature,raw_vs_structural_ma6,2227.5357142857224,6260.535714285723,4033.0000000000005,10.0,7.0,4033.0000000000005,1.0,,
price_family_ma6_structural_linked,raw_source,chesapeake_va__county,median_ppsf,level,raw_source,raw_level,raw_structural_feature,raw_vs_structural_ma6,0.5033896607500061,1.4582287665757627,0.9548391058257566,11.0,7.0,0.9548391058257566,1.0,,
price_family_ma6_structural_linked,structural_ma6,chesapeake_va__county,median_ppsf,level,structural_ma6,ma6_level,raw_structural_feature,raw_vs_structural_ma6,0.5033896607500061,1.4582287665757627,0.9548391058257566,11.0,7.0,0.9548391058257566,1.0,,
price_family_ma6_structural_linked,raw_source,chesapeake_va__county,median_sale_price,level,raw_source,raw_level,raw_structural_feature,raw_vs_structural_ma6,1190.9444444444453,7042.530303030304,5851.585858585859,10.0,7.0,5851.585858585859,1.0,,
price_family_ma6_structural_linked,structural_ma6,chesapeake_va__county,median_sale_price,level,structural_ma6,ma6_level,raw_structural_feature,raw_vs_structural_ma6,1190.9444444444453,7042.530303030304,5851.585858585859,10.0,7.0,5851.585858585859,1.0,,
price_family_ma6_structural_linked,raw_source,chesterfield_county_va__county,median_ppsf,level,raw_source,raw_level,raw_structural_feature,raw_vs_structural_ma6,0.3939129100952416,1.4497537735952315,1.0558408634999898,11.0,7.0,1.0558408634999898,1.0,,
price_family_ma6_structural_linked,structural_ma6,chesterfield_county_va__county,median_ppsf,level,structural_ma6,ma6_level,raw_structural_feature,raw_vs_structural_ma6,0.3939129100952416,1.4497537735952315,1.0558408634999898,11.0,7.0,1.0558408634999898,1.0,,
price_family_ma6_structural_linked,raw_source,chesterfield_county_va__county,median_sale_price,level,raw_source,raw_level,raw_structural_feature,raw_vs_structural_ma6,1482.9107142857185,4664.178571428563,3181.267857142845,10.0,7.0,3181.267857142845,1.0,,
price_family_ma6_structural_linked,structural_ma6,chesterfield_county_va__county,median_sale_price,level,structural_ma6,ma6_level,raw_structural_feature,raw_vs_structural_ma6,1482.9107142857185,4664.178571428563,3181.267857142845,10.0,7.0,3181.267857142845,1.0,,
price_family_ma6_structural_linked,raw_source,chico_ca_metro_area__cbsa_metro,median_ppsf,level,raw_source,raw_level,raw_structural_feature,raw_vs_structural_ma6,1.3212592639047733,3.2737550587380775,1.9524957948333042,2.0,7.0,1.9524957948333042,1.0,,
price_family_ma6_structural_linked,structural_ma6,chico_ca_metro_area__cbsa_metro,median_ppsf,level,structural_ma6,ma6_level,raw_structural_feature,raw_vs_structural_ma6,1.3212592639047733,3.2737550587380775,1.9524957948333042,2.0,7.0,1.9524957948333042,1.0,,
price_family_ma6_structural_linked,raw_source,chico_ca_metro_area__cbsa_metro,median_sale_price,level,raw_source,raw_level,raw_structural_feature,raw_vs_structural_ma6,2120.494047619049,4479.1666666666715,2358.6726190476224,2.0,7.0,2358.6726190476224,1.0,,
price_family_ma6_structural_linked,structural_ma6,chico_ca_metro_area__cbsa_metro,median_sale_price,level,structural_ma6,ma6_level,raw_structural_feature,raw_vs_structural_ma6,2120.494047619049,4479.1666666666715,2358.6726190476224,2.0,7.0,2358.6726190476224,1.0,,
price_family_ma6_structural_linked,raw_source,clarke_county_va__county,median_ppsf,level,raw_source,raw_level,raw_structural_feature,raw_vs_structural_ma6,1.4933659138452415,4.792062364559519,3.2986964507142775,9.0,2.0,3.2986964507142775,1.0,,
price_family_ma6_structural_linked,structural_ma6,clarke_county_va__county,median_ppsf,level,structural_ma6,ma6_level,raw_structural_feature,raw_vs_structural_ma6,1.4933659138452415,4.792062364559519,3.2986964507142775,9.0,2.0,3.2986964507142775,1.0,,
price_family_ma6_structural_linked,raw_source,clarke_county_va__county,median_sale_price,level,raw_source,raw_level,raw_structural_feature,raw_vs_structural_ma6,8078.583333333333,14559.970238095235,6481.386904761902,11.0,12.0,6481.386904761902,1.0,,
price_family_ma6_structural_linked,structural_ma6,clarke_county_va__county,median_sale_price,level,structural_ma6,ma6_level,raw_structural_feature,raw_vs_structural_ma6,8078.583333333333,14559.970238095235,6481.386904761902,11.0,12.0,6481.386904761902,1.0,,
price_family_ma6_structural_linked,raw_source,clearlake_ca_metro_area__cbsa_metro,median_ppsf,level,raw_source,raw_level,raw_structural_feature,raw_vs_structural_ma6,1.2720156744880942,3.102560514488094,1.8305448399999997,3.0,8.0,1.8305448399999997,1.0,,
price_family_ma6_structural_linked,structural_ma6,clearlake_ca_metro_area__cbsa_metro,median_ppsf,level,structural_ma6,ma6_level,raw_structural_feature,raw_vs_structural_ma6,1.2720156744880942,3.102560514488094,1.8305448399999997,3.0,8.0,1.8305448399999997,1.0,,
price_family_ma6_structural_linked,raw_source,clearlake_ca_metro_area__cbsa_metro,median_sale_price,level,raw_source,raw_level,raw_structural_feature,raw_vs_structural_ma6,2583.9285714285747,5878.205128205122,3294.276556776547,1.0,6.0,3294.276556776547,1.0,,
price_family_ma6_structural_linked,structural_ma6,clearlake_ca_metro_area__cbsa_metro,median_sale_price,level,structural_ma6,ma6_level,raw_structural_feature,raw_vs_structural_ma6,2583.9285714285747,5878.205128205122,3294.276556776547,1.0,6.0,3294.276556776547,1.0,,
price_family_ma6_structural_linked,raw_source,colonial_heights_va__county,median_ppsf,level,raw_source,raw_level,raw_structural_feature,raw_vs_structural_ma6,1.1668609001547563,2.6138161813809444,1.446955281226188,10.0,5.0,1.446955281226188,1.0,,
price_family_ma6_structural_linked,structural_ma6,colonial_heights_va__county,median_ppsf,level,structural_ma6,ma6_level,raw_structural_feature,raw_vs_structural_ma6,1.1668609001547563,2.6138161813809444,1.446955281226188,10.0,5.0,1.446955281226188,1.0,,
price_family_ma6_structural_linked,raw_source,colonial_heights_va__county,median_sale_price,level,raw_source,raw_level,raw_structural_feature,raw_vs_structural_ma6,2613.5256410256416,5061.8630952380945,2448.337454212453,6.0,5.0,2448.337454212453,1.0,,
price_family_ma6_structural_linked,structural_ma6,colonial_heights_va__county,median_sale_price,level,structural_ma6,ma6_level,raw_structural_feature,raw_vs_structural_ma6,2613.5256410256416,5061.8630952380945,2448.337454212453,6.0,5.0,2448.337454212453,1.0,,
price_family_ma6_structural_linked,raw_source,contra_costa_county_ca__county,median_ppsf,level,raw_source,raw_level,raw_structural_feature,raw_vs_structural_ma6,2.59926812159522,9.962473795702381,7.363205674107162,2.0,7.0,7.363205674107162,1.0,,
price_family_ma6_structural_linked,structural_ma6,contra_costa_county_ca__county,median_ppsf,level,structural_ma6,ma6_level,raw_structural_feature,raw_vs_structural_ma6,2.59926812159522,9.962473795702381,7.363205674107162,2.0,7.0,7.363205674107162,1.0,,
price_family_ma6_structural_linked,raw_source,contra_costa_county_ca__county,median_sale_price,level,raw_source,raw_level,raw_structural_feature,raw_vs_structural_ma6,3744.833333333326,16387.494047619046,12642.66071428572,2.0,7.0,12642.66071428572,1.0,,
price_family_ma6_structural_linked,structural_ma6,contra_costa_county_ca__county,median_sale_price,level,structural_ma6,ma6_level,raw_structural_feature,raw_vs_structural_ma6,3744.833333333326,16387.494047619046,12642.66071428572,2.0,7.0,12642.66071428572,1.0,,
price_family_ma6_structural_linked,raw_source,craig_county_va__county,median_ppsf,level,raw_source,raw_level,raw_structural_feature,raw_vs_structural_ma6,3.1929968622222233,8.849414651690472,5.656417789468248,1.0,5.0,5.656417789468248,1.0,,
price_family_ma6_structural_linked,structural_ma6,craig_county_va__county,median_ppsf,level,structural_ma6,ma6_level,raw_structural_feature,raw_vs_structural_ma6,3.1929968622222233,8.849414651690472,5.656417789468248,1.0,5.0,5.656417789468248,1.0,,
price_family_ma6_structural_linked,raw_source,craig_county_va__county,median_sale_price,level,raw_source,raw_level,raw_structural_feature,raw_vs_structural_ma6,11689.88095238095,25240.384615384617,13550.503663003667,10.0,11.0,13550.503663003667,1.0,,
price_family_ma6_structural_linked,structural_ma6,craig_county_va__county,median_sale_price,level,structural_ma6,ma6_level,raw_structural_feature,raw_vs_structural_ma6,11689.88095238095,25240.384615384617,13550.503663003667,10.0,11.0,13550.503663003667,1.0,,
price_family_ma6_structural_linked,raw_source,crescent_city_ca_metro_area__cbsa_metro,median_ppsf,level,raw_source,raw_level,raw_structural_feature,raw_vs_structural_ma6,2.0387490714743595,5.578996196464281,3.540247124989922,6.0,10.0,3.540247124989922,1.0,,
price_family_ma6_structural_linked,structural_ma6,crescent_city_ca_metro_area__cbsa_metro,median_ppsf,level,structural_ma6,ma6_level,raw_structural_feature,raw_vs_structural_ma6,2.0387490714743595,5.578996196464281,3.540247124989922,6.0,10.0,3.540247124989922,1.0,,
price_family_ma6_structural_linked,raw_source,crescent_city_ca_metro_area__cbsa_metro,median_sale_price,level,raw_source,raw_level,raw_structural_feature,raw_vs_structural_ma6,6332.523809523816,14058.333333333343,7725.809523809527,8.0,5.0,7725.809523809527,1.0,,
price_family_ma6_structural_linked,structural_ma6,crescent_city_ca_metro_area__cbsa_metro,median_sale_price,level,structural_ma6,ma6_level,raw_structural_feature,raw_vs_structural_ma6,6332.523809523816,14058.333333333343,7725.809523809527,8.0,5.0,7725.809523809527,1.0,,
price_family_ma6_structural_linked,raw_source,culpeper_county_va__county,median_ppsf,level,raw_source,raw_level,raw_structural_feature,raw_vs_structural_ma6,1.6250577694642812,2.534442539988099,0.9093847705238178,10.0,5.0,0.9093847705238178,1.0,,
price_family_ma6_structural_linked,structural_ma6,culpeper_county_va__county,median_ppsf,level,structural_ma6,ma6_level,raw_structural_feature,raw_vs_structural_ma6,1.6250577694642812,2.534442539988099,0.9093847705238178,10.0,5.0,0.9093847705238178,1.0,,
price_family_ma6_structural_linked,raw_source,culpeper_county_va__county,median_sale_price,level,raw_source,raw_level,raw_structural_feature,raw_vs_structural_ma6,2556.0000000000064,5708.961538461521,3152.9615384615145,11.0,6.0,3152.9615384615145,1.0,,
price_family_ma6_structural_linked,structural_ma6,culpeper_county_va__county,median_sale_price,level,structural_ma6,ma6_level,raw_structural_feature,raw_vs_structural_ma6,2556.0000000000064,5708.961538461521,3152.9615384615145,11.0,6.0,3152.9615384615145,1.0,,
price_family_ma6_structural_linked,raw_source,cumberland_county_nj__county,median_ppsf,level,raw_source,raw_level,raw_structural_feature,raw_vs_structural_ma6,0.8705685870714268,2.524406153130958,1.6538375660595312,3.0,8.0,1.6538375660595312,1.0,,
price_family_ma6_structural_linked,structural_ma6,cumberland_county_nj__county,median_ppsf,level,structural_ma6,ma6_level,raw_structural_feature,raw_vs_structural_ma6,0.8705685870714268,2.524406153130958,1.6538375660595312,3.0,8.0,1.6538375660595312,1.0,,
price_family_ma6_structural_linked,raw_source,cumberland_county_nj__county,median_sale_price,level,raw_source,raw_level,raw_structural_feature,raw_vs_structural_ma6,1425.1785714285704,3671.7261904761917,2246.547619047621,3.0,7.0,2246.547619047621,1.0,,
price_family_ma6_structural_linked,structural_ma6,cumberland_county_nj__county,median_sale_price,level,structural_ma6,ma6_level,raw_structural_feature,raw_vs_structural_ma6,1425.1785714285704,3671.7261904761917,2246.547619047621,3.0,7.0,2246.547619047621,1.0,,
price_family_ma6_structural_linked,raw_source,cumberland_md_metro_area__cbsa_metro,median_ppsf,level,raw_source,raw_level,raw_structural_feature,raw_vs_structural_ma6,0.961914446738094,2.727593606238097,1.7656791595000032,11.0,8.0,1.7656791595000032,1.0,,
price_family_ma6_structural_linked,structural_ma6,cumberland_md_metro_area__cbsa_metro,median_ppsf,level,structural_ma6,ma6_level,raw_structural_feature,raw_vs_structural_ma6,0.961914446738094,2.727593606238097,1.7656791595000032,11.0,8.0,1.7656791595000032,1.0,,
price_family_ma6_structural_linked,raw_source,cumberland_md_metro_area__cbsa_metro,median_sale_price,level,raw_source,raw_level,raw_structural_feature,raw_vs_structural_ma6,1764.1025641025626,4252.976190476188,2488.8736263736255,4.0,8.0,2488.8736263736255,1.0,,
price_family_ma6_structural_linked,structural_ma6,cumberland_md_metro_area__cbsa_metro,median_sale_price,level,structural_ma6,ma6_level,raw_structural_feature,raw_vs_structural_ma6,1764.1025641025626,4252.976190476188,2488.8736263736255,4.0,8.0,2488.8736263736255,1.0,,
price_family_ma6_structural_linked,raw_source,danville_va__county,median_ppsf,level,raw_source,raw_level,raw_structural_feature,raw_vs_structural_ma6,0.9034568847380952,2.870757107904763,1.967300223166668,4.0,7.0,1.967300223166668,1.0,,
price_family_ma6_structural_linked,structural_ma6,danville_va__county,median_ppsf,level,structural_ma6,ma6_level,raw_structural_feature,raw_vs_structural_ma6,0.9034568847380952,2.870757107904763,1.967300223166668,4.0,7.0,1.967300223166668,1.0,,
price_family_ma6_structural_linked,raw_source,danville_va__county,median_sale_price,level,raw_source,raw_level,raw_structural_feature,raw_vs_structural_ma6,3055.273809523809,5599.392857142857,2544.1190476190477,10.0,12.0,2544.1190476190477,1.0,,
price_family_ma6_structural_linked,structural_ma6,danville_va__county,median_sale_price,level,structural_ma6,ma6_level,raw_structural_feature,raw_vs_structural_ma6,3055.273809523809,5599.392857142857,2544.1190476190477,10.0,12.0,2544.1190476190477,1.0,,
price_family_ma6_structural_linked,raw_source,danville_va_metro_area__cbsa_metro,median_ppsf,level,raw_source,raw_level,raw_structural_feature,raw_vs_structural_ma6,0.9241296996428565,2.374416906141028,1.4502872064981716,2.0,6.0,1.4502872064981716,1.0,,
price_family_ma6_structural_linked,structural_ma6,danville_va_metro_area__cbsa_metro,median_ppsf,level,structural_ma6,ma6_level,raw_structural_feature,raw_vs_structural_ma6,0.9241296996428565,2.374416906141028,1.4502872064981716,2.0,6.0,1.4502872064981716,1.0,,
price_family_ma6_structural_linked,raw_source,danville_va_metro_area__cbsa_metro,median_sale_price,level,raw_source,raw_level,raw_structural_feature,raw_vs_structural_ma6,2714.7115384615363,4592.42261904762,1877.7110805860839,4.0,12.0,1877.7110805860839,1.0,,
price_family_ma6_structural_linked,structural_ma6,danville_va_metro_area__cbsa_metro,median_sale_price,level,structural_ma6,ma6_level,raw_structural_feature,raw_vs_structural_ma6,2714.7115384615363,4592.42261904762,1877.7110805860839,4.0,12.0,1877.7110805860839,1.0,,
price_family_ma6_structural_linked,raw_source,del_norte_county_ca__county,median_ppsf,level,raw_source,raw_level,raw_structural_feature,raw_vs_structural_ma6,2.0388363652179486,5.578992996630958,3.540156631413009,6.0,10.0,3.540156631413009,1.0,,
price_family_ma6_structural_linked,structural_ma6,del_norte_county_ca__county,median_ppsf,level,structural_ma6,ma6_level,raw_structural_feature,raw_vs_structural_ma6,2.0388363652179486,5.578992996630958,3.540156631413009,6.0,10.0,3.540156631413009,1.0,,
price_family_ma6_structural_linked,raw_source,del_norte_county_ca__county,median_sale_price,level,raw_source,raw_level,raw_structural_feature,raw_vs_structural_ma6,6332.523809523816,13249.851190476193,6917.327380952376,8.0,7.0,6917.327380952376,1.0,,
price_family_ma6_structural_linked,structural_ma6,del_norte_county_ca__county,median_sale_price,level,structural_ma6,ma6_level,raw_structural_feature,raw_vs_structural_ma6,6332.523809523816,13249.851190476193,6917.327380952376,8.0,7.0,6917.327380952376,1.0,,
price_family_ma6_structural_linked,raw_source,dinwiddie_county_va__county,median_ppsf,level,raw_source,raw_level,raw_structural_feature,raw_vs_structural_ma6,1.4181841158214235,3.3877498889285707,1.9695657731071472,12.0,7.0,1.9695657731071472,1.0,,
price_family_ma6_structural_linked,structural_ma6,dinwiddie_county_va__county,median_ppsf,level,structural_ma6,ma6_level,raw_structural_feature,raw_vs_structural_ma6,1.4181841158214235,3.3877498889285707,1.9695657731071472,12.0,7.0,1.9695657731071472,1.0,,
price_family_ma6_structural_linked,raw_source,dinwiddie_county_va__county,median_sale_price,level,raw_source,raw_level,raw_structural_feature,raw_vs_structural_ma6,2367.2499999999977,5436.654761904761,3069.404761904763,2.0,7.0,3069.404761904763,1.0,,
price_family_ma6_structural_linked,structural_ma6,dinwiddie_county_va__county,median_sale_price,level,structural_ma6,ma6_level,raw_structural_feature,raw_vs_structural_ma6,2367.2499999999977,5436.654761904761,3069.404761904763,2.0,7.0,3069.404761904763,1.0,,
price_family_ma6_structural_linked,raw_source,district_of_columbia__state,median_ppsf,level,raw_source,raw_level,raw_structural_feature,raw_vs_structural_ma6,1.8282142857142756,3.3724999999999903,1.5442857142857147,1.0,2.0,1.5442857142857147,1.0,,
price_family_ma6_structural_linked,structural_ma6,district_of_columbia__state,median_ppsf,level,structural_ma6,ma6_level,raw_structural_feature,raw_vs_structural_ma6,1.8282142857142756,3.3724999999999903,1.5442857142857147,1.0,2.0,1.5442857142857147,1.0,,
price_family_ma6_structural_linked,raw_source,district_of_columbia__state,median_sale_price,level,raw_source,raw_level,raw_structural_feature,raw_vs_structural_ma6,3667.1428571428614,11334.428571428583,7667.285714285722,11.0,7.0,7667.285714285722,1.0,,
price_family_ma6_structural_linked,structural_ma6,district_of_columbia__state,median_sale_price,level,structural_ma6,ma6_level,raw_structural_feature,raw_vs_structural_ma6,3667.1428571428614,11334.428571428583,7667.285714285722,11.0,7.0,7667.285714285722,1.0,,
price_family_ma6_structural_linked,raw_source,district_of_columbia_dc__county,median_ppsf,level,raw_source,raw_level,raw_structural_feature,raw_vs_structural_ma6,2.655575716607152,7.619838272023823,4.964262555416671,3.0,7.0,4.964262555416671,1.0,,
price_family_ma6_structural_linked,structural_ma6,district_of_columbia_dc__county,median_ppsf,level,structural_ma6,ma6_level,raw_structural_feature,raw_vs_structural_ma6,2.655575716607152,7.619838272023823,4.964262555416671,3.0,7.0,4.964262555416671,1.0,,
price_family_ma6_structural_linked,raw_source,district_of_columbia_dc__county,median_sale_price,level,raw_source,raw_level,raw_structural_feature,raw_vs_structural_ma6,3627.8571428571513,11354.964285714315,7727.107142857164,11.0,7.0,7727.107142857164,1.0,,
price_family_ma6_structural_linked,structural_ma6,district_of_columbia_dc__county,median_sale_price,level,structural_ma6,ma6_level,raw_structural_feature,raw_vs_structural_ma6,3627.8571428571513,11354.964285714315,7727.107142857164,11.0,7.0,7727.107142857164,1.0,,
price_family_ma6_structural_linked,raw_source,dorchester_county_md__county,median_ppsf,level,raw_source,raw_level,raw_structural_feature,raw_vs_structural_ma6,1.4172158633571397,3.1794182298214304,1.7622023664642907,1.0,8.0,1.7622023664642907,1.0,,
price_family_ma6_structural_linked,structural_ma6,dorchester_county_md__county,median_ppsf,level,structural_ma6,ma6_level,raw_structural_feature,raw_vs_structural_ma6,1.4172158633571397,3.1794182298214304,1.7622023664642907,1.0,8.0,1.7622023664642907,1.0,,
price_family_ma6_structural_linked,raw_source,dorchester_county_md__county,median_sale_price,level,raw_source,raw_level,raw_structural_feature,raw_vs_structural_ma6,3258.5119047619105,6786.36904761905,3527.85714285714,3.0,7.0,3527.85714285714,1.0,,
price_family_ma6_structural_linked,structural_ma6,dorchester_county_md__county,median_sale_price,level,structural_ma6,ma6_level,raw_structural_feature,raw_vs_structural_ma6,3258.5119047619105,6786.36904761905,3527.85714285714,3.0,7.0,3527.85714285714,1.0,,
price_family_ma6_structural_linked,raw_source,easton_md_metro_area__cbsa_metro,median_ppsf,level,raw_source,raw_level,raw_structural_feature,raw_vs_structural_ma6,1.7545765439359093,3.5481630305119114,1.793586486576002,4.0,8.0,1.793586486576002,1.0,,
price_family_ma6_structural_linked,structural_ma6,easton_md_metro_area__cbsa_metro,median_ppsf,level,structural_ma6,ma6_level,raw_structural_feature,raw_vs_structural_ma6,1.7545765439359093,3.5481630305119114,1.793586486576002,4.0,8.0,1.793586486576002,1.0,,
price_family_ma6_structural_linked,raw_source,easton_md_metro_area__cbsa_metro,median_sale_price,level,raw_source,raw_level,raw_structural_feature,raw_vs_structural_ma6,6368.61309523809,13672.196428571433,7303.583333333343,12.0,10.0,7303.583333333343,1.0,,
price_family_ma6_structural_linked,structural_ma6,easton_md_metro_area__cbsa_metro,median_sale_price,level,structural_ma6,ma6_level,raw_structural_feature,raw_vs_structural_ma6,6368.61309523809,13672.196428571433,7303.583333333343,12.0,10.0,7303.583333333343,1.0,,
price_family_ma6_structural_linked,raw_source,el_centro_ca_metro_area__cbsa_metro,median_ppsf,level,raw_source,raw_level,raw_structural_feature,raw_vs_structural_ma6,1.4570650850833289,2.5549053187142863,1.0978402336309574,11.0,7.0,1.0978402336309574,1.0,,
price_family_ma6_structural_linked,structural_ma6,el_centro_ca_metro_area__cbsa_metro,median_ppsf,level,structural_ma6,ma6_level,raw_structural_feature,raw_vs_structural_ma6,1.4570650850833289,2.5549053187142863,1.0978402336309574,11.0,7.0,1.0978402336309574,1.0,,
price_family_ma6_structural_linked,raw_source,el_centro_ca_metro_area__cbsa_metro,median_sale_price,level,raw_source,raw_level,raw_structural_feature,raw_vs_structural_ma6,2307.869047619048,6334.58333333333,4026.714285714282,2.0,7.0,4026.714285714282,1.0,,
price_family_ma6_structural_linked,structural_ma6,el_centro_ca_metro_area__cbsa_metro,median_sale_price,level,structural_ma6,ma6_level,raw_structural_feature,raw_vs_structural_ma6,2307.869047619048,6334.58333333333,4026.714285714282,2.0,7.0,4026.714285714282,1.0,,
price_family_ma6_structural_linked,raw_source,el_dorado_county_ca__county,median_ppsf,level,raw_source,raw_level,raw_structural_feature,raw_vs_structural_ma6,1.512714885238093,4.344275083858968,2.8315601986208754,11.0,6.0,2.8315601986208754,1.0,,
price_family_ma6_structural_linked,structural_ma6,el_dorado_county_ca__county,median_ppsf,level,structural_ma6,ma6_level,raw_structural_feature,raw_vs_structural_ma6,1.512714885238093,4.344275083858968,2.8315601986208754,11.0,6.0,2.8315601986208754,1.0,,
price_family_ma6_structural_linked,raw_source,el_dorado_county_ca__county,median_sale_price,level,raw_source,raw_level,raw_structural_feature,raw_vs_structural_ma6,4077.380952380972,10408.910256410247,6331.5293040292745,2.0,6.0,6331.5293040292745,1.0,,
price_family_ma6_structural_linked,structural_ma6,el_dorado_county_ca__county,median_sale_price,level,structural_ma6,ma6_level,raw_structural_feature,raw_vs_structural_ma6,4077.380952380972,10408.910256410247,6331.5293040292745,2.0,6.0,6331.5293040292745,1.0,,
price_family_ma6_structural_linked,raw_source,essex_county_nj__county,median_ppsf,level,raw_source,raw_level,raw_structural_feature,raw_vs_structural_ma6,2.0035127743000203,10.829144375733325,8.825631601433304,10.0,8.0,8.825631601433304,1.0,,
price_family_ma6_structural_linked,structural_ma6,essex_county_nj__county,median_ppsf,level,structural_ma6,ma6_level,raw_structural_feature,raw_vs_structural_ma6,2.0035127743000203,10.829144375733325,8.825631601433304,10.0,8.0,8.825631601433304,1.0,,
price_family_ma6_structural_linked,raw_source,essex_county_nj__county,median_sale_price,level,raw_source,raw_level,raw_structural_feature,raw_vs_structural_ma6,2174.999999999994,17622.749999999993,15447.749999999998,10.0,8.0,15447.749999999998,1.0,,
price_family_ma6_structural_linked,structural_ma6,essex_county_nj__county,median_sale_price,level,structural_ma6,ma6_level,raw_structural_feature,raw_vs_structural_ma6,2174.999999999994,17622.749999999993,15447.749999999998,10.0,8.0,15447.749999999998,1.0,,
price_family_ma6_structural_linked,raw_source,eureka_ca_metro_area__cbsa_metro,median_ppsf,level,raw_source,raw_level,raw_structural_feature,raw_vs_structural_ma6,1.646791187486123,5.2817067247564164,3.6349155372702935,5.0,1.0,3.6349155372702935,1.0,,
price_family_ma6_structural_linked,structural_ma6,eureka_ca_metro_area__cbsa_metro,median_ppsf,level,structural_ma6,ma6_level,raw_structural_feature,raw_vs_structural_ma6,1.646791187486123,5.2817067247564164,3.6349155372702935,5.0,1.0,3.6349155372702935,1.0,,
price_family_ma6_structural_linked,raw_source,eureka_ca_metro_area__cbsa_metro,median_sale_price,level,raw_source,raw_level,raw_structural_feature,raw_vs_structural_ma6,2965.9930555555525,7487.179487179493,4521.186431623941,5.0,1.0,4521.186431623941,1.0,,
price_family_ma6_structural_linked,structural_ma6,eureka_ca_metro_area__cbsa_metro,median_sale_price,level,structural_ma6,ma6_level,raw_structural_feature,raw_vs_structural_ma6,2965.9930555555525,7487.179487179493,4521.186431623941,5.0,1.0,4521.186431623941,1.0,,
price_family_ma6_structural_linked,raw_source,fairfax_city_county_va__county,median_ppsf,level,raw_source,raw_level,raw_structural_feature,raw_vs_structural_ma6,2.219608179821439,4.489143145202375,2.269534965380936,10.0,8.0,2.269534965380936,1.0,,
price_family_ma6_structural_linked,structural_ma6,fairfax_city_county_va__county,median_ppsf,level,structural_ma6,ma6_level,raw_structural_feature,raw_vs_structural_ma6,2.219608179821439,4.489143145202375,2.269534965380936,10.0,8.0,2.269534965380936,1.0,,
price_family_ma6_structural_linked,raw_source,fairfax_city_county_va__county,median_sale_price,level,raw_source,raw_level,raw_structural_feature,raw_vs_structural_ma6,4431.726190476196,17567.85714285715,13136.130952380952,10.0,7.0,13136.130952380952,1.0,,
price_family_ma6_structural_linked,structural_ma6,fairfax_city_county_va__county,median_sale_price,level,structural_ma6,ma6_level,raw_structural_feature,raw_vs_structural_ma6,4431.726190476196,17567.85714285715,13136.130952380952,10.0,7.0,13136.130952380952,1.0,,
price_family_ma6_structural_linked,raw_source,fairfax_county_va__county,median_ppsf,level,raw_source,raw_level,raw_structural_feature,raw_vs_structural_ma6,0.933340477321445,2.3375200335714186,1.4041795562499737,10.0,5.0,1.4041795562499737,1.0,,
price_family_ma6_structural_linked,structural_ma6,fairfax_county_va__county,median_ppsf,level,structural_ma6,ma6_level,raw_structural_feature,raw_vs_structural_ma6,0.933340477321445,2.3375200335714186,1.4041795562499737,10.0,5.0,1.4041795562499737,1.0,,
price_family_ma6_structural_linked,raw_source,fairfax_county_va__county,median_sale_price,level,raw_source,raw_level,raw_structural_feature,raw_vs_structural_ma6,3230.7738095238083,11409.576923076927,8178.803113553119,9.0,6.0,8178.803113553119,1.0,,
price_family_ma6_structural_linked,structural_ma6,fairfax_county_va__county,median_sale_price,level,structural_ma6,ma6_level,raw_structural_feature,raw_vs_structural_ma6,3230.7738095238083,11409.576923076927,8178.803113553119,9.0,6.0,8178.803113553119,1.0,,
price_family_ma6_structural_linked,raw_source,falls_church_va__county,median_ppsf,level,raw_source,raw_level,raw_structural_feature,raw_vs_structural_ma6,5.290139960392858,13.472134263666666,8.181994303273807,8.0,7.0,8.181994303273807,1.0,,
price_family_ma6_structural_linked,structural_ma6,falls_church_va__county,median_ppsf,level,structural_ma6,ma6_level,raw_structural_feature,raw_vs_structural_ma6,5.290139960392858,13.472134263666666,8.181994303273807,8.0,7.0,8.181994303273807,1.0,,
price_family_ma6_structural_linked,raw_source,falls_church_va__county,median_sale_price,level,raw_source,raw_level,raw_structural_feature,raw_vs_structural_ma6,20391.39285714286,38985.83333333335,18594.44047619049,10.0,9.0,18594.44047619049,1.0,,
price_family_ma6_structural_linked,structural_ma6,falls_church_va__county,median_sale_price,level,structural_ma6,ma6_level,raw_structural_feature,raw_vs_structural_ma6,20391.39285714286,38985.83333333335,18594.44047619049,10.0,9.0,18594.44047619049,1.0,,
price_family_ma6_structural_linked,raw_source,fauquier_county_va__county,median_ppsf,level,raw_source,raw_level,raw_structural_feature,raw_vs_structural_ma6,0.8282431209642819,2.330870833130947,1.5026277121666651,1.0,5.0,1.5026277121666651,1.0,,
price_family_ma6_structural_linked,structural_ma6,fauquier_county_va__county,median_ppsf,level,structural_ma6,ma6_level,raw_structural_feature,raw_vs_structural_ma6,0.8282431209642819,2.330870833130947,1.5026277121666651,1.0,5.0,1.5026277121666651,1.0,,
price_family_ma6_structural_linked,raw_source,fauquier_county_va__county,median_sale_price,level,raw_source,raw_level,raw_structural_feature,raw_vs_structural_ma6,3080.0654761904693,8804.523809523813,5724.458333333343,4.0,7.0,5724.458333333343,1.0,,
price_family_ma6_structural_linked,structural_ma6,fauquier_county_va__county,median_sale_price,level,structural_ma6,ma6_level,raw_structural_feature,raw_vs_structural_ma6,3080.0654761904693,8804.523809523813,5724.458333333343,4.0,7.0,5724.458333333343,1.0,,
price_family_ma6_structural_linked,raw_source,fluvanna_county_va__county,median_ppsf,level,raw_source,raw_level,raw_structural_feature,raw_vs_structural_ma6,1.0684253858690522,2.3675705604285793,1.299145174559527,1.0,8.0,1.299145174559527,1.0,,
price_family_ma6_structural_linked,structural_ma6,fluvanna_county_va__county,median_ppsf,level,structural_ma6,ma6_level,raw_structural_feature,raw_vs_structural_ma6,1.0684253858690522,2.3675705604285793,1.299145174559527,1.0,8.0,1.299145174559527,1.0,,
price_family_ma6_structural_linked,raw_source,fluvanna_county_va__county,median_sale_price,level,raw_source,raw_level,raw_structural_feature,raw_vs_structural_ma6,2736.9523809523776,5475.113095238094,2738.160714285716,4.0,8.0,2738.160714285716,1.0,,
price_family_ma6_structural_linked,structural_ma6,fluvanna_county_va__county,median_sale_price,level,structural_ma6,ma6_level,raw_structural_feature,raw_vs_structural_ma6,2736.9523809523776,5475.113095238094,2738.160714285716,4.0,8.0,2738.160714285716,1.0,,
price_family_ma6_structural_linked,raw_source,franklin_city_county_va__county,median_ppsf,level,raw_source,raw_level,raw_structural_feature,raw_vs_structural_ma6,2.754401675527776,5.059792277818182,2.3053906022904056,3.0,7.0,2.3053906022904056,1.0,,
price_family_ma6_structural_linked,structural_ma6,franklin_city_county_va__county,median_ppsf,level,structural_ma6,ma6_level,raw_structural_feature,raw_vs_structural_ma6,2.754401675527776,5.059792277818182,2.3053906022904056,3.0,7.0,2.3053906022904056,1.0,,
price_family_ma6_structural_linked,raw_source,franklin_city_county_va__county,median_sale_price,level,raw_source,raw_level,raw_structural_feature,raw_vs_structural_ma6,7495.020833333333,12650.729166666664,5155.708333333331,5.0,10.0,5155.708333333331,1.0,,
price_family_ma6_structural_linked,structural_ma6,franklin_city_county_va__county,median_sale_price,level,structural_ma6,ma6_level,raw_structural_feature,raw_vs_structural_ma6,7495.020833333333,12650.729166666664,5155.708333333331,5.0,10.0,5155.708333333331,1.0,,
price_family_ma6_structural_linked,raw_source,franklin_county_va__county,median_ppsf,level,raw_source,raw_level,raw_structural_feature,raw_vs_structural_ma6,2.0784247175833293,4.023427109285713,1.9450023917023835,11.0,10.0,1.9450023917023835,1.0,,
price_family_ma6_structural_linked,structural_ma6,franklin_county_va__county,median_ppsf,level,structural_ma6,ma6_level,raw_structural_feature,raw_vs_structural_ma6,2.0784247175833293,4.023427109285713,1.9450023917023835,11.0,10.0,1.9450023917023835,1.0,,
price_family_ma6_structural_linked,raw_source,franklin_county_va__county,median_sale_price,level,raw_source,raw_level,raw_structural_feature,raw_vs_structural_ma6,6219.0476190476165,9306.85714285714,3087.809523809523,9.0,10.0,3087.809523809523,1.0,,
price_family_ma6_structural_linked,structural_ma6,franklin_county_va__county,median_sale_price,level,structural_ma6,ma6_level,raw_structural_feature,raw_vs_structural_ma6,6219.0476190476165,9306.85714285714,3087.809523809523,9.0,10.0,3087.809523809523,1.0,,
price_family_ma6_structural_linked,raw_source,frederick_county_md__county,median_ppsf,level,raw_source,raw_level,raw_structural_feature,raw_vs_structural_ma6,0.6230382596309515,1.5480212388690535,0.924982979238102,11.0,7.0,0.924982979238102,1.0,,
price_family_ma6_structural_linked,structural_ma6,frederick_county_md__county,median_ppsf,level,structural_ma6,ma6_level,raw_structural_feature,raw_vs_structural_ma6,0.6230382596309515,1.5480212388690535,0.924982979238102,11.0,7.0,0.924982979238102,1.0,,
price_family_ma6_structural_linked,raw_source,frederick_county_md__county,median_sale_price,level,raw_source,raw_level,raw_structural_feature,raw_vs_structural_ma6,1988.3809523809573,5844.047619047612,3855.6666666666547,10.0,8.0,3855.6666666666547,1.0,,
price_family_ma6_structural_linked,structural_ma6,frederick_county_md__county,median_sale_price,level,structural_ma6,ma6_level,raw_structural_feature,raw_vs_structural_ma6,1988.3809523809573,5844.047619047612,3855.6666666666547,10.0,8.0,3855.6666666666547,1.0,,
price_family_ma6_structural_linked,raw_source,frederick_county_va__county,median_ppsf,level,raw_source,raw_level,raw_structural_feature,raw_vs_structural_ma6,0.9235330133333335,1.709489696500008,0.7859566831666744,12.0,6.0,0.7859566831666744,1.0,,
price_family_ma6_structural_linked,structural_ma6,frederick_county_va__county,median_ppsf,level,structural_ma6,ma6_level,raw_structural_feature,raw_vs_structural_ma6,0.9235330133333335,1.709489696500008,0.7859566831666744,12.0,6.0,0.7859566831666744,1.0,,
price_family_ma6_structural_linked,raw_source,frederick_county_va__county,median_sale_price,level,raw_source,raw_level,raw_structural_feature,raw_vs_structural_ma6,1993.6904761904755,4957.3571428571495,2963.6666666666742,1.0,8.0,2963.6666666666742,1.0,,
price_family_ma6_structural_linked,structural_ma6,frederick_county_va__county,median_sale_price,level,structural_ma6,ma6_level,raw_structural_feature,raw_vs_structural_ma6,1993.6904761904755,4957.3571428571495,2963.6666666666742,1.0,8.0,2963.6666666666742,1.0,,
price_family_ma6_structural_linked,raw_source,frederick_md_metro_area__cbsa_metro,median_ppsf,level,raw_source,raw_level,raw_structural_feature,raw_vs_structural_ma6,0.8061538461538476,1.2529761904761878,0.44682234432234025,6.0,5.0,0.44682234432234025,1.0,,
price_family_ma6_structural_linked,structural_ma6,frederick_md_metro_area__cbsa_metro,median_ppsf,level,structural_ma6,ma6_level,raw_structural_feature,raw_vs_structural_ma6,0.8061538461538476,1.2529761904761878,0.44682234432234025,6.0,5.0,0.44682234432234025,1.0,,
price_family_ma6_structural_linked,raw_source,frederick_md_metro_area__cbsa_metro,median_sale_price,level,raw_source,raw_level,raw_structural_feature,raw_vs_structural_ma6,1957.714285714294,9341.666666666677,7383.9523809523835,9.0,7.0,7383.9523809523835,1.0,,
price_family_ma6_structural_linked,structural_ma6,frederick_md_metro_area__cbsa_metro,median_sale_price,level,structural_ma6,ma6_level,raw_structural_feature,raw_vs_structural_ma6,1957.714285714294,9341.666666666677,7383.9523809523835,9.0,7.0,7383.9523809523835,1.0,,
price_family_ma6_structural_linked,raw_source,fredericksburg_va__county,median_ppsf,level,raw_source,raw_level,raw_structural_feature,raw_vs_structural_ma6,1.959541347928568,4.025887792654761,2.0663464447261934,3.0,1.0,2.0663464447261934,1.0,,
price_family_ma6_structural_linked,structural_ma6,fredericksburg_va__county,median_ppsf,level,structural_ma6,ma6_level,raw_structural_feature,raw_vs_structural_ma6,1.959541347928568,4.025887792654761,2.0663464447261934,3.0,1.0,2.0663464447261934,1.0,,
price_family_ma6_structural_linked,raw_source,fredericksburg_va__county,median_sale_price,level,raw_source,raw_level,raw_structural_feature,raw_vs_structural_ma6,4869.107142857135,9567.035714285716,4697.928571428581,12.0,7.0,4697.928571428581,1.0,,
price_family_ma6_structural_linked,structural_ma6,fredericksburg_va__county,median_sale_price,level,structural_ma6,ma6_level,raw_structural_feature,raw_vs_structural_ma6,4869.107142857135,9567.035714285716,4697.928571428581,12.0,7.0,4697.928571428581,1.0,,
price_family_ma6_structural_linked,raw_source,fresno_ca_metro_area__cbsa_metro,median_ppsf,level,raw_source,raw_level,raw_structural_feature,raw_vs_structural_ma6,1.0354761904761969,1.4030952380952308,0.36761904761903397,9.0,1.0,0.36761904761903397,1.0,,
price_family_ma6_structural_linked,structural_ma6,fresno_ca_metro_area__cbsa_metro,median_ppsf,level,structural_ma6,ma6_level,raw_structural_feature,raw_vs_structural_ma6,1.0354761904761969,1.4030952380952308,0.36761904761903397,9.0,1.0,0.36761904761903397,1.0,,
price_family_ma6_structural_linked,raw_source,fresno_ca_metro_area__cbsa_metro,median_sale_price,level,raw_source,raw_level,raw_structural_feature,raw_vs_structural_ma6,1251.9642857142837,4182.692307692312,2930.7280219780287,1.0,6.0,2930.7280219780287,1.0,,
price_family_ma6_structural_linked,structural_ma6,fresno_ca_metro_area__cbsa_metro,median_sale_price,level,structural_ma6,ma6_level,raw_structural_feature,raw_vs_structural_ma6,1251.9642857142837,4182.692307692312,2930.7280219780287,1.0,6.0,2930.7280219780287,1.0,,
price_family_ma6_structural_linked,raw_source,fresno_county_ca__county,median_ppsf,level,raw_source,raw_level,raw_structural_feature,raw_vs_structural_ma6,0.7594952917738108,2.0859153196923166,1.3264200279185059,1.0,6.0,1.3264200279185059,1.0,,
price_family_ma6_structural_linked,structural_ma6,fresno_county_ca__county,median_ppsf,level,structural_ma6,ma6_level,raw_structural_feature,raw_vs_structural_ma6,0.7594952917738108,2.0859153196923166,1.3264200279185059,1.0,6.0,1.3264200279185059,1.0,,
price_family_ma6_structural_linked,raw_source,fresno_county_ca__county,median_sale_price,level,raw_source,raw_level,raw_structural_feature,raw_vs_structural_ma6,1259.1071428571408,4208.333333333337,2949.226190476196,1.0,6.0,2949.226190476196,1.0,,
price_family_ma6_structural_linked,structural_ma6,fresno_county_ca__county,median_sale_price,level,structural_ma6,ma6_level,raw_structural_feature,raw_vs_structural_ma6,1259.1071428571408,4208.333333333337,2949.226190476196,1.0,6.0,2949.226190476196,1.0,,
price_family_ma6_structural_linked,raw_source,giles_county_va__county,median_ppsf,level,raw_source,raw_level,raw_structural_feature,raw_vs_structural_ma6,3.069861135366665,6.2068680350555665,3.1370068996889016,10.0,8.0,3.1370068996889016,1.0,,
price_family_ma6_structural_linked,structural_ma6,giles_county_va__county,median_ppsf,level,structural_ma6,ma6_level,raw_structural_feature,raw_vs_structural_ma6,3.069861135366665,6.2068680350555665,3.1370068996889016,10.0,8.0,3.1370068996889016,1.0,,
price_family_ma6_structural_linked,raw_source,giles_county_va__county,median_sale_price,level,raw_source,raw_level,raw_structural_feature,raw_vs_structural_ma6,5475.0,16832.909722222223,11357.909722222223,7.0,6.0,11357.909722222223,1.0,,
price_family_ma6_structural_linked,structural_ma6,giles_county_va__county,median_sale_price,level,structural_ma6,ma6_level,raw_structural_feature,raw_vs_structural_ma6,5475.0,16832.909722222223,11357.909722222223,7.0,6.0,11357.909722222223,1.0,,
price_family_ma6_structural_linked,raw_source,gloucester_county_nj__county,median_ppsf,level,raw_source,raw_level,raw_structural_feature,raw_vs_structural_ma6,0.7146216323214298,2.089010387166659,1.3743887548452294,10.0,7.0,1.3743887548452294,1.0,,
price_family_ma6_structural_linked,structural_ma6,gloucester_county_nj__county,median_ppsf,level,structural_ma6,ma6_level,raw_structural_feature,raw_vs_structural_ma6,0.7146216323214298,2.089010387166659,1.3743887548452294,10.0,7.0,1.3743887548452294,1.0,,
price_family_ma6_structural_linked,raw_source,gloucester_county_nj__county,median_sale_price,level,raw_source,raw_level,raw_structural_feature,raw_vs_structural_ma6,1256.250000000002,5433.269230769235,4177.019230769233,4.0,7.0,4177.019230769233,1.0,,
price_family_ma6_structural_linked,structural_ma6,gloucester_county_nj__county,median_sale_price,level,structural_ma6,ma6_level,raw_structural_feature,raw_vs_structural_ma6,1256.250000000002,5433.269230769235,4177.019230769233,4.0,7.0,4177.019230769233,1.0,,
price_family_ma6_structural_linked,raw_source,gloucester_county_va__county,median_ppsf,level,raw_source,raw_level,raw_structural_feature,raw_vs_structural_ma6,1.0034451602777839,2.863680363954542,1.8602352036767582,4.0,7.0,1.8602352036767582,1.0,,
price_family_ma6_structural_linked,structural_ma6,gloucester_county_va__county,median_ppsf,level,structural_ma6,ma6_level,raw_structural_feature,raw_vs_structural_ma6,1.0034451602777839,2.863680363954542,1.8602352036767582,4.0,7.0,1.8602352036767582,1.0,,
price_family_ma6_structural_linked,raw_source,gloucester_county_va__county,median_sale_price,level,raw_source,raw_level,raw_structural_feature,raw_vs_structural_ma6,2907.8888888888855,6847.25000000001,3939.3611111111245,2.0,10.0,3939.3611111111245,1.0,,
price_family_ma6_structural_linked,structural_ma6,gloucester_county_va__county,median_sale_price,level,structural_ma6,ma6_level,raw_structural_feature,raw_vs_structural_ma6,2907.8888888888855,6847.25000000001,3939.3611111111245,2.0,10.0,3939.3611111111245,1.0,,
price_family_ma6_structural_linked,raw_source,goochland_county_va__county,median_ppsf,level,raw_source,raw_level,raw_structural_feature,raw_vs_structural_ma6,1.0049480387820477,3.517633715821423,2.512685677039375,6.0,7.0,2.512685677039375,1.0,,
price_family_ma6_structural_linked,structural_ma6,goochland_county_va__county,median_ppsf,level,structural_ma6,ma6_level,raw_structural_feature,raw_vs_structural_ma6,1.0049480387820477,3.517633715821423,2.512685677039375,6.0,7.0,2.512685677039375,1.0,,
price_family_ma6_structural_linked,raw_source,goochland_county_va__county,median_sale_price,level,raw_source,raw_level,raw_structural_feature,raw_vs_structural_ma6,7043.128205128216,16878.410714285732,9835.282509157516,6.0,1.0,9835.282509157516,1.0,,
price_family_ma6_structural_linked,structural_ma6,goochland_county_va__county,median_sale_price,level,structural_ma6,ma6_level,raw_structural_feature,raw_vs_structural_ma6,7043.128205128216,16878.410714285732,9835.282509157516,6.0,1.0,9835.282509157516,1.0,,
price_family_ma6_structural_linked,raw_source,greene_county_va__county,median_ppsf,level,raw_source,raw_level,raw_structural_feature,raw_vs_structural_ma6,0.9605545718690404,2.9383700571547644,1.9778154852857242,3.0,10.0,1.9778154852857242,1.0,,
price_family_ma6_structural_linked,structural_ma6,greene_county_va__county,median_ppsf,level,structural_ma6,ma6_level,raw_structural_feature,raw_vs_structural_ma6,0.9605545718690404,2.9383700571547644,1.9778154852857242,3.0,10.0,1.9778154852857242,1.0,,
price_family_ma6_structural_linked,raw_source,greene_county_va__county,median_sale_price,level,raw_source,raw_level,raw_structural_feature,raw_vs_structural_ma6,3412.02380952381,7682.47619047619,4270.45238095238,11.0,5.0,4270.45238095238,1.0,,
price_family_ma6_structural_linked,structural_ma6,greene_county_va__county,median_sale_price,level,structural_ma6,ma6_level,raw_structural_feature,raw_vs_structural_ma6,3412.02380952381,7682.47619047619,4270.45238095238,11.0,5.0,4270.45238095238,1.0,,
price_family_ma6_structural_linked,raw_source,hagerstown_md_metro_area__cbsa_metro,median_ppsf,level,raw_source,raw_level,raw_structural_feature,raw_vs_structural_ma6,0.5483511609166669,1.516696237488089,0.9683450765714221,11.0,8.0,0.9683450765714221,1.0,,
price_family_ma6_structural_linked,structural_ma6,hagerstown_md_metro_area__cbsa_metro,median_ppsf,level,structural_ma6,ma6_level,raw_structural_feature,raw_vs_structural_ma6,0.5483511609166669,1.516696237488089,0.9683450765714221,11.0,8.0,0.9683450765714221,1.0,,
price_family_ma6_structural_linked,raw_source,hagerstown_md_metro_area__cbsa_metro,median_sale_price,level,raw_source,raw_level,raw_structural_feature,raw_vs_structural_ma6,1069.250000000004,3668.30357142857,2599.053571428566,2.0,7.0,2599.053571428566,1.0,,
price_family_ma6_structural_linked,structural_ma6,hagerstown_md_metro_area__cbsa_metro,median_sale_price,level,structural_ma6,ma6_level,raw_structural_feature,raw_vs_structural_ma6,1069.250000000004,3668.30357142857,2599.053571428566,2.0,7.0,2599.053571428566,1.0,,
price_family_ma6_structural_linked,raw_source,hampton_va__county,median_ppsf,level,raw_source,raw_level,raw_structural_feature,raw_vs_structural_ma6,0.5982755071666664,1.6350517871212147,1.0367762799545481,3.0,7.0,1.0367762799545481,1.0,,
price_family_ma6_structural_linked,structural_ma6,hampton_va__county,median_ppsf,level,structural_ma6,ma6_level,raw_structural_feature,raw_vs_structural_ma6,0.5982755071666664,1.6350517871212147,1.0367762799545481,3.0,7.0,1.0367762799545481,1.0,,
price_family_ma6_structural_linked,raw_source,hampton_va__county,median_sale_price,level,raw_source,raw_level,raw_structural_feature,raw_vs_structural_ma6,1456.9444444444478,2942.2361111111168,1485.291666666669,4.0,8.0,1485.291666666669,1.0,,
price_family_ma6_structural_linked,structural_ma6,hampton_va__county,median_sale_price,level,structural_ma6,ma6_level,raw_structural_feature,raw_vs_structural_ma6,1456.9444444444478,2942.2361111111168,1485.291666666669,4.0,8.0,1485.291666666669,1.0,,
price_family_ma6_structural_linked,raw_source,hanford_ca_metro_area__cbsa_metro,median_ppsf,level,raw_source,raw_level,raw_structural_feature,raw_vs_structural_ma6,0.6715872560595254,1.6829775246410235,1.011390268581498,2.0,6.0,1.011390268581498,1.0,,
price_family_ma6_structural_linked,structural_ma6,hanford_ca_metro_area__cbsa_metro,median_ppsf,level,structural_ma6,ma6_level,raw_structural_feature,raw_vs_structural_ma6,0.6715872560595254,1.6829775246410235,1.011390268581498,2.0,6.0,1.011390268581498,1.0,,
price_family_ma6_structural_linked,raw_source,hanford_ca_metro_area__cbsa_metro,median_sale_price,level,raw_source,raw_level,raw_structural_feature,raw_vs_structural_ma6,1986.5384615384548,4169.6428571428605,2183.104395604406,6.0,8.0,2183.104395604406,1.0,,
price_family_ma6_structural_linked,structural_ma6,hanford_ca_metro_area__cbsa_metro,median_sale_price,level,structural_ma6,ma6_level,raw_structural_feature,raw_vs_structural_ma6,1986.5384615384548,4169.6428571428605,2183.104395604406,6.0,8.0,2183.104395604406,1.0,,
price_family_ma6_structural_linked,raw_source,hanover_county_va__county,median_ppsf,level,raw_source,raw_level,raw_structural_feature,raw_vs_structural_ma6,0.7321921645357209,1.1841995516309507,0.4520073870952298,7.0,2.0,0.4520073870952298,1.0,,
price_family_ma6_structural_linked,structural_ma6,hanover_county_va__county,median_ppsf,level,structural_ma6,ma6_level,raw_structural_feature,raw_vs_structural_ma6,0.7321921645357209,1.1841995516309507,0.4520073870952298,7.0,2.0,0.4520073870952298,1.0,,
price_family_ma6_structural_linked,raw_source,hanover_county_va__county,median_sale_price,level,raw_source,raw_level,raw_structural_feature,raw_vs_structural_ma6,2170.940476190471,6174.773809523808,4003.833333333337,12.0,7.0,4003.833333333337,1.0,,
price_family_ma6_structural_linked,structural_ma6,hanover_county_va__county,median_sale_price,level,structural_ma6,ma6_level,raw_structural_feature,raw_vs_structural_ma6,2170.940476190471,6174.773809523808,4003.833333333337,12.0,7.0,4003.833333333337,1.0,,
price_family_ma6_structural_linked,raw_source,harford_county_md__county,median_ppsf,level,raw_source,raw_level,raw_structural_feature,raw_vs_structural_ma6,0.5763335820357197,1.8036925211071417,1.2273589390714221,10.0,7.0,1.2273589390714221,1.0,,
price_family_ma6_structural_linked,structural_ma6,harford_county_md__county,median_ppsf,level,structural_ma6,ma6_level,raw_structural_feature,raw_vs_structural_ma6,0.5763335820357197,1.8036925211071417,1.2273589390714221,10.0,7.0,1.2273589390714221,1.0,,
price_family_ma6_structural_linked,raw_source,harford_county_md__county,median_sale_price,level,raw_source,raw_level,raw_structural_feature,raw_vs_structural_ma6,1733.9642857142899,5659.642857142853,3925.6785714285634,10.0,8.0,3925.6785714285634,1.0,,
price_family_ma6_structural_linked,structural_ma6,harford_county_md__county,median_sale_price,level,structural_ma6,ma6_level,raw_structural_feature,raw_vs_structural_ma6,1733.9642857142899,5659.642857142853,3925.6785714285634,10.0,8.0,3925.6785714285634,1.0,,
price_family_ma6_structural_linked,raw_source,harrisonburg_va__county,median_ppsf,level,raw_source,raw_level,raw_structural_feature,raw_vs_structural_ma6,0.8353975259285714,2.562470189678574,1.7270726637500027,4.0,5.0,1.7270726637500027,1.0,,
price_family_ma6_structural_linked,structural_ma6,harrisonburg_va__county,median_ppsf,level,structural_ma6,ma6_level,raw_structural_feature,raw_vs_structural_ma6,0.8353975259285714,2.562470189678574,1.7270726637500027,4.0,5.0,1.7270726637500027,1.0,,
price_family_ma6_structural_linked,raw_source,harrisonburg_va__county,median_sale_price,level,raw_source,raw_level,raw_structural_feature,raw_vs_structural_ma6,2464.2857142857206,4818.452380952377,2354.1666666666565,2.0,11.0,2354.1666666666565,1.0,,
price_family_ma6_structural_linked,structural_ma6,harrisonburg_va__county,median_sale_price,level,structural_ma6,ma6_level,raw_structural_feature,raw_vs_structural_ma6,2464.2857142857206,4818.452380952377,2354.1666666666565,2.0,11.0,2354.1666666666565,1.0,,
price_family_ma6_structural_linked,raw_source,harrisonburg_va_metro_area__cbsa_metro,median_ppsf,level,raw_source,raw_level,raw_structural_feature,raw_vs_structural_ma6,0.6990299029615338,1.479677302095233,0.7806473991336992,4.0,7.0,0.7806473991336992,1.0,,
price_family_ma6_structural_linked,structural_ma6,harrisonburg_va_metro_area__cbsa_metro,median_ppsf,level,structural_ma6,ma6_level,raw_structural_feature,raw_vs_structural_ma6,0.6990299029615338,1.479677302095233,0.7806473991336992,4.0,7.0,0.7806473991336992,1.0,,
price_family_ma6_structural_linked,raw_source,harrisonburg_va_metro_area__cbsa_metro,median_sale_price,level,raw_source,raw_level,raw_structural_feature,raw_vs_structural_ma6,1403.125,3324.6488095238124,1921.5238095238124,2.0,7.0,1921.5238095238124,1.0,,
price_family_ma6_structural_linked,structural_ma6,harrisonburg_va_metro_area__cbsa_metro,median_sale_price,level,structural_ma6,ma6_level,raw_structural_feature,raw_vs_structural_ma6,1403.125,3324.6488095238124,1921.5238095238124,2.0,7.0,1921.5238095238124,1.0,,
price_family_ma6_structural_linked,raw_source,henrico_county_va__county,median_ppsf,level,raw_source,raw_level,raw_structural_feature,raw_vs_structural_ma6,0.5739978895238076,2.5331401794404766,1.959142289916669,10.0,7.0,1.959142289916669,1.0,,
price_family_ma6_structural_linked,structural_ma6,henrico_county_va__county,median_ppsf,level,structural_ma6,ma6_level,raw_structural_feature,raw_vs_structural_ma6,0.5739978895238076,2.5331401794404766,1.959142289916669,10.0,7.0,1.959142289916669,1.0,,
price_family_ma6_structural_linked,raw_source,henrico_county_va__county,median_sale_price,level,raw_source,raw_level,raw_structural_feature,raw_vs_structural_ma6,2015.5833333333285,8122.833333333335,6107.250000000006,9.0,7.0,6107.250000000006,1.0,,
price_family_ma6_structural_linked,structural_ma6,henrico_county_va__county,median_sale_price,level,structural_ma6,ma6_level,raw_structural_feature,raw_vs_structural_ma6,2015.5833333333285,8122.833333333335,6107.250000000006,9.0,7.0,6107.250000000006,1.0,,
price_family_ma6_structural_linked,raw_source,henry_county_va__county,median_ppsf,level,raw_source,raw_level,raw_structural_feature,raw_vs_structural_ma6,1.0507929304761912,1.737581375952382,0.6867884454761908,10.0,8.0,0.6867884454761908,1.0,,
price_family_ma6_structural_linked,structural_ma6,henry_county_va__county,median_ppsf,level,structural_ma6,ma6_level,raw_structural_feature,raw_vs_structural_ma6,1.0507929304761912,1.737581375952382,0.6867884454761908,10.0,8.0,0.6867884454761908,1.0,,
price_family_ma6_structural_linked,raw_source,henry_county_va__county,median_sale_price,level,raw_source,raw_level,raw_structural_feature,raw_vs_structural_ma6,1817.8571428571433,3808.92857142857,1991.0714285714268,10.0,7.0,1991.0714285714268,1.0,,
price_family_ma6_structural_linked,structural_ma6,henry_county_va__county,median_sale_price,level,structural_ma6,ma6_level,raw_structural_feature,raw_vs_structural_ma6,1817.8571428571433,3808.92857142857,1991.0714285714268,10.0,7.0,1991.0714285714268,1.0,,
price_family_ma6_structural_linked,raw_source,hopewell_va__county,median_ppsf,level,raw_source,raw_level,raw_structural_feature,raw_vs_structural_ma6,1.3153267528690482,3.0531380516153863,1.737811298746338,5.0,6.0,1.737811298746338,1.0,,
price_family_ma6_structural_linked,structural_ma6,hopewell_va__county,median_ppsf,level,structural_ma6,ma6_level,raw_structural_feature,raw_vs_structural_ma6,1.3153267528690482,3.0531380516153863,1.737811298746338,5.0,6.0,1.737811298746338,1.0,,
price_family_ma6_structural_linked,raw_source,hopewell_va__county,median_sale_price,level,raw_source,raw_level,raw_structural_feature,raw_vs_structural_ma6,2486.3214285714275,4728.154761904762,2241.833333333335,3.0,7.0,2241.833333333335,1.0,,
price_family_ma6_structural_linked,structural_ma6,hopewell_va__county,median_sale_price,level,structural_ma6,ma6_level,raw_structural_feature,raw_vs_structural_ma6,2486.3214285714275,4728.154761904762,2241.833333333335,3.0,7.0,2241.833333333335,1.0,,
price_family_ma6_structural_linked,raw_source,howard_county_md__county,median_ppsf,level,raw_source,raw_level,raw_structural_feature,raw_vs_structural_ma6,0.8198012279404716,1.8146058566071386,0.994804628666667,10.0,7.0,0.994804628666667,1.0,,
price_family_ma6_structural_linked,structural_ma6,howard_county_md__county,median_ppsf,level,structural_ma6,ma6_level,raw_structural_feature,raw_vs_structural_ma6,0.8198012279404716,1.8146058566071386,0.994804628666667,10.0,7.0,0.994804628666667,1.0,,
price_family_ma6_structural_linked,raw_source,howard_county_md__county,median_sale_price,level,raw_source,raw_level,raw_structural_feature,raw_vs_structural_ma6,3071.7857142857183,12453.15476190476,9381.369047619042,10.0,7.0,9381.369047619042,1.0,,
price_family_ma6_structural_linked,structural_ma6,howard_county_md__county,median_sale_price,level,structural_ma6,ma6_level,raw_structural_feature,raw_vs_structural_ma6,3071.7857142857183,12453.15476190476,9381.369047619042,10.0,7.0,9381.369047619042,1.0,,
price_family_ma6_structural_linked,raw_source,humboldt_county_ca__county,median_ppsf,level,raw_source,raw_level,raw_structural_feature,raw_vs_structural_ma6,1.749028040333332,5.281934608897444,3.532906568564112,5.0,1.0,3.532906568564112,1.0,,
price_family_ma6_structural_linked,structural_ma6,humboldt_county_ca__county,median_ppsf,level,structural_ma6,ma6_level,raw_structural_feature,raw_vs_structural_ma6,1.749028040333332,5.281934608897444,3.532906568564112,5.0,1.0,3.532906568564112,1.0,,
price_family_ma6_structural_linked,raw_source,humboldt_county_ca__county,median_sale_price,level,raw_source,raw_level,raw_structural_feature,raw_vs_structural_ma6,2811.2499999999977,8348.076923076924,5536.826923076926,5.0,6.0,5536.826923076926,1.0,,
price_family_ma6_structural_linked,structural_ma6,humboldt_county_ca__county,median_sale_price,level,structural_ma6,ma6_level,raw_structural_feature,raw_vs_structural_ma6,2811.2499999999977,8348.076923076924,5536.826923076926,5.0,6.0,5536.826923076926,1.0,,
price_family_ma6_structural_linked,raw_source,hunterdon_county_nj__county,median_ppsf,level,raw_source,raw_level,raw_structural_feature,raw_vs_structural_ma6,1.2442408694848526,3.389664139750008,2.1454232702651552,11.0,8.0,2.1454232702651552,1.0,,
price_family_ma6_structural_linked,structural_ma6,hunterdon_county_nj__county,median_ppsf,level,structural_ma6,ma6_level,raw_structural_feature,raw_vs_structural_ma6,1.2442408694848526,3.389664139750008,2.1454232702651552,11.0,8.0,2.1454232702651552,1.0,,
price_family_ma6_structural_linked,raw_source,hunterdon_county_nj__county,median_sale_price,level,raw_source,raw_level,raw_structural_feature,raw_vs_structural_ma6,2545.454545454556,18385.416666666668,15839.962121212113,11.0,8.0,15839.962121212113,1.0,,
price_family_ma6_structural_linked,structural_ma6,hunterdon_county_nj__county,median_sale_price,level,structural_ma6,ma6_level,raw_structural_feature,raw_vs_structural_ma6,2545.454545454556,18385.416666666668,15839.962121212113,11.0,8.0,15839.962121212113,1.0,,
price_family_ma6_structural_linked,raw_source,imperial_county_ca__county,median_ppsf,level,raw_source,raw_level,raw_structural_feature,raw_vs_structural_ma6,1.4270595022142873,2.4829103592692245,1.0558508570549372,11.0,6.0,1.0558508570549372,1.0,,
price_family_ma6_structural_linked,structural_ma6,imperial_county_ca__county,median_ppsf,level,structural_ma6,ma6_level,raw_structural_feature,raw_vs_structural_ma6,1.4270595022142873,2.4829103592692245,1.0558508570549372,11.0,6.0,1.0558508570549372,1.0,,
price_family_ma6_structural_linked,raw_source,imperial_county_ca__county,median_sale_price,level,raw_source,raw_level,raw_structural_feature,raw_vs_structural_ma6,2295.964285714286,6275.05952380952,3979.0952380952344,2.0,7.0,3979.0952380952344,1.0,,
price_family_ma6_structural_linked,structural_ma6,imperial_county_ca__county,median_sale_price,level,structural_ma6,ma6_level,raw_structural_feature,raw_vs_structural_ma6,2295.964285714286,6275.05952380952,3979.0952380952344,2.0,7.0,3979.0952380952344,1.0,,
price_family_ma6_structural_linked,raw_source,isle_of_wight_county_va__county,median_ppsf,level,raw_source,raw_level,raw_structural_feature,raw_vs_structural_ma6,1.001717445333334,1.9305726332222168,0.9288551878888829,2.0,11.0,0.9288551878888829,1.0,,
price_family_ma6_structural_linked,structural_ma6,isle_of_wight_county_va__county,median_ppsf,level,structural_ma6,ma6_level,raw_structural_feature,raw_vs_structural_ma6,1.001717445333334,1.9305726332222168,0.9288551878888829,2.0,11.0,0.9288551878888829,1.0,,
price_family_ma6_structural_linked,raw_source,isle_of_wight_county_va__county,median_sale_price,level,raw_source,raw_level,raw_structural_feature,raw_vs_structural_ma6,4257.7638888888805,9180.060606060591,4922.296717171711,2.0,7.0,4922.296717171711,1.0,,
price_family_ma6_structural_linked,structural_ma6,isle_of_wight_county_va__county,median_sale_price,level,structural_ma6,ma6_level,raw_structural_feature,raw_vs_structural_ma6,4257.7638888888805,9180.060606060591,4922.296717171711,2.0,7.0,4922.296717171711,1.0,,
price_family_ma6_structural_linked,raw_source,james_city_county_va__county,median_ppsf,level,raw_source,raw_level,raw_structural_feature,raw_vs_structural_ma6,0.5744402790972151,1.6441252127499932,1.0696849336527783,2.0,5.0,1.0696849336527783,1.0,,
price_family_ma6_structural_linked,structural_ma6,james_city_county_va__county,median_ppsf,level,structural_ma6,ma6_level,raw_structural_feature,raw_vs_structural_ma6,0.5744402790972151,1.6441252127499932,1.0696849336527783,2.0,5.0,1.0696849336527783,1.0,,
price_family_ma6_structural_linked,raw_source,james_city_county_va__county,median_sale_price,level,raw_source,raw_level,raw_structural_feature,raw_vs_structural_ma6,3299.9444444444475,6547.143939393933,3247.199494949485,2.0,6.0,3247.199494949485,1.0,,
price_family_ma6_structural_linked,structural_ma6,james_city_county_va__county,median_sale_price,level,structural_ma6,ma6_level,raw_structural_feature,raw_vs_structural_ma6,3299.9444444444475,6547.143939393933,3247.199494949485,2.0,6.0,3247.199494949485,1.0,,
price_family_ma6_structural_linked,raw_source,kern_county_ca__county,median_ppsf,level,raw_source,raw_level,raw_structural_feature,raw_vs_structural_ma6,0.6622143104166633,1.8746234583928623,1.212409147976199,2.0,7.0,1.212409147976199,1.0,,
price_family_ma6_structural_linked,structural_ma6,kern_county_ca__county,median_ppsf,level,structural_ma6,ma6_level,raw_structural_feature,raw_vs_structural_ma6,0.6622143104166633,1.8746234583928623,1.212409147976199,2.0,7.0,1.212409147976199,1.0,,
price_family_ma6_structural_linked,raw_source,kern_county_ca__county,median_sale_price,level,raw_source,raw_level,raw_structural_feature,raw_vs_structural_ma6,1226.0119047618998,3740.4761904761835,2514.4642857142835,3.0,7.0,2514.4642857142835,1.0,,
price_family_ma6_structural_linked,structural_ma6,kern_county_ca__county,median_sale_price,level,structural_ma6,ma6_level,raw_structural_feature,raw_vs_structural_ma6,1226.0119047618998,3740.4761904761835,2514.4642857142835,3.0,7.0,2514.4642857142835,1.0,,
price_family_ma6_structural_linked,raw_source,king_and_queen_county_va__county,median_ppsf,level,raw_source,raw_level,raw_structural_feature,raw_vs_structural_ma6,4.412176677452383,7.662182772071434,3.250006094619051,7.0,12.0,3.250006094619051,1.0,,
price_family_ma6_structural_linked,structural_ma6,king_and_queen_county_va__county,median_ppsf,level,structural_ma6,ma6_level,raw_structural_feature,raw_vs_structural_ma6,4.412176677452383,7.662182772071434,3.250006094619051,7.0,12.0,3.250006094619051,1.0,,
price_family_ma6_structural_linked,raw_source,king_and_queen_county_va__county,median_sale_price,level,raw_source,raw_level,raw_structural_feature,raw_vs_structural_ma6,7537.208333333331,15438.194444444447,7900.986111111116,3.0,6.0,7900.986111111116,1.0,,
price_family_ma6_structural_linked,structural_ma6,king_and_queen_county_va__county,median_sale_price,level,structural_ma6,ma6_level,raw_structural_feature,raw_vs_structural_ma6,7537.208333333331,15438.194444444447,7900.986111111116,3.0,6.0,7900.986111111116,1.0,,
price_family_ma6_structural_linked,raw_source,king_william_county_va__county,median_ppsf,level,raw_source,raw_level,raw_structural_feature,raw_vs_structural_ma6,1.181043271071427,2.4961040994166686,1.3150608283452416,10.0,7.0,1.3150608283452416,1.0,,
price_family_ma6_structural_linked,structural_ma6,king_william_county_va__county,median_ppsf,level,structural_ma6,ma6_level,raw_structural_feature,raw_vs_structural_ma6,1.181043271071427,2.4961040994166686,1.3150608283452416,10.0,7.0,1.3150608283452416,1.0,,
price_family_ma6_structural_linked,raw_source,king_william_county_va__county,median_sale_price,level,raw_source,raw_level,raw_structural_feature,raw_vs_structural_ma6,2085.107142857147,5338.6726190476165,3253.5654761904693,3.0,7.0,3253.5654761904693,1.0,,
price_family_ma6_structural_linked,structural_ma6,king_william_county_va__county,median_sale_price,level,structural_ma6,ma6_level,raw_structural_feature,raw_vs_structural_ma6,2085.107142857147,5338.6726190476165,3253.5654761904693,3.0,7.0,3253.5654761904693,1.0,,
price_family_ma6_structural_linked,raw_source,kings_county_ca__county,median_ppsf,level,raw_source,raw_level,raw_structural_feature,raw_vs_structural_ma6,0.6623139237738138,1.677246113141024,1.01493218936721,2.0,6.0,1.01493218936721,1.0,,
price_family_ma6_structural_linked,structural_ma6,kings_county_ca__county,median_ppsf,level,structural_ma6,ma6_level,raw_structural_feature,raw_vs_structural_ma6,0.6623139237738138,1.677246113141024,1.01493218936721,2.0,6.0,1.01493218936721,1.0,,
price_family_ma6_structural_linked,raw_source,kings_county_ca__county,median_sale_price,level,raw_source,raw_level,raw_structural_feature,raw_vs_structural_ma6,1967.30769230769,4175.595238095236,2208.2875457875457,6.0,8.0,2208.2875457875457,1.0,,
price_family_ma6_structural_linked,structural_ma6,kings_county_ca__county,median_sale_price,level,structural_ma6,ma6_level,raw_structural_feature,raw_vs_structural_ma6,1967.30769230769,4175.595238095236,2208.2875457875457,6.0,8.0,2208.2875457875457,1.0,,
price_family_ma6_structural_linked,raw_source,lake_county_ca__county,median_ppsf,level,raw_source,raw_level,raw_structural_feature,raw_vs_structural_ma6,1.2846857249047647,3.0834142605952417,1.798728535690477,3.0,8.0,1.798728535690477,1.0,,
price_family_ma6_structural_linked,structural_ma6,lake_county_ca__county,median_ppsf,level,structural_ma6,ma6_level,raw_structural_feature,raw_vs_structural_ma6,1.2846857249047647,3.0834142605952417,1.798728535690477,3.0,8.0,1.798728535690477,1.0,,
price_family_ma6_structural_linked,raw_source,lake_county_ca__county,median_sale_price,level,raw_source,raw_level,raw_structural_feature,raw_vs_structural_ma6,2583.9285714285766,5891.025641025636,3307.0970695970595,1.0,6.0,3307.0970695970595,1.0,,
price_family_ma6_structural_linked,structural_ma6,lake_county_ca__county,median_sale_price,level,structural_ma6,ma6_level,raw_structural_feature,raw_vs_structural_ma6,2583.9285714285766,5891.025641025636,3307.0970695970595,1.0,6.0,3307.0970695970595,1.0,,
price_family_ma6_structural_linked,raw_source,lassen_county_ca__county,median_ppsf,level,raw_source,raw_level,raw_structural_feature,raw_vs_structural_ma6,1.4150858807261903,4.06865033202381,2.65356445129762,12.0,4.0,2.65356445129762,1.0,,
price_family_ma6_structural_linked,structural_ma6,lassen_county_ca__county,median_ppsf,level,structural_ma6,ma6_level,raw_structural_feature,raw_vs_structural_ma6,1.4150858807261903,4.06865033202381,2.65356445129762,12.0,4.0,2.65356445129762,1.0,,
price_family_ma6_structural_linked,raw_source,lassen_county_ca__county,median_sale_price,level,raw_source,raw_level,raw_structural_feature,raw_vs_structural_ma6,4097.738095238097,7191.666666666668,3093.9285714285706,12.0,8.0,3093.9285714285706,1.0,,
price_family_ma6_structural_linked,structural_ma6,lassen_county_ca__county,median_sale_price,level,structural_ma6,ma6_level,raw_structural_feature,raw_vs_structural_ma6,4097.738095238097,7191.666666666668,3093.9285714285706,12.0,8.0,3093.9285714285706,1.0,,
price_family_ma6_structural_linked,raw_source,los_angeles_ca_metro_area__cbsa_metro,median_ppsf,level,raw_source,raw_level,raw_structural_feature,raw_vs_structural_ma6,2.4688095238095236,3.2622619047619037,0.7934523809523801,4.0,11.0,0.7934523809523801,1.0,,
price_family_ma6_structural_linked,structural_ma6,los_angeles_ca_metro_area__cbsa_metro,median_ppsf,level,structural_ma6,ma6_level,raw_structural_feature,raw_vs_structural_ma6,2.4688095238095236,3.2622619047619037,0.7934523809523801,4.0,11.0,0.7934523809523801,1.0,,
price_family_ma6_structural_linked,raw_source,los_angeles_ca_metro_area__cbsa_metro,median_sale_price,level,raw_source,raw_level,raw_structural_feature,raw_vs_structural_ma6,2645.833333333339,9684.523809523816,7038.690476190477,2.0,7.0,7038.690476190477,1.0,,
price_family_ma6_structural_linked,structural_ma6,los_angeles_ca_metro_area__cbsa_metro,median_sale_price,level,structural_ma6,ma6_level,raw_structural_feature,raw_vs_structural_ma6,2645.833333333339,9684.523809523816,7038.690476190477,2.0,7.0,7038.690476190477,1.0,,
price_family_ma6_structural_linked,raw_source,los_angeles_county_ca__county,median_ppsf,level,raw_source,raw_level,raw_structural_feature,raw_vs_structural_ma6,2.012803276107117,5.717037740714273,3.7042344646071563,2.0,7.0,3.7042344646071563,1.0,,
price_family_ma6_structural_linked,structural_ma6,los_angeles_county_ca__county,median_ppsf,level,structural_ma6,ma6_level,raw_structural_feature,raw_vs_structural_ma6,2.012803276107117,5.717037740714273,3.7042344646071563,2.0,7.0,3.7042344646071563,1.0,,
price_family_ma6_structural_linked,raw_source,los_angeles_county_ca__county,median_sale_price,level,raw_source,raw_level,raw_structural_feature,raw_vs_structural_ma6,2624.6488095238165,9661.202380952387,7036.553571428571,2.0,7.0,7036.553571428571,1.0,,
price_family_ma6_structural_linked,structural_ma6,los_angeles_county_ca__county,median_sale_price,level,structural_ma6,ma6_level,raw_structural_feature,raw_vs_structural_ma6,2624.6488095238165,9661.202380952387,7036.553571428571,2.0,7.0,7036.553571428571,1.0,,
price_family_ma6_structural_linked,raw_source,loudoun_county_va__county,median_ppsf,level,raw_source,raw_level,raw_structural_feature,raw_vs_structural_ma6,0.886950225511894,1.3969683885000035,0.5100181629881095,9.0,4.0,0.5100181629881095,1.0,,
price_family_ma6_structural_linked,structural_ma6,loudoun_county_va__county,median_ppsf,level,structural_ma6,ma6_level,raw_structural_feature,raw_vs_structural_ma6,0.886950225511894,1.3969683885000035,0.5100181629881095,9.0,4.0,0.5100181629881095,1.0,,
price_family_ma6_structural_linked,raw_source,loudoun_county_va__county,median_sale_price,level,raw_source,raw_level,raw_structural_feature,raw_vs_structural_ma6,2772.2321428571554,7745.250000000014,4973.017857142859,2.0,6.0,4973.017857142859,1.0,,
price_family_ma6_structural_linked,structural_ma6,loudoun_county_va__county,median_sale_price,level,structural_ma6,ma6_level,raw_structural_feature,raw_vs_structural_ma6,2772.2321428571554,7745.250000000014,4973.017857142859,2.0,6.0,4973.017857142859,1.0,,
price_family_ma6_structural_linked,raw_source,lynchburg_va__county,median_ppsf,level,raw_source,raw_level,raw_structural_feature,raw_vs_structural_ma6,1.018052752380952,2.197389704404769,1.179336952023817,2.0,9.0,1.179336952023817,1.0,,
price_family_ma6_structural_linked,structural_ma6,lynchburg_va__county,median_ppsf,level,structural_ma6,ma6_level,raw_structural_feature,raw_vs_structural_ma6,1.018052752380952,2.197389704404769,1.179336952023817,2.0,9.0,1.179336952023817,1.0,,
price_family_ma6_structural_linked,raw_source,lynchburg_va__county,median_sale_price,level,raw_source,raw_level,raw_structural_feature,raw_vs_structural_ma6,2255.142857142854,4870.952380952389,2615.8095238095348,11.0,9.0,2615.8095238095348,1.0,,
price_family_ma6_structural_linked,structural_ma6,lynchburg_va__county,median_sale_price,level,structural_ma6,ma6_level,raw_structural_feature,raw_vs_structural_ma6,2255.142857142854,4870.952380952389,2615.8095238095348,11.0,9.0,2615.8095238095348,1.0,,
price_family_ma6_structural_linked,raw_source,lynchburg_va_metro_area__cbsa_metro,median_ppsf,level,raw_source,raw_level,raw_structural_feature,raw_vs_structural_ma6,0.7964382397380975,1.6291921974642898,0.8327539577261923,3.0,7.0,0.8327539577261923,1.0,,
price_family_ma6_structural_linked,structural_ma6,lynchburg_va_metro_area__cbsa_metro,median_ppsf,level,structural_ma6,ma6_level,raw_structural_feature,raw_vs_structural_ma6,0.7964382397380975,1.6291921974642898,0.8327539577261923,3.0,7.0,0.8327539577261923,1.0,,
price_family_ma6_structural_linked,raw_source,lynchburg_va_metro_area__cbsa_metro,median_sale_price,level,raw_source,raw_level,raw_structural_feature,raw_vs_structural_ma6,1303.5714285714307,3706.494047619047,2402.922619047616,3.0,8.0,2402.922619047616,1.0,,
price_family_ma6_structural_linked,structural_ma6,lynchburg_va_metro_area__cbsa_metro,median_sale_price,level,structural_ma6,ma6_level,raw_structural_feature,raw_vs_structural_ma6,1303.5714285714307,3706.494047619047,2402.922619047616,3.0,8.0,2402.922619047616,1.0,,
price_family_ma6_structural_linked,raw_source,madera_ca_metro_area__cbsa_metro,median_ppsf,level,raw_source,raw_level,raw_structural_feature,raw_vs_structural_ma6,0.8827827498928522,2.3176862366785715,1.4349034867857193,2.0,7.0,1.4349034867857193,1.0,,
price_family_ma6_structural_linked,structural_ma6,madera_ca_metro_area__cbsa_metro,median_ppsf,level,structural_ma6,ma6_level,raw_structural_feature,raw_vs_structural_ma6,0.8827827498928522,2.3176862366785715,1.4349034867857193,2.0,7.0,1.4349034867857193,1.0,,
price_family_ma6_structural_linked,raw_source,madera_ca_metro_area__cbsa_metro,median_sale_price,level,raw_source,raw_level,raw_structural_feature,raw_vs_structural_ma6,2071.7023809523816,4532.6904761904725,2460.988095238091,10.0,7.0,2460.988095238091,1.0,,
price_family_ma6_structural_linked,structural_ma6,madera_ca_metro_area__cbsa_metro,median_sale_price,level,structural_ma6,ma6_level,raw_structural_feature,raw_vs_structural_ma6,2071.7023809523816,4532.6904761904725,2460.988095238091,10.0,7.0,2460.988095238091,1.0,,
price_family_ma6_structural_linked,raw_source,madera_county_ca__county,median_ppsf,level,raw_source,raw_level,raw_structural_feature,raw_vs_structural_ma6,0.9780217788690483,2.2986600404523836,1.3206382615833352,2.0,7.0,1.3206382615833352,1.0,,
price_family_ma6_structural_linked,structural_ma6,madera_county_ca__county,median_ppsf,level,structural_ma6,ma6_level,raw_structural_feature,raw_vs_structural_ma6,0.9780217788690483,2.2986600404523836,1.3206382615833352,2.0,7.0,1.3206382615833352,1.0,,
price_family_ma6_structural_linked,raw_source,madera_county_ca__county,median_sale_price,level,raw_source,raw_level,raw_structural_feature,raw_vs_structural_ma6,1938.226190476192,5108.880952380954,3170.6547619047624,11.0,7.0,3170.6547619047624,1.0,,
price_family_ma6_structural_linked,structural_ma6,madera_county_ca__county,median_sale_price,level,structural_ma6,ma6_level,raw_structural_feature,raw_vs_structural_ma6,1938.226190476192,5108.880952380954,3170.6547619047624,11.0,7.0,3170.6547619047624,1.0,,
price_family_ma6_structural_linked,raw_source,madison_county_va__county,median_ppsf,level,raw_source,raw_level,raw_structural_feature,raw_vs_structural_ma6,2.970481217654765,6.717284920794876,3.7468037031401114,8.0,6.0,3.7468037031401114,1.0,,
price_family_ma6_structural_linked,structural_ma6,madison_county_va__county,median_ppsf,level,structural_ma6,ma6_level,raw_structural_feature,raw_vs_structural_ma6,2.970481217654765,6.717284920794876,3.7468037031401114,8.0,6.0,3.7468037031401114,1.0,,
price_family_ma6_structural_linked,raw_source,madison_county_va__county,median_sale_price,level,raw_source,raw_level,raw_structural_feature,raw_vs_structural_ma6,7715.384615384615,12050.952380952382,4335.567765567766,6.0,7.0,4335.567765567766,1.0,,
price_family_ma6_structural_linked,structural_ma6,madison_county_va__county,median_sale_price,level,structural_ma6,ma6_level,raw_structural_feature,raw_vs_structural_ma6,7715.384615384615,12050.952380952382,4335.567765567766,6.0,7.0,4335.567765567766,1.0,,
price_family_ma6_structural_linked,raw_source,manassas_park_va__county,median_ppsf,level,raw_source,raw_level,raw_structural_feature,raw_vs_structural_ma6,2.251207396357139,4.957046576428572,2.7058391800714325,2.0,9.0,2.7058391800714325,1.0,,
price_family_ma6_structural_linked,structural_ma6,manassas_park_va__county,median_ppsf,level,structural_ma6,ma6_level,raw_structural_feature,raw_vs_structural_ma6,2.251207396357139,4.957046576428572,2.7058391800714325,2.0,9.0,2.7058391800714325,1.0,,
price_family_ma6_structural_linked,raw_source,manassas_park_va__county,median_sale_price,level,raw_source,raw_level,raw_structural_feature,raw_vs_structural_ma6,4745.892857142853,9366.987179487185,4621.094322344332,9.0,6.0,4621.094322344332,1.0,,
price_family_ma6_structural_linked,structural_ma6,manassas_park_va__county,median_sale_price,level,structural_ma6,ma6_level,raw_structural_feature,raw_vs_structural_ma6,4745.892857142853,9366.987179487185,4621.094322344332,9.0,6.0,4621.094322344332,1.0,,
price_family_ma6_structural_linked,raw_source,manassas_va__county,median_ppsf,level,raw_source,raw_level,raw_structural_feature,raw_vs_structural_ma6,1.0496499475595311,2.52384520409523,1.474195256535699,12.0,4.0,1.474195256535699,1.0,,
price_family_ma6_structural_linked,structural_ma6,manassas_va__county,median_ppsf,level,structural_ma6,ma6_level,raw_structural_feature,raw_vs_structural_ma6,1.0496499475595311,2.52384520409523,1.474195256535699,12.0,4.0,1.474195256535699,1.0,,
price_family_ma6_structural_linked,raw_source,manassas_va__county,median_sale_price,level,raw_source,raw_level,raw_structural_feature,raw_vs_structural_ma6,4474.619047619043,9311.833333333327,4837.2142857142835,11.0,6.0,4837.2142857142835,1.0,,
price_family_ma6_structural_linked,structural_ma6,manassas_va__county,median_sale_price,level,structural_ma6,ma6_level,raw_structural_feature,raw_vs_structural_ma6,4474.619047619043,9311.833333333327,4837.2142857142835,11.0,6.0,4837.2142857142835,1.0,,
price_family_ma6_structural_linked,raw_source,marin_county_ca__county,median_ppsf,level,raw_source,raw_level,raw_structural_feature,raw_vs_structural_ma6,4.4617425453809245,15.251729586564137,10.789987041183213,9.0,6.0,10.789987041183213,1.0,,
price_family_ma6_structural_linked,structural_ma6,marin_county_ca__county,median_ppsf,level,structural_ma6,ma6_level,raw_structural_feature,raw_vs_structural_ma6,4.4617425453809245,15.251729586564137,10.789987041183213,9.0,6.0,10.789987041183213,1.0,,
price_family_ma6_structural_linked,raw_source,marin_county_ca__county,median_sale_price,level,raw_source,raw_level,raw_structural_feature,raw_vs_structural_ma6,8443.452380952383,29685.897435897452,21242.44505494507,2.0,6.0,21242.44505494507,1.0,,
price_family_ma6_structural_linked,structural_ma6,marin_county_ca__county,median_sale_price,level,structural_ma6,ma6_level,raw_structural_feature,raw_vs_structural_ma6,8443.452380952383,29685.897435897452,21242.44505494507,2.0,6.0,21242.44505494507,1.0,,
price_family_ma6_structural_linked,raw_source,martinsville_va__county,median_ppsf,level,raw_source,raw_level,raw_structural_feature,raw_vs_structural_ma6,1.648489497833335,2.7240371773928564,1.0755476795595214,1.0,4.0,1.0755476795595214,1.0,,
price_family_ma6_structural_linked,structural_ma6,martinsville_va__county,median_ppsf,level,structural_ma6,ma6_level,raw_structural_feature,raw_vs_structural_ma6,1.648489497833335,2.7240371773928564,1.0755476795595214,1.0,4.0,1.0755476795595214,1.0,,
price_family_ma6_structural_linked,raw_source,martinsville_va__county,median_sale_price,level,raw_source,raw_level,raw_structural_feature,raw_vs_structural_ma6,4265.327380952379,8410.125000000004,4144.797619047625,12.0,8.0,4144.797619047625,1.0,,
price_family_ma6_structural_linked,structural_ma6,martinsville_va__county,median_sale_price,level,structural_ma6,ma6_level,raw_structural_feature,raw_vs_structural_ma6,4265.327380952379,8410.125000000004,4144.797619047625,12.0,8.0,4144.797619047625,1.0,,
price_family_ma6_structural_linked,raw_source,martinsville_va_metro_area__cbsa_metro,median_ppsf,level,raw_source,raw_level,raw_structural_feature,raw_vs_structural_ma6,0.914685304794873,2.0740116519285734,1.1593263471337005,4.0,8.0,1.1593263471337005,1.0,,
price_family_ma6_structural_linked,structural_ma6,martinsville_va_metro_area__cbsa_metro,median_ppsf,level,structural_ma6,ma6_level,raw_structural_feature,raw_vs_structural_ma6,0.914685304794873,2.0740116519285734,1.1593263471337005,4.0,8.0,1.1593263471337005,1.0,,
price_family_ma6_structural_linked,raw_source,martinsville_va_metro_area__cbsa_metro,median_sale_price,level,raw_source,raw_level,raw_structural_feature,raw_vs_structural_ma6,1919.791666666669,4282.077380952377,2362.2857142857083,10.0,8.0,2362.2857142857083,1.0,,
price_family_ma6_structural_linked,structural_ma6,martinsville_va_metro_area__cbsa_metro,median_sale_price,level,structural_ma6,ma6_level,raw_structural_feature,raw_vs_structural_ma6,1919.791666666669,4282.077380952377,2362.2857142857083,10.0,8.0,2362.2857142857083,1.0,,
price_family_ma6_structural_linked,raw_source,maryland__state,median_ppsf,level,raw_source,raw_level,raw_structural_feature,raw_vs_structural_ma6,0.5766666666666669,0.765595238095228,0.18892857142856112,6.0,3.0,0.18892857142856112,1.0,,
price_family_ma6_structural_linked,structural_ma6,maryland__state,median_ppsf,level,structural_ma6,ma6_level,raw_structural_feature,raw_vs_structural_ma6,0.5766666666666669,0.765595238095228,0.18892857142856112,6.0,3.0,0.18892857142856112,1.0,,
price_family_ma6_structural_linked,raw_source,maryland__state,median_sale_price,level,raw_source,raw_level,raw_structural_feature,raw_vs_structural_ma6,712.8571428571304,7178.273809523806,6465.416666666676,3.0,7.0,6465.416666666676,1.0,,
price_family_ma6_structural_linked,structural_ma6,maryland__state,median_sale_price,level,structural_ma6,ma6_level,raw_structural_feature,raw_vs_structural_ma6,712.8571428571304,7178.273809523806,6465.416666666676,3.0,7.0,6465.416666666676,1.0,,
price_family_ma6_structural_linked,raw_source,mathews_county_va__county,median_ppsf,level,raw_source,raw_level,raw_structural_feature,raw_vs_structural_ma6,2.4950712678750016,8.433601640151512,5.93853037227651,10.0,6.0,5.93853037227651,1.0,,
price_family_ma6_structural_linked,structural_ma6,mathews_county_va__county,median_ppsf,level,structural_ma6,ma6_level,raw_structural_feature,raw_vs_structural_ma6,2.4950712678750016,8.433601640151512,5.93853037227651,10.0,6.0,5.93853037227651,1.0,,
price_family_ma6_structural_linked,raw_source,mathews_county_va__county,median_sale_price,level,raw_source,raw_level,raw_structural_feature,raw_vs_structural_ma6,8413.374999999995,16876.515151515145,8463.14015151515,10.0,6.0,8463.14015151515,1.0,,
price_family_ma6_structural_linked,structural_ma6,mathews_county_va__county,median_sale_price,level,structural_ma6,ma6_level,raw_structural_feature,raw_vs_structural_ma6,8413.374999999995,16876.515151515145,8463.14015151515,10.0,6.0,8463.14015151515,1.0,,
price_family_ma6_structural_linked,raw_source,mendocino_county_ca__county,median_ppsf,level,raw_source,raw_level,raw_structural_feature,raw_vs_structural_ma6,2.4184738419404703,4.5215554496904735,2.103081607750003,11.0,9.0,2.103081607750003,1.0,,
price_family_ma6_structural_linked,structural_ma6,mendocino_county_ca__county,median_ppsf,level,structural_ma6,ma6_level,raw_structural_feature,raw_vs_structural_ma6,2.4184738419404703,4.5215554496904735,2.103081607750003,11.0,9.0,2.103081607750003,1.0,,
price_family_ma6_structural_linked,raw_source,mendocino_county_ca__county,median_sale_price,level,raw_source,raw_level,raw_structural_feature,raw_vs_structural_ma6,4988.678571428567,10804.077380952378,5815.398809523811,5.0,7.0,5815.398809523811,1.0,,
price_family_ma6_structural_linked,structural_ma6,mendocino_county_ca__county,median_sale_price,level,structural_ma6,ma6_level,raw_structural_feature,raw_vs_structural_ma6,4988.678571428567,10804.077380952378,5815.398809523811,5.0,7.0,5815.398809523811,1.0,,
price_family_ma6_structural_linked,raw_source,merced_ca_metro_area__cbsa_metro,median_ppsf,level,raw_source,raw_level,raw_structural_feature,raw_vs_structural_ma6,0.9940721306190424,2.612982088619044,1.6189099580000015,3.0,7.0,1.6189099580000015,1.0,,
price_family_ma6_structural_linked,structural_ma6,merced_ca_metro_area__cbsa_metro,median_ppsf,level,structural_ma6,ma6_level,raw_structural_feature,raw_vs_structural_ma6,0.9940721306190424,2.612982088619044,1.6189099580000015,3.0,7.0,1.6189099580000015,1.0,,
price_family_ma6_structural_linked,raw_source,merced_ca_metro_area__cbsa_metro,median_sale_price,level,raw_source,raw_level,raw_structural_feature,raw_vs_structural_ma6,1225.6666666666663,4243.464285714287,3017.797619047621,1.0,7.0,3017.797619047621,1.0,,
price_family_ma6_structural_linked,structural_ma6,merced_ca_metro_area__cbsa_metro,median_sale_price,level,structural_ma6,ma6_level,raw_structural_feature,raw_vs_structural_ma6,1225.6666666666663,4243.464285714287,3017.797619047621,1.0,7.0,3017.797619047621,1.0,,
price_family_ma6_structural_linked,raw_source,merced_county_ca__county,median_ppsf,level,raw_source,raw_level,raw_structural_feature,raw_vs_structural_ma6,0.964017080190476,2.586906994047619,1.6228899138571427,3.0,7.0,1.6228899138571427,1.0,,
price_family_ma6_structural_linked,structural_ma6,merced_county_ca__county,median_ppsf,level,structural_ma6,ma6_level,raw_structural_feature,raw_vs_structural_ma6,0.964017080190476,2.586906994047619,1.6228899138571427,3.0,7.0,1.6228899138571427,1.0,,
price_family_ma6_structural_linked,raw_source,merced_county_ca__county,median_sale_price,level,raw_source,raw_level,raw_structural_feature,raw_vs_structural_ma6,1200.6607142857113,4194.648809523815,2993.9880952381036,1.0,7.0,2993.9880952381036,1.0,,
price_family_ma6_structural_linked,structural_ma6,merced_county_ca__county,median_sale_price,level,structural_ma6,ma6_level,raw_structural_feature,raw_vs_structural_ma6,1200.6607142857113,4194.648809523815,2993.9880952381036,1.0,7.0,2993.9880952381036,1.0,,
price_family_ma6_structural_linked,raw_source,mercer_county_nj__county,median_ppsf,level,raw_source,raw_level,raw_structural_feature,raw_vs_structural_ma6,1.3368201801309527,5.145409586928563,3.8085894067976107,4.0,8.0,3.8085894067976107,1.0,,
price_family_ma6_structural_linked,structural_ma6,mercer_county_nj__county,median_ppsf,level,structural_ma6,ma6_level,raw_structural_feature,raw_vs_structural_ma6,1.3368201801309527,5.145409586928563,3.8085894067976107,4.0,8.0,3.8085894067976107,1.0,,
price_family_ma6_structural_linked,raw_source,mercer_county_nj__county,median_sale_price,level,raw_source,raw_level,raw_structural_feature,raw_vs_structural_ma6,2489.28571428571,12948.107142857143,10458.821428571433,11.0,8.0,10458.821428571433,1.0,,
price_family_ma6_structural_linked,structural_ma6,mercer_county_nj__county,median_sale_price,level,structural_ma6,ma6_level,raw_structural_feature,raw_vs_structural_ma6,2489.28571428571,12948.107142857143,10458.821428571433,11.0,8.0,10458.821428571433,1.0,,
price_family_ma6_structural_linked,raw_source,middlesex_county_nj__county,median_ppsf,level,raw_source,raw_level,raw_structural_feature,raw_vs_structural_ma6,0.9211385134047683,3.3956547243571396,2.4745162109523715,1.0,8.0,2.4745162109523715,1.0,,
price_family_ma6_structural_linked,structural_ma6,middlesex_county_nj__county,median_ppsf,level,structural_ma6,ma6_level,raw_structural_feature,raw_vs_structural_ma6,0.9211385134047683,3.3956547243571396,2.4745162109523715,1.0,8.0,2.4745162109523715,1.0,,
price_family_ma6_structural_linked,raw_source,middlesex_county_nj__county,median_sale_price,level,raw_source,raw_level,raw_structural_feature,raw_vs_structural_ma6,1384.523809523808,8065.845238095249,6681.321428571441,11.0,8.0,6681.321428571441,1.0,,
price_family_ma6_structural_linked,structural_ma6,middlesex_county_nj__county,median_sale_price,level,structural_ma6,ma6_level,raw_structural_feature,raw_vs_structural_ma6,1384.523809523808,8065.845238095249,6681.321428571441,11.0,8.0,6681.321428571441,1.0,,
price_family_ma6_structural_linked,raw_source,modesto_ca_metro_area__cbsa_metro,median_ppsf,level,raw_source,raw_level,raw_structural_feature,raw_vs_structural_ma6,0.8252620157051376,2.4062599420384734,1.5809979263333358,2.0,8.0,1.5809979263333358,1.0,,
price_family_ma6_structural_linked,structural_ma6,modesto_ca_metro_area__cbsa_metro,median_ppsf,level,structural_ma6,ma6_level,raw_structural_feature,raw_vs_structural_ma6,0.8252620157051376,2.4062599420384734,1.5809979263333358,2.0,8.0,1.5809979263333358,1.0,,
price_family_ma6_structural_linked,raw_source,modesto_ca_metro_area__cbsa_metro,median_sale_price,level,raw_source,raw_level,raw_structural_feature,raw_vs_structural_ma6,1966.7243589743582,4708.333333333333,2741.6089743589746,3.0,7.0,2741.6089743589746,1.0,,
price_family_ma6_structural_linked,structural_ma6,modesto_ca_metro_area__cbsa_metro,median_sale_price,level,structural_ma6,ma6_level,raw_structural_feature,raw_vs_structural_ma6,1966.7243589743582,4708.333333333333,2741.6089743589746,3.0,7.0,2741.6089743589746,1.0,,
price_family_ma6_structural_linked,raw_source,monmouth_county_nj__county,median_ppsf,level,raw_source,raw_level,raw_structural_feature,raw_vs_structural_ma6,1.1912620287499973,3.2975038258571527,2.106241797107155,11.0,8.0,2.106241797107155,1.0,,
price_family_ma6_structural_linked,structural_ma6,monmouth_county_nj__county,median_ppsf,level,structural_ma6,ma6_level,raw_structural_feature,raw_vs_structural_ma6,1.1912620287499973,3.2975038258571527,2.106241797107155,11.0,8.0,2.106241797107155,1.0,,
price_family_ma6_structural_linked,raw_source,monmouth_county_nj__county,median_sale_price,level,raw_source,raw_level,raw_structural_feature,raw_vs_structural_ma6,2542.5595238095225,12376.66666666667,9834.107142857147,3.0,8.0,9834.107142857147,1.0,,
price_family_ma6_structural_linked,structural_ma6,monmouth_county_nj__county,median_sale_price,level,structural_ma6,ma6_level,raw_structural_feature,raw_vs_structural_ma6,2542.5595238095225,12376.66666666667,9834.107142857147,3.0,8.0,9834.107142857147,1.0,,
price_family_ma6_structural_linked,raw_source,monterey_county_ca__county,median_ppsf,level,raw_source,raw_level,raw_structural_feature,raw_vs_structural_ma6,3.170668156380949,5.709451119115408,2.5387829627344587,2.0,6.0,2.5387829627344587,1.0,,
price_family_ma6_structural_linked,structural_ma6,monterey_county_ca__county,median_ppsf,level,structural_ma6,ma6_level,raw_structural_feature,raw_vs_structural_ma6,3.170668156380949,5.709451119115408,2.5387829627344587,2.0,6.0,2.5387829627344587,1.0,,
price_family_ma6_structural_linked,raw_source,monterey_county_ca__county,median_sale_price,level,raw_source,raw_level,raw_structural_feature,raw_vs_structural_ma6,4807.142857142874,9983.684523809517,5176.541666666643,2.0,7.0,5176.541666666643,1.0,,
price_family_ma6_structural_linked,structural_ma6,monterey_county_ca__county,median_sale_price,level,structural_ma6,ma6_level,raw_structural_feature,raw_vs_structural_ma6,4807.142857142874,9983.684523809517,5176.541666666643,2.0,7.0,5176.541666666643,1.0,,
price_family_ma6_structural_linked,raw_source,montgomery_county_md__county,median_ppsf,level,raw_source,raw_level,raw_structural_feature,raw_vs_structural_ma6,0.7952782561904813,2.8212075803461447,2.0259293241556633,9.0,6.0,2.0259293241556633,1.0,,
price_family_ma6_structural_linked,structural_ma6,montgomery_county_md__county,median_ppsf,level,structural_ma6,ma6_level,raw_structural_feature,raw_vs_structural_ma6,0.7952782561904813,2.8212075803461447,2.0259293241556633,9.0,6.0,2.0259293241556633,1.0,,
price_family_ma6_structural_linked,raw_source,montgomery_county_md__county,median_sale_price,level,raw_source,raw_level,raw_structural_feature,raw_vs_structural_ma6,1994.857142857122,10181.90476190476,8187.047619047637,9.0,7.0,8187.047619047637,1.0,,
price_family_ma6_structural_linked,structural_ma6,montgomery_county_md__county,median_sale_price,level,structural_ma6,ma6_level,raw_structural_feature,raw_vs_structural_ma6,1994.857142857122,10181.90476190476,8187.047619047637,9.0,7.0,8187.047619047637,1.0,,
price_family_ma6_structural_linked,raw_source,montgomery_county_va__county,median_ppsf,level,raw_source,raw_level,raw_structural_feature,raw_vs_structural_ma6,1.5174756835952437,2.9823224374166597,1.464846753821416,1.0,4.0,1.464846753821416,1.0,,
price_family_ma6_structural_linked,structural_ma6,montgomery_county_va__county,median_ppsf,level,structural_ma6,ma6_level,raw_structural_feature,raw_vs_structural_ma6,1.5174756835952437,2.9823224374166597,1.464846753821416,1.0,4.0,1.464846753821416,1.0,,
price_family_ma6_structural_linked,raw_source,montgomery_county_va__county,median_sale_price,level,raw_source,raw_level,raw_structural_feature,raw_vs_structural_ma6,5274.404761904759,9757.857142857143,4483.452380952384,9.0,7.0,4483.452380952384,1.0,,
price_family_ma6_structural_linked,structural_ma6,montgomery_county_va__county,median_sale_price,level,structural_ma6,ma6_level,raw_structural_feature,raw_vs_structural_ma6,5274.404761904759,9757.857142857143,4483.452380952384,9.0,7.0,4483.452380952384,1.0,,
price_family_ma6_structural_linked,raw_source,morris_county_nj__county,median_ppsf,level,raw_source,raw_level,raw_structural_feature,raw_vs_structural_ma6,1.2023639617499924,3.747463552783347,2.5450995910333543,10.0,7.0,2.5450995910333543,1.0,,
price_family_ma6_structural_linked,structural_ma6,morris_county_nj__county,median_ppsf,level,structural_ma6,ma6_level,raw_structural_feature,raw_vs_structural_ma6,1.2023639617499924,3.747463552783347,2.5450995910333543,10.0,7.0,2.5450995910333543,1.0,,
price_family_ma6_structural_linked,raw_source,morris_county_nj__county,median_sale_price,level,raw_source,raw_level,raw_structural_feature,raw_vs_structural_ma6,3455.16666666667,12383.883333333331,8928.716666666662,4.0,6.0,8928.716666666662,1.0,,
price_family_ma6_structural_linked,structural_ma6,morris_county_nj__county,median_sale_price,level,structural_ma6,ma6_level,raw_structural_feature,raw_vs_structural_ma6,3455.16666666667,12383.883333333331,8928.716666666662,4.0,6.0,8928.716666666662,1.0,,
price_family_ma6_structural_linked,raw_source,napa_ca_metro_area__cbsa_metro,median_ppsf,level,raw_source,raw_level,raw_structural_feature,raw_vs_structural_ma6,3.787519785892885,6.593649086511896,2.8061293006190113,3.0,7.0,2.8061293006190113,1.0,,
price_family_ma6_structural_linked,structural_ma6,napa_ca_metro_area__cbsa_metro,median_ppsf,level,structural_ma6,ma6_level,raw_structural_feature,raw_vs_structural_ma6,3.787519785892885,6.593649086511896,2.8061293006190113,3.0,7.0,2.8061293006190113,1.0,,
price_family_ma6_structural_linked,raw_source,napa_ca_metro_area__cbsa_metro,median_sale_price,level,raw_source,raw_level,raw_structural_feature,raw_vs_structural_ma6,6812.499999999987,12624.690476190503,5812.190476190515,9.0,7.0,5812.190476190515,1.0,,
price_family_ma6_structural_linked,structural_ma6,napa_ca_metro_area__cbsa_metro,median_sale_price,level,structural_ma6,ma6_level,raw_structural_feature,raw_vs_structural_ma6,6812.499999999987,12624.690476190503,5812.190476190515,9.0,7.0,5812.190476190515,1.0,,
price_family_ma6_structural_linked,raw_source,napa_county_ca__county,median_ppsf,level,raw_source,raw_level,raw_structural_feature,raw_vs_structural_ma6,3.754203311488108,6.511968534047607,2.7577652225594984,12.0,7.0,2.7577652225594984,1.0,,
price_family_ma6_structural_linked,structural_ma6,napa_county_ca__county,median_ppsf,level,structural_ma6,ma6_level,raw_structural_feature,raw_vs_structural_ma6,3.754203311488108,6.511968534047607,2.7577652225594984,12.0,7.0,2.7577652225594984,1.0,,
price_family_ma6_structural_linked,raw_source,napa_county_ca__county,median_sale_price,level,raw_source,raw_level,raw_structural_feature,raw_vs_structural_ma6,6529.761904761894,12717.85714285714,6188.095238095246,9.0,2.0,6188.095238095246,1.0,,
price_family_ma6_structural_linked,structural_ma6,napa_county_ca__county,median_sale_price,level,structural_ma6,ma6_level,raw_structural_feature,raw_vs_structural_ma6,6529.761904761894,12717.85714285714,6188.095238095246,9.0,2.0,6188.095238095246,1.0,,
price_family_ma6_structural_linked,raw_source,nelson_county_va__county,median_ppsf,level,raw_source,raw_level,raw_structural_feature,raw_vs_structural_ma6,2.1763224559523837,4.032999186923075,1.8566767309706909,8.0,6.0,1.8566767309706909,1.0,,
price_family_ma6_structural_linked,structural_ma6,nelson_county_va__county,median_ppsf,level,structural_ma6,ma6_level,raw_structural_feature,raw_vs_structural_ma6,2.1763224559523837,4.032999186923075,1.8566767309706909,8.0,6.0,1.8566767309706909,1.0,,
price_family_ma6_structural_linked,raw_source,nelson_county_va__county,median_sale_price,level,raw_source,raw_level,raw_structural_feature,raw_vs_structural_ma6,6670.83333333333,12151.380952380945,5480.547619047615,12.0,9.0,5480.547619047615,1.0,,
price_family_ma6_structural_linked,structural_ma6,nelson_county_va__county,median_sale_price,level,structural_ma6,ma6_level,raw_structural_feature,raw_vs_structural_ma6,6670.83333333333,12151.380952380945,5480.547619047615,12.0,9.0,5480.547619047615,1.0,,
price_family_ma6_structural_linked,raw_source,nevada_county_ca__county,median_ppsf,level,raw_source,raw_level,raw_structural_feature,raw_vs_structural_ma6,1.221138941809532,3.9757089735641014,2.7545700317545694,4.0,6.0,2.7545700317545694,1.0,,
price_family_ma6_structural_linked,structural_ma6,nevada_county_ca__county,median_ppsf,level,structural_ma6,ma6_level,raw_structural_feature,raw_vs_structural_ma6,1.221138941809532,3.9757089735641014,2.7545700317545694,4.0,6.0,2.7545700317545694,1.0,,
price_family_ma6_structural_linked,raw_source,nevada_county_ca__county,median_sale_price,level,raw_source,raw_level,raw_structural_feature,raw_vs_structural_ma6,3663.9404761904816,10419.64285714286,6755.702380952379,4.0,7.0,6755.702380952379,1.0,,
price_family_ma6_structural_linked,structural_ma6,nevada_county_ca__county,median_sale_price,level,structural_ma6,ma6_level,raw_structural_feature,raw_vs_structural_ma6,3663.9404761904816,10419.64285714286,6755.702380952379,4.0,7.0,6755.702380952379,1.0,,
price_family_ma6_structural_linked,raw_source,new_brunswick_nj_metro_area__cbsa_metro,median_ppsf,level,raw_source,raw_level,raw_structural_feature,raw_vs_structural_ma6,1.1385714285714283,1.263690476190482,0.12511904761905357,5.0,3.0,0.12511904761905357,1.0,,
price_family_ma6_structural_linked,structural_ma6,new_brunswick_nj_metro_area__cbsa_metro,median_ppsf,level,structural_ma6,ma6_level,raw_structural_feature,raw_vs_structural_ma6,1.1385714285714283,1.263690476190482,0.12511904761905357,5.0,3.0,0.12511904761905357,1.0,,
price_family_ma6_structural_linked,raw_source,new_brunswick_nj_metro_area__cbsa_metro,median_sale_price,level,raw_source,raw_level,raw_structural_feature,raw_vs_structural_ma6,1704.7619047619103,9172.023809523806,7467.2619047618955,4.0,8.0,7467.2619047618955,1.0,,
price_family_ma6_structural_linked,structural_ma6,new_brunswick_nj_metro_area__cbsa_metro,median_sale_price,level,structural_ma6,ma6_level,raw_structural_feature,raw_vs_structural_ma6,1704.7619047619103,9172.023809523806,7467.2619047618955,4.0,8.0,7467.2619047618955,1.0,,
price_family_ma6_structural_linked,raw_source,new_jersey__state,median_ppsf,level,raw_source,raw_level,raw_structural_feature,raw_vs_structural_ma6,0.9471428571428504,1.4321428571428518,0.48500000000000143,7.0,12.0,0.48500000000000143,1.0,,
price_family_ma6_structural_linked,structural_ma6,new_jersey__state,median_ppsf,level,structural_ma6,ma6_level,raw_structural_feature,raw_vs_structural_ma6,0.9471428571428504,1.4321428571428518,0.48500000000000143,7.0,12.0,0.48500000000000143,1.0,,
price_family_ma6_structural_linked,raw_source,new_jersey__state,median_sale_price,level,raw_source,raw_level,raw_structural_feature,raw_vs_structural_ma6,1419.273809523808,10033.333333333328,8614.059523809521,4.0,8.0,8614.059523809521,1.0,,
price_family_ma6_structural_linked,structural_ma6,new_jersey__state,median_sale_price,level,structural_ma6,ma6_level,raw_structural_feature,raw_vs_structural_ma6,1419.273809523808,10033.333333333328,8614.059523809521,4.0,8.0,8614.059523809521,1.0,,
price_family_ma6_structural_linked,raw_source,new_kent_county_va__county,median_ppsf,level,raw_source,raw_level,raw_structural_feature,raw_vs_structural_ma6,0.9523726320952436,2.4411240966904706,1.488751464595227,5.0,8.0,1.488751464595227,1.0,,
price_family_ma6_structural_linked,structural_ma6,new_kent_county_va__county,median_ppsf,level,structural_ma6,ma6_level,raw_structural_feature,raw_vs_structural_ma6,0.9523726320952436,2.4411240966904706,1.488751464595227,5.0,8.0,1.488751464595227,1.0,,
price_family_ma6_structural_linked,raw_source,new_kent_county_va__county,median_sale_price,level,raw_source,raw_level,raw_structural_feature,raw_vs_structural_ma6,2559.8928571428632,6054.910714285712,3495.0178571428487,12.0,4.0,3495.0178571428487,1.0,,
price_family_ma6_structural_linked,structural_ma6,new_kent_county_va__county,median_sale_price,level,structural_ma6,ma6_level,raw_structural_feature,raw_vs_structural_ma6,2559.8928571428632,6054.910714285712,3495.0178571428487,12.0,4.0,3495.0178571428487,1.0,,
price_family_ma6_structural_linked,raw_source,newark_nj_metro_area__cbsa_metro,median_ppsf,level,raw_source,raw_level,raw_structural_feature,raw_vs_structural_ma6,1.0389285714285603,1.6736904761904745,0.6347619047619142,8.0,2.0,0.6347619047619142,1.0,,
price_family_ma6_structural_linked,structural_ma6,newark_nj_metro_area__cbsa_metro,median_ppsf,level,structural_ma6,ma6_level,raw_structural_feature,raw_vs_structural_ma6,1.0389285714285603,1.6736904761904745,0.6347619047619142,8.0,2.0,0.6347619047619142,1.0,,
price_family_ma6_structural_linked,raw_source,newark_nj_metro_area__cbsa_metro,median_sale_price,level,raw_source,raw_level,raw_structural_feature,raw_vs_structural_ma6,2033.333333333343,13672.214285714277,11638.880952380934,10.0,8.0,11638.880952380934,1.0,,
price_family_ma6_structural_linked,structural_ma6,newark_nj_metro_area__cbsa_metro,median_sale_price,level,structural_ma6,ma6_level,raw_structural_feature,raw_vs_structural_ma6,2033.333333333343,13672.214285714277,11638.880952380934,10.0,8.0,11638.880952380934,1.0,,
price_family_ma6_structural_linked,raw_source,newport_news_va__county,median_ppsf,level,raw_source,raw_level,raw_structural_feature,raw_vs_structural_ma6,0.6676973646805541,2.309909615045453,1.6422122503648988,10.0,7.0,1.6422122503648988,1.0,,
price_family_ma6_structural_linked,structural_ma6,newport_news_va__county,median_ppsf,level,structural_ma6,ma6_level,raw_structural_feature,raw_vs_structural_ma6,0.6676973646805541,2.309909615045453,1.6422122503648988,10.0,7.0,1.6422122503648988,1.0,,
price_family_ma6_structural_linked,raw_source,newport_news_va__county,median_sale_price,level,raw_source,raw_level,raw_structural_feature,raw_vs_structural_ma6,1157.208333333331,5266.666666666662,4109.458333333331,11.0,7.0,4109.458333333331,1.0,,
price_family_ma6_structural_linked,structural_ma6,newport_news_va__county,median_sale_price,level,structural_ma6,ma6_level,raw_structural_feature,raw_vs_structural_ma6,1157.208333333331,5266.666666666662,4109.458333333331,11.0,7.0,4109.458333333331,1.0,,
price_family_ma6_structural_linked,raw_source,norfolk_va__county,median_ppsf,level,raw_source,raw_level,raw_structural_feature,raw_vs_structural_ma6,0.6669849053333365,2.2562537301818097,1.5892688248484732,2.0,7.0,1.5892688248484732,1.0,,
price_family_ma6_structural_linked,structural_ma6,norfolk_va__county,median_ppsf,level,structural_ma6,ma6_level,raw_structural_feature,raw_vs_structural_ma6,0.6669849053333365,2.2562537301818097,1.5892688248484732,2.0,7.0,1.5892688248484732,1.0,,
price_family_ma6_structural_linked,raw_source,norfolk_va__county,median_sale_price,level,raw_source,raw_level,raw_structural_feature,raw_vs_structural_ma6,895.5,4796.0303030302985,3900.5303030302985,2.0,7.0,3900.5303030302985,1.0,,
price_family_ma6_structural_linked,structural_ma6,norfolk_va__county,median_sale_price,level,structural_ma6,ma6_level,raw_structural_feature,raw_vs_structural_ma6,895.5,4796.0303030302985,3900.5303030302985,2.0,7.0,3900.5303030302985,1.0,,
price_family_ma6_structural_linked,raw_source,norton_va__county,median_ppsf,level,raw_source,raw_level,raw_structural_feature,raw_vs_structural_ma6,3.2354061805666645,5.785140688944444,2.5497345083777794,12.0,11.0,2.5497345083777794,1.0,,
price_family_ma6_structural_linked,structural_ma6,norton_va__county,median_ppsf,level,structural_ma6,ma6_level,raw_structural_feature,raw_vs_structural_ma6,3.2354061805666645,5.785140688944444,2.5497345083777794,12.0,11.0,2.5497345083777794,1.0,,
price_family_ma6_structural_linked,raw_source,norton_va__county,median_sale_price,level,raw_source,raw_level,raw_structural_feature,raw_vs_structural_ma6,6986.666666666662,14425.378787878786,7438.712121212124,4.0,10.0,7438.712121212124,1.0,,
price_family_ma6_structural_linked,structural_ma6,norton_va__county,median_sale_price,level,structural_ma6,ma6_level,raw_structural_feature,raw_vs_structural_ma6,6986.666666666662,14425.378787878786,7438.712121212124,4.0,10.0,7438.712121212124,1.0,,
price_family_ma6_structural_linked,raw_source,oakland_ca_metro_area__cbsa_metro,median_ppsf,level,raw_source,raw_level,raw_structural_feature,raw_vs_structural_ma6,3.142051282051293,4.204761904761928,1.062710622710635,6.0,12.0,1.062710622710635,1.0,,
price_family_ma6_structural_linked,structural_ma6,oakland_ca_metro_area__cbsa_metro,median_ppsf,level,structural_ma6,ma6_level,raw_structural_feature,raw_vs_structural_ma6,3.142051282051293,4.204761904761928,1.062710622710635,6.0,12.0,1.062710622710635,1.0,,
price_family_ma6_structural_linked,raw_source,oakland_ca_metro_area__cbsa_metro,median_sale_price,level,raw_source,raw_level,raw_structural_feature,raw_vs_structural_ma6,4946.083333333322,20079.523809523824,15133.440476190503,2.0,7.0,15133.440476190503,1.0,,
price_family_ma6_structural_linked,structural_ma6,oakland_ca_metro_area__cbsa_metro,median_sale_price,level,structural_ma6,ma6_level,raw_structural_feature,raw_vs_structural_ma6,4946.083333333322,20079.523809523824,15133.440476190503,2.0,7.0,15133.440476190503,1.0,,
price_family_ma6_structural_linked,raw_source,ocean_city_nj_metro_area__cbsa_metro,median_ppsf,level,raw_source,raw_level,raw_structural_feature,raw_vs_structural_ma6,3.202510556833339,8.177250240142854,4.974739683309515,4.0,1.0,4.974739683309515,1.0,,
price_family_ma6_structural_linked,structural_ma6,ocean_city_nj_metro_area__cbsa_metro,median_ppsf,level,structural_ma6,ma6_level,raw_structural_feature,raw_vs_structural_ma6,3.202510556833339,8.177250240142854,4.974739683309515,4.0,1.0,4.974739683309515,1.0,,
price_family_ma6_structural_linked,raw_source,ocean_city_nj_metro_area__cbsa_metro,median_sale_price,level,raw_source,raw_level,raw_structural_feature,raw_vs_structural_ma6,6050.641025641033,13428.571428571411,7377.9304029303785,6.0,1.0,7377.9304029303785,1.0,,
price_family_ma6_structural_linked,structural_ma6,ocean_city_nj_metro_area__cbsa_metro,median_sale_price,level,structural_ma6,ma6_level,raw_structural_feature,raw_vs_structural_ma6,6050.641025641033,13428.571428571411,7377.9304029303785,6.0,1.0,7377.9304029303785,1.0,,
price_family_ma6_structural_linked,raw_source,ocean_county_nj__county,median_ppsf,level,raw_source,raw_level,raw_structural_feature,raw_vs_structural_ma6,0.9760433787023776,2.5158489464523734,1.5398055677499958,12.0,8.0,1.5398055677499958,1.0,,
price_family_ma6_structural_linked,structural_ma6,ocean_county_nj__county,median_ppsf,level,structural_ma6,ma6_level,raw_structural_feature,raw_vs_structural_ma6,0.9760433787023776,2.5158489464523734,1.5398055677499958,12.0,8.0,1.5398055677499958,1.0,,
price_family_ma6_structural_linked,raw_source,ocean_county_nj__county,median_sale_price,level,raw_source,raw_level,raw_structural_feature,raw_vs_structural_ma6,1800.857142857143,4886.25,3085.392857142857,3.0,8.0,3085.392857142857,1.0,,
price_family_ma6_structural_linked,structural_ma6,ocean_county_nj__county,median_sale_price,level,structural_ma6,ma6_level,raw_structural_feature,raw_vs_structural_ma6,1800.857142857143,4886.25,3085.392857142857,3.0,8.0,3085.392857142857,1.0,,
price_family_ma6_structural_linked,raw_source,orange_county_ca__county,median_ppsf,level,raw_source,raw_level,raw_structural_feature,raw_vs_structural_ma6,1.9337540965476347,5.364920204769235,3.4311661082216003,1.0,6.0,3.4311661082216003,1.0,,
price_family_ma6_structural_linked,structural_ma6,orange_county_ca__county,median_ppsf,level,structural_ma6,ma6_level,raw_structural_feature,raw_vs_structural_ma6,1.9337540965476347,5.364920204769235,3.4311661082216003,1.0,6.0,3.4311661082216003,1.0,,
price_family_ma6_structural_linked,raw_source,orange_county_ca__county,median_sale_price,level,raw_source,raw_level,raw_structural_feature,raw_vs_structural_ma6,3216.666666666674,12136.92307692305,8920.256410256377,1.0,6.0,8920.256410256377,1.0,,
price_family_ma6_structural_linked,structural_ma6,orange_county_ca__county,median_sale_price,level,structural_ma6,ma6_level,raw_structural_feature,raw_vs_structural_ma6,3216.666666666674,12136.92307692305,8920.256410256377,1.0,6.0,8920.256410256377,1.0,,
price_family_ma6_structural_linked,raw_source,oxnard_ca_metro_area__cbsa_metro,median_ppsf,level,raw_source,raw_level,raw_structural_feature,raw_vs_structural_ma6,1.8111904761904836,3.106190476190465,1.2949999999999815,8.0,11.0,1.2949999999999815,1.0,,
price_family_ma6_structural_linked,structural_ma6,oxnard_ca_metro_area__cbsa_metro,median_ppsf,level,structural_ma6,ma6_level,raw_structural_feature,raw_vs_structural_ma6,1.8111904761904836,3.106190476190465,1.2949999999999815,8.0,11.0,1.2949999999999815,1.0,,
price_family_ma6_structural_linked,raw_source,oxnard_ca_metro_area__cbsa_metro,median_sale_price,level,raw_source,raw_level,raw_structural_feature,raw_vs_structural_ma6,3175.5952380952576,9231.88461538462,6056.289377289363,2.0,6.0,6056.289377289363,1.0,,
price_family_ma6_structural_linked,structural_ma6,oxnard_ca_metro_area__cbsa_metro,median_sale_price,level,structural_ma6,ma6_level,raw_structural_feature,raw_vs_structural_ma6,3175.5952380952576,9231.88461538462,6056.289377289363,2.0,6.0,6056.289377289363,1.0,,
price_family_ma6_structural_linked,raw_source,petersburg_va__county,median_ppsf,level,raw_source,raw_level,raw_structural_feature,raw_vs_structural_ma6,1.2406432357857144,2.7708498769871843,1.5302066412014699,3.0,6.0,1.5302066412014699,1.0,,
price_family_ma6_structural_linked,structural_ma6,petersburg_va__county,median_ppsf,level,structural_ma6,ma6_level,raw_structural_feature,raw_vs_structural_ma6,1.2406432357857144,2.7708498769871843,1.5302066412014699,3.0,6.0,1.5302066412014699,1.0,,
price_family_ma6_structural_linked,raw_source,petersburg_va__county,median_sale_price,level,raw_source,raw_level,raw_structural_feature,raw_vs_structural_ma6,2643.494047619048,4594.499999999997,1951.005952380949,7.0,9.0,1951.005952380949,1.0,,
price_family_ma6_structural_linked,structural_ma6,petersburg_va__county,median_sale_price,level,structural_ma6,ma6_level,raw_structural_feature,raw_vs_structural_ma6,2643.494047619048,4594.499999999997,1951.005952380949,7.0,9.0,1951.005952380949,1.0,,
price_family_ma6_structural_linked,raw_source,pittsylvania_county_va__county,median_ppsf,level,raw_source,raw_level,raw_structural_feature,raw_vs_structural_ma6,1.4756037211428554,2.6528549670476225,1.177251245904767,10.0,8.0,1.177251245904767,1.0,,
price_family_ma6_structural_linked,structural_ma6,pittsylvania_county_va__county,median_ppsf,level,structural_ma6,ma6_level,raw_structural_feature,raw_vs_structural_ma6,1.4756037211428554,2.6528549670476225,1.177251245904767,10.0,8.0,1.177251245904767,1.0,,
price_family_ma6_structural_linked,raw_source,pittsylvania_county_va__county,median_sale_price,level,raw_source,raw_level,raw_structural_feature,raw_vs_structural_ma6,3701.785714285711,6057.142857142858,2355.3571428571468,1.0,8.0,2355.3571428571468,1.0,,
price_family_ma6_structural_linked,structural_ma6,pittsylvania_county_va__county,median_sale_price,level,structural_ma6,ma6_level,raw_structural_feature,raw_vs_structural_ma6,3701.785714285711,6057.142857142858,2355.3571428571468,1.0,8.0,2355.3571428571468,1.0,,
price_family_ma6_structural_linked,raw_source,placer_county_ca__county,median_ppsf,level,raw_source,raw_level,raw_structural_feature,raw_vs_structural_ma6,1.5176301086190531,2.80390008023077,1.286269971611717,1.0,6.0,1.286269971611717,1.0,,
price_family_ma6_structural_linked,structural_ma6,placer_county_ca__county,median_ppsf,level,structural_ma6,ma6_level,raw_structural_feature,raw_vs_structural_ma6,1.5176301086190531,2.80390008023077,1.286269971611717,1.0,6.0,1.286269971611717,1.0,,
price_family_ma6_structural_linked,raw_source,placer_county_ca__county,median_sale_price,level,raw_source,raw_level,raw_structural_feature,raw_vs_structural_ma6,2860.1785714285716,7762.179487179504,4902.000915750932,3.0,6.0,4902.000915750932,1.0,,
price_family_ma6_structural_linked,structural_ma6,placer_county_ca__county,median_sale_price,level,structural_ma6,ma6_level,raw_structural_feature,raw_vs_structural_ma6,2860.1785714285716,7762.179487179504,4902.000915750932,3.0,6.0,4902.000915750932,1.0,,
price_family_ma6_structural_linked,raw_source,poquoson_va__county,median_ppsf,level,raw_source,raw_level,raw_structural_feature,raw_vs_structural_ma6,1.3483612053194467,3.434215594060606,2.0858543887411596,3.0,7.0,2.0858543887411596,1.0,,
price_family_ma6_structural_linked,structural_ma6,poquoson_va__county,median_ppsf,level,structural_ma6,ma6_level,raw_structural_feature,raw_vs_structural_ma6,1.3483612053194467,3.434215594060606,2.0858543887411596,3.0,7.0,2.0858543887411596,1.0,,
price_family_ma6_structural_linked,raw_source,poquoson_va__county,median_sale_price,level,raw_source,raw_level,raw_structural_feature,raw_vs_structural_ma6,6706.208333333336,11638.263888888896,4932.05555555556,3.0,1.0,4932.05555555556,1.0,,
price_family_ma6_structural_linked,structural_ma6,poquoson_va__county,median_sale_price,level,structural_ma6,ma6_level,raw_structural_feature,raw_vs_structural_ma6,6706.208333333336,11638.263888888896,4932.05555555556,3.0,1.0,4932.05555555556,1.0,,
price_family_ma6_structural_linked,raw_source,portsmouth_va__county,median_ppsf,level,raw_source,raw_level,raw_structural_feature,raw_vs_structural_ma6,0.7208408872222236,1.8813446412272674,1.1605037540050438,11.0,7.0,1.1605037540050438,1.0,,
price_family_ma6_structural_linked,structural_ma6,portsmouth_va__county,median_ppsf,level,structural_ma6,ma6_level,raw_structural_feature,raw_vs_structural_ma6,0.7208408872222236,1.8813446412272674,1.1605037540050438,11.0,7.0,1.1605037540050438,1.0,,
price_family_ma6_structural_linked,raw_source,portsmouth_va__county,median_sale_price,level,raw_source,raw_level,raw_structural_feature,raw_vs_structural_ma6,1243.2916666666617,3769.3636363636415,2526.07196969698,2.0,7.0,2526.07196969698,1.0,,
price_family_ma6_structural_linked,structural_ma6,portsmouth_va__county,median_sale_price,level,structural_ma6,ma6_level,raw_structural_feature,raw_vs_structural_ma6,1243.2916666666617,3769.3636363636415,2526.07196969698,2.0,7.0,2526.07196969698,1.0,,
price_family_ma6_structural_linked,raw_source,powhatan_county_va__county,median_ppsf,level,raw_source,raw_level,raw_structural_feature,raw_vs_structural_ma6,1.2442703493333431,2.401786915928573,1.1575165665952298,11.0,8.0,1.1575165665952298,1.0,,
price_family_ma6_structural_linked,structural_ma6,powhatan_county_va__county,median_ppsf,level,structural_ma6,ma6_level,raw_structural_feature,raw_vs_structural_ma6,1.2442703493333431,2.401786915928573,1.1575165665952298,11.0,8.0,1.1575165665952298,1.0,,
price_family_ma6_structural_linked,raw_source,powhatan_county_va__county,median_sale_price,level,raw_source,raw_level,raw_structural_feature,raw_vs_structural_ma6,4571.577380952386,9724.54761904762,5152.970238095234,4.0,5.0,5152.970238095234,1.0,,
price_family_ma6_structural_linked,structural_ma6,powhatan_county_va__county,median_sale_price,level,structural_ma6,ma6_level,raw_structural_feature,raw_vs_structural_ma6,4571.577380952386,9724.54761904762,5152.970238095234,4.0,5.0,5152.970238095234,1.0,,
price_family_ma6_structural_linked,raw_source,prince_george_county_va__county,median_ppsf,level,raw_source,raw_level,raw_structural_feature,raw_vs_structural_ma6,1.2560688207023876,1.740829764142857,0.4847609434404694,5.0,7.0,0.4847609434404694,1.0,,
price_family_ma6_structural_linked,structural_ma6,prince_george_county_va__county,median_ppsf,level,structural_ma6,ma6_level,raw_structural_feature,raw_vs_structural_ma6,1.2560688207023876,1.740829764142857,0.4847609434404694,5.0,7.0,0.4847609434404694,1.0,,
price_family_ma6_structural_linked,raw_source,prince_george_county_va__county,median_sale_price,level,raw_source,raw_level,raw_structural_feature,raw_vs_structural_ma6,3297.357142857147,5729.358974358978,2432.001831501831,5.0,6.0,2432.001831501831,1.0,,
price_family_ma6_structural_linked,structural_ma6,prince_george_county_va__county,median_sale_price,level,structural_ma6,ma6_level,raw_structural_feature,raw_vs_structural_ma6,3297.357142857147,5729.358974358978,2432.001831501831,5.0,6.0,2432.001831501831,1.0,,
price_family_ma6_structural_linked,raw_source,prince_george_s_county_md__county,median_ppsf,level,raw_source,raw_level,raw_structural_feature,raw_vs_structural_ma6,0.8754106780952375,1.9607292672857162,1.0853185891904786,12.0,7.0,1.0853185891904786,1.0,,
price_family_ma6_structural_linked,structural_ma6,prince_george_s_county_md__county,median_ppsf,level,structural_ma6,ma6_level,raw_structural_feature,raw_vs_structural_ma6,0.8754106780952375,1.9607292672857162,1.0853185891904786,12.0,7.0,1.0853185891904786,1.0,,
price_family_ma6_structural_linked,raw_source,prince_george_s_county_md__county,median_sale_price,level,raw_source,raw_level,raw_structural_feature,raw_vs_structural_ma6,963.3095238095183,4194.4523809523835,3231.142857142865,12.0,8.0,3231.142857142865,1.0,,
price_family_ma6_structural_linked,structural_ma6,prince_george_s_county_md__county,median_sale_price,level,structural_ma6,ma6_level,raw_structural_feature,raw_vs_structural_ma6,963.3095238095183,4194.4523809523835,3231.142857142865,12.0,8.0,3231.142857142865,1.0,,
price_family_ma6_structural_linked,raw_source,prince_william_county_va__county,median_ppsf,level,raw_source,raw_level,raw_structural_feature,raw_vs_structural_ma6,0.4811489535714202,1.398611836628209,0.9174628830567888,12.0,6.0,0.9174628830567888,1.0,,
price_family_ma6_structural_linked,structural_ma6,prince_william_county_va__county,median_ppsf,level,structural_ma6,ma6_level,raw_structural_feature,raw_vs_structural_ma6,0.4811489535714202,1.398611836628209,0.9174628830567888,12.0,6.0,0.9174628830567888,1.0,,
price_family_ma6_structural_linked,raw_source,prince_william_county_va__county,median_sale_price,level,raw_source,raw_level,raw_structural_feature,raw_vs_structural_ma6,1771.1190476190325,8288.974358974361,6517.855311355329,2.0,6.0,6517.855311355329,1.0,,
price_family_ma6_structural_linked,structural_ma6,prince_william_county_va__county,median_sale_price,level,structural_ma6,ma6_level,raw_structural_feature,raw_vs_structural_ma6,1771.1190476190325,8288.974358974361,6517.855311355329,2.0,6.0,6517.855311355329,1.0,,
price_family_ma6_structural_linked,raw_source,pulaski_county_va__county,median_ppsf,level,raw_source,raw_level,raw_structural_feature,raw_vs_structural_ma6,1.9884068466794902,4.995431435384613,3.0070245887051223,4.0,7.0,3.0070245887051223,1.0,,
price_family_ma6_structural_linked,structural_ma6,pulaski_county_va__county,median_ppsf,level,structural_ma6,ma6_level,raw_structural_feature,raw_vs_structural_ma6,1.9884068466794902,4.995431435384613,3.0070245887051223,4.0,7.0,3.0070245887051223,1.0,,
price_family_ma6_structural_linked,raw_source,pulaski_county_va__county,median_sale_price,level,raw_source,raw_level,raw_structural_feature,raw_vs_structural_ma6,5541.597222222222,11670.653846153848,6129.056623931626,3.0,7.0,6129.056623931626,1.0,,
price_family_ma6_structural_linked,structural_ma6,pulaski_county_va__county,median_sale_price,level,structural_ma6,ma6_level,raw_structural_feature,raw_vs_structural_ma6,5541.597222222222,11670.653846153848,6129.056623931626,3.0,7.0,6129.056623931626,1.0,,
price_family_ma6_structural_linked,raw_source,queen_anne_s_county_md__county,median_ppsf,level,raw_source,raw_level,raw_structural_feature,raw_vs_structural_ma6,1.476450512679496,2.5031595013095296,1.0267089886300336,6.0,9.0,1.0267089886300336,1.0,,
price_family_ma6_structural_linked,structural_ma6,queen_anne_s_county_md__county,median_ppsf,level,structural_ma6,ma6_level,raw_structural_feature,raw_vs_structural_ma6,1.476450512679496,2.5031595013095296,1.0267089886300336,6.0,9.0,1.0267089886300336,1.0,,
price_family_ma6_structural_linked,raw_source,queen_anne_s_county_md__county,median_sale_price,level,raw_source,raw_level,raw_structural_feature,raw_vs_structural_ma6,4275.619047619049,6893.571428571425,2617.952380952376,5.0,8.0,2617.952380952376,1.0,,
price_family_ma6_structural_linked,structural_ma6,queen_anne_s_county_md__county,median_sale_price,level,structural_ma6,ma6_level,raw_structural_feature,raw_vs_structural_ma6,4275.619047619049,6893.571428571425,2617.952380952376,5.0,8.0,2617.952380952376,1.0,,
price_family_ma6_structural_linked,raw_source,radford_va__county,median_ppsf,level,raw_source,raw_level,raw_structural_feature,raw_vs_structural_ma6,2.1468178874242407,3.6899063486818138,1.543088461257573,6.0,3.0,1.543088461257573,1.0,,
price_family_ma6_structural_linked,structural_ma6,radford_va__county,median_ppsf,level,structural_ma6,ma6_level,raw_structural_feature,raw_vs_structural_ma6,2.1468178874242407,3.6899063486818138,1.543088461257573,6.0,3.0,1.543088461257573,1.0,,
price_family_ma6_structural_linked,raw_source,radford_va__county,median_sale_price,level,raw_source,raw_level,raw_structural_feature,raw_vs_structural_ma6,3581.2878787878767,11013.625000000002,7432.337121212126,9.0,10.0,7432.337121212126,1.0,,
price_family_ma6_structural_linked,structural_ma6,radford_va__county,median_sale_price,level,structural_ma6,ma6_level,raw_structural_feature,raw_vs_structural_ma6,3581.2878787878767,11013.625000000002,7432.337121212126,9.0,10.0,7432.337121212126,1.0,,
price_family_ma6_structural_linked,raw_source,rappahannock_county_va__county,median_ppsf,level,raw_source,raw_level,raw_structural_feature,raw_vs_structural_ma6,6.058482996107137,13.377976254452383,7.319493258345246,10.0,3.0,7.319493258345246,1.0,,
price_family_ma6_structural_linked,structural_ma6,rappahannock_county_va__county,median_ppsf,level,structural_ma6,ma6_level,raw_structural_feature,raw_vs_structural_ma6,6.058482996107137,13.377976254452383,7.319493258345246,10.0,3.0,7.319493258345246,1.0,,
price_family_ma6_structural_linked,raw_source,rappahannock_county_va__county,median_sale_price,level,raw_source,raw_level,raw_structural_feature,raw_vs_structural_ma6,16108.345238095237,32236.011904761912,16127.666666666675,7.0,3.0,16127.666666666675,1.0,,
price_family_ma6_structural_linked,structural_ma6,rappahannock_county_va__county,median_sale_price,level,structural_ma6,ma6_level,raw_structural_feature,raw_vs_structural_ma6,16108.345238095237,32236.011904761912,16127.666666666675,7.0,3.0,16127.666666666675,1.0,,
price_family_ma6_structural_linked,raw_source,red_bluff_ca_metro_area__cbsa_metro,median_ppsf,level,raw_source,raw_level,raw_structural_feature,raw_vs_structural_ma6,1.3722808907023858,2.7218074001428527,1.349526509440467,10.0,7.0,1.349526509440467,1.0,,
price_family_ma6_structural_linked,structural_ma6,red_bluff_ca_metro_area__cbsa_metro,median_ppsf,level,structural_ma6,ma6_level,raw_structural_feature,raw_vs_structural_ma6,1.3722808907023858,2.7218074001428527,1.349526509440467,10.0,7.0,1.349526509440467,1.0,,
price_family_ma6_structural_linked,raw_source,red_bluff_ca_metro_area__cbsa_metro,median_sale_price,level,raw_source,raw_level,raw_structural_feature,raw_vs_structural_ma6,2461.9047619047583,5534.523809523808,3072.61904761905,2.0,11.0,3072.61904761905,1.0,,
price_family_ma6_structural_linked,structural_ma6,red_bluff_ca_metro_area__cbsa_metro,median_sale_price,level,structural_ma6,ma6_level,raw_structural_feature,raw_vs_structural_ma6,2461.9047619047583,5534.523809523808,3072.61904761905,2.0,11.0,3072.61904761905,1.0,,
price_family_ma6_structural_linked,raw_source,redding_ca_metro_area__cbsa_metro,median_ppsf,level,raw_source,raw_level,raw_structural_feature,raw_vs_structural_ma6,1.0298170629166736,3.0909636933809432,2.0611466304642696,10.0,7.0,2.0611466304642696,1.0,,
price_family_ma6_structural_linked,structural_ma6,redding_ca_metro_area__cbsa_metro,median_ppsf,level,structural_ma6,ma6_level,raw_structural_feature,raw_vs_structural_ma6,1.0298170629166736,3.0909636933809432,2.0611466304642696,10.0,7.0,2.0611466304642696,1.0,,
price_family_ma6_structural_linked,raw_source,redding_ca_metro_area__cbsa_metro,median_sale_price,level,raw_source,raw_level,raw_structural_feature,raw_vs_structural_ma6,3101.2976190476206,8182.726190476184,5081.428571428563,10.0,9.0,5081.428571428563,1.0,,
price_family_ma6_structural_linked,structural_ma6,redding_ca_metro_area__cbsa_metro,median_sale_price,level,structural_ma6,ma6_level,raw_structural_feature,raw_vs_structural_ma6,3101.2976190476206,8182.726190476184,5081.428571428563,10.0,9.0,5081.428571428563,1.0,,
price_family_ma6_structural_linked,raw_source,richmond_city_county_va__county,median_ppsf,level,raw_source,raw_level,raw_structural_feature,raw_vs_structural_ma6,1.2190175277976263,4.694361339083335,3.4753438112857094,10.0,7.0,3.4753438112857094,1.0,,
price_family_ma6_structural_linked,structural_ma6,richmond_city_county_va__county,median_ppsf,level,structural_ma6,ma6_level,raw_structural_feature,raw_vs_structural_ma6,1.2190175277976263,4.694361339083335,3.4753438112857094,10.0,7.0,3.4753438112857094,1.0,,
price_family_ma6_structural_linked,raw_source,richmond_city_county_va__county,median_sale_price,level,raw_source,raw_level,raw_structural_feature,raw_vs_structural_ma6,3394.345238095239,7493.403846153838,4099.058608058598,11.0,6.0,4099.058608058598,1.0,,
price_family_ma6_structural_linked,structural_ma6,richmond_city_county_va__county,median_sale_price,level,structural_ma6,ma6_level,raw_structural_feature,raw_vs_structural_ma6,3394.345238095239,7493.403846153838,4099.058608058598,11.0,6.0,4099.058608058598,1.0,,
price_family_ma6_structural_linked,raw_source,richmond_va_metro_area__cbsa_metro,median_ppsf,level,raw_source,raw_level,raw_structural_feature,raw_vs_structural_ma6,0.6865476190476159,0.8824999999999942,0.19595238095237832,8.0,2.0,0.19595238095237832,1.0,,
price_family_ma6_structural_linked,structural_ma6,richmond_va_metro_area__cbsa_metro,median_ppsf,level,structural_ma6,ma6_level,raw_structural_feature,raw_vs_structural_ma6,0.6865476190476159,0.8824999999999942,0.19595238095237832,8.0,2.0,0.19595238095237832,1.0,,
price_family_ma6_structural_linked,raw_source,richmond_va_metro_area__cbsa_metro,median_sale_price,level,raw_source,raw_level,raw_structural_feature,raw_vs_structural_ma6,1099.9761904761897,6154.619047619051,5054.642857142861,3.0,7.0,5054.642857142861,1.0,,
price_family_ma6_structural_linked,structural_ma6,richmond_va_metro_area__cbsa_metro,median_sale_price,level,structural_ma6,ma6_level,raw_structural_feature,raw_vs_structural_ma6,1099.9761904761897,6154.619047619051,5054.642857142861,3.0,7.0,5054.642857142861,1.0,,
price_family_ma6_structural_linked,raw_source,riverside_ca_metro_area__cbsa_metro,median_ppsf,level,raw_source,raw_level,raw_structural_feature,raw_vs_structural_ma6,1.4617857142857074,1.7926923076923027,0.33090659340659534,2.0,6.0,0.33090659340659534,1.0,,
price_family_ma6_structural_linked,structural_ma6,riverside_ca_metro_area__cbsa_metro,median_ppsf,level,structural_ma6,ma6_level,raw_structural_feature,raw_vs_structural_ma6,1.4617857142857074,1.7926923076923027,0.33090659340659534,2.0,6.0,0.33090659340659534,1.0,,
price_family_ma6_structural_linked,raw_source,riverside_ca_metro_area__cbsa_metro,median_sale_price,level,raw_source,raw_level,raw_structural_feature,raw_vs_structural_ma6,1888.0952380952326,4780.952380952388,2892.8571428571554,1.0,7.0,2892.8571428571554,1.0,,
price_family_ma6_structural_linked,structural_ma6,riverside_ca_metro_area__cbsa_metro,median_sale_price,level,structural_ma6,ma6_level,raw_structural_feature,raw_vs_structural_ma6,1888.0952380952326,4780.952380952388,2892.8571428571554,1.0,7.0,2892.8571428571554,1.0,,
price_family_ma6_structural_linked,raw_source,riverside_county_ca__county,median_ppsf,level,raw_source,raw_level,raw_structural_feature,raw_vs_structural_ma6,1.273745059642854,2.2342958005641114,0.9605507409212575,1.0,6.0,0.9605507409212575,1.0,,
price_family_ma6_structural_linked,structural_ma6,riverside_county_ca__county,median_ppsf,level,structural_ma6,ma6_level,raw_structural_feature,raw_vs_structural_ma6,1.273745059642854,2.2342958005641114,0.9605507409212575,1.0,6.0,0.9605507409212575,1.0,,
price_family_ma6_structural_linked,raw_source,riverside_county_ca__county,median_sale_price,level,raw_source,raw_level,raw_structural_feature,raw_vs_structural_ma6,1925.0000000000186,4690.474358974356,2765.474358974337,1.0,6.0,2765.474358974337,1.0,,
price_family_ma6_structural_linked,structural_ma6,riverside_county_ca__county,median_sale_price,level,structural_ma6,ma6_level,raw_structural_feature,raw_vs_structural_ma6,1925.0000000000186,4690.474358974356,2765.474358974337,1.0,6.0,2765.474358974337,1.0,,
price_family_ma6_structural_linked,raw_source,roanoke_city_county_va__county,median_ppsf,level,raw_source,raw_level,raw_structural_feature,raw_vs_structural_ma6,0.7085593679047614,2.251220606476189,1.5426612385714273,3.0,7.0,1.5426612385714273,1.0,,
price_family_ma6_structural_linked,structural_ma6,roanoke_city_county_va__county,median_ppsf,level,structural_ma6,ma6_level,raw_structural_feature,raw_vs_structural_ma6,0.7085593679047614,2.251220606476189,1.5426612385714273,3.0,7.0,1.5426612385714273,1.0,,
price_family_ma6_structural_linked,raw_source,roanoke_city_county_va__county,median_sale_price,level,raw_source,raw_level,raw_structural_feature,raw_vs_structural_ma6,1830.273809523806,3646.511904761903,1816.2380952380972,10.0,7.0,1816.2380952380972,1.0,,
price_family_ma6_structural_linked,structural_ma6,roanoke_city_county_va__county,median_sale_price,level,structural_ma6,ma6_level,raw_structural_feature,raw_vs_structural_ma6,1830.273809523806,3646.511904761903,1816.2380952380972,10.0,7.0,1816.2380952380972,1.0,,
price_family_ma6_structural_linked,raw_source,roanoke_county_va__county,median_ppsf,level,raw_source,raw_level,raw_structural_feature,raw_vs_structural_ma6,0.5907456449880998,1.690773279928573,1.1000276349404734,11.0,7.0,1.1000276349404734,1.0,,
price_family_ma6_structural_linked,structural_ma6,roanoke_county_va__county,median_ppsf,level,structural_ma6,ma6_level,raw_structural_feature,raw_vs_structural_ma6,0.5907456449880998,1.690773279928573,1.1000276349404734,11.0,7.0,1.1000276349404734,1.0,,
price_family_ma6_structural_linked,raw_source,roanoke_county_va__county,median_sale_price,level,raw_source,raw_level,raw_structural_feature,raw_vs_structural_ma6,1709.3095238095245,5287.80769230769,3578.498168498165,10.0,6.0,3578.498168498165,1.0,,
price_family_ma6_structural_linked,structural_ma6,roanoke_county_va__county,median_sale_price,level,structural_ma6,ma6_level,raw_structural_feature,raw_vs_structural_ma6,1709.3095238095245,5287.80769230769,3578.498168498165,10.0,6.0,3578.498168498165,1.0,,
price_family_ma6_structural_linked,raw_source,roanoke_va_metro_area__cbsa_metro,median_ppsf,level,raw_source,raw_level,raw_structural_feature,raw_vs_structural_ma6,0.4216186650238072,1.8581184864166624,1.4364998213928553,3.0,7.0,1.4364998213928553,1.0,,
price_family_ma6_structural_linked,structural_ma6,roanoke_va_metro_area__cbsa_metro,median_ppsf,level,structural_ma6,ma6_level,raw_structural_feature,raw_vs_structural_ma6,0.4216186650238072,1.8581184864166624,1.4364998213928553,3.0,7.0,1.4364998213928553,1.0,,
price_family_ma6_structural_linked,raw_source,roanoke_va_metro_area__cbsa_metro,median_sale_price,level,raw_source,raw_level,raw_structural_feature,raw_vs_structural_ma6,1539.7435897435912,4425.0,2885.256410256409,4.0,7.0,2885.256410256409,1.0,,
price_family_ma6_structural_linked,structural_ma6,roanoke_va_metro_area__cbsa_metro,median_sale_price,level,structural_ma6,ma6_level,raw_structural_feature,raw_vs_structural_ma6,1539.7435897435912,4425.0,2885.256410256409,4.0,7.0,2885.256410256409,1.0,,
price_family_ma6_structural_linked,raw_source,rockingham_county_va__county,median_ppsf,level,raw_source,raw_level,raw_structural_feature,raw_vs_structural_ma6,0.8181951836428577,1.621660165154773,0.8034649815119154,8.0,5.0,0.8034649815119154,1.0,,
price_family_ma6_structural_linked,structural_ma6,rockingham_county_va__county,median_ppsf,level,structural_ma6,ma6_level,raw_structural_feature,raw_vs_structural_ma6,0.8181951836428577,1.621660165154773,0.8034649815119154,8.0,5.0,0.8034649815119154,1.0,,
price_family_ma6_structural_linked,raw_source,rockingham_county_va__county,median_sale_price,level,raw_source,raw_level,raw_structural_feature,raw_vs_structural_ma6,1851.0595238095204,4001.130952380955,2150.071428571435,11.0,3.0,2150.071428571435,1.0,,
price_family_ma6_structural_linked,structural_ma6,rockingham_county_va__county,median_sale_price,level,structural_ma6,ma6_level,raw_structural_feature,raw_vs_structural_ma6,1851.0595238095204,4001.130952380955,2150.071428571435,11.0,3.0,2150.071428571435,1.0,,
price_family_ma6_structural_linked,raw_source,sacramento_ca_metro_area__cbsa_metro,median_ppsf,level,raw_source,raw_level,raw_structural_feature,raw_vs_structural_ma6,1.456785714285719,2.1210714285714354,0.6642857142857164,5.0,11.0,0.6642857142857164,1.0,,
price_family_ma6_structural_linked,structural_ma6,sacramento_ca_metro_area__cbsa_metro,median_ppsf,level,structural_ma6,ma6_level,raw_structural_feature,raw_vs_structural_ma6,1.456785714285719,2.1210714285714354,0.6642857142857164,5.0,11.0,0.6642857142857164,1.0,,
price_family_ma6_structural_linked,raw_source,sacramento_ca_metro_area__cbsa_metro,median_sale_price,level,raw_source,raw_level,raw_structural_feature,raw_vs_structural_ma6,2088.5714285714225,7468.380952380947,5379.809523809525,2.0,7.0,5379.809523809525,1.0,,
price_family_ma6_structural_linked,structural_ma6,sacramento_ca_metro_area__cbsa_metro,median_sale_price,level,structural_ma6,ma6_level,raw_structural_feature,raw_vs_structural_ma6,2088.5714285714225,7468.380952380947,5379.809523809525,2.0,7.0,5379.809523809525,1.0,,
price_family_ma6_structural_linked,raw_source,sacramento_county_ca__county,median_ppsf,level,raw_source,raw_level,raw_structural_feature,raw_vs_structural_ma6,1.2332060116666586,3.391437349666671,2.1582313380000127,2.0,6.0,2.1582313380000127,1.0,,
price_family_ma6_structural_linked,structural_ma6,sacramento_county_ca__county,median_ppsf,level,structural_ma6,ma6_level,raw_structural_feature,raw_vs_structural_ma6,1.2332060116666586,3.391437349666671,2.1582313380000127,2.0,6.0,2.1582313380000127,1.0,,
price_family_ma6_structural_linked,raw_source,sacramento_county_ca__county,median_sale_price,level,raw_source,raw_level,raw_structural_feature,raw_vs_structural_ma6,2206.011904761902,6148.809523809514,3942.797619047612,2.0,7.0,3942.797619047612,1.0,,
price_family_ma6_structural_linked,structural_ma6,sacramento_county_ca__county,median_sale_price,level,structural_ma6,ma6_level,raw_structural_feature,raw_vs_structural_ma6,2206.011904761902,6148.809523809514,3942.797619047612,2.0,7.0,3942.797619047612,1.0,,
price_family_ma6_structural_linked,raw_source,salem_va__county,median_ppsf,level,raw_source,raw_level,raw_structural_feature,raw_vs_structural_ma6,1.4577059825119056,2.1396602695769196,0.6819542870650139,10.0,6.0,0.6819542870650139,1.0,,
price_family_ma6_structural_linked,structural_ma6,salem_va__county,median_ppsf,level,structural_ma6,ma6_level,raw_structural_feature,raw_vs_structural_ma6,1.4577059825119056,2.1396602695769196,0.6819542870650139,10.0,6.0,0.6819542870650139,1.0,,
price_family_ma6_structural_linked,raw_source,salem_va__county,median_sale_price,level,raw_source,raw_level,raw_structural_feature,raw_vs_structural_ma6,3049.9999999999977,5153.488095238096,2103.4880952380986,6.0,4.0,2103.4880952380986,1.0,,
price_family_ma6_structural_linked,structural_ma6,salem_va__county,median_sale_price,level,structural_ma6,ma6_level,raw_structural_feature,raw_vs_structural_ma6,3049.9999999999977,5153.488095238096,2103.4880952380986,6.0,4.0,2103.4880952380986,1.0,,
price_family_ma6_structural_linked,raw_source,salinas_ca_metro_area__cbsa_metro,median_ppsf,level,raw_source,raw_level,raw_structural_feature,raw_vs_structural_ma6,3.188168364083345,5.683580582974361,2.4954122188910164,2.0,5.0,2.4954122188910164,1.0,,
price_family_ma6_structural_linked,structural_ma6,salinas_ca_metro_area__cbsa_metro,median_ppsf,level,structural_ma6,ma6_level,raw_structural_feature,raw_vs_structural_ma6,3.188168364083345,5.683580582974361,2.4954122188910164,2.0,5.0,2.4954122188910164,1.0,,
price_family_ma6_structural_linked,raw_source,salinas_ca_metro_area__cbsa_metro,median_sale_price,level,raw_source,raw_level,raw_structural_feature,raw_vs_structural_ma6,4819.6428571428905,10109.035714285701,5289.3928571428105,2.0,7.0,5289.3928571428105,1.0,,
price_family_ma6_structural_linked,structural_ma6,salinas_ca_metro_area__cbsa_metro,median_sale_price,level,structural_ma6,ma6_level,raw_structural_feature,raw_vs_structural_ma6,4819.6428571428905,10109.035714285701,5289.3928571428105,2.0,7.0,5289.3928571428105,1.0,,
price_family_ma6_structural_linked,raw_source,san_benito_county_ca__county,median_ppsf,level,raw_source,raw_level,raw_structural_feature,raw_vs_structural_ma6,2.1420935412380993,4.295622742202381,2.153529200964282,12.0,4.0,2.153529200964282,1.0,,
price_family_ma6_structural_linked,structural_ma6,san_benito_county_ca__county,median_ppsf,level,structural_ma6,ma6_level,raw_structural_feature,raw_vs_structural_ma6,2.1420935412380993,4.295622742202381,2.153529200964282,12.0,4.0,2.153529200964282,1.0,,
price_family_ma6_structural_linked,raw_source,san_benito_county_ca__county,median_sale_price,level,raw_source,raw_level,raw_structural_feature,raw_vs_structural_ma6,4387.333333333343,8566.589285714274,4179.2559523809305,10.0,11.0,4179.2559523809305,1.0,,
price_family_ma6_structural_linked,structural_ma6,san_benito_county_ca__county,median_sale_price,level,structural_ma6,ma6_level,raw_structural_feature,raw_vs_structural_ma6,4387.333333333343,8566.589285714274,4179.2559523809305,10.0,11.0,4179.2559523809305,1.0,,
price_family_ma6_structural_linked,raw_source,san_bernardino_county_ca__county,median_ppsf,level,raw_source,raw_level,raw_structural_feature,raw_vs_structural_ma6,1.1224472117261814,2.540109637025642,1.4176624252994607,2.0,6.0,1.4176624252994607,1.0,,
price_family_ma6_structural_linked,structural_ma6,san_bernardino_county_ca__county,median_ppsf,level,structural_ma6,ma6_level,raw_structural_feature,raw_vs_structural_ma6,1.1224472117261814,2.540109637025642,1.4176624252994607,2.0,6.0,1.4176624252994607,1.0,,
price_family_ma6_structural_linked,raw_source,san_bernardino_county_ca__county,median_sale_price,level,raw_source,raw_level,raw_structural_feature,raw_vs_structural_ma6,1946.3333333333326,4541.641025641031,2595.3076923076983,2.0,7.0,2595.3076923076983,1.0,,
price_family_ma6_structural_linked,structural_ma6,san_bernardino_county_ca__county,median_sale_price,level,structural_ma6,ma6_level,raw_structural_feature,raw_vs_structural_ma6,1946.3333333333326,4541.641025641031,2595.3076923076983,2.0,7.0,2595.3076923076983,1.0,,
price_family_ma6_structural_linked,raw_source,san_diego_ca_metro_area__cbsa_metro,median_ppsf,level,raw_source,raw_level,raw_structural_feature,raw_vs_structural_ma6,2.571547619047621,3.542499999999996,0.970952380952375,3.0,11.0,0.970952380952375,1.0,,
price_family_ma6_structural_linked,structural_ma6,san_diego_ca_metro_area__cbsa_metro,median_ppsf,level,structural_ma6,ma6_level,raw_structural_feature,raw_vs_structural_ma6,2.571547619047621,3.542499999999996,0.970952380952375,3.0,11.0,0.970952380952375,1.0,,
price_family_ma6_structural_linked,raw_source,san_diego_ca_metro_area__cbsa_metro,median_sale_price,level,raw_source,raw_level,raw_structural_feature,raw_vs_structural_ma6,2241.9404761904652,9580.128205128198,7338.187728937733,2.0,6.0,7338.187728937733,1.0,,
price_family_ma6_structural_linked,structural_ma6,san_diego_ca_metro_area__cbsa_metro,median_sale_price,level,structural_ma6,ma6_level,raw_structural_feature,raw_vs_structural_ma6,2241.9404761904652,9580.128205128198,7338.187728937733,2.0,6.0,7338.187728937733,1.0,,
price_family_ma6_structural_linked,raw_source,san_diego_county_ca__county,median_ppsf,level,raw_source,raw_level,raw_structural_feature,raw_vs_structural_ma6,2.217987325714272,5.710942657384633,3.492955331670361,1.0,6.0,3.492955331670361,1.0,,
price_family_ma6_structural_linked,structural_ma6,san_diego_county_ca__county,median_ppsf,level,structural_ma6,ma6_level,raw_structural_feature,raw_vs_structural_ma6,2.217987325714272,5.710942657384633,3.492955331670361,1.0,6.0,3.492955331670361,1.0,,
price_family_ma6_structural_linked,raw_source,san_diego_county_ca__county,median_sale_price,level,raw_source,raw_level,raw_structural_feature,raw_vs_structural_ma6,2241.9404761904566,9599.358974358967,7357.41849816851,2.0,6.0,7357.41849816851,1.0,,
price_family_ma6_structural_linked,structural_ma6,san_diego_county_ca__county,median_sale_price,level,structural_ma6,ma6_level,raw_structural_feature,raw_vs_structural_ma6,2241.9404761904566,9599.358974358967,7357.41849816851,2.0,6.0,7357.41849816851,1.0,,
price_family_ma6_structural_linked,raw_source,san_francisco_ca_metro_area__cbsa_metro,median_ppsf,level,raw_source,raw_level,raw_structural_feature,raw_vs_structural_ma6,3.945897435897424,7.395357142857132,3.449459706959708,6.0,2.0,3.449459706959708,1.0,,
price_family_ma6_structural_linked,structural_ma6,san_francisco_ca_metro_area__cbsa_metro,median_ppsf,level,structural_ma6,ma6_level,raw_structural_feature,raw_vs_structural_ma6,3.945897435897424,7.395357142857132,3.449459706959708,6.0,2.0,3.449459706959708,1.0,,
price_family_ma6_structural_linked,raw_source,san_francisco_ca_metro_area__cbsa_metro,median_sale_price,level,raw_source,raw_level,raw_structural_feature,raw_vs_structural_ma6,6174.607142857118,27878.205128205107,21703.597985347988,9.0,6.0,21703.597985347988,1.0,,
price_family_ma6_structural_linked,structural_ma6,san_francisco_ca_metro_area__cbsa_metro,median_sale_price,level,structural_ma6,ma6_level,raw_structural_feature,raw_vs_structural_ma6,6174.607142857118,27878.205128205107,21703.597985347988,9.0,6.0,21703.597985347988,1.0,,
price_family_ma6_structural_linked,raw_source,san_francisco_county_ca__county,median_ppsf,level,raw_source,raw_level,raw_structural_feature,raw_vs_structural_ma6,5.918808392535709,14.661996624628195,8.743188232092486,9.0,6.0,8.743188232092486,1.0,,
price_family_ma6_structural_linked,structural_ma6,san_francisco_county_ca__county,median_ppsf,level,structural_ma6,ma6_level,raw_structural_feature,raw_vs_structural_ma6,5.918808392535709,14.661996624628195,8.743188232092486,9.0,6.0,8.743188232092486,1.0,,
price_family_ma6_structural_linked,raw_source,san_francisco_county_ca__county,median_sale_price,level,raw_source,raw_level,raw_structural_feature,raw_vs_structural_ma6,8184.523809523812,23455.128205128138,15270.604395604325,9.0,6.0,15270.604395604325,1.0,,
price_family_ma6_structural_linked,structural_ma6,san_francisco_county_ca__county,median_sale_price,level,structural_ma6,ma6_level,raw_structural_feature,raw_vs_structural_ma6,8184.523809523812,23455.128205128138,15270.604395604325,9.0,6.0,15270.604395604325,1.0,,
price_family_ma6_structural_linked,raw_source,san_joaquin_county_ca__county,median_ppsf,level,raw_source,raw_level,raw_structural_feature,raw_vs_structural_ma6,1.1230178505595387,2.8473833403928452,1.7243654898333065,2.0,7.0,1.7243654898333065,1.0,,
price_family_ma6_structural_linked,structural_ma6,san_joaquin_county_ca__county,median_ppsf,level,structural_ma6,ma6_level,raw_structural_feature,raw_vs_structural_ma6,1.1230178505595387,2.8473833403928452,1.7243654898333065,2.0,7.0,1.7243654898333065,1.0,,
price_family_ma6_structural_linked,raw_source,san_joaquin_county_ca__county,median_sale_price,level,raw_source,raw_level,raw_structural_feature,raw_vs_structural_ma6,1766.4404761904796,4935.119047619045,3168.678571428565,2.0,7.0,3168.678571428565,1.0,,
price_family_ma6_structural_linked,structural_ma6,san_joaquin_county_ca__county,median_sale_price,level,structural_ma6,ma6_level,raw_structural_feature,raw_vs_structural_ma6,1766.4404761904796,4935.119047619045,3168.678571428565,2.0,7.0,3168.678571428565,1.0,,
price_family_ma6_structural_linked,raw_source,san_jose_ca_metro_area__cbsa_metro,median_ppsf,level,raw_source,raw_level,raw_structural_feature,raw_vs_structural_ma6,4.313076923076874,7.102142857142817,2.7890659340659427,6.0,2.0,2.7890659340659427,1.0,,
price_family_ma6_structural_linked,structural_ma6,san_jose_ca_metro_area__cbsa_metro,median_ppsf,level,structural_ma6,ma6_level,raw_structural_feature,raw_vs_structural_ma6,4.313076923076874,7.102142857142817,2.7890659340659427,6.0,2.0,2.7890659340659427,1.0,,
price_family_ma6_structural_linked,raw_source,san_jose_ca_metro_area__cbsa_metro,median_sale_price,level,raw_source,raw_level,raw_structural_feature,raw_vs_structural_ma6,9626.190476190506,25333.333333333372,15707.142857142866,10.0,6.0,15707.142857142866,1.0,,
price_family_ma6_structural_linked,structural_ma6,san_jose_ca_metro_area__cbsa_metro,median_sale_price,level,structural_ma6,ma6_level,raw_structural_feature,raw_vs_structural_ma6,9626.190476190506,25333.333333333372,15707.142857142866,10.0,6.0,15707.142857142866,1.0,,
price_family_ma6_structural_linked,raw_source,san_luis_obispo_ca_metro_area__cbsa_metro,median_ppsf,level,raw_source,raw_level,raw_structural_feature,raw_vs_structural_ma6,1.9933263227142919,3.913554899309529,1.9202285765952372,2.0,7.0,1.9202285765952372,1.0,,
price_family_ma6_structural_linked,structural_ma6,san_luis_obispo_ca_metro_area__cbsa_metro,median_ppsf,level,structural_ma6,ma6_level,raw_structural_feature,raw_vs_structural_ma6,1.9933263227142919,3.913554899309529,1.9202285765952372,2.0,7.0,1.9202285765952372,1.0,,
price_family_ma6_structural_linked,raw_source,san_luis_obispo_ca_metro_area__cbsa_metro,median_sale_price,level,raw_source,raw_level,raw_structural_feature,raw_vs_structural_ma6,4840.878205128202,8463.065476190483,3622.18727106228,6.0,7.0,3622.18727106228,1.0,,
price_family_ma6_structural_linked,structural_ma6,san_luis_obispo_ca_metro_area__cbsa_metro,median_sale_price,level,structural_ma6,ma6_level,raw_structural_feature,raw_vs_structural_ma6,4840.878205128202,8463.065476190483,3622.18727106228,6.0,7.0,3622.18727106228,1.0,,
price_family_ma6_structural_linked,raw_source,san_luis_obispo_county_ca__county,median_ppsf,level,raw_source,raw_level,raw_structural_feature,raw_vs_structural_ma6,1.9660156977380967,3.94407890933334,1.9780632115952432,2.0,7.0,1.9780632115952432,1.0,,
price_family_ma6_structural_linked,structural_ma6,san_luis_obispo_county_ca__county,median_ppsf,level,structural_ma6,ma6_level,raw_structural_feature,raw_vs_structural_ma6,1.9660156977380967,3.94407890933334,1.9780632115952432,2.0,7.0,1.9780632115952432,1.0,,
price_family_ma6_structural_linked,raw_source,san_luis_obispo_county_ca__county,median_sale_price,level,raw_source,raw_level,raw_structural_feature,raw_vs_structural_ma6,4830.525641025626,8439.25000000001,3608.724358974383,6.0,7.0,3608.724358974383,1.0,,
price_family_ma6_structural_linked,structural_ma6,san_luis_obispo_county_ca__county,median_sale_price,level,structural_ma6,ma6_level,raw_structural_feature,raw_vs_structural_ma6,4830.525641025626,8439.25000000001,3608.724358974383,6.0,7.0,3608.724358974383,1.0,,
price_family_ma6_structural_linked,raw_source,san_mateo_county_ca__county,median_ppsf,level,raw_source,raw_level,raw_structural_feature,raw_vs_structural_ma6,6.0904342763333545,15.653606052910304,9.563171776576949,9.0,6.0,9.563171776576949,1.0,,
price_family_ma6_structural_linked,structural_ma6,san_mateo_county_ca__county,median_ppsf,level,structural_ma6,ma6_level,raw_structural_feature,raw_vs_structural_ma6,6.0904342763333545,15.653606052910304,9.563171776576949,9.0,6.0,9.563171776576949,1.0,,
price_family_ma6_structural_linked,raw_source,san_mateo_county_ca__county,median_sale_price,level,raw_source,raw_level,raw_structural_feature,raw_vs_structural_ma6,10297.619047619053,32032.05128205127,21734.432234432217,10.0,6.0,21734.432234432217,1.0,,
price_family_ma6_structural_linked,structural_ma6,san_mateo_county_ca__county,median_sale_price,level,structural_ma6,ma6_level,raw_structural_feature,raw_vs_structural_ma6,10297.619047619053,32032.05128205127,21734.432234432217,10.0,6.0,21734.432234432217,1.0,,
price_family_ma6_structural_linked,raw_source,san_rafael_ca_metro_area__cbsa_metro,median_ppsf,level,raw_source,raw_level,raw_structural_feature,raw_vs_structural_ma6,4.5120533259285684,15.306636265807667,10.7945829398791,9.0,6.0,10.7945829398791,1.0,,
price_family_ma6_structural_linked,structural_ma6,san_rafael_ca_metro_area__cbsa_metro,median_ppsf,level,structural_ma6,ma6_level,raw_structural_feature,raw_vs_structural_ma6,4.5120533259285684,15.306636265807667,10.7945829398791,9.0,6.0,10.7945829398791,1.0,,
price_family_ma6_structural_linked,raw_source,san_rafael_ca_metro_area__cbsa_metro,median_sale_price,level,raw_source,raw_level,raw_structural_feature,raw_vs_structural_ma6,7894.749999999984,30012.820512820526,22118.070512820545,2.0,6.0,22118.070512820545,1.0,,
price_family_ma6_structural_linked,structural_ma6,san_rafael_ca_metro_area__cbsa_metro,median_sale_price,level,structural_ma6,ma6_level,raw_structural_feature,raw_vs_structural_ma6,7894.749999999984,30012.820512820526,22118.070512820545,2.0,6.0,22118.070512820545,1.0,,
price_family_ma6_structural_linked,raw_source,santa_barbara_county_ca__county,median_ppsf,level,raw_source,raw_level,raw_structural_feature,raw_vs_structural_ma6,5.799871382047622,11.907224163083336,6.107352781035714,4.0,3.0,6.107352781035714,1.0,,
price_family_ma6_structural_linked,structural_ma6,santa_barbara_county_ca__county,median_ppsf,level,structural_ma6,ma6_level,raw_structural_feature,raw_vs_structural_ma6,5.799871382047622,11.907224163083336,6.107352781035714,4.0,3.0,6.107352781035714,1.0,,
price_family_ma6_structural_linked,raw_source,santa_barbara_county_ca__county,median_sale_price,level,raw_source,raw_level,raw_structural_feature,raw_vs_structural_ma6,10145.809523809527,17227.083333333343,7081.273809523816,11.0,8.0,7081.273809523816,1.0,,
price_family_ma6_structural_linked,structural_ma6,santa_barbara_county_ca__county,median_sale_price,level,structural_ma6,ma6_level,raw_structural_feature,raw_vs_structural_ma6,10145.809523809527,17227.083333333343,7081.273809523816,11.0,8.0,7081.273809523816,1.0,,
price_family_ma6_structural_linked,raw_source,santa_clara_county_ca__county,median_ppsf,level,raw_source,raw_level,raw_structural_feature,raw_vs_structural_ma6,5.513309391928606,12.886425561371793,7.373116169443187,2.0,6.0,7.373116169443187,1.0,,
price_family_ma6_structural_linked,structural_ma6,santa_clara_county_ca__county,median_ppsf,level,structural_ma6,ma6_level,raw_structural_feature,raw_vs_structural_ma6,5.513309391928606,12.886425561371793,7.373116169443187,2.0,6.0,7.373116169443187,1.0,,
price_family_ma6_structural_linked,raw_source,santa_clara_county_ca__county,median_sale_price,level,raw_source,raw_level,raw_structural_feature,raw_vs_structural_ma6,9562.50000000001,24806.153846153855,15243.653846153846,10.0,6.0,15243.653846153846,1.0,,
price_family_ma6_structural_linked,structural_ma6,santa_clara_county_ca__county,median_sale_price,level,structural_ma6,ma6_level,raw_structural_feature,raw_vs_structural_ma6,9562.50000000001,24806.153846153855,15243.653846153846,10.0,6.0,15243.653846153846,1.0,,
price_family_ma6_structural_linked,raw_source,santa_cruz_ca_metro_area__cbsa_metro,median_ppsf,level,raw_source,raw_level,raw_structural_feature,raw_vs_structural_ma6,4.28913485783333,8.332455768474368,4.043320910641038,12.0,6.0,4.043320910641038,1.0,,
price_family_ma6_structural_linked,structural_ma6,santa_cruz_ca_metro_area__cbsa_metro,median_ppsf,level,structural_ma6,ma6_level,raw_structural_feature,raw_vs_structural_ma6,4.28913485783333,8.332455768474368,4.043320910641038,12.0,6.0,4.043320910641038,1.0,,
price_family_ma6_structural_linked,raw_source,santa_cruz_ca_metro_area__cbsa_metro,median_sale_price,level,raw_source,raw_level,raw_structural_feature,raw_vs_structural_ma6,9274.999999999987,17363.095238095244,8088.095238095257,11.0,7.0,8088.095238095257,1.0,,
price_family_ma6_structural_linked,structural_ma6,santa_cruz_ca_metro_area__cbsa_metro,median_sale_price,level,structural_ma6,ma6_level,raw_structural_feature,raw_vs_structural_ma6,9274.999999999987,17363.095238095244,8088.095238095257,11.0,7.0,8088.095238095257,1.0,,
price_family_ma6_structural_linked,raw_source,santa_cruz_county_ca__county,median_ppsf,level,raw_source,raw_level,raw_structural_feature,raw_vs_structural_ma6,4.265756194000001,8.435778300448721,4.17002210644872,12.0,6.0,4.17002210644872,1.0,,
price_family_ma6_structural_linked,structural_ma6,santa_cruz_county_ca__county,median_ppsf,level,structural_ma6,ma6_level,raw_structural_feature,raw_vs_structural_ma6,4.265756194000001,8.435778300448721,4.17002210644872,12.0,6.0,4.17002210644872,1.0,,
price_family_ma6_structural_linked,raw_source,santa_cruz_county_ca__county,median_sale_price,level,raw_source,raw_level,raw_structural_feature,raw_vs_structural_ma6,9501.190476190453,17410.714285714294,7909.52380952384,11.0,7.0,7909.52380952384,1.0,,
price_family_ma6_structural_linked,structural_ma6,santa_cruz_county_ca__county,median_sale_price,level,structural_ma6,ma6_level,raw_structural_feature,raw_vs_structural_ma6,9501.190476190453,17410.714285714294,7909.52380952384,11.0,7.0,7909.52380952384,1.0,,
price_family_ma6_structural_linked,raw_source,santa_maria_ca_metro_area__cbsa_metro,median_ppsf,level,raw_source,raw_level,raw_structural_feature,raw_vs_structural_ma6,5.608141569935906,11.801999217128188,6.1938576471922815,4.0,5.0,6.1938576471922815,1.0,,
price_family_ma6_structural_linked,structural_ma6,santa_maria_ca_metro_area__cbsa_metro,median_ppsf,level,structural_ma6,ma6_level,raw_structural_feature,raw_vs_structural_ma6,5.608141569935906,11.801999217128188,6.1938576471922815,4.0,5.0,6.1938576471922815,1.0,,
price_family_ma6_structural_linked,raw_source,santa_maria_ca_metro_area__cbsa_metro,median_sale_price,level,raw_source,raw_level,raw_structural_feature,raw_vs_structural_ma6,10062.476190476196,17322.32142857143,7259.845238095235,11.0,8.0,7259.845238095235,1.0,,
price_family_ma6_structural_linked,structural_ma6,santa_maria_ca_metro_area__cbsa_metro,median_sale_price,level,structural_ma6,ma6_level,raw_structural_feature,raw_vs_structural_ma6,10062.476190476196,17322.32142857143,7259.845238095235,11.0,8.0,7259.845238095235,1.0,,
price_family_ma6_structural_linked,raw_source,santa_rosa_ca_metro_area__cbsa_metro,median_ppsf,level,raw_source,raw_level,raw_structural_feature,raw_vs_structural_ma6,1.9840306993333396,5.509300156307679,3.52526945697434,1.0,6.0,3.52526945697434,1.0,,
price_family_ma6_structural_linked,structural_ma6,santa_rosa_ca_metro_area__cbsa_metro,median_ppsf,level,structural_ma6,ma6_level,raw_structural_feature,raw_vs_structural_ma6,1.9840306993333396,5.509300156307679,3.52526945697434,1.0,6.0,3.52526945697434,1.0,,
price_family_ma6_structural_linked,raw_source,santa_rosa_ca_metro_area__cbsa_metro,median_sale_price,level,raw_source,raw_level,raw_structural_feature,raw_vs_structural_ma6,3864.5952380952285,7860.935897435899,3996.3406593406708,2.0,5.0,3996.3406593406708,1.0,,
price_family_ma6_structural_linked,structural_ma6,santa_rosa_ca_metro_area__cbsa_metro,median_sale_price,level,structural_ma6,ma6_level,raw_structural_feature,raw_vs_structural_ma6,3864.5952380952285,7860.935897435899,3996.3406593406708,2.0,5.0,3996.3406593406708,1.0,,
price_family_ma6_structural_linked,raw_source,shasta_county_ca__county,median_ppsf,level,raw_source,raw_level,raw_structural_feature,raw_vs_structural_ma6,1.0221032459880977,3.095445216226199,2.0733419702381015,10.0,7.0,2.0733419702381015,1.0,,
price_family_ma6_structural_linked,structural_ma6,shasta_county_ca__county,median_ppsf,level,structural_ma6,ma6_level,raw_structural_feature,raw_vs_structural_ma6,1.0221032459880977,3.095445216226199,2.0733419702381015,10.0,7.0,2.0733419702381015,1.0,,
price_family_ma6_structural_linked,raw_source,shasta_county_ca__county,median_sale_price,level,raw_source,raw_level,raw_structural_feature,raw_vs_structural_ma6,3107.2500000000023,8182.726190476184,5075.476190476182,10.0,9.0,5075.476190476182,1.0,,
price_family_ma6_structural_linked,structural_ma6,shasta_county_ca__county,median_sale_price,level,structural_ma6,ma6_level,raw_structural_feature,raw_vs_structural_ma6,3107.2500000000023,8182.726190476184,5075.476190476182,10.0,9.0,5075.476190476182,1.0,,
price_family_ma6_structural_linked,raw_source,solano_county_ca__county,median_ppsf,level,raw_source,raw_level,raw_structural_feature,raw_vs_structural_ma6,1.4404441790357114,3.1495072525641032,1.7090630735283918,2.0,6.0,1.7090630735283918,1.0,,
price_family_ma6_structural_linked,structural_ma6,solano_county_ca__county,median_ppsf,level,structural_ma6,ma6_level,raw_structural_feature,raw_vs_structural_ma6,1.4404441790357114,3.1495072525641032,1.7090630735283918,2.0,6.0,1.7090630735283918,1.0,,
price_family_ma6_structural_linked,raw_source,solano_county_ca__county,median_sale_price,level,raw_source,raw_level,raw_structural_feature,raw_vs_structural_ma6,2589.2857142857165,5631.79761904762,3042.5119047619037,11.0,7.0,3042.5119047619037,1.0,,
price_family_ma6_structural_linked,structural_ma6,solano_county_ca__county,median_sale_price,level,structural_ma6,ma6_level,raw_structural_feature,raw_vs_structural_ma6,2589.2857142857165,5631.79761904762,3042.5119047619037,11.0,7.0,3042.5119047619037,1.0,,
price_family_ma6_structural_linked,raw_source,somerset_county_nj__county,median_ppsf,level,raw_source,raw_level,raw_structural_feature,raw_vs_structural_ma6,0.8013524354880802,4.175999867809509,3.3746474323214284,10.0,8.0,3.3746474323214284,1.0,,
price_family_ma6_structural_linked,structural_ma6,somerset_county_nj__county,median_ppsf,level,structural_ma6,ma6_level,raw_structural_feature,raw_vs_structural_ma6,0.8013524354880802,4.175999867809509,3.3746474323214284,10.0,8.0,3.3746474323214284,1.0,,
price_family_ma6_structural_linked,raw_source,somerset_county_nj__county,median_sale_price,level,raw_source,raw_level,raw_structural_feature,raw_vs_structural_ma6,2416.666666666665,15436.89285714287,13020.226190476205,10.0,8.0,13020.226190476205,1.0,,
price_family_ma6_structural_linked,structural_ma6,somerset_county_nj__county,median_sale_price,level,structural_ma6,ma6_level,raw_structural_feature,raw_vs_structural_ma6,2416.666666666665,15436.89285714287,13020.226190476205,10.0,8.0,13020.226190476205,1.0,,
price_family_ma6_structural_linked,raw_source,sonoma_county_ca__county,median_ppsf,level,raw_source,raw_level,raw_structural_feature,raw_vs_structural_ma6,1.9990185489047536,5.522009392192309,3.522990843287555,1.0,6.0,3.522990843287555,1.0,,
price_family_ma6_structural_linked,structural_ma6,sonoma_county_ca__county,median_ppsf,level,structural_ma6,ma6_level,raw_structural_feature,raw_vs_structural_ma6,1.9990185489047536,5.522009392192309,3.522990843287555,1.0,6.0,3.522990843287555,1.0,,
price_family_ma6_structural_linked,raw_source,sonoma_county_ca__county,median_sale_price,level,raw_source,raw_level,raw_structural_feature,raw_vs_structural_ma6,3840.7857142857183,8037.238095238102,4196.4523809523835,2.0,5.0,4196.4523809523835,1.0,,
price_family_ma6_structural_linked,structural_ma6,sonoma_county_ca__county,median_sale_price,level,structural_ma6,ma6_level,raw_structural_feature,raw_vs_structural_ma6,3840.7857142857183,8037.238095238102,4196.4523809523835,2.0,5.0,4196.4523809523835,1.0,,
price_family_ma6_structural_linked,raw_source,sonora_ca_metro_area__cbsa_metro,median_ppsf,level,raw_source,raw_level,raw_structural_feature,raw_vs_structural_ma6,1.813059327547612,3.4134686641025667,1.6004093365549548,3.0,6.0,1.6004093365549548,1.0,,
price_family_ma6_structural_linked,structural_ma6,sonora_ca_metro_area__cbsa_metro,median_ppsf,level,structural_ma6,ma6_level,raw_structural_feature,raw_vs_structural_ma6,1.813059327547612,3.4134686641025667,1.6004093365549548,3.0,6.0,1.6004093365549548,1.0,,
price_family_ma6_structural_linked,raw_source,sonora_ca_metro_area__cbsa_metro,median_sale_price,level,raw_source,raw_level,raw_structural_feature,raw_vs_structural_ma6,3745.2619047619,6936.964285714292,3191.7023809523916,3.0,2.0,3191.7023809523916,1.0,,
price_family_ma6_structural_linked,structural_ma6,sonora_ca_metro_area__cbsa_metro,median_sale_price,level,structural_ma6,ma6_level,raw_structural_feature,raw_vs_structural_ma6,3745.2619047619,6936.964285714292,3191.7023809523916,3.0,2.0,3191.7023809523916,1.0,,
price_family_ma6_structural_linked,raw_source,southampton_county_va__county,median_ppsf,level,raw_source,raw_level,raw_structural_feature,raw_vs_structural_ma6,3.585600977483331,6.761664044333332,3.176063066850001,5.0,1.0,3.176063066850001,1.0,,
price_family_ma6_structural_linked,structural_ma6,southampton_county_va__county,median_ppsf,level,structural_ma6,ma6_level,raw_structural_feature,raw_vs_structural_ma6,3.585600977483331,6.761664044333332,3.176063066850001,5.0,1.0,3.176063066850001,1.0,,
price_family_ma6_structural_linked,raw_source,southampton_county_va__county,median_sale_price,level,raw_source,raw_level,raw_structural_feature,raw_vs_structural_ma6,6052.083333333339,21445.833333333336,15393.749999999996,2.0,7.0,15393.749999999996,1.0,,
price_family_ma6_structural_linked,structural_ma6,southampton_county_va__county,median_sale_price,level,structural_ma6,ma6_level,raw_structural_feature,raw_vs_structural_ma6,6052.083333333339,21445.833333333336,15393.749999999996,2.0,7.0,15393.749999999996,1.0,,
price_family_ma6_structural_linked,raw_source,spotsylvania_county_va__county,median_ppsf,level,raw_source,raw_level,raw_structural_feature,raw_vs_structural_ma6,0.5478624209166705,1.5224560065256354,0.9745935856089649,11.0,6.0,0.9745935856089649,1.0,,
price_family_ma6_structural_linked,structural_ma6,spotsylvania_county_va__county,median_ppsf,level,structural_ma6,ma6_level,raw_structural_feature,raw_vs_structural_ma6,0.5478624209166705,1.5224560065256354,0.9745935856089649,11.0,6.0,0.9745935856089649,1.0,,
price_family_ma6_structural_linked,raw_source,spotsylvania_county_va__county,median_sale_price,level,raw_source,raw_level,raw_structural_feature,raw_vs_structural_ma6,1226.249999999996,5224.011904761904,3997.7619047619078,11.0,7.0,3997.7619047619078,1.0,,
price_family_ma6_structural_linked,structural_ma6,spotsylvania_county_va__county,median_sale_price,level,structural_ma6,ma6_level,raw_structural_feature,raw_vs_structural_ma6,1226.249999999996,5224.011904761904,3997.7619047619078,11.0,7.0,3997.7619047619078,1.0,,
price_family_ma6_structural_linked,raw_source,st_mary_s_county_md__county,median_ppsf,level,raw_source,raw_level,raw_structural_feature,raw_vs_structural_ma6,0.7541628989285708,1.4060145140595322,0.6518516151309613,12.0,9.0,0.6518516151309613,1.0,,
price_family_ma6_structural_linked,structural_ma6,st_mary_s_county_md__county,median_ppsf,level,structural_ma6,ma6_level,raw_structural_feature,raw_vs_structural_ma6,0.7541628989285708,1.4060145140595322,0.6518516151309613,12.0,9.0,0.6518516151309613,1.0,,
price_family_ma6_structural_linked,raw_source,st_mary_s_county_md__county,median_sale_price,level,raw_source,raw_level,raw_structural_feature,raw_vs_structural_ma6,2004.017857142855,6465.511904761908,4461.494047619053,12.0,7.0,4461.494047619053,1.0,,
price_family_ma6_structural_linked,structural_ma6,st_mary_s_county_md__county,median_sale_price,level,structural_ma6,ma6_level,raw_structural_feature,raw_vs_structural_ma6,2004.017857142855,6465.511904761908,4461.494047619053,12.0,7.0,4461.494047619053,1.0,,
price_family_ma6_structural_linked,raw_source,stafford_county_va__county,median_ppsf,level,raw_source,raw_level,raw_structural_feature,raw_vs_structural_ma6,0.6506538755476166,1.5863565191071476,0.935702643559531,12.0,7.0,0.935702643559531,1.0,,
price_family_ma6_structural_linked,structural_ma6,stafford_county_va__county,median_ppsf,level,structural_ma6,ma6_level,raw_structural_feature,raw_vs_structural_ma6,0.6506538755476166,1.5863565191071476,0.935702643559531,12.0,7.0,0.935702643559531,1.0,,
price_family_ma6_structural_linked,raw_source,stafford_county_va__county,median_sale_price,level,raw_source,raw_level,raw_structural_feature,raw_vs_structural_ma6,1572.3095238095225,6043.974358974356,4471.664835164833,10.0,6.0,4471.664835164833,1.0,,
price_family_ma6_structural_linked,structural_ma6,stafford_county_va__county,median_sale_price,level,structural_ma6,ma6_level,raw_structural_feature,raw_vs_structural_ma6,1572.3095238095225,6043.974358974356,4471.664835164833,10.0,6.0,4471.664835164833,1.0,,
price_family_ma6_structural_linked,raw_source,stanislaus_county_ca__county,median_ppsf,level,raw_source,raw_level,raw_structural_feature,raw_vs_structural_ma6,0.8175842966025667,2.407232772576905,1.5896484759743386,2.0,8.0,1.5896484759743386,1.0,,
price_family_ma6_structural_linked,structural_ma6,stanislaus_county_ca__county,median_ppsf,level,structural_ma6,ma6_level,raw_structural_feature,raw_vs_structural_ma6,0.8175842966025667,2.407232772576905,1.5896484759743386,2.0,8.0,1.5896484759743386,1.0,,
price_family_ma6_structural_linked,raw_source,stanislaus_county_ca__county,median_sale_price,level,raw_source,raw_level,raw_structural_feature,raw_vs_structural_ma6,1949.5128205128242,4708.333333333333,2758.820512820509,3.0,7.0,2758.820512820509,1.0,,
price_family_ma6_structural_linked,structural_ma6,stanislaus_county_ca__county,median_sale_price,level,structural_ma6,ma6_level,raw_structural_feature,raw_vs_structural_ma6,1949.5128205128242,4708.333333333333,2758.820512820509,3.0,7.0,2758.820512820509,1.0,,
price_family_ma6_structural_linked,raw_source,staunton_va__county,median_ppsf,level,raw_source,raw_level,raw_structural_feature,raw_vs_structural_ma6,1.0791839615238144,2.4981847841071385,1.4190008225833242,12.0,9.0,1.4190008225833242,1.0,,
price_family_ma6_structural_linked,structural_ma6,staunton_va__county,median_ppsf,level,structural_ma6,ma6_level,raw_structural_feature,raw_vs_structural_ma6,1.0791839615238144,2.4981847841071385,1.4190008225833242,12.0,9.0,1.4190008225833242,1.0,,
price_family_ma6_structural_linked,raw_source,staunton_va__county,median_sale_price,level,raw_source,raw_level,raw_structural_feature,raw_vs_structural_ma6,2509.5238095238124,5184.076923076924,2674.5531135531114,11.0,6.0,2674.5531135531114,1.0,,
price_family_ma6_structural_linked,structural_ma6,staunton_va__county,median_sale_price,level,structural_ma6,ma6_level,raw_structural_feature,raw_vs_structural_ma6,2509.5238095238124,5184.076923076924,2674.5531135531114,11.0,6.0,2674.5531135531114,1.0,,
price_family_ma6_structural_linked,raw_source,staunton_va_metro_area__cbsa_metro,median_ppsf,level,raw_source,raw_level,raw_structural_feature,raw_vs_structural_ma6,0.5926042675714284,2.0440244757023853,1.451420208130957,12.0,7.0,1.451420208130957,1.0,,
price_family_ma6_structural_linked,structural_ma6,staunton_va_metro_area__cbsa_metro,median_ppsf,level,structural_ma6,ma6_level,raw_structural_feature,raw_vs_structural_ma6,0.5926042675714284,2.0440244757023853,1.451420208130957,12.0,7.0,1.451420208130957,1.0,,
price_family_ma6_structural_linked,raw_source,staunton_va_metro_area__cbsa_metro,median_sale_price,level,raw_source,raw_level,raw_structural_feature,raw_vs_structural_ma6,2012.708333333343,4576.53571428571,2563.827380952367,11.0,7.0,2563.827380952367,1.0,,
price_family_ma6_structural_linked,structural_ma6,staunton_va_metro_area__cbsa_metro,median_sale_price,level,structural_ma6,ma6_level,raw_structural_feature,raw_vs_structural_ma6,2012.708333333343,4576.53571428571,2563.827380952367,11.0,7.0,2563.827380952367,1.0,,
price_family_ma6_structural_linked,raw_source,stockton_ca_metro_area__cbsa_metro,median_ppsf,level,raw_source,raw_level,raw_structural_feature,raw_vs_structural_ma6,1.5238095238095266,2.0759523809523697,0.5521428571428431,7.0,10.0,0.5521428571428431,1.0,,
price_family_ma6_structural_linked,structural_ma6,stockton_ca_metro_area__cbsa_metro,median_ppsf,level,structural_ma6,ma6_level,raw_structural_feature,raw_vs_structural_ma6,1.5238095238095266,2.0759523809523697,0.5521428571428431,7.0,10.0,0.5521428571428431,1.0,,
price_family_ma6_structural_linked,raw_source,stockton_ca_metro_area__cbsa_metro,median_sale_price,level,raw_source,raw_level,raw_structural_feature,raw_vs_structural_ma6,1784.2976190476204,4917.261904761908,3132.964285714288,2.0,7.0,3132.964285714288,1.0,,
price_family_ma6_structural_linked,structural_ma6,stockton_ca_metro_area__cbsa_metro,median_sale_price,level,structural_ma6,ma6_level,raw_structural_feature,raw_vs_structural_ma6,1784.2976190476204,4917.261904761908,3132.964285714288,2.0,7.0,3132.964285714288,1.0,,
price_family_ma6_structural_linked,raw_source,suffolk_va__county,median_ppsf,level,raw_source,raw_level,raw_structural_feature,raw_vs_structural_ma6,0.5265331354305474,1.3621173903787849,0.8355842549482375,10.0,7.0,0.8355842549482375,1.0,,
price_family_ma6_structural_linked,structural_ma6,suffolk_va__county,median_ppsf,level,structural_ma6,ma6_level,raw_structural_feature,raw_vs_structural_ma6,0.5265331354305474,1.3621173903787849,0.8355842549482375,10.0,7.0,0.8355842549482375,1.0,,
price_family_ma6_structural_linked,raw_source,suffolk_va__county,median_sale_price,level,raw_source,raw_level,raw_structural_feature,raw_vs_structural_ma6,907.0138888888881,4353.363636363633,3446.349747474745,11.0,7.0,3446.349747474745,1.0,,
price_family_ma6_structural_linked,structural_ma6,suffolk_va__county,median_sale_price,level,structural_ma6,ma6_level,raw_structural_feature,raw_vs_structural_ma6,907.0138888888881,4353.363636363633,3446.349747474745,11.0,7.0,3446.349747474745,1.0,,
price_family_ma6_structural_linked,raw_source,susanville_ca_metro_area__cbsa_metro,median_ppsf,level,raw_source,raw_level,raw_structural_feature,raw_vs_structural_ma6,1.3466744452380952,4.541716979512826,3.19504253427473,12.0,4.0,3.19504253427473,1.0,,
price_family_ma6_structural_linked,structural_ma6,susanville_ca_metro_area__cbsa_metro,median_ppsf,level,structural_ma6,ma6_level,raw_structural_feature,raw_vs_structural_ma6,1.3466744452380952,4.541716979512826,3.19504253427473,12.0,4.0,3.19504253427473,1.0,,
price_family_ma6_structural_linked,raw_source,susanville_ca_metro_area__cbsa_metro,median_sale_price,level,raw_source,raw_level,raw_structural_feature,raw_vs_structural_ma6,3776.309523809524,7191.666666666668,3415.357142857144,12.0,8.0,3415.357142857144,1.0,,
price_family_ma6_structural_linked,structural_ma6,susanville_ca_metro_area__cbsa_metro,median_sale_price,level,structural_ma6,ma6_level,raw_structural_feature,raw_vs_structural_ma6,3776.309523809524,7191.666666666668,3415.357142857144,12.0,8.0,3415.357142857144,1.0,,
price_family_ma6_structural_linked,raw_source,sussex_county_nj__county,median_ppsf,level,raw_source,raw_level,raw_structural_feature,raw_vs_structural_ma6,1.4197239072424244,3.653452681116664,2.2337287738742395,4.0,7.0,2.2337287738742395,1.0,,
price_family_ma6_structural_linked,structural_ma6,sussex_county_nj__county,median_ppsf,level,structural_ma6,ma6_level,raw_structural_feature,raw_vs_structural_ma6,1.4197239072424244,3.653452681116664,2.2337287738742395,4.0,7.0,2.2337287738742395,1.0,,
price_family_ma6_structural_linked,raw_source,sussex_county_nj__county,median_sale_price,level,raw_source,raw_level,raw_structural_feature,raw_vs_structural_ma6,2078.333333333331,8593.766666666663,6515.433333333332,10.0,8.0,6515.433333333332,1.0,,
price_family_ma6_structural_linked,structural_ma6,sussex_county_nj__county,median_sale_price,level,structural_ma6,ma6_level,raw_structural_feature,raw_vs_structural_ma6,2078.333333333331,8593.766666666663,6515.433333333332,10.0,8.0,6515.433333333332,1.0,,
price_family_ma6_structural_linked,raw_source,sussex_county_va__county,median_ppsf,level,raw_source,raw_level,raw_structural_feature,raw_vs_structural_ma6,4.260226656690468,7.249524375107141,2.9892977184166734,12.0,3.0,2.9892977184166734,1.0,,
price_family_ma6_structural_linked,structural_ma6,sussex_county_va__county,median_ppsf,level,structural_ma6,ma6_level,raw_structural_feature,raw_vs_structural_ma6,4.260226656690468,7.249524375107141,2.9892977184166734,12.0,3.0,2.9892977184166734,1.0,,
price_family_ma6_structural_linked,raw_source,sussex_county_va__county,median_sale_price,level,raw_source,raw_level,raw_structural_feature,raw_vs_structural_ma6,6491.987179487181,18422.321428571428,11930.334249084248,7.0,1.0,11930.334249084248,1.0,,
price_family_ma6_structural_linked,structural_ma6,sussex_county_va__county,median_sale_price,level,structural_ma6,ma6_level,raw_structural_feature,raw_vs_structural_ma6,6491.987179487181,18422.321428571428,11930.334249084248,7.0,1.0,11930.334249084248,1.0,,
price_family_ma6_structural_linked,raw_source,sutter_county_ca__county,median_ppsf,level,raw_source,raw_level,raw_structural_feature,raw_vs_structural_ma6,1.0449385486190406,2.656316108095258,1.6113775594762174,2.0,7.0,1.6113775594762174,1.0,,
price_family_ma6_structural_linked,structural_ma6,sutter_county_ca__county,median_ppsf,level,structural_ma6,ma6_level,raw_structural_feature,raw_vs_structural_ma6,1.0449385486190406,2.656316108095258,1.6113775594762174,2.0,7.0,1.6113775594762174,1.0,,
price_family_ma6_structural_linked,raw_source,sutter_county_ca__county,median_sale_price,level,raw_source,raw_level,raw_structural_feature,raw_vs_structural_ma6,2449.4047619047737,5176.282051282048,2726.8772893772743,12.0,6.0,2726.8772893772743,1.0,,
price_family_ma6_structural_linked,structural_ma6,sutter_county_ca__county,median_sale_price,level,structural_ma6,ma6_level,raw_structural_feature,raw_vs_structural_ma6,2449.4047619047737,5176.282051282048,2726.8772893772743,12.0,6.0,2726.8772893772743,1.0,,
price_family_ma6_structural_linked,raw_source,talbot_county_md__county,median_ppsf,level,raw_source,raw_level,raw_structural_feature,raw_vs_structural_ma6,2.1597158498333267,3.5548877148095244,1.3951718649761977,11.0,8.0,1.3951718649761977,1.0,,
price_family_ma6_structural_linked,structural_ma6,talbot_county_md__county,median_ppsf,level,structural_ma6,ma6_level,raw_structural_feature,raw_vs_structural_ma6,2.1597158498333267,3.5548877148095244,1.3951718649761977,11.0,8.0,1.3951718649761977,1.0,,
price_family_ma6_structural_linked,raw_source,talbot_county_md__county,median_sale_price,level,raw_source,raw_level,raw_structural_feature,raw_vs_structural_ma6,6475.166666666665,13553.142857142857,7077.976190476192,12.0,10.0,7077.976190476192,1.0,,
price_family_ma6_structural_linked,structural_ma6,talbot_county_md__county,median_sale_price,level,structural_ma6,ma6_level,raw_structural_feature,raw_vs_structural_ma6,6475.166666666665,13553.142857142857,7077.976190476192,12.0,10.0,7077.976190476192,1.0,,
price_family_ma6_structural_linked,raw_source,tehama_county_ca__county,median_ppsf,level,raw_source,raw_level,raw_structural_feature,raw_vs_structural_ma6,1.3522627113214167,2.71568554627381,1.3634228349523931,10.0,7.0,1.3634228349523931,1.0,,
price_family_ma6_structural_linked,structural_ma6,tehama_county_ca__county,median_ppsf,level,structural_ma6,ma6_level,raw_structural_feature,raw_vs_structural_ma6,1.3522627113214167,2.71568554627381,1.3634228349523931,10.0,7.0,1.3634228349523931,1.0,,
price_family_ma6_structural_linked,raw_source,tehama_county_ca__county,median_sale_price,level,raw_source,raw_level,raw_structural_feature,raw_vs_structural_ma6,2390.4761904761835,5686.904761904763,3296.4285714285797,2.0,4.0,3296.4285714285797,1.0,,
price_family_ma6_structural_linked,structural_ma6,tehama_county_ca__county,median_sale_price,level,structural_ma6,ma6_level,raw_structural_feature,raw_vs_structural_ma6,2390.4761904761835,5686.904761904763,3296.4285714285797,2.0,4.0,3296.4285714285797,1.0,,
price_family_ma6_structural_linked,raw_source,trenton_nj_metro_area__cbsa_metro,median_ppsf,level,raw_source,raw_level,raw_structural_feature,raw_vs_structural_ma6,1.3588743077738132,5.139684215571427,3.780809907797614,11.0,8.0,3.780809907797614,1.0,,
price_family_ma6_structural_linked,structural_ma6,trenton_nj_metro_area__cbsa_metro,median_ppsf,level,structural_ma6,ma6_level,raw_structural_feature,raw_vs_structural_ma6,1.3588743077738132,5.139684215571427,3.780809907797614,11.0,8.0,3.780809907797614,1.0,,
price_family_ma6_structural_linked,raw_source,trenton_nj_metro_area__cbsa_metro,median_sale_price,level,raw_source,raw_level,raw_structural_feature,raw_vs_structural_ma6,2557.142857142859,12883.291666666668,10326.14880952381,11.0,8.0,10326.14880952381,1.0,,
price_family_ma6_structural_linked,structural_ma6,trenton_nj_metro_area__cbsa_metro,median_sale_price,level,structural_ma6,ma6_level,raw_structural_feature,raw_vs_structural_ma6,2557.142857142859,12883.291666666668,10326.14880952381,11.0,8.0,10326.14880952381,1.0,,
price_family_ma6_structural_linked,raw_source,truckee_ca_metro_area__cbsa_metro,median_ppsf,level,raw_source,raw_level,raw_structural_feature,raw_vs_structural_ma6,1.31905921498717,3.880355811846167,2.561296596858997,4.0,6.0,2.561296596858997,1.0,,
price_family_ma6_structural_linked,structural_ma6,truckee_ca_metro_area__cbsa_metro,median_ppsf,level,structural_ma6,ma6_level,raw_structural_feature,raw_vs_structural_ma6,1.31905921498717,3.880355811846167,2.561296596858997,4.0,6.0,2.561296596858997,1.0,,
price_family_ma6_structural_linked,raw_source,truckee_ca_metro_area__cbsa_metro,median_sale_price,level,raw_source,raw_level,raw_structural_feature,raw_vs_structural_ma6,4003.8461538461406,10288.690476190484,6284.844322344344,4.0,7.0,6284.844322344344,1.0,,
price_family_ma6_structural_linked,structural_ma6,truckee_ca_metro_area__cbsa_metro,median_sale_price,level,structural_ma6,ma6_level,raw_structural_feature,raw_vs_structural_ma6,4003.8461538461406,10288.690476190484,6284.844322344344,4.0,7.0,6284.844322344344,1.0,,
price_family_ma6_structural_linked,raw_source,tulare_county_ca__county,median_ppsf,level,raw_source,raw_level,raw_structural_feature,raw_vs_structural_ma6,0.7195207828214316,1.7762303173928597,1.0567095345714281,12.0,8.0,1.0567095345714281,1.0,,
price_family_ma6_structural_linked,structural_ma6,tulare_county_ca__county,median_ppsf,level,structural_ma6,ma6_level,raw_structural_feature,raw_vs_structural_ma6,0.7195207828214316,1.7762303173928597,1.0567095345714281,12.0,8.0,1.0567095345714281,1.0,,
price_family_ma6_structural_linked,raw_source,tulare_county_ca__county,median_sale_price,level,raw_source,raw_level,raw_structural_feature,raw_vs_structural_ma6,1713.3690476190427,3579.190476190471,1865.8214285714284,4.0,7.0,1865.8214285714284,1.0,,
price_family_ma6_structural_linked,structural_ma6,tulare_county_ca__county,median_sale_price,level,structural_ma6,ma6_level,raw_structural_feature,raw_vs_structural_ma6,1713.3690476190427,3579.190476190471,1865.8214285714284,4.0,7.0,1865.8214285714284,1.0,,
price_family_ma6_structural_linked,raw_source,tuolumne_county_ca__county,median_ppsf,level,raw_source,raw_level,raw_structural_feature,raw_vs_structural_ma6,1.7430995772976143,3.3806395525897326,1.6375399752921183,2.0,6.0,1.6375399752921183,1.0,,
price_family_ma6_structural_linked,structural_ma6,tuolumne_county_ca__county,median_ppsf,level,structural_ma6,ma6_level,raw_structural_feature,raw_vs_structural_ma6,1.7430995772976143,3.3806395525897326,1.6375399752921183,2.0,6.0,1.6375399752921183,1.0,,
price_family_ma6_structural_linked,raw_source,tuolumne_county_ca__county,median_sale_price,level,raw_source,raw_level,raw_structural_feature,raw_vs_structural_ma6,3729.166666666661,6454.82142857143,2725.654761904769,11.0,2.0,2725.654761904769,1.0,,
price_family_ma6_structural_linked,structural_ma6,tuolumne_county_ca__county,median_sale_price,level,structural_ma6,ma6_level,raw_structural_feature,raw_vs_structural_ma6,3729.166666666661,6454.82142857143,2725.654761904769,11.0,2.0,2725.654761904769,1.0,,
price_family_ma6_structural_linked,raw_source,ukiah_ca_metro_area__cbsa_metro,median_ppsf,level,raw_source,raw_level,raw_structural_feature,raw_vs_structural_ma6,2.4186410755475998,4.516734504345235,2.0980934287976356,11.0,9.0,2.0980934287976356,1.0,,
price_family_ma6_structural_linked,structural_ma6,ukiah_ca_metro_area__cbsa_metro,median_ppsf,level,structural_ma6,ma6_level,raw_structural_feature,raw_vs_structural_ma6,2.4186410755475998,4.516734504345235,2.0980934287976356,11.0,9.0,2.0980934287976356,1.0,,
price_family_ma6_structural_linked,raw_source,ukiah_ca_metro_area__cbsa_metro,median_sale_price,level,raw_source,raw_level,raw_structural_feature,raw_vs_structural_ma6,5085.897435897428,10804.077380952378,5718.17994505495,5.0,7.0,5718.17994505495,1.0,,
price_family_ma6_structural_linked,structural_ma6,ukiah_ca_metro_area__cbsa_metro,median_sale_price,level,structural_ma6,ma6_level,raw_structural_feature,raw_vs_structural_ma6,5085.897435897428,10804.077380952378,5718.17994505495,5.0,7.0,5718.17994505495,1.0,,
price_family_ma6_structural_linked,raw_source,union_county_nj__county,median_ppsf,level,raw_source,raw_level,raw_structural_feature,raw_vs_structural_ma6,1.72381578946665,6.835812989383337,5.111997199916686,10.0,8.0,5.111997199916686,1.0,,
price_family_ma6_structural_linked,structural_ma6,union_county_nj__county,median_ppsf,level,structural_ma6,ma6_level,raw_structural_feature,raw_vs_structural_ma6,1.72381578946665,6.835812989383337,5.111997199916686,10.0,8.0,5.111997199916686,1.0,,
price_family_ma6_structural_linked,raw_source,union_county_nj__county,median_sale_price,level,raw_source,raw_level,raw_structural_feature,raw_vs_structural_ma6,1814.393939393943,12225.000000000018,10410.606060606075,11.0,8.0,10410.606060606075,1.0,,
price_family_ma6_structural_linked,structural_ma6,union_county_nj__county,median_sale_price,level,structural_ma6,ma6_level,raw_structural_feature,raw_vs_structural_ma6,1814.393939393943,12225.000000000018,10410.606060606075,11.0,8.0,10410.606060606075,1.0,,
price_family_ma6_structural_linked,raw_source,vallejo_ca_metro_area__cbsa_metro,median_ppsf,level,raw_source,raw_level,raw_structural_feature,raw_vs_structural_ma6,1.4528134790357166,3.1339054893589795,1.681092010323263,2.0,6.0,1.681092010323263,1.0,,
price_family_ma6_structural_linked,structural_ma6,vallejo_ca_metro_area__cbsa_metro,median_ppsf,level,structural_ma6,ma6_level,raw_structural_feature,raw_vs_structural_ma6,1.4528134790357166,3.1339054893589795,1.681092010323263,2.0,6.0,1.681092010323263,1.0,,
price_family_ma6_structural_linked,raw_source,vallejo_ca_metro_area__cbsa_metro,median_sale_price,level,raw_source,raw_level,raw_structural_feature,raw_vs_structural_ma6,2595.833333333339,5637.000000000002,3041.166666666663,11.0,7.0,3041.166666666663,1.0,,
price_family_ma6_structural_linked,structural_ma6,vallejo_ca_metro_area__cbsa_metro,median_sale_price,level,structural_ma6,ma6_level,raw_structural_feature,raw_vs_structural_ma6,2595.833333333339,5637.000000000002,3041.166666666663,11.0,7.0,3041.166666666663,1.0,,
price_family_ma6_structural_linked,raw_source,ventura_county_ca__county,median_ppsf,level,raw_source,raw_level,raw_structural_feature,raw_vs_structural_ma6,1.8217672186666587,3.9800492041025803,2.158281985435922,1.0,6.0,2.158281985435922,1.0,,
price_family_ma6_structural_linked,structural_ma6,ventura_county_ca__county,median_ppsf,level,structural_ma6,ma6_level,raw_structural_feature,raw_vs_structural_ma6,1.8217672186666587,3.9800492041025803,2.158281985435922,1.0,6.0,2.158281985435922,1.0,,
price_family_ma6_structural_linked,raw_source,ventura_county_ca__county,median_sale_price,level,raw_source,raw_level,raw_structural_feature,raw_vs_structural_ma6,3151.7857142857224,9302.333333333332,6150.547619047609,2.0,6.0,6150.547619047609,1.0,,
price_family_ma6_structural_linked,structural_ma6,ventura_county_ca__county,median_sale_price,level,structural_ma6,ma6_level,raw_structural_feature,raw_vs_structural_ma6,3151.7857142857224,9302.333333333332,6150.547619047609,2.0,6.0,6150.547619047609,1.0,,
price_family_ma6_structural_linked,raw_source,vineland_nj_metro_area__cbsa_metro,median_ppsf,level,raw_source,raw_level,raw_structural_feature,raw_vs_structural_ma6,0.9372504814999932,2.546801737797616,1.6095512562976229,3.0,8.0,1.6095512562976229,1.0,,
price_family_ma6_structural_linked,structural_ma6,vineland_nj_metro_area__cbsa_metro,median_ppsf,level,structural_ma6,ma6_level,raw_structural_feature,raw_vs_structural_ma6,0.9372504814999932,2.546801737797616,1.6095512562976229,3.0,8.0,1.6095512562976229,1.0,,
price_family_ma6_structural_linked,raw_source,vineland_nj_metro_area__cbsa_metro,median_sale_price,level,raw_source,raw_level,raw_structural_feature,raw_vs_structural_ma6,1351.488095238093,3830.0595238095234,2478.5714285714303,3.0,7.0,2478.5714285714303,1.0,,
price_family_ma6_structural_linked,structural_ma6,vineland_nj_metro_area__cbsa_metro,median_sale_price,level,structural_ma6,ma6_level,raw_structural_feature,raw_vs_structural_ma6,1351.488095238093,3830.0595238095234,2478.5714285714303,3.0,7.0,2478.5714285714303,1.0,,
price_family_ma6_structural_linked,raw_source,virginia__state,median_ppsf,level,raw_source,raw_level,raw_structural_feature,raw_vs_structural_ma6,0.5920238095238071,0.7670238095238062,0.17499999999999916,4.0,11.0,0.17499999999999916,1.0,,
price_family_ma6_structural_linked,structural_ma6,virginia__state,median_ppsf,level,structural_ma6,ma6_level,raw_structural_feature,raw_vs_structural_ma6,0.5920238095238071,0.7670238095238062,0.17499999999999916,4.0,11.0,0.17499999999999916,1.0,,
price_family_ma6_structural_linked,raw_source,virginia__state,median_sale_price,level,raw_source,raw_level,raw_structural_feature,raw_vs_structural_ma6,1308.3690476190427,7215.392857142865,5907.023809523822,3.0,7.0,5907.023809523822,1.0,,
price_family_ma6_structural_linked,structural_ma6,virginia__state,median_sale_price,level,structural_ma6,ma6_level,raw_structural_feature,raw_vs_structural_ma6,1308.3690476190427,7215.392857142865,5907.023809523822,3.0,7.0,5907.023809523822,1.0,,
price_family_ma6_structural_linked,raw_source,virginia_beach_va__county,median_ppsf,level,raw_source,raw_level,raw_structural_feature,raw_vs_structural_ma6,0.5480031628611167,1.8816537791363714,1.3336506162752548,11.0,7.0,1.3336506162752548,1.0,,
price_family_ma6_structural_linked,structural_ma6,virginia_beach_va__county,median_ppsf,level,structural_ma6,ma6_level,raw_structural_feature,raw_vs_structural_ma6,0.5480031628611167,1.8816537791363714,1.3336506162752548,11.0,7.0,1.3336506162752548,1.0,,
price_family_ma6_structural_linked,raw_source,virginia_beach_va__county,median_sale_price,level,raw_source,raw_level,raw_structural_feature,raw_vs_structural_ma6,1347.4999999999975,4677.5909090909145,3330.090909090917,11.0,7.0,3330.090909090917,1.0,,
price_family_ma6_structural_linked,structural_ma6,virginia_beach_va__county,median_sale_price,level,structural_ma6,ma6_level,raw_structural_feature,raw_vs_structural_ma6,1347.4999999999975,4677.5909090909145,3330.090909090917,11.0,7.0,3330.090909090917,1.0,,
price_family_ma6_structural_linked,raw_source,virginia_beach_va_metro_area__cbsa_metro,median_ppsf,level,raw_source,raw_level,raw_structural_feature,raw_vs_structural_ma6,0.6201282051282073,0.7570238095238133,0.136895604395606,6.0,12.0,0.136895604395606,1.0,,
price_family_ma6_structural_linked,structural_ma6,virginia_beach_va_metro_area__cbsa_metro,median_ppsf,level,structural_ma6,ma6_level,raw_structural_feature,raw_vs_structural_ma6,0.6201282051282073,0.7570238095238133,0.136895604395606,6.0,12.0,0.136895604395606,1.0,,
price_family_ma6_structural_linked,raw_source,virginia_beach_va_metro_area__cbsa_metro,median_sale_price,level,raw_source,raw_level,raw_structural_feature,raw_vs_structural_ma6,932.1785714285735,5351.571428571428,4419.392857142855,3.0,7.0,4419.392857142855,1.0,,
price_family_ma6_structural_linked,structural_ma6,virginia_beach_va_metro_area__cbsa_metro,median_sale_price,level,structural_ma6,ma6_level,raw_structural_feature,raw_vs_structural_ma6,932.1785714285735,5351.571428571428,4419.392857142855,3.0,7.0,4419.392857142855,1.0,,
price_family_ma6_structural_linked,raw_source,visalia_ca_metro_area__cbsa_metro,median_ppsf,level,raw_source,raw_level,raw_structural_feature,raw_vs_structural_ma6,0.6789892332142803,1.8461312842142874,1.167142051000007,12.0,7.0,1.167142051000007,1.0,,
price_family_ma6_structural_linked,structural_ma6,visalia_ca_metro_area__cbsa_metro,median_ppsf,level,structural_ma6,ma6_level,raw_structural_feature,raw_vs_structural_ma6,0.6789892332142803,1.8461312842142874,1.167142051000007,12.0,7.0,1.167142051000007,1.0,,
price_family_ma6_structural_linked,raw_source,visalia_ca_metro_area__cbsa_metro,median_sale_price,level,raw_source,raw_level,raw_structural_feature,raw_vs_structural_ma6,1638.2142857142899,3608.9583333333253,1970.7440476190354,2.0,7.0,1970.7440476190354,1.0,,
price_family_ma6_structural_linked,structural_ma6,visalia_ca_metro_area__cbsa_metro,median_sale_price,level,structural_ma6,ma6_level,raw_structural_feature,raw_vs_structural_ma6,1638.2142857142899,3608.9583333333253,1970.7440476190354,2.0,7.0,1970.7440476190354,1.0,,
price_family_ma6_structural_linked,raw_source,warren_county_va__county,median_ppsf,level,raw_source,raw_level,raw_structural_feature,raw_vs_structural_ma6,1.4099034159523833,2.453844280059523,1.0439408641071395,3.0,2.0,1.0439408641071395,1.0,,
price_family_ma6_structural_linked,structural_ma6,warren_county_va__county,median_ppsf,level,structural_ma6,ma6_level,raw_structural_feature,raw_vs_structural_ma6,1.4099034159523833,2.453844280059523,1.0439408641071395,3.0,2.0,1.0439408641071395,1.0,,
price_family_ma6_structural_linked,raw_source,warren_county_va__county,median_sale_price,level,raw_source,raw_level,raw_structural_feature,raw_vs_structural_ma6,2566.0714285714243,5286.309523809522,2720.2380952380977,1.0,7.0,2720.2380952380977,1.0,,
price_family_ma6_structural_linked,structural_ma6,warren_county_va__county,median_sale_price,level,structural_ma6,ma6_level,raw_structural_feature,raw_vs_structural_ma6,2566.0714285714243,5286.309523809522,2720.2380952380977,1.0,7.0,2720.2380952380977,1.0,,
price_family_ma6_structural_linked,raw_source,washington_county_md__county,median_ppsf,level,raw_source,raw_level,raw_structural_feature,raw_vs_structural_ma6,0.6273692328690531,1.9163394033974375,1.2889701705283843,11.0,6.0,1.2889701705283843,1.0,,
price_family_ma6_structural_linked,structural_ma6,washington_county_md__county,median_ppsf,level,structural_ma6,ma6_level,raw_structural_feature,raw_vs_structural_ma6,0.6273692328690531,1.9163394033974375,1.2889701705283843,11.0,6.0,1.2889701705283843,1.0,,
price_family_ma6_structural_linked,raw_source,washington_county_md__county,median_sale_price,level,raw_source,raw_level,raw_structural_feature,raw_vs_structural_ma6,2337.9166666666633,5617.857142857145,3279.9404761904816,11.0,7.0,3279.9404761904816,1.0,,
price_family_ma6_structural_linked,structural_ma6,washington_county_md__county,median_sale_price,level,structural_ma6,ma6_level,raw_structural_feature,raw_vs_structural_ma6,2337.9166666666633,5617.857142857145,3279.9404761904816,11.0,7.0,3279.9404761904816,1.0,,
price_family_ma6_structural_linked,raw_source,washington_dc_metro_area__cbsa_metro,median_ppsf,level,raw_source,raw_level,raw_structural_feature,raw_vs_structural_ma6,0.8728571428571387,1.1674999999999938,0.2946428571428551,10.0,2.0,0.2946428571428551,1.0,,
price_family_ma6_structural_linked,structural_ma6,washington_dc_metro_area__cbsa_metro,median_ppsf,level,structural_ma6,ma6_level,raw_structural_feature,raw_vs_structural_ma6,0.8728571428571387,1.1674999999999938,0.2946428571428551,10.0,2.0,0.2946428571428551,1.0,,
price_family_ma6_structural_linked,raw_source,washington_dc_metro_area__cbsa_metro,median_sale_price,level,raw_source,raw_level,raw_structural_feature,raw_vs_structural_ma6,1408.8095238095225,8922.380952380963,7513.57142857144,9.0,7.0,7513.57142857144,1.0,,
price_family_ma6_structural_linked,structural_ma6,washington_dc_metro_area__cbsa_metro,median_sale_price,level,structural_ma6,ma6_level,raw_structural_feature,raw_vs_structural_ma6,1408.8095238095225,8922.380952380963,7513.57142857144,9.0,7.0,7513.57142857144,1.0,,
price_family_ma6_structural_linked,raw_source,waynesboro_va__county,median_ppsf,level,raw_source,raw_level,raw_structural_feature,raw_vs_structural_ma6,1.288401386392861,2.9156120615238166,1.6272106751309556,3.0,7.0,1.6272106751309556,1.0,,
price_family_ma6_structural_linked,structural_ma6,waynesboro_va__county,median_ppsf,level,structural_ma6,ma6_level,raw_structural_feature,raw_vs_structural_ma6,1.288401386392861,2.9156120615238166,1.6272106751309556,3.0,7.0,1.6272106751309556,1.0,,
price_family_ma6_structural_linked,raw_source,waynesboro_va__county,median_sale_price,level,raw_source,raw_level,raw_structural_feature,raw_vs_structural_ma6,2197.4166666666674,7459.28571428571,5261.869047619042,11.0,7.0,5261.869047619042,1.0,,
price_family_ma6_structural_linked,structural_ma6,waynesboro_va__county,median_sale_price,level,structural_ma6,ma6_level,raw_structural_feature,raw_vs_structural_ma6,2197.4166666666674,7459.28571428571,5261.869047619042,11.0,7.0,5261.869047619042,1.0,,
price_family_ma6_structural_linked,raw_source,williamsburg_va__county,median_ppsf,level,raw_source,raw_level,raw_structural_feature,raw_vs_structural_ma6,2.604549916924252,5.9132180728333275,3.3086681559090754,6.0,10.0,3.3086681559090754,1.0,,
price_family_ma6_structural_linked,structural_ma6,williamsburg_va__county,median_ppsf,level,structural_ma6,ma6_level,raw_structural_feature,raw_vs_structural_ma6,2.604549916924252,5.9132180728333275,3.3086681559090754,6.0,10.0,3.3086681559090754,1.0,,
price_family_ma6_structural_linked,raw_source,williamsburg_va__county,median_sale_price,level,raw_source,raw_level,raw_structural_feature,raw_vs_structural_ma6,9649.125,23474.01388888891,13824.888888888909,3.0,5.0,13824.888888888909,1.0,,
price_family_ma6_structural_linked,structural_ma6,williamsburg_va__county,median_sale_price,level,structural_ma6,ma6_level,raw_structural_feature,raw_vs_structural_ma6,9649.125,23474.01388888891,13824.888888888909,3.0,5.0,13824.888888888909,1.0,,
price_family_ma6_structural_linked,raw_source,winchester_va__county,median_ppsf,level,raw_source,raw_level,raw_structural_feature,raw_vs_structural_ma6,1.6152312932619068,3.5215468917179598,1.906315598456053,4.0,6.0,1.906315598456053,1.0,,
price_family_ma6_structural_linked,structural_ma6,winchester_va__county,median_ppsf,level,structural_ma6,ma6_level,raw_structural_feature,raw_vs_structural_ma6,1.6152312932619068,3.5215468917179598,1.906315598456053,4.0,6.0,1.906315598456053,1.0,,
price_family_ma6_structural_linked,raw_source,winchester_va__county,median_sale_price,level,raw_source,raw_level,raw_structural_feature,raw_vs_structural_ma6,3838.6785714285757,6820.946428571428,2982.267857142853,2.0,10.0,2982.267857142853,1.0,,
price_family_ma6_structural_linked,structural_ma6,winchester_va__county,median_sale_price,level,structural_ma6,ma6_level,raw_structural_feature,raw_vs_structural_ma6,3838.6785714285757,6820.946428571428,2982.267857142853,2.0,10.0,2982.267857142853,1.0,,
price_family_ma6_structural_linked,raw_source,winchester_va_metro_area__cbsa_metro,median_ppsf,level,raw_source,raw_level,raw_structural_feature,raw_vs_structural_ma6,0.7039169158333262,1.9555037957948782,1.2515868799615522,11.0,6.0,1.2515868799615522,1.0,,
price_family_ma6_structural_linked,structural_ma6,winchester_va_metro_area__cbsa_metro,median_ppsf,level,structural_ma6,ma6_level,raw_structural_feature,raw_vs_structural_ma6,0.7039169158333262,1.9555037957948782,1.2515868799615522,11.0,6.0,1.2515868799615522,1.0,,
price_family_ma6_structural_linked,raw_source,winchester_va_metro_area__cbsa_metro,median_sale_price,level,raw_source,raw_level,raw_structural_feature,raw_vs_structural_ma6,2268.6845238095225,5180.29761904762,2911.6130952380977,9.0,7.0,2911.6130952380977,1.0,,
price_family_ma6_structural_linked,structural_ma6,winchester_va_metro_area__cbsa_metro,median_sale_price,level,structural_ma6,ma6_level,raw_structural_feature,raw_vs_structural_ma6,2268.6845238095225,5180.29761904762,2911.6130952380977,9.0,7.0,2911.6130952380977,1.0,,
price_family_ma6_structural_linked,raw_source,wise_county_va__county,median_ppsf,level,raw_source,raw_level,raw_structural_feature,raw_vs_structural_ma6,1.6476276326794879,2.6311287317361116,0.9835010990566238,5.0,6.0,0.9835010990566238,1.0,,
price_family_ma6_structural_linked,structural_ma6,wise_county_va__county,median_ppsf,level,structural_ma6,ma6_level,raw_structural_feature,raw_vs_structural_ma6,1.6476276326794879,2.6311287317361116,0.9835010990566238,5.0,6.0,0.9835010990566238,1.0,,
price_family_ma6_structural_linked,raw_source,wise_county_va__county,median_sale_price,level,raw_source,raw_level,raw_structural_feature,raw_vs_structural_ma6,3040.4583333333335,6790.666666666665,3750.2083333333317,8.0,4.0,3750.2083333333317,1.0,,
price_family_ma6_structural_linked,structural_ma6,wise_county_va__county,median_sale_price,level,structural_ma6,ma6_level,raw_structural_feature,raw_vs_structural_ma6,3040.4583333333335,6790.666666666665,3750.2083333333317,8.0,4.0,3750.2083333333317,1.0,,
price_family_ma6_structural_linked,raw_source,yolo_county_ca__county,median_ppsf,level,raw_source,raw_level,raw_structural_feature,raw_vs_structural_ma6,2.0575941429761917,5.497961004628208,3.4403668616520164,2.0,6.0,3.4403668616520164,1.0,,
price_family_ma6_structural_linked,structural_ma6,yolo_county_ca__county,median_ppsf,level,structural_ma6,ma6_level,raw_structural_feature,raw_vs_structural_ma6,2.0575941429761917,5.497961004628208,3.4403668616520164,2.0,6.0,3.4403668616520164,1.0,,
price_family_ma6_structural_linked,raw_source,yolo_county_ca__county,median_sale_price,level,raw_source,raw_level,raw_structural_feature,raw_vs_structural_ma6,2865.3571428571327,9090.892857142857,6225.535714285725,3.0,7.0,6225.535714285725,1.0,,
price_family_ma6_structural_linked,structural_ma6,yolo_county_ca__county,median_sale_price,level,structural_ma6,ma6_level,raw_structural_feature,raw_vs_structural_ma6,2865.3571428571327,9090.892857142857,6225.535714285725,3.0,7.0,6225.535714285725,1.0,,
price_family_ma6_structural_linked,raw_source,york_county_va__county,median_ppsf,level,raw_source,raw_level,raw_structural_feature,raw_vs_structural_ma6,0.7287155748055673,1.6803780741969712,0.9516624993914039,9.0,7.0,0.9516624993914039,1.0,,
price_family_ma6_structural_linked,structural_ma6,york_county_va__county,median_ppsf,level,structural_ma6,ma6_level,raw_structural_feature,raw_vs_structural_ma6,0.7287155748055673,1.6803780741969712,0.9516624993914039,9.0,7.0,0.9516624993914039,1.0,,
price_family_ma6_structural_linked,raw_source,york_county_va__county,median_sale_price,level,raw_source,raw_level,raw_structural_feature,raw_vs_structural_ma6,3138.5555555555525,6385.347222222204,3246.791666666652,9.0,5.0,3246.791666666652,1.0,,
price_family_ma6_structural_linked,structural_ma6,york_county_va__county,median_sale_price,level,structural_ma6,ma6_level,raw_structural_feature,raw_vs_structural_ma6,3138.5555555555525,6385.347222222204,3246.791666666652,9.0,5.0,3246.791666666652,1.0,,
price_family_ma6_structural_linked,raw_source,yuba_city_ca_metro_area__cbsa_metro,median_ppsf,level,raw_source,raw_level,raw_structural_feature,raw_vs_structural_ma6,0.9249075444047686,2.5612417326190533,1.6363341882142848,2.0,7.0,1.6363341882142848,1.0,,
price_family_ma6_structural_linked,structural_ma6,yuba_city_ca_metro_area__cbsa_metro,median_ppsf,level,structural_ma6,ma6_level,raw_structural_feature,raw_vs_structural_ma6,0.9249075444047686,2.5612417326190533,1.6363341882142848,2.0,7.0,1.6363341882142848,1.0,,
price_family_ma6_structural_linked,raw_source,yuba_city_ca_metro_area__cbsa_metro,median_sale_price,level,raw_source,raw_level,raw_structural_feature,raw_vs_structural_ma6,1750.5952380952388,4913.461538461541,3162.8663003663023,12.0,6.0,3162.8663003663023,1.0,,
price_family_ma6_structural_linked,structural_ma6,yuba_city_ca_metro_area__cbsa_metro,median_sale_price,level,structural_ma6,ma6_level,raw_structural_feature,raw_vs_structural_ma6,1750.5952380952388,4913.461538461541,3162.8663003663023,12.0,6.0,3162.8663003663023,1.0,,
price_family_ma6_structural_linked,raw_source,yuba_county_ca__county,median_ppsf,level,raw_source,raw_level,raw_structural_feature,raw_vs_structural_ma6,0.9952461193452403,2.509717352583333,1.5144712332380927,2.0,7.0,1.5144712332380927,1.0,,
price_family_ma6_structural_linked,structural_ma6,yuba_county_ca__county,median_ppsf,level,structural_ma6,ma6_level,raw_structural_feature,raw_vs_structural_ma6,0.9952461193452403,2.509717352583333,1.5144712332380927,2.0,7.0,1.5144712332380927,1.0,,
price_family_ma6_structural_linked,raw_source,yuba_county_ca__county,median_sale_price,level,raw_source,raw_level,raw_structural_feature,raw_vs_structural_ma6,2170.833333333339,4908.333333333332,2737.499999999993,12.0,6.0,2737.499999999993,1.0,,
price_family_ma6_structural_linked,structural_ma6,yuba_county_ca__county,median_sale_price,level,structural_ma6,ma6_level,raw_structural_feature,raw_vs_structural_ma6,2170.833333333339,4908.333333333332,2737.499999999993,12.0,6.0,2737.499999999993,1.0,,
price_family_ma6_structural_linked,baseline,alameda_county_ca__county,median_ppsf,,,,metric_score,baseline_vs_challenger,0.1682215167408887,0.4560595731141324,0.2878380563732437,3.0,2.0,0.2878380563732437,1.0,,
price_family_ma6_structural_linked,challenger,alameda_county_ca__county,median_ppsf,,,,metric_score,baseline_vs_challenger,0.05919339620847826,0.1682414779761557,0.10904808176767745,1.0,10.0,0.2878380563732437,0.37885220301193684,,
price_family_ma6_structural_linked,baseline,alameda_county_ca__county,median_sale_price,,,,metric_score,baseline_vs_challenger,0.1493139846810102,0.5340928608924201,0.38477887621140994,8.0,2.0,0.38477887621140994,1.0,,
price_family_ma6_structural_linked,challenger,alameda_county_ca__county,median_sale_price,,,,metric_score,baseline_vs_challenger,0.046714772877035675,0.19056765006106105,0.14385287718402537,2.0,4.0,0.38477887621140994,0.37385856157287584,,
price_family_ma6_structural_linked,baseline,alameda_county_ca__county,payment_burden,,,,metric_score,baseline_vs_challenger,0.1336969609138593,0.4426560638312802,0.3089591029174209,9.0,12.0,0.3089591029174209,1.0,,
price_family_ma6_structural_linked,challenger,alameda_county_ca__county,payment_burden,,,,metric_score,baseline_vs_challenger,0.04968919684064573,0.30969688338566753,0.2600076865450218,10.0,12.0,0.3089591029174209,0.8415602068035428,,
price_family_ma6_structural_linked,baseline,alameda_county_ca__county,price_to_income,,,,metric_score,baseline_vs_challenger,0.14451786670648722,0.5182601884426098,0.37374232173612254,1.0,12.0,0.37374232173612254,1.0,,
price_family_ma6_structural_linked,challenger,alameda_county_ca__county,price_to_income,,,,metric_score,baseline_vs_challenger,0.0682142207133866,0.3861039175045358,0.3178896967911492,2.0,12.0,0.37374232173612254,0.8505584685043842,,
price_family_ma6_structural_linked,baseline,district_of_columbia_dc__county,median_ppsf,,,,metric_score,baseline_vs_challenger,0.3354882298493569,0.8038004357870253,0.4683122059376684,6.0,2.0,0.4683122059376684,1.0,,
price_family_ma6_structural_linked,challenger,district_of_columbia_dc__county,median_ppsf,,,,metric_score,baseline_vs_challenger,0.08058779905033776,0.19523458767967805,0.11464678862934029,2.0,9.0,0.4683122059376684,0.2448084572124084,,
price_family_ma6_structural_linked,baseline,district_of_columbia_dc__county,median_sale_price,,,,metric_score,baseline_vs_challenger,0.2646327647532893,0.8213866433008544,0.5567538785475652,8.0,2.0,0.5567538785475652,1.0,,
price_family_ma6_structural_linked,challenger,district_of_columbia_dc__county,median_sale_price,,,,metric_score,baseline_vs_challenger,0.11972581964067235,0.2736948749882668,0.15396905534759442,1.0,5.0,0.5567538785475652,0.27654779118784417,,
price_family_ma6_structural_linked,baseline,district_of_columbia_dc__county,payment_burden,,,,metric_score,baseline_vs_challenger,0.1791700269011221,0.5790640983984182,0.3998940714972961,8.0,2.0,0.3998940714972961,1.0,,
price_family_ma6_structural_linked,challenger,district_of_columbia_dc__county,payment_burden,,,,metric_score,baseline_vs_challenger,0.08135293237642496,0.3651354923629819,0.2837825599865569,6.0,12.0,0.3998940714972961,0.7096443288694159,,
price_family_ma6_structural_linked,baseline,district_of_columbia_dc__county,price_to_income,,,,metric_score,baseline_vs_challenger,0.21037074838606878,0.6124389350706128,0.40206818668454397,8.0,10.0,0.40206818668454397,1.0,,
price_family_ma6_structural_linked,challenger,district_of_columbia_dc__county,price_to_income,,,,metric_score,baseline_vs_challenger,0.08495274072492427,0.4100093594081404,0.3250566186832161,8.0,12.0,0.40206818668454397,0.8084614238287152,,
price_family_ma6_structural_linked,baseline,alameda_county_ca__county,,,,,dimension_score,baseline_vs_challenger,0.14547428134122511,0.480458126136945,0.33498384479571985,1.0,12.0,0.33498384479571985,1.0,affordability,
price_family_ma6_structural_linked,challenger,alameda_county_ca__county,,,,,dimension_score,baseline_vs_challenger,0.05334856716439188,0.3435064610511623,0.2901578938867704,10.0,12.0,0.33498384479571985,0.8661847381437595,affordability,
price_family_ma6_structural_linked,baseline,alameda_county_ca__county,,,,,dimension_score,baseline_vs_challenger,0.1402392826176635,0.48615084517257784,0.34591156255491434,8.0,2.0,0.34591156255491434,1.0,price,
price_family_ma6_structural_linked,challenger,alameda_county_ca__county,,,,,dimension_score,baseline_vs_challenger,0.04781484688570587,0.1740519596968902,0.12623711281118433,2.0,4.0,0.34591156255491434,0.36494042546248756,price,
price_family_ma6_structural_linked,baseline,district_of_columbia_dc__county,,,,,dimension_score,baseline_vs_challenger,0.1869166389156695,0.5836483823126457,0.3967317433969762,8.0,2.0,0.3967317433969762,1.0,affordability,
price_family_ma6_structural_linked,challenger,district_of_columbia_dc__county,,,,,dimension_score,baseline_vs_challenger,0.07468235133917668,0.3843229467301525,0.3096405953909758,1.0,12.0,0.3967317433969762,0.780478498492984,affordability,
price_family_ma6_structural_linked,baseline,district_of_columbia_dc__county,,,,,dimension_score,baseline_vs_challenger,0.12526517597905565,0.7168122111675336,0.591547035188478,8.0,2.0,0.591547035188478,1.0,price,
price_family_ma6_structural_linked,challenger,district_of_columbia_dc__county,,,,,dimension_score,baseline_vs_challenger,0.07831242904732856,0.17751974584779265,0.09920731680046409,2.0,4.0,0.591547035188478,0.16770824786376418,price,
price_family_ma6_structural_linked,baseline,alameda_county_ca__county,,,,,axis_score,baseline_vs_challenger,0.07051369737941726,0.17542114065962167,0.1049074432802044,11.0,2.0,0.1049074432802044,1.0,,demand
price_family_ma6_structural_linked,challenger,alameda_county_ca__county,,,,,axis_score,baseline_vs_challenger,0.061704418810576124,0.1562188430847888,0.0945144242742127,3.0,2.0,0.1049074432802044,0.9009315384969178,,demand
price_family_ma6_structural_linked,baseline,district_of_columbia_dc__county,,,,,axis_score,baseline_vs_challenger,0.06053747900253037,0.17973014723857358,0.11919266823604321,6.0,8.0,0.11919266823604321,1.0,,demand
price_family_ma6_structural_linked,challenger,district_of_columbia_dc__county,,,,,axis_score,baseline_vs_challenger,0.06997232606034658,0.17697913786143574,0.10700681180108916,6.0,8.0,0.11919266823604321,0.8977633724012135,,demand
