geo_id,date,reported_axis_score,affordability,price,capital_markets,demand,affordability_configured_weight,affordability_level_contribution,capital_markets_configured_weight,capital_markets_level_contribution,demand_configured_weight,demand_level_contribution,price_configured_weight,price_level_contribution,available_dimension_count,complete_dimension_coverage,reconstructed_axis_score,axis_reconstruction_residual,absolute_reconstruction_residual,axis_change,reconstructed_axis_change,axis_change_reconstruction_residual,absolute_axis_change,affordability_score_change,affordability_change_contribution,affordability_absolute_change_contribution,affordability_aligned_with_axis,affordability_opposes_axis,affordability_directional_contribution,affordability_aligned_magnitude,affordability_opposing_magnitude,capital_markets_score_change,capital_markets_change_contribution,capital_markets_absolute_change_contribution,capital_markets_aligned_with_axis,capital_markets_opposes_axis,capital_markets_directional_contribution,capital_markets_aligned_magnitude,capital_markets_opposing_magnitude,demand_score_change,demand_change_contribution,demand_absolute_change_contribution,demand_aligned_with_axis,demand_opposes_axis,demand_directional_contribution,demand_aligned_magnitude,demand_opposing_magnitude,price_score_change,price_change_contribution,price_absolute_change_contribution,price_aligned_with_axis,price_opposes_axis,price_directional_contribution,price_aligned_magnitude,price_opposing_magnitude,gross_component_activity,aligned_component_activity,opposing_component_activity,cross_dimension_cancellation_amount,cross_dimension_cancellation_rate,axis_change_material,affordability_absolute_activity_share,affordability_aligned_activity_share,affordability_opposing_activity_share,affordability_net_axis_change_ratio,capital_markets_absolute_activity_share,capital_markets_aligned_activity_share,capital_markets_opposing_activity_share,capital_markets_net_axis_change_ratio,demand_absolute_activity_share,demand_aligned_activity_share,demand_opposing_activity_share,demand_net_axis_change_ratio,price_absolute_activity_share,price_aligned_activity_share,price_opposing_activity_share,price_net_axis_change_ratio,dominant_absolute_dimension,dominant_aligned_dimension
alameda_county_ca__county,2015-01-31,0.5716050167884033,,,,,0.1,,0.1,,0.65,,0.15,,0,False,,,,,,,,,,,False,True,,,,,,,False,True,,,,,,,False,True,,,,,,,False,True,,,,,,,,,False,,,,,,,,,,,,,,,,,,
alameda_county_ca__county,2015-02-28,0.6750268046404172,,,,,0.1,,0.1,,0.65,,0.15,,0,False,,,,0.10342178785201395,,,0.10342178785201395,,,,False,True,,,,,,,False,True,,,,,,,False,True,,,,,,,False,True,,,,,,,,,True,,,,,,,,,,,,,,,,,,
alameda_county_ca__county,2015-03-31,0.6503880755752092,,,,,0.1,,0.1,,0.65,,0.15,,0,False,,,,-0.02463872906520803,,,0.02463872906520803,,,,False,True,,,,,,,False,True,,,,,,,False,True,,,,,,,False,True,,,,,,,,,True,,,,,,,,,,,,,,,,,,
alameda_county_ca__county,2015-04-30,0.6773658223081255,,,,,0.1,,0.1,,0.65,,0.15,,0,False,,,,0.026977746732916308,,,0.026977746732916308,,,,False,True,,,,,,,False,True,,,,,,,False,True,,,,,,,False,True,,,,,,,,,True,,,,,,,,,,,,,,,,,,
alameda_county_ca__county,2015-05-31,0.6624269881209429,,,,,0.1,,0.1,,0.65,,0.15,,0,False,,,,-0.01493883418718256,,,0.01493883418718256,,,,False,True,,,,,,,False,True,,,,,,,False,True,,,,,,,False,True,,,,,,,,,True,,,,,,,,,,,,,,,,,,
alameda_county_ca__county,2015-06-30,0.4547188714024253,,,,,0.1,,0.1,,0.65,,0.15,,0,False,,,,-0.20770811671851763,,,0.20770811671851763,,,,False,True,,,,,,,False,True,,,,,,,False,True,,,,,,,False,True,,,,,,,,,True,,,,,,,,,,,,,,,,,,
alameda_county_ca__county,2015-07-31,0.5941751149652795,,,,,0.1,,0.1,,0.65,,0.15,,0,False,,,,0.13945624356285424,,,0.13945624356285424,,,,False,True,,,,,,,False,True,,,,,,,False,True,,,,,,,False,True,,,,,,,,,True,,,,,,,,,,,,,,,,,,
alameda_county_ca__county,2015-08-31,0.5825023377658626,,,,,0.1,,0.1,,0.65,,0.15,,0,False,,,,-0.01167277719941695,,,0.01167277719941695,,,,False,True,,,,,,,False,True,,,,,,,False,True,,,,,,,False,True,,,,,,,,,True,,,,,,,,,,,,,,,,,,
alameda_county_ca__county,2015-09-30,0.5772506453768854,,,,,0.1,,0.1,,0.65,,0.15,,0,False,,,,-0.005251692388977158,,,0.005251692388977158,,,,False,True,,,,,,,False,True,,,,,,,False,True,,,,,,,False,True,,,,,,,,,False,,,,,,,,,,,,,,,,,,
alameda_county_ca__county,2015-10-31,0.5572335812632304,,,,,0.1,,0.1,,0.65,,0.15,,0,False,,,,-0.020017064113655003,,,0.020017064113655003,,,,False,True,,,,,,,False,True,,,,,,,False,True,,,,,,,False,True,,,,,,,,,True,,,,,,,,,,,,,,,,,,
alameda_county_ca__county,2015-11-30,0.4442094628197227,-0.98,0.98,,,0.1,-0.098,0.1,,0.65,,0.15,0.147,2,False,,,,-0.11302411844350774,,,0.11302411844350774,,,,False,True,,,,,,,False,True,,,,,,,False,True,,,,,,,False,True,,,,,,,,,True,,,,,,,,,,,,,,,,,,
alameda_county_ca__county,2015-12-31,0.5209946034055527,-0.5405405405405406,0.98,,,0.1,-0.05405405405405406,0.1,,0.65,,0.15,0.147,2,False,,,,0.07678514058583003,,,0.07678514058583003,0.4394594594594594,0.04394594594594595,0.04394594594594595,True,False,0.04394594594594595,0.04394594594594595,0.0,,,,False,True,,,,,,,False,True,,,,0.0,0.0,0.0,False,False,0.0,0.0,-0.0,,,,,,True,,,,0.5723235721216581,,,,,,,,,,,,0.0,affordability,affordability
alameda_county_ca__county,2016-01-31,0.6251313150193646,-0.6578947368421053,0.98,,,0.1,-0.06578947368421054,0.1,,0.65,,0.15,0.147,2,False,,,,0.10413671161381188,,,0.10413671161381188,-0.11735419630156474,-0.011735419630156474,0.011735419630156474,False,True,-0.011735419630156474,0.0,0.011735419630156474,,,,False,True,,,,,,,False,True,,,,0.0,0.0,0.0,False,False,0.0,0.0,-0.0,,,,,,True,,,,-0.11269243524490147,,,,,,,,,,,,0.0,affordability,affordability
alameda_county_ca__county,2016-02-29,0.609036635220354,-0.2332112332112331,0.3822222222222222,,,0.1,-0.02332112332112331,0.1,,0.65,,0.15,0.057333333333333326,2,False,,,,-0.01609467979901058,,,0.01609467979901058,0.4246835036308722,0.04246835036308722,0.04246835036308722,False,True,-0.04246835036308722,0.0,0.04246835036308722,,,,False,True,,,,,,,False,True,,,,-0.5977777777777777,-0.08966666666666666,0.08966666666666666,True,False,0.08966666666666666,0.08966666666666666,0.0,,,,,,True,,,,-2.638657674053134,,,,,,,,,,,,5.5711991655888,price,price
alameda_county_ca__county,2016-03-31,0.4466825321305282,-0.3947876447876448,0.0924324324324324,,,0.1,-0.03947876447876448,0.1,,0.65,,0.15,0.01386486486486486,2,False,,,,-0.16235410308982579,,,0.16235410308982579,-0.16157641157641167,-0.016157641157641168,0.016157641157641168,True,False,0.016157641157641168,0.016157641157641168,0.0,,,,False,True,,,,,,,False,True,,,,-0.28978978978978975,-0.04346846846846846,0.04346846846846846,True,False,0.04346846846846846,0.04346846846846846,0.0,,,,,,True,,,,0.099520990539436,,,,,,,,,,,,0.26773865052501095,price,price
alameda_county_ca__county,2016-04-30,0.3720848279950845,-0.3200073354117,-0.1470175438596491,,,0.1,-0.03200073354117,0.1,,0.65,,0.15,-0.022052631578947365,2,False,,,,-0.0745977041354437,,,0.0745977041354437,0.07478030937594476,0.007478030937594477,0.007478030937594477,False,True,-0.007478030937594477,0.0,0.007478030937594477,,,,False,True,,,,,,,False,True,,,,-0.2394499762920815,-0.03591749644381222,0.03591749644381222,True,False,0.03591749644381222,0.03591749644381222,0.0,,,,,,True,,,,-0.1002447866762354,,,,,,,,,,,,0.4814825986949738,price,price
alameda_county_ca__county,2016-05-31,0.4842795217317743,-0.3393511250654107,-0.2545299145299144,,,0.1,-0.03393511250654107,0.1,,0.65,,0.15,-0.03817948717948716,2,False,,,,0.11219469373668978,,,0.11219469373668978,-0.019343789653710697,-0.0019343789653710698,0.0019343789653710698,False,True,-0.0019343789653710698,0.0,0.0019343789653710698,,,,False,True,,,,,,,False,True,,,,-0.10751237067026531,-0.016126855600539797,0.016126855600539797,False,True,-0.016126855600539797,0.0,0.016126855600539797,,,,,,True,,,,-0.017241269626448397,,,,,,,,,,,,-0.1437399137466161,price,affordability
alameda_county_ca__county,2016-06-30,0.3507621884271679,-0.3601328903654485,-0.2733333333333333,,,0.1,-0.03601328903654485,0.1,,0.65,,0.15,-0.040999999999999995,2,False,,,,-0.1335173333046064,,,0.1335173333046064,-0.02078176530003778,-0.002078176530003778,0.002078176530003778,True,False,0.002078176530003778,0.002078176530003778,0.0,,,,False,True,,,,,,,False,True,,,,-0.018803418803418903,-0.0028205128205128355,0.0028205128205128355,True,False,0.0028205128205128355,0.0028205128205128355,0.0,,,,,,True,,,,0.015564844492981495,,,,,,,,,,,,0.021124694080566442,price,price
alameda_county_ca__county,2016-07-31,0.4727343303113844,-0.2407190370605005,-0.3074796747967479,,,0.1,-0.02407190370605005,0.1,,0.65,,0.15,-0.04612195121951219,2,False,,,,0.12197214188421651,,,0.12197214188421651,0.119413853304948,0.0119413853304948,0.0119413853304948,True,False,0.0119413853304948,0.0119413853304948,0.0,,,,False,True,,,,,,,False,True,,,,-0.03414634146341461,-0.005121951219512191,0.005121951219512191,False,True,-0.005121951219512191,0.0,0.005121951219512191,,,,,,True,,,,0.09790256320849314,,,,,,,,,,,,-0.041992795571092485,affordability,affordability
alameda_county_ca__county,2016-08-31,0.3499507119731332,-0.2921768707482993,-0.3082539682539681,,,0.1,-0.02921768707482993,0.1,,0.65,,0.15,-0.04623809523809522,2,False,,,,-0.12278361833825119,,,0.12278361833825119,-0.0514578336877988,-0.00514578336877988,0.00514578336877988,True,False,0.00514578336877988,0.00514578336877988,0.0,,,,False,True,,,,,,,False,True,,,,-0.0007742934572201876,-0.00011614401858302813,0.00011614401858302813,True,False,0.00011614401858302813,0.00011614401858302813,0.0,,,,,,True,,,,0.04190936411894938,,,,,,,,,,,,0.0009459243843349533,affordability,affordability
alameda_county_ca__county,2016-09-30,0.4462955743099893,-0.4145673840820454,-0.3089922480620155,,,0.1,-0.041456738408204546,0.1,,0.65,,0.15,-0.04634883720930232,2,False,,,,0.09634486233685607,,,0.09634486233685607,-0.12239051333374612,-0.012239051333374613,0.012239051333374613,False,True,-0.012239051333374613,0.0,0.012239051333374613,,,,False,True,,,,,,,False,True,,,,-0.0007382798080473596,-0.00011074197120710393,0.00011074197120710393,False,True,-0.00011074197120710393,0.0,0.00011074197120710393,,,,,,True,,,,-0.12703377260099782,,,,,,,,,,,,-0.0011494330732438065,affordability,affordability
alameda_county_ca__county,2016-10-31,0.3356693140687156,-0.509850787510362,-0.2642424242424242,,,0.1,-0.050985078751036195,0.1,,0.65,,0.15,-0.03963636363636363,2,False,,,,-0.1106262602412737,,,0.1106262602412737,-0.09528340342831654,-0.009528340342831655,0.009528340342831655,True,False,0.009528340342831655,0.009528340342831655,0.0,,,,False,True,,,,,,,False,True,,,,0.04474982381959125,0.006712473572938687,0.006712473572938687,False,True,-0.006712473572938687,0.0,0.006712473572938687,,,,,,True,,,,0.08613090890038705,,,,,,,,,,,,-0.060677035979512586,affordability,affordability
alameda_county_ca__county,2016-11-30,0.3374114951352946,-0.3455555555555555,-0.4906666666666667,,,0.1,-0.034555555555555555,0.1,,0.65,,0.15,-0.0736,2,False,,,,0.0017421810665790294,,,0.0017421810665790294,0.16429523195480644,0.016429523195480644,0.016429523195480644,True,False,0.016429523195480644,0.016429523195480644,0.0,,,,False,True,,,,,,,False,True,,,,-0.22642424242424247,-0.03396363636363637,0.03396363636363637,False,True,-0.03396363636363637,0.0,0.03396363636363637,,,,,,False,,,,,,,,,,,,,,,,,price,affordability
alameda_county_ca__county,2016-12-31,0.2199892692294753,0.0777236864193386,-0.5128131609870741,,,0.1,0.007772368641933861,0.1,,0.65,,0.15,-0.07692197414806111,2,False,,,,-0.11742222590581933,,,0.11742222590581933,0.4232792419748941,0.04232792419748941,0.04232792419748941,False,True,-0.04232792419748941,0.0,0.04232792419748941,,,,False,True,,,,,,,False,True,,,,-0.022146494320407384,-0.0033219741480611073,0.0033219741480611073,True,False,0.0033219741480611073,0.0033219741480611073,0.0,,,,,,True,,,,-0.3604762545673364,,,,,,,,,,,,0.028290846323468254,affordability,price
alameda_county_ca__county,2017-01-31,0.1313550538380119,0.1241545352743561,-0.5659260918253081,,,0.1,0.01241545352743561,0.1,,0.65,,0.15,-0.0848889137737962,2,False,,,,-0.08863421539146338,,,0.08863421539146338,0.0464308488550175,0.00464308488550175,0.00464308488550175,False,True,-0.00464308488550175,0.0,0.00464308488550175,,,,False,True,,,,,,,False,True,,,,-0.053112930838233985,-0.007966939625735097,0.007966939625735097,True,False,0.007966939625735097,0.007966939625735097,0.0,,,,,,True,,,,-0.05238479141486188,,,,,,,,,,,,0.08988559994070208,price,price
alameda_county_ca__county,2017-02-28,0.2492860647349061,0.0389517345399698,-0.5418205128205128,,,0.1,0.0038951734539969802,0.1,,0.65,,0.15,-0.08127307692307692,2,False,,,,0.1179310108968942,,,0.1179310108968942,-0.0852028007343863,-0.00852028007343863,0.00852028007343863,False,True,-0.00852028007343863,0.0,0.00852028007343863,,,,False,True,,,,,,,False,True,,,,0.024105579004795263,0.003615836850719289,0.003615836850719289,True,False,0.003615836850719289,0.003615836850719289,0.0,,,,,,True,,,,-0.07224800337620965,,,,,,,,,,,,0.03066061100655345,affordability,price
alameda_county_ca__county,2017-03-31,0.219455711264986,-0.1680729984301413,-0.4188979591836735,,,0.1,-0.016807299843014132,0.1,,0.65,,0.15,-0.06283469387755103,2,False,,,,-0.029830353469920107,,,0.029830353469920107,-0.20702473297011112,-0.020702473297011113,0.020702473297011113,True,False,0.020702473297011113,0.020702473297011113,0.0,,,,False,True,,,,,,,False,True,,,,0.1229225536368393,0.018438383045525895,0.018438383045525895,False,True,-0.018438383045525895,0.0,0.018438383045525895,,,,,,True,,,,0.6940069723909497,,,,,,,,,,,,-0.618108097985447,affordability,affordability
alameda_county_ca__county,2017-04-30,0.1643439601423016,-0.1476134376438103,-0.3569756097560975,,,0.1,-0.01476134376438103,0.1,,0.65,,0.15,-0.05354634146341462,2,False,,,,-0.055111751122684405,,,0.055111751122684405,0.020459560786331016,0.0020459560786331016,0.0020459560786331016,False,True,-0.0020459560786331016,0.0,0.0020459560786331016,,,,False,True,,,,,,,False,True,,,,0.06192234942757602,0.009288352414136402,0.009288352414136402,False,True,-0.009288352414136402,0.0,0.009288352414136402,,,,,,True,,,,-0.03712377191714692,,,,,,,,,,,,-0.16853669544013541,price,affordability
alameda_county_ca__county,2017-05-31,0.2290475421942474,-0.1106286959228136,-0.4185658263305322,,,0.1,-0.01106286959228136,0.1,,0.65,,0.15,-0.06278487394957982,2,False,,,,0.06470358205194579,,,0.06470358205194579,0.036984741720996694,0.00369847417209967,0.00369847417209967,True,False,0.00369847417209967,0.00369847417209967,0.0,,,,False,True,,,,,,,False,True,,,,-0.0615902165744347,-0.009238532486165204,0.009238532486165204,False,True,-0.009238532486165204,0.0,0.009238532486165204,,,,,,True,,,,0.057160269258824566,,,,,,,,,,,,-0.1427823961700955,price,affordability
alameda_county_ca__county,2017-06-30,0.1566026419721897,-0.1002927305252886,-0.3372737030411449,,,0.1,-0.010029273052528861,0.1,,0.65,,0.15,-0.050591055456171735,2,False,,,,-0.07244490022205768,,,0.07244490022205768,0.010335965397525002,0.0010335965397525002,0.0010335965397525002,False,True,-0.0010335965397525002,0.0,0.0010335965397525002,,,,False,True,,,,,,,False,True,,,,0.08129212328938729,0.012193818493408093,0.012193818493408093,False,True,-0.012193818493408093,0.0,0.012193818493408093,,,,,,True,,,,-0.014267347136711158,,,,,,,,,,,,-0.16831852146985737,price,affordability
alameda_county_ca__county,2017-07-31,0.2002509076788902,-0.3126255819652045,-0.2866758147512864,,,0.1,-0.031262558196520455,0.1,,0.65,,0.15,-0.043001372212692957,2,False,,,,0.043648265706700495,,,0.043648265706700495,-0.21233285143991593,-0.021233285143991594,0.021233285143991594,False,True,-0.021233285143991594,0.0,0.021233285143991594,,,,False,True,,,,,,,False,True,,,,0.050597888289858506,0.007589683243478775,0.007589683243478775,True,False,0.007589683243478775,0.007589683243478775,0.0,,,,,,True,,,,-0.48646343217096133,,,,,,,,,,,,0.1738828134542279,affordability,price
alameda_county_ca__county,2017-08-31,0.1010473539709224,-0.3331384015594542,-0.201037037037037,,,0.1,-0.03331384015594542,0.1,,0.65,,0.15,-0.030155555555555547,2,False,,,,-0.0992035537079678,,,0.0992035537079678,-0.020512819594249665,-0.0020512819594249664,0.0020512819594249664,True,False,0.0020512819594249664,0.0020512819594249664,0.0,,,,False,True,,,,,,,False,True,,,,0.08563877771424941,0.012845816657137412,0.012845816657137412,False,True,-0.012845816657137412,0.0,0.012845816657137412,,,,,,True,,,,0.02067750481463057,,,,,,,,,,,,-0.12948948073929398,price,affordability
alameda_county_ca__county,2017-09-30,0.3136487233974959,-0.32537413111626,-0.188505928853755,,,0.1,-0.032537413111626,0.1,,0.65,,0.15,-0.02827588932806325,2,False,,,,0.21260136942657348,,,0.21260136942657348,0.007764270443194166,0.0007764270443194166,0.0007764270443194166,True,False,0.0007764270443194166,0.0007764270443194166,0.0,,,,False,True,,,,,,,False,True,,,,0.012531108183281986,0.001879666227492298,0.001879666227492298,True,False,0.001879666227492298,0.001879666227492298,0.0,,,,,,True,,,,0.0036520321878151054,,,,,,,,,,,,0.008841270555133849,price,price
alameda_county_ca__county,2017-10-31,0.1592164613921737,-0.4285637009942816,-0.1337872340425532,,,0.1,-0.042856370099428165,0.1,,0.65,,0.15,-0.020068085106382978,2,False,,,,-0.15443226200532217,,,0.15443226200532217,-0.10318956987802158,-0.010318956987802158,0.010318956987802158,True,False,0.010318956987802158,0.010318956987802158,0.0,,,,False,True,,,,,,,False,True,,,,0.05471869481120181,0.008207804221680272,0.008207804221680272,False,True,-0.008207804221680272,0.0,0.008207804221680272,,,,,,True,,,,0.06681866116450809,,,,,,,,,,,,-0.053148248397717625,affordability,affordability
alameda_county_ca__county,2017-11-30,0.2214306847851486,-0.3599122807017543,-0.041719298245614,,,0.1,-0.03599122807017543,0.1,,0.65,,0.15,-0.0062578947368421,2,False,,,,0.06221422339297489,,,0.06221422339297489,0.0686514202925273,0.00686514202925273,0.00686514202925273,True,False,0.00686514202925273,0.00686514202925273,0.0,,,,False,True,,,,,,,False,True,,,,0.09206793579693918,0.013810190369540877,0.013810190369540877,True,False,0.013810190369540877,0.013810190369540877,0.0,,,,,,True,,,,0.11034682512854334,,,,,,,,,,,,0.22197802393689123,price,price
alameda_county_ca__county,2017-12-31,0.3118520943798864,0.1784601008294782,0.1361829697396199,,,0.1,0.01784601008294782,0.1,,0.65,,0.15,0.020427445460942984,2,False,,,,0.09042140959473782,,,0.09042140959473782,0.5383723815312325,0.053837238153123246,0.053837238153123246,True,False,0.053837238153123246,0.053837238153123246,0.0,,,,False,True,,,,,,,False,True,,,,0.1779022679852339,0.026685340197785085,0.026685340197785085,True,False,0.026685340197785085,0.026685340197785085,0.0,,,,,,True,,,,0.5954036593149546,,,,,,,,,,,,0.29512192209109367,affordability,affordability
alameda_county_ca__county,2018-01-31,0.1423242236812679,-0.0269360306178239,0.1789152542372881,,,0.1,-0.00269360306178239,0.1,,0.65,,0.15,0.026837288135593215,2,False,,,,-0.16952787069861852,,,0.16952787069861852,-0.2053961314473021,-0.020539613144730212,0.020539613144730212,True,False,0.020539613144730212,0.020539613144730212,0.0,,,,False,True,,,,,,,False,True,,,,0.042732284497668194,0.006409842674650229,0.006409842674650229,False,True,-0.006409842674650229,0.0,0.006409842674650229,,,,,,True,,,,0.12115773683753105,,,,,,,,,,,,-0.03780996392059599,affordability,affordability
alameda_county_ca__county,2018-02-28,0.3099121061029327,-0.258015873015873,0.1952156862745098,,,0.1,-0.025801587301587298,0.1,,0.65,,0.15,0.029282352941176468,2,False,,,,0.16758788242166478,,,0.16758788242166478,-0.23107984239804907,-0.02310798423980491,0.02310798423980491,False,True,-0.02310798423980491,0.0,0.02310798423980491,,,,False,True,,,,,,,False,True,,,,0.0163004320372217,0.0024450648055832553,0.0024450648055832553,True,False,0.0024450648055832553,0.0024450648055832553,0.0,,,,,,True,,,,-0.13788577017557474,,,,,,,,,,,,0.014589747004686609,affordability,price
alameda_county_ca__county,2018-03-31,0.2411776801993716,-0.4869431746532156,0.0577906683480453,,,0.1,-0.04869431746532157,0.1,,0.65,,0.15,0.008668600252206794,2,False,,,,-0.06873442590356107,,,0.06873442590356107,-0.22892730163734265,-0.022892730163734266,0.022892730163734266,True,False,0.022892730163734266,0.022892730163734266,0.0,,,,False,True,,,,,,,False,True,,,,-0.1374250179264645,-0.020613752688969676,0.020613752688969676,True,False,0.020613752688969676,0.020613752688969676,0.0,,,,,,True,,,,0.33306061500905343,,,,,,,,,,,,0.2999043407722955,affordability,affordability
alameda_county_ca__county,2018-04-30,0.1645300880981093,-0.5314904724003934,0.1120073037127206,,,0.1,-0.05314904724003934,0.1,,0.65,,0.15,0.016801095556908088,2,False,,,,-0.07664759210126232,,,0.07664759210126232,-0.04454729774717775,-0.004454729774717775,0.004454729774717775,True,False,0.004454729774717775,0.004454729774717775,0.0,,,,False,True,,,,,,,False,True,,,,0.054216635364675296,0.008132495304701294,0.008132495304701294,False,True,-0.008132495304701294,0.0,0.008132495304701294,,,,,,True,,,,0.05811963106202275,,,,,,,,,,,,-0.10610242385640917,price,affordability
alameda_county_ca__county,2018-05-31,0.29268522942096,-0.640021645021645,0.3071111111111111,,,0.1,-0.0640021645021645,0.1,,0.65,,0.15,0.046066666666666665,2,False,,,,0.1281551413228507,,,0.1281551413228507,-0.10853117262125167,-0.010853117262125168,0.010853117262125168,False,True,-0.010853117262125168,0.0,0.010853117262125168,,,,False,True,,,,,,,False,True,,,,0.1951038073983905,0.029265571109758574,0.029265571109758574,True,False,0.029265571109758574,0.029265571109758574,0.0,,,,,,True,,,,-0.08468733403979326,,,,,,,,,,,,0.2283604918825085,price,price
alameda_county_ca__county,2018-06-30,0.1687214660236115,-0.6720064450474899,0.4114545454545454,,,0.1,-0.06720064450474898,0.1,,0.65,,0.15,0.06171818181818181,2,False,,,,-0.12396376339734849,,,0.12396376339734849,-0.031984800025844806,-0.003198480002584481,0.003198480002584481,True,False,0.003198480002584481,0.003198480002584481,0.0,,,,False,True,,,,,,,False,True,,,,0.1043434343434343,0.015651515151515142,0.015651515151515142,False,True,-0.015651515151515142,0.0,0.015651515151515142,,,,,,True,,,,0.025801733627045517,,,,,,,,,,,,-0.12625879307444388,price,affordability
alameda_county_ca__county,2018-07-31,0.2907356466374301,-0.6257789269553975,0.4119340659340659,,,0.1,-0.06257789269553975,0.1,,0.65,,0.15,0.061790109890109884,2,False,,,,0.12201418061381863,,,0.12201418061381863,0.04622751809209236,0.004622751809209236,0.004622751809209236,True,False,0.004622751809209236,0.004622751809209236,0.0,,,,False,True,,,,,,,False,True,,,,0.00047952047952048993,7.192807192807349e-05,7.192807192807349e-05,True,False,7.192807192807349e-05,7.192807192807349e-05,0.0,,,,,,True,,,,0.03788700449368661,,,,,,,,,,,,0.0005895058391264345,affordability,affordability
alameda_county_ca__county,2018-08-31,0.1220823756837395,-0.6089792663476874,0.3385837320574163,,,0.1,-0.06089792663476874,0.1,,0.65,,0.15,0.050787559808612444,2,False,,,,-0.16865327095369062,,,0.16865327095369062,0.0167996606077101,0.00167996606077101,0.00167996606077101,False,True,-0.00167996606077101,0.0,0.00167996606077101,,,,False,True,,,,,,,False,True,,,,-0.07335033387664958,-0.011002550081497435,0.011002550081497435,True,False,0.011002550081497435,0.011002550081497435,0.0,,,,,,True,,,,-0.009961064207478672,,,,,,,,,,,,0.06523769162187523,price,price
alameda_county_ca__county,2018-09-30,0.2451535501425604,-0.5868862583633556,0.2236891405043747,,,0.1,-0.058688625836335565,0.1,,0.65,,0.15,0.0335533710756562,2,False,,,,0.1230711744588209,,,0.1230711744588209,0.02209300798433178,0.002209300798433178,0.002209300798433178,True,False,0.002209300798433178,0.002209300798433178,0.0,,,,False,True,,,,,,,False,True,,,,-0.11489459155304163,-0.017234188732956245,0.017234188732956245,False,True,-0.017234188732956245,0.0,0.017234188732956245,,,,,,True,,,,0.017951407453029554,,,,,,,,,,,,-0.14003432411155492,price,affordability
alameda_county_ca__county,2018-10-31,0.0602634533580572,-0.5766899302093719,0.0004865403788634,,,0.1,-0.05766899302093719,0.1,,0.65,,0.15,7.298105682951e-05,2,False,,,,-0.18489009678450322,,,0.18489009678450322,0.010196328153983747,0.0010196328153983748,0.0010196328153983748,False,True,-0.0010196328153983748,0.0,0.0010196328153983748,,,,False,True,,,,,,,False,True,,,,-0.2232026001255113,-0.033480390018826696,0.033480390018826696,True,False,0.033480390018826696,0.033480390018826696,0.0,,,,,,True,,,,-0.0055148049199563,,,,,,,,,,,,0.1810826572168948,price,price
alameda_county_ca__county,2018-11-30,0.1079699306248302,-0.5063043478260869,-0.2153043478260869,,,0.1,-0.050630434782608695,0.1,,0.65,,0.15,-0.03229565217391303,2,False,,,,0.047706477266773,,,0.047706477266773,0.07038558238328496,0.007038558238328496,0.007038558238328496,True,False,0.007038558238328496,0.007038558238328496,0.0,,,,False,True,,,,,,,False,True,,,,-0.2157908882049503,-0.032368633230742544,0.032368633230742544,False,True,-0.032368633230742544,0.0,0.032368633230742544,,,,,,True,,,,0.14753883836295684,,,,,,,,,,,,-0.678495564653375,price,affordability
alameda_county_ca__county,2018-12-31,0.0334856299256599,-0.1309467132912001,-0.3761779859484777,,,0.1,-0.013094671329120011,0.1,,0.65,,0.15,-0.05642669789227165,2,False,,,,-0.0744843006991703,,,0.0744843006991703,0.3753576345348868,0.037535763453488684,0.037535763453488684,False,True,-0.037535763453488684,0.0,0.037535763453488684,,,,False,True,,,,,,,False,True,,,,-0.16087363812239078,-0.024131045718358616,0.024131045718358616,True,False,0.024131045718358616,0.024131045718358616,0.0,,,,,,True,,,,-0.5039419461705009,,,,,,,,,,,,0.3239749248075765,affordability,price
alameda_county_ca__county,2019-01-31,-0.0889038023775229,-0.0745901739995334,-0.4450480002947063,,,0.1,-0.00745901739995334,0.1,,0.65,,0.15,-0.06675720004420595,2,False,,,,-0.1223894323031828,,,0.1223894323031828,0.056356539291666716,0.005635653929166672,0.005635653929166672,False,True,-0.005635653929166672,0.0,0.005635653929166672,,,,False,True,,,,,,,False,True,,,,-0.06887001434622864,-0.010330502151934295,0.010330502151934295,True,False,0.010330502151934295,0.010330502151934295,0.0,,,,,,True,,,,-0.0460468998271521,,,,,,,,,,,,0.08440681484937033,price,price
alameda_county_ca__county,2019-02-28,0.1381648094066042,0.0013492063492063,-0.4782539682539682,,,0.1,0.00013492063492063,0.1,,0.65,,0.15,-0.07173809523809523,2,False,,,,0.2270686117841271,,,0.2270686117841271,0.07593938034873969,0.00759393803487397,0.00759393803487397,True,False,0.00759393803487397,0.00759393803487397,0.0,,,,False,True,,,,,,,False,True,,,,-0.033205967959261895,-0.004980895193889284,0.004980895193889284,False,True,-0.004980895193889284,0.0,0.004980895193889284,,,,,,True,,,,0.033443363110413016,,,,,,,,,,,,-0.02193563942965659,affordability,affordability
alameda_county_ca__county,2019-03-31,-0.005575294507425,0.0265985490266763,-0.5256932227829849,,,0.1,0.00265985490266763,0.1,,0.65,,0.15,-0.07885398341744773,2,False,,,,-0.1437401039140292,,,0.1437401039140292,0.025249342677469998,0.002524934267747,0.002524934267747,False,True,-0.002524934267747,0.0,0.002524934267747,,,,False,True,,,,,,,False,True,,,,-0.047439254529016706,-0.007115888179352506,0.007115888179352506,True,False,0.007115888179352506,0.007115888179352506,0.0,,,,,,True,,,,-0.017565969405846267,,,,,,,,,,,,0.04950523886923382,price,price
alameda_county_ca__county,2019-04-30,-0.0182859030395587,0.1015832815832815,-0.5950633150633151,,,0.1,0.01015832815832815,0.1,,0.65,,0.15,-0.08925949725949726,2,False,,,,-0.0127106085321337,,,0.0127106085321337,0.0749847325566052,0.007498473255660521,0.007498473255660521,False,True,-0.007498473255660521,0.0,0.007498473255660521,,,,False,True,,,,,,,False,True,,,,-0.0693700922803302,-0.010405513842049529,0.010405513842049529,True,False,0.010405513842049529,0.010405513842049529,0.0,,,,,,True,,,,-0.5899381793329268,,,,,,,,,,,,0.8186479676203811,price,price
alameda_county_ca__county,2019-05-31,0.0124290985290273,0.1506993006993007,-0.602853146853147,,,0.1,0.015069930069930071,0.1,,0.65,,0.15,-0.09042797202797204,2,False,,,,0.030715001568586,,,0.030715001568586,0.049116019116019205,0.0049116019116019205,0.0049116019116019205,True,False,0.0049116019116019205,0.0049116019116019205,0.0,,,,False,True,,,,,,,False,True,,,,-0.007789831789831836,-0.0011684747684747754,0.0011684747684747754,False,True,-0.0011684747684747754,0.0,0.0011684747684747754,,,,,,True,,,,0.15990889339967668,,,,,,,,,,,,-0.03804247790336569,affordability,affordability
alameda_county_ca__county,2019-06-30,-0.0039785522205793,0.2831028070838346,-0.6180397148169877,,,0.1,0.028310280708383463,0.1,,0.65,,0.15,-0.09270595722254815,2,False,,,,-0.016407650749606602,,,0.016407650749606602,0.1324035063845339,0.013240350638453392,0.013240350638453392,False,True,-0.013240350638453392,0.0,0.013240350638453392,,,,False,True,,,,,,,False,True,,,,-0.015186567963840769,-0.0022779851945761154,0.0022779851945761154,True,False,0.0022779851945761154,0.0022779851945761154,0.0,,,,,,True,,,,-0.8069619984305706,,,,,,,,,,,,0.13883676763602087,affordability,price
alameda_county_ca__county,2019-07-31,0.0964405311881335,0.3137414056531704,-0.6201508785332315,,,0.1,0.03137414056531704,0.1,,0.65,,0.15,-0.09302263177998472,2,False,,,,0.1004190834087128,,,0.1004190834087128,0.030638598569335762,0.0030638598569335766,0.0030638598569335766,True,False,0.0030638598569335766,0.0030638598569335766,0.0,,,,False,True,,,,,,,False,True,,,,-0.002111163716243758,-0.0003166745574365637,0.0003166745574365637,False,True,-0.0003166745574365637,0.0,0.0003166745574365637,,,,,,True,,,,0.03051073314883237,,,,,,,,,,,,-0.0031535296547935588,affordability,affordability
alameda_county_ca__county,2019-08-31,0.0552733573296827,0.4272017837235229,-0.6146166233122754,,,0.1,0.04272017837235229,0.1,,0.65,,0.15,-0.0921924934968413,2,False,,,,-0.041167173858450805,,,0.041167173858450805,0.11346037807035253,0.011346037807035254,0.011346037807035254,False,True,-0.011346037807035254,0.0,0.011346037807035254,,,,False,True,,,,,,,False,True,,,,0.005534255220956075,0.0008301382831434112,0.0008301382831434112,False,True,-0.0008301382831434112,0.0,0.0008301382831434112,,,,,,True,,,,-0.2756088587972414,,,,,,,,,,,,-0.020165053982033315,affordability,affordability
alameda_county_ca__county,2019-09-30,0.172740138260704,0.4211136594186919,-0.5990993692938738,,,0.1,0.04211136594186919,0.1,,0.65,,0.15,-0.08986490539408105,2,False,,,,0.11746678093102131,,,0.11746678093102131,-0.006088124304831022,-0.0006088124304831022,0.0006088124304831022,False,True,-0.0006088124304831022,0.0,0.0006088124304831022,,,,False,True,,,,,,,False,True,,,,0.01551725401840165,0.002327588102760247,0.002327588102760247,True,False,0.002327588102760247,0.002327588102760247,0.0,,,,,,True,,,,-0.005182847658357202,,,,,,,,,,,,0.019814862417376112,price,price
alameda_county_ca__county,2019-10-31,0.0075330917462866,0.3263083319192262,-0.5891540811131852,,,0.1,0.03263083319192262,0.1,,0.65,,0.15,-0.08837311216697778,2,False,,,,-0.1652070465144174,,,0.1652070465144174,-0.09480532749946569,-0.00948053274994657,0.00948053274994657,True,False,0.00948053274994657,0.00948053274994657,0.0,,,,False,True,,,,,,,False,True,,,,0.009945288180688516,0.0014917932271032773,0.0014917932271032773,False,True,-0.0014917932271032773,0.0,0.0014917932271032773,,,,,,True,,,,0.05738576501408017,,,,,,,,,,,,-0.009029840182834396,affordability,affordability
alameda_county_ca__county,2019-11-30,0.0283550580445452,0.3022927689594356,-0.5865961199294533,,,0.1,0.03022927689594356,0.1,,0.65,,0.15,-0.08798941798941799,2,False,,,,0.0208219662982586,,,0.0208219662982586,-0.024015562959790626,-0.002401556295979063,0.002401556295979063,False,True,-0.002401556295979063,0.0,0.002401556295979063,,,,False,True,,,,,,,False,True,,,,0.0025579611837319716,0.0003836941775597957,0.0003836941775597957,True,False,0.0003836941775597957,0.0003836941775597957,0.0,,,,,,True,,,,-0.11533763245884765,,,,,,,,,,,,0.018427374824436498,affordability,price
alameda_county_ca__county,2019-12-31,0.108557453449979,0.6657298402154046,-0.5426434228887012,,,0.1,0.06657298402154047,0.1,,0.65,,0.15,-0.08139651343330517,2,False,,,,0.0802023954054338,,,0.0802023954054338,0.363437071255969,0.036343707125596904,0.036343707125596904,True,False,0.036343707125596904,0.036343707125596904,0.0,,,,False,True,,,,,,,False,True,,,,0.04395269704075211,0.0065929045561128165,0.0065929045561128165,True,False,0.0065929045561128165,0.0065929045561128165,0.0,,,,,,True,,,,0.4531498958587786,,,,,,,,,,,,0.08220333722932845,affordability,affordability
alameda_county_ca__county,2020-01-31,0.0037980993765835,0.6681506667777333,-0.481215118172249,,,0.1,0.06681506667777333,0.1,,0.65,,0.15,-0.07218226772583734,2,False,,,,-0.1047593540733955,,,0.1047593540733955,0.0024208265623286707,0.00024208265623286708,0.00024208265623286708,False,True,-0.00024208265623286708,0.0,0.00024208265623286708,,,,False,True,,,,,,,False,True,,,,0.061428304716452165,0.009214245707467825,0.009214245707467825,False,True,-0.009214245707467825,0.0,0.009214245707467825,,,,,,True,,,,-0.0023108452545751806,,,,,,,,,,,,-0.08795630508577046,price,affordability
alameda_county_ca__county,2020-02-29,0.2176711134464146,0.6737931034482758,-0.4384564860426929,,,0.1,0.06737931034482758,0.1,,0.65,,0.15,-0.06576847290640393,2,False,,,,0.21387301406983109,,,0.21387301406983109,0.005642436670542539,0.0005642436670542539,0.0005642436670542539,True,False,0.0005642436670542539,0.0005642436670542539,0.0,,,,False,True,,,,,,,False,True,,,,0.04275863212955611,0.006413794819433416,0.006413794819433416,True,False,0.006413794819433416,0.006413794819433416,0.0,,,,,,True,,,,0.0026382181478492852,,,,,,,,,,,,0.029988798948423035,price,price
alameda_county_ca__county,2020-03-31,-0.1058259642601351,0.580819729805798,-0.4158474528567407,,,0.1,0.0580819729805798,0.1,,0.65,,0.15,-0.0623771179285111,2,False,,,,-0.3234970777065497,,,0.3234970777065497,-0.09297337364247782,-0.009297337364247782,0.009297337364247782,True,False,0.009297337364247782,0.009297337364247782,0.0,,,,False,True,,,,,,,False,True,,,,0.0226090331859522,0.0033913549778928297,0.0033913549778928297,False,True,-0.0033913549778928297,0.0,0.0033913549778928297,,,,,,True,,,,0.028740096912657657,,,,,,,,,,,,-0.010483417661562904,affordability,affordability
alameda_county_ca__county,2020-04-30,-0.1500824271821261,0.5604189643646137,-0.3712791138832424,,,0.1,0.056041896436461375,0.1,,0.65,,0.15,-0.055691867082486364,2,False,,,,-0.04425646292199101,,,0.04425646292199101,-0.0204007654411843,-0.00204007654411843,0.00204007654411843,True,False,0.00204007654411843,0.00204007654411843,0.0,,,,False,True,,,,,,,False,True,,,,0.04456833897349827,0.00668525084602474,0.00668525084602474,False,True,-0.00668525084602474,0.0,0.00668525084602474,,,,,,True,,,,0.04609669208572738,,,,,,,,,,,,-0.15105705256673016,price,affordability
alameda_county_ca__county,2020-05-31,-0.0866316398576291,0.5424255820807546,-0.3707709991158267,,,0.1,0.05424255820807547,0.1,,0.65,,0.15,-0.05561564986737401,2,False,,,,0.06345078732449701,,,0.06345078732449701,-0.01799338228385905,-0.001799338228385905,0.001799338228385905,False,True,-0.001799338228385905,0.0,0.001799338228385905,,,,False,True,,,,,,,False,True,,,,0.0005081147674156905,7.621721511235357e-05,7.621721511235357e-05,True,False,7.621721511235357e-05,7.621721511235357e-05,0.0,,,,,,True,,,,-0.028358012630856962,,,,,,,,,,,,0.001201202039031716,affordability,price
alameda_county_ca__county,2020-06-30,0.0619710272999064,0.5182263938593052,-0.3450031993323132,,,0.1,0.05182263938593053,0.1,,0.65,,0.15,-0.051750479899846984,2,False,,,,0.1486026671575355,,,0.1486026671575355,-0.024199188221449397,-0.00241991882214494,0.00241991882214494,False,True,-0.00241991882214494,0.0,0.00241991882214494,,,,False,True,,,,,,,False,True,,,,0.025767799783513512,0.0038651699675270267,0.0038651699675270267,True,False,0.0038651699675270267,0.0038651699675270267,0.0,,,,,,True,,,,-0.0162844911765921,,,,,,,,,,,,0.02601009821330806,price,price
alameda_county_ca__county,2020-07-31,0.0389712667270602,0.5234581094284319,-0.3486629213483146,,,0.1,0.052345810942843185,0.1,,0.65,,0.15,-0.05229943820224719,2,False,,,,-0.022999760572846202,,,0.022999760572846202,0.005231715569126605,0.0005231715569126605,0.0005231715569126605,False,True,-0.0005231715569126605,0.0,0.0005231715569126605,,,,False,True,,,,,,,False,True,,,,-0.003659722016001399,-0.0005489583024002098,0.0005489583024002098,True,False,0.0005489583024002098,0.0005489583024002098,0.0,,,,,,True,,,,-0.022746826222631345,,,,,,,,,,,,0.02386800074120409,price,price
alameda_county_ca__county,2020-08-31,0.0165400880355508,0.4650418160095579,-0.2785679012345678,,,0.1,0.04650418160095579,0.1,,0.65,,0.15,-0.04178518518518517,2,False,,,,-0.0224311786915094,,,0.0224311786915094,-0.058416293418873944,-0.005841629341887394,0.005841629341887394,True,False,0.005841629341887394,0.005841629341887394,0.0,,,,False,True,,,,,,,False,True,,,,0.0700950201137468,0.01051425301706202,0.01051425301706202,False,True,-0.01051425301706202,0.0,0.01051425301706202,,,,,,True,,,,0.2604245377483687,,,,,,,,,,,,-0.4687338619901348,price,affordability
alameda_county_ca__county,2020-09-30,-0.0142338628911615,0.3661667341480523,-0.1934398284642187,,,0.1,0.03661667341480523,0.1,,0.65,,0.15,-0.029015974269632802,2,False,,,,-0.0307739509267123,,,0.0307739509267123,-0.09887508186150562,-0.009887508186150563,0.009887508186150563,True,False,0.009887508186150563,0.009887508186150563,0.0,,,,False,True,,,,,,,False,True,,,,0.08512807277034912,0.012769210915552368,0.012769210915552368,False,True,-0.012769210915552368,0.0,0.012769210915552368,,,,,,True,,,,0.32129472779421514,,,,,,,,,,,,-0.4149357014951396,price,affordability
alameda_county_ca__county,2020-10-31,0.0410040306862772,0.3213048992307905,-0.1092383446830801,,,0.1,0.03213048992307905,0.1,,0.65,,0.15,-0.016385751702462013,2,False,,,,0.0552378935774387,,,0.0552378935774387,-0.04486183491726181,-0.004486183491726181,0.004486183491726181,False,True,-0.004486183491726181,0.0,0.004486183491726181,,,,False,True,,,,,,,False,True,,,,0.0842014837811386,0.012630222567170791,0.012630222567170791,True,False,0.012630222567170791,0.012630222567170791,0.0,,,,,,True,,,,-0.08121568729692677,,,,,,,,,,,,0.22865141570730468,price,price
alameda_county_ca__county,2020-11-30,-0.0391147077674198,0.2377880184331797,-0.0187465437788018,,,0.1,0.023778801843317973,0.1,,0.65,,0.15,-0.00281198156682027,2,False,,,,-0.08011873845369699,,,0.08011873845369699,-0.08351688079761077,-0.008351688079761077,0.008351688079761077,True,False,0.008351688079761077,0.008351688079761077,0.0,,,,False,True,,,,,,,False,True,,,,0.0904918009042783,0.013573770135641745,0.013573770135641745,False,True,-0.013573770135641745,0.0,0.013573770135641745,,,,,,True,,,,0.10424138273954185,,,,,,,,,,,,-0.1694206673447115,price,affordability
alameda_county_ca__county,2020-12-31,-0.2369834262282735,-0.2239779105324955,-0.0153141426783479,,,0.1,-0.02239779105324955,0.1,,0.65,,0.15,-0.002297121401752185,2,False,,,,-0.19786871846085372,,,0.19786871846085372,-0.4617659289656752,-0.046176592896567524,0.046176592896567524,True,False,0.046176592896567524,0.046176592896567524,0.0,,,,False,True,,,,,,,False,True,,,,0.0034324011004538985,0.0005148601650680848,0.0005148601650680848,False,True,-0.0005148601650680848,0.0,0.0005148601650680848,,,,,,True,,,,0.2333698487348473,,,,,,,,,,,,-0.0026020291083552177,affordability,affordability
alameda_county_ca__county,2021-01-31,-0.2869860930073939,-0.3232955311867708,0.1254002447980416,,,0.1,-0.03232955311867708,0.1,,0.65,,0.15,0.018810036719706238,2,False,,,,-0.05000266677912041,,,0.05000266677912041,-0.0993176206542753,-0.00993176206542753,0.00993176206542753,True,False,0.00993176206542753,0.00993176206542753,0.0,,,,False,True,,,,,,,False,True,,,,0.1407143874763895,0.021107158121458424,0.021107158121458424,False,True,-0.021107158121458424,0.0,0.021107158121458424,,,,,,True,,,,0.19862464754729306,,,,,,,,,,,,-0.4221206483785407,price,affordability
alameda_county_ca__county,2021-02-28,-0.1455665251142301,-0.4496190351793799,0.2301954022988505,,,0.1,-0.044961903517937996,0.1,,0.65,,0.15,0.03452931034482757,2,False,,,,0.14141956789316382,,,0.14141956789316382,-0.1263235039926091,-0.012632350399260911,0.012632350399260911,False,True,-0.012632350399260911,0.0,0.012632350399260911,,,,False,True,,,,,,,False,True,,,,0.1047951575008089,0.015719273625121332,0.015719273625121332,True,False,0.015719273625121332,0.015719273625121332,0.0,,,,,,True,,,,-0.08932533586019786,,,,,,,,,,,,0.11115345534782388,price,price
alameda_county_ca__county,2021-03-31,-0.1497500887276485,-0.5654826616682287,0.367415182755389,,,0.1,-0.056548266166822875,0.1,,0.65,,0.15,0.05511227741330835,2,False,,,,-0.004183563613418401,,,0.004183563613418401,-0.11586362648884879,-0.01158636264888488,0.01158636264888488,True,False,0.01158636264888488,0.01158636264888488,0.0,,,,False,True,,,,,,,False,True,,,,0.1372197804565385,0.020582967068480774,0.020582967068480774,False,True,-0.020582967068480774,0.0,0.020582967068480774,,,,,,False,,,,,,,,,,,,,,,,,price,affordability
alameda_county_ca__county,2021-04-30,-0.0936488467623561,-0.6331441262677059,0.4298454482916762,,,0.1,-0.0633144126267706,0.1,,0.65,,0.15,0.06447681724375143,2,False,,,,0.0561012419652924,,,0.0561012419652924,-0.0676614645994772,-0.0067661464599477195,0.0067661464599477195,False,True,-0.0067661464599477195,0.0,0.0067661464599477195,,,,False,True,,,,,,,False,True,,,,0.06243026553628722,0.009364539830443082,0.009364539830443082,True,False,0.009364539830443082,0.009364539830443082,0.0,,,,,,True,,,,-0.12060600127415476,,,,,,,,,,,,0.16692214828749335,price,price
alameda_county_ca__county,2021-05-31,0.1166222993652792,-0.6969251336898397,0.6166060606060606,,,0.1,-0.06969251336898397,0.1,,0.65,,0.15,0.09249090909090908,2,False,,,,0.2102711461276353,,,0.2102711461276353,-0.06378100742213377,-0.006378100742213378,0.006378100742213378,False,True,-0.006378100742213378,0.0,0.006378100742213378,,,,False,True,,,,,,,False,True,,,,0.1867606123143844,0.028014091847157658,0.028014091847157658,True,False,0.028014091847157658,0.028014091847157658,0.0,,,,,,True,,,,-0.030332743506053125,,,,,,,,,,,,0.13322841656150486,price,price
alameda_county_ca__county,2021-06-30,-0.032327074453936,-0.7519785554251573,0.7165714285714286,,,0.1,-0.07519785554251573,0.1,,0.65,,0.15,0.1074857142857143,2,False,,,,-0.1489493738192152,,,0.1489493738192152,-0.05505342173531769,-0.005505342173531769,0.005505342173531769,True,False,0.005505342173531769,0.005505342173531769,0.0,,,,False,True,,,,,,,False,True,,,,0.09996536796536803,0.014994805194805205,0.014994805194805205,False,True,-0.014994805194805205,0.0,0.014994805194805205,,,,,,True,,,,0.03696116359786639,,,,,,,,,,,,-0.10067048158930093,price,affordability
alameda_county_ca__county,2021-07-31,0.1089124248784094,-0.7702918142984867,0.7835591907016789,,,0.1,-0.07702918142984867,0.1,,0.65,,0.15,0.11753387860525183,2,False,,,,0.1412394993323454,,,0.1412394993323454,-0.018313258873329352,-0.0018313258873329354,0.0018313258873329354,False,True,-0.0018313258873329354,0.0,0.0018313258873329354,,,,False,True,,,,,,,False,True,,,,0.06698776213025026,0.010048164319537539,0.010048164319537539,True,False,0.010048164319537539,0.010048164319537539,0.0,,,,,,True,,,,-0.012966102938553405,,,,,,,,,,,,0.07114273533279511,price,price
alameda_county_ca__county,2021-08-31,0.0023260634562099,-0.7765848920213247,0.7790487033523088,,,0.1,-0.07765848920213247,0.1,,0.65,,0.15,0.11685730550284631,2,False,,,,-0.10658636142219949,,,0.10658636142219949,-0.0062930777228380474,-0.0006293077722838048,0.0006293077722838048,True,False,0.0006293077722838048,0.0006293077722838048,0.0,,,,False,True,,,,,,,False,True,,,,-0.004510487349370096,-0.0006765731024055144,0.0006765731024055144,True,False,0.0006765731024055144,0.0006765731024055144,0.0,,,,,,True,,,,0.005904205415091076,,,,,,,,,,,,0.0063476517387204825,price,price
alameda_county_ca__county,2021-09-30,0.0492021490872275,-0.7996780058696745,0.7622053294773807,,,0.1,-0.07996780058696745,0.1,,0.65,,0.15,0.11433079942160711,2,False,,,,0.0468760856310176,,,0.0468760856310176,-0.023093113848349778,-0.0023093113848349778,0.0023093113848349778,False,True,-0.0023093113848349778,0.0,0.0023093113848349778,,,,False,True,,,,,,,False,True,,,,-0.01684337387492807,-0.00252650608123921,0.00252650608123921,False,True,-0.00252650608123921,0.0,0.00252650608123921,,,,,,True,,,,-0.0492641685786776,,,,,,,,,,,,-0.05389754812563611,price,affordability
alameda_county_ca__county,2021-10-31,-0.0032706972357975,-0.8550257293124977,0.7495222672064777,,,0.1,-0.08550257293124977,0.1,,0.65,,0.15,0.11242834008097166,2,False,,,,-0.052472846323025,,,0.052472846323025,-0.05534772344282313,-0.005534772344282313,0.005534772344282313,True,False,0.005534772344282313,0.005534772344282313,0.0,,,,False,True,,,,,,,False,True,,,,-0.01268306227090299,-0.0019024593406354482,0.0019024593406354482,True,False,0.0019024593406354482,0.0019024593406354482,0.0,,,,,,True,,,,0.10547879011956064,,,,,,,,,,,,0.03625607288241675,affordability,affordability
alameda_county_ca__county,2021-11-30,0.1055303398618794,-0.8468617724867725,0.7367142857142858,,,0.1,-0.08468617724867726,0.1,,0.65,,0.15,0.11050714285714286,2,False,,,,0.1088010370976769,,,0.1088010370976769,0.008163956825725127,0.0008163956825725128,0.0008163956825725128,True,False,0.0008163956825725128,0.0008163956825725128,0.0,,,,False,True,,,,,,,False,True,,,,-0.012807981492191978,-0.0019211972238287966,0.0019211972238287966,False,True,-0.0019211972238287966,0.0,0.0019211972238287966,,,,,,True,,,,0.007503565263257443,,,,,,,,,,,,-0.01765789440135601,price,affordability
alameda_county_ca__county,2021-12-31,0.2147180612748178,-0.5543111770993756,0.7087018089865785,,,0.1,-0.05543111770993756,0.1,,0.65,,0.15,0.10630527134798677,2,False,,,,0.1091877214129384,,,0.1091877214129384,0.2925505953873969,0.02925505953873969,0.02925505953873969,True,False,0.02925505953873969,0.02925505953873969,0.0,,,,False,True,,,,,,,False,True,,,,-0.028012476727707236,-0.004201871509156086,0.004201871509156086,False,True,-0.004201871509156086,0.0,0.004201871509156086,,,,,,True,,,,0.2679336024249432,,,,,,,,,,,,-0.03848300390173887,affordability,affordability
alameda_county_ca__county,2022-01-31,0.1112153188078491,-0.6174639779446187,0.6397535761968338,,,0.1,-0.06174639779446187,0.1,,0.65,,0.15,0.09596303642952507,2,False,,,,-0.1035027424669687,,,0.1035027424669687,-0.0631528008452431,-0.006315280084524311,0.006315280084524311,True,False,0.006315280084524311,0.006315280084524311,0.0,,,,False,True,,,,,,,False,True,,,,-0.06894823278974471,-0.010342234918461706,0.010342234918461706,True,False,0.010342234918461706,0.010342234918461706,0.0,,,,,,True,,,,0.061015582138219525,,,,,,,,,,,,0.099922327389173,price,price
alameda_county_ca__county,2022-02-28,0.2548685329633186,-0.718008918008918,0.6926329966329967,,,0.1,-0.0718008918008918,0.1,,0.65,,0.15,0.1038949494949495,2,False,,,,0.14365321415546947,,,0.14365321415546947,-0.10054494006429926,-0.010054494006429927,0.010054494006429927,False,True,-0.010054494006429927,0.0,0.010054494006429927,,,,False,True,,,,,,,False,True,,,,0.052879420436162894,0.007931913065424434,0.007931913065424434,True,False,0.007931913065424434,0.007931913065424434,0.0,,,,,,True,,,,-0.06999143086035232,,,,,,,,,,,,0.05521570200886753,affordability,price
alameda_county_ca__county,2022-03-31,0.2258448551430582,-0.8679633027522935,0.7471926605504589,,,0.1,-0.08679633027522936,0.1,,0.65,,0.15,0.11207889908256882,2,False,,,,-0.029023677820260385,,,0.029023677820260385,-0.14995438474337552,-0.014995438474337553,0.014995438474337553,True,False,0.014995438474337553,0.014995438474337553,0.0,,,,False,True,,,,,,,False,True,,,,0.05455966391746214,0.00818394958761932,0.00818394958761932,False,True,-0.00818394958761932,0.0,0.00818394958761932,,,,,,True,,,,0.5166622427110108,,,,,,,,,,,,-0.28197493227086473,affordability,affordability
alameda_county_ca__county,2022-04-30,0.0618723292536142,-0.8910783078307831,0.7786102610261028,,,0.1,-0.08910783078307832,0.1,,0.65,,0.15,0.11679153915391541,2,False,,,,-0.163972525889444,,,0.163972525889444,-0.023115005078489625,-0.0023115005078489627,0.0023115005078489627,True,False,0.0023115005078489627,0.0023115005078489627,0.0,,,,False,True,,,,,,,False,True,,,,0.0314176004756439,0.0047126400713465855,0.0047126400713465855,False,True,-0.0047126400713465855,0.0,0.0047126400713465855,,,,,,True,,,,0.014096876871967302,,,,,,,,,,,,-0.028740424932674466,price,affordability
alameda_county_ca__county,2022-05-31,0.1905540367702828,-0.8688897721250662,0.697854795972443,,,0.1,-0.08688897721250663,0.1,,0.65,,0.15,0.10467821939586645,2,False,,,,0.12868170751666858,,,0.12868170751666858,0.022188535705716883,0.0022188535705716882,0.0022188535705716882,True,False,0.0022188535705716882,0.0022188535705716882,0.0,,,,False,True,,,,,,,False,True,,,,-0.08075546505365971,-0.012113319758048956,0.012113319758048956,False,True,-0.012113319758048956,0.0,0.012113319758048956,,,,,,True,,,,0.01724296027299974,,,,,,,,,,,,-0.09413396815922634,price,affordability
alameda_county_ca__county,2022-06-30,0.0094980476248655,-0.8465180305131761,0.6049459084604715,,,0.1,-0.08465180305131761,0.1,,0.65,,0.15,0.09074188626907072,2,False,,,,-0.1810559891454173,,,0.1810559891454173,0.02237174161189015,0.002237174161189015,0.002237174161189015,False,True,-0.002237174161189015,0.0,0.002237174161189015,,,,False,True,,,,,,,False,True,,,,-0.09290888751197157,-0.013936333126795736,0.013936333126795736,True,False,0.013936333126795736,0.013936333126795736,0.0,,,,,,True,,,,-0.0123562560495704,,,,,,,,,,,,0.07697250553585722,price,price
alameda_county_ca__county,2022-07-31,0.0546120338099451,-0.7479050374404357,0.2730251872021783,,,0.1,-0.07479050374404357,0.1,,0.65,,0.15,0.04095377808032674,2,False,,,,0.0451139861850796,,,0.0451139861850796,0.0986129930727404,0.009861299307274042,0.009861299307274042,True,False,0.009861299307274042,0.009861299307274042,0.0,,,,False,True,,,,,,,False,True,,,,-0.3319207212582932,-0.049788108188743976,0.049788108188743976,False,True,-0.049788108188743976,0.0,0.049788108188743976,,,,,,True,,,,0.21858629975232463,,,,,,,,,,,,-1.103606938754843,price,affordability
alameda_county_ca__county,2022-08-31,0.0124571000346001,-0.5955876871666345,0.0747816978343294,,,0.1,-0.05955876871666345,0.1,,0.65,,0.15,0.01121725467514941,2,False,,,,-0.042154933775345,,,0.042154933775345,0.15231735027380122,0.015231735027380122,0.015231735027380122,False,True,-0.015231735027380122,0.0,0.015231735027380122,,,,False,True,,,,,,,False,True,,,,-0.19824348936784886,-0.029736523405177327,0.029736523405177327,True,False,0.029736523405177327,0.029736523405177327,0.0,,,,,,True,,,,-0.36132745715019127,,,,,,,,,,,,0.7054102744805927,price,price
alameda_county_ca__county,2022-09-30,-0.0042866730585615,-0.6597721388745985,-0.1563006632277082,,,0.1,-0.06597721388745985,0.1,,0.65,,0.15,-0.02344509948415623,2,False,,,,-0.0167437730931616,,,0.0167437730931616,-0.06418445170796405,-0.006418445170796406,0.006418445170796406,True,False,0.006418445170796406,0.006418445170796406,0.0,,,,False,True,,,,,,,False,True,,,,-0.2310823610620376,-0.03466235415930564,0.03466235415930564,True,False,0.03466235415930564,0.03466235415930564,0.0,,,,,,True,,,,0.3833332627648778,,,,,,,,,,,,2.0701638732468397,price,price
alameda_county_ca__county,2022-10-31,-0.1310491295942256,-0.6342368431742662,-0.280446063310919,,,0.1,-0.06342368431742662,0.1,,0.65,,0.15,-0.04206690949663785,2,False,,,,-0.1267624565356641,,,0.1267624565356641,0.025535295700332306,0.002553529570033231,0.002553529570033231,False,True,-0.002553529570033231,0.0,0.002553529570033231,,,,False,True,,,,,,,False,True,,,,-0.12414540008321079,-0.01862181001248162,0.01862181001248162,True,False,0.01862181001248162,0.01862181001248162,0.0,,,,,,True,,,,-0.020144210200871312,,,,,,,,,,,,0.14690319611502992,price,price
alameda_county_ca__county,2022-11-30,-0.1426066984407172,-0.596059829059829,-0.3906438746438747,,,0.1,-0.0596059829059829,0.1,,0.65,,0.15,-0.0585965811965812,2,False,,,,-0.01155756884649159,,,0.01155756884649159,0.03817701411443719,0.003817701411443719,0.003817701411443719,False,True,-0.003817701411443719,0.0,0.003817701411443719,,,,False,True,,,,,,,False,True,,,,-0.1101978113329557,-0.016529671699943353,0.016529671699943353,True,False,0.016529671699943353,0.016529671699943353,0.0,,,,,,True,,,,-0.3303204559843586,,,,,,,,,,,,1.4302031784964095,price,price
alameda_county_ca__county,2022-12-31,-0.0668856042966356,-0.1974899445394702,-0.4550354014409372,,,0.1,-0.01974899445394702,0.1,,0.65,,0.15,-0.06825531021614058,2,False,,,,0.07572109414408158,,,0.07572109414408158,0.3985698845203588,0.039856988452035884,0.039856988452035884,True,False,0.039856988452035884,0.039856988452035884,0.0,,,,False,True,,,,,,,False,True,,,,-0.0643915267970625,-0.009658729019559375,0.009658729019559375,False,True,-0.009658729019559375,0.0,0.009658729019559375,,,,,,True,,,,0.5263657228221805,,,,,,,,,,,,-0.12755664889338247,affordability,affordability
alameda_county_ca__county,2023-01-31,-0.1994041377393634,-0.1494242424242424,-0.4947272727272727,,,0.1,-0.014942424242424241,0.1,,0.65,,0.15,-0.0742090909090909,2,False,,,,-0.1325185334427278,,,0.1325185334427278,0.04806570211522779,0.004806570211522779,0.004806570211522779,False,True,-0.004806570211522779,0.0,0.004806570211522779,,,,False,True,,,,,,,False,True,,,,-0.0396918712863355,-0.005953780692950325,0.005953780692950325,True,False,0.005953780692950325,0.005953780692950325,0.0,,,,,,True,,,,-0.036270928198885444,,,,,,,,,,,,0.0449279096159289,price,price
alameda_county_ca__county,2023-02-28,-0.1246456733778792,-0.1198378378378378,-0.5457837837837838,,,0.1,-0.01198378378378378,0.1,,0.65,,0.15,-0.08186756756756756,2,False,,,,0.07475846436148421,,,0.07475846436148421,0.029586404586404602,0.0029586404586404605,0.0029586404586404605,True,False,0.0029586404586404605,0.0029586404586404605,0.0,,,,False,True,,,,,,,False,True,,,,-0.0510565110565111,-0.007658476658476665,0.007658476658476665,False,True,-0.007658476658476665,0.0,0.007658476658476665,,,,,,True,,,,0.03957599295157219,,,,,,,,,,,,-0.10244293704917694,price,affordability
alameda_county_ca__county,2023-03-31,-0.1217741403840055,-0.1828214285714286,-0.6137142857142857,,,0.1,-0.01828214285714286,0.1,,0.65,,0.15,-0.09205714285714285,2,False,,,,0.0028715329938737016,,,0.0028715329938737016,-0.0629835907335908,-0.006298359073359081,0.006298359073359081,False,True,-0.006298359073359081,0.0,0.006298359073359081,,,,False,True,,,,,,,False,True,,,,-0.06793050193050187,-0.010189575289575281,0.010189575289575281,False,True,-0.010189575289575281,0.0,0.010189575289575281,,,,,,False,,,,,,,,,,,,,,,,,price,affordability
alameda_county_ca__county,2023-04-30,-0.1495011674754159,0.0109011799410028,-0.6306666666666667,,,0.1,0.00109011799410028,0.1,,0.65,,0.15,-0.0946,2,False,,,,-0.027727027091410394,,,0.027727027091410394,0.1937226085124314,0.01937226085124314,0.01937226085124314,False,True,-0.01937226085124314,0.0,0.01937226085124314,,,,False,True,,,,,,,False,True,,,,-0.016952380952381052,-0.002542857142857158,0.002542857142857158,True,False,0.002542857142857158,0.002542857142857158,0.0,,,,,,True,,,,-0.6986778924179905,,,,,,,,,,,,0.09171041433594279,affordability,price
alameda_county_ca__county,2023-05-31,-0.1850219064132379,0.0485350877192982,-0.6336666666666667,,,0.1,0.004853508771929821,0.1,,0.65,,0.15,-0.09505000000000001,2,False,,,,-0.03552073893782201,,,0.03552073893782201,0.0376339077782954,0.0037633907778295405,0.0037633907778295405,False,True,-0.0037633907778295405,0.0,0.0037633907778295405,,,,False,True,,,,,,,False,True,,,,-0.0030000000000000027,-0.00045000000000000037,0.00045000000000000037,True,False,0.00045000000000000037,0.00045000000000000037,0.0,,,,,,True,,,,-0.1059491128384813,,,,,,,,,,,,0.012668655367437932,affordability,price
alameda_county_ca__county,2023-06-30,-0.2594170044423031,0.0539927536231884,-0.6336666666666666,,,0.1,0.00539927536231884,0.1,,0.65,,0.15,-0.09504999999999998,2,False,,,,-0.07439509802906519,,,0.07439509802906519,0.005457665903890199,0.0005457665903890199,0.0005457665903890199,False,True,-0.0005457665903890199,0.0,0.0005457665903890199,,,,False,True,,,,,,,False,True,,,,1.1102230246251565e-16,1.6653345369377347e-17,1.6653345369377347e-17,False,True,-1.6653345369377347e-17,0.0,1.6653345369377347e-17,,,,,,True,,,,-0.007336055800017846,,,,,,,,,,,,-2.238500359643468e-16,affordability,affordability
alameda_county_ca__county,2023-07-31,-0.116231121531471,-0.0223965517241379,-0.617,,,0.1,-0.00223965517241379,0.1,,0.65,,0.15,-0.09255,2,False,,,,0.1431858829108321,,,0.1431858829108321,-0.0763893053473263,-0.00763893053473263,0.00763893053473263,False,True,-0.00763893053473263,0.0,0.00763893053473263,,,,False,True,,,,,,,False,True,,,,0.016666666666666607,0.002499999999999991,0.002499999999999991,True,False,0.002499999999999991,0.002499999999999991,0.0,,,,,,True,,,,-0.05334974635376391,,,,,,,,,,,,0.017459821800706755,affordability,price
alameda_county_ca__county,2023-08-31,-0.2229840451520312,-0.1452564102564102,-0.5729059829059829,,,0.1,-0.014525641025641021,0.1,,0.65,,0.15,-0.08593589743589744,2,False,,,,-0.10675292362056021,,,0.10675292362056021,-0.1228598585322723,-0.012285985853227231,0.012285985853227231,True,False,0.012285985853227231,0.012285985853227231,0.0,,,,False,True,,,,,,,False,True,,,,0.04409401709401706,0.006614102564102558,0.006614102564102558,False,True,-0.006614102564102558,0.0,0.006614102564102558,,,,,,True,,,,0.11508805039285122,,,,,,,,,,,,-0.061957109367904065,affordability,affordability
alameda_county_ca__county,2023-09-30,-0.1389235097325459,-0.1418502824858757,-0.4528813559322034,,,0.1,-0.01418502824858757,0.1,,0.65,,0.15,-0.06793220338983051,2,False,,,,0.0840605354194853,,,0.0840605354194853,0.003406127770534506,0.0003406127770534506,0.0003406127770534506,True,False,0.0003406127770534506,0.0003406127770534506,0.0,,,,False,True,,,,,,,False,True,,,,0.12002462697377952,0.01800369404606693,0.01800369404606693,True,False,0.01800369404606693,0.01800369404606693,0.0,,,,,,True,,,,0.004051993903604096,,,,,,,,,,,,0.21417534347388487,price,price
alameda_county_ca__county,2023-10-31,-0.2283850851254855,-0.1805042016806722,-0.4097198879551821,,,0.1,-0.01805042016806722,0.1,,0.65,,0.15,-0.06145798319327731,2,False,,,,-0.08946157539293959,,,0.08946157539293959,-0.03865391919479649,-0.0038653919194796497,0.0038653919194796497,True,False,0.0038653919194796497,0.0038653919194796497,0.0,,,,False,True,,,,,,,False,True,,,,0.043161467977021306,0.006474220196553196,0.006474220196553196,False,True,-0.006474220196553196,0.0,0.006474220196553196,,,,,,True,,,,0.043207286508222066,,,,,,,,,,,,-0.07236872554632152,price,affordability
alameda_county_ca__county,2023-11-30,-0.0746144556484922,-0.1708333333333334,-0.355,,,0.1,-0.01708333333333334,0.1,,0.65,,0.15,-0.05325,2,False,,,,0.1537706294769933,,,0.1537706294769933,0.009670868347338796,0.0009670868347338796,0.0009670868347338796,True,False,0.0009670868347338796,0.0009670868347338796,0.0,,,,False,True,,,,,,,False,True,,,,0.05471988795518212,0.008207983193277318,0.008207983193277318,True,False,0.008207983193277318,0.008207983193277318,0.0,,,,,,True,,,,0.006289151823226244,,,,,,,,,,,,0.05337809451124977,price,price
alameda_county_ca__county,2023-12-31,-0.2750495686790538,-0.27,-0.37,,,0.1,-0.027000000000000003,0.1,,0.65,,0.15,-0.0555,2,False,,,,-0.20043511303056158,,,0.20043511303056158,-0.09916666666666663,-0.009916666666666664,0.009916666666666664,True,False,0.009916666666666664,0.009916666666666664,0.0,,,,False,True,,,,,,,False,True,,,,-0.015000000000000013,-0.002250000000000002,0.002250000000000002,True,False,0.002250000000000002,0.002250000000000002,0.0,,,,,,True,,,,0.04947569573378397,,,,,,,,,,,,0.011225578023631671,affordability,affordability
alameda_county_ca__county,2024-01-31,-0.277254457342884,-0.2391666666666666,-0.3433333333333333,,,0.1,-0.023916666666666662,0.1,,0.65,,0.15,-0.0515,2,False,,,,-0.002204888663830229,,,0.002204888663830229,0.030833333333333407,0.0030833333333333407,0.0030833333333333407,False,True,-0.0030833333333333407,0.0,0.0030833333333333407,,,,False,True,,,,,,,False,True,,,,0.026666666666666672,0.004000000000000001,0.004000000000000001,False,True,-0.004000000000000001,0.0,0.004000000000000001,,,,,,False,,,,,,,,,,,,,,,,,price,affordability
alameda_county_ca__county,2024-02-29,-0.2244268859154644,-0.4016666666666666,-0.25,,,0.1,-0.04016666666666666,0.1,,0.65,,0.15,-0.0375,2,False,,,,0.05282757142741962,,,0.05282757142741962,-0.1625,-0.01625,0.01625,False,True,-0.01625,0.0,0.01625,,,,False,True,,,,,,,False,True,,,,0.09333333333333332,0.013999999999999999,0.013999999999999999,True,False,0.013999999999999999,0.013999999999999999,0.0,,,,,,True,,,,-0.30760452470025157,,,,,,,,,,,,0.2650131289725244,affordability,price
alameda_county_ca__county,2024-03-31,-0.1861372550855947,-0.4808333333333333,-0.0766666666666667,,,0.1,-0.04808333333333333,0.1,,0.65,,0.15,-0.011500000000000005,2,False,,,,0.03828963082986969,,,0.03828963082986969,-0.07916666666666666,-0.007916666666666667,0.007916666666666667,False,True,-0.007916666666666667,0.0,0.007916666666666667,,,,False,True,,,,,,,False,True,,,,0.17333333333333328,0.025999999999999992,0.025999999999999992,True,False,0.025999999999999992,0.025999999999999992,0.0,,,,,,True,,,,-0.2067574561332904,,,,,,,,,,,,0.6790350138272272,price,price
alameda_county_ca__county,2024-04-30,-0.2520498376677785,-0.7175,0.12,,,0.1,-0.07175000000000001,0.1,,0.65,,0.15,0.018,2,False,,,,-0.0659125825821838,,,0.0659125825821838,-0.23666666666666675,-0.023666666666666676,0.023666666666666676,True,False,0.023666666666666676,0.023666666666666676,0.0,,,,False,True,,,,,,,False,True,,,,0.1966666666666667,0.029500000000000005,0.029500000000000005,False,True,-0.029500000000000005,0.0,0.029500000000000005,,,,,,True,,,,0.3590614377331922,,,,,,,,,,,,-0.4475624963294014,price,affordability
alameda_county_ca__county,2024-05-31,-0.214696870438502,-0.7158333333333333,0.155,,,0.1,-0.07158333333333333,0.1,,0.65,,0.15,0.02325,2,False,,,,0.0373529672292765,,,0.0373529672292765,0.0016666666666667052,0.00016666666666667054,0.00016666666666667054,True,False,0.00016666666666667054,0.00016666666666667054,0.0,,,,False,True,,,,,,,False,True,,,,0.035,0.00525,0.00525,True,False,0.00525,0.00525,0.0,,,,,,True,,,,0.0044619391451193886,,,,,,,,,,,,0.1405510830712575,price,price
alameda_county_ca__county,2024-06-30,-0.2284156379343959,-0.6775,0.1983333333333333,,,0.1,-0.06775,0.1,,0.65,,0.15,0.029749999999999995,2,False,,,,-0.013718767495893902,,,0.013718767495893902,0.03833333333333333,0.003833333333333333,0.003833333333333333,False,True,-0.003833333333333333,0.0,0.003833333333333333,,,,False,True,,,,,,,False,True,,,,0.04333333333333331,0.006499999999999996,0.006499999999999996,False,True,-0.006499999999999996,0.0,0.006499999999999996,,,,,,True,,,,-0.27942257454838193,,,,,,,,,,,,-0.4738034959733431,price,affordability
alameda_county_ca__county,2024-07-31,-0.1433459679378163,-0.5733333333333333,0.0483333333333333,,,0.1,-0.057333333333333326,0.1,,0.65,,0.15,0.007249999999999994,2,False,,,,0.08506966999657961,,,0.08506966999657961,0.10416666666666674,0.010416666666666675,0.010416666666666675,True,False,0.010416666666666675,0.010416666666666675,0.0,,,,False,True,,,,,,,False,True,,,,-0.15000000000000002,-0.022500000000000003,0.022500000000000003,False,True,-0.022500000000000003,0.0,0.022500000000000003,,,,,,True,,,,0.1224486549328979,,,,,,,,,,,,-0.2644890946550593,price,affordability
alameda_county_ca__county,2024-08-31,-0.2576629808742454,-0.4266666666666666,-0.08,,,0.1,-0.04266666666666666,0.1,,0.65,,0.15,-0.012,2,False,,,,-0.1143170129364291,,,0.1143170129364291,0.14666666666666667,0.014666666666666668,0.014666666666666668,False,True,-0.014666666666666668,0.0,0.014666666666666668,,,,False,True,,,,,,,False,True,,,,-0.1283333333333333,-0.019249999999999993,0.019249999999999993,True,False,0.019249999999999993,0.019249999999999993,0.0,,,,,,True,,,,-0.12829819717930085,,,,,,,,,,,,0.1683913837978323,price,price
alameda_county_ca__county,2024-09-30,-0.1327315020800797,-0.2858333333333333,-0.1883333333333333,,,0.1,-0.02858333333333333,0.1,,0.65,,0.15,-0.028249999999999994,2,False,,,,0.12493147879416569,,,0.12493147879416569,0.1408333333333333,0.014083333333333331,0.014083333333333331,True,False,0.014083333333333331,0.014083333333333331,0.0,,,,False,True,,,,,,,False,True,,,,-0.1083333333333333,-0.016249999999999994,0.016249999999999994,False,True,-0.016249999999999994,0.0,0.016249999999999994,,,,,,True,,,,0.11272846098729622,,,,,,,,,,,,-0.1300713011391879,price,affordability
alameda_county_ca__county,2024-10-31,-0.2612030157808985,-0.3049999999999999,-0.17,,,0.1,-0.03049999999999999,0.1,,0.65,,0.15,-0.025500000000000002,2,False,,,,-0.1284715137008188,,,0.1284715137008188,-0.01916666666666661,-0.0019166666666666611,0.0019166666666666611,True,False,0.0019166666666666611,0.0019166666666666611,0.0,,,,False,True,,,,,,,False,True,,,,0.018333333333333285,0.0027499999999999925,0.0027499999999999925,False,True,-0.0027499999999999925,0.0,0.0027499999999999925,,,,,,True,,,,0.014919001196873463,,,,,,,,,,,,-0.021405523456383666,price,affordability
alameda_county_ca__county,2024-11-30,-0.2523742047447425,-0.5108333333333333,-0.172,,,0.1,-0.05108333333333333,0.1,,0.65,,0.15,-0.025799999999999997,2,False,,,,0.008828811036156015,,,0.008828811036156015,-0.20583333333333337,-0.02058333333333334,0.02058333333333334,False,True,-0.02058333333333334,0.0,0.02058333333333334,,,,False,True,,,,,,,False,True,,,,-0.001999999999999974,-0.00029999999999999607,0.00029999999999999607,False,True,-0.00029999999999999607,0.0,0.00029999999999999607,,,,,,False,,,,,,,,,,,,,,,,,affordability,affordability
alameda_county_ca__county,2024-12-31,-0.0327071226071983,-0.0424999999999999,-0.162,,,0.1,-0.00424999999999999,0.1,,0.65,,0.15,-0.0243,2,False,,,,0.21966708213754418,,,0.21966708213754418,0.4683333333333334,0.04683333333333334,0.04683333333333334,True,False,0.04683333333333334,0.04683333333333334,0.0,,,,False,True,,,,,,,False,True,,,,0.009999999999999981,0.0014999999999999972,0.0014999999999999972,True,False,0.0014999999999999972,0.0014999999999999972,0.0,,,,,,True,,,,0.21320141769811793,,,,,,,,,,,,0.006828515157590953,affordability,affordability
alameda_county_ca__county,2025-01-31,-0.0871237367604344,-0.1025,-0.2483333333333333,,,0.1,-0.01025,0.1,,0.65,,0.15,-0.03724999999999999,2,False,,,,-0.054416614153236106,,,0.054416614153236106,-0.060000000000000095,-0.00600000000000001,0.00600000000000001,True,False,0.00600000000000001,0.00600000000000001,0.0,,,,False,True,,,,,,,False,True,,,,-0.08633333333333329,-0.012949999999999993,0.012949999999999993,True,False,0.012949999999999993,0.012949999999999993,0.0,,,,,,True,,,,0.11026044331064275,,,,,,,,,,,,0.23797879014547008,price,price
alameda_county_ca__county,2025-02-28,-1.9066530624271827e-05,0.0466666666666666,-0.2633333333333333,,,0.1,0.00466666666666666,0.1,,0.65,,0.15,-0.03949999999999999,2,False,,,,0.08710467022981014,,,0.08710467022981014,0.1491666666666666,0.01491666666666666,0.01491666666666666,True,False,0.01491666666666666,0.01491666666666666,0.0,,,,False,True,,,,,,,False,True,,,,-0.015000000000000013,-0.002250000000000002,0.002250000000000002,False,True,-0.002250000000000002,0.0,0.002250000000000002,,,,,,True,,,,0.17124990689146397,,,,,,,,,,,,-0.025830991542287896,affordability,affordability
alameda_county_ca__county,2025-03-31,0.0302009266304366,0.0016666666666666,-0.282,,,0.1,0.00016666666666666002,0.1,,0.65,,0.15,-0.0423,2,False,,,,0.030219993161060874,,,0.030219993161060874,-0.045,-0.0045,0.0045,False,True,-0.0045,0.0,0.0045,,,,False,True,,,,,,,False,True,,,,-0.018666666666666665,-0.0027999999999999995,0.0027999999999999995,False,True,-0.0027999999999999995,0.0,0.0027999999999999995,,,,,,True,,,,-0.14890804164040475,,,,,,,,,,,,-0.09265389257625184,affordability,affordability
alameda_county_ca__county,2025-04-30,-0.1242431083856773,0.0658333333333333,-0.3633333333333333,,,0.1,0.00658333333333333,0.1,,0.65,,0.15,-0.05449999999999999,2,False,,,,-0.1544440350161139,,,0.1544440350161139,0.0641666666666667,0.006416666666666671,0.006416666666666671,False,True,-0.006416666666666671,0.0,0.006416666666666671,,,,False,True,,,,,,,False,True,,,,-0.08133333333333331,-0.012199999999999997,0.012199999999999997,True,False,0.012199999999999997,0.012199999999999997,0.0,,,,,,True,,,,-0.0415468727296408,,,,,,,,,,,,0.0789930151638884,price,price
alameda_county_ca__county,2025-05-31,-0.1132193225616312,0.0641666666666666,-0.4516666666666667,,,0.1,0.00641666666666666,0.1,,0.65,,0.15,-0.06775,2,False,,,,0.011023785824046103,,,0.011023785824046103,-0.0016666666666667052,-0.00016666666666667054,0.00016666666666667054,False,True,-0.00016666666666667054,0.0,0.00016666666666667054,,,,False,True,,,,,,,False,True,,,,-0.08833333333333343,-0.013250000000000014,0.013250000000000014,False,True,-0.013250000000000014,0.0,0.013250000000000014,,,,,,True,,,,-0.015118823000272896,,,,,,,,,,,,-1.2019464285216686,price,affordability
alameda_county_ca__county,2025-06-30,-0.1209659590153027,0.0949999999999999,-0.5283333333333333,,,0.1,0.009499999999999991,0.1,,0.65,,0.15,-0.07925,2,False,,,,-0.007746636453671504,,,0.007746636453671504,0.03083333333333331,0.003083333333333331,0.003083333333333331,False,True,-0.003083333333333331,0.0,0.003083333333333331,,,,False,True,,,,,,,False,True,,,,-0.0766666666666666,-0.011499999999999991,0.011499999999999991,True,False,0.011499999999999991,0.011499999999999991,0.0,,,,,,False,,,,,,,,,,,,,,,,,price,price
alameda_county_ca__county,2025-07-31,-0.0532411171457024,0.1691666666666666,-0.5533333333333333,,,0.1,0.01691666666666666,0.1,,0.65,,0.15,-0.083,2,False,,,,0.0677248418696003,,,0.0677248418696003,0.0741666666666667,0.00741666666666667,0.00741666666666667,True,False,0.00741666666666667,0.00741666666666667,0.0,,,,False,True,,,,,,,False,True,,,,-0.025000000000000022,-0.0037500000000000033,0.0037500000000000033,False,True,-0.0037500000000000033,0.0,0.0037500000000000033,,,,,,True,,,,0.10951176055821542,,,,,,,,,,,,-0.05537111488898534,affordability,affordability
alameda_county_ca__county,2025-08-31,-0.1221164659824893,0.2166666666666666,-0.5566666666666666,,,0.1,0.02166666666666666,0.1,,0.65,,0.15,-0.08349999999999999,2,False,,,,-0.0688753488367869,,,0.0688753488367869,0.04749999999999999,0.004749999999999999,0.004749999999999999,False,True,-0.004749999999999999,0.0,0.004749999999999999,,,,False,True,,,,,,,False,True,,,,-0.0033333333333332993,-0.0004999999999999949,0.0004999999999999949,True,False,0.0004999999999999949,0.0004999999999999949,0.0,,,,,,True,,,,-0.06896516794791148,,,,,,,,,,,,0.007259491362937979,affordability,price
alameda_county_ca__county,2025-09-30,0.0323871416440006,0.2516666666666666,-0.55,,,0.1,0.02516666666666666,0.1,,0.65,,0.15,-0.0825,2,False,,,,0.1545036076264899,,,0.1545036076264899,0.035,0.0035000000000000005,0.0035000000000000005,True,False,0.0035000000000000005,0.0035000000000000005,0.0,,,,False,True,,,,,,,False,True,,,,0.006666666666666599,0.0009999999999999898,0.0009999999999999898,True,False,0.0009999999999999898,0.0009999999999999898,0.0,,,,,,True,,,,0.022653192723248228,,,,,,,,,,,,0.006472340778070855,affordability,affordability
alameda_county_ca__county,2025-10-31,0.0396324888512011,0.2591666666666666,-0.5233333333333333,,,0.1,0.02591666666666666,0.1,,0.65,,0.15,-0.0785,2,False,,,,0.007245347207200506,,,0.007245347207200506,0.007500000000000007,0.0007500000000000007,0.0007500000000000007,True,False,0.0007500000000000007,0.0007500000000000007,0.0,,,,False,True,,,,,,,False,True,,,,0.026666666666666727,0.004000000000000009,0.004000000000000009,True,False,0.004000000000000009,0.004000000000000009,0.0,,,,,,False,,,,,,,,,,,,,,,,,price,price
alameda_county_ca__county,2025-11-30,-0.0469701594914135,0.3366666666666666,-0.555,,,0.1,0.033666666666666664,0.1,,0.65,,0.15,-0.08325,2,False,,,,-0.08660264834261461,,,0.08660264834261461,0.07750000000000001,0.007750000000000002,0.007750000000000002,False,True,-0.007750000000000002,0.0,0.007750000000000002,,,,False,True,,,,,,,False,True,,,,-0.03166666666666673,-0.004750000000000009,0.004750000000000009,True,False,0.004750000000000009,0.004750000000000009,0.0,,,,,,True,,,,-0.08948918016155466,,,,,,,,,,,,0.054848207195791664,affordability,price
alameda_county_ca__county,2025-12-31,-0.0651740557303445,0.2391666666666666,-0.5766666666666667,,,0.1,0.023916666666666662,0.1,,0.65,,0.15,-0.0865,2,False,,,,-0.018203896238931004,,,0.018203896238931004,-0.0975,-0.009750000000000002,0.009750000000000002,True,False,0.009750000000000002,0.009750000000000002,0.0,,,,False,True,,,,,,,False,True,,,,-0.021666666666666612,-0.0032499999999999916,0.0032499999999999916,True,False,0.0032499999999999916,0.0032499999999999916,0.0,,,,,,True,,,,0.5355996250488712,,,,,,,,,,,,0.17853320834962322,affordability,affordability
alameda_county_ca__county,2026-01-31,-0.2180562298507086,0.2574999999999999,-0.5783333333333334,,,0.1,0.02574999999999999,0.1,,0.65,,0.15,-0.08675000000000001,2,False,,,,-0.1528821741203641,,,0.1528821741203641,0.018333333333333285,0.0018333333333333285,0.0018333333333333285,False,True,-0.0018333333333333285,0.0,0.0018333333333333285,,,,False,True,,,,,,,False,True,,,,-0.0016666666666667052,-0.00025000000000000575,0.00025000000000000575,True,False,0.00025000000000000575,0.00025000000000000575,0.0,,,,,,True,,,,-0.011991805741132028,,,,,,,,,,,,0.0016352462374271367,affordability,price
alameda_county_ca__county,2026-02-28,-0.0254200556954818,0.2808333333333333,-0.5700000000000001,,,0.1,0.028083333333333335,0.1,,0.65,,0.15,-0.0855,2,False,,,,0.1926361741552268,,,0.1926361741552268,0.023333333333333428,0.002333333333333343,0.002333333333333343,True,False,0.002333333333333343,0.002333333333333343,0.0,,,,False,True,,,,,,,False,True,,,,0.008333333333333304,0.0012499999999999955,0.0012499999999999955,True,False,0.0012499999999999955,0.0012499999999999955,0.0,,,,,,True,,,,0.012112643658782053,,,,,,,,,,,,0.00648891624577605,affordability,affordability
alameda_county_ca__county,2026-03-31,-0.1200447995488517,0.2466666666666666,-0.6000000000000001,,,0.1,0.02466666666666666,0.1,,0.65,,0.15,-0.09000000000000001,2,False,,,,-0.09462474385336989,,,0.09462474385336989,-0.034166666666666734,-0.0034166666666666737,0.0034166666666666737,True,False,0.0034166666666666737,0.0034166666666666737,0.0,,,,False,True,,,,,,,False,True,,,,-0.030000000000000027,-0.004500000000000004,0.004500000000000004,True,False,0.004500000000000004,0.004500000000000004,0.0,,,,,,True,,,,0.03610753939752932,,,,,,,,,,,,0.04755627140162393,price,price
alameda_county_ca__county,2026-04-30,-0.1616011281278905,0.2375,-0.6066666666666667,,,0.1,0.02375,0.1,,0.65,,0.15,-0.091,2,False,,,,-0.04155632857903879,,,0.04155632857903879,-0.0091666666666666,-0.0009166666666666601,0.0009166666666666601,True,False,0.0009166666666666601,0.0009166666666666601,0.0,,,,False,True,,,,,,,False,True,,,,-0.006666666666666599,-0.0009999999999999898,0.0009999999999999898,True,False,0.0009999999999999898,0.0009999999999999898,0.0,,,,,,True,,,,0.02205841319507304,,,,,,,,,,,,0.02406372348553415,price,price
alameda_county_ca__county,2026-05-31,-0.162814866834201,0.1299999999999999,-0.52,,,0.1,0.01299999999999999,0.1,,0.65,,0.15,-0.078,2,False,,,,-0.001213738706310502,,,0.001213738706310502,-0.1075000000000001,-0.01075000000000001,0.01075000000000001,True,False,0.01075000000000001,0.01075000000000001,0.0,,,,False,True,,,,,,,False,True,,,,0.08666666666666667,0.013,0.013,False,True,-0.013,0.0,0.013,,,,,,False,,,,,,,,,,,,,,,,,price,affordability
alameda_county_ca__county,2026-06-30,-0.1553371021646885,0.1299999999999999,-0.52,,,0.1,0.01299999999999999,0.1,,0.65,,0.15,-0.078,2,False,,,,0.007477764669512499,,,0.007477764669512499,0.0,0.0,0.0,False,False,0.0,0.0,-0.0,,,,False,True,,,,,,,False,True,,,,0.0,0.0,0.0,False,False,0.0,0.0,-0.0,,,,,,False,,,,,,,,,,,,,,,,,affordability,affordability
alameda_county_ca__county,2026-07-31,-0.1510586281681048,0.1299999999999999,-0.52,,,0.1,0.01299999999999999,0.1,,0.65,,0.15,-0.078,2,False,,,,0.0042784739965836815,,,0.0042784739965836815,0.0,0.0,0.0,False,False,0.0,0.0,-0.0,,,,False,True,,,,,,,False,True,,,,0.0,0.0,0.0,False,False,0.0,0.0,-0.0,,,,,,False,,,,,,,,,,,,,,,,,affordability,affordability
district_of_columbia_dc__county,2015-01-31,0.4192134157636482,,,,,0.1,,0.1,,0.65,,0.15,,0,False,,,,,,,,,,,False,True,,,,,,,False,True,,,,,,,False,True,,,,,,,False,True,,,,,,,,,False,,,,,,,,,,,,,,,,,,
district_of_columbia_dc__county,2015-02-28,0.4552314303014014,,,,,0.1,,0.1,,0.65,,0.15,,0,False,,,,0.03601801453775322,,,0.03601801453775322,,,,False,True,,,,,,,False,True,,,,,,,False,True,,,,,,,False,True,,,,,,,,,True,,,,,,,,,,,,,,,,,,
district_of_columbia_dc__county,2015-03-31,0.376391044467139,,,,,0.1,,0.1,,0.65,,0.15,,0,False,,,,-0.0788403858342624,,,0.0788403858342624,,,,False,True,,,,,,,False,True,,,,,,,False,True,,,,,,,False,True,,,,,,,,,True,,,,,,,,,,,,,,,,,,
district_of_columbia_dc__county,2015-04-30,0.5055528818967427,,,,,0.1,,0.1,,0.65,,0.15,,0,False,,,,0.12916183742960374,,,0.12916183742960374,,,,False,True,,,,,,,False,True,,,,,,,False,True,,,,,,,False,True,,,,,,,,,True,,,,,,,,,,,,,,,,,,
district_of_columbia_dc__county,2015-05-31,0.1915264392849222,,,,,0.1,,0.1,,0.65,,0.15,,0,False,,,,-0.31402644261182056,,,0.31402644261182056,,,,False,True,,,,,,,False,True,,,,,,,False,True,,,,,,,False,True,,,,,,,,,True,,,,,,,,,,,,,,,,,,
district_of_columbia_dc__county,2015-06-30,0.334863775742728,,,,,0.1,,0.1,,0.65,,0.15,,0,False,,,,0.14333733645780583,,,0.14333733645780583,,,,False,True,,,,,,,False,True,,,,,,,False,True,,,,,,,False,True,,,,,,,,,True,,,,,,,,,,,,,,,,,,
district_of_columbia_dc__county,2015-07-31,0.4110546874670744,,,,,0.1,,0.1,,0.65,,0.15,,0,False,,,,0.07619091172434639,,,0.07619091172434639,,,,False,True,,,,,,,False,True,,,,,,,False,True,,,,,,,False,True,,,,,,,,,True,,,,,,,,,,,,,,,,,,
district_of_columbia_dc__county,2015-08-31,0.3381545193485997,,,,,0.1,,0.1,,0.65,,0.15,,0,False,,,,-0.07290016811847472,,,0.07290016811847472,,,,False,True,,,,,,,False,True,,,,,,,False,True,,,,,,,False,True,,,,,,,,,True,,,,,,,,,,,,,,,,,,
district_of_columbia_dc__county,2015-09-30,0.2601308948784006,,,,,0.1,,0.1,,0.65,,0.15,,0,False,,,,-0.07802362447019912,,,0.07802362447019912,,,,False,True,,,,,,,False,True,,,,,,,False,True,,,,,,,False,True,,,,,,,,,True,,,,,,,,,,,,,,,,,,
district_of_columbia_dc__county,2015-10-31,0.3816936909606434,,,,,0.1,,0.1,,0.65,,0.15,,0,False,,,,0.1215627960822428,,,0.1215627960822428,,,,False,True,,,,,,,False,True,,,,,,,False,True,,,,,,,False,True,,,,,,,,,True,,,,,,,,,,,,,,,,,,
district_of_columbia_dc__county,2015-11-30,0.3121787548834086,-0.5,0.98,,,0.1,-0.05,0.1,,0.65,,0.15,0.147,2,False,,,,-0.06951493607723475,,,0.06951493607723475,,,,False,True,,,,,,,False,True,,,,,,,False,True,,,,,,,False,True,,,,,,,,,True,,,,,,,,,,,,,,,,,,
district_of_columbia_dc__county,2015-12-31,0.4355926293925592,0.4594594594594594,0.98,,,0.1,0.04594594594594594,0.1,,0.65,,0.15,0.147,2,False,,,,0.12341387450915059,,,0.12341387450915059,0.9594594594594594,0.09594594594594595,0.09594594594594595,True,False,0.09594594594594595,0.09594594594594595,0.0,,,,False,True,,,,,,,False,True,,,,0.0,0.0,0.0,False,False,0.0,0.0,-0.0,,,,,,True,,,,0.7774324104769272,,,,,,,,,,,,0.0,affordability,affordability
district_of_columbia_dc__county,2016-01-31,0.3636273717320274,0.4473684210526316,0.98,,,0.1,0.04473684210526316,0.1,,0.65,,0.15,0.147,2,False,,,,-0.0719652576605318,,,0.0719652576605318,-0.012091038406827792,-0.0012091038406827793,0.0012091038406827793,True,False,0.0012091038406827793,0.0012091038406827793,0.0,,,,False,True,,,,,,,False,True,,,,0.0,0.0,0.0,False,False,-0.0,-0.0,0.0,,,,,,True,,,,0.016801216031022328,,,,,,,,,,,,-0.0,affordability,affordability
district_of_columbia_dc__county,2016-02-29,0.3592415513121505,0.5177045177045178,0.0807122507122506,,,0.1,0.05177045177045178,0.1,,0.65,,0.15,0.012106837606837591,2,False,,,,-0.004385820419876896,,,0.004385820419876896,0.07033609665188617,0.007033609665188617,0.007033609665188617,False,True,-0.007033609665188617,0.0,0.007033609665188617,,,,False,True,,,,,,,False,True,,,,-0.8992877492877493,-0.1348931623931624,0.1348931623931624,True,False,0.1348931623931624,0.1348931623931624,0.0,,,,,,False,,,,,,,,,,,,,,,,,price,price
district_of_columbia_dc__county,2016-03-31,0.2861253517636794,0.4425675675675676,-0.0747297297297297,,,0.1,0.04425675675675676,0.1,,0.65,,0.15,-0.011209459459459455,2,False,,,,-0.0731161995484711,,,0.0731161995484711,-0.07513695013695015,-0.0075136950136950155,0.0075136950136950155,True,False,0.0075136950136950155,0.0075136950136950155,0.0,,,,False,True,,,,,,,False,True,,,,-0.15544198044198032,-0.023316297066297047,0.023316297066297047,True,False,0.023316297066297047,0.023316297066297047,0.0,,,,,,True,,,,0.10276375222038098,,,,,,,,,,,,0.3188937227356835,price,price
district_of_columbia_dc__county,2016-04-30,0.2821152617166166,0.4738675958188153,-0.1741548994437312,,,0.1,0.047386759581881537,0.1,,0.65,,0.15,-0.026123234916559677,2,False,,,,-0.00401009004706282,,,0.00401009004706282,0.031300028251247725,0.0031300028251247725,0.0031300028251247725,False,True,-0.0031300028251247725,0.0,0.0031300028251247725,,,,False,True,,,,,,,False,True,,,,-0.09942516971400149,-0.014913775457100223,0.014913775457100223,True,False,0.014913775457100223,0.014913775457100223,0.0,,,,,,False,,,,,,,,,,,,,,,,,price,price
district_of_columbia_dc__county,2016-05-31,0.1898677699150749,0.347985347985348,-0.1861538461538461,,,0.1,0.03479853479853481,0.1,,0.65,,0.15,-0.02792307692307691,2,False,,,,-0.09224749180154171,,,0.09224749180154171,-0.1258822478334673,-0.01258822478334673,0.01258822478334673,True,False,0.01258822478334673,0.01258822478334673,0.0,,,,False,True,,,,,,,False,True,,,,-0.011998946710114894,-0.001799842006517234,0.001799842006517234,True,False,0.001799842006517234,0.001799842006517234,0.0,,,,,,True,,,,0.13646143149809029,,,,,,,,,,,,0.01951101294319586,affordability,affordability
district_of_columbia_dc__county,2016-06-30,0.2305656142971635,0.3302325581395348,-0.2444186046511628,,,0.1,0.03302325581395348,0.1,,0.65,,0.15,-0.03666279069767442,2,False,,,,0.040697844382088594,,,0.040697844382088594,-0.017752789845813244,-0.0017752789845813244,0.0017752789845813244,False,True,-0.0017752789845813244,0.0,0.0017752789845813244,,,,False,True,,,,,,,False,True,,,,-0.058264758497316715,-0.008739713774597507,0.008739713774597507,False,True,-0.008739713774597507,0.0,0.008739713774597507,,,,,,True,,,,-0.043620958592161634,,,,,,,,,,,,-0.21474635591372787,price,affordability
district_of_columbia_dc__county,2016-07-31,0.2666124182940456,0.2761324041811847,0.0665040650406503,,,0.1,0.027613240418118468,0.1,,0.65,,0.15,0.009975609756097546,2,False,,,,0.03604680399688209,,,0.03604680399688209,-0.054100153958350106,-0.005410015395835011,0.005410015395835011,False,True,-0.005410015395835011,0.0,0.005410015395835011,,,,False,True,,,,,,,False,True,,,,0.3109226696918131,0.04663840045377196,0.04663840045377196,True,False,0.04663840045377196,0.04663840045377196,0.0,,,,,,True,,,,-0.15008308077195848,,,,,,,,,,,,1.2938290023660906,price,price
district_of_columbia_dc__county,2016-08-31,0.1102461201363984,0.0521541950113378,0.2949206349206348,,,0.1,0.00521541950113378,0.1,,0.65,,0.15,0.04423809523809522,2,False,,,,-0.1563662981576472,,,0.1563662981576472,-0.22397820916984687,-0.02239782091698469,0.02239782091698469,True,False,0.02239782091698469,0.02239782091698469,0.0,,,,False,True,,,,,,,False,True,,,,0.2284165698799845,0.03426248548199767,0.03426248548199767,False,True,-0.03426248548199767,0.0,0.03426248548199767,,,,,,True,,,,0.14323943957797985,,,,,,,,,,,,-0.21911681663944313,price,affordability
district_of_columbia_dc__county,2016-09-30,0.2567151359393094,-0.121840242669363,0.4351937984496123,,,0.1,-0.012184024266936301,0.1,,0.65,,0.15,0.06527906976744184,2,False,,,,0.146469015802911,,,0.146469015802911,-0.1739944376807008,-0.01739944376807008,0.01739944376807008,False,True,-0.01739944376807008,0.0,0.01739944376807008,,,,False,True,,,,,,,False,True,,,,0.1402731635289775,0.021040974529346626,0.021040974529346626,True,False,0.021040974529346626,0.021040974529346626,0.0,,,,,,True,,,,-0.11879265845196098,,,,,,,,,,,,0.1436547819619366,price,price
district_of_columbia_dc__county,2016-10-31,0.3411839625936384,-0.2340425531914894,0.4478787878787878,,,0.1,-0.023404255319148942,0.1,,0.65,,0.15,0.06718181818181818,2,False,,,,0.08446882665432903,,,0.08446882665432903,-0.1122023105221264,-0.011220231052212641,0.011220231052212641,False,True,-0.011220231052212641,0.0,0.011220231052212641,,,,False,True,,,,,,,False,True,,,,0.012684989429175508,0.0019027484143763261,0.0019027484143763261,True,False,0.0019027484143763261,0.0019027484143763261,0.0,,,,,,True,,,,-0.1328328034924539,,,,,,,,,,,,0.022526042917145342,affordability,price
district_of_columbia_dc__county,2016-11-30,0.0887314830579999,-0.0423611111111111,-0.1995555555555555,,,0.1,-0.00423611111111111,0.1,,0.65,,0.15,-0.029933333333333326,2,False,,,,-0.25245247953563854,,,0.25245247953563854,0.1916814420803783,0.01916814420803783,0.01916814420803783,False,True,-0.01916814420803783,0.0,0.01916814420803783,,,,False,True,,,,,,,False,True,,,,-0.6474343434343434,-0.0971151515151515,0.0971151515151515,True,False,0.0971151515151515,0.0971151515151515,0.0,,,,,,True,,,,-0.07592773199651572,,,,,,,,,,,,0.38468685945879894,price,price
district_of_columbia_dc__county,2016-12-31,-0.0753675598121497,-0.7696611429530684,0.0187967097532314,,,0.1,-0.07696611429530685,0.1,,0.65,,0.15,0.00281950646298471,2,False,,,,-0.1640990428701496,,,0.1640990428701496,-0.7273000318419574,-0.07273000318419574,0.07273000318419574,True,False,0.07273000318419574,0.07273000318419574,0.0,,,,False,True,,,,,,,False,True,,,,0.2183522653087869,0.03275283979631803,0.03275283979631803,False,True,-0.03275283979631803,0.0,0.03275283979631803,,,,,,True,,,,0.44320796704308923,,,,,,,,,,,,-0.1995919002540138,affordability,affordability
district_of_columbia_dc__county,2017-01-31,0.0384125106381898,-0.8071780515117581,0.3151489361702128,,,0.1,-0.08071780515117583,0.1,,0.65,,0.15,0.04727234042553192,2,False,,,,0.1137800704503395,,,0.1137800704503395,-0.03751690855868972,-0.0037516908558689723,0.0037516908558689723,False,True,-0.0037516908558689723,0.0,0.0037516908558689723,,,,False,True,,,,,,,False,True,,,,0.2963522264169814,0.044452833962547206,0.044452833962547206,True,False,0.044452833962547206,0.044452833962547206,0.0,,,,,,True,,,,-0.03297318098872541,,,,,,,,,,,,0.3906908634051963,price,price
district_of_columbia_dc__county,2017-02-28,0.0436949659353451,-0.6108031674208144,0.0562579185520362,,,0.1,-0.06108031674208145,0.1,,0.65,,0.15,0.00843868778280543,2,False,,,,0.005282455297155306,,,0.005282455297155306,0.19637488409094372,0.019637488409094375,0.019637488409094375,True,False,0.019637488409094375,0.019637488409094375,0.0,,,,False,True,,,,,,,False,True,,,,-0.25889101761817657,-0.038833652642726486,0.038833652642726486,False,True,-0.038833652642726486,0.0,0.038833652642726486,,,,,,False,,,,,,,,,,,,,,,,,price,affordability
district_of_columbia_dc__county,2017-03-31,0.0669388920664442,-0.6890816326530612,0.3168163265306122,,,0.1,-0.06890816326530612,0.1,,0.65,,0.15,0.047522448979591826,2,False,,,,0.023243926131099095,,,0.023243926131099095,-0.0782784652322468,-0.00782784652322468,0.00782784652322468,False,True,-0.00782784652322468,0.0,0.00782784652322468,,,,False,True,,,,,,,False,True,,,,0.260558407978576,0.039083761196786394,0.039083761196786394,True,False,0.039083761196786394,0.039083761196786394,0.0,,,,,,True,,,,-0.3367695491318677,,,,,,,,,,,,1.681461254710084,price,price
district_of_columbia_dc__county,2017-04-30,0.0754195291666453,-0.4835872066267833,0.2002926829268293,,,0.1,-0.04835872066267833,0.1,,0.65,,0.15,0.030043902439024394,2,False,,,,0.008480637100201097,,,0.008480637100201097,0.20549442602627793,0.020549442602627796,0.020549442602627796,True,False,0.020549442602627796,0.020549442602627796,0.0,,,,False,True,,,,,,,False,True,,,,-0.1165236436037829,-0.017478546540567432,0.017478546540567432,False,True,-0.017478546540567432,0.0,0.017478546540567432,,,,,,False,,,,,,,,,,,,,,,,,affordability,affordability
district_of_columbia_dc__county,2017-05-31,0.0694249648804936,-0.5096591970121382,0.1674285714285714,,,0.1,-0.05096591970121383,0.1,,0.65,,0.15,0.02511428571428571,2,False,,,,-0.0059945642861516935,,,0.0059945642861516935,-0.02607199038535496,-0.002607199038535496,0.002607199038535496,True,False,0.002607199038535496,0.002607199038535496,0.0,,,,False,True,,,,,,,False,True,,,,-0.03286411149825791,-0.004929616724738686,0.004929616724738686,True,False,0.004929616724738686,0.004929616724738686,0.0,,,,,,False,,,,,,,,,,,,,,,,,price,price
district_of_columbia_dc__county,2017-06-30,0.0136556702423691,-0.3484558464791022,0.1121001788908765,,,0.1,-0.034845584647910224,0.1,,0.65,,0.15,0.016815026833631477,2,False,,,,-0.0557692946381245,,,0.0557692946381245,0.16120335053303603,0.016120335053303604,0.016120335053303604,False,True,-0.016120335053303604,0.0,0.016120335053303604,,,,False,True,,,,,,,False,True,,,,-0.05532839253769489,-0.008299258880654234,0.008299258880654234,True,False,0.008299258880654234,0.008299258880654234,0.0,,,,,,True,,,,-0.28905395267960887,,,,,,,,,,,,0.14881412674315536,affordability,price
district_of_columbia_dc__county,2017-07-31,0.0070767612278569,-0.4617832639059054,-0.1908478314138692,,,0.1,-0.046178326390590545,0.1,,0.65,,0.15,-0.02862717471208038,2,False,,,,-0.0065789090145122004,,,0.0065789090145122004,-0.11332741742680319,-0.01133274174268032,0.01133274174268032,True,False,0.01133274174268032,0.01133274174268032,0.0,,,,False,True,,,,,,,False,True,,,,-0.3029480103047457,-0.04544220154571186,0.04544220154571186,True,False,0.04544220154571186,0.04544220154571186,0.0,,,,,,False,,,,,,,,,,,,,,,,,price,price
district_of_columbia_dc__county,2017-08-31,0.0140064448800133,-0.1973489278752436,-0.2628966861598441,,,0.1,-0.019734892787524362,0.1,,0.65,,0.15,-0.03943450292397661,2,False,,,,0.0069296836521564,,,0.0069296836521564,0.2644343360306618,0.026443433603066183,0.026443433603066183,True,False,0.026443433603066183,0.026443433603066183,0.0,,,,False,True,,,,,,,False,True,,,,-0.07204885474597486,-0.01080732821189623,0.01080732821189623,False,True,-0.01080732821189623,0.0,0.01080732821189623,,,,,,False,,,,,,,,,,,,,,,,,affordability,affordability
district_of_columbia_dc__county,2017-09-30,0.1797089998880384,-0.1166907455363227,-0.3799073190677389,,,0.1,-0.01166907455363227,0.1,,0.65,,0.15,-0.05698609786016083,2,False,,,,0.1657025550080251,,,0.1657025550080251,0.08065818233892091,0.008065818233892092,0.008065818233892092,True,False,0.008065818233892092,0.008065818233892092,0.0,,,,False,True,,,,,,,False,True,,,,-0.11701063290789482,-0.01755159493618422,0.01755159493618422,False,True,-0.01755159493618422,0.0,0.01755159493618422,,,,,,True,,,,0.048676486813987015,,,,,,,,,,,,-0.1059222951350037,price,affordability
district_of_columbia_dc__county,2017-10-31,-0.0865602807601724,-0.1640719179846478,-0.4248724949770748,,,0.1,-0.01640719179846478,0.1,,0.65,,0.15,-0.06373087424656122,2,False,,,,-0.2662692806482108,,,0.2662692806482108,-0.0473811724483251,-0.00473811724483251,0.00473811724483251,True,False,0.00473811724483251,0.00473811724483251,0.0,,,,False,True,,,,,,,False,True,,,,-0.04496517590933591,-0.006744776386400386,0.006744776386400386,True,False,0.006744776386400386,0.006744776386400386,0.0,,,,,,True,,,,0.01779445692457632,,,,,,,,,,,,0.0253306591356719,price,price
district_of_columbia_dc__county,2017-11-30,0.0878929920685084,-0.2055921052631579,-0.5185964912280703,,,0.1,-0.02055921052631579,0.1,,0.65,,0.15,-0.07778947368421053,2,False,,,,0.17445327282868078,,,0.17445327282868078,-0.04152018727851012,-0.004152018727851012,0.004152018727851012,False,True,-0.004152018727851012,0.0,0.004152018727851012,,,,False,True,,,,,,,False,True,,,,-0.09372399625099548,-0.014058599437649321,0.014058599437649321,False,True,-0.014058599437649321,0.0,0.014058599437649321,,,,,,True,,,,-0.02380017674949807,,,,,,,,,,,,-0.08058661903955999,price,affordability
district_of_columbia_dc__county,2017-12-31,0.2004105965634997,0.8277211845733206,-0.4874793784104936,,,0.1,0.08277211845733207,0.1,,0.65,,0.15,-0.07312190676157404,2,False,,,,0.11251760449499129,,,0.11251760449499129,1.0333132898364785,0.10333132898364786,0.10333132898364786,True,False,0.10333132898364786,0.10333132898364786,0.0,,,,False,True,,,,,,,False,True,,,,0.031117112817576675,0.004667566922636501,0.004667566922636501,True,False,0.004667566922636501,0.004667566922636501,0.0,,,,,,True,,,,0.9183569935338219,,,,,,,,,,,,0.041482992315609396,affordability,affordability
district_of_columbia_dc__county,2018-01-31,0.0993475680363235,0.8084352104975396,-0.5818326954620011,,,0.1,0.08084352104975397,0.1,,0.65,,0.15,-0.08727490431930017,2,False,,,,-0.10106302852717619,,,0.10106302852717619,-0.01928597407578092,-0.0019285974075780921,0.0019285974075780921,True,False,0.0019285974075780921,0.0019285974075780921,0.0,,,,False,True,,,,,,,False,True,,,,-0.09435331705150751,-0.014152997557726126,0.014152997557726126,True,False,0.014152997557726126,0.014152997557726126,0.0,,,,,,True,,,,0.019083115118200576,,,,,,,,,,,,0.14004129664410697,price,price
district_of_columbia_dc__county,2018-02-28,0.2262206378489644,0.6236881419234359,-0.5434547152194212,,,0.1,0.062368814192343594,0.1,,0.65,,0.15,-0.08151820728291319,2,False,,,,0.1268730698126409,,,0.1268730698126409,-0.18474706857410372,-0.018474706857410372,0.018474706857410372,False,True,-0.018474706857410372,0.0,0.018474706857410372,,,,False,True,,,,,,,False,True,,,,0.03837798024257988,0.005756697036386982,0.005756697036386982,True,False,0.005756697036386982,0.005756697036386982,0.0,,,,,,True,,,,-0.14561566835809042,,,,,,,,,,,,0.04537367185083605,affordability,price
district_of_columbia_dc__county,2018-03-31,0.1030115183216318,0.4137748266078184,-0.565609237074401,,,0.1,0.04137748266078184,0.1,,0.65,,0.15,-0.08484138556116015,2,False,,,,-0.1232091195273326,,,0.1232091195273326,-0.20991331531561752,-0.020991331531561755,0.020991331531561755,True,False,0.020991331531561755,0.020991331531561755,0.0,,,,False,True,,,,,,,False,True,,,,-0.022154521854979792,-0.003323178278246969,0.003323178278246969,True,False,0.003323178278246969,0.003323178278246969,0.0,,,,,,True,,,,0.1703715732414195,,,,,,,,,,,,0.026971853146874877,affordability,affordability
district_of_columbia_dc__county,2018-04-30,0.1912275410137607,0.1860808090266398,-0.2357132824570438,,,0.1,0.01860808090266398,0.1,,0.65,,0.15,-0.035356992368556564,2,False,,,,0.08821602269212889,,,0.08821602269212889,-0.2276940175811786,-0.022769401758117862,0.022769401758117862,False,True,-0.022769401758117862,0.0,0.022769401758117862,,,,False,True,,,,,,,False,True,,,,0.3298959546173572,0.04948439319260358,0.04948439319260358,True,False,0.04948439319260358,0.04948439319260358,0.0,,,,,,True,,,,-0.2581095935098134,,,,,,,,,,,,0.560945638699928,price,price
district_of_columbia_dc__county,2018-05-31,0.0853155685262991,0.1523809523809524,-0.1595555555555556,,,0.1,0.01523809523809524,0.1,,0.65,,0.15,-0.023933333333333338,2,False,,,,-0.10591197248746159,,,0.10591197248746159,-0.03369985664568739,-0.0033699856645687393,0.0033699856645687393,True,False,0.0033699856645687393,0.0033699856645687393,0.0,,,,False,True,,,,,,,False,True,,,,0.0761577269014882,0.01142365903522323,0.01142365903522323,False,True,-0.01142365903522323,0.0,0.01142365903522323,,,,,,True,,,,0.03181874140780161,,,,,,,,,,,,-0.10785994035353862,price,affordability
district_of_columbia_dc__county,2018-06-30,0.1100722249454525,0.1102518656716418,-0.084340909090909,,,0.1,0.011025186567164181,0.1,,0.65,,0.15,-0.012651136363636349,2,False,,,,0.02475665641915341,,,0.02475665641915341,-0.04212908670931059,-0.004212908670931059,0.004212908670931059,False,True,-0.004212908670931059,0.0,0.004212908670931059,,,,False,True,,,,,,,False,True,,,,0.0752146464646466,0.011282196969696989,0.011282196969696989,True,False,0.011282196969696989,0.011282196969696989,0.0,,,,,,True,,,,-0.17017276483554827,,,,,,,,,,,,0.45572377701894856,price,price
district_of_columbia_dc__county,2018-07-31,0.2515120831094548,0.2345895281189399,-0.2044395604395604,,,0.1,0.02345895281189399,0.1,,0.65,,0.15,-0.03066593406593406,2,False,,,,0.14143985816400229,,,0.14143985816400229,0.1243376624472981,0.012433766244729812,0.012433766244729812,True,False,0.012433766244729812,0.012433766244729812,0.0,,,,False,True,,,,,,,False,True,,,,-0.12009865134865141,-0.018014797702297712,0.018014797702297712,False,True,-0.018014797702297712,0.0,0.018014797702297712,,,,,,True,,,,0.0879085033464373,,,,,,,,,,,,-0.1273671929266869,price,affordability
district_of_columbia_dc__county,2018-08-31,0.030657940336478,0.1589279522917967,-0.1009696969696969,,,0.1,0.015892795229179673,0.1,,0.65,,0.15,-0.015145454545454535,2,False,,,,-0.22085414277297677,,,0.22085414277297677,-0.0756615758271432,-0.00756615758271432,0.00756615758271432,True,False,0.00756615758271432,0.00756615758271432,0.0,,,,False,True,,,,,,,False,True,,,,0.1034698634698635,0.015520479520479524,0.015520479520479524,False,True,-0.015520479520479524,0.0,0.015520479520479524,,,,,,True,,,,0.03425861741924317,,,,,,,,,,,,-0.0702747946024881,price,affordability
district_of_columbia_dc__county,2018-09-30,0.1578202262039612,0.0442063083596794,-0.0595841482243952,,,0.1,0.00442063083596794,0.1,,0.65,,0.15,-0.00893762223365928,2,False,,,,0.12716228586748318,,,0.12716228586748318,-0.11472164393211731,-0.011472164393211732,0.011472164393211732,False,True,-0.011472164393211732,0.0,0.011472164393211732,,,,False,True,,,,,,,False,True,,,,0.0413855487453017,0.006207832311795255,0.006207832311795255,True,False,0.006207832311795255,0.006207832311795255,0.0,,,,,,True,,,,-0.09021672042894043,,,,,,,,,,,,0.04881818747945823,affordability,price
district_of_columbia_dc__county,2018-10-31,0.1783678192454164,-0.1361673430412986,0.1675852442671984,,,0.1,-0.01361673430412986,0.1,,0.65,,0.15,0.02513778664007976,2,False,,,,0.020547593041455203,,,0.020547593041455203,-0.180373651400978,-0.0180373651400978,0.0180373651400978,False,True,-0.0180373651400978,0.0,0.0180373651400978,,,,False,True,,,,,,,False,True,,,,0.2271693924915936,0.03407540887373904,0.03407540887373904,True,False,0.03407540887373904,0.03407540887373904,0.0,,,,,,True,,,,-0.8778334816981743,,,,,,,,,,,,1.6583649873243635,price,price
district_of_columbia_dc__county,2018-11-30,0.1657485969464313,-0.1896980676328502,0.1600579710144928,,,0.1,-0.01896980676328502,0.1,,0.65,,0.15,0.02400869565217392,2,False,,,,-0.0126192222989851,,,0.0126192222989851,-0.05353072459155159,-0.005353072459155159,0.005353072459155159,True,False,0.005353072459155159,0.005353072459155159,0.0,,,,False,True,,,,,,,False,True,,,,-0.007527273252705607,-0.001129090987905841,0.001129090987905841,True,False,0.001129090987905841,0.001129090987905841,0.0,,,,,,True,,,,0.42419987003364534,,,,,,,,,,,,0.08947389634277605,affordability,affordability
district_of_columbia_dc__county,2018-12-31,0.0946318947371735,0.2366160854640531,0.0361739437297488,,,0.1,0.02366160854640531,0.1,,0.65,,0.15,0.00542609155946232,2,False,,,,-0.0711167022092578,,,0.0711167022092578,0.4263141530969033,0.042631415309690335,0.042631415309690335,False,True,-0.042631415309690335,0.0,0.042631415309690335,,,,False,True,,,,,,,False,True,,,,-0.12388402728474399,-0.018582604092711598,0.018582604092711598,True,False,0.018582604092711598,0.018582604092711598,0.0,,,,,,True,,,,-0.5994571455837372,,,,,,,,,,,,0.2612973255991693,affordability,price
district_of_columbia_dc__county,2019-01-31,-0.0055588269188371,0.2831501651583433,0.0881399363925488,,,0.1,0.028315016515834332,0.1,,0.65,,0.15,0.01322099045888232,2,False,,,,-0.1001907216560106,,,0.1001907216560106,0.04653407969429019,0.004653407969429019,0.004653407969429019,False,True,-0.004653407969429019,0.0,0.004653407969429019,,,,False,True,,,,,,,False,True,,,,0.0519659926628,0.007794898899419999,0.007794898899419999,False,True,-0.007794898899419999,0.0,0.007794898899419999,,,,,,True,,,,-0.046445498071226374,,,,,,,,,,,,-0.07780060638930801,price,affordability
district_of_columbia_dc__county,2019-02-28,0.2317617271130808,0.3136507936507936,0.2047301587301587,,,0.1,0.03136507936507937,0.1,,0.65,,0.15,0.030709523809523805,2,False,,,,0.2373205540319179,,,0.2373205540319179,0.030500628492450332,0.0030500628492450333,0.0030500628492450333,True,False,0.0030500628492450333,0.0030500628492450333,0.0,,,,False,True,,,,,,,False,True,,,,0.1165902223376099,0.017488533350641485,0.017488533350641485,True,False,0.017488533350641485,0.017488533350641485,0.0,,,,,,True,,,,0.012852080434781143,,,,,,,,,,,,0.07369160847437346,price,price
district_of_columbia_dc__county,2019-03-31,0.2264047657729519,0.2136941240086517,0.1606306777217015,,,0.1,0.021369412400865172,0.1,,0.65,,0.15,0.024094601658255225,2,False,,,,-0.005356961340128891,,,0.005356961340128891,-0.09995666964214192,-0.009995666964214193,0.009995666964214193,True,False,0.009995666964214193,0.009995666964214193,0.0,,,,False,True,,,,,,,False,True,,,,-0.0440994810084572,-0.006614922151268581,0.006614922151268581,True,False,0.006614922151268581,0.006614922151268581,0.0,,,,,,False,,,,,,,,,,,,,,,,,affordability,affordability
district_of_columbia_dc__county,2019-04-30,0.111119909975813,0.3463995463995464,-0.2167333747333747,,,0.1,0.03463995463995464,0.1,,0.65,,0.15,-0.0325100062100062,2,False,,,,-0.1152848557971389,,,0.1152848557971389,0.1327054223908947,0.01327054223908947,0.01327054223908947,False,True,-0.01327054223908947,0.0,0.01327054223908947,,,,False,True,,,,,,,False,True,,,,-0.3773640524550762,-0.05660460786826143,0.05660460786826143,True,False,0.05660460786826143,0.05660460786826143,0.0,,,,,,True,,,,-0.11511088900038173,,,,,,,,,,,,0.49099777656716487,price,price
district_of_columbia_dc__county,2019-05-31,0.0347189358159234,0.4392587412587413,-0.4233566433566434,,,0.1,0.043925874125874134,0.1,,0.65,,0.15,-0.06350349650349651,2,False,,,,-0.07640097415988961,,,0.07640097415988961,0.09285919485919492,0.009285919485919492,0.009285919485919492,False,True,-0.009285919485919492,0.0,0.009285919485919492,,,,False,True,,,,,,,False,True,,,,-0.2066232686232687,-0.030993490293490307,0.030993490293490307,True,False,0.030993490293490307,0.030993490293490307,0.0,,,,,,True,,,,-0.12154189901409117,,,,,,,,,,,,0.4056687841260778,price,price
district_of_columbia_dc__county,2019-06-30,0.1104241365141669,0.5808028478526754,-0.4426346018077501,,,0.1,0.05808028478526755,0.1,,0.65,,0.15,-0.06639519027116252,2,False,,,,0.07570520069824349,,,0.07570520069824349,0.14154410659393413,0.014154410659393414,0.014154410659393414,True,False,0.014154410659393414,0.014154410659393414,0.0,,,,False,True,,,,,,,False,True,,,,-0.01927795845110669,-0.0028916937676660035,0.0028916937676660035,False,True,-0.0028916937676660035,0.0,0.0028916937676660035,,,,,,True,,,,0.1869674808182871,,,,,,,,,,,,-0.03819676509665599,affordability,affordability
district_of_columbia_dc__county,2019-07-31,0.1896336525275785,0.5812690985485103,-0.4682872421695951,,,0.1,0.05812690985485103,0.1,,0.65,,0.15,-0.07024308632543927,2,False,,,,0.0792095160134116,,,0.0792095160134116,0.0004662506958348356,4.662506958348356e-05,4.662506958348356e-05,True,False,4.662506958348356e-05,4.662506958348356e-05,0.0,,,,False,True,,,,,,,False,True,,,,-0.025652640361845003,-0.00384789605427675,0.00384789605427675,False,True,-0.00384789605427675,0.0,0.00384789605427675,,,,,,True,,,,0.0005886296486850027,,,,,,,,,,,,-0.04857870932610208,price,affordability
district_of_columbia_dc__county,2019-08-31,0.1812525399934242,0.540901771336554,-0.4223311449688261,,,0.1,0.05409017713365541,0.1,,0.65,,0.15,-0.06334967174532391,2,False,,,,-0.0083811125341543,,,0.0083811125341543,-0.04036732721195624,-0.004036732721195624,0.004036732721195624,True,False,0.004036732721195624,0.004036732721195624,0.0,,,,False,True,,,,,,,False,True,,,,0.045956097200768986,0.006893414580115348,0.006893414580115348,False,True,-0.006893414580115348,0.0,0.006893414580115348,,,,,,False,,,,,,,,,,,,,,,,,price,affordability
district_of_columbia_dc__county,2019-09-30,0.3290246069945896,0.3800357253120451,-0.2159452211881974,,,0.1,0.03800357253120451,0.1,,0.65,,0.15,-0.032391783178229605,2,False,,,,0.14777206700116538,,,0.14777206700116538,-0.16086604602450894,-0.016086604602450896,0.016086604602450896,False,True,-0.016086604602450896,0.0,0.016086604602450896,,,,False,True,,,,,,,False,True,,,,0.20638592378062873,0.03095788856709431,0.03095788856709431,True,False,0.03095788856709431,0.03095788856709431,0.0,,,,,,True,,,,-0.10886092973392618,,,,,,,,,,,,0.20949756740460404,price,price
district_of_columbia_dc__county,2019-10-31,0.0856618200283991,0.3795702528423553,-0.3222925504836246,,,0.1,0.03795702528423553,0.1,,0.65,,0.15,-0.04834388257254369,2,False,,,,-0.24336278696619046,,,0.24336278696619046,-0.0004654724696898094,-4.654724696898094e-05,4.654724696898094e-05,True,False,4.654724696898094e-05,4.654724696898094e-05,0.0,,,,False,True,,,,,,,False,True,,,,-0.1063473292954272,-0.01595209939431408,0.01595209939431408,True,False,0.01595209939431408,0.01595209939431408,0.0,,,,,,True,,,,0.00019126690464572787,,,,,,,,,,,,0.06554863869359882,price,price
district_of_columbia_dc__county,2019-11-30,0.3244244845693639,0.2584656084656085,-0.1357742504409171,,,0.1,0.025846560846560854,0.1,,0.65,,0.15,-0.020366137566137563,2,False,,,,0.2387626645409648,,,0.2387626645409648,-0.12110464437674678,-0.012110464437674679,0.012110464437674679,False,True,-0.012110464437674679,0.0,0.012110464437674679,,,,False,True,,,,,,,False,True,,,,0.1865183000427075,0.027977745006406124,0.027977745006406124,True,False,0.027977745006406124,0.027977745006406124,0.0,,,,,,True,,,,-0.05072176783148972,,,,,,,,,,,,0.11717805654495847,price,price
district_of_columbia_dc__county,2019-12-31,0.1277577781000157,0.884790000196537,-0.177101118295631,,,0.1,0.0884790000196537,0.1,,0.65,,0.15,-0.02656516774434465,2,False,,,,-0.1966667064693482,,,0.1966667064693482,0.6263243917309285,0.06263243917309284,0.06263243917309284,False,True,-0.06263243917309284,0.0,0.06263243917309284,,,,False,True,,,,,,,False,True,,,,-0.0413268678547139,-0.006199030178207085,0.006199030178207085,True,False,0.006199030178207085,0.006199030178207085,0.0,,,,,,True,,,,-0.31846996523966564,,,,,,,,,,,,0.03152048605224009,affordability,price
district_of_columbia_dc__county,2020-01-31,0.3311219767388155,0.8812037590967263,-0.1284833059453401,,,0.1,0.08812037590967264,0.1,,0.65,,0.15,-0.019272495891801016,2,False,,,,0.2033641986387998,,,0.2033641986387998,-0.0035862410998106498,-0.000358624109981065,0.000358624109981065,False,True,-0.000358624109981065,0.0,0.000358624109981065,,,,False,True,,,,,,,False,True,,,,0.04861781235029089,0.0072926718525436335,0.0072926718525436335,True,False,0.0072926718525436335,0.0072926718525436335,0.0,,,,,,True,,,,-0.0017634574442378925,,,,,,,,,,,,0.035860155825639346,price,price
district_of_columbia_dc__county,2020-02-29,0.3169130036124427,0.8976124794745485,-0.274328407224959,,,0.1,0.08976124794745485,0.1,,0.65,,0.15,-0.041149261083743845,2,False,,,,-0.014208973126372815,,,0.014208973126372815,0.01640872037782215,0.001640872037782215,0.001640872037782215,False,True,-0.001640872037782215,0.0,0.001640872037782215,,,,False,True,,,,,,,False,True,,,,-0.1458451012796189,-0.021876765191942833,0.021876765191942833,True,False,0.021876765191942833,0.021876765191942833,0.0,,,,,,True,,,,-0.11548139497404254,,,,,,,,,,,,1.539644349902955,price,price
district_of_columbia_dc__county,2020-03-31,-0.0349192909741274,0.7274401913875599,-0.2685437658316915,,,0.1,0.07274401913875599,0.1,,0.65,,0.15,-0.04028156487475372,2,False,,,,-0.35183229458657006,,,0.35183229458657006,-0.1701722880869886,-0.01701722880869886,0.01701722880869886,True,False,0.01701722880869886,0.01701722880869886,0.0,,,,False,True,,,,,,,False,True,,,,0.005784641393267509,0.0008676962089901264,0.0008676962089901264,False,True,-0.0008676962089901264,0.0,0.0008676962089901264,,,,,,True,,,,0.048367444008218206,,,,,,,,,,,,-0.002466221044346529,affordability,affordability
district_of_columbia_dc__county,2020-04-30,-0.1128312645783863,0.6925977080144836,-0.1241899083409404,,,0.1,0.06925977080144836,0.1,,0.65,,0.15,-0.01862848625114106,2,False,,,,-0.07791197360425889,,,0.07791197360425889,-0.03484248337307627,-0.0034842483373076273,0.0034842483373076273,True,False,0.0034842483373076273,0.0034842483373076273,0.0,,,,False,True,,,,,,,False,True,,,,0.14435385749075108,0.02165307862361266,0.02165307862361266,False,True,-0.02165307862361266,0.0,0.02165307862361266,,,,,,True,,,,0.044720319305544695,,,,,,,,,,,,-0.277917213772506,price,affordability
district_of_columbia_dc__county,2020-05-31,-0.0129184005905106,0.5961685823754789,0.2330781019746537,,,0.1,0.05961685823754789,0.1,,0.65,,0.15,0.034961715296198057,2,False,,,,0.0999128639878757,,,0.0999128639878757,-0.09642912563900474,-0.009642912563900475,0.009642912563900475,False,True,-0.009642912563900475,0.0,0.009642912563900475,,,,False,True,,,,,,,False,True,,,,0.3572680103155941,0.05359020154733911,0.05359020154733911,True,False,0.05359020154733911,0.05359020154733911,0.0,,,,,,True,,,,-0.0965132234130595,,,,,,,,,,,,0.5363693863669268,price,price
district_of_columbia_dc__county,2020-06-30,0.0483465700881074,0.6311308944220337,0.0718109991274548,,,0.1,0.06311308944220338,0.1,,0.65,,0.15,0.01077164986911822,2,False,,,,0.061264970678618004,,,0.061264970678618004,0.034962312046554866,0.003496231204655487,0.003496231204655487,True,False,0.003496231204655487,0.003496231204655487,0.0,,,,False,True,,,,,,,False,True,,,,-0.16126710284719892,-0.024190065427079837,0.024190065427079837,False,True,-0.024190065427079837,0.0,0.024190065427079837,,,,,,True,,,,0.05706737742511809,,,,,,,,,,,,-0.3948433363981414,price,affordability
district_of_columbia_dc__county,2020-07-31,0.0894769717787167,0.587830361504641,0.3560312652662434,,,0.1,0.058783036150464096,0.1,,0.65,,0.15,0.05340468978993651,2,False,,,,0.0411304016906093,,,0.0411304016906093,-0.043300532917392776,-0.004330053291739278,0.004330053291739278,False,True,-0.004330053291739278,0.0,0.004330053291739278,,,,False,True,,,,,,,False,True,,,,0.2842202661387886,0.04263303992081829,0.04263303992081829,True,False,0.04263303992081829,0.04263303992081829,0.0,,,,,,True,,,,-0.10527622181545325,,,,,,,,,,,,1.036533517020138,price,price
district_of_columbia_dc__county,2020-08-31,0.1029676716675699,0.5295340501792114,0.5266180804460374,,,0.1,0.052953405017921146,0.1,,0.65,,0.15,0.07899271206690561,2,False,,,,0.013490699888853194,,,0.013490699888853194,-0.05829631132542956,-0.005829631132542957,0.005829631132542957,False,True,-0.005829631132542957,0.0,0.005829631132542957,,,,False,True,,,,,,,False,True,,,,0.17058681517979402,0.025588022276969102,0.025588022276969102,True,False,0.025588022276969102,0.025588022276969102,0.0,,,,,,True,,,,-0.43212221608752405,,,,,,,,,,,,1.8967156995399048,price,price
district_of_columbia_dc__county,2020-09-30,-2.0949945211415355e-05,0.43842418608895,0.6371937590173189,,,0.1,0.043842418608895005,0.1,,0.65,,0.15,0.09557906385259783,2,False,,,,-0.10298862161278131,,,0.10298862161278131,-0.0911098640902614,-0.009110986409026139,0.009110986409026139,True,False,0.009110986409026139,0.009110986409026139,0.0,,,,False,True,,,,,,,False,True,,,,0.11057567857128148,0.016586351785692222,0.016586351785692222,False,True,-0.016586351785692222,0.0,0.016586351785692222,,,,,,True,,,,0.08846595154250932,,,,,,,,,,,,-0.16105033280330638,price,affordability
district_of_columbia_dc__county,2020-10-31,0.1336050190536802,0.2291541451848583,0.8026526977475117,,,0.1,0.022915414518485833,0.1,,0.65,,0.15,0.12039790466212674,2,False,,,,0.13362596899889162,,,0.13362596899889162,-0.2092700409040917,-0.020927004090409172,0.020927004090409172,False,True,-0.020927004090409172,0.0,0.020927004090409172,,,,False,True,,,,,,,False,True,,,,0.1654589387301928,0.024818840809528918,0.024818840809528918,True,False,0.024818840809528918,0.024818840809528918,0.0,,,,,,True,,,,-0.15660881075132002,,,,,,,,,,,,0.18573366386390644,price,price
district_of_columbia_dc__county,2020-11-30,0.0547098591381954,0.1961837557603686,0.8348632872503841,,,0.1,0.01961837557603686,0.1,,0.65,,0.15,0.1252294930875576,2,False,,,,-0.07889515991548479,,,0.07889515991548479,-0.03297038942448971,-0.0032970389424489713,0.0032970389424489713,True,False,0.0032970389424489713,0.0032970389424489713,0.0,,,,False,True,,,,,,,False,True,,,,0.03221058950287237,0.004831588425430855,0.004831588425430855,False,True,-0.004831588425430855,0.0,0.004831588425430855,,,,,,True,,,,0.04179012940693539,,,,,,,,,,,,-0.06124061895059999,price,affordability
district_of_columbia_dc__county,2020-12-31,-0.1242122524398113,-0.0858248712953047,0.8111689612015018,,,0.1,-0.00858248712953047,0.1,,0.65,,0.15,0.12167534418022527,2,False,,,,-0.1789221115780067,,,0.1789221115780067,-0.2820086270556733,-0.028200862705567334,0.028200862705567334,True,False,0.028200862705567334,0.028200862705567334,0.0,,,,False,True,,,,,,,False,True,,,,-0.02369432604888222,-0.0035541489073323326,0.0035541489073323326,True,False,0.0035541489073323326,0.0035541489073323326,0.0,,,,,,True,,,,0.1576153023058432,,,,,,,,,,,,0.019864224024557134,affordability,affordability
district_of_columbia_dc__county,2021-01-31,-0.1377895015831866,-0.1806792146479154,0.8302717258261934,,,0.1,-0.01806792146479154,0.1,,0.65,,0.15,0.124540758873929,2,False,,,,-0.013577249143375297,,,0.013577249143375297,-0.0948543433526107,-0.00948543433526107,0.00948543433526107,True,False,0.00948543433526107,0.00948543433526107,0.0,,,,False,True,,,,,,,False,True,,,,0.019102764624691515,0.002865414693703727,0.002865414693703727,False,True,-0.002865414693703727,0.0,0.002865414693703727,,,,,,True,,,,0.6986271103295815,,,,,,,,,,,,-0.21104530552875944,affordability,affordability
district_of_columbia_dc__county,2021-02-28,-0.1379753665646584,-0.2949710902124695,0.8337873563218392,,,0.1,-0.02949710902124695,0.1,,0.65,,0.15,0.12506810344827587,2,False,,,,-0.00018586498147180053,,,0.00018586498147180053,-0.11429187556455409,-0.01142918755645541,0.01142918755645541,True,False,0.01142918755645541,0.01142918755645541,0.0,,,,False,True,,,,,,,False,True,,,,0.0035156304956458495,0.0005273445743468774,0.0005273445743468774,False,True,-0.0005273445743468774,0.0,0.0005273445743468774,,,,,,False,,,,,,,,,,,,,,,,,affordability,affordability
district_of_columbia_dc__county,2021-03-31,-0.1828786312323449,-0.3587628865979381,0.8763186504217433,,,0.1,-0.03587628865979381,0.1,,0.65,,0.15,0.1314477975632615,2,False,,,,-0.044903264667686515,,,0.044903264667686515,-0.06379179638546861,-0.006379179638546862,0.006379179638546862,True,False,0.006379179638546862,0.006379179638546862,0.0,,,,False,True,,,,,,,False,True,,,,0.04253129409990408,0.006379694114985612,0.006379694114985612,False,True,-0.006379694114985612,0.0,0.006379694114985612,,,,,,True,,,,0.142064940840203,,,,,,,,,,,,-0.1420763982797134,price,affordability
district_of_columbia_dc__county,2021-04-30,-0.0906140857003674,-0.3498330158629253,0.8302581976610869,,,0.1,-0.03498330158629253,0.1,,0.65,,0.15,0.12453872964916303,2,False,,,,0.09226454553197751,,,0.09226454553197751,0.00892987073501278,0.000892987073501278,0.000892987073501278,True,False,0.000892987073501278,0.000892987073501278,0.0,,,,False,True,,,,,,,False,True,,,,-0.0460604527606564,-0.00690906791409846,0.00690906791409846,False,True,-0.00690906791409846,0.0,0.00690906791409846,,,,,,True,,,,0.009678550610665308,,,,,,,,,,,,-0.07488323791400328,price,affordability
district_of_columbia_dc__county,2021-05-31,0.0096381977062744,-0.3130837789661318,0.7616969696969698,,,0.1,-0.031308377896613185,0.1,,0.65,,0.15,0.11425454545454546,2,False,,,,0.1002522834066418,,,0.1002522834066418,0.03674923689679349,0.0036749236896793493,0.0036749236896793493,True,False,0.0036749236896793493,0.0036749236896793493,0.0,,,,False,True,,,,,,,False,True,,,,-0.06856122796411712,-0.010284184194617569,0.010284184194617569,False,True,-0.010284184194617569,0.0,0.010284184194617569,,,,,,True,,,,0.03665675797899963,,,,,,,,,,,,-0.10258304195329912,price,affordability
district_of_columbia_dc__county,2021-06-30,0.0552774316638878,-0.4070985810306198,0.9352087912087912,,,0.1,-0.040709858103061984,0.1,,0.65,,0.15,0.14028131868131868,2,False,,,,0.0456392339576134,,,0.0456392339576134,-0.09401480206448798,-0.0094014802064488,0.0094014802064488,False,True,-0.0094014802064488,0.0,0.0094014802064488,,,,False,True,,,,,,,False,True,,,,0.17351182151182143,0.026026773226773214,0.026026773226773214,True,False,0.026026773226773214,0.026026773226773214,0.0,,,,,,True,,,,-0.20599557422853002,,,,,,,,,,,,0.570271912340709,price,price
district_of_columbia_dc__county,2021-07-31,0.1984287377195895,-0.3913763700784794,0.9112423590185106,,,0.1,-0.03913763700784795,0.1,,0.65,,0.15,0.13668635385277658,2,False,,,,0.1431513060557017,,,0.1431513060557017,0.01572221095214038,0.0015722210952140382,0.0015722210952140382,True,False,0.0015722210952140382,0.0015722210952140382,0.0,,,,False,True,,,,,,,False,True,,,,-0.023966432190280607,-0.003594964828542091,0.003594964828542091,False,True,-0.003594964828542091,0.0,0.003594964828542091,,,,,,True,,,,0.010982932245146756,,,,,,,,,,,,-0.02511304246950602,price,affordability
district_of_columbia_dc__county,2021-08-31,-0.1050349529863036,-0.3655823619770488,0.7742416192283366,,,0.1,-0.03655823619770488,0.1,,0.65,,0.15,0.11613624288425048,2,False,,,,-0.3034636907058931,,,0.3034636907058931,0.02579400810143062,0.0025794008101430624,0.0025794008101430624,False,True,-0.0025794008101430624,0.0,0.0025794008101430624,,,,False,True,,,,,,,False,True,,,,-0.13700073979017402,-0.020550110968526103,0.020550110968526103,True,False,0.020550110968526103,0.020550110968526103,0.0,,,,,,True,,,,-0.008499866340329103,,,,,,,,,,,,0.06771851657351188,price,price
district_of_columbia_dc__county,2021-09-30,0.0049730570888829,-0.1947054054791423,0.4221958428985123,,,0.1,-0.019470540547914233,0.1,,0.65,,0.15,0.06332937643477685,2,False,,,,0.1100080100751865,,,0.1100080100751865,0.1708769564979065,0.01708769564979065,0.01708769564979065,True,False,0.01708769564979065,0.01708769564979065,0.0,,,,False,True,,,,,,,False,True,,,,-0.35204577632982426,-0.05280686644947364,0.05280686644947364,False,True,-0.05280686644947364,0.0,0.05280686644947364,,,,,,True,,,,0.15533137667076993,,,,,,,,,,,,-0.48002746721245165,price,affordability
district_of_columbia_dc__county,2021-10-31,-0.0280271969305648,-0.3441908509591737,0.2989959514170041,,,0.1,-0.034419085095917366,0.1,,0.65,,0.15,0.04484939271255061,2,False,,,,-0.0330002540194477,,,0.0330002540194477,-0.14948544548003137,-0.014948544548003137,0.014948544548003137,True,False,0.014948544548003137,0.014948544548003137,0.0,,,,False,True,,,,,,,False,True,,,,-0.12319989148150823,-0.018479983722226232,0.018479983722226232,True,False,0.018479983722226232,0.018479983722226232,0.0,,,,,,True,,,,0.45298271156317965,,,,,,,,,,,,0.5599951961380544,price,price
district_of_columbia_dc__county,2021-11-30,0.0604009134568145,-0.4025198412698412,0.2807619047619047,,,0.1,-0.04025198412698412,0.1,,0.65,,0.15,0.04211428571428571,2,False,,,,0.0884281103873793,,,0.0884281103873793,-0.05832899031066752,-0.005832899031066752,0.005832899031066752,False,True,-0.005832899031066752,0.0,0.005832899031066752,,,,False,True,,,,,,,False,True,,,,-0.018234046655099367,-0.002735106998264905,0.002735106998264905,False,True,-0.002735106998264905,0.0,0.002735106998264905,,,,,,True,,,,-0.06596204538934985,,,,,,,,,,,,-0.030930288867229563,affordability,affordability
district_of_columbia_dc__county,2021-12-31,0.0631807135754646,-0.5624903501085892,0.5202948842637619,,,0.1,-0.05624903501085892,0.1,,0.65,,0.15,0.07804423263956428,2,False,,,,0.0027798001186501026,,,0.0027798001186501026,-0.15997050883874797,-0.0159970508838748,0.0159970508838748,False,True,-0.0159970508838748,0.0,0.0159970508838748,,,,False,True,,,,,,,False,True,,,,0.2395329795018572,0.03592994692527858,0.03592994692527858,True,False,0.03592994692527858,0.03592994692527858,0.0,,,,,,False,,,,,,,,,,,,,,,,,price,price
district_of_columbia_dc__county,2022-01-31,-0.0586189961911609,-0.6723802299169456,0.4146915887850467,,,0.1,-0.06723802299169455,0.1,,0.65,,0.15,0.062203738317757,2,False,,,,-0.1217997097666255,,,0.1217997097666255,-0.1098898798083564,-0.01098898798083564,0.01098898798083564,True,False,0.01098898798083564,0.01098898798083564,0.0,,,,False,True,,,,,,,False,True,,,,-0.10560329547871522,-0.015840494321807282,0.015840494321807282,True,False,0.015840494321807282,0.015840494321807282,0.0,,,,,,True,,,,0.09022179118399465,,,,,,,,,,,,0.13005362945575555,price,price
district_of_columbia_dc__county,2022-02-28,0.1176866040997721,-0.7786836836836837,0.1885925925925926,,,0.1,-0.07786836836836837,0.1,,0.65,,0.15,0.028288888888888888,2,False,,,,0.176305600290933,,,0.176305600290933,-0.10630345376673811,-0.010630345376673811,0.010630345376673811,False,True,-0.010630345376673811,0.0,0.010630345376673811,,,,False,True,,,,,,,False,True,,,,-0.2260989961924541,-0.03391484942886811,0.03391484942886811,False,True,-0.03391484942886811,0.0,0.03391484942886811,,,,,,True,,,,-0.06029499550287686,,,,,,,,,,,,-0.19236399395653386,price,affordability
district_of_columbia_dc__county,2022-03-31,0.067133197834875,-0.813743119266055,0.1154685452162516,,,0.1,-0.0813743119266055,0.1,,0.65,,0.15,0.01732028178243774,2,False,,,,-0.0505534062648971,,,0.0505534062648971,-0.035059435582371345,-0.0035059435582371345,0.0035059435582371345,True,False,0.0035059435582371345,0.0035059435582371345,0.0,,,,False,True,,,,,,,False,True,,,,-0.07312404737634098,-0.010968607106451147,0.010968607106451147,True,False,0.010968607106451147,0.010968607106451147,0.0,,,,,,True,,,,0.06935128248067363,,,,,,,,,,,,0.21697068341896175,price,price
district_of_columbia_dc__county,2022-04-30,-0.0093227364577795,-0.8437758775877588,0.2163863696104123,,,0.1,-0.0843775877587759,0.1,,0.65,,0.15,0.032457955441561846,2,False,,,,-0.07645593429265449,,,0.07645593429265449,-0.030032758321703823,-0.0030032758321703826,0.0030032758321703826,True,False,0.0030032758321703826,0.0030032758321703826,0.0,,,,False,True,,,,,,,False,True,,,,0.1009178243941607,0.015137673659124103,0.015137673659124103,False,True,-0.015137673659124103,0.0,0.015137673659124103,,,,,,True,,,,0.03928113442018225,,,,,,,,,,,,-0.19799213493593337,price,affordability
district_of_columbia_dc__county,2022-05-31,-0.0718312845583434,-0.7573635400105988,-0.1189162971020556,,,0.1,-0.07573635400105988,0.1,,0.65,,0.15,-0.01783744456530834,2,False,,,,-0.06250854810056389,,,0.06250854810056389,0.08641233757716005,0.008641233757716004,0.008641233757716004,False,True,-0.008641233757716004,0.0,0.008641233757716004,,,,False,True,,,,,,,False,True,,,,-0.3353026667124679,-0.05029540000687018,0.05029540000687018,True,False,0.05029540000687018,0.05029540000687018,0.0,,,,,,True,,,,-0.13824083297877865,,,,,,,,,,,,0.804616353045904,price,price
district_of_columbia_dc__county,2022-06-30,-0.0413317495205297,-0.7332725381414702,-0.1644715672676837,,,0.1,-0.07332725381414702,0.1,,0.65,,0.15,-0.024670735090152555,2,False,,,,0.030499535037813698,,,0.030499535037813698,0.024091001869128603,0.0024091001869128606,0.0024091001869128606,True,False,0.0024091001869128606,0.0024091001869128606,0.0,,,,False,True,,,,,,,False,True,,,,-0.04555527016562809,-0.006833290524844213,0.006833290524844213,False,True,-0.006833290524844213,0.0,0.006833290524844213,,,,,,True,,,,0.07898809552099822,,,,,,,,,,,,-0.22404572779133242,price,affordability
district_of_columbia_dc__county,2022-07-31,0.0514649403028161,-0.6577194079951174,-0.3506713926903124,,,0.1,-0.06577194079951175,0.1,,0.65,,0.15,-0.05260070890354686,2,False,,,,0.0927966898233458,,,0.0927966898233458,0.07555313014635279,0.007555313014635279,0.007555313014635279,True,False,0.007555313014635279,0.007555313014635279,0.0,,,,False,True,,,,,,,False,True,,,,-0.1861998254226287,-0.027929973813394304,0.027929973813394304,False,True,-0.027929973813394304,0.0,0.027929973813394304,,,,,,True,,,,0.0814179151111758,,,,,,,,,,,,-0.3009802813717142,price,affordability
district_of_columbia_dc__county,2022-08-31,-0.1304007887956957,-0.5664134695713643,-0.4429792429792429,,,0.1,-0.056641346957136435,0.1,,0.65,,0.15,-0.06644688644688643,2,False,,,,-0.18186572909851179,,,0.18186572909851179,0.09130593842375312,0.009130593842375313,0.009130593842375313,False,True,-0.009130593842375313,0.0,0.009130593842375313,,,,False,True,,,,,,,False,True,,,,-0.09230785028893052,-0.013846177543339578,0.013846177543339578,True,False,0.013846177543339578,0.013846177543339578,0.0,,,,,,True,,,,-0.0502051369855918,,,,,,,,,,,,0.07613406666541048,price,price
district_of_columbia_dc__county,2022-09-30,-0.0931664691560303,-0.6702229112498436,-0.4629298813976447,,,0.1,-0.06702229112498435,0.1,,0.65,,0.15,-0.0694394822096467,2,False,,,,0.03723431963966539,,,0.03723431963966539,-0.10380944167847928,-0.010380944167847928,0.010380944167847928,False,True,-0.010380944167847928,0.0,0.010380944167847928,,,,False,True,,,,,,,False,True,,,,-0.019950638418401778,-0.0029925957627602666,0.0029925957627602666,False,True,-0.0029925957627602666,0.0,0.0029925957627602666,,,,,,True,,,,-0.278800425744565,,,,,,,,,,,,-0.08037197380591536,affordability,affordability
district_of_columbia_dc__county,2022-10-31,-0.2195098475359302,-0.6594861952515457,-0.5202490406410711,,,0.1,-0.06594861952515457,0.1,,0.65,,0.15,-0.07803735609616066,2,False,,,,-0.1263433783798999,,,0.1263433783798999,0.010736715998297841,0.0010736715998297842,0.0010736715998297842,False,True,-0.0010736715998297842,0.0,0.0010736715998297842,,,,False,True,,,,,,,False,True,,,,-0.057319159243426454,-0.008597873886513967,0.008597873886513967,True,False,0.008597873886513967,0.008597873886513967,0.0,,,,,,True,,,,-0.008498044089033128,,,,,,,,,,,,0.06805163829529044,price,price
district_of_columbia_dc__county,2022-11-30,-0.1734117781649147,-0.6322777777777777,-0.5445042735042736,,,0.1,-0.06322777777777777,0.1,,0.65,,0.15,-0.08167564102564102,2,False,,,,0.04609806937101549,,,0.04609806937101549,0.02720841747376801,0.002720841747376801,0.002720841747376801,True,False,0.002720841747376801,0.002720841747376801,0.0,,,,False,True,,,,,,,False,True,,,,-0.024255232863202414,-0.003638284929480362,0.003638284929480362,False,True,-0.003638284929480362,0.0,0.003638284929480362,,,,,,True,,,,0.059022900188691,,,,,,,,,,,,-0.07892488729187347,price,affordability
district_of_columbia_dc__county,2022-12-31,-0.0058243922160316,0.2066850152905199,-0.5778477167884726,,,0.1,0.020668501529051992,0.1,,0.65,,0.15,-0.08667715751827089,2,False,,,,0.16758738594888312,,,0.16758738594888312,0.8389627930682977,0.08389627930682977,0.08389627930682977,True,False,0.08389627930682977,0.08389627930682977,0.0,,,,False,True,,,,,,,False,True,,,,-0.033343443284199026,-0.005001516492629854,0.005001516492629854,False,True,-0.005001516492629854,0.0,0.005001516492629854,,,,,,True,,,,0.5006121363598303,,,,,,,,,,,,-0.029844230007593755,affordability,affordability
district_of_columbia_dc__county,2023-01-31,0.0127411461849452,0.2423939393939394,-0.607769034886682,,,0.1,0.024239393939393943,0.1,,0.65,,0.15,-0.0911653552330023,2,False,,,,0.0185655384009768,,,0.0185655384009768,0.0357089241034195,0.00357089241034195,0.00357089241034195,True,False,0.00357089241034195,0.00357089241034195,0.0,,,,False,True,,,,,,,False,True,,,,-0.029921318098209415,-0.004488197714731412,0.004488197714731412,False,True,-0.004488197714731412,0.0,0.004488197714731412,,,,,,True,,,,0.19233982517598697,,,,,,,,,,,,-0.24174885843845348,price,affordability
district_of_columbia_dc__county,2023-02-28,-0.0422895319000659,0.2650180180180181,-0.6323153153153154,,,0.1,0.02650180180180181,0.1,,0.65,,0.15,-0.09484729729729731,2,False,,,,-0.0550306780850111,,,0.0550306780850111,0.022624078624078697,0.0022624078624078696,0.0022624078624078696,False,True,-0.0022624078624078696,0.0,0.0022624078624078696,,,,False,True,,,,,,,False,True,,,,-0.024546280428633382,-0.0036819420642950074,0.0036819420642950074,True,False,0.0036819420642950074,0.0036819420642950074,0.0,,,,,,True,,,,-0.04111175695332908,,,,,,,,,,,,0.06690708151200976,price,price
district_of_columbia_dc__county,2023-03-31,-0.135131989682683,0.1486071428571428,-0.6412857142857142,,,0.1,0.014860714285714281,0.1,,0.65,,0.15,-0.09619285714285714,2,False,,,,-0.0928424577826171,,,0.0928424577826171,-0.11641087516087531,-0.011641087516087532,0.011641087516087532,True,False,0.011641087516087532,0.011641087516087532,0.0,,,,False,True,,,,,,,False,True,,,,-0.008970398970398863,-0.0013455598455598295,0.0013455598455598295,True,False,0.0013455598455598295,0.0013455598455598295,0.0,,,,,,True,,,,0.12538538718292197,,,,,,,,,,,,0.014492936504442246,affordability,affordability
district_of_columbia_dc__county,2023-04-30,-0.0874397092870868,0.2863879056047198,-0.6463333333333334,,,0.1,0.02863879056047198,0.1,,0.65,,0.15,-0.09695000000000001,2,False,,,,0.0476922803955962,,,0.0476922803955962,0.13778076274757697,0.013778076274757698,0.013778076274757698,True,False,0.013778076274757698,0.013778076274757698,0.0,,,,False,True,,,,,,,False,True,,,,-0.0050476190476191896,-0.0007571428571428784,0.0007571428571428784,False,True,-0.0007571428571428784,0.0,0.0007571428571428784,,,,,,True,,,,0.288895313045881,,,,,,,,,,,,-0.015875585123264337,affordability,affordability
district_of_columbia_dc__county,2023-05-31,-0.1123624833643798,0.2156140350877193,-0.614982456140351,,,0.1,0.021561403508771934,0.1,,0.65,,0.15,-0.09224736842105265,2,False,,,,-0.024922774077293,,,0.024922774077293,-0.07077387051700046,-0.007077387051700046,0.007077387051700046,True,False,0.007077387051700046,0.007077387051700046,0.0,,,,False,True,,,,,,,False,True,,,,0.03135087719298246,0.004702631578947369,0.004702631578947369,False,True,-0.004702631578947369,0.0,0.004702631578947369,,,,,,True,,,,0.2839726841703474,,,,,,,,,,,,-0.18868812774866464,affordability,affordability
district_of_columbia_dc__county,2023-06-30,-0.1161714289652732,0.2798623188405796,-0.6596666666666667,,,0.1,0.027986231884057963,0.1,,0.65,,0.15,-0.09895000000000001,2,False,,,,-0.0038089456008933986,,,0.0038089456008933986,0.06424828375286029,0.006424828375286029,0.006424828375286029,False,True,-0.006424828375286029,0.0,0.006424828375286029,,,,False,True,,,,,,,False,True,,,,-0.04468421052631577,-0.0067026315789473654,0.0067026315789473654,True,False,0.0067026315789473654,0.0067026315789473654,0.0,,,,,,False,,,,,,,,,,,,,,,,,price,price
district_of_columbia_dc__county,2023-07-31,-0.0884657497026171,0.2122011494252873,-0.6441034482758621,,,0.1,0.021220114942528734,0.1,,0.65,,0.15,-0.0966155172413793,2,False,,,,0.027705679262656102,,,0.027705679262656102,-0.0676611694152923,-0.0067661169415292296,0.0067661169415292296,False,True,-0.0067661169415292296,0.0,0.0067661169415292296,,,,False,True,,,,,,,False,True,,,,0.015563218390804656,0.0023344827586206985,0.0023344827586206985,True,False,0.0023344827586206985,0.0023344827586206985,0.0,,,,,,True,,,,-0.24421407890363964,,,,,,,,,,,,0.08426008027052051,affordability,price
district_of_columbia_dc__county,2023-08-31,-0.2378188022651165,0.1477051282051282,-0.6274102564102565,,,0.1,0.014770512820512822,0.1,,0.65,,0.15,-0.09411153846153847,2,False,,,,-0.14935305256249942,,,0.14935305256249942,-0.0644960212201591,-0.00644960212201591,0.00644960212201591,True,False,0.00644960212201591,0.00644960212201591,0.0,,,,False,True,,,,,,,False,True,,,,0.016693191865605583,0.0025039787798408373,0.0025039787798408373,False,True,-0.0025039787798408373,0.0,0.0025039787798408373,,,,,,True,,,,0.0431835975988302,,,,,,,,,,,,-0.016765501185809398,affordability,affordability
district_of_columbia_dc__county,2023-09-30,-0.02959219774524,0.2300225988700564,-0.5591638418079097,,,0.1,0.023002259887005643,0.1,,0.65,,0.15,-0.08387457627118645,2,False,,,,0.2082266045198765,,,0.2082266045198765,0.0823174706649282,0.008231747066492821,0.008231747066492821,True,False,0.008231747066492821,0.008231747066492821,0.0,,,,False,True,,,,,,,False,True,,,,0.06824641460234682,0.010236962190352023,0.010236962190352023,True,False,0.010236962190352023,0.010236962190352023,0.0,,,,,,True,,,,0.03953263842280562,,,,,,,,,,,,0.049162604432589886,price,price
district_of_columbia_dc__county,2023-10-31,-0.0355438447883087,0.186141456582633,-0.4330532212885155,,,0.1,0.0186141456582633,0.1,,0.65,,0.15,-0.06495798319327732,2,False,,,,-0.005951647043068702,,,0.005951647043068702,-0.0438811422874234,-0.00438811422874234,0.00438811422874234,True,False,0.00438811422874234,0.00438811422874234,0.0,,,,False,True,,,,,,,False,True,,,,0.1261106205193942,0.01891659307790913,0.01891659307790913,False,True,-0.01891659307790913,0.0,0.01891659307790913,,,,,,False,,,,,,,,,,,,,,,,,price,affordability
district_of_columbia_dc__county,2023-11-30,0.0264872188623541,0.2074999999999999,-0.4683333333333334,,,0.1,0.02074999999999999,0.1,,0.65,,0.15,-0.07025,2,False,,,,0.0620310636506628,,,0.0620310636506628,0.0213585434173669,0.00213585434173669,0.00213585434173669,True,False,0.00213585434173669,0.00213585434173669,0.0,,,,False,True,,,,,,,False,True,,,,-0.0352801120448179,-0.005292016806722685,0.005292016806722685,False,True,-0.005292016806722685,0.0,0.005292016806722685,,,,,,True,,,,0.03443201222157132,,,,,,,,,,,,-0.08531236601915242,price,affordability
district_of_columbia_dc__county,2023-12-31,0.0467710276349635,0.4475,-0.5216666666666667,,,0.1,0.044750000000000005,0.1,,0.65,,0.15,-0.07825,2,False,,,,0.020283808772609397,,,0.020283808772609397,0.2400000000000001,0.02400000000000001,0.02400000000000001,True,False,0.02400000000000001,0.02400000000000001,0.0,,,,False,True,,,,,,,False,True,,,,-0.053333333333333344,-0.008000000000000002,0.008000000000000002,False,True,-0.008000000000000002,0.0,0.008000000000000002,,,,,,True,,,,1.1832097348703483,,,,,,,,,,,,-0.3944032449567827,affordability,affordability
district_of_columbia_dc__county,2024-01-31,0.0451425278600222,0.4275,-0.435,,,0.1,0.04275,0.1,,0.65,,0.15,-0.06525,2,False,,,,-0.0016284997749412972,,,0.0016284997749412972,-0.020000000000000018,-0.0020000000000000018,0.0020000000000000018,True,False,0.0020000000000000018,0.0020000000000000018,0.0,,,,False,True,,,,,,,False,True,,,,0.08666666666666673,0.013000000000000008,0.013000000000000008,False,True,-0.013000000000000008,0.0,0.013000000000000008,,,,,,False,,,,,,,,,,,,,,,,,price,affordability
district_of_columbia_dc__county,2024-02-29,0.0587339881763306,0.4141666666666666,-0.5016666666666667,,,0.1,0.041416666666666664,0.1,,0.65,,0.15,-0.07525,2,False,,,,0.013591460316308396,,,0.013591460316308396,-0.013333333333333364,-0.0013333333333333365,0.0013333333333333365,False,True,-0.0013333333333333365,0.0,0.0013333333333333365,,,,False,True,,,,,,,False,True,,,,-0.06666666666666671,-0.010000000000000005,0.010000000000000005,False,True,-0.010000000000000005,0.0,0.010000000000000005,,,,,,True,,,,-0.0981008149457987,,,,,,,,,,,,-0.7357561120934888,price,affordability
district_of_columbia_dc__county,2024-03-31,0.1461347301173116,0.2383333333333333,-0.3866666666666667,,,0.1,0.02383333333333333,0.1,,0.65,,0.15,-0.058,2,False,,,,0.08740074194098099,,,0.08740074194098099,-0.1758333333333333,-0.017583333333333333,0.017583333333333333,False,True,-0.017583333333333333,0.0,0.017583333333333333,,,,False,True,,,,,,,False,True,,,,0.11499999999999999,0.017249999999999998,0.017249999999999998,True,False,0.017249999999999998,0.017249999999999998,0.0,,,,,,True,,,,-0.20118059575749153,,,,,,,,,,,,0.19736674560095138,affordability,price
district_of_columbia_dc__county,2024-04-30,0.0303332586462388,0.1583333333333333,-0.4416666666666667,,,0.1,0.01583333333333333,0.1,,0.65,,0.15,-0.06625,2,False,,,,-0.1158014714710728,,,0.1158014714710728,-0.08000000000000002,-0.008000000000000002,0.008000000000000002,True,False,0.008000000000000002,0.008000000000000002,0.0,,,,False,True,,,,,,,False,True,,,,-0.05499999999999999,-0.008249999999999999,0.008249999999999999,True,False,0.008249999999999999,0.008249999999999999,0.0,,,,,,True,,,,0.06908375082261715,,,,,,,,,,,,0.07124261803582391,price,price
district_of_columbia_dc__county,2024-05-31,-0.0887304407911513,0.1416666666666666,-0.2816666666666667,,,0.1,0.01416666666666666,0.1,,0.65,,0.15,-0.04225,2,False,,,,-0.1190636994373901,,,0.1190636994373901,-0.01666666666666669,-0.0016666666666666692,0.0016666666666666692,True,False,0.0016666666666666692,0.0016666666666666692,0.0,,,,False,True,,,,,,,False,True,,,,0.16000000000000003,0.024000000000000004,0.024000000000000004,False,True,-0.024000000000000004,0.0,0.024000000000000004,,,,,,True,,,,0.013998109201563061,,,,,,,,,,,,-0.20157277250250782,price,affordability
district_of_columbia_dc__county,2024-06-30,0.0695924583796215,0.0541666666666667,0.05,,,0.1,0.00541666666666667,0.1,,0.65,,0.15,0.0075,2,False,,,,0.1583228991707728,,,0.1583228991707728,-0.08749999999999991,-0.008749999999999992,0.008749999999999992,False,True,-0.008749999999999992,0.0,0.008749999999999992,,,,False,True,,,,,,,False,True,,,,0.33166666666666667,0.049749999999999996,0.049749999999999996,True,False,0.049749999999999996,0.049749999999999996,0.0,,,,,,True,,,,-0.055266799975421915,,,,,,,,,,,,0.31423123414597054,price,price
district_of_columbia_dc__county,2024-07-31,0.1036482394873121,0.065,0.0999999999999999,,,0.1,0.006500000000000001,0.1,,0.65,,0.15,0.014999999999999984,2,False,,,,0.0340557811076906,,,0.0340557811076906,0.010833333333333299,0.00108333333333333,0.00108333333333333,True,False,0.00108333333333333,0.00108333333333333,0.0,,,,False,True,,,,,,,False,True,,,,0.04999999999999989,0.007499999999999983,0.007499999999999983,True,False,0.007499999999999983,0.007499999999999983,0.0,,,,,,True,,,,0.03181055603768512,,,,,,,,,,,,0.2202269264147433,price,price
district_of_columbia_dc__county,2024-08-31,-0.0291340512268947,0.21,0.1066666666666666,,,0.1,0.021,0.1,,0.65,,0.15,0.01599999999999999,2,False,,,,-0.1327822907142068,,,0.1327822907142068,0.145,0.014499999999999999,0.014499999999999999,False,True,-0.014499999999999999,0.0,0.014499999999999999,,,,False,True,,,,,,,False,True,,,,0.00666666666666671,0.0010000000000000063,0.0010000000000000063,False,True,-0.0010000000000000063,0.0,0.0010000000000000063,,,,,,True,,,,-0.10920130931623247,,,,,,,,,,,,-0.007531124780429874,affordability,affordability
district_of_columbia_dc__county,2024-09-30,0.0836724275672709,0.3783333333333333,-0.2199999999999999,,,0.1,0.03783333333333333,0.1,,0.65,,0.15,-0.03299999999999998,2,False,,,,0.11280647879416561,,,0.11280647879416561,0.1683333333333333,0.016833333333333332,0.016833333333333332,True,False,0.016833333333333332,0.016833333333333332,0.0,,,,False,True,,,,,,,False,True,,,,-0.3266666666666665,-0.048999999999999974,0.048999999999999974,False,True,-0.048999999999999974,0.0,0.048999999999999974,,,,,,True,,,,0.14922310769090294,,,,,,,,,,,,-0.4343722144665885,price,affordability
district_of_columbia_dc__county,2024-10-31,0.0187689694220077,0.4145,-0.3233333333333333,,,0.1,0.04145,0.1,,0.65,,0.15,-0.048499999999999995,2,False,,,,-0.0649034581452632,,,0.0649034581452632,0.03616666666666668,0.003616666666666668,0.003616666666666668,False,True,-0.003616666666666668,0.0,0.003616666666666668,,,,False,True,,,,,,,False,True,,,,-0.10333333333333342,-0.015500000000000012,0.015500000000000012,True,False,0.015500000000000012,0.015500000000000012,0.0,,,,,,True,,,,-0.055723789918436274,,,,,,,,,,,,0.23881624250758413,price,price
district_of_columbia_dc__county,2024-11-30,-0.0327744417640584,0.1625,-0.23,,,0.1,0.01625,0.1,,0.65,,0.15,-0.0345,2,False,,,,-0.051543411186066104,,,0.051543411186066104,-0.252,-0.0252,0.0252,True,False,0.0252,0.0252,0.0,,,,False,True,,,,,,,False,True,,,,0.0933333333333333,0.013999999999999993,0.013999999999999993,False,True,-0.013999999999999993,0.0,0.013999999999999993,,,,,,True,,,,0.4889082701381704,,,,,,,,,,,,-0.27161570563231674,affordability,affordability
district_of_columbia_dc__county,2024-12-31,0.010066550653105,-0.0616666666666667,-0.09,,,0.1,-0.006166666666666671,0.1,,0.65,,0.15,-0.0135,2,False,,,,0.0428409924171634,,,0.0428409924171634,-0.2241666666666667,-0.02241666666666667,0.02241666666666667,False,True,-0.02241666666666667,0.0,0.02241666666666667,,,,False,True,,,,,,,False,True,,,,0.14,0.021,0.021,True,False,0.021,0.021,0.0,,,,,,True,,,,-0.5232527400015569,,,,,,,,,,,,0.4901847229754361,affordability,price
district_of_columbia_dc__county,2025-01-31,-0.0709070079445755,-0.0425,-0.3333333333333333,,,0.1,-0.00425,0.1,,0.65,,0.15,-0.049999999999999996,2,False,,,,-0.08097355859768049,,,0.08097355859768049,0.0191666666666667,0.00191666666666667,0.00191666666666667,False,True,-0.00191666666666667,0.0,0.00191666666666667,,,,False,True,,,,,,,False,True,,,,-0.24333333333333332,-0.0365,0.0365,True,False,0.0365,0.0365,0.0,,,,,,True,,,,-0.023670278296520037,,,,,,,,,,,,0.4507644301685112,price,price
district_of_columbia_dc__county,2025-02-28,0.0543434956185679,0.0299999999999999,-0.1783333333333333,,,0.1,0.00299999999999999,0.1,,0.65,,0.15,-0.026749999999999993,2,False,,,,0.12525050356314338,,,0.12525050356314338,0.0724999999999999,0.00724999999999999,0.00724999999999999,True,False,0.00724999999999999,0.00724999999999999,0.0,,,,False,True,,,,,,,False,True,,,,0.15500000000000003,0.023250000000000003,0.023250000000000003,True,False,0.023250000000000003,0.023250000000000003,0.0,,,,,,True,,,,0.05788399881638,,,,,,,,,,,,0.18562799620425338,price,price
district_of_columbia_dc__county,2025-03-31,-0.0740184556648155,0.0158333333333333,-0.2233333333333333,,,0.1,0.00158333333333333,0.1,,0.65,,0.15,-0.033499999999999995,2,False,,,,-0.1283619512833834,,,0.1283619512833834,-0.014166666666666598,-0.0014166666666666598,0.0014166666666666598,True,False,0.0014166666666666598,0.0014166666666666598,0.0,,,,False,True,,,,,,,False,True,,,,-0.04500000000000001,-0.006750000000000002,0.006750000000000002,True,False,0.006750000000000002,0.006750000000000002,0.0,,,,,,True,,,,0.011036499932437915,,,,,,,,,,,,0.052585676148675035,price,price
district_of_columbia_dc__county,2025-04-30,-0.0084013795698184,-0.0783333333333333,0.1533333333333333,,,0.1,-0.00783333333333333,0.1,,0.65,,0.15,0.022999999999999993,2,False,,,,0.0656170760949971,,,0.0656170760949971,-0.09416666666666659,-0.00941666666666666,0.00941666666666666,False,True,-0.00941666666666666,0.0,0.00941666666666666,,,,False,True,,,,,,,False,True,,,,0.3766666666666666,0.05649999999999999,0.05649999999999999,True,False,0.05649999999999999,0.05649999999999999,0.0,,,,,,True,,,,-0.14350939156498962,,,,,,,,,,,,0.8610563493899382,price,price
district_of_columbia_dc__county,2025-05-31,-0.0931275937457723,-0.0874999999999999,-0.0483333333333333,,,0.1,-0.00874999999999999,0.1,,0.65,,0.15,-0.007249999999999994,2,False,,,,-0.0847262141759539,,,0.0847262141759539,-0.0091666666666666,-0.0009166666666666601,0.0009166666666666601,True,False,0.0009166666666666601,0.0009166666666666601,0.0,,,,False,True,,,,,,,False,True,,,,-0.2016666666666666,-0.03024999999999999,0.03024999999999999,True,False,0.03024999999999999,0.03024999999999999,0.0,,,,,,True,,,,0.010819162352315026,,,,,,,,,,,,0.3570323576263983,price,price
district_of_columbia_dc__county,2025-06-30,0.0120841031338895,-0.0749999999999999,-0.2299999999999999,,,0.1,-0.00749999999999999,0.1,,0.65,,0.15,-0.03449999999999998,2,False,,,,0.1052116968796618,,,0.1052116968796618,0.012499999999999997,0.0012499999999999998,0.0012499999999999998,True,False,0.0012499999999999998,0.0012499999999999998,0.0,,,,False,True,,,,,,,False,True,,,,-0.1816666666666666,-0.027249999999999986,0.027249999999999986,False,True,-0.027249999999999986,0.0,0.027249999999999986,,,,,,True,,,,0.011880808285315604,,,,,,,,,,,,-0.2590016206198801,price,affordability
district_of_columbia_dc__county,2025-07-31,-0.0732188327742879,0.0366666666666666,-0.33,,,0.1,0.00366666666666666,0.1,,0.65,,0.15,-0.0495,2,False,,,,-0.08530293590817739,,,0.08530293590817739,0.1116666666666665,0.011166666666666651,0.011166666666666651,False,True,-0.011166666666666651,0.0,0.011166666666666651,,,,False,True,,,,,,,False,True,,,,-0.10000000000000012,-0.015000000000000017,0.015000000000000017,True,False,0.015000000000000017,0.015000000000000017,0.0,,,,,,True,,,,-0.13090600631479768,,,,,,,,,,,,0.1758438890795794,price,price
district_of_columbia_dc__county,2025-08-31,-0.1664275149444081,0.025,-0.3333333333333333,,,0.1,0.0025000000000000005,0.1,,0.65,,0.15,-0.049999999999999996,2,False,,,,-0.09320868217012021,,,0.09320868217012021,-0.011666666666666596,-0.0011666666666666596,0.0011666666666666596,True,False,0.0011666666666666596,0.0011666666666666596,0.0,,,,False,True,,,,,,,False,True,,,,-0.0033333333333332993,-0.0004999999999999949,0.0004999999999999949,True,False,0.0004999999999999949,0.0004999999999999949,0.0,,,,,,True,,,,0.012516716678144994,,,,,,,,,,,,0.005364307147776404,affordability,affordability
district_of_columbia_dc__county,2025-09-30,-0.048951685095696,-0.0233333333333333,-0.0966666666666666,,,0.1,-0.00233333333333333,0.1,,0.65,,0.15,-0.014499999999999989,2,False,,,,0.1174758298487121,,,0.1174758298487121,-0.0483333333333333,-0.00483333333333333,0.00483333333333333,False,True,-0.00483333333333333,0.0,0.00483333333333333,,,,False,True,,,,,,,False,True,,,,0.23666666666666672,0.035500000000000004,0.035500000000000004,True,False,0.035500000000000004,0.035500000000000004,0.0,,,,,,True,,,,-0.04114321507290308,,,,,,,,,,,,0.3021898210527022,price,price
district_of_columbia_dc__county,2025-10-31,-0.0447063378884955,-0.0183333333333333,-0.0883333333333333,,,0.1,-0.00183333333333333,0.1,,0.65,,0.15,-0.013249999999999996,2,False,,,,0.004245347207200503,,,0.004245347207200503,0.005000000000000001,0.0005000000000000001,0.0005000000000000001,True,False,0.0005000000000000001,0.0005000000000000001,0.0,,,,False,True,,,,,,,False,True,,,,0.00833333333333329,0.0012499999999999935,0.0012499999999999935,True,False,0.0012499999999999935,0.0012499999999999935,0.0,,,,,,False,,,,,,,,,,,,,,,,,price,price
district_of_columbia_dc__county,2025-11-30,-0.0152742640088879,0.08,-0.1866666666666667,,,0.1,0.008,0.1,,0.65,,0.15,-0.028000000000000004,2,False,,,,0.029432073879607598,,,0.029432073879607598,0.0983333333333333,0.009833333333333331,0.009833333333333331,True,False,0.009833333333333331,0.009833333333333331,0.0,,,,False,True,,,,,,,False,True,,,,-0.0983333333333334,-0.01475000000000001,0.01475000000000001,False,True,-0.01475000000000001,0.0,0.01475000000000001,,,,,,True,,,,0.33410263148824476,,,,,,,,,,,,-0.5011539472323675,price,affordability
district_of_columbia_dc__county,2025-12-31,-0.0233059380255967,-0.0475,-0.1036666666666666,,,0.1,-0.004750000000000001,0.1,,0.65,,0.15,-0.01554999999999999,2,False,,,,-0.0080316740167088,,,0.0080316740167088,-0.1275,-0.012750000000000001,0.012750000000000001,True,False,0.012750000000000001,0.012750000000000001,0.0,,,,False,True,,,,,,,False,True,,,,0.0830000000000001,0.012450000000000015,0.012450000000000015,False,True,-0.012450000000000015,0.0,0.012450000000000015,,,,,,False,,,,,,,,,,,,,,,,,affordability,affordability
district_of_columbia_dc__county,2026-01-31,-0.0556047788126275,-0.1391666666666667,0.288,,,0.1,-0.01391666666666667,0.1,,0.65,,0.15,0.043199999999999995,2,False,,,,-0.0322988407870308,,,0.0322988407870308,-0.09166666666666669,-0.009166666666666668,0.009166666666666668,True,False,0.009166666666666668,0.009166666666666668,0.0,,,,False,True,,,,,,,False,True,,,,0.3916666666666666,0.05874999999999999,0.05874999999999999,False,True,-0.05874999999999999,0.0,0.05874999999999999,,,,,,True,,,,0.28380791518522336,,,,,,,,,,,,-1.818950729141658,price,affordability
district_of_columbia_dc__county,2026-02-28,0.0595938953425993,-0.0075,0.078,,,0.1,-0.00075,0.1,,0.65,,0.15,0.0117,2,False,,,,0.1151986741552268,,,0.1151986741552268,0.13166666666666668,0.013166666666666669,0.013166666666666669,True,False,0.013166666666666669,0.013166666666666669,0.0,,,,False,True,,,,,,,False,True,,,,-0.20999999999999996,-0.03149999999999999,0.03149999999999999,False,True,-0.03149999999999999,0.0,0.03149999999999999,,,,,,True,,,,0.11429529691396426,,,,,,,,,,,,-0.2734406470473321,price,affordability
district_of_columbia_dc__county,2026-03-31,-0.0188086262885484,-0.0766666666666666,-0.0636666666666666,,,0.1,-0.007666666666666661,0.1,,0.65,,0.15,-0.009549999999999989,2,False,,,,-0.07840252163114769,,,0.07840252163114769,-0.0691666666666666,-0.00691666666666666,0.00691666666666666,True,False,0.00691666666666666,0.00691666666666666,0.0,,,,False,True,,,,,,,False,True,,,,-0.1416666666666666,-0.02124999999999999,0.02124999999999999,True,False,0.02124999999999999,0.02124999999999999,0.0,,,,,,True,,,,0.08821995163888724,,,,,,,,,,,,0.27103720081826815,price,price
district_of_columbia_dc__county,2026-04-30,-0.0465024548675871,0.0266666666666666,-0.4483333333333333,,,0.1,0.00266666666666666,0.1,,0.65,,0.15,-0.06724999999999999,2,False,,,,-0.0276938285790387,,,0.0276938285790387,0.10333333333333321,0.010333333333333321,0.010333333333333321,False,True,-0.010333333333333321,0.0,0.010333333333333321,,,,False,True,,,,,,,False,True,,,,-0.3846666666666667,-0.0577,0.0577,True,False,0.0577,0.0577,0.0,,,,,,True,,,,-0.3731276556378543,,,,,,,,,,,,2.083496683577828,price,price
district_of_columbia_dc__county,2026-05-31,-0.1378759157961198,-0.0749999999999999,-0.3316666666666666,,,0.1,-0.00749999999999999,0.1,,0.65,,0.15,-0.04974999999999999,2,False,,,,-0.0913734609285327,,,0.0913734609285327,-0.1016666666666665,-0.01016666666666665,0.01016666666666665,True,False,0.01016666666666665,0.01016666666666665,0.0,,,,False,True,,,,,,,False,True,,,,0.1166666666666667,0.017500000000000005,0.017500000000000005,False,True,-0.017500000000000005,0.0,0.017500000000000005,,,,,,True,,,,0.11126498398280502,,,,,,,,,,,,-0.19152169374089423,price,affordability
district_of_columbia_dc__county,2026-06-30,-0.1303981511266073,-0.0749999999999999,-0.3316666666666666,,,0.1,-0.00749999999999999,0.1,,0.65,,0.15,-0.04974999999999999,2,False,,,,0.007477764669512499,,,0.007477764669512499,0.0,0.0,0.0,False,False,0.0,0.0,-0.0,,,,False,True,,,,,,,False,True,,,,0.0,0.0,0.0,False,False,0.0,0.0,-0.0,,,,,,False,,,,,,,,,,,,,,,,,affordability,affordability
district_of_columbia_dc__county,2026-07-31,-0.1261196771300236,-0.0749999999999999,-0.3316666666666666,,,0.1,-0.00749999999999999,0.1,,0.65,,0.15,-0.04974999999999999,2,False,,,,0.004278473996583709,,,0.004278473996583709,0.0,0.0,0.0,False,False,0.0,0.0,-0.0,,,,False,True,,,,,,,False,True,,,,0.0,0.0,0.0,False,False,0.0,0.0,-0.0,,,,,,False,,,,,,,,,,,,,,,,,affordability,affordability
