geo_id,date,dimension,dimension_score,source_role,source_candidate_id,source_path
alameda_county_ca__county,2015-11-30,affordability,-0.98,ma12_price_family_challenger,price_family_ma12_structural_linked,artifacts/regime/comparisons/price_family_structural_windows/price_family_ma12_structural_linked/phase2_chronology/chronology_monthly.csv
alameda_county_ca__county,2015-11-30,capital_markets,-0.16375835513386988,incumbent_dimension_history,macro_regime_v1_bps120_sources,artifacts/regime/runs/macro_regime_v1_bps120_sources/dimension_scores.parquet
alameda_county_ca__county,2015-11-30,demand,0.6332081512817073,incumbent_dimension_history,macro_regime_v1_bps120_sources,artifacts/regime/runs/macro_regime_v1_bps120_sources/dimension_scores.parquet
alameda_county_ca__county,2015-11-30,price,0.98,ma12_price_family_challenger,price_family_ma12_structural_linked,artifacts/regime/comparisons/price_family_structural_windows/price_family_ma12_structural_linked/phase2_chronology/chronology_monthly.csv
alameda_county_ca__county,2015-12-31,affordability,-0.5405405405405406,ma12_price_family_challenger,price_family_ma12_structural_linked,artifacts/regime/comparisons/price_family_structural_windows/price_family_ma12_structural_linked/phase2_chronology/chronology_monthly.csv
alameda_county_ca__county,2015-12-31,capital_markets,-0.14260050686320172,incumbent_dimension_history,macro_regime_v1_bps120_sources,artifacts/regime/runs/macro_regime_v1_bps120_sources/dimension_scores.parquet
alameda_county_ca__county,2015-12-31,demand,0.6804749356091184,incumbent_dimension_history,macro_regime_v1_bps120_sources,artifacts/regime/runs/macro_regime_v1_bps120_sources/dimension_scores.parquet
alameda_county_ca__county,2015-12-31,price,0.98,ma12_price_family_challenger,price_family_ma12_structural_linked,artifacts/regime/comparisons/price_family_structural_windows/price_family_ma12_structural_linked/phase2_chronology/chronology_monthly.csv
alameda_county_ca__county,2016-01-31,affordability,-0.6578947368421053,ma12_price_family_challenger,price_family_ma12_structural_linked,artifacts/regime/comparisons/price_family_structural_windows/price_family_ma12_structural_linked/phase2_chronology/chronology_monthly.csv
alameda_county_ca__county,2016-01-31,capital_markets,-0.018813869942902857,incumbent_dimension_history,macro_regime_v1_bps120_sources,artifacts/regime/runs/macro_regime_v1_bps120_sources/dimension_scores.parquet
alameda_county_ca__county,2016-01-31,demand,0.8396956549197928,incumbent_dimension_history,macro_regime_v1_bps120_sources,artifacts/regime/runs/macro_regime_v1_bps120_sources/dimension_scores.parquet
alameda_county_ca__county,2016-01-31,price,0.98,ma12_price_family_challenger,price_family_ma12_structural_linked,artifacts/regime/comparisons/price_family_structural_windows/price_family_ma12_structural_linked/phase2_chronology/chronology_monthly.csv
alameda_county_ca__county,2016-02-29,affordability,-0.2332112332112331,ma12_price_family_challenger,price_family_ma12_structural_linked,artifacts/regime/comparisons/price_family_structural_windows/price_family_ma12_structural_linked/phase2_chronology/chronology_monthly.csv
alameda_county_ca__county,2016-02-29,capital_markets,0.23296691846384493,incumbent_dimension_history,macro_regime_v1_bps120_sources,artifacts/regime/runs/macro_regime_v1_bps120_sources/dimension_scores.parquet
alameda_county_ca__county,2016-02-29,demand,0.84881189747963,incumbent_dimension_history,macro_regime_v1_bps120_sources,artifacts/regime/runs/macro_regime_v1_bps120_sources/dimension_scores.parquet
alameda_county_ca__county,2016-02-29,price,0.3822222222222222,ma12_price_family_challenger,price_family_ma12_structural_linked,artifacts/regime/comparisons/price_family_structural_windows/price_family_ma12_structural_linked/phase2_chronology/chronology_monthly.csv
alameda_county_ca__county,2016-03-31,affordability,-0.3947876447876448,ma12_price_family_challenger,price_family_ma12_structural_linked,artifacts/regime/comparisons/price_family_structural_windows/price_family_ma12_structural_linked/phase2_chronology/chronology_monthly.csv
alameda_county_ca__county,2016-03-31,capital_markets,-0.021110315355142944,incumbent_dimension_history,macro_regime_v1_bps120_sources,artifacts/regime/runs/macro_regime_v1_bps120_sources/dimension_scores.parquet
alameda_county_ca__county,2016-03-31,demand,0.7298576358152955,incumbent_dimension_history,macro_regime_v1_bps120_sources,artifacts/regime/runs/macro_regime_v1_bps120_sources/dimension_scores.parquet
alameda_county_ca__county,2016-03-31,price,0.0924324324324324,ma12_price_family_challenger,price_family_ma12_structural_linked,artifacts/regime/comparisons/price_family_structural_windows/price_family_ma12_structural_linked/phase2_chronology/chronology_monthly.csv
alameda_county_ca__county,2016-04-30,affordability,-0.3200073354117,ma12_price_family_challenger,price_family_ma12_structural_linked,artifacts/regime/comparisons/price_family_structural_windows/price_family_ma12_structural_linked/phase2_chronology/chronology_monthly.csv
alameda_county_ca__county,2016-04-30,capital_markets,0.08195509745557719,incumbent_dimension_history,macro_regime_v1_bps120_sources,artifacts/regime/runs/macro_regime_v1_bps120_sources/dimension_scores.parquet
alameda_county_ca__county,2016-04-30,demand,0.6429887436456064,incumbent_dimension_history,macro_regime_v1_bps120_sources,artifacts/regime/runs/macro_regime_v1_bps120_sources/dimension_scores.parquet
alameda_county_ca__county,2016-04-30,price,-0.1470175438596491,ma12_price_family_challenger,price_family_ma12_structural_linked,artifacts/regime/comparisons/price_family_structural_windows/price_family_ma12_structural_linked/phase2_chronology/chronology_monthly.csv
alameda_county_ca__county,2016-05-31,affordability,-0.3393511250654107,ma12_price_family_challenger,price_family_ma12_structural_linked,artifacts/regime/comparisons/price_family_structural_windows/price_family_ma12_structural_linked/phase2_chronology/chronology_monthly.csv
alameda_county_ca__county,2016-05-31,capital_markets,0.13640642824530413,incumbent_dimension_history,macro_regime_v1_bps120_sources,artifacts/regime/runs/macro_regime_v1_bps120_sources/dimension_scores.parquet
alameda_county_ca__county,2016-05-31,demand,0.8350053516819571,incumbent_dimension_history,macro_regime_v1_bps120_sources,artifacts/regime/runs/macro_regime_v1_bps120_sources/dimension_scores.parquet
alameda_county_ca__county,2016-05-31,price,-0.2545299145299144,ma12_price_family_challenger,price_family_ma12_structural_linked,artifacts/regime/comparisons/price_family_structural_windows/price_family_ma12_structural_linked/phase2_chronology/chronology_monthly.csv
alameda_county_ca__county,2016-06-30,affordability,-0.3601328903654485,ma12_price_family_challenger,price_family_ma12_structural_linked,artifacts/regime/comparisons/price_family_structural_windows/price_family_ma12_structural_linked/phase2_chronology/chronology_monthly.csv
alameda_county_ca__county,2016-06-30,capital_markets,0.2941083099906629,incumbent_dimension_history,macro_regime_v1_bps120_sources,artifacts/regime/runs/macro_regime_v1_bps120_sources/dimension_scores.parquet
alameda_county_ca__county,2016-06-30,demand,0.6128686868686869,incumbent_dimension_history,macro_regime_v1_bps120_sources,artifacts/regime/runs/macro_regime_v1_bps120_sources/dimension_scores.parquet
alameda_county_ca__county,2016-06-30,price,-0.2733333333333333,ma12_price_family_challenger,price_family_ma12_structural_linked,artifacts/regime/comparisons/price_family_structural_windows/price_family_ma12_structural_linked/phase2_chronology/chronology_monthly.csv
alameda_county_ca__county,2016-07-31,affordability,-0.2407190370605005,ma12_price_family_challenger,price_family_ma12_structural_linked,artifacts/regime/comparisons/price_family_structural_windows/price_family_ma12_structural_linked/phase2_chronology/chronology_monthly.csv
alameda_county_ca__county,2016-07-31,capital_markets,0.43707689741451206,incumbent_dimension_history,macro_regime_v1_bps120_sources,artifacts/regime/runs/macro_regime_v1_bps120_sources/dimension_scores.parquet
alameda_county_ca__county,2016-07-31,demand,0.7680315315315314,incumbent_dimension_history,macro_regime_v1_bps120_sources,artifacts/regime/runs/macro_regime_v1_bps120_sources/dimension_scores.parquet
alameda_county_ca__county,2016-07-31,price,-0.3074796747967479,ma12_price_family_challenger,price_family_ma12_structural_linked,artifacts/regime/comparisons/price_family_structural_windows/price_family_ma12_structural_linked/phase2_chronology/chronology_monthly.csv
alameda_county_ca__county,2016-08-31,affordability,-0.2921768707482993,ma12_price_family_challenger,price_family_ma12_structural_linked,artifacts/regime/comparisons/price_family_structural_windows/price_family_ma12_structural_linked/phase2_chronology/chronology_monthly.csv
alameda_county_ca__county,2016-08-31,capital_markets,0.16079311746375827,incumbent_dimension_history,macro_regime_v1_bps120_sources,artifacts/regime/runs/macro_regime_v1_bps120_sources/dimension_scores.parquet
alameda_county_ca__county,2016-08-31,demand,0.629734126984127,incumbent_dimension_history,macro_regime_v1_bps120_sources,artifacts/regime/runs/macro_regime_v1_bps120_sources/dimension_scores.parquet
alameda_county_ca__county,2016-08-31,price,-0.3082539682539681,ma12_price_family_challenger,price_family_ma12_structural_linked,artifacts/regime/comparisons/price_family_structural_windows/price_family_ma12_structural_linked/phase2_chronology/chronology_monthly.csv
alameda_county_ca__county,2016-09-30,affordability,-0.4145673840820454,ma12_price_family_challenger,price_family_ma12_structural_linked,artifacts/regime/comparisons/price_family_structural_windows/price_family_ma12_structural_linked/phase2_chronology/chronology_monthly.csv
alameda_county_ca__county,2016-09-30,capital_markets,0.09228067331625907,incumbent_dimension_history,macro_regime_v1_bps120_sources,artifacts/regime/runs/macro_regime_v1_bps120_sources/dimension_scores.parquet
alameda_county_ca__county,2016-09-30,demand,0.8074970501474926,incumbent_dimension_history,macro_regime_v1_bps120_sources,artifacts/regime/runs/macro_regime_v1_bps120_sources/dimension_scores.parquet
alameda_county_ca__county,2016-09-30,price,-0.3089922480620155,ma12_price_family_challenger,price_family_ma12_structural_linked,artifacts/regime/comparisons/price_family_structural_windows/price_family_ma12_structural_linked/phase2_chronology/chronology_monthly.csv
alameda_county_ca__county,2016-10-31,affordability,-0.509850787510362,ma12_price_family_challenger,price_family_ma12_structural_linked,artifacts/regime/comparisons/price_family_structural_windows/price_family_ma12_structural_linked/phase2_chronology/chronology_monthly.csv
alameda_county_ca__county,2016-10-31,capital_markets,0.01879718444419463,incumbent_dimension_history,macro_regime_v1_bps120_sources,artifacts/regime/runs/macro_regime_v1_bps120_sources/dimension_scores.parquet
alameda_county_ca__county,2016-10-31,demand,0.6529400584795322,incumbent_dimension_history,macro_regime_v1_bps120_sources,artifacts/regime/runs/macro_regime_v1_bps120_sources/dimension_scores.parquet
alameda_county_ca__county,2016-10-31,price,-0.2642424242424242,ma12_price_family_challenger,price_family_ma12_structural_linked,artifacts/regime/comparisons/price_family_structural_windows/price_family_ma12_structural_linked/phase2_chronology/chronology_monthly.csv
alameda_county_ca__county,2016-11-30,affordability,-0.3455555555555555,ma12_price_family_challenger,price_family_ma12_structural_linked,artifacts/regime/comparisons/price_family_structural_windows/price_family_ma12_structural_linked/phase2_chronology/chronology_monthly.csv
alameda_county_ca__county,2016-11-30,capital_markets,-0.2793753868113046,incumbent_dimension_history,macro_regime_v1_bps120_sources,artifacts/regime/runs/macro_regime_v1_bps120_sources/dimension_scores.parquet
alameda_county_ca__county,2016-11-30,demand,0.7284685990338163,incumbent_dimension_history,macro_regime_v1_bps120_sources,artifacts/regime/runs/macro_regime_v1_bps120_sources/dimension_scores.parquet
alameda_county_ca__county,2016-11-30,price,-0.4906666666666667,ma12_price_family_challenger,price_family_ma12_structural_linked,artifacts/regime/comparisons/price_family_structural_windows/price_family_ma12_structural_linked/phase2_chronology/chronology_monthly.csv
alameda_county_ca__county,2016-12-31,affordability,0.0777236864193386,ma12_price_family_challenger,price_family_ma12_structural_linked,artifacts/regime/comparisons/price_family_structural_windows/price_family_ma12_structural_linked/phase2_chronology/chronology_monthly.csv
alameda_county_ca__county,2016-12-31,capital_markets,-0.491440551378446,incumbent_dimension_history,macro_regime_v1_bps120_sources,artifacts/regime/runs/macro_regime_v1_bps120_sources/dimension_scores.parquet
alameda_county_ca__county,2016-12-31,demand,0.5204352767283802,incumbent_dimension_history,macro_regime_v1_bps120_sources,artifacts/regime/runs/macro_regime_v1_bps120_sources/dimension_scores.parquet
alameda_county_ca__county,2016-12-31,price,-0.5128131609870741,ma12_price_family_challenger,price_family_ma12_structural_linked,artifacts/regime/comparisons/price_family_structural_windows/price_family_ma12_structural_linked/phase2_chronology/chronology_monthly.csv
alameda_county_ca__county,2017-01-31,affordability,0.1241545352743561,ma12_price_family_challenger,price_family_ma12_structural_linked,artifacts/regime/comparisons/price_family_structural_windows/price_family_ma12_structural_linked/phase2_chronology/chronology_monthly.csv
alameda_county_ca__county,2017-01-31,capital_markets,-0.1715612396276552,incumbent_dimension_history,macro_regime_v1_bps120_sources,artifacts/regime/runs/macro_regime_v1_bps120_sources/dimension_scores.parquet
alameda_county_ca__county,2017-01-31,demand,0.3399763662263662,incumbent_dimension_history,macro_regime_v1_bps120_sources,artifacts/regime/runs/macro_regime_v1_bps120_sources/dimension_scores.parquet
alameda_county_ca__county,2017-01-31,price,-0.5659260918253081,ma12_price_family_challenger,price_family_ma12_structural_linked,artifacts/regime/comparisons/price_family_structural_windows/price_family_ma12_structural_linked/phase2_chronology/chronology_monthly.csv
alameda_county_ca__county,2017-02-28,affordability,0.0389517345399698,ma12_price_family_challenger,price_family_ma12_structural_linked,artifacts/regime/comparisons/price_family_structural_windows/price_family_ma12_structural_linked/phase2_chronology/chronology_monthly.csv
alameda_county_ca__county,2017-02-28,capital_markets,-0.2735394040184632,incumbent_dimension_history,macro_regime_v1_bps120_sources,artifacts/regime/runs/macro_regime_v1_bps120_sources/dimension_scores.parquet
alameda_county_ca__county,2017-02-28,demand,0.5446429363166652,incumbent_dimension_history,macro_regime_v1_bps120_sources,artifacts/regime/runs/macro_regime_v1_bps120_sources/dimension_scores.parquet
alameda_county_ca__county,2017-02-28,price,-0.5418205128205128,ma12_price_family_challenger,price_family_ma12_structural_linked,artifacts/regime/comparisons/price_family_structural_windows/price_family_ma12_structural_linked/phase2_chronology/chronology_monthly.csv
alameda_county_ca__county,2017-03-31,affordability,-0.1680729984301413,ma12_price_family_challenger,price_family_ma12_structural_linked,artifacts/regime/comparisons/price_family_structural_windows/price_family_ma12_structural_linked/phase2_chronology/chronology_monthly.csv
alameda_county_ca__county,2017-03-31,capital_markets,-0.29228300163983295,incumbent_dimension_history,macro_regime_v1_bps120_sources,artifacts/regime/runs/macro_regime_v1_bps120_sources/dimension_scores.parquet
alameda_county_ca__county,2017-03-31,demand,0.5051169309992839,incumbent_dimension_history,macro_regime_v1_bps120_sources,artifacts/regime/runs/macro_regime_v1_bps120_sources/dimension_scores.parquet
alameda_county_ca__county,2017-03-31,price,-0.4188979591836735,ma12_price_family_challenger,price_family_ma12_structural_linked,artifacts/regime/comparisons/price_family_structural_windows/price_family_ma12_structural_linked/phase2_chronology/chronology_monthly.csv
alameda_county_ca__county,2017-04-30,affordability,-0.1476134376438103,ma12_price_family_challenger,price_family_ma12_structural_linked,artifacts/regime/comparisons/price_family_structural_windows/price_family_ma12_structural_linked/phase2_chronology/chronology_monthly.csv
alameda_county_ca__county,2017-04-30,capital_markets,-0.021200297140778014,incumbent_dimension_history,macro_regime_v1_bps120_sources,artifacts/regime/runs/macro_regime_v1_bps120_sources/dimension_scores.parquet
alameda_county_ca__county,2017-04-30,demand,0.36118719243719244,incumbent_dimension_history,macro_regime_v1_bps120_sources,artifacts/regime/runs/macro_regime_v1_bps120_sources/dimension_scores.parquet
alameda_county_ca__county,2017-04-30,price,-0.3569756097560975,ma12_price_family_challenger,price_family_ma12_structural_linked,artifacts/regime/comparisons/price_family_structural_windows/price_family_ma12_structural_linked/phase2_chronology/chronology_monthly.csv
alameda_county_ca__county,2017-05-31,affordability,-0.1106286959228136,ma12_price_family_challenger,price_family_ma12_structural_linked,artifacts/regime/comparisons/price_family_structural_windows/price_family_ma12_structural_linked/phase2_chronology/chronology_monthly.csv
alameda_county_ca__county,2017-05-31,capital_markets,-0.15473611570288712,incumbent_dimension_history,macro_regime_v1_bps120_sources,artifacts/regime/runs/macro_regime_v1_bps120_sources/dimension_scores.parquet
alameda_county_ca__county,2017-05-31,demand,0.48979830354830356,incumbent_dimension_history,macro_regime_v1_bps120_sources,artifacts/regime/runs/macro_regime_v1_bps120_sources/dimension_scores.parquet
alameda_county_ca__county,2017-05-31,price,-0.4185658263305322,ma12_price_family_challenger,price_family_ma12_structural_linked,artifacts/regime/comparisons/price_family_structural_windows/price_family_ma12_structural_linked/phase2_chronology/chronology_monthly.csv
alameda_county_ca__county,2017-06-30,affordability,-0.1002927305252886,ma12_price_family_challenger,price_family_ma12_structural_linked,artifacts/regime/comparisons/price_family_structural_windows/price_family_ma12_structural_linked/phase2_chronology/chronology_monthly.csv
alameda_county_ca__county,2017-06-30,capital_markets,-0.015153712699514252,incumbent_dimension_history,macro_regime_v1_bps120_sources,artifacts/regime/runs/macro_regime_v1_bps120_sources/dimension_scores.parquet
alameda_county_ca__county,2017-06-30,demand,0.33652052577052577,incumbent_dimension_history,macro_regime_v1_bps120_sources,artifacts/regime/runs/macro_regime_v1_bps120_sources/dimension_scores.parquet
alameda_county_ca__county,2017-06-30,price,-0.3372737030411449,ma12_price_family_challenger,price_family_ma12_structural_linked,artifacts/regime/comparisons/price_family_structural_windows/price_family_ma12_structural_linked/phase2_chronology/chronology_monthly.csv
alameda_county_ca__county,2017-07-31,affordability,-0.3126255819652045,ma12_price_family_challenger,price_family_ma12_structural_linked,artifacts/regime/comparisons/price_family_structural_windows/price_family_ma12_structural_linked/phase2_chronology/chronology_monthly.csv
alameda_county_ca__county,2017-07-31,capital_markets,-0.38979059218293666,incumbent_dimension_history,macro_regime_v1_bps120_sources,artifacts/regime/runs/macro_regime_v1_bps120_sources/dimension_scores.parquet
alameda_county_ca__county,2017-07-31,demand,0.4822983035483035,incumbent_dimension_history,macro_regime_v1_bps120_sources,artifacts/regime/runs/macro_regime_v1_bps120_sources/dimension_scores.parquet
alameda_county_ca__county,2017-07-31,price,-0.2866758147512864,ma12_price_family_challenger,price_family_ma12_structural_linked,artifacts/regime/comparisons/price_family_structural_windows/price_family_ma12_structural_linked/phase2_chronology/chronology_monthly.csv
alameda_county_ca__county,2017-08-31,affordability,-0.3331384015594542,ma12_price_family_challenger,price_family_ma12_structural_linked,artifacts/regime/comparisons/price_family_structural_windows/price_family_ma12_structural_linked/phase2_chronology/chronology_monthly.csv
alameda_county_ca__county,2017-08-31,capital_markets,-0.04532703179529442,incumbent_dimension_history,macro_regime_v1_bps120_sources,artifacts/regime/runs/macro_regime_v1_bps120_sources/dimension_scores.parquet
alameda_county_ca__county,2017-08-31,demand,0.2600760813260813,incumbent_dimension_history,macro_regime_v1_bps120_sources,artifacts/regime/runs/macro_regime_v1_bps120_sources/dimension_scores.parquet
alameda_county_ca__county,2017-08-31,price,-0.201037037037037,ma12_price_family_challenger,price_family_ma12_structural_linked,artifacts/regime/comparisons/price_family_structural_windows/price_family_ma12_structural_linked/phase2_chronology/chronology_monthly.csv
alameda_county_ca__county,2017-09-30,affordability,-0.32537413111626,ma12_price_family_challenger,price_family_ma12_structural_linked,artifacts/regime/comparisons/price_family_structural_windows/price_family_ma12_structural_linked/phase2_chronology/chronology_monthly.csv
alameda_county_ca__county,2017-09-30,capital_markets,-0.027679825803233152,incumbent_dimension_history,macro_regime_v1_bps120_sources,artifacts/regime/runs/macro_regime_v1_bps120_sources/dimension_scores.parquet
alameda_county_ca__county,2017-09-30,demand,0.5803538591038592,incumbent_dimension_history,macro_regime_v1_bps120_sources,artifacts/regime/runs/macro_regime_v1_bps120_sources/dimension_scores.parquet
alameda_county_ca__county,2017-09-30,price,-0.188505928853755,ma12_price_family_challenger,price_family_ma12_structural_linked,artifacts/regime/comparisons/price_family_structural_windows/price_family_ma12_structural_linked/phase2_chronology/chronology_monthly.csv
alameda_county_ca__county,2017-10-31,affordability,-0.4285637009942816,ma12_price_family_challenger,price_family_ma12_structural_linked,artifacts/regime/comparisons/price_family_structural_windows/price_family_ma12_structural_linked/phase2_chronology/chronology_monthly.csv
alameda_county_ca__county,2017-10-31,capital_markets,-0.2951270293063462,incumbent_dimension_history,macro_regime_v1_bps120_sources,artifacts/regime/runs/macro_regime_v1_bps120_sources/dimension_scores.parquet
alameda_county_ca__county,2017-10-31,demand,0.3871594146594146,incumbent_dimension_history,macro_regime_v1_bps120_sources,artifacts/regime/runs/macro_regime_v1_bps120_sources/dimension_scores.parquet
alameda_county_ca__county,2017-10-31,price,-0.1337872340425532,ma12_price_family_challenger,price_family_ma12_structural_linked,artifacts/regime/comparisons/price_family_structural_windows/price_family_ma12_structural_linked/phase2_chronology/chronology_monthly.csv
alameda_county_ca__county,2017-11-30,affordability,-0.3599122807017543,ma12_price_family_challenger,price_family_ma12_structural_linked,artifacts/regime/comparisons/price_family_structural_windows/price_family_ma12_structural_linked/phase2_chronology/chronology_monthly.csv
alameda_county_ca__county,2017-11-30,capital_markets,-0.07473811936453416,incumbent_dimension_history,macro_regime_v1_bps120_sources,artifacts/regime/runs/macro_regime_v1_bps120_sources/dimension_scores.parquet
alameda_county_ca__county,2017-11-30,demand,0.41715941465941464,incumbent_dimension_history,macro_regime_v1_bps120_sources,artifacts/regime/runs/macro_regime_v1_bps120_sources/dimension_scores.parquet
alameda_county_ca__county,2017-11-30,price,-0.041719298245614,ma12_price_family_challenger,price_family_ma12_structural_linked,artifacts/regime/comparisons/price_family_structural_windows/price_family_ma12_structural_linked/phase2_chronology/chronology_monthly.csv
alameda_county_ca__county,2017-12-31,affordability,0.1784601008294782,ma12_price_family_challenger,price_family_ma12_structural_linked,artifacts/regime/comparisons/price_family_structural_windows/price_family_ma12_structural_linked/phase2_chronology/chronology_monthly.csv
alameda_county_ca__county,2017-12-31,capital_markets,-0.004415000528932574,incumbent_dimension_history,macro_regime_v1_bps120_sources,artifacts/regime/runs/macro_regime_v1_bps120_sources/dimension_scores.parquet
alameda_county_ca__county,2017-12-31,demand,0.42156944444444444,incumbent_dimension_history,macro_regime_v1_bps120_sources,artifacts/regime/runs/macro_regime_v1_bps120_sources/dimension_scores.parquet
alameda_county_ca__county,2017-12-31,price,0.1361829697396199,ma12_price_family_challenger,price_family_ma12_structural_linked,artifacts/regime/comparisons/price_family_structural_windows/price_family_ma12_structural_linked/phase2_chronology/chronology_monthly.csv
alameda_county_ca__county,2018-01-31,affordability,-0.0269360306178239,ma12_price_family_challenger,price_family_ma12_structural_linked,artifacts/regime/comparisons/price_family_structural_windows/price_family_ma12_structural_linked/phase2_chronology/chronology_monthly.csv
alameda_county_ca__county,2018-01-31,capital_markets,-0.21506266948098487,incumbent_dimension_history,macro_regime_v1_bps120_sources,artifacts/regime/runs/macro_regime_v1_bps120_sources/dimension_scores.parquet
alameda_county_ca__county,2018-01-31,demand,0.21490277777777778,incumbent_dimension_history,macro_regime_v1_bps120_sources,artifacts/regime/runs/macro_regime_v1_bps120_sources/dimension_scores.parquet
alameda_county_ca__county,2018-01-31,price,0.1789152542372881,ma12_price_family_challenger,price_family_ma12_structural_linked,artifacts/regime/comparisons/price_family_structural_windows/price_family_ma12_structural_linked/phase2_chronology/chronology_monthly.csv
alameda_county_ca__county,2018-02-28,affordability,-0.258015873015873,ma12_price_family_challenger,price_family_ma12_structural_linked,artifacts/regime/comparisons/price_family_structural_windows/price_family_ma12_structural_linked/phase2_chronology/chronology_monthly.csv
alameda_county_ca__county,2018-02-28,capital_markets,-0.42158242869989726,incumbent_dimension_history,macro_regime_v1_bps120_sources,artifacts/regime/runs/macro_regime_v1_bps120_sources/dimension_scores.parquet
alameda_county_ca__county,2018-02-28,demand,0.5362916666666665,incumbent_dimension_history,macro_regime_v1_bps120_sources,artifacts/regime/runs/macro_regime_v1_bps120_sources/dimension_scores.parquet
alameda_county_ca__county,2018-02-28,price,0.1952156862745098,ma12_price_family_challenger,price_family_ma12_structural_linked,artifacts/regime/comparisons/price_family_structural_windows/price_family_ma12_structural_linked/phase2_chronology/chronology_monthly.csv
alameda_county_ca__county,2018-03-31,affordability,-0.4869431746532156,ma12_price_family_challenger,price_family_ma12_structural_linked,artifacts/regime/comparisons/price_family_structural_windows/price_family_ma12_structural_linked/phase2_chronology/chronology_monthly.csv
alameda_county_ca__county,2018-03-31,capital_markets,-0.22608408143069197,incumbent_dimension_history,macro_regime_v1_bps120_sources,artifacts/regime/runs/macro_regime_v1_bps120_sources/dimension_scores.parquet
alameda_county_ca__county,2018-03-31,demand,0.4674027777777778,incumbent_dimension_history,macro_regime_v1_bps120_sources,artifacts/regime/runs/macro_regime_v1_bps120_sources/dimension_scores.parquet
alameda_county_ca__county,2018-03-31,price,0.0577906683480453,ma12_price_family_challenger,price_family_ma12_structural_linked,artifacts/regime/comparisons/price_family_structural_windows/price_family_ma12_structural_linked/phase2_chronology/chronology_monthly.csv
alameda_county_ca__county,2018-04-30,affordability,-0.5314904724003934,ma12_price_family_challenger,price_family_ma12_structural_linked,artifacts/regime/comparisons/price_family_structural_windows/price_family_ma12_structural_linked/phase2_chronology/chronology_monthly.csv
alameda_county_ca__county,2018-04-30,capital_markets,-0.2069071021875936,incumbent_dimension_history,macro_regime_v1_bps120_sources,artifacts/regime/runs/macro_regime_v1_bps120_sources/dimension_scores.parquet
alameda_county_ca__county,2018-04-30,demand,0.34087499999999993,incumbent_dimension_history,macro_regime_v1_bps120_sources,artifacts/regime/runs/macro_regime_v1_bps120_sources/dimension_scores.parquet
alameda_county_ca__county,2018-04-30,price,0.1120073037127206,ma12_price_family_challenger,price_family_ma12_structural_linked,artifacts/regime/comparisons/price_family_structural_windows/price_family_ma12_structural_linked/phase2_chronology/chronology_monthly.csv
alameda_county_ca__county,2018-05-31,affordability,-0.640021645021645,ma12_price_family_challenger,price_family_ma12_structural_linked,artifacts/regime/comparisons/price_family_structural_windows/price_family_ma12_structural_linked/phase2_chronology/chronology_monthly.csv
alameda_county_ca__county,2018-05-31,capital_markets,-0.3679524496576427,incumbent_dimension_history,macro_regime_v1_bps120_sources,artifacts/regime/runs/macro_regime_v1_bps120_sources/dimension_scores.parquet
alameda_county_ca__county,2018-05-31,demand,0.534486111111111,incumbent_dimension_history,macro_regime_v1_bps120_sources,artifacts/regime/runs/macro_regime_v1_bps120_sources/dimension_scores.parquet
alameda_county_ca__county,2018-05-31,price,0.3071111111111111,ma12_price_family_challenger,price_family_ma12_structural_linked,artifacts/regime/comparisons/price_family_structural_windows/price_family_ma12_structural_linked/phase2_chronology/chronology_monthly.csv
alameda_county_ca__county,2018-06-30,affordability,-0.6720064450474899,ma12_price_family_challenger,price_family_ma12_structural_linked,artifacts/regime/comparisons/price_family_structural_windows/price_family_ma12_structural_linked/phase2_chronology/chronology_monthly.csv
alameda_county_ca__county,2018-06-30,capital_markets,-0.181509324009324,incumbent_dimension_history,macro_regime_v1_bps120_sources,artifacts/regime/runs/macro_regime_v1_bps120_sources/dimension_scores.parquet
alameda_county_ca__county,2018-06-30,demand,0.2959305555555555,incumbent_dimension_history,macro_regime_v1_bps120_sources,artifacts/regime/runs/macro_regime_v1_bps120_sources/dimension_scores.parquet
alameda_county_ca__county,2018-06-30,price,0.4114545454545454,ma12_price_family_challenger,price_family_ma12_structural_linked,artifacts/regime/comparisons/price_family_structural_windows/price_family_ma12_structural_linked/phase2_chronology/chronology_monthly.csv
alameda_county_ca__county,2018-07-31,affordability,-0.6257789269553975,ma12_price_family_challenger,price_family_ma12_structural_linked,artifacts/regime/comparisons/price_family_structural_windows/price_family_ma12_structural_linked/phase2_chronology/chronology_monthly.csv
alameda_county_ca__county,2018-07-31,capital_markets,-0.136425427793622,incumbent_dimension_history,macro_regime_v1_bps120_sources,artifacts/regime/runs/macro_regime_v1_bps120_sources/dimension_scores.parquet
alameda_county_ca__county,2018-07-31,demand,0.46948611111111105,incumbent_dimension_history,macro_regime_v1_bps120_sources,artifacts/regime/runs/macro_regime_v1_bps120_sources/dimension_scores.parquet
alameda_county_ca__county,2018-07-31,price,0.4119340659340659,ma12_price_family_challenger,price_family_ma12_structural_linked,artifacts/regime/comparisons/price_family_structural_windows/price_family_ma12_structural_linked/phase2_chronology/chronology_monthly.csv
alameda_county_ca__county,2018-08-31,affordability,-0.6089792663476874,ma12_price_family_challenger,price_family_ma12_structural_linked,artifacts/regime/comparisons/price_family_structural_windows/price_family_ma12_structural_linked/phase2_chronology/chronology_monthly.csv
alameda_county_ca__county,2018-08-31,capital_markets,-0.23202396378993081,incumbent_dimension_history,macro_regime_v1_bps120_sources,artifacts/regime/runs/macro_regime_v1_bps120_sources/dimension_scores.parquet
alameda_county_ca__county,2018-08-31,demand,0.23906944444444445,incumbent_dimension_history,macro_regime_v1_bps120_sources,artifacts/regime/runs/macro_regime_v1_bps120_sources/dimension_scores.parquet
alameda_county_ca__county,2018-08-31,price,0.3385837320574163,ma12_price_family_challenger,price_family_ma12_structural_linked,artifacts/regime/comparisons/price_family_structural_windows/price_family_ma12_structural_linked/phase2_chronology/chronology_monthly.csv
alameda_county_ca__county,2018-09-30,affordability,-0.5868862583633556,ma12_price_family_challenger,price_family_ma12_structural_linked,artifacts/regime/comparisons/price_family_structural_windows/price_family_ma12_structural_linked/phase2_chronology/chronology_monthly.csv
alameda_county_ca__county,2018-09-30,capital_markets,-0.3532855620787127,incumbent_dimension_history,macro_regime_v1_bps120_sources,artifacts/regime/runs/macro_regime_v1_bps120_sources/dimension_scores.parquet
alameda_county_ca__county,2018-09-30,demand,0.47018055555555555,incumbent_dimension_history,macro_regime_v1_bps120_sources,artifacts/regime/runs/macro_regime_v1_bps120_sources/dimension_scores.parquet
alameda_county_ca__county,2018-09-30,price,0.2236891405043747,ma12_price_family_challenger,price_family_ma12_structural_linked,artifacts/regime/comparisons/price_family_structural_windows/price_family_ma12_structural_linked/phase2_chronology/chronology_monthly.csv
alameda_county_ca__county,2018-10-31,affordability,-0.5766899302093719,ma12_price_family_challenger,price_family_ma12_structural_linked,artifacts/regime/comparisons/price_family_structural_windows/price_family_ma12_structural_linked/phase2_chronology/chronology_monthly.csv
alameda_county_ca__county,2018-10-31,capital_markets,-0.4566067356672398,incumbent_dimension_history,macro_regime_v1_bps120_sources,artifacts/regime/runs/macro_regime_v1_bps120_sources/dimension_scores.parquet
alameda_county_ca__county,2018-10-31,demand,0.2515694444444444,incumbent_dimension_history,macro_regime_v1_bps120_sources,artifacts/regime/runs/macro_regime_v1_bps120_sources/dimension_scores.parquet
alameda_county_ca__county,2018-10-31,price,0.0004865403788634,ma12_price_family_challenger,price_family_ma12_structural_linked,artifacts/regime/comparisons/price_family_structural_windows/price_family_ma12_structural_linked/phase2_chronology/chronology_monthly.csv
alameda_county_ca__county,2018-11-30,affordability,-0.5063043478260869,ma12_price_family_challenger,price_family_ma12_structural_linked,artifacts/regime/comparisons/price_family_structural_windows/price_family_ma12_structural_linked/phase2_chronology/chronology_monthly.csv
alameda_county_ca__county,2018-11-30,capital_markets,-0.26158843529759124,incumbent_dimension_history,macro_regime_v1_bps120_sources,artifacts/regime/runs/macro_regime_v1_bps120_sources/dimension_scores.parquet
alameda_county_ca__county,2018-11-30,demand,0.3339305555555555,incumbent_dimension_history,macro_regime_v1_bps120_sources,artifacts/regime/runs/macro_regime_v1_bps120_sources/dimension_scores.parquet
alameda_county_ca__county,2018-11-30,price,-0.2153043478260869,ma12_price_family_challenger,price_family_ma12_structural_linked,artifacts/regime/comparisons/price_family_structural_windows/price_family_ma12_structural_linked/phase2_chronology/chronology_monthly.csv
alameda_county_ca__county,2018-12-31,affordability,-0.1309467132912001,ma12_price_family_challenger,price_family_ma12_structural_linked,artifacts/regime/comparisons/price_family_structural_windows/price_family_ma12_structural_linked/phase2_chronology/chronology_monthly.csv
alameda_county_ca__county,2018-12-31,capital_markets,0.014282929676101544,incumbent_dimension_history,macro_regime_v1_bps120_sources,artifacts/regime/runs/macro_regime_v1_bps120_sources/dimension_scores.parquet
alameda_county_ca__county,2018-12-31,demand,0.15627493258375613,incumbent_dimension_history,macro_regime_v1_bps120_sources,artifacts/regime/runs/macro_regime_v1_bps120_sources/dimension_scores.parquet
alameda_county_ca__county,2018-12-31,price,-0.3761779859484777,ma12_price_family_challenger,price_family_ma12_structural_linked,artifacts/regime/comparisons/price_family_structural_windows/price_family_ma12_structural_linked/phase2_chronology/chronology_monthly.csv
alameda_county_ca__county,2019-01-31,affordability,-0.0745901739995334,ma12_price_family_challenger,price_family_ma12_structural_linked,artifacts/regime/comparisons/price_family_structural_windows/price_family_ma12_structural_linked/phase2_chronology/chronology_monthly.csv
alameda_county_ca__county,2019-01-31,capital_markets,-0.057121244461384536,incumbent_dimension_history,macro_regime_v1_bps120_sources,artifacts/regime/runs/macro_regime_v1_bps120_sources/dimension_scores.parquet
alameda_county_ca__county,2019-01-31,demand,-0.013808400749577215,incumbent_dimension_history,macro_regime_v1_bps120_sources,artifacts/regime/runs/macro_regime_v1_bps120_sources/dimension_scores.parquet
alameda_county_ca__county,2019-01-31,price,-0.4450480002947063,ma12_price_family_challenger,price_family_ma12_structural_linked,artifacts/regime/comparisons/price_family_structural_windows/price_family_ma12_structural_linked/phase2_chronology/chronology_monthly.csv
alameda_county_ca__county,2019-02-28,affordability,0.0013492063492063,ma12_price_family_challenger,price_family_ma12_structural_linked,artifacts/regime/comparisons/price_family_structural_windows/price_family_ma12_structural_linked/phase2_chronology/chronology_monthly.csv
alameda_county_ca__county,2019-02-28,capital_markets,-0.04477388836329233,incumbent_dimension_history,macro_regime_v1_bps120_sources,artifacts/regime/runs/macro_regime_v1_bps120_sources/dimension_scores.parquet
alameda_county_ca__county,2019-02-28,demand,0.3296082659170894,incumbent_dimension_history,macro_regime_v1_bps120_sources,artifacts/regime/runs/macro_regime_v1_bps120_sources/dimension_scores.parquet
alameda_county_ca__county,2019-02-28,price,-0.4782539682539682,ma12_price_family_challenger,price_family_ma12_structural_linked,artifacts/regime/comparisons/price_family_structural_windows/price_family_ma12_structural_linked/phase2_chronology/chronology_monthly.csv
alameda_county_ca__county,2019-03-31,affordability,0.0265985490266763,ma12_price_family_challenger,price_family_ma12_structural_linked,artifacts/regime/comparisons/price_family_structural_windows/price_family_ma12_structural_linked/phase2_chronology/chronology_monthly.csv
alameda_county_ca__county,2019-03-31,capital_markets,0.114706833834691,incumbent_dimension_history,macro_regime_v1_bps120_sources,artifacts/regime/runs/macro_regime_v1_bps120_sources/dimension_scores.parquet
alameda_county_ca__county,2019-03-31,demand,0.09099715480597831,incumbent_dimension_history,macro_regime_v1_bps120_sources,artifacts/regime/runs/macro_regime_v1_bps120_sources/dimension_scores.parquet
alameda_county_ca__county,2019-03-31,price,-0.5256932227829849,ma12_price_family_challenger,price_family_ma12_structural_linked,artifacts/regime/comparisons/price_family_structural_windows/price_family_ma12_structural_linked/phase2_chronology/chronology_monthly.csv
alameda_county_ca__county,2019-04-30,affordability,0.1015832815832815,ma12_price_family_challenger,price_family_ma12_structural_linked,artifacts/regime/comparisons/price_family_structural_windows/price_family_ma12_structural_linked/phase2_chronology/chronology_monthly.csv
alameda_county_ca__county,2019-04-30,capital_markets,0.10875448771057716,incumbent_dimension_history,macro_regime_v1_bps120_sources,artifacts/regime/runs/macro_regime_v1_bps120_sources/dimension_scores.parquet
alameda_county_ca__county,2019-04-30,demand,0.07683048813931169,incumbent_dimension_history,macro_regime_v1_bps120_sources,artifacts/regime/runs/macro_regime_v1_bps120_sources/dimension_scores.parquet
alameda_county_ca__county,2019-04-30,price,-0.5950633150633151,ma12_price_family_challenger,price_family_ma12_structural_linked,artifacts/regime/comparisons/price_family_structural_windows/price_family_ma12_structural_linked/phase2_chronology/chronology_monthly.csv
alameda_county_ca__county,2019-05-31,affordability,0.1506993006993007,ma12_price_family_challenger,price_family_ma12_structural_linked,artifacts/regime/comparisons/price_family_structural_windows/price_family_ma12_structural_linked/phase2_chronology/chronology_monthly.csv
alameda_county_ca__county,2019-05-31,capital_markets,0.2033343430762785,incumbent_dimension_history,macro_regime_v1_bps120_sources,artifacts/regime/runs/macro_regime_v1_bps120_sources/dimension_scores.parquet
alameda_county_ca__county,2019-05-31,demand,0.10377493258375609,incumbent_dimension_history,macro_regime_v1_bps120_sources,artifacts/regime/runs/macro_regime_v1_bps120_sources/dimension_scores.parquet
alameda_county_ca__county,2019-05-31,price,-0.602853146853147,ma12_price_family_challenger,price_family_ma12_structural_linked,artifacts/regime/comparisons/price_family_structural_windows/price_family_ma12_structural_linked/phase2_chronology/chronology_monthly.csv
alameda_county_ca__county,2019-06-30,affordability,0.2831028070838346,ma12_price_family_challenger,price_family_ma12_structural_linked,artifacts/regime/comparisons/price_family_structural_windows/price_family_ma12_structural_linked/phase2_chronology/chronology_monthly.csv
alameda_county_ca__county,2019-06-30,capital_markets,0.38192584780810584,incumbent_dimension_history,macro_regime_v1_bps120_sources,artifacts/regime/runs/macro_regime_v1_bps120_sources/dimension_scores.parquet
alameda_county_ca__county,2019-06-30,demand,0.03419159925042277,incumbent_dimension_history,macro_regime_v1_bps120_sources,artifacts/regime/runs/macro_regime_v1_bps120_sources/dimension_scores.parquet
alameda_county_ca__county,2019-06-30,price,-0.6180397148169877,ma12_price_family_challenger,price_family_ma12_structural_linked,artifacts/regime/comparisons/price_family_structural_windows/price_family_ma12_structural_linked/phase2_chronology/chronology_monthly.csv
alameda_county_ca__county,2019-07-31,affordability,0.3137414056531704,ma12_price_family_challenger,price_family_ma12_structural_linked,artifacts/regime/comparisons/price_family_structural_windows/price_family_ma12_structural_linked/phase2_chronology/chronology_monthly.csv
alameda_county_ca__county,2019-07-31,capital_markets,0.26808927334470933,incumbent_dimension_history,macro_regime_v1_bps120_sources,artifacts/regime/runs/macro_regime_v1_bps120_sources/dimension_scores.parquet
alameda_county_ca__county,2019-07-31,demand,0.20196937702820048,incumbent_dimension_history,macro_regime_v1_bps120_sources,artifacts/regime/runs/macro_regime_v1_bps120_sources/dimension_scores.parquet
alameda_county_ca__county,2019-07-31,price,-0.6201508785332315,ma12_price_family_challenger,price_family_ma12_structural_linked,artifacts/regime/comparisons/price_family_structural_windows/price_family_ma12_structural_linked/phase2_chronology/chronology_monthly.csv
alameda_county_ca__county,2019-08-31,affordability,0.4272017837235229,ma12_price_family_challenger,price_family_ma12_structural_linked,artifacts/regime/comparisons/price_family_structural_windows/price_family_ma12_structural_linked/phase2_chronology/chronology_monthly.csv
alameda_county_ca__county,2019-08-31,capital_markets,0.5435446627473026,incumbent_dimension_history,macro_regime_v1_bps120_sources,artifacts/regime/runs/macro_regime_v1_bps120_sources/dimension_scores.parquet
alameda_county_ca__county,2019-08-31,demand,0.07752493258375612,incumbent_dimension_history,macro_regime_v1_bps120_sources,artifacts/regime/runs/macro_regime_v1_bps120_sources/dimension_scores.parquet
alameda_county_ca__county,2019-08-31,price,-0.6146166233122754,ma12_price_family_challenger,price_family_ma12_structural_linked,artifacts/regime/comparisons/price_family_structural_windows/price_family_ma12_structural_linked/phase2_chronology/chronology_monthly.csv
alameda_county_ca__county,2019-09-30,affordability,0.4211136594186919,ma12_price_family_challenger,price_family_ma12_structural_linked,artifacts/regime/comparisons/price_family_structural_windows/price_family_ma12_structural_linked/phase2_chronology/chronology_monthly.csv
alameda_county_ca__county,2019-09-30,capital_markets,0.39199693755696685,incumbent_dimension_history,macro_regime_v1_bps120_sources,artifacts/regime/runs/macro_regime_v1_bps120_sources/dimension_scores.parquet
alameda_county_ca__county,2019-09-30,demand,0.278913821472645,incumbent_dimension_history,macro_regime_v1_bps120_sources,artifacts/regime/runs/macro_regime_v1_bps120_sources/dimension_scores.parquet
alameda_county_ca__county,2019-09-30,price,-0.5990993692938738,ma12_price_family_challenger,price_family_ma12_structural_linked,artifacts/regime/comparisons/price_family_structural_windows/price_family_ma12_structural_linked/phase2_chronology/chronology_monthly.csv
alameda_county_ca__county,2019-10-31,affordability,0.3263083319192262,ma12_price_family_challenger,price_family_ma12_structural_linked,artifacts/regime/comparisons/price_family_structural_windows/price_family_ma12_structural_linked/phase2_chronology/chronology_monthly.csv
alameda_county_ca__county,2019-10-31,capital_markets,0.23175831208567055,incumbent_dimension_history,macro_regime_v1_bps120_sources,artifacts/regime/runs/macro_regime_v1_bps120_sources/dimension_scores.parquet
alameda_county_ca__county,2019-10-31,demand,0.061691599250422745,incumbent_dimension_history,macro_regime_v1_bps120_sources,artifacts/regime/runs/macro_regime_v1_bps120_sources/dimension_scores.parquet
alameda_county_ca__county,2019-10-31,price,-0.5891540811131852,ma12_price_family_challenger,price_family_ma12_structural_linked,artifacts/regime/comparisons/price_family_structural_windows/price_family_ma12_structural_linked/phase2_chronology/chronology_monthly.csv
alameda_county_ca__county,2019-11-30,affordability,0.3022927689594356,ma12_price_family_challenger,price_family_ma12_structural_linked,artifacts/regime/comparisons/price_family_structural_windows/price_family_ma12_structural_linked/phase2_chronology/chronology_monthly.csv
alameda_county_ca__county,2019-11-30,capital_markets,0.25703159625244903,incumbent_dimension_history,macro_regime_v1_bps120_sources,artifacts/regime/runs/macro_regime_v1_bps120_sources/dimension_scores.parquet
alameda_county_ca__county,2019-11-30,demand,0.09294159925042277,incumbent_dimension_history,macro_regime_v1_bps120_sources,artifacts/regime/runs/macro_regime_v1_bps120_sources/dimension_scores.parquet
alameda_county_ca__county,2019-11-30,price,-0.5865961199294533,ma12_price_family_challenger,price_family_ma12_structural_linked,artifacts/regime/comparisons/price_family_structural_windows/price_family_ma12_structural_linked/phase2_chronology/chronology_monthly.csv
alameda_county_ca__county,2019-12-31,affordability,0.6657298402154046,ma12_price_family_challenger,price_family_ma12_structural_linked,artifacts/regime/comparisons/price_family_structural_windows/price_family_ma12_structural_linked/phase2_chronology/chronology_monthly.csv
alameda_county_ca__county,2019-12-31,capital_markets,0.08276816195077065,incumbent_dimension_history,macro_regime_v1_bps120_sources,artifacts/regime/runs/macro_regime_v1_bps120_sources/dimension_scores.parquet
alameda_county_ca__county,2019-12-31,demand,0.1770833333333333,incumbent_dimension_history,macro_regime_v1_bps120_sources,artifacts/regime/runs/macro_regime_v1_bps120_sources/dimension_scores.parquet
alameda_county_ca__county,2019-12-31,price,-0.5426434228887012,ma12_price_family_challenger,price_family_ma12_structural_linked,artifacts/regime/comparisons/price_family_structural_windows/price_family_ma12_structural_linked/phase2_chronology/chronology_monthly.csv
alameda_county_ca__county,2020-01-31,affordability,0.6681506667777333,ma12_price_family_challenger,price_family_ma12_structural_linked,artifacts/regime/comparisons/price_family_structural_windows/price_family_ma12_structural_linked/phase2_chronology/chronology_monthly.csv
alameda_county_ca__county,2020-01-31,capital_markets,0.3561668931353651,incumbent_dimension_history,macro_regime_v1_bps120_sources,artifacts/regime/runs/macro_regime_v1_bps120_sources/dimension_scores.parquet
alameda_county_ca__county,2020-01-31,demand,-0.04069444444444443,incumbent_dimension_history,macro_regime_v1_bps120_sources,artifacts/regime/runs/macro_regime_v1_bps120_sources/dimension_scores.parquet
alameda_county_ca__county,2020-01-31,price,-0.481215118172249,ma12_price_family_challenger,price_family_ma12_structural_linked,artifacts/regime/comparisons/price_family_structural_windows/price_family_ma12_structural_linked/phase2_chronology/chronology_monthly.csv
alameda_county_ca__county,2020-02-29,affordability,0.6737931034482758,ma12_price_family_challenger,price_family_ma12_structural_linked,artifacts/regime/comparisons/price_family_structural_windows/price_family_ma12_structural_linked/phase2_chronology/chronology_monthly.csv
alameda_county_ca__county,2020-02-29,capital_markets,0.524769426746576,incumbent_dimension_history,macro_regime_v1_bps120_sources,artifacts/regime/runs/macro_regime_v1_bps120_sources/dimension_scores.parquet
alameda_county_ca__county,2020-02-29,demand,0.25166666666666665,incumbent_dimension_history,macro_regime_v1_bps120_sources,artifacts/regime/runs/macro_regime_v1_bps120_sources/dimension_scores.parquet
alameda_county_ca__county,2020-02-29,price,-0.4384564860426929,ma12_price_family_challenger,price_family_ma12_structural_linked,artifacts/regime/comparisons/price_family_structural_windows/price_family_ma12_structural_linked/phase2_chronology/chronology_monthly.csv
alameda_county_ca__county,2020-03-31,affordability,0.580819729805798,ma12_price_family_challenger,price_family_ma12_structural_linked,artifacts/regime/comparisons/price_family_structural_windows/price_family_ma12_structural_linked/phase2_chronology/chronology_monthly.csv
alameda_county_ca__county,2020-03-31,capital_markets,0.3312751402112951,incumbent_dimension_history,macro_regime_v1_bps120_sources,artifacts/regime/runs/macro_regime_v1_bps120_sources/dimension_scores.parquet
alameda_county_ca__county,2020-03-31,demand,-0.20716666666666667,incumbent_dimension_history,macro_regime_v1_bps120_sources,artifacts/regime/runs/macro_regime_v1_bps120_sources/dimension_scores.parquet
alameda_county_ca__county,2020-03-31,price,-0.4158474528567407,ma12_price_family_challenger,price_family_ma12_structural_linked,artifacts/regime/comparisons/price_family_structural_windows/price_family_ma12_structural_linked/phase2_chronology/chronology_monthly.csv
alameda_county_ca__county,2020-04-30,affordability,0.5604189643646137,ma12_price_family_challenger,price_family_ma12_structural_linked,artifacts/regime/comparisons/price_family_structural_windows/price_family_ma12_structural_linked/phase2_chronology/chronology_monthly.csv
alameda_county_ca__county,2020-04-30,capital_markets,0.493522656861211,incumbent_dimension_history,macro_regime_v1_bps120_sources,artifacts/regime/runs/macro_regime_v1_bps120_sources/dimension_scores.parquet
alameda_county_ca__county,2020-04-30,demand,-0.3073611111111112,incumbent_dimension_history,macro_regime_v1_bps120_sources,artifacts/regime/runs/macro_regime_v1_bps120_sources/dimension_scores.parquet
alameda_county_ca__county,2020-04-30,price,-0.3712791138832424,ma12_price_family_challenger,price_family_ma12_structural_linked,artifacts/regime/comparisons/price_family_structural_windows/price_family_ma12_structural_linked/phase2_chronology/chronology_monthly.csv
alameda_county_ca__county,2020-05-31,affordability,0.5424255820807546,ma12_price_family_challenger,price_family_ma12_structural_linked,artifacts/regime/comparisons/price_family_structural_windows/price_family_ma12_structural_linked/phase2_chronology/chronology_monthly.csv
alameda_county_ca__county,2020-05-31,capital_markets,0.3473867402389158,incumbent_dimension_history,macro_regime_v1_bps120_sources,artifacts/regime/runs/macro_regime_v1_bps120_sources/dimension_scores.parquet
alameda_county_ca__county,2020-05-31,demand,-0.18461111111111111,incumbent_dimension_history,macro_regime_v1_bps120_sources,artifacts/regime/runs/macro_regime_v1_bps120_sources/dimension_scores.parquet
alameda_county_ca__county,2020-05-31,price,-0.3707709991158267,ma12_price_family_challenger,price_family_ma12_structural_linked,artifacts/regime/comparisons/price_family_structural_windows/price_family_ma12_structural_linked/phase2_chronology/chronology_monthly.csv
alameda_county_ca__county,2020-06-30,affordability,0.5182263938593052,ma12_price_family_challenger,price_family_ma12_structural_linked,artifacts/regime/comparisons/price_family_structural_windows/price_family_ma12_structural_linked/phase2_chronology/chronology_monthly.csv
alameda_county_ca__county,2020-06-30,capital_markets,0.3064470114715624,incumbent_dimension_history,macro_regime_v1_bps120_sources,artifacts/regime/runs/macro_regime_v1_bps120_sources/dimension_scores.parquet
alameda_county_ca__county,2020-06-30,demand,0.048083333333333304,incumbent_dimension_history,macro_regime_v1_bps120_sources,artifacts/regime/runs/macro_regime_v1_bps120_sources/dimension_scores.parquet
alameda_county_ca__county,2020-06-30,price,-0.3450031993323132,ma12_price_family_challenger,price_family_ma12_structural_linked,artifacts/regime/comparisons/price_family_structural_windows/price_family_ma12_structural_linked/phase2_chronology/chronology_monthly.csv
alameda_county_ca__county,2020-07-31,affordability,0.5234581094284319,ma12_price_family_challenger,price_family_ma12_structural_linked,artifacts/regime/comparisons/price_family_structural_windows/price_family_ma12_structural_linked/phase2_chronology/chronology_monthly.csv
alameda_county_ca__county,2020-07-31,capital_markets,0.567998939864643,incumbent_dimension_history,macro_regime_v1_bps120_sources,artifacts/regime/runs/macro_regime_v1_bps120_sources/dimension_scores.parquet
alameda_county_ca__county,2020-07-31,demand,-0.027500000000000017,incumbent_dimension_history,macro_regime_v1_bps120_sources,artifacts/regime/runs/macro_regime_v1_bps120_sources/dimension_scores.parquet
alameda_county_ca__county,2020-07-31,price,-0.3486629213483146,ma12_price_family_challenger,price_family_ma12_structural_linked,artifacts/regime/comparisons/price_family_structural_windows/price_family_ma12_structural_linked/phase2_chronology/chronology_monthly.csv
alameda_county_ca__county,2020-08-31,affordability,0.4650418160095579,ma12_price_family_challenger,price_family_ma12_structural_linked,artifacts/regime/comparisons/price_family_structural_windows/price_family_ma12_structural_linked/phase2_chronology/chronology_monthly.csv
alameda_county_ca__county,2020-08-31,capital_markets,0.33162758286446936,incumbent_dimension_history,macro_regime_v1_bps120_sources,artifacts/regime/runs/macro_regime_v1_bps120_sources/dimension_scores.parquet
alameda_county_ca__county,2020-08-31,demand,-0.03283333333333337,incumbent_dimension_history,macro_regime_v1_bps120_sources,artifacts/regime/runs/macro_regime_v1_bps120_sources/dimension_scores.parquet
alameda_county_ca__county,2020-08-31,price,-0.2785679012345678,ma12_price_family_challenger,price_family_ma12_structural_linked,artifacts/regime/comparisons/price_family_structural_windows/price_family_ma12_structural_linked/phase2_chronology/chronology_monthly.csv
alameda_county_ca__county,2020-09-30,affordability,0.3661667341480523,ma12_price_family_challenger,price_family_ma12_structural_linked,artifacts/regime/comparisons/price_family_structural_windows/price_family_ma12_structural_linked/phase2_chronology/chronology_monthly.csv
alameda_county_ca__county,2020-09-30,capital_markets,0.36755715741443873,incumbent_dimension_history,macro_regime_v1_bps120_sources,artifacts/regime/runs/macro_regime_v1_bps120_sources/dimension_scores.parquet
alameda_county_ca__county,2020-09-30,demand,-0.09013888888888892,incumbent_dimension_history,macro_regime_v1_bps120_sources,artifacts/regime/runs/macro_regime_v1_bps120_sources/dimension_scores.parquet
alameda_county_ca__county,2020-09-30,price,-0.1934398284642187,ma12_price_family_challenger,price_family_ma12_structural_linked,artifacts/regime/comparisons/price_family_structural_windows/price_family_ma12_structural_linked/phase2_chronology/chronology_monthly.csv
alameda_county_ca__county,2020-10-31,affordability,0.3213048992307905,ma12_price_family_challenger,price_family_ma12_structural_linked,artifacts/regime/comparisons/price_family_structural_windows/price_family_ma12_structural_linked/phase2_chronology/chronology_monthly.csv
alameda_county_ca__county,2020-10-31,capital_markets,0.3193984802121583,incumbent_dimension_history,macro_regime_v1_bps120_sources,artifacts/regime/runs/macro_regime_v1_bps120_sources/dimension_scores.parquet
alameda_county_ca__county,2020-10-31,demand,-0.010277777777777787,incumbent_dimension_history,macro_regime_v1_bps120_sources,artifacts/regime/runs/macro_regime_v1_bps120_sources/dimension_scores.parquet
alameda_county_ca__county,2020-10-31,price,-0.1092383446830801,ma12_price_family_challenger,price_family_ma12_structural_linked,artifacts/regime/comparisons/price_family_structural_windows/price_family_ma12_structural_linked/phase2_chronology/chronology_monthly.csv
alameda_county_ca__county,2020-11-30,affordability,0.2377880184331797,ma12_price_family_challenger,price_family_ma12_structural_linked,artifacts/regime/comparisons/price_family_structural_windows/price_family_ma12_structural_linked/phase2_chronology/chronology_monthly.csv
alameda_county_ca__county,2020-11-30,capital_markets,0.29871249733860233,incumbent_dimension_history,macro_regime_v1_bps120_sources,artifacts/regime/runs/macro_regime_v1_bps120_sources/dimension_scores.parquet
alameda_county_ca__county,2020-11-30,demand,-0.13838888888888887,incumbent_dimension_history,macro_regime_v1_bps120_sources,artifacts/regime/runs/macro_regime_v1_bps120_sources/dimension_scores.parquet
alameda_county_ca__county,2020-11-30,price,-0.0187465437788018,ma12_price_family_challenger,price_family_ma12_structural_linked,artifacts/regime/comparisons/price_family_structural_windows/price_family_ma12_structural_linked/phase2_chronology/chronology_monthly.csv
alameda_county_ca__county,2020-12-31,affordability,-0.2239779105324955,ma12_price_family_challenger,price_family_ma12_structural_linked,artifacts/regime/comparisons/price_family_structural_windows/price_family_ma12_structural_linked/phase2_chronology/chronology_monthly.csv
alameda_county_ca__county,2020-12-31,capital_markets,0.32831317668076687,incumbent_dimension_history,macro_regime_v1_bps120_sources,artifacts/regime/runs/macro_regime_v1_bps120_sources/dimension_scores.parquet
alameda_county_ca__county,2020-12-31,demand,-0.3771074329866899,incumbent_dimension_history,macro_regime_v1_bps120_sources,artifacts/regime/runs/macro_regime_v1_bps120_sources/dimension_scores.parquet
alameda_county_ca__county,2020-12-31,price,-0.0153141426783479,ma12_price_family_challenger,price_family_ma12_structural_linked,artifacts/regime/comparisons/price_family_structural_windows/price_family_ma12_structural_linked/phase2_chronology/chronology_monthly.csv
alameda_county_ca__county,2021-01-31,affordability,-0.3232955311867708,ma12_price_family_challenger,price_family_ma12_structural_linked,artifacts/regime/comparisons/price_family_structural_windows/price_family_ma12_structural_linked/phase2_chronology/chronology_monthly.csv
alameda_county_ca__county,2021-01-31,capital_markets,0.15257421499592008,incumbent_dimension_history,macro_regime_v1_bps120_sources,artifacts/regime/runs/macro_regime_v1_bps120_sources/dimension_scores.parquet
alameda_county_ca__county,2021-01-31,demand,-0.4441907663200233,incumbent_dimension_history,macro_regime_v1_bps120_sources,artifacts/regime/runs/macro_regime_v1_bps120_sources/dimension_scores.parquet
alameda_county_ca__county,2021-01-31,price,0.1254002447980416,ma12_price_family_challenger,price_family_ma12_structural_linked,artifacts/regime/comparisons/price_family_structural_windows/price_family_ma12_structural_linked/phase2_chronology/chronology_monthly.csv
alameda_county_ca__county,2021-02-28,affordability,-0.4496190351793799,ma12_price_family_challenger,price_family_ma12_structural_linked,artifacts/regime/comparisons/price_family_structural_windows/price_family_ma12_structural_linked/phase2_chronology/chronology_monthly.csv
alameda_county_ca__county,2021-02-28,capital_markets,0.1853451061133988,incumbent_dimension_history,macro_regime_v1_bps120_sources,artifacts/regime/runs/macro_regime_v1_bps120_sources/dimension_scores.parquet
alameda_county_ca__county,2021-02-28,demand,-0.23641298854224554,incumbent_dimension_history,macro_regime_v1_bps120_sources,artifacts/regime/runs/macro_regime_v1_bps120_sources/dimension_scores.parquet
alameda_county_ca__county,2021-02-28,price,0.2301954022988505,ma12_price_family_challenger,price_family_ma12_structural_linked,artifacts/regime/comparisons/price_family_structural_windows/price_family_ma12_structural_linked/phase2_chronology/chronology_monthly.csv
alameda_county_ca__county,2021-03-31,affordability,-0.5654826616682287,ma12_price_family_challenger,price_family_ma12_structural_linked,artifacts/regime/comparisons/price_family_structural_windows/price_family_ma12_structural_linked/phase2_chronology/chronology_monthly.csv
alameda_county_ca__county,2021-03-31,capital_markets,-0.0082065742167437,incumbent_dimension_history,macro_regime_v1_bps120_sources,artifacts/regime/runs/macro_regime_v1_bps120_sources/dimension_scores.parquet
alameda_county_ca__county,2021-03-31,demand,-0.22691298854224554,incumbent_dimension_history,macro_regime_v1_bps120_sources,artifacts/regime/runs/macro_regime_v1_bps120_sources/dimension_scores.parquet
alameda_county_ca__county,2021-03-31,price,0.367415182755389,ma12_price_family_challenger,price_family_ma12_structural_linked,artifacts/regime/comparisons/price_family_structural_windows/price_family_ma12_structural_linked/phase2_chronology/chronology_monthly.csv
alameda_county_ca__county,2021-04-30,affordability,-0.6331441262677059,ma12_price_family_challenger,price_family_ma12_structural_linked,artifacts/regime/comparisons/price_family_structural_windows/price_family_ma12_structural_linked/phase2_chronology/chronology_monthly.csv
alameda_county_ca__county,2021-04-30,capital_markets,0.10937746728678187,incumbent_dimension_history,macro_regime_v1_bps120_sources,artifacts/regime/runs/macro_regime_v1_bps120_sources/dimension_scores.parquet
alameda_county_ca__county,2021-04-30,demand,-0.16269076632002327,incumbent_dimension_history,macro_regime_v1_bps120_sources,artifacts/regime/runs/macro_regime_v1_bps120_sources/dimension_scores.parquet
alameda_county_ca__county,2021-04-30,price,0.4298454482916762,ma12_price_family_challenger,price_family_ma12_structural_linked,artifacts/regime/comparisons/price_family_structural_windows/price_family_ma12_structural_linked/phase2_chronology/chronology_monthly.csv
alameda_county_ca__county,2021-05-31,affordability,-0.6969251336898397,ma12_price_family_challenger,price_family_ma12_structural_linked,artifacts/regime/comparisons/price_family_structural_windows/price_family_ma12_structural_linked/phase2_chronology/chronology_monthly.csv
alameda_county_ca__county,2021-05-31,capital_markets,0.2909234619581376,incumbent_dimension_history,macro_regime_v1_bps120_sources,artifacts/regime/runs/macro_regime_v1_bps120_sources/dimension_scores.parquet
alameda_county_ca__county,2021-05-31,demand,0.09958701145775448,incumbent_dimension_history,macro_regime_v1_bps120_sources,artifacts/regime/runs/macro_regime_v1_bps120_sources/dimension_scores.parquet
alameda_county_ca__county,2021-05-31,price,0.6166060606060606,ma12_price_family_challenger,price_family_ma12_structural_linked,artifacts/regime/comparisons/price_family_structural_windows/price_family_ma12_structural_linked/phase2_chronology/chronology_monthly.csv
alameda_county_ca__county,2021-06-30,affordability,-0.7519785554251573,ma12_price_family_challenger,price_family_ma12_structural_linked,artifacts/regime/comparisons/price_family_structural_windows/price_family_ma12_structural_linked/phase2_chronology/chronology_monthly.csv
alameda_county_ca__county,2021-06-30,capital_markets,0.14086842688658333,incumbent_dimension_history,macro_regime_v1_bps120_sources,artifacts/regime/runs/macro_regime_v1_bps120_sources/dimension_scores.parquet
alameda_county_ca__county,2021-06-30,demand,-0.12107965520891219,incumbent_dimension_history,macro_regime_v1_bps120_sources,artifacts/regime/runs/macro_regime_v1_bps120_sources/dimension_scores.parquet
alameda_county_ca__county,2021-06-30,price,0.7165714285714286,ma12_price_family_challenger,price_family_ma12_structural_linked,artifacts/regime/comparisons/price_family_structural_windows/price_family_ma12_structural_linked/phase2_chronology/chronology_monthly.csv
alameda_county_ca__county,2021-07-31,affordability,-0.7702918142984867,ma12_price_family_challenger,price_family_ma12_structural_linked,artifacts/regime/comparisons/price_family_structural_windows/price_family_ma12_structural_linked/phase2_chronology/chronology_monthly.csv
alameda_county_ca__county,2021-07-31,capital_markets,0.2622755914435472,incumbent_dimension_history,macro_regime_v1_bps120_sources,artifacts/regime/runs/macro_regime_v1_bps120_sources/dimension_scores.parquet
alameda_county_ca__county,2021-07-31,demand,0.06489256701331003,incumbent_dimension_history,macro_regime_v1_bps120_sources,artifacts/regime/runs/macro_regime_v1_bps120_sources/dimension_scores.parquet
alameda_county_ca__county,2021-07-31,price,0.7835591907016789,ma12_price_family_challenger,price_family_ma12_structural_linked,artifacts/regime/comparisons/price_family_structural_windows/price_family_ma12_structural_linked/phase2_chronology/chronology_monthly.csv
alameda_county_ca__county,2021-08-31,affordability,-0.7765848920213247,ma12_price_family_challenger,price_family_ma12_structural_linked,artifacts/regime/comparisons/price_family_structural_windows/price_family_ma12_structural_linked/phase2_chronology/chronology_monthly.csv
alameda_county_ca__county,2021-08-31,capital_markets,0.17363745263511268,incumbent_dimension_history,macro_regime_v1_bps120_sources,artifacts/regime/runs/macro_regime_v1_bps120_sources/dimension_scores.parquet
alameda_county_ca__county,2021-08-31,demand,-0.08344076632002327,incumbent_dimension_history,macro_regime_v1_bps120_sources,artifacts/regime/runs/macro_regime_v1_bps120_sources/dimension_scores.parquet
alameda_county_ca__county,2021-08-31,price,0.7790487033523088,ma12_price_family_challenger,price_family_ma12_structural_linked,artifacts/regime/comparisons/price_family_structural_windows/price_family_ma12_structural_linked/phase2_chronology/chronology_monthly.csv
alameda_county_ca__county,2021-09-30,affordability,-0.7996780058696745,ma12_price_family_challenger,price_family_ma12_structural_linked,artifacts/regime/comparisons/price_family_structural_windows/price_family_ma12_structural_linked/phase2_chronology/chronology_monthly.csv
alameda_county_ca__county,2021-09-30,capital_markets,-0.044646294171747127,incumbent_dimension_history,macro_regime_v1_bps120_sources,artifacts/regime/runs/macro_regime_v1_bps120_sources/dimension_scores.parquet
alameda_county_ca__county,2021-09-30,demand,0.02969812256886557,incumbent_dimension_history,macro_regime_v1_bps120_sources,artifacts/regime/runs/macro_regime_v1_bps120_sources/dimension_scores.parquet
alameda_county_ca__county,2021-09-30,price,0.7622053294773807,ma12_price_family_challenger,price_family_ma12_structural_linked,artifacts/regime/comparisons/price_family_structural_windows/price_family_ma12_structural_linked/phase2_chronology/chronology_monthly.csv
alameda_county_ca__county,2021-10-31,affordability,-0.8550257293124977,ma12_price_family_challenger,price_family_ma12_structural_linked,artifacts/regime/comparisons/price_family_structural_windows/price_family_ma12_structural_linked/phase2_chronology/chronology_monthly.csv
alameda_county_ca__county,2021-10-31,capital_markets,-0.15682188499726496,incumbent_dimension_history,macro_regime_v1_bps120_sources,artifacts/regime/runs/macro_regime_v1_bps120_sources/dimension_scores.parquet
alameda_county_ca__county,2021-10-31,demand,-0.02232965520891221,incumbent_dimension_history,macro_regime_v1_bps120_sources,artifacts/regime/runs/macro_regime_v1_bps120_sources/dimension_scores.parquet
alameda_county_ca__county,2021-10-31,price,0.7495222672064777,ma12_price_family_challenger,price_family_ma12_structural_linked,artifacts/regime/comparisons/price_family_structural_windows/price_family_ma12_structural_linked/phase2_chronology/chronology_monthly.csv
alameda_county_ca__county,2021-11-30,affordability,-0.8468617724867725,ma12_price_family_challenger,price_family_ma12_structural_linked,artifacts/regime/comparisons/price_family_structural_windows/price_family_ma12_structural_linked/phase2_chronology/chronology_monthly.csv
alameda_county_ca__county,2021-11-30,capital_markets,0.050292056947623676,incumbent_dimension_history,macro_regime_v1_bps120_sources,artifacts/regime/runs/macro_regime_v1_bps120_sources/dimension_scores.parquet
alameda_county_ca__county,2021-11-30,demand,0.11489256701331003,incumbent_dimension_history,macro_regime_v1_bps120_sources,artifacts/regime/runs/macro_regime_v1_bps120_sources/dimension_scores.parquet
alameda_county_ca__county,2021-11-30,price,0.7367142857142858,ma12_price_family_challenger,price_family_ma12_structural_linked,artifacts/regime/comparisons/price_family_structural_windows/price_family_ma12_structural_linked/phase2_chronology/chronology_monthly.csv
alameda_county_ca__county,2021-12-31,affordability,-0.5543111770993756,ma12_price_family_challenger,price_family_ma12_structural_linked,artifacts/regime/comparisons/price_family_structural_windows/price_family_ma12_structural_linked/phase2_chronology/chronology_monthly.csv
alameda_county_ca__county,2021-12-31,capital_markets,0.07384805940534528,incumbent_dimension_history,macro_regime_v1_bps120_sources,artifacts/regime/runs/macro_regime_v1_bps120_sources/dimension_scores.parquet
alameda_county_ca__county,2021-12-31,demand,0.24070631030189854,incumbent_dimension_history,macro_regime_v1_bps120_sources,artifacts/regime/runs/macro_regime_v1_bps120_sources/dimension_scores.parquet
alameda_county_ca__county,2021-12-31,price,0.7087018089865785,ma12_price_family_challenger,price_family_ma12_structural_linked,artifacts/regime/comparisons/price_family_structural_windows/price_family_ma12_structural_linked/phase2_chronology/chronology_monthly.csv
alameda_county_ca__county,2022-01-31,affordability,-0.6174639779446187,ma12_price_family_challenger,price_family_ma12_structural_linked,artifacts/regime/comparisons/price_family_structural_windows/price_family_ma12_structural_linked/phase2_chronology/chronology_monthly.csv
alameda_county_ca__county,2022-01-31,capital_markets,-0.19335421523448088,incumbent_dimension_history,macro_regime_v1_bps120_sources,artifacts/regime/runs/macro_regime_v1_bps120_sources/dimension_scores.parquet
alameda_county_ca__county,2022-01-31,demand,0.14820631030189854,incumbent_dimension_history,macro_regime_v1_bps120_sources,artifacts/regime/runs/macro_regime_v1_bps120_sources/dimension_scores.parquet
alameda_county_ca__county,2022-01-31,price,0.6397535761968338,ma12_price_family_challenger,price_family_ma12_structural_linked,artifacts/regime/comparisons/price_family_structural_windows/price_family_ma12_structural_linked/phase2_chronology/chronology_monthly.csv
alameda_county_ca__county,2022-02-28,affordability,-0.718008918008918,ma12_price_family_challenger,price_family_ma12_structural_linked,artifacts/regime/comparisons/price_family_structural_windows/price_family_ma12_structural_linked/phase2_chronology/chronology_monthly.csv
alameda_county_ca__county,2022-02-28,capital_markets,-0.16288793093639778,incumbent_dimension_history,macro_regime_v1_bps120_sources,artifacts/regime/runs/macro_regime_v1_bps120_sources/dimension_scores.parquet
alameda_county_ca__county,2022-02-28,demand,0.36778964363523187,incumbent_dimension_history,macro_regime_v1_bps120_sources,artifacts/regime/runs/macro_regime_v1_bps120_sources/dimension_scores.parquet
alameda_county_ca__county,2022-02-28,price,0.6926329966329967,ma12_price_family_challenger,price_family_ma12_structural_linked,artifacts/regime/comparisons/price_family_structural_windows/price_family_ma12_structural_linked/phase2_chronology/chronology_monthly.csv
alameda_county_ca__county,2022-03-31,affordability,-0.8679633027522935,ma12_price_family_challenger,price_family_ma12_structural_linked,artifacts/regime/comparisons/price_family_structural_windows/price_family_ma12_structural_linked/phase2_chronology/chronology_monthly.csv
alameda_county_ca__county,2022-03-31,capital_markets,-0.36424593138293093,incumbent_dimension_history,macro_regime_v1_bps120_sources,artifacts/regime/runs/macro_regime_v1_bps120_sources/dimension_scores.parquet
alameda_county_ca__county,2022-03-31,demand,0.3645951991907875,incumbent_dimension_history,macro_regime_v1_bps120_sources,artifacts/regime/runs/macro_regime_v1_bps120_sources/dimension_scores.parquet
alameda_county_ca__county,2022-03-31,price,0.7471926605504589,ma12_price_family_challenger,price_family_ma12_structural_linked,artifacts/regime/comparisons/price_family_structural_windows/price_family_ma12_structural_linked/phase2_chronology/chronology_monthly.csv
alameda_county_ca__county,2022-04-30,affordability,-0.8910783078307831,ma12_price_family_challenger,price_family_ma12_structural_linked,artifacts/regime/comparisons/price_family_structural_windows/price_family_ma12_structural_linked/phase2_chronology/chronology_monthly.csv
alameda_county_ca__county,2022-04-30,capital_markets,-0.5739686970234575,incumbent_dimension_history,macro_regime_v1_bps120_sources,artifacts/regime/runs/macro_regime_v1_bps120_sources/dimension_scores.parquet
alameda_county_ca__county,2022-04-30,demand,0.14090075474634298,incumbent_dimension_history,macro_regime_v1_bps120_sources,artifacts/regime/runs/macro_regime_v1_bps120_sources/dimension_scores.parquet
alameda_county_ca__county,2022-04-30,price,0.7786102610261028,ma12_price_family_challenger,price_family_ma12_structural_linked,artifacts/regime/comparisons/price_family_structural_windows/price_family_ma12_structural_linked/phase2_chronology/chronology_monthly.csv
alameda_county_ca__county,2022-05-31,affordability,-0.8688897721250662,ma12_price_family_challenger,price_family_ma12_structural_linked,artifacts/regime/comparisons/price_family_structural_windows/price_family_ma12_structural_linked/phase2_chronology/chronology_monthly.csv
alameda_county_ca__county,2022-05-31,capital_markets,-0.5884152933153323,incumbent_dimension_history,macro_regime_v1_bps120_sources,artifacts/regime/runs/macro_regime_v1_bps120_sources/dimension_scores.parquet
alameda_county_ca__county,2022-05-31,demand,0.35631742141300965,incumbent_dimension_history,macro_regime_v1_bps120_sources,artifacts/regime/runs/macro_regime_v1_bps120_sources/dimension_scores.parquet
alameda_county_ca__county,2022-05-31,price,0.697854795972443,ma12_price_family_challenger,price_family_ma12_structural_linked,artifacts/regime/comparisons/price_family_structural_windows/price_family_ma12_structural_linked/phase2_chronology/chronology_monthly.csv
alameda_county_ca__county,2022-06-30,affordability,-0.8465180305131761,ma12_price_family_challenger,price_family_ma12_structural_linked,artifacts/regime/comparisons/price_family_structural_windows/price_family_ma12_structural_linked/phase2_chronology/chronology_monthly.csv
alameda_county_ca__county,2022-06-30,capital_markets,-0.5166919284467714,incumbent_dimension_history,macro_regime_v1_bps120_sources,artifacts/regime/runs/macro_regime_v1_bps120_sources/dimension_scores.parquet
alameda_county_ca__county,2022-06-30,demand,0.08473408807967632,incumbent_dimension_history,macro_regime_v1_bps120_sources,artifacts/regime/runs/macro_regime_v1_bps120_sources/dimension_scores.parquet
alameda_county_ca__county,2022-06-30,price,0.6049459084604715,ma12_price_family_challenger,price_family_ma12_structural_linked,artifacts/regime/comparisons/price_family_structural_windows/price_family_ma12_structural_linked/phase2_chronology/chronology_monthly.csv
alameda_county_ca__county,2022-07-31,affordability,-0.7479050374404357,ma12_price_family_challenger,price_family_ma12_structural_linked,artifacts/regime/comparisons/price_family_structural_windows/price_family_ma12_structural_linked/phase2_chronology/chronology_monthly.csv
alameda_county_ca__county,2022-07-31,capital_markets,-0.2810756444479432,incumbent_dimension_history,macro_regime_v1_bps120_sources,artifacts/regime/runs/macro_regime_v1_bps120_sources/dimension_scores.parquet
alameda_county_ca__county,2022-07-31,demand,0.17931742141300963,incumbent_dimension_history,macro_regime_v1_bps120_sources,artifacts/regime/runs/macro_regime_v1_bps120_sources/dimension_scores.parquet
alameda_county_ca__county,2022-07-31,price,0.2730251872021783,ma12_price_family_challenger,price_family_ma12_structural_linked,artifacts/regime/comparisons/price_family_structural_windows/price_family_ma12_structural_linked/phase2_chronology/chronology_monthly.csv
alameda_county_ca__county,2022-08-31,affordability,-0.5955876871666345,ma12_price_family_challenger,price_family_ma12_structural_linked,artifacts/regime/comparisons/price_family_structural_windows/price_family_ma12_structural_linked/phase2_chronology/chronology_monthly.csv
alameda_county_ca__county,2022-08-31,capital_markets,-0.3553548762011985,incumbent_dimension_history,macro_regime_v1_bps120_sources,artifacts/regime/runs/macro_regime_v1_bps120_sources/dimension_scores.parquet
alameda_county_ca__county,2022-08-31,demand,0.14820631030189854,incumbent_dimension_history,macro_regime_v1_bps120_sources,artifacts/regime/runs/macro_regime_v1_bps120_sources/dimension_scores.parquet
alameda_county_ca__county,2022-08-31,price,0.0747816978343294,ma12_price_family_challenger,price_family_ma12_structural_linked,artifacts/regime/comparisons/price_family_structural_windows/price_family_ma12_structural_linked/phase2_chronology/chronology_monthly.csv
alameda_county_ca__county,2022-09-30,affordability,-0.6597721388745985,ma12_price_family_challenger,price_family_ma12_structural_linked,artifacts/regime/comparisons/price_family_structural_windows/price_family_ma12_structural_linked/phase2_chronology/chronology_monthly.csv
alameda_county_ca__county,2022-09-30,capital_markets,-0.6166373916095734,incumbent_dimension_history,macro_regime_v1_bps120_sources,artifacts/regime/runs/macro_regime_v1_bps120_sources/dimension_scores.parquet
alameda_county_ca__county,2022-09-30,demand,0.22584519919078744,incumbent_dimension_history,macro_regime_v1_bps120_sources,artifacts/regime/runs/macro_regime_v1_bps120_sources/dimension_scores.parquet
alameda_county_ca__county,2022-09-30,price,-0.1563006632277082,ma12_price_family_challenger,price_family_ma12_structural_linked,artifacts/regime/comparisons/price_family_structural_windows/price_family_ma12_structural_linked/phase2_chronology/chronology_monthly.csv
alameda_county_ca__county,2022-10-31,affordability,-0.6342368431742662,ma12_price_family_challenger,price_family_ma12_structural_linked,artifacts/regime/comparisons/price_family_structural_windows/price_family_ma12_structural_linked/phase2_chronology/chronology_monthly.csv
alameda_county_ca__county,2022-10-31,capital_markets,-0.6718430414306191,incumbent_dimension_history,macro_regime_v1_bps120_sources,artifacts/regime/runs/macro_regime_v1_bps120_sources/dimension_scores.parquet
alameda_county_ca__county,2022-10-31,demand,0.06403964363523189,incumbent_dimension_history,macro_regime_v1_bps120_sources,artifacts/regime/runs/macro_regime_v1_bps120_sources/dimension_scores.parquet
alameda_county_ca__county,2022-10-31,price,-0.280446063310919,ma12_price_family_challenger,price_family_ma12_structural_linked,artifacts/regime/comparisons/price_family_structural_windows/price_family_ma12_structural_linked/phase2_chronology/chronology_monthly.csv
alameda_county_ca__county,2022-11-30,affordability,-0.596059829059829,ma12_price_family_challenger,price_family_ma12_structural_linked,artifacts/regime/comparisons/price_family_structural_windows/price_family_ma12_structural_linked/phase2_chronology/chronology_monthly.csv
alameda_county_ca__county,2022-11-30,capital_markets,-0.46620180478831674,incumbent_dimension_history,macro_regime_v1_bps120_sources,artifacts/regime/runs/macro_regime_v1_bps120_sources/dimension_scores.parquet
alameda_county_ca__county,2022-11-30,demand,0.034178532524120786,incumbent_dimension_history,macro_regime_v1_bps120_sources,artifacts/regime/runs/macro_regime_v1_bps120_sources/dimension_scores.parquet
alameda_county_ca__county,2022-11-30,price,-0.3906438746438747,ma12_price_family_challenger,price_family_ma12_structural_linked,artifacts/regime/comparisons/price_family_structural_windows/price_family_ma12_structural_linked/phase2_chronology/chronology_monthly.csv
alameda_county_ca__county,2022-12-31,affordability,-0.1974899445394702,ma12_price_family_challenger,price_family_ma12_structural_linked,artifacts/regime/comparisons/price_family_structural_windows/price_family_ma12_structural_linked/phase2_chronology/chronology_monthly.csv
alameda_county_ca__county,2022-12-31,capital_markets,-0.2798238608452298,incumbent_dimension_history,macro_regime_v1_bps120_sources,artifacts/regime/runs/macro_regime_v1_bps120_sources/dimension_scores.parquet
alameda_county_ca__county,2022-12-31,demand,0.07554013301226921,incumbent_dimension_history,macro_regime_v1_bps120_sources,artifacts/regime/runs/macro_regime_v1_bps120_sources/dimension_scores.parquet
alameda_county_ca__county,2022-12-31,price,-0.4550354014409372,ma12_price_family_challenger,price_family_ma12_structural_linked,artifacts/regime/comparisons/price_family_structural_windows/price_family_ma12_structural_linked/phase2_chronology/chronology_monthly.csv
alameda_county_ca__county,2023-01-31,affordability,-0.1494242424242424,ma12_price_family_challenger,price_family_ma12_structural_linked,artifacts/regime/comparisons/price_family_structural_windows/price_family_ma12_structural_linked/phase2_chronology/chronology_monthly.csv
alameda_county_ca__county,2023-01-31,capital_markets,-0.386523201569344,incumbent_dimension_history,macro_regime_v1_bps120_sources,artifacts/regime/runs/macro_regime_v1_bps120_sources/dimension_scores.parquet
alameda_county_ca__county,2023-01-31,demand,-0.11015431143217524,incumbent_dimension_history,macro_regime_v1_bps120_sources,artifacts/regime/runs/macro_regime_v1_bps120_sources/dimension_scores.parquet
alameda_county_ca__county,2023-01-31,price,-0.4947272727272727,ma12_price_family_challenger,price_family_ma12_structural_linked,artifacts/regime/comparisons/price_family_structural_windows/price_family_ma12_structural_linked/phase2_chronology/chronology_monthly.csv
alameda_county_ca__county,2023-02-28,affordability,-0.1198378378378378,ma12_price_family_challenger,price_family_ma12_structural_linked,artifacts/regime/comparisons/price_family_structural_windows/price_family_ma12_structural_linked/phase2_chronology/chronology_monthly.csv
alameda_county_ca__county,2023-02-28,capital_markets,-0.48117630706725123,incumbent_dimension_history,macro_regime_v1_bps120_sources,artifacts/regime/runs/macro_regime_v1_bps120_sources/dimension_scores.parquet
alameda_county_ca__county,2023-02-28,demand,0.026651244123380345,incumbent_dimension_history,macro_regime_v1_bps120_sources,artifacts/regime/runs/macro_regime_v1_bps120_sources/dimension_scores.parquet
alameda_county_ca__county,2023-02-28,price,-0.5457837837837838,ma12_price_family_challenger,price_family_ma12_structural_linked,artifacts/regime/comparisons/price_family_structural_windows/price_family_ma12_structural_linked/phase2_chronology/chronology_monthly.csv
alameda_county_ca__county,2023-03-31,affordability,-0.1828214285714286,ma12_price_family_challenger,price_family_ma12_structural_linked,artifacts/regime/comparisons/price_family_structural_windows/price_family_ma12_structural_linked/phase2_chronology/chronology_monthly.csv
alameda_county_ca__county,2023-03-31,capital_markets,-0.4545955223880596,incumbent_dimension_history,macro_regime_v1_bps120_sources,artifacts/regime/runs/macro_regime_v1_bps120_sources/dimension_scores.parquet
alameda_county_ca__county,2023-03-31,demand,0.05234568856782476,incumbent_dimension_history,macro_regime_v1_bps120_sources,artifacts/regime/runs/macro_regime_v1_bps120_sources/dimension_scores.parquet
alameda_county_ca__county,2023-03-31,price,-0.6137142857142857,ma12_price_family_challenger,price_family_ma12_structural_linked,artifacts/regime/comparisons/price_family_structural_windows/price_family_ma12_structural_linked/phase2_chronology/chronology_monthly.csv
alameda_county_ca__county,2023-04-30,affordability,0.0109011799410028,ma12_price_family_challenger,price_family_ma12_structural_linked,artifacts/regime/comparisons/price_family_structural_windows/price_family_ma12_structural_linked/phase2_chronology/chronology_monthly.csv
alameda_county_ca__county,2023-04-30,capital_markets,-0.24113205260824594,incumbent_dimension_history,macro_regime_v1_bps120_sources,artifacts/regime/runs/macro_regime_v1_bps120_sources/dimension_scores.parquet
alameda_county_ca__county,2023-04-30,demand,-0.04904320032106412,incumbent_dimension_history,macro_regime_v1_bps120_sources,artifacts/regime/runs/macro_regime_v1_bps120_sources/dimension_scores.parquet
alameda_county_ca__county,2023-04-30,price,-0.6306666666666667,ma12_price_family_challenger,price_family_ma12_structural_linked,artifacts/regime/comparisons/price_family_structural_windows/price_family_ma12_structural_linked/phase2_chronology/chronology_monthly.csv
alameda_county_ca__county,2023-05-31,affordability,0.0485350877192982,ma12_price_family_challenger,price_family_ma12_structural_linked,artifacts/regime/comparisons/price_family_structural_windows/price_family_ma12_structural_linked/phase2_chronology/chronology_monthly.csv
alameda_county_ca__county,2023-05-31,capital_markets,-0.44530668309809346,incumbent_dimension_history,macro_regime_v1_bps120_sources,artifacts/regime/runs/macro_regime_v1_bps120_sources/dimension_scores.parquet
alameda_county_ca__county,2023-05-31,demand,-0.07737653365439748,incumbent_dimension_history,macro_regime_v1_bps120_sources,artifacts/regime/runs/macro_regime_v1_bps120_sources/dimension_scores.parquet
alameda_county_ca__county,2023-05-31,price,-0.6336666666666667,ma12_price_family_challenger,price_family_ma12_structural_linked,artifacts/regime/comparisons/price_family_structural_windows/price_family_ma12_structural_linked/phase2_chronology/chronology_monthly.csv
alameda_county_ca__county,2023-06-30,affordability,0.0539927536231884,ma12_price_family_challenger,price_family_ma12_structural_linked,artifacts/regime/comparisons/price_family_structural_windows/price_family_ma12_structural_linked/phase2_chronology/chronology_monthly.csv
alameda_county_ca__county,2023-06-30,capital_markets,-0.5158264404037477,incumbent_dimension_history,macro_regime_v1_bps120_sources,artifacts/regime/runs/macro_regime_v1_bps120_sources/dimension_scores.parquet
alameda_county_ca__county,2023-06-30,demand,-0.1818209780988419,incumbent_dimension_history,macro_regime_v1_bps120_sources,artifacts/regime/runs/macro_regime_v1_bps120_sources/dimension_scores.parquet
alameda_county_ca__county,2023-06-30,price,-0.6336666666666666,ma12_price_family_challenger,price_family_ma12_structural_linked,artifacts/regime/comparisons/price_family_structural_windows/price_family_ma12_structural_linked/phase2_chronology/chronology_monthly.csv
alameda_county_ca__county,2023-07-31,affordability,-0.0223965517241379,ma12_price_family_challenger,price_family_ma12_structural_linked,artifacts/regime/comparisons/price_family_structural_windows/price_family_ma12_structural_linked/phase2_chronology/chronology_monthly.csv
alameda_county_ca__county,2023-07-31,capital_markets,-0.5835505281703229,incumbent_dimension_history,macro_regime_v1_bps120_sources,artifacts/regime/runs/macro_regime_v1_bps120_sources/dimension_scores.parquet
alameda_county_ca__county,2023-07-31,demand,0.05679013301226923,incumbent_dimension_history,macro_regime_v1_bps120_sources,artifacts/regime/runs/macro_regime_v1_bps120_sources/dimension_scores.parquet
alameda_county_ca__county,2023-07-31,price,-0.617,ma12_price_family_challenger,price_family_ma12_structural_linked,artifacts/regime/comparisons/price_family_structural_windows/price_family_ma12_structural_linked/phase2_chronology/chronology_monthly.csv
alameda_county_ca__county,2023-08-31,affordability,-0.1452564102564102,ma12_price_family_challenger,price_family_ma12_structural_linked,artifacts/regime/comparisons/price_family_structural_windows/price_family_ma12_structural_linked/phase2_chronology/chronology_monthly.csv
alameda_county_ca__county,2023-08-31,capital_markets,-0.5624859314846776,incumbent_dimension_history,macro_regime_v1_bps120_sources,artifacts/regime/runs/macro_regime_v1_bps120_sources/dimension_scores.parquet
alameda_county_ca__county,2023-08-31,demand,-0.10195986698773081,incumbent_dimension_history,macro_regime_v1_bps120_sources,artifacts/regime/runs/macro_regime_v1_bps120_sources/dimension_scores.parquet
alameda_county_ca__county,2023-08-31,price,-0.5729059829059829,ma12_price_family_challenger,price_family_ma12_structural_linked,artifacts/regime/comparisons/price_family_structural_windows/price_family_ma12_structural_linked/phase2_chronology/chronology_monthly.csv
alameda_county_ca__county,2023-09-30,affordability,-0.1418502824858757,ma12_price_family_challenger,price_family_ma12_structural_linked,artifacts/regime/comparisons/price_family_structural_windows/price_family_ma12_structural_linked/phase2_chronology/chronology_monthly.csv
alameda_county_ca__county,2023-09-30,capital_markets,-0.4758792010765839,incumbent_dimension_history,macro_regime_v1_bps120_sources,artifacts/regime/runs/macro_regime_v1_bps120_sources/dimension_scores.parquet
alameda_county_ca__county,2023-09-30,demand,-0.01418208920995302,incumbent_dimension_history,macro_regime_v1_bps120_sources,artifacts/regime/runs/macro_regime_v1_bps120_sources/dimension_scores.parquet
alameda_county_ca__county,2023-09-30,price,-0.4528813559322034,ma12_price_family_challenger,price_family_ma12_structural_linked,artifacts/regime/comparisons/price_family_structural_windows/price_family_ma12_structural_linked/phase2_chronology/chronology_monthly.csv
alameda_county_ca__county,2023-10-31,affordability,-0.1805042016806722,ma12_price_family_challenger,price_family_ma12_structural_linked,artifacts/regime/comparisons/price_family_structural_windows/price_family_ma12_structural_linked/phase2_chronology/chronology_monthly.csv
alameda_county_ca__county,2023-10-31,capital_markets,-0.4161665711100494,incumbent_dimension_history,macro_regime_v1_bps120_sources,artifacts/regime/runs/macro_regime_v1_bps120_sources/dimension_scores.parquet
alameda_county_ca__county,2023-10-31,demand,-0.16501542254328633,incumbent_dimension_history,macro_regime_v1_bps120_sources,artifacts/regime/runs/macro_regime_v1_bps120_sources/dimension_scores.parquet
alameda_county_ca__county,2023-10-31,price,-0.4097198879551821,ma12_price_family_challenger,price_family_ma12_structural_linked,artifacts/regime/comparisons/price_family_structural_windows/price_family_ma12_structural_linked/phase2_chronology/chronology_monthly.csv
alameda_county_ca__county,2023-11-30,affordability,-0.1708333333333334,ma12_price_family_challenger,price_family_ma12_structural_linked,artifacts/regime/comparisons/price_family_structural_windows/price_family_ma12_structural_linked/phase2_chronology/chronology_monthly.csv
alameda_county_ca__county,2023-11-30,capital_markets,-0.33521097662022725,incumbent_dimension_history,macro_regime_v1_bps120_sources,artifacts/regime/runs/macro_regime_v1_bps120_sources/dimension_scores.parquet
alameda_county_ca__county,2023-11-30,demand,0.044984577456713616,incumbent_dimension_history,macro_regime_v1_bps120_sources,artifacts/regime/runs/macro_regime_v1_bps120_sources/dimension_scores.parquet
alameda_county_ca__county,2023-11-30,price,-0.355,ma12_price_family_challenger,price_family_ma12_structural_linked,artifacts/regime/comparisons/price_family_structural_windows/price_family_ma12_structural_linked/phase2_chronology/chronology_monthly.csv
alameda_county_ca__county,2023-12-31,affordability,-0.27,ma12_price_family_challenger,price_family_ma12_structural_linked,artifacts/regime/comparisons/price_family_structural_windows/price_family_ma12_structural_linked/phase2_chronology/chronology_monthly.csv
alameda_county_ca__county,2023-12-31,capital_markets,-0.2832658464342675,incumbent_dimension_history,macro_regime_v1_bps120_sources,artifacts/regime/runs/macro_regime_v1_bps120_sources/dimension_scores.parquet
alameda_county_ca__county,2023-12-31,demand,-0.2526507446701955,incumbent_dimension_history,macro_regime_v1_bps120_sources,artifacts/regime/runs/macro_regime_v1_bps120_sources/dimension_scores.parquet
alameda_county_ca__county,2023-12-31,price,-0.37,ma12_price_family_challenger,price_family_ma12_structural_linked,artifacts/regime/comparisons/price_family_structural_windows/price_family_ma12_structural_linked/phase2_chronology/chronology_monthly.csv
alameda_county_ca__county,2024-01-31,affordability,-0.2391666666666666,ma12_price_family_challenger,price_family_ma12_structural_linked,artifacts/regime/comparisons/price_family_structural_windows/price_family_ma12_structural_linked/phase2_chronology/chronology_monthly.csv
alameda_county_ca__county,2024-01-31,capital_markets,-0.20642584418368076,incumbent_dimension_history,macro_regime_v1_bps120_sources,artifacts/regime/runs/macro_regime_v1_bps120_sources/dimension_scores.parquet
alameda_county_ca__county,2024-01-31,demand,-0.2787618557813066,incumbent_dimension_history,macro_regime_v1_bps120_sources,artifacts/regime/runs/macro_regime_v1_bps120_sources/dimension_scores.parquet
alameda_county_ca__county,2024-01-31,price,-0.3433333333333333,ma12_price_family_challenger,price_family_ma12_structural_linked,artifacts/regime/comparisons/price_family_structural_windows/price_family_ma12_structural_linked/phase2_chronology/chronology_monthly.csv
alameda_county_ca__county,2024-02-29,affordability,-0.4016666666666666,ma12_price_family_challenger,price_family_ma12_structural_linked,artifacts/regime/comparisons/price_family_structural_windows/price_family_ma12_structural_linked/phase2_chronology/chronology_monthly.csv
alameda_county_ca__county,2024-02-29,capital_markets,-0.45821957435392996,incumbent_dimension_history,macro_regime_v1_bps120_sources,artifacts/regime/runs/macro_regime_v1_bps120_sources/dimension_scores.parquet
alameda_county_ca__county,2024-02-29,demand,-0.15528963355908432,incumbent_dimension_history,macro_regime_v1_bps120_sources,artifacts/regime/runs/macro_regime_v1_bps120_sources/dimension_scores.parquet
alameda_county_ca__county,2024-02-29,price,-0.25,ma12_price_family_challenger,price_family_ma12_structural_linked,artifacts/regime/comparisons/price_family_structural_windows/price_family_ma12_structural_linked/phase2_chronology/chronology_monthly.csv
alameda_county_ca__county,2024-03-31,affordability,-0.4808333333333333,ma12_price_family_challenger,price_family_ma12_structural_linked,artifacts/regime/comparisons/price_family_structural_windows/price_family_ma12_structural_linked/phase2_chronology/chronology_monthly.csv
alameda_county_ca__county,2024-03-31,capital_markets,-0.42046215494412076,incumbent_dimension_history,macro_regime_v1_bps120_sources,artifacts/regime/runs/macro_regime_v1_bps120_sources/dimension_scores.parquet
alameda_county_ca__county,2024-03-31,demand,-0.13001185578130656,incumbent_dimension_history,macro_regime_v1_bps120_sources,artifacts/regime/runs/macro_regime_v1_bps120_sources/dimension_scores.parquet
alameda_county_ca__county,2024-03-31,price,-0.0766666666666667,ma12_price_family_challenger,price_family_ma12_structural_linked,artifacts/regime/comparisons/price_family_structural_windows/price_family_ma12_structural_linked/phase2_chronology/chronology_monthly.csv
alameda_county_ca__county,2024-04-30,affordability,-0.7175,ma12_price_family_challenger,price_family_ma12_structural_linked,artifacts/regime/comparisons/price_family_structural_windows/price_family_ma12_structural_linked/phase2_chronology/chronology_monthly.csv
alameda_county_ca__county,2024-04-30,capital_markets,-0.3831990918770698,incumbent_dimension_history,macro_regime_v1_bps120_sources,artifacts/regime/runs/macro_regime_v1_bps120_sources/dimension_scores.parquet
alameda_county_ca__county,2024-04-30,demand,-0.24612296689241772,incumbent_dimension_history,macro_regime_v1_bps120_sources,artifacts/regime/runs/macro_regime_v1_bps120_sources/dimension_scores.parquet
alameda_county_ca__county,2024-04-30,price,0.12,ma12_price_family_challenger,price_family_ma12_structural_linked,artifacts/regime/comparisons/price_family_structural_windows/price_family_ma12_structural_linked/phase2_chronology/chronology_monthly.csv
alameda_county_ca__county,2024-05-31,affordability,-0.7158333333333333,ma12_price_family_challenger,price_family_ma12_structural_linked,artifacts/regime/comparisons/price_family_structural_windows/price_family_ma12_structural_linked/phase2_chronology/chronology_monthly.csv
alameda_county_ca__county,2024-05-31,capital_markets,-0.4321694195843054,incumbent_dimension_history,macro_regime_v1_bps120_sources,artifacts/regime/runs/macro_regime_v1_bps120_sources/dimension_scores.parquet
alameda_county_ca__county,2024-05-31,demand,-0.18945630022575102,incumbent_dimension_history,macro_regime_v1_bps120_sources,artifacts/regime/runs/macro_regime_v1_bps120_sources/dimension_scores.parquet
alameda_county_ca__county,2024-05-31,price,0.155,ma12_price_family_challenger,price_family_ma12_structural_linked,artifacts/regime/comparisons/price_family_structural_windows/price_family_ma12_structural_linked/phase2_chronology/chronology_monthly.csv
alameda_county_ca__county,2024-06-30,affordability,-0.6775,ma12_price_family_challenger,price_family_ma12_structural_linked,artifacts/regime/comparisons/price_family_structural_windows/price_family_ma12_structural_linked/phase2_chronology/chronology_monthly.csv
alameda_county_ca__county,2024-06-30,capital_markets,-0.3052598723210214,incumbent_dimension_history,macro_regime_v1_bps120_sources,artifacts/regime/runs/macro_regime_v1_bps120_sources/dimension_scores.parquet
alameda_county_ca__county,2024-06-30,demand,-0.24598407800352884,incumbent_dimension_history,macro_regime_v1_bps120_sources,artifacts/regime/runs/macro_regime_v1_bps120_sources/dimension_scores.parquet
alameda_county_ca__county,2024-06-30,price,0.1983333333333333,ma12_price_family_challenger,price_family_ma12_structural_linked,artifacts/regime/comparisons/price_family_structural_windows/price_family_ma12_structural_linked/phase2_chronology/chronology_monthly.csv
alameda_county_ca__county,2024-07-31,affordability,-0.5733333333333333,ma12_price_family_challenger,price_family_ma12_structural_linked,artifacts/regime/comparisons/price_family_structural_windows/price_family_ma12_structural_linked/phase2_chronology/chronology_monthly.csv
alameda_county_ca__county,2024-07-31,capital_markets,-0.209424283466337,incumbent_dimension_history,macro_regime_v1_bps120_sources,artifacts/regime/runs/macro_regime_v1_bps120_sources/dimension_scores.parquet
alameda_county_ca__county,2024-07-31,demand,-0.11126185578130661,incumbent_dimension_history,macro_regime_v1_bps120_sources,artifacts/regime/runs/macro_regime_v1_bps120_sources/dimension_scores.parquet
alameda_county_ca__county,2024-07-31,price,0.0483333333333333,ma12_price_family_challenger,price_family_ma12_structural_linked,artifacts/regime/comparisons/price_family_structural_windows/price_family_ma12_structural_linked/phase2_chronology/chronology_monthly.csv
alameda_county_ca__county,2024-08-31,affordability,-0.4266666666666666,ma12_price_family_challenger,price_family_ma12_structural_linked,artifacts/regime/comparisons/price_family_structural_windows/price_family_ma12_structural_linked/phase2_chronology/chronology_monthly.csv
alameda_county_ca__county,2024-08-31,capital_markets,0.0013639205027051234,incumbent_dimension_history,macro_regime_v1_bps120_sources,artifacts/regime/runs/macro_regime_v1_bps120_sources/dimension_scores.parquet
alameda_county_ca__county,2024-08-31,demand,-0.3125118557813066,incumbent_dimension_history,macro_regime_v1_bps120_sources,artifacts/regime/runs/macro_regime_v1_bps120_sources/dimension_scores.parquet
alameda_county_ca__county,2024-08-31,price,-0.08,ma12_price_family_challenger,price_family_ma12_structural_linked,artifacts/regime/comparisons/price_family_structural_windows/price_family_ma12_structural_linked/phase2_chronology/chronology_monthly.csv
alameda_county_ca__county,2024-09-30,affordability,-0.2858333333333333,ma12_price_family_challenger,price_family_ma12_structural_linked,artifacts/regime/comparisons/price_family_structural_windows/price_family_ma12_structural_linked/phase2_chronology/chronology_monthly.csv
alameda_county_ca__county,2024-09-30,capital_markets,0.13845648622213969,incumbent_dimension_history,macro_regime_v1_bps120_sources,artifacts/regime/runs/macro_regime_v1_bps120_sources/dimension_scores.parquet
alameda_county_ca__county,2024-09-30,demand,-0.13806741133686215,incumbent_dimension_history,macro_regime_v1_bps120_sources,artifacts/regime/runs/macro_regime_v1_bps120_sources/dimension_scores.parquet
alameda_county_ca__county,2024-09-30,price,-0.1883333333333333,ma12_price_family_challenger,price_family_ma12_structural_linked,artifacts/regime/comparisons/price_family_structural_windows/price_family_ma12_structural_linked/phase2_chronology/chronology_monthly.csv
alameda_county_ca__county,2024-10-31,affordability,-0.3049999999999999,ma12_price_family_challenger,price_family_ma12_structural_linked,artifacts/regime/comparisons/price_family_structural_windows/price_family_ma12_structural_linked/phase2_chronology/chronology_monthly.csv
alameda_county_ca__county,2024-10-31,capital_markets,-0.22743920634160358,incumbent_dimension_history,macro_regime_v1_bps120_sources,artifacts/regime/runs/macro_regime_v1_bps120_sources/dimension_scores.parquet
alameda_county_ca__county,2024-10-31,demand,-0.28070630022575094,incumbent_dimension_history,macro_regime_v1_bps120_sources,artifacts/regime/runs/macro_regime_v1_bps120_sources/dimension_scores.parquet
alameda_county_ca__county,2024-10-31,price,-0.17,ma12_price_family_challenger,price_family_ma12_structural_linked,artifacts/regime/comparisons/price_family_structural_windows/price_family_ma12_structural_linked/phase2_chronology/chronology_monthly.csv
alameda_county_ca__county,2024-11-30,affordability,-0.5108333333333333,ma12_price_family_challenger,price_family_ma12_structural_linked,artifacts/regime/comparisons/price_family_structural_windows/price_family_ma12_structural_linked/phase2_chronology/chronology_monthly.csv
alameda_county_ca__county,2024-11-30,capital_markets,-0.1776788737578211,incumbent_dimension_history,macro_regime_v1_bps120_sources,artifacts/regime/runs/macro_regime_v1_bps120_sources/dimension_scores.parquet
alameda_county_ca__county,2024-11-30,demand,-0.2426507446701955,incumbent_dimension_history,macro_regime_v1_bps120_sources,artifacts/regime/runs/macro_regime_v1_bps120_sources/dimension_scores.parquet
alameda_county_ca__county,2024-11-30,price,-0.172,ma12_price_family_challenger,price_family_ma12_structural_linked,artifacts/regime/comparisons/price_family_structural_windows/price_family_ma12_structural_linked/phase2_chronology/chronology_monthly.csv
alameda_county_ca__county,2024-12-31,affordability,-0.0424999999999999,ma12_price_family_challenger,price_family_ma12_structural_linked,artifacts/regime/comparisons/price_family_structural_windows/price_family_ma12_structural_linked/phase2_chronology/chronology_monthly.csv
alameda_county_ca__county,2024-12-31,capital_markets,-0.18096511120040532,incumbent_dimension_history,macro_regime_v1_bps120_sources,artifacts/regime/runs/macro_regime_v1_bps120_sources/dimension_scores.parquet
alameda_county_ca__county,2024-12-31,demand,0.021445213096680293,incumbent_dimension_history,macro_regime_v1_bps120_sources,artifacts/regime/runs/macro_regime_v1_bps120_sources/dimension_scores.parquet
alameda_county_ca__county,2024-12-31,price,-0.162,ma12_price_family_challenger,price_family_ma12_structural_linked,artifacts/regime/comparisons/price_family_structural_windows/price_family_ma12_structural_linked/phase2_chronology/chronology_monthly.csv
alameda_county_ca__county,2025-01-31,affordability,-0.1025,ma12_price_family_challenger,price_family_ma12_structural_linked,artifacts/regime/comparisons/price_family_structural_windows/price_family_ma12_structural_linked/phase2_chronology/chronology_monthly.csv
alameda_county_ca__county,2025-01-31,capital_markets,-0.3442423638438771,incumbent_dimension_history,macro_regime_v1_bps120_sources,artifacts/regime/runs/macro_regime_v1_bps120_sources/dimension_scores.parquet
alameda_county_ca__county,2025-01-31,demand,-0.007999231347764174,incumbent_dimension_history,macro_regime_v1_bps120_sources,artifacts/regime/runs/macro_regime_v1_bps120_sources/dimension_scores.parquet
alameda_county_ca__county,2025-01-31,price,-0.2483333333333333,ma12_price_family_challenger,price_family_ma12_structural_linked,artifacts/regime/comparisons/price_family_structural_windows/price_family_ma12_structural_linked/phase2_chronology/chronology_monthly.csv
alameda_county_ca__county,2025-02-28,affordability,0.0466666666666666,ma12_price_family_challenger,price_family_ma12_structural_linked,artifacts/regime/comparisons/price_family_structural_windows/price_family_ma12_structural_linked/phase2_chronology/chronology_monthly.csv
alameda_county_ca__county,2025-02-28,capital_markets,-0.08736232821244244,incumbent_dimension_history,macro_regime_v1_bps120_sources,artifacts/regime/runs/macro_regime_v1_bps120_sources/dimension_scores.parquet
alameda_county_ca__county,2025-02-28,demand,0.06700076865223586,incumbent_dimension_history,macro_regime_v1_bps120_sources,artifacts/regime/runs/macro_regime_v1_bps120_sources/dimension_scores.parquet
alameda_county_ca__county,2025-02-28,price,-0.2633333333333333,ma12_price_family_challenger,price_family_ma12_structural_linked,artifacts/regime/comparisons/price_family_structural_windows/price_family_ma12_structural_linked/phase2_chronology/chronology_monthly.csv
alameda_county_ca__county,2025-03-31,affordability,0.0016666666666666,ma12_price_family_challenger,price_family_ma12_structural_linked,artifacts/regime/comparisons/price_family_structural_windows/price_family_ma12_structural_linked/phase2_chronology/chronology_monthly.csv
alameda_county_ca__county,2025-03-31,capital_markets,-0.09584295215738882,incumbent_dimension_history,macro_regime_v1_bps120_sources,artifacts/regime/runs/macro_regime_v1_bps120_sources/dimension_scores.parquet
alameda_county_ca__county,2025-03-31,demand,0.1260285464300136,incumbent_dimension_history,macro_regime_v1_bps120_sources,artifacts/regime/runs/macro_regime_v1_bps120_sources/dimension_scores.parquet
alameda_county_ca__county,2025-03-31,price,-0.282,ma12_price_family_challenger,price_family_ma12_structural_linked,artifacts/regime/comparisons/price_family_structural_windows/price_family_ma12_structural_linked/phase2_chronology/chronology_monthly.csv
alameda_county_ca__county,2025-04-30,affordability,0.0658333333333333,ma12_price_family_challenger,price_family_ma12_structural_linked,artifacts/regime/comparisons/price_family_structural_windows/price_family_ma12_structural_linked/phase2_chronology/chronology_monthly.csv
alameda_county_ca__county,2025-04-30,capital_markets,-0.2526583023185289,incumbent_dimension_history,macro_regime_v1_bps120_sources,artifacts/regime/runs/macro_regime_v1_bps120_sources/dimension_scores.parquet
alameda_county_ca__county,2025-04-30,demand,-0.0785547869033197,incumbent_dimension_history,macro_regime_v1_bps120_sources,artifacts/regime/runs/macro_regime_v1_bps120_sources/dimension_scores.parquet
alameda_county_ca__county,2025-04-30,price,-0.3633333333333333,ma12_price_family_challenger,price_family_ma12_structural_linked,artifacts/regime/comparisons/price_family_structural_windows/price_family_ma12_structural_linked/phase2_chronology/chronology_monthly.csv
alameda_county_ca__county,2025-05-31,affordability,0.0641666666666666,ma12_price_family_challenger,price_family_ma12_structural_linked,artifacts/regime/comparisons/price_family_structural_windows/price_family_ma12_structural_linked/phase2_chronology/chronology_monthly.csv
alameda_county_ca__county,2025-05-31,capital_markets,-0.20054544407806757,incumbent_dimension_history,macro_regime_v1_bps120_sources,artifacts/regime/runs/macro_regime_v1_bps120_sources/dimension_scores.parquet
alameda_county_ca__county,2025-05-31,demand,-0.04897145356998636,incumbent_dimension_history,macro_regime_v1_bps120_sources,artifacts/regime/runs/macro_regime_v1_bps120_sources/dimension_scores.parquet
alameda_county_ca__county,2025-05-31,price,-0.4516666666666667,ma12_price_family_challenger,price_family_ma12_structural_linked,artifacts/regime/comparisons/price_family_structural_windows/price_family_ma12_structural_linked/phase2_chronology/chronology_monthly.csv
alameda_county_ca__county,2025-06-30,affordability,0.0949999999999999,ma12_price_family_challenger,price_family_ma12_structural_linked,artifacts/regime/comparisons/price_family_structural_windows/price_family_ma12_structural_linked/phase2_chronology/chronology_monthly.csv
alameda_county_ca__county,2025-06-30,capital_markets,-0.15683125305922663,incumbent_dimension_history,macro_regime_v1_bps120_sources,artifacts/regime/runs/macro_regime_v1_bps120_sources/dimension_scores.parquet
alameda_county_ca__county,2025-06-30,demand,-0.05466589801443081,incumbent_dimension_history,macro_regime_v1_bps120_sources,artifacts/regime/runs/macro_regime_v1_bps120_sources/dimension_scores.parquet
alameda_county_ca__county,2025-06-30,price,-0.5283333333333333,ma12_price_family_challenger,price_family_ma12_structural_linked,artifacts/regime/comparisons/price_family_structural_windows/price_family_ma12_structural_linked/phase2_chronology/chronology_monthly.csv
alameda_county_ca__county,2025-07-31,affordability,0.1691666666666666,ma12_price_family_challenger,price_family_ma12_structural_linked,artifacts/regime/comparisons/price_family_structural_windows/price_family_ma12_structural_linked/phase2_chronology/chronology_monthly.csv
alameda_county_ca__county,2025-07-31,capital_markets,-0.1752772788076686,incumbent_dimension_history,macro_regime_v1_bps120_sources,artifacts/regime/runs/macro_regime_v1_bps120_sources/dimension_scores.parquet
alameda_county_ca__county,2025-07-31,demand,0.046722990874458074,incumbent_dimension_history,macro_regime_v1_bps120_sources,artifacts/regime/runs/macro_regime_v1_bps120_sources/dimension_scores.parquet
alameda_county_ca__county,2025-07-31,price,-0.5533333333333333,ma12_price_family_challenger,price_family_ma12_structural_linked,artifacts/regime/comparisons/price_family_structural_windows/price_family_ma12_structural_linked/phase2_chronology/chronology_monthly.csv
alameda_county_ca__county,2025-08-31,affordability,0.2166666666666666,ma12_price_family_challenger,price_family_ma12_structural_linked,artifacts/regime/comparisons/price_family_structural_windows/price_family_ma12_structural_linked/phase2_chronology/chronology_monthly.csv
alameda_county_ca__county,2025-08-31,capital_markets,-0.11389187828664891,incumbent_dimension_history,macro_regime_v1_bps120_sources,artifacts/regime/runs/macro_regime_v1_bps120_sources/dimension_scores.parquet
alameda_county_ca__county,2025-08-31,demand,-0.07522145356998636,incumbent_dimension_history,macro_regime_v1_bps120_sources,artifacts/regime/runs/macro_regime_v1_bps120_sources/dimension_scores.parquet
alameda_county_ca__county,2025-08-31,price,-0.5566666666666666,ma12_price_family_challenger,price_family_ma12_structural_linked,artifacts/regime/comparisons/price_family_structural_windows/price_family_ma12_structural_linked/phase2_chronology/chronology_monthly.csv
alameda_county_ca__county,2025-09-30,affordability,0.2516666666666666,ma12_price_family_challenger,price_family_ma12_structural_linked,artifacts/regime/comparisons/price_family_structural_windows/price_family_ma12_structural_linked/phase2_chronology/chronology_monthly.csv
alameda_county_ca__county,2025-09-30,capital_markets,-0.14045302424397124,incumbent_dimension_history,macro_regime_v1_bps120_sources,artifacts/regime/runs/macro_regime_v1_bps120_sources/dimension_scores.parquet
alameda_county_ca__county,2025-09-30,demand,0.15963965754112472,incumbent_dimension_history,macro_regime_v1_bps120_sources,artifacts/regime/runs/macro_regime_v1_bps120_sources/dimension_scores.parquet
alameda_county_ca__county,2025-09-30,price,-0.55,ma12_price_family_challenger,price_family_ma12_structural_linked,artifacts/regime/comparisons/price_family_structural_windows/price_family_ma12_structural_linked/phase2_chronology/chronology_monthly.csv
alameda_county_ca__county,2025-10-31,affordability,0.2591666666666666,ma12_price_family_challenger,price_family_ma12_structural_linked,artifacts/regime/comparisons/price_family_structural_windows/price_family_ma12_structural_linked/phase2_chronology/chronology_monthly.csv
alameda_county_ca__county,2025-10-31,capital_markets,-0.11549955217196596,incumbent_dimension_history,macro_regime_v1_bps120_sources,artifacts/regime/runs/macro_regime_v1_bps120_sources/dimension_scores.parquet
alameda_county_ca__county,2025-10-31,demand,0.15963965754112472,incumbent_dimension_history,macro_regime_v1_bps120_sources,artifacts/regime/runs/macro_regime_v1_bps120_sources/dimension_scores.parquet
alameda_county_ca__county,2025-10-31,price,-0.5233333333333333,ma12_price_family_challenger,price_family_ma12_structural_linked,artifacts/regime/comparisons/price_family_structural_windows/price_family_ma12_structural_linked/phase2_chronology/chronology_monthly.csv
alameda_county_ca__county,2025-11-30,affordability,0.3366666666666666,ma12_price_family_challenger,price_family_ma12_structural_linked,artifacts/regime/comparisons/price_family_structural_windows/price_family_ma12_structural_linked/phase2_chronology/chronology_monthly.csv
alameda_county_ca__county,2025-11-30,capital_markets,-0.11145659115366871,incumbent_dimension_history,macro_regime_v1_bps120_sources,artifacts/regime/runs/macro_regime_v1_bps120_sources/dimension_scores.parquet
alameda_county_ca__county,2025-11-30,demand,0.02116743531890251,incumbent_dimension_history,macro_regime_v1_bps120_sources,artifacts/regime/runs/macro_regime_v1_bps120_sources/dimension_scores.parquet
alameda_county_ca__county,2025-11-30,price,-0.555,ma12_price_family_challenger,price_family_ma12_structural_linked,artifacts/regime/comparisons/price_family_structural_windows/price_family_ma12_structural_linked/phase2_chronology/chronology_monthly.csv
alameda_county_ca__county,2025-12-31,affordability,0.2391666666666666,ma12_price_family_challenger,price_family_ma12_structural_linked,artifacts/regime/comparisons/price_family_structural_windows/price_family_ma12_structural_linked/phase2_chronology/chronology_monthly.csv
alameda_county_ca__county,2025-12-31,capital_markets,-0.18696777576520068,incumbent_dimension_history,macro_regime_v1_bps120_sources,artifacts/regime/runs/macro_regime_v1_bps120_sources/dimension_scores.parquet
alameda_county_ca__county,2025-12-31,demand,0.024778546430013603,incumbent_dimension_history,macro_regime_v1_bps120_sources,artifacts/regime/runs/macro_regime_v1_bps120_sources/dimension_scores.parquet
alameda_county_ca__county,2025-12-31,price,-0.5766666666666667,ma12_price_family_challenger,price_family_ma12_structural_linked,artifacts/regime/comparisons/price_family_structural_windows/price_family_ma12_structural_linked/phase2_chronology/chronology_monthly.csv
alameda_county_ca__county,2026-01-31,affordability,0.2574999999999999,ma12_price_family_challenger,price_family_ma12_structural_linked,artifacts/regime/comparisons/price_family_structural_windows/price_family_ma12_structural_linked/phase2_chronology/chronology_monthly.csv
alameda_county_ca__county,2026-01-31,capital_markets,-0.15717840585773032,incumbent_dimension_history,macro_regime_v1_bps120_sources,artifacts/regime/runs/macro_regime_v1_bps120_sources/dimension_scores.parquet
alameda_county_ca__county,2026-01-31,demand,-0.21744367579220858,incumbent_dimension_history,macro_regime_v1_bps120_sources,artifacts/regime/runs/macro_regime_v1_bps120_sources/dimension_scores.parquet
alameda_county_ca__county,2026-01-31,price,-0.5783333333333334,ma12_price_family_challenger,price_family_ma12_structural_linked,artifacts/regime/comparisons/price_family_structural_windows/price_family_ma12_structural_linked/phase2_chronology/chronology_monthly.csv
alameda_county_ca__county,2026-02-28,affordability,0.2808333333333333,ma12_price_family_challenger,price_family_ma12_structural_linked,artifacts/regime/comparisons/price_family_structural_windows/price_family_ma12_structural_linked/phase2_chronology/chronology_monthly.csv
alameda_county_ca__county,2026-02-28,capital_markets,-0.1218583309721292,incumbent_dimension_history,macro_regime_v1_bps120_sources,artifacts/regime/runs/macro_regime_v1_bps120_sources/dimension_scores.parquet
alameda_county_ca__county,2026-02-28,demand,0.06797299087445809,incumbent_dimension_history,macro_regime_v1_bps120_sources,artifacts/regime/runs/macro_regime_v1_bps120_sources/dimension_scores.parquet
alameda_county_ca__county,2026-02-28,price,-0.5700000000000001,ma12_price_family_challenger,price_family_ma12_structural_linked,artifacts/regime/comparisons/price_family_structural_windows/price_family_ma12_structural_linked/phase2_chronology/chronology_monthly.csv
alameda_county_ca__county,2026-03-31,affordability,0.2466666666666666,ma12_price_family_challenger,price_family_ma12_structural_linked,artifacts/regime/comparisons/price_family_structural_windows/price_family_ma12_structural_linked/phase2_chronology/chronology_monthly.csv
alameda_county_ca__county,2026-03-31,capital_markets,-0.2224807695058285,incumbent_dimension_history,macro_regime_v1_bps120_sources,artifacts/regime/runs/macro_regime_v1_bps120_sources/dimension_scores.parquet
alameda_county_ca__county,2026-03-31,demand,-0.04994367579220861,incumbent_dimension_history,macro_regime_v1_bps120_sources,artifacts/regime/runs/macro_regime_v1_bps120_sources/dimension_scores.parquet
alameda_county_ca__county,2026-03-31,price,-0.6000000000000001,ma12_price_family_challenger,price_family_ma12_structural_linked,artifacts/regime/comparisons/price_family_structural_windows/price_family_ma12_structural_linked/phase2_chronology/chronology_monthly.csv
alameda_county_ca__county,2026-04-30,affordability,0.2375,ma12_price_family_challenger,price_family_ma12_structural_linked,artifacts/regime/comparisons/price_family_structural_windows/price_family_ma12_structural_linked/phase2_chronology/chronology_monthly.csv
alameda_county_ca__county,2026-04-30,capital_markets,-0.25686349974066025,incumbent_dimension_history,macro_regime_v1_bps120_sources,artifacts/regime/runs/macro_regime_v1_bps120_sources/dimension_scores.parquet
alameda_county_ca__county,2026-04-30,demand,-0.10563812023665306,incumbent_dimension_history,macro_regime_v1_bps120_sources,artifacts/regime/runs/macro_regime_v1_bps120_sources/dimension_scores.parquet
alameda_county_ca__county,2026-04-30,price,-0.6066666666666667,ma12_price_family_challenger,price_family_ma12_structural_linked,artifacts/regime/comparisons/price_family_structural_windows/price_family_ma12_structural_linked/phase2_chronology/chronology_monthly.csv
alameda_county_ca__county,2026-05-31,affordability,0.1299999999999999,ma12_price_family_challenger,price_family_ma12_structural_linked,artifacts/regime/comparisons/price_family_structural_windows/price_family_ma12_structural_linked/phase2_chronology/chronology_monthly.csv
alameda_county_ca__county,2026-05-31,capital_markets,-0.29150088680376574,incumbent_dimension_history,macro_regime_v1_bps120_sources,artifacts/regime/runs/macro_regime_v1_bps120_sources/dimension_scores.parquet
alameda_county_ca__county,2026-05-31,demand,-0.10563812023665306,incumbent_dimension_history,macro_regime_v1_bps120_sources,artifacts/regime/runs/macro_regime_v1_bps120_sources/dimension_scores.parquet
alameda_county_ca__county,2026-05-31,price,-0.52,ma12_price_family_challenger,price_family_ma12_structural_linked,artifacts/regime/comparisons/price_family_structural_windows/price_family_ma12_structural_linked/phase2_chronology/chronology_monthly.csv
alameda_county_ca__county,2026-06-30,affordability,0.1299999999999999,ma12_price_family_challenger,price_family_ma12_structural_linked,artifacts/regime/comparisons/price_family_structural_windows/price_family_ma12_structural_linked/phase2_chronology/chronology_monthly.csv
alameda_county_ca__county,2026-06-30,capital_markets,-0.21672324010863978,incumbent_dimension_history,macro_regime_v1_bps120_sources,artifacts/regime/runs/macro_regime_v1_bps120_sources/dimension_scores.parquet
alameda_county_ca__county,2026-06-30,demand,-0.10563812023665306,incumbent_dimension_history,macro_regime_v1_bps120_sources,artifacts/regime/runs/macro_regime_v1_bps120_sources/dimension_scores.parquet
alameda_county_ca__county,2026-06-30,price,-0.52,ma12_price_family_challenger,price_family_ma12_structural_linked,artifacts/regime/comparisons/price_family_structural_windows/price_family_ma12_structural_linked/phase2_chronology/chronology_monthly.csv
alameda_county_ca__county,2026-07-31,affordability,0.1299999999999999,ma12_price_family_challenger,price_family_ma12_structural_linked,artifacts/regime/comparisons/price_family_structural_windows/price_family_ma12_structural_linked/phase2_chronology/chronology_monthly.csv
alameda_county_ca__county,2026-07-31,capital_markets,-0.17393850014280368,incumbent_dimension_history,macro_regime_v1_bps120_sources,artifacts/regime/runs/macro_regime_v1_bps120_sources/dimension_scores.parquet
alameda_county_ca__county,2026-07-31,demand,-0.10563812023665306,incumbent_dimension_history,macro_regime_v1_bps120_sources,artifacts/regime/runs/macro_regime_v1_bps120_sources/dimension_scores.parquet
alameda_county_ca__county,2026-07-31,price,-0.52,ma12_price_family_challenger,price_family_ma12_structural_linked,artifacts/regime/comparisons/price_family_structural_windows/price_family_ma12_structural_linked/phase2_chronology/chronology_monthly.csv
district_of_columbia_dc__county,2015-11-30,affordability,-0.5,ma12_price_family_challenger,price_family_ma12_structural_linked,artifacts/regime/comparisons/price_family_structural_windows/price_family_ma12_structural_linked/phase2_chronology/chronology_monthly.csv
district_of_columbia_dc__county,2015-11-30,capital_markets,-0.16375835513386988,incumbent_dimension_history,macro_regime_v1_bps120_sources,artifacts/regime/runs/macro_regime_v1_bps120_sources/dimension_scores.parquet
district_of_columbia_dc__county,2015-11-30,demand,0.3562378313796856,incumbent_dimension_history,macro_regime_v1_bps120_sources,artifacts/regime/runs/macro_regime_v1_bps120_sources/dimension_scores.parquet
district_of_columbia_dc__county,2015-11-30,price,0.98,ma12_price_family_challenger,price_family_ma12_structural_linked,artifacts/regime/comparisons/price_family_structural_windows/price_family_ma12_structural_linked/phase2_chronology/chronology_monthly.csv
district_of_columbia_dc__county,2015-12-31,affordability,0.4594594594594594,ma12_price_family_challenger,price_family_ma12_structural_linked,artifacts/regime/comparisons/price_family_structural_windows/price_family_ma12_structural_linked/phase2_chronology/chronology_monthly.csv
district_of_columbia_dc__county,2015-12-31,capital_markets,-0.14260050686320172,incumbent_dimension_history,macro_regime_v1_bps120_sources,artifacts/regime/runs/macro_regime_v1_bps120_sources/dimension_scores.parquet
district_of_columbia_dc__county,2015-12-31,demand,0.3952411294352823,incumbent_dimension_history,macro_regime_v1_bps120_sources,artifacts/regime/runs/macro_regime_v1_bps120_sources/dimension_scores.parquet
district_of_columbia_dc__county,2015-12-31,price,0.98,ma12_price_family_challenger,price_family_ma12_structural_linked,artifacts/regime/comparisons/price_family_structural_windows/price_family_ma12_structural_linked/phase2_chronology/chronology_monthly.csv
district_of_columbia_dc__county,2016-01-31,affordability,0.4473684210526316,ma12_price_family_challenger,price_family_ma12_structural_linked,artifacts/regime/comparisons/price_family_structural_windows/price_family_ma12_structural_linked/phase2_chronology/chronology_monthly.csv
district_of_columbia_dc__county,2016-01-31,capital_markets,-0.018813869942902857,incumbent_dimension_history,macro_regime_v1_bps120_sources,artifacts/regime/runs/macro_regime_v1_bps120_sources/dimension_scores.parquet
district_of_columbia_dc__county,2016-01-31,demand,0.26734141018623775,incumbent_dimension_history,macro_regime_v1_bps120_sources,artifacts/regime/runs/macro_regime_v1_bps120_sources/dimension_scores.parquet
district_of_columbia_dc__county,2016-01-31,price,0.98,ma12_price_family_challenger,price_family_ma12_structural_linked,artifacts/regime/comparisons/price_family_structural_windows/price_family_ma12_structural_linked/phase2_chronology/chronology_monthly.csv
district_of_columbia_dc__county,2016-02-29,affordability,0.5177045177045178,ma12_price_family_challenger,price_family_ma12_structural_linked,artifacts/regime/comparisons/price_family_structural_windows/price_family_ma12_structural_linked/phase2_chronology/chronology_monthly.csv
district_of_columbia_dc__county,2016-02-29,capital_markets,0.23296691846384493,incumbent_dimension_history,macro_regime_v1_bps120_sources,artifacts/regime/runs/macro_regime_v1_bps120_sources/dimension_scores.parquet
district_of_columbia_dc__county,2016-02-29,demand,0.41856549244381025,incumbent_dimension_history,macro_regime_v1_bps120_sources,artifacts/regime/runs/macro_regime_v1_bps120_sources/dimension_scores.parquet
district_of_columbia_dc__county,2016-02-29,price,0.0807122507122506,ma12_price_family_challenger,price_family_ma12_structural_linked,artifacts/regime/comparisons/price_family_structural_windows/price_family_ma12_structural_linked/phase2_chronology/chronology_monthly.csv
district_of_columbia_dc__county,2016-03-31,affordability,0.4425675675675676,ma12_price_family_challenger,price_family_ma12_structural_linked,artifacts/regime/comparisons/price_family_structural_windows/price_family_ma12_structural_linked/phase2_chronology/chronology_monthly.csv
district_of_columbia_dc__county,2016-03-31,capital_markets,-0.021110315355142944,incumbent_dimension_history,macro_regime_v1_bps120_sources,artifacts/regime/runs/macro_regime_v1_bps120_sources/dimension_scores.parquet
district_of_columbia_dc__county,2016-03-31,demand,0.3925985938490713,incumbent_dimension_history,macro_regime_v1_bps120_sources,artifacts/regime/runs/macro_regime_v1_bps120_sources/dimension_scores.parquet
district_of_columbia_dc__county,2016-03-31,price,-0.0747297297297297,ma12_price_family_challenger,price_family_ma12_structural_linked,artifacts/regime/comparisons/price_family_structural_windows/price_family_ma12_structural_linked/phase2_chronology/chronology_monthly.csv
district_of_columbia_dc__county,2016-04-30,affordability,0.4738675958188153,ma12_price_family_challenger,price_family_ma12_structural_linked,artifacts/regime/comparisons/price_family_structural_windows/price_family_ma12_structural_linked/phase2_chronology/chronology_monthly.csv
district_of_columbia_dc__county,2016-04-30,capital_markets,0.08195509745557719,incumbent_dimension_history,macro_regime_v1_bps120_sources,artifacts/regime/runs/macro_regime_v1_bps120_sources/dimension_scores.parquet
district_of_columbia_dc__county,2016-04-30,demand,0.3887018881626724,incumbent_dimension_history,macro_regime_v1_bps120_sources,artifacts/regime/runs/macro_regime_v1_bps120_sources/dimension_scores.parquet
district_of_columbia_dc__county,2016-04-30,price,-0.1741548994437312,ma12_price_family_challenger,price_family_ma12_structural_linked,artifacts/regime/comparisons/price_family_structural_windows/price_family_ma12_structural_linked/phase2_chronology/chronology_monthly.csv
district_of_columbia_dc__county,2016-05-31,affordability,0.347985347985348,ma12_price_family_challenger,price_family_ma12_structural_linked,artifacts/regime/comparisons/price_family_structural_windows/price_family_ma12_structural_linked/phase2_chronology/chronology_monthly.csv
district_of_columbia_dc__county,2016-05-31,capital_markets,0.13640642824530413,incumbent_dimension_history,macro_regime_v1_bps120_sources,artifacts/regime/runs/macro_regime_v1_bps120_sources/dimension_scores.parquet
district_of_columbia_dc__county,2016-05-31,demand,0.2605410295616717,incumbent_dimension_history,macro_regime_v1_bps120_sources,artifacts/regime/runs/macro_regime_v1_bps120_sources/dimension_scores.parquet
district_of_columbia_dc__county,2016-05-31,price,-0.1861538461538461,ma12_price_family_challenger,price_family_ma12_structural_linked,artifacts/regime/comparisons/price_family_structural_windows/price_family_ma12_structural_linked/phase2_chronology/chronology_monthly.csv
district_of_columbia_dc__county,2016-06-30,affordability,0.3302325581395348,ma12_price_family_challenger,price_family_ma12_structural_linked,artifacts/regime/comparisons/price_family_structural_windows/price_family_ma12_structural_linked/phase2_chronology/chronology_monthly.csv
district_of_columbia_dc__county,2016-06-30,capital_markets,0.2941083099906629,incumbent_dimension_history,macro_regime_v1_bps120_sources,artifacts/regime/runs/macro_regime_v1_bps120_sources/dimension_scores.parquet
district_of_columbia_dc__county,2016-06-30,demand,0.31506818181818175,incumbent_dimension_history,macro_regime_v1_bps120_sources,artifacts/regime/runs/macro_regime_v1_bps120_sources/dimension_scores.parquet
district_of_columbia_dc__county,2016-06-30,price,-0.2444186046511628,ma12_price_family_challenger,price_family_ma12_structural_linked,artifacts/regime/comparisons/price_family_structural_windows/price_family_ma12_structural_linked/phase2_chronology/chronology_monthly.csv
district_of_columbia_dc__county,2016-07-31,affordability,0.2761324041811847,ma12_price_family_challenger,price_family_ma12_structural_linked,artifacts/regime/comparisons/price_family_structural_windows/price_family_ma12_structural_linked/phase2_chronology/chronology_monthly.csv
district_of_columbia_dc__county,2016-07-31,capital_markets,0.43707689741451206,incumbent_dimension_history,macro_regime_v1_bps120_sources,artifacts/regime/runs/macro_regime_v1_bps120_sources/dimension_scores.parquet
district_of_columbia_dc__county,2016-07-31,demand,0.28510135135135134,incumbent_dimension_history,macro_regime_v1_bps120_sources,artifacts/regime/runs/macro_regime_v1_bps120_sources/dimension_scores.parquet
district_of_columbia_dc__county,2016-07-31,price,0.0665040650406503,ma12_price_family_challenger,price_family_ma12_structural_linked,artifacts/regime/comparisons/price_family_structural_windows/price_family_ma12_structural_linked/phase2_chronology/chronology_monthly.csv
district_of_columbia_dc__county,2016-08-31,affordability,0.0521541950113378,ma12_price_family_challenger,price_family_ma12_structural_linked,artifacts/regime/comparisons/price_family_structural_windows/price_family_ma12_structural_linked/phase2_chronology/chronology_monthly.csv
district_of_columbia_dc__county,2016-08-31,capital_markets,0.16079311746375827,incumbent_dimension_history,macro_regime_v1_bps120_sources,artifacts/regime/runs/macro_regime_v1_bps120_sources/dimension_scores.parquet
district_of_columbia_dc__county,2016-08-31,demand,0.06878968253968251,incumbent_dimension_history,macro_regime_v1_bps120_sources,artifacts/regime/runs/macro_regime_v1_bps120_sources/dimension_scores.parquet
district_of_columbia_dc__county,2016-08-31,price,0.2949206349206348,ma12_price_family_challenger,price_family_ma12_structural_linked,artifacts/regime/comparisons/price_family_structural_windows/price_family_ma12_structural_linked/phase2_chronology/chronology_monthly.csv
district_of_columbia_dc__county,2016-09-30,affordability,-0.121840242669363,ma12_price_family_challenger,price_family_ma12_structural_linked,artifacts/regime/comparisons/price_family_structural_windows/price_family_ma12_structural_linked/phase2_chronology/chronology_monthly.csv
district_of_columbia_dc__county,2016-09-30,capital_markets,0.09228067331625907,incumbent_dimension_history,macro_regime_v1_bps120_sources,artifacts/regime/runs/macro_regime_v1_bps120_sources/dimension_scores.parquet
district_of_columbia_dc__county,2016-09-30,demand,0.29906465093411994,incumbent_dimension_history,macro_regime_v1_bps120_sources,artifacts/regime/runs/macro_regime_v1_bps120_sources/dimension_scores.parquet
district_of_columbia_dc__county,2016-09-30,price,0.4351937984496123,ma12_price_family_challenger,price_family_ma12_structural_linked,artifacts/regime/comparisons/price_family_structural_windows/price_family_ma12_structural_linked/phase2_chronology/chronology_monthly.csv
district_of_columbia_dc__county,2016-10-31,affordability,-0.2340425531914894,ma12_price_family_challenger,price_family_ma12_structural_linked,artifacts/regime/comparisons/price_family_structural_windows/price_family_ma12_structural_linked/phase2_chronology/chronology_monthly.csv
district_of_columbia_dc__county,2016-10-31,capital_markets,0.01879718444419463,incumbent_dimension_history,macro_regime_v1_bps120_sources,artifacts/regime/runs/macro_regime_v1_bps120_sources/dimension_scores.parquet
district_of_columbia_dc__county,2016-10-31,demand,0.454656432748538,incumbent_dimension_history,macro_regime_v1_bps120_sources,artifacts/regime/runs/macro_regime_v1_bps120_sources/dimension_scores.parquet
district_of_columbia_dc__county,2016-10-31,price,0.4478787878787878,ma12_price_family_challenger,price_family_ma12_structural_linked,artifacts/regime/comparisons/price_family_structural_windows/price_family_ma12_structural_linked/phase2_chronology/chronology_monthly.csv
district_of_columbia_dc__county,2016-11-30,affordability,-0.0423611111111111,ma12_price_family_challenger,price_family_ma12_structural_linked,artifacts/regime/comparisons/price_family_structural_windows/price_family_ma12_structural_linked/phase2_chronology/chronology_monthly.csv
district_of_columbia_dc__county,2016-11-30,capital_markets,-0.2793753868113046,incumbent_dimension_history,macro_regime_v1_bps120_sources,artifacts/regime/runs/macro_regime_v1_bps120_sources/dimension_scores.parquet
district_of_columbia_dc__county,2016-11-30,demand,0.23205917874396131,incumbent_dimension_history,macro_regime_v1_bps120_sources,artifacts/regime/runs/macro_regime_v1_bps120_sources/dimension_scores.parquet
district_of_columbia_dc__county,2016-11-30,price,-0.1995555555555555,ma12_price_family_challenger,price_family_ma12_structural_linked,artifacts/regime/comparisons/price_family_structural_windows/price_family_ma12_structural_linked/phase2_chronology/chronology_monthly.csv
district_of_columbia_dc__county,2016-12-31,affordability,-0.7696611429530684,ma12_price_family_challenger,price_family_ma12_structural_linked,artifacts/regime/comparisons/price_family_structural_windows/price_family_ma12_structural_linked/phase2_chronology/chronology_monthly.csv
district_of_columbia_dc__county,2016-12-31,capital_markets,-0.491440551378446,incumbent_dimension_history,macro_regime_v1_bps120_sources,artifacts/regime/runs/macro_regime_v1_bps120_sources/dimension_scores.parquet
district_of_columbia_dc__county,2016-12-31,demand,0.07372785101233376,incumbent_dimension_history,macro_regime_v1_bps120_sources,artifacts/regime/runs/macro_regime_v1_bps120_sources/dimension_scores.parquet
district_of_columbia_dc__county,2016-12-31,price,0.0187967097532314,ma12_price_family_challenger,price_family_ma12_structural_linked,artifacts/regime/comparisons/price_family_structural_windows/price_family_ma12_structural_linked/phase2_chronology/chronology_monthly.csv
district_of_columbia_dc__county,2017-01-31,affordability,-0.8071780515117581,ma12_price_family_challenger,price_family_ma12_structural_linked,artifacts/regime/comparisons/price_family_structural_windows/price_family_ma12_structural_linked/phase2_chronology/chronology_monthly.csv
district_of_columbia_dc__county,2017-01-31,capital_markets,-0.1715612396276552,incumbent_dimension_history,macro_regime_v1_bps120_sources,artifacts/regime/runs/macro_regime_v1_bps120_sources/dimension_scores.parquet
district_of_columbia_dc__county,2017-01-31,demand,0.13694476819476814,incumbent_dimension_history,macro_regime_v1_bps120_sources,artifacts/regime/runs/macro_regime_v1_bps120_sources/dimension_scores.parquet
district_of_columbia_dc__county,2017-01-31,price,0.3151489361702128,ma12_price_family_challenger,price_family_ma12_structural_linked,artifacts/regime/comparisons/price_family_structural_windows/price_family_ma12_structural_linked/phase2_chronology/chronology_monthly.csv
district_of_columbia_dc__county,2017-02-28,affordability,-0.6108031674208144,ma12_price_family_challenger,price_family_ma12_structural_linked,artifacts/regime/comparisons/price_family_structural_windows/price_family_ma12_structural_linked/phase2_chronology/chronology_monthly.csv
district_of_columbia_dc__county,2017-02-28,capital_markets,-0.2735394040184632,incumbent_dimension_history,macro_regime_v1_bps120_sources,artifacts/regime/runs/macro_regime_v1_bps120_sources/dimension_scores.parquet
district_of_columbia_dc__county,2017-02-28,demand,0.1902931312253346,incumbent_dimension_history,macro_regime_v1_bps120_sources,artifacts/regime/runs/macro_regime_v1_bps120_sources/dimension_scores.parquet
district_of_columbia_dc__county,2017-02-28,price,0.0562579185520362,ma12_price_family_challenger,price_family_ma12_structural_linked,artifacts/regime/comparisons/price_family_structural_windows/price_family_ma12_structural_linked/phase2_chronology/chronology_monthly.csv
district_of_columbia_dc__county,2017-03-31,affordability,-0.6890816326530612,ma12_price_family_challenger,price_family_ma12_structural_linked,artifacts/regime/comparisons/price_family_structural_windows/price_family_ma12_structural_linked/phase2_chronology/chronology_monthly.csv
district_of_columbia_dc__county,2017-03-31,capital_markets,-0.29228300163983295,incumbent_dimension_history,macro_regime_v1_bps120_sources,artifacts/regime/runs/macro_regime_v1_bps120_sources/dimension_scores.parquet
district_of_columbia_dc__county,2017-03-31,demand,0.1808506254094489,incumbent_dimension_history,macro_regime_v1_bps120_sources,artifacts/regime/runs/macro_regime_v1_bps120_sources/dimension_scores.parquet
district_of_columbia_dc__county,2017-03-31,price,0.3168163265306122,ma12_price_family_challenger,price_family_ma12_structural_linked,artifacts/regime/comparisons/price_family_structural_windows/price_family_ma12_structural_linked/phase2_chronology/chronology_monthly.csv
district_of_columbia_dc__county,2017-04-30,affordability,-0.4835872066267833,ma12_price_family_challenger,price_family_ma12_structural_linked,artifacts/regime/comparisons/price_family_structural_windows/price_family_ma12_structural_linked/phase2_chronology/chronology_monthly.csv
district_of_columbia_dc__county,2017-04-30,capital_markets,-0.021200297140778014,incumbent_dimension_history,macro_regime_v1_bps120_sources,artifacts/regime/runs/macro_regime_v1_bps120_sources/dimension_scores.parquet
district_of_columbia_dc__county,2017-04-30,demand,0.14746827246827246,incumbent_dimension_history,macro_regime_v1_bps120_sources,artifacts/regime/runs/macro_regime_v1_bps120_sources/dimension_scores.parquet
district_of_columbia_dc__county,2017-04-30,price,0.2002926829268293,ma12_price_family_challenger,price_family_ma12_structural_linked,artifacts/regime/comparisons/price_family_structural_windows/price_family_ma12_structural_linked/phase2_chronology/chronology_monthly.csv
district_of_columbia_dc__county,2017-05-31,affordability,-0.5096591970121382,ma12_price_family_challenger,price_family_ma12_structural_linked,artifacts/regime/comparisons/price_family_structural_windows/price_family_ma12_structural_linked/phase2_chronology/chronology_monthly.csv
district_of_columbia_dc__county,2017-05-31,capital_markets,-0.15473611570288712,incumbent_dimension_history,macro_regime_v1_bps120_sources,artifacts/regime/runs/macro_regime_v1_bps120_sources/dimension_scores.parquet
district_of_columbia_dc__county,2017-05-31,demand,0.17038493913493913,incumbent_dimension_history,macro_regime_v1_bps120_sources,artifacts/regime/runs/macro_regime_v1_bps120_sources/dimension_scores.parquet
district_of_columbia_dc__county,2017-05-31,price,0.1674285714285714,ma12_price_family_challenger,price_family_ma12_structural_linked,artifacts/regime/comparisons/price_family_structural_windows/price_family_ma12_structural_linked/phase2_chronology/chronology_monthly.csv
district_of_columbia_dc__county,2017-06-30,affordability,-0.3484558464791022,ma12_price_family_challenger,price_family_ma12_structural_linked,artifacts/regime/comparisons/price_family_structural_windows/price_family_ma12_structural_linked/phase2_chronology/chronology_monthly.csv
district_of_columbia_dc__county,2017-06-30,capital_markets,-0.015153712699514252,incumbent_dimension_history,macro_regime_v1_bps120_sources,artifacts/regime/runs/macro_regime_v1_bps120_sources/dimension_scores.parquet
district_of_columbia_dc__county,2017-06-30,demand,0.051079383579383575,incumbent_dimension_history,macro_regime_v1_bps120_sources,artifacts/regime/runs/macro_regime_v1_bps120_sources/dimension_scores.parquet
district_of_columbia_dc__county,2017-06-30,price,0.1121001788908765,ma12_price_family_challenger,price_family_ma12_structural_linked,artifacts/regime/comparisons/price_family_structural_windows/price_family_ma12_structural_linked/phase2_chronology/chronology_monthly.csv
district_of_columbia_dc__county,2017-07-31,affordability,-0.4617832639059054,ma12_price_family_challenger,price_family_ma12_structural_linked,artifacts/regime/comparisons/price_family_structural_windows/price_family_ma12_structural_linked/phase2_chronology/chronology_monthly.csv
district_of_columbia_dc__county,2017-07-31,capital_markets,-0.38979059218293666,incumbent_dimension_history,macro_regime_v1_bps120_sources,artifacts/regime/runs/macro_regime_v1_bps120_sources/dimension_scores.parquet
district_of_columbia_dc__county,2017-07-31,demand,0.18594049469049462,incumbent_dimension_history,macro_regime_v1_bps120_sources,artifacts/regime/runs/macro_regime_v1_bps120_sources/dimension_scores.parquet
district_of_columbia_dc__county,2017-07-31,price,-0.1908478314138692,ma12_price_family_challenger,price_family_ma12_structural_linked,artifacts/regime/comparisons/price_family_structural_windows/price_family_ma12_structural_linked/phase2_chronology/chronology_monthly.csv
district_of_columbia_dc__county,2017-08-31,affordability,-0.1973489278752436,ma12_price_family_challenger,price_family_ma12_structural_linked,artifacts/regime/comparisons/price_family_structural_windows/price_family_ma12_structural_linked/phase2_chronology/chronology_monthly.csv
district_of_columbia_dc__county,2017-08-31,capital_markets,-0.04532703179529442,incumbent_dimension_history,macro_regime_v1_bps120_sources,artifacts/regime/runs/macro_regime_v1_bps120_sources/dimension_scores.parquet
district_of_columbia_dc__county,2017-08-31,demand,0.11955160580160577,incumbent_dimension_history,macro_regime_v1_bps120_sources,artifacts/regime/runs/macro_regime_v1_bps120_sources/dimension_scores.parquet
district_of_columbia_dc__county,2017-08-31,price,-0.2628966861598441,ma12_price_family_challenger,price_family_ma12_structural_linked,artifacts/regime/comparisons/price_family_structural_windows/price_family_ma12_structural_linked/phase2_chronology/chronology_monthly.csv
district_of_columbia_dc__county,2017-09-30,affordability,-0.1166907455363227,ma12_price_family_challenger,price_family_ma12_structural_linked,artifacts/regime/comparisons/price_family_structural_windows/price_family_ma12_structural_linked/phase2_chronology/chronology_monthly.csv
district_of_columbia_dc__county,2017-09-30,capital_markets,-0.027679825803233152,incumbent_dimension_history,macro_regime_v1_bps120_sources,artifacts/regime/runs/macro_regime_v1_bps120_sources/dimension_scores.parquet
district_of_columbia_dc__county,2017-09-30,demand,0.3863571613571613,incumbent_dimension_history,macro_regime_v1_bps120_sources,artifacts/regime/runs/macro_regime_v1_bps120_sources/dimension_scores.parquet
district_of_columbia_dc__county,2017-09-30,price,-0.3799073190677389,ma12_price_family_challenger,price_family_ma12_structural_linked,artifacts/regime/comparisons/price_family_structural_windows/price_family_ma12_structural_linked/phase2_chronology/chronology_monthly.csv
district_of_columbia_dc__county,2017-10-31,affordability,-0.1640719179846478,ma12_price_family_challenger,price_family_ma12_structural_linked,artifacts/regime/comparisons/price_family_structural_windows/price_family_ma12_structural_linked/phase2_chronology/chronology_monthly.csv
district_of_columbia_dc__county,2017-10-31,capital_markets,-0.2951270293063462,incumbent_dimension_history,macro_regime_v1_bps120_sources,artifacts/regime/runs/macro_regime_v1_bps120_sources/dimension_scores.parquet
district_of_columbia_dc__county,2017-10-31,demand,0.035523828023828016,incumbent_dimension_history,macro_regime_v1_bps120_sources,artifacts/regime/runs/macro_regime_v1_bps120_sources/dimension_scores.parquet
district_of_columbia_dc__county,2017-10-31,price,-0.4248724949770748,ma12_price_family_challenger,price_family_ma12_structural_linked,artifacts/regime/comparisons/price_family_structural_windows/price_family_ma12_structural_linked/phase2_chronology/chronology_monthly.csv
district_of_columbia_dc__county,2017-11-30,affordability,-0.2055921052631579,ma12_price_family_challenger,price_family_ma12_structural_linked,artifacts/regime/comparisons/price_family_structural_windows/price_family_ma12_structural_linked/phase2_chronology/chronology_monthly.csv
district_of_columbia_dc__county,2017-11-30,capital_markets,-0.07473811936453416,incumbent_dimension_history,macro_regime_v1_bps120_sources,artifacts/regime/runs/macro_regime_v1_bps120_sources/dimension_scores.parquet
district_of_columbia_dc__county,2017-11-30,demand,0.298023828023828,incumbent_dimension_history,macro_regime_v1_bps120_sources,artifacts/regime/runs/macro_regime_v1_bps120_sources/dimension_scores.parquet
district_of_columbia_dc__county,2017-11-30,price,-0.5185964912280703,ma12_price_family_challenger,price_family_ma12_structural_linked,artifacts/regime/comparisons/price_family_structural_windows/price_family_ma12_structural_linked/phase2_chronology/chronology_monthly.csv
district_of_columbia_dc__county,2017-12-31,affordability,0.8277211845733206,ma12_price_family_challenger,price_family_ma12_structural_linked,artifacts/regime/comparisons/price_family_structural_windows/price_family_ma12_structural_linked/phase2_chronology/chronology_monthly.csv
district_of_columbia_dc__county,2017-12-31,capital_markets,-0.004415000528932574,incumbent_dimension_history,macro_regime_v1_bps120_sources,artifacts/regime/runs/macro_regime_v1_bps120_sources/dimension_scores.parquet
district_of_columbia_dc__county,2017-12-31,demand,0.29415674603174596,incumbent_dimension_history,macro_regime_v1_bps120_sources,artifacts/regime/runs/macro_regime_v1_bps120_sources/dimension_scores.parquet
district_of_columbia_dc__county,2017-12-31,price,-0.4874793784104936,ma12_price_family_challenger,price_family_ma12_structural_linked,artifacts/regime/comparisons/price_family_structural_windows/price_family_ma12_structural_linked/phase2_chronology/chronology_monthly.csv
district_of_columbia_dc__county,2018-01-31,affordability,0.8084352104975396,ma12_price_family_challenger,price_family_ma12_structural_linked,artifacts/regime/comparisons/price_family_structural_windows/price_family_ma12_structural_linked/phase2_chronology/chronology_monthly.csv
district_of_columbia_dc__county,2018-01-31,capital_markets,-0.21506266948098487,incumbent_dimension_history,macro_regime_v1_bps120_sources,artifacts/regime/runs/macro_regime_v1_bps120_sources/dimension_scores.parquet
district_of_columbia_dc__county,2018-01-31,demand,0.19582341269841266,incumbent_dimension_history,macro_regime_v1_bps120_sources,artifacts/regime/runs/macro_regime_v1_bps120_sources/dimension_scores.parquet
district_of_columbia_dc__county,2018-01-31,price,-0.5818326954620011,ma12_price_family_challenger,price_family_ma12_structural_linked,artifacts/regime/comparisons/price_family_structural_windows/price_family_ma12_structural_linked/phase2_chronology/chronology_monthly.csv
district_of_columbia_dc__county,2018-02-28,affordability,0.6236881419234359,ma12_price_family_challenger,price_family_ma12_structural_linked,artifacts/regime/comparisons/price_family_structural_windows/price_family_ma12_structural_linked/phase2_chronology/chronology_monthly.csv
district_of_columbia_dc__county,2018-02-28,capital_markets,-0.42158242869989726,incumbent_dimension_history,macro_regime_v1_bps120_sources,artifacts/regime/runs/macro_regime_v1_bps120_sources/dimension_scores.parquet
district_of_columbia_dc__county,2018-02-28,demand,0.4423511904761904,incumbent_dimension_history,macro_regime_v1_bps120_sources,artifacts/regime/runs/macro_regime_v1_bps120_sources/dimension_scores.parquet
district_of_columbia_dc__county,2018-02-28,price,-0.5434547152194212,ma12_price_family_challenger,price_family_ma12_structural_linked,artifacts/regime/comparisons/price_family_structural_windows/price_family_ma12_structural_linked/phase2_chronology/chronology_monthly.csv
district_of_columbia_dc__county,2018-03-31,affordability,0.4137748266078184,ma12_price_family_challenger,price_family_ma12_structural_linked,artifacts/regime/comparisons/price_family_structural_windows/price_family_ma12_structural_linked/phase2_chronology/chronology_monthly.csv
district_of_columbia_dc__county,2018-03-31,capital_markets,-0.22608408143069197,incumbent_dimension_history,macro_regime_v1_bps120_sources,artifacts/regime/runs/macro_regime_v1_bps120_sources/dimension_scores.parquet
district_of_columbia_dc__county,2018-03-31,demand,0.26012896825396825,incumbent_dimension_history,macro_regime_v1_bps120_sources,artifacts/regime/runs/macro_regime_v1_bps120_sources/dimension_scores.parquet
district_of_columbia_dc__county,2018-03-31,price,-0.565609237074401,ma12_price_family_challenger,price_family_ma12_structural_linked,artifacts/regime/comparisons/price_family_structural_windows/price_family_ma12_structural_linked/phase2_chronology/chronology_monthly.csv
district_of_columbia_dc__county,2018-04-30,affordability,0.1860808090266398,ma12_price_family_challenger,price_family_ma12_structural_linked,artifacts/regime/comparisons/price_family_structural_windows/price_family_ma12_structural_linked/phase2_chronology/chronology_monthly.csv
district_of_columbia_dc__county,2018-04-30,capital_markets,-0.2069071021875936,incumbent_dimension_history,macro_regime_v1_bps120_sources,artifacts/regime/runs/macro_regime_v1_bps120_sources/dimension_scores.parquet
district_of_columbia_dc__county,2018-04-30,demand,0.3517956349206349,incumbent_dimension_history,macro_regime_v1_bps120_sources,artifacts/regime/runs/macro_regime_v1_bps120_sources/dimension_scores.parquet
district_of_columbia_dc__county,2018-04-30,price,-0.2357132824570438,ma12_price_family_challenger,price_family_ma12_structural_linked,artifacts/regime/comparisons/price_family_structural_windows/price_family_ma12_structural_linked/phase2_chronology/chronology_monthly.csv
district_of_columbia_dc__county,2018-05-31,affordability,0.1523809523809524,ma12_price_family_challenger,price_family_ma12_structural_linked,artifacts/regime/comparisons/price_family_structural_windows/price_family_ma12_structural_linked/phase2_chronology/chronology_monthly.csv
district_of_columbia_dc__county,2018-05-31,capital_markets,-0.3679524496576427,incumbent_dimension_history,macro_regime_v1_bps120_sources,artifacts/regime/runs/macro_regime_v1_bps120_sources/dimension_scores.parquet
district_of_columbia_dc__county,2018-05-31,demand,0.20124007936507932,incumbent_dimension_history,macro_regime_v1_bps120_sources,artifacts/regime/runs/macro_regime_v1_bps120_sources/dimension_scores.parquet
district_of_columbia_dc__county,2018-05-31,price,-0.1595555555555556,ma12_price_family_challenger,price_family_ma12_structural_linked,artifacts/regime/comparisons/price_family_structural_windows/price_family_ma12_structural_linked/phase2_chronology/chronology_monthly.csv
district_of_columbia_dc__county,2018-06-30,affordability,0.1102518656716418,ma12_price_family_challenger,price_family_ma12_structural_linked,artifacts/regime/comparisons/price_family_structural_windows/price_family_ma12_structural_linked/phase2_chronology/chronology_monthly.csv
district_of_columbia_dc__county,2018-06-30,capital_markets,-0.181509324009324,incumbent_dimension_history,macro_regime_v1_bps120_sources,artifacts/regime/runs/macro_regime_v1_bps120_sources/dimension_scores.parquet
district_of_columbia_dc__county,2018-06-30,demand,0.1997678571428571,incumbent_dimension_history,macro_regime_v1_bps120_sources,artifacts/regime/runs/macro_regime_v1_bps120_sources/dimension_scores.parquet
district_of_columbia_dc__county,2018-06-30,price,-0.084340909090909,ma12_price_family_challenger,price_family_ma12_structural_linked,artifacts/regime/comparisons/price_family_structural_windows/price_family_ma12_structural_linked/phase2_chronology/chronology_monthly.csv
district_of_columbia_dc__county,2018-07-31,affordability,0.2345895281189399,ma12_price_family_challenger,price_family_ma12_structural_linked,artifacts/regime/comparisons/price_family_structural_windows/price_family_ma12_structural_linked/phase2_chronology/chronology_monthly.csv
district_of_columbia_dc__county,2018-07-31,capital_markets,-0.136425427793622,incumbent_dimension_history,macro_regime_v1_bps120_sources,artifacts/regime/runs/macro_regime_v1_bps120_sources/dimension_scores.parquet
district_of_columbia_dc__county,2018-07-31,demand,0.4190178571428571,incumbent_dimension_history,macro_regime_v1_bps120_sources,artifacts/regime/runs/macro_regime_v1_bps120_sources/dimension_scores.parquet
district_of_columbia_dc__county,2018-07-31,price,-0.2044395604395604,ma12_price_family_challenger,price_family_ma12_structural_linked,artifacts/regime/comparisons/price_family_structural_windows/price_family_ma12_structural_linked/phase2_chronology/chronology_monthly.csv
district_of_columbia_dc__county,2018-08-31,affordability,0.1589279522917967,ma12_price_family_challenger,price_family_ma12_structural_linked,artifacts/regime/comparisons/price_family_structural_windows/price_family_ma12_structural_linked/phase2_chronology/chronology_monthly.csv
district_of_columbia_dc__county,2018-08-31,capital_markets,-0.23202396378993081,incumbent_dimension_history,macro_regime_v1_bps120_sources,artifacts/regime/runs/macro_regime_v1_bps120_sources/dimension_scores.parquet
district_of_columbia_dc__county,2018-08-31,demand,0.08171230158730158,incumbent_dimension_history,macro_regime_v1_bps120_sources,artifacts/regime/runs/macro_regime_v1_bps120_sources/dimension_scores.parquet
district_of_columbia_dc__county,2018-08-31,price,-0.1009696969696969,ma12_price_family_challenger,price_family_ma12_structural_linked,artifacts/regime/comparisons/price_family_structural_windows/price_family_ma12_structural_linked/phase2_chronology/chronology_monthly.csv
district_of_columbia_dc__county,2018-09-30,affordability,0.0442063083596794,ma12_price_family_challenger,price_family_ma12_structural_linked,artifacts/regime/comparisons/price_family_structural_windows/price_family_ma12_structural_linked/phase2_chronology/chronology_monthly.csv
district_of_columbia_dc__county,2018-09-30,capital_markets,-0.3532855620787127,incumbent_dimension_history,macro_regime_v1_bps120_sources,artifacts/regime/runs/macro_regime_v1_bps120_sources/dimension_scores.parquet
district_of_columbia_dc__county,2018-09-30,demand,0.30410119047619044,incumbent_dimension_history,macro_regime_v1_bps120_sources,artifacts/regime/runs/macro_regime_v1_bps120_sources/dimension_scores.parquet
district_of_columbia_dc__county,2018-09-30,price,-0.0595841482243952,ma12_price_family_challenger,price_family_ma12_structural_linked,artifacts/regime/comparisons/price_family_structural_windows/price_family_ma12_structural_linked/phase2_chronology/chronology_monthly.csv
district_of_columbia_dc__county,2018-10-31,affordability,-0.1361673430412986,ma12_price_family_challenger,price_family_ma12_structural_linked,artifacts/regime/comparisons/price_family_structural_windows/price_family_ma12_structural_linked/phase2_chronology/chronology_monthly.csv
district_of_columbia_dc__county,2018-10-31,capital_markets,-0.4566067356672398,incumbent_dimension_history,macro_regime_v1_bps120_sources,artifacts/regime/runs/macro_regime_v1_bps120_sources/dimension_scores.parquet
district_of_columbia_dc__county,2018-10-31,demand,0.3269345238095238,incumbent_dimension_history,macro_regime_v1_bps120_sources,artifacts/regime/runs/macro_regime_v1_bps120_sources/dimension_scores.parquet
district_of_columbia_dc__county,2018-10-31,price,0.1675852442671984,ma12_price_family_challenger,price_family_ma12_structural_linked,artifacts/regime/comparisons/price_family_structural_windows/price_family_ma12_structural_linked/phase2_chronology/chronology_monthly.csv
district_of_columbia_dc__county,2018-11-30,affordability,-0.1896980676328502,ma12_price_family_challenger,price_family_ma12_structural_linked,artifacts/regime/comparisons/price_family_structural_windows/price_family_ma12_structural_linked/phase2_chronology/chronology_monthly.csv
district_of_columbia_dc__county,2018-11-30,capital_markets,-0.26158843529759124,incumbent_dimension_history,macro_regime_v1_bps120_sources,artifacts/regime/runs/macro_regime_v1_bps120_sources/dimension_scores.parquet
district_of_columbia_dc__county,2018-11-30,demand,0.28749007936507937,incumbent_dimension_history,macro_regime_v1_bps120_sources,artifacts/regime/runs/macro_regime_v1_bps120_sources/dimension_scores.parquet
district_of_columbia_dc__county,2018-11-30,price,0.1600579710144928,ma12_price_family_challenger,price_family_ma12_structural_linked,artifacts/regime/comparisons/price_family_structural_windows/price_family_ma12_structural_linked/phase2_chronology/chronology_monthly.csv
district_of_columbia_dc__county,2018-12-31,affordability,0.2366160854640531,ma12_price_family_challenger,price_family_ma12_structural_linked,artifacts/regime/comparisons/price_family_structural_windows/price_family_ma12_structural_linked/phase2_chronology/chronology_monthly.csv
district_of_columbia_dc__county,2018-12-31,capital_markets,0.014282929676101544,incumbent_dimension_history,macro_regime_v1_bps120_sources,artifacts/regime/runs/macro_regime_v1_bps120_sources/dimension_scores.parquet
district_of_columbia_dc__county,2018-12-31,demand,0.09863984871337811,incumbent_dimension_history,macro_regime_v1_bps120_sources,artifacts/regime/runs/macro_regime_v1_bps120_sources/dimension_scores.parquet
district_of_columbia_dc__county,2018-12-31,price,0.0361739437297488,ma12_price_family_challenger,price_family_ma12_structural_linked,artifacts/regime/comparisons/price_family_structural_windows/price_family_ma12_structural_linked/phase2_chronology/chronology_monthly.csv
district_of_columbia_dc__county,2019-01-31,affordability,0.2831501651583433,ma12_price_family_challenger,price_family_ma12_structural_linked,artifacts/regime/comparisons/price_family_structural_windows/price_family_ma12_structural_linked/phase2_chronology/chronology_monthly.csv
district_of_columbia_dc__county,2019-01-31,capital_markets,-0.057121244461384536,incumbent_dimension_history,macro_regime_v1_bps120_sources,artifacts/regime/runs/macro_regime_v1_bps120_sources/dimension_scores.parquet
district_of_columbia_dc__county,2019-01-31,demand,-0.06366570684217741,incumbent_dimension_history,macro_regime_v1_bps120_sources,artifacts/regime/runs/macro_regime_v1_bps120_sources/dimension_scores.parquet
district_of_columbia_dc__county,2019-01-31,price,0.0881399363925488,ma12_price_family_challenger,price_family_ma12_structural_linked,artifacts/regime/comparisons/price_family_structural_windows/price_family_ma12_structural_linked/phase2_chronology/chronology_monthly.csv
district_of_columbia_dc__county,2019-02-28,affordability,0.3136507936507936,ma12_price_family_challenger,price_family_ma12_structural_linked,artifacts/regime/comparisons/price_family_structural_windows/price_family_ma12_structural_linked/phase2_chronology/chronology_monthly.csv
district_of_columbia_dc__county,2019-02-28,capital_markets,-0.04477388836329233,incumbent_dimension_history,macro_regime_v1_bps120_sources,artifacts/regime/runs/macro_regime_v1_bps120_sources/dimension_scores.parquet
district_of_columbia_dc__county,2019-02-28,demand,0.2679454042689336,incumbent_dimension_history,macro_regime_v1_bps120_sources,artifacts/regime/runs/macro_regime_v1_bps120_sources/dimension_scores.parquet
district_of_columbia_dc__county,2019-02-28,price,0.2047301587301587,ma12_price_family_challenger,price_family_ma12_structural_linked,artifacts/regime/comparisons/price_family_structural_windows/price_family_ma12_structural_linked/phase2_chronology/chronology_monthly.csv
district_of_columbia_dc__county,2019-03-31,affordability,0.2136941240086517,ma12_price_family_challenger,price_family_ma12_structural_linked,artifacts/regime/comparisons/price_family_structural_windows/price_family_ma12_structural_linked/phase2_chronology/chronology_monthly.csv
district_of_columbia_dc__county,2019-03-31,capital_markets,0.114706833834691,incumbent_dimension_history,macro_regime_v1_bps120_sources,artifacts/regime/runs/macro_regime_v1_bps120_sources/dimension_scores.parquet
district_of_columbia_dc__county,2019-03-31,demand,0.26072318204671147,incumbent_dimension_history,macro_regime_v1_bps120_sources,artifacts/regime/runs/macro_regime_v1_bps120_sources/dimension_scores.parquet
district_of_columbia_dc__county,2019-03-31,price,0.1606306777217015,ma12_price_family_challenger,price_family_ma12_structural_linked,artifacts/regime/comparisons/price_family_structural_windows/price_family_ma12_structural_linked/phase2_chronology/chronology_monthly.csv
district_of_columbia_dc__county,2019-04-30,affordability,0.3463995463995464,ma12_price_family_challenger,price_family_ma12_structural_linked,artifacts/regime/comparisons/price_family_structural_windows/price_family_ma12_structural_linked/phase2_chronology/chronology_monthly.csv
district_of_columbia_dc__county,2019-04-30,capital_markets,0.10875448771057716,incumbent_dimension_history,macro_regime_v1_bps120_sources,artifacts/regime/runs/macro_regime_v1_bps120_sources/dimension_scores.parquet
district_of_columbia_dc__county,2019-04-30,demand,0.15094540426893366,incumbent_dimension_history,macro_regime_v1_bps120_sources,artifacts/regime/runs/macro_regime_v1_bps120_sources/dimension_scores.parquet
district_of_columbia_dc__county,2019-04-30,price,-0.2167333747333747,ma12_price_family_challenger,price_family_ma12_structural_linked,artifacts/regime/comparisons/price_family_structural_windows/price_family_ma12_structural_linked/phase2_chronology/chronology_monthly.csv
district_of_columbia_dc__county,2019-05-31,affordability,0.4392587412587413,ma12_price_family_challenger,price_family_ma12_structural_linked,artifacts/regime/comparisons/price_family_structural_windows/price_family_ma12_structural_linked/phase2_chronology/chronology_monthly.csv
district_of_columbia_dc__county,2019-05-31,capital_markets,0.2033343430762785,incumbent_dimension_history,macro_regime_v1_bps120_sources,artifacts/regime/runs/macro_regime_v1_bps120_sources/dimension_scores.parquet
district_of_columbia_dc__county,2019-05-31,demand,0.05225095982448925,incumbent_dimension_history,macro_regime_v1_bps120_sources,artifacts/regime/runs/macro_regime_v1_bps120_sources/dimension_scores.parquet
district_of_columbia_dc__county,2019-05-31,price,-0.4233566433566434,ma12_price_family_challenger,price_family_ma12_structural_linked,artifacts/regime/comparisons/price_family_structural_windows/price_family_ma12_structural_linked/phase2_chronology/chronology_monthly.csv
district_of_columbia_dc__county,2019-06-30,affordability,0.5808028478526754,ma12_price_family_challenger,price_family_ma12_structural_linked,artifacts/regime/comparisons/price_family_structural_windows/price_family_ma12_structural_linked/phase2_chronology/chronology_monthly.csv
district_of_columbia_dc__county,2019-06-30,capital_markets,0.38192584780810584,incumbent_dimension_history,macro_regime_v1_bps120_sources,artifacts/regime/runs/macro_regime_v1_bps120_sources/dimension_scores.parquet
district_of_columbia_dc__county,2019-06-30,demand,0.1239176264911559,incumbent_dimension_history,macro_regime_v1_bps120_sources,artifacts/regime/runs/macro_regime_v1_bps120_sources/dimension_scores.parquet
district_of_columbia_dc__county,2019-06-30,price,-0.4426346018077501,ma12_price_family_challenger,price_family_ma12_structural_linked,artifacts/regime/comparisons/price_family_structural_windows/price_family_ma12_structural_linked/phase2_chronology/chronology_monthly.csv
district_of_columbia_dc__county,2019-07-31,affordability,0.5812690985485103,ma12_price_family_challenger,price_family_ma12_structural_linked,artifacts/regime/comparisons/price_family_structural_windows/price_family_ma12_structural_linked/phase2_chronology/chronology_monthly.csv
district_of_columbia_dc__county,2019-07-31,capital_markets,0.26808927334470933,incumbent_dimension_history,macro_regime_v1_bps120_sources,artifacts/regime/runs/macro_regime_v1_bps120_sources/dimension_scores.parquet
district_of_columbia_dc__county,2019-07-31,demand,0.2691398487133781,incumbent_dimension_history,macro_regime_v1_bps120_sources,artifacts/regime/runs/macro_regime_v1_bps120_sources/dimension_scores.parquet
district_of_columbia_dc__county,2019-07-31,price,-0.4682872421695951,ma12_price_family_challenger,price_family_ma12_structural_linked,artifacts/regime/comparisons/price_family_structural_windows/price_family_ma12_structural_linked/phase2_chronology/chronology_monthly.csv
district_of_columbia_dc__county,2019-08-31,affordability,0.540901771336554,ma12_price_family_challenger,price_family_ma12_structural_linked,artifacts/regime/comparisons/price_family_structural_windows/price_family_ma12_structural_linked/phase2_chronology/chronology_monthly.csv
district_of_columbia_dc__county,2019-08-31,capital_markets,0.5435446627473026,incumbent_dimension_history,macro_regime_v1_bps120_sources,artifacts/regime/runs/macro_regime_v1_bps120_sources/dimension_scores.parquet
district_of_columbia_dc__county,2019-08-31,demand,0.20947318204671148,incumbent_dimension_history,macro_regime_v1_bps120_sources,artifacts/regime/runs/macro_regime_v1_bps120_sources/dimension_scores.parquet
district_of_columbia_dc__county,2019-08-31,price,-0.4223311449688261,ma12_price_family_challenger,price_family_ma12_structural_linked,artifacts/regime/comparisons/price_family_structural_windows/price_family_ma12_structural_linked/phase2_chronology/chronology_monthly.csv
district_of_columbia_dc__county,2019-09-30,affordability,0.3800357253120451,ma12_price_family_challenger,price_family_ma12_structural_linked,artifacts/regime/comparisons/price_family_structural_windows/price_family_ma12_structural_linked/phase2_chronology/chronology_monthly.csv
district_of_columbia_dc__county,2019-09-30,capital_markets,0.39199693755696685,incumbent_dimension_history,macro_regime_v1_bps120_sources,artifacts/regime/runs/macro_regime_v1_bps120_sources/dimension_scores.parquet
district_of_columbia_dc__county,2019-09-30,demand,0.43725095982448925,incumbent_dimension_history,macro_regime_v1_bps120_sources,artifacts/regime/runs/macro_regime_v1_bps120_sources/dimension_scores.parquet
district_of_columbia_dc__county,2019-09-30,price,-0.2159452211881974,ma12_price_family_challenger,price_family_ma12_structural_linked,artifacts/regime/comparisons/price_family_structural_windows/price_family_ma12_structural_linked/phase2_chronology/chronology_monthly.csv
district_of_columbia_dc__county,2019-10-31,affordability,0.3795702528423553,ma12_price_family_challenger,price_family_ma12_structural_linked,artifacts/regime/comparisons/price_family_structural_windows/price_family_ma12_structural_linked/phase2_chronology/chronology_monthly.csv
district_of_columbia_dc__county,2019-10-31,capital_markets,0.23175831208567055,incumbent_dimension_history,macro_regime_v1_bps120_sources,artifacts/regime/runs/macro_regime_v1_bps120_sources/dimension_scores.parquet
district_of_columbia_dc__county,2019-10-31,demand,0.11211207093560034,incumbent_dimension_history,macro_regime_v1_bps120_sources,artifacts/regime/runs/macro_regime_v1_bps120_sources/dimension_scores.parquet
district_of_columbia_dc__county,2019-10-31,price,-0.3222925504836246,ma12_price_family_challenger,price_family_ma12_structural_linked,artifacts/regime/comparisons/price_family_structural_windows/price_family_ma12_structural_linked/phase2_chronology/chronology_monthly.csv
district_of_columbia_dc__county,2019-11-30,affordability,0.2584656084656085,ma12_price_family_challenger,price_family_ma12_structural_linked,artifacts/regime/comparisons/price_family_structural_windows/price_family_ma12_structural_linked/phase2_chronology/chronology_monthly.csv
district_of_columbia_dc__county,2019-11-30,capital_markets,0.25703159625244903,incumbent_dimension_history,macro_regime_v1_bps120_sources,artifacts/regime/runs/macro_regime_v1_bps120_sources/dimension_scores.parquet
district_of_columbia_dc__county,2019-11-30,demand,0.4511398487133781,incumbent_dimension_history,macro_regime_v1_bps120_sources,artifacts/regime/runs/macro_regime_v1_bps120_sources/dimension_scores.parquet
district_of_columbia_dc__county,2019-11-30,price,-0.1357742504409171,ma12_price_family_challenger,price_family_ma12_structural_linked,artifacts/regime/comparisons/price_family_structural_windows/price_family_ma12_structural_linked/phase2_chronology/chronology_monthly.csv
district_of_columbia_dc__county,2019-12-31,affordability,0.884790000196537,ma12_price_family_challenger,price_family_ma12_structural_linked,artifacts/regime/comparisons/price_family_structural_windows/price_family_ma12_structural_linked/phase2_chronology/chronology_monthly.csv
district_of_columbia_dc__county,2019-12-31,capital_markets,0.08276816195077065,incumbent_dimension_history,macro_regime_v1_bps120_sources,artifacts/regime/runs/macro_regime_v1_bps120_sources/dimension_scores.parquet
district_of_columbia_dc__county,2019-12-31,demand,0.08856481481481479,incumbent_dimension_history,macro_regime_v1_bps120_sources,artifacts/regime/runs/macro_regime_v1_bps120_sources/dimension_scores.parquet
district_of_columbia_dc__county,2019-12-31,price,-0.177101118295631,ma12_price_family_challenger,price_family_ma12_structural_linked,artifacts/regime/comparisons/price_family_structural_windows/price_family_ma12_structural_linked/phase2_chronology/chronology_monthly.csv
district_of_columbia_dc__county,2020-01-31,affordability,0.8812037590967263,ma12_price_family_challenger,price_family_ma12_structural_linked,artifacts/regime/comparisons/price_family_structural_windows/price_family_ma12_structural_linked/phase2_chronology/chronology_monthly.csv
district_of_columbia_dc__county,2020-01-31,capital_markets,0.3561668931353651,incumbent_dimension_history,macro_regime_v1_bps120_sources,artifacts/regime/runs/macro_regime_v1_bps120_sources/dimension_scores.parquet
district_of_columbia_dc__county,2020-01-31,demand,0.3487037037037037,incumbent_dimension_history,macro_regime_v1_bps120_sources,artifacts/regime/runs/macro_regime_v1_bps120_sources/dimension_scores.parquet
district_of_columbia_dc__county,2020-01-31,price,-0.1284833059453401,ma12_price_family_challenger,price_family_ma12_structural_linked,artifacts/regime/comparisons/price_family_structural_windows/price_family_ma12_structural_linked/phase2_chronology/chronology_monthly.csv
district_of_columbia_dc__county,2020-02-29,affordability,0.8976124794745485,ma12_price_family_challenger,price_family_ma12_structural_linked,artifacts/regime/comparisons/price_family_structural_windows/price_family_ma12_structural_linked/phase2_chronology/chronology_monthly.csv
district_of_columbia_dc__county,2020-02-29,capital_markets,0.524769426746576,incumbent_dimension_history,macro_regime_v1_bps120_sources,artifacts/regime/runs/macro_regime_v1_bps120_sources/dimension_scores.parquet
district_of_columbia_dc__county,2020-02-29,demand,0.332037037037037,incumbent_dimension_history,macro_regime_v1_bps120_sources,artifacts/regime/runs/macro_regime_v1_bps120_sources/dimension_scores.parquet
district_of_columbia_dc__county,2020-02-29,price,-0.274328407224959,ma12_price_family_challenger,price_family_ma12_structural_linked,artifacts/regime/comparisons/price_family_structural_windows/price_family_ma12_structural_linked/phase2_chronology/chronology_monthly.csv
district_of_columbia_dc__county,2020-03-31,affordability,0.7274401913875599,ma12_price_family_challenger,price_family_ma12_structural_linked,artifacts/regime/comparisons/price_family_structural_windows/price_family_ma12_structural_linked/phase2_chronology/chronology_monthly.csv
district_of_columbia_dc__county,2020-03-31,capital_markets,0.3312751402112951,incumbent_dimension_history,macro_regime_v1_bps120_sources,artifacts/regime/runs/macro_regime_v1_bps120_sources/dimension_scores.parquet
district_of_columbia_dc__county,2020-03-31,demand,-0.1546296296296296,incumbent_dimension_history,macro_regime_v1_bps120_sources,artifacts/regime/runs/macro_regime_v1_bps120_sources/dimension_scores.parquet
district_of_columbia_dc__county,2020-03-31,price,-0.2685437658316915,ma12_price_family_challenger,price_family_ma12_structural_linked,artifacts/regime/comparisons/price_family_structural_windows/price_family_ma12_structural_linked/phase2_chronology/chronology_monthly.csv
district_of_columbia_dc__county,2020-04-30,affordability,0.6925977080144836,ma12_price_family_challenger,price_family_ma12_structural_linked,artifacts/regime/comparisons/price_family_structural_windows/price_family_ma12_structural_linked/phase2_chronology/chronology_monthly.csv
district_of_columbia_dc__county,2020-04-30,capital_markets,0.493522656861211,incumbent_dimension_history,macro_regime_v1_bps120_sources,artifacts/regime/runs/macro_regime_v1_bps120_sources/dimension_scores.parquet
district_of_columbia_dc__county,2020-04-30,demand,-0.32740740740740737,incumbent_dimension_history,macro_regime_v1_bps120_sources,artifacts/regime/runs/macro_regime_v1_bps120_sources/dimension_scores.parquet
district_of_columbia_dc__county,2020-04-30,price,-0.1241899083409404,ma12_price_family_challenger,price_family_ma12_structural_linked,artifacts/regime/comparisons/price_family_structural_windows/price_family_ma12_structural_linked/phase2_chronology/chronology_monthly.csv
district_of_columbia_dc__county,2020-05-31,affordability,0.5961685823754789,ma12_price_family_challenger,price_family_ma12_structural_linked,artifacts/regime/comparisons/price_family_structural_windows/price_family_ma12_structural_linked/phase2_chronology/chronology_monthly.csv
district_of_columbia_dc__county,2020-05-31,capital_markets,0.3473867402389158,incumbent_dimension_history,macro_regime_v1_bps120_sources,artifacts/regime/runs/macro_regime_v1_bps120_sources/dimension_scores.parquet
district_of_columbia_dc__county,2020-05-31,demand,-0.2188240740740741,incumbent_dimension_history,macro_regime_v1_bps120_sources,artifacts/regime/runs/macro_regime_v1_bps120_sources/dimension_scores.parquet
district_of_columbia_dc__county,2020-05-31,price,0.2330781019746537,ma12_price_family_challenger,price_family_ma12_structural_linked,artifacts/regime/comparisons/price_family_structural_windows/price_family_ma12_structural_linked/phase2_chronology/chronology_monthly.csv
district_of_columbia_dc__county,2020-06-30,affordability,0.6311308944220337,ma12_price_family_challenger,price_family_ma12_structural_linked,artifacts/regime/comparisons/price_family_structural_windows/price_family_ma12_structural_linked/phase2_chronology/chronology_monthly.csv
district_of_columbia_dc__county,2020-06-30,capital_markets,0.3064470114715624,incumbent_dimension_history,macro_regime_v1_bps120_sources,artifacts/regime/runs/macro_regime_v1_bps120_sources/dimension_scores.parquet
district_of_columbia_dc__county,2020-06-30,demand,-0.08643518518518521,incumbent_dimension_history,macro_regime_v1_bps120_sources,artifacts/regime/runs/macro_regime_v1_bps120_sources/dimension_scores.parquet
district_of_columbia_dc__county,2020-06-30,price,0.0718109991274548,ma12_price_family_challenger,price_family_ma12_structural_linked,artifacts/regime/comparisons/price_family_structural_windows/price_family_ma12_structural_linked/phase2_chronology/chronology_monthly.csv
district_of_columbia_dc__county,2020-07-31,affordability,0.587830361504641,ma12_price_family_challenger,price_family_ma12_structural_linked,artifacts/regime/comparisons/price_family_structural_windows/price_family_ma12_structural_linked/phase2_chronology/chronology_monthly.csv
district_of_columbia_dc__county,2020-07-31,capital_markets,0.567998939864643,incumbent_dimension_history,macro_regime_v1_bps120_sources,artifacts/regime/runs/macro_regime_v1_bps120_sources/dimension_scores.parquet
district_of_columbia_dc__county,2020-07-31,demand,-0.1223240740740741,incumbent_dimension_history,macro_regime_v1_bps120_sources,artifacts/regime/runs/macro_regime_v1_bps120_sources/dimension_scores.parquet
district_of_columbia_dc__county,2020-07-31,price,0.3560312652662434,ma12_price_family_challenger,price_family_ma12_structural_linked,artifacts/regime/comparisons/price_family_structural_windows/price_family_ma12_structural_linked/phase2_chronology/chronology_monthly.csv
district_of_columbia_dc__county,2020-08-31,affordability,0.5295340501792114,ma12_price_family_challenger,price_family_ma12_structural_linked,artifacts/regime/comparisons/price_family_structural_windows/price_family_ma12_structural_linked/phase2_chronology/chronology_monthly.csv
district_of_columbia_dc__county,2020-08-31,capital_markets,0.33162758286446936,incumbent_dimension_history,macro_regime_v1_bps120_sources,artifacts/regime/runs/macro_regime_v1_bps120_sources/dimension_scores.parquet
district_of_columbia_dc__county,2020-08-31,demand,-0.09560185185185187,incumbent_dimension_history,macro_regime_v1_bps120_sources,artifacts/regime/runs/macro_regime_v1_bps120_sources/dimension_scores.parquet
district_of_columbia_dc__county,2020-08-31,price,0.5266180804460374,ma12_price_family_challenger,price_family_ma12_structural_linked,artifacts/regime/comparisons/price_family_structural_windows/price_family_ma12_structural_linked/phase2_chronology/chronology_monthly.csv
district_of_columbia_dc__county,2020-09-30,affordability,0.43842418608895,ma12_price_family_challenger,price_family_ma12_structural_linked,artifacts/regime/comparisons/price_family_structural_windows/price_family_ma12_structural_linked/phase2_chronology/chronology_monthly.csv
district_of_columbia_dc__county,2020-09-30,capital_markets,0.36755715741443873,incumbent_dimension_history,macro_regime_v1_bps120_sources,artifacts/regime/runs/macro_regime_v1_bps120_sources/dimension_scores.parquet
district_of_columbia_dc__county,2020-09-30,demand,-0.271074074074074,incumbent_dimension_history,macro_regime_v1_bps120_sources,artifacts/regime/runs/macro_regime_v1_bps120_sources/dimension_scores.parquet
district_of_columbia_dc__county,2020-09-30,price,0.6371937590173189,ma12_price_family_challenger,price_family_ma12_structural_linked,artifacts/regime/comparisons/price_family_structural_windows/price_family_ma12_structural_linked/phase2_chronology/chronology_monthly.csv
district_of_columbia_dc__county,2020-10-31,affordability,0.2291541451848583,ma12_price_family_challenger,price_family_ma12_structural_linked,artifacts/regime/comparisons/price_family_structural_windows/price_family_ma12_structural_linked/phase2_chronology/chronology_monthly.csv
district_of_columbia_dc__county,2020-10-31,capital_markets,0.3193984802121583,incumbent_dimension_history,macro_regime_v1_bps120_sources,artifacts/regime/runs/macro_regime_v1_bps120_sources/dimension_scores.parquet
district_of_columbia_dc__county,2020-10-31,demand,-0.0640740740740741,incumbent_dimension_history,macro_regime_v1_bps120_sources,artifacts/regime/runs/macro_regime_v1_bps120_sources/dimension_scores.parquet
district_of_columbia_dc__county,2020-10-31,price,0.8026526977475117,ma12_price_family_challenger,price_family_ma12_structural_linked,artifacts/regime/comparisons/price_family_structural_windows/price_family_ma12_structural_linked/phase2_chronology/chronology_monthly.csv
district_of_columbia_dc__county,2020-11-30,affordability,0.1961837557603686,ma12_price_family_challenger,price_family_ma12_structural_linked,artifacts/regime/comparisons/price_family_structural_windows/price_family_ma12_structural_linked/phase2_chronology/chronology_monthly.csv
district_of_columbia_dc__county,2020-11-30,capital_markets,0.29871249733860233,incumbent_dimension_history,macro_regime_v1_bps120_sources,artifacts/regime/runs/macro_regime_v1_bps120_sources/dimension_scores.parquet
district_of_columbia_dc__county,2020-11-30,demand,-0.18462962962962964,incumbent_dimension_history,macro_regime_v1_bps120_sources,artifacts/regime/runs/macro_regime_v1_bps120_sources/dimension_scores.parquet
district_of_columbia_dc__county,2020-11-30,price,0.8348632872503841,ma12_price_family_challenger,price_family_ma12_structural_linked,artifacts/regime/comparisons/price_family_structural_windows/price_family_ma12_structural_linked/phase2_chronology/chronology_monthly.csv
district_of_columbia_dc__county,2020-12-31,affordability,-0.0858248712953047,ma12_price_family_challenger,price_family_ma12_structural_linked,artifacts/regime/comparisons/price_family_structural_windows/price_family_ma12_structural_linked/phase2_chronology/chronology_monthly.csv
district_of_columbia_dc__county,2020-12-31,capital_markets,0.32831317668076687,incumbent_dimension_history,macro_regime_v1_bps120_sources,artifacts/regime/runs/macro_regime_v1_bps120_sources/dimension_scores.parquet
district_of_columbia_dc__county,2020-12-31,demand,-0.41559450332089654,incumbent_dimension_history,macro_regime_v1_bps120_sources,artifacts/regime/runs/macro_regime_v1_bps120_sources/dimension_scores.parquet
district_of_columbia_dc__county,2020-12-31,price,0.8111689612015018,ma12_price_family_challenger,price_family_ma12_structural_linked,artifacts/regime/comparisons/price_family_structural_windows/price_family_ma12_structural_linked/phase2_chronology/chronology_monthly.csv
district_of_columbia_dc__county,2021-01-31,affordability,-0.1806792146479154,ma12_price_family_challenger,price_family_ma12_structural_linked,artifacts/regime/comparisons/price_family_structural_windows/price_family_ma12_structural_linked/phase2_chronology/chronology_monthly.csv
district_of_columbia_dc__county,2021-01-31,capital_markets,0.15257421499592008,incumbent_dimension_history,macro_regime_v1_bps120_sources,artifacts/regime/runs/macro_regime_v1_bps120_sources/dimension_scores.parquet
district_of_columbia_dc__county,2021-01-31,demand,-0.39926116998756317,incumbent_dimension_history,macro_regime_v1_bps120_sources,artifacts/regime/runs/macro_regime_v1_bps120_sources/dimension_scores.parquet
district_of_columbia_dc__county,2021-01-31,price,0.8302717258261934,ma12_price_family_challenger,price_family_ma12_structural_linked,artifacts/regime/comparisons/price_family_structural_windows/price_family_ma12_structural_linked/phase2_chronology/chronology_monthly.csv
district_of_columbia_dc__county,2021-02-28,affordability,-0.2949710902124695,ma12_price_family_challenger,price_family_ma12_structural_linked,artifacts/regime/comparisons/price_family_structural_windows/price_family_ma12_structural_linked/phase2_chronology/chronology_monthly.csv
district_of_columbia_dc__county,2021-02-28,capital_markets,0.1853451061133988,incumbent_dimension_history,macro_regime_v1_bps120_sources,artifacts/regime/runs/macro_regime_v1_bps120_sources/dimension_scores.parquet
district_of_columbia_dc__county,2021-02-28,demand,-0.3878167255431187,incumbent_dimension_history,macro_regime_v1_bps120_sources,artifacts/regime/runs/macro_regime_v1_bps120_sources/dimension_scores.parquet
district_of_columbia_dc__county,2021-02-28,price,0.8337873563218392,ma12_price_family_challenger,price_family_ma12_structural_linked,artifacts/regime/comparisons/price_family_structural_windows/price_family_ma12_structural_linked/phase2_chronology/chronology_monthly.csv
district_of_columbia_dc__county,2021-03-31,affordability,-0.3587628865979381,ma12_price_family_challenger,price_family_ma12_structural_linked,artifacts/regime/comparisons/price_family_structural_windows/price_family_ma12_structural_linked/phase2_chronology/chronology_monthly.csv
district_of_columbia_dc__county,2021-03-31,capital_markets,-0.0082065742167437,incumbent_dimension_history,macro_regime_v1_bps120_sources,artifacts/regime/runs/macro_regime_v1_bps120_sources/dimension_scores.parquet
district_of_columbia_dc__county,2021-03-31,demand,-0.42712228109867423,incumbent_dimension_history,macro_regime_v1_bps120_sources,artifacts/regime/runs/macro_regime_v1_bps120_sources/dimension_scores.parquet
district_of_columbia_dc__county,2021-03-31,price,0.8763186504217433,ma12_price_family_challenger,price_family_ma12_structural_linked,artifacts/regime/comparisons/price_family_structural_windows/price_family_ma12_structural_linked/phase2_chronology/chronology_monthly.csv
district_of_columbia_dc__county,2021-04-30,affordability,-0.3498330158629253,ma12_price_family_challenger,price_family_ma12_structural_linked,artifacts/regime/comparisons/price_family_structural_windows/price_family_ma12_structural_linked/phase2_chronology/chronology_monthly.csv
district_of_columbia_dc__county,2021-04-30,capital_markets,0.10937746728678187,incumbent_dimension_history,macro_regime_v1_bps120_sources,artifacts/regime/runs/macro_regime_v1_bps120_sources/dimension_scores.parquet
district_of_columbia_dc__county,2021-04-30,demand,-0.2940111699875632,incumbent_dimension_history,macro_regime_v1_bps120_sources,artifacts/regime/runs/macro_regime_v1_bps120_sources/dimension_scores.parquet
district_of_columbia_dc__county,2021-04-30,price,0.8302581976610869,ma12_price_family_challenger,price_family_ma12_structural_linked,artifacts/regime/comparisons/price_family_structural_windows/price_family_ma12_structural_linked/phase2_chronology/chronology_monthly.csv
district_of_columbia_dc__county,2021-05-31,affordability,-0.3130837789661318,ma12_price_family_challenger,price_family_ma12_structural_linked,artifacts/regime/comparisons/price_family_structural_windows/price_family_ma12_structural_linked/phase2_chronology/chronology_monthly.csv
district_of_columbia_dc__county,2021-05-31,capital_markets,0.2909234619581376,incumbent_dimension_history,macro_regime_v1_bps120_sources,artifacts/regime/runs/macro_regime_v1_bps120_sources/dimension_scores.parquet
district_of_columbia_dc__county,2021-05-31,demand,-0.15753894776534094,incumbent_dimension_history,macro_regime_v1_bps120_sources,artifacts/regime/runs/macro_regime_v1_bps120_sources/dimension_scores.parquet
district_of_columbia_dc__county,2021-05-31,price,0.7616969696969698,ma12_price_family_challenger,price_family_ma12_structural_linked,artifacts/regime/comparisons/price_family_structural_windows/price_family_ma12_structural_linked/phase2_chronology/chronology_monthly.csv
district_of_columbia_dc__county,2021-06-30,affordability,-0.4070985810306198,ma12_price_family_challenger,price_family_ma12_structural_linked,artifacts/regime/comparisons/price_family_structural_windows/price_family_ma12_structural_linked/phase2_chronology/chronology_monthly.csv
district_of_columbia_dc__county,2021-06-30,capital_markets,0.14086842688658333,incumbent_dimension_history,macro_regime_v1_bps120_sources,artifacts/regime/runs/macro_regime_v1_bps120_sources/dimension_scores.parquet
district_of_columbia_dc__county,2021-06-30,demand,-0.0898167255431187,incumbent_dimension_history,macro_regime_v1_bps120_sources,artifacts/regime/runs/macro_regime_v1_bps120_sources/dimension_scores.parquet
district_of_columbia_dc__county,2021-06-30,price,0.9352087912087912,ma12_price_family_challenger,price_family_ma12_structural_linked,artifacts/regime/comparisons/price_family_structural_windows/price_family_ma12_structural_linked/phase2_chronology/chronology_monthly.csv
district_of_columbia_dc__county,2021-07-31,affordability,-0.3913763700784794,ma12_price_family_challenger,price_family_ma12_structural_linked,artifacts/regime/comparisons/price_family_structural_windows/price_family_ma12_structural_linked/phase2_chronology/chronology_monthly.csv
district_of_columbia_dc__county,2021-07-31,capital_markets,0.2622755914435472,incumbent_dimension_history,macro_regime_v1_bps120_sources,artifacts/regime/runs/macro_regime_v1_bps120_sources/dimension_scores.parquet
district_of_columbia_dc__county,2021-07-31,demand,0.11484994112354793,incumbent_dimension_history,macro_regime_v1_bps120_sources,artifacts/regime/runs/macro_regime_v1_bps120_sources/dimension_scores.parquet
district_of_columbia_dc__county,2021-07-31,price,0.9112423590185106,ma12_price_family_challenger,price_family_ma12_structural_linked,artifacts/regime/comparisons/price_family_structural_windows/price_family_ma12_structural_linked/phase2_chronology/chronology_monthly.csv
district_of_columbia_dc__county,2021-08-31,affordability,-0.3655823619770488,ma12_price_family_challenger,price_family_ma12_structural_linked,artifacts/regime/comparisons/price_family_structural_windows/price_family_ma12_structural_linked/phase2_chronology/chronology_monthly.csv
district_of_columbia_dc__county,2021-08-31,capital_markets,0.17363745263511268,incumbent_dimension_history,macro_regime_v1_bps120_sources,artifacts/regime/runs/macro_regime_v1_bps120_sources/dimension_scores.parquet
district_of_columbia_dc__county,2021-08-31,demand,-0.31073339220978535,incumbent_dimension_history,macro_regime_v1_bps120_sources,artifacts/regime/runs/macro_regime_v1_bps120_sources/dimension_scores.parquet
district_of_columbia_dc__county,2021-08-31,price,0.7742416192283366,ma12_price_family_challenger,price_family_ma12_structural_linked,artifacts/regime/comparisons/price_family_structural_windows/price_family_ma12_structural_linked/phase2_chronology/chronology_monthly.csv
district_of_columbia_dc__county,2021-09-30,affordability,-0.1947054054791423,ma12_price_family_challenger,price_family_ma12_structural_linked,artifacts/regime/comparisons/price_family_structural_windows/price_family_ma12_structural_linked/phase2_chronology/chronology_monthly.csv
district_of_columbia_dc__county,2021-09-30,capital_markets,-0.044646294171747127,incumbent_dimension_history,macro_regime_v1_bps120_sources,artifacts/regime/runs/macro_regime_v1_bps120_sources/dimension_scores.parquet
district_of_columbia_dc__county,2021-09-30,demand,-0.052955614432007636,incumbent_dimension_history,macro_regime_v1_bps120_sources,artifacts/regime/runs/macro_regime_v1_bps120_sources/dimension_scores.parquet
district_of_columbia_dc__county,2021-09-30,price,0.4221958428985123,ma12_price_family_challenger,price_family_ma12_structural_linked,artifacts/regime/comparisons/price_family_structural_windows/price_family_ma12_structural_linked/phase2_chronology/chronology_monthly.csv
district_of_columbia_dc__county,2021-10-31,affordability,-0.3441908509591737,ma12_price_family_challenger,price_family_ma12_structural_linked,artifacts/regime/comparisons/price_family_structural_windows/price_family_ma12_structural_linked/phase2_chronology/chronology_monthly.csv
district_of_columbia_dc__county,2021-10-31,capital_markets,-0.15682188499726496,incumbent_dimension_history,macro_regime_v1_bps120_sources,artifacts/regime/runs/macro_regime_v1_bps120_sources/dimension_scores.parquet
district_of_columbia_dc__county,2021-10-31,demand,-0.035038947765340944,incumbent_dimension_history,macro_regime_v1_bps120_sources,artifacts/regime/runs/macro_regime_v1_bps120_sources/dimension_scores.parquet
district_of_columbia_dc__county,2021-10-31,price,0.2989959514170041,ma12_price_family_challenger,price_family_ma12_structural_linked,artifacts/regime/comparisons/price_family_structural_windows/price_family_ma12_structural_linked/phase2_chronology/chronology_monthly.csv
district_of_columbia_dc__county,2021-11-30,affordability,-0.4025198412698412,ma12_price_family_challenger,price_family_ma12_structural_linked,artifacts/regime/comparisons/price_family_structural_windows/price_family_ma12_structural_linked/phase2_chronology/chronology_monthly.csv
district_of_columbia_dc__county,2021-11-30,capital_markets,0.050292056947623676,incumbent_dimension_history,macro_regime_v1_bps120_sources,artifacts/regime/runs/macro_regime_v1_bps120_sources/dimension_scores.parquet
district_of_columbia_dc__county,2021-11-30,demand,0.08232216334577015,incumbent_dimension_history,macro_regime_v1_bps120_sources,artifacts/regime/runs/macro_regime_v1_bps120_sources/dimension_scores.parquet
district_of_columbia_dc__county,2021-11-30,price,0.2807619047619047,ma12_price_family_challenger,price_family_ma12_structural_linked,artifacts/regime/comparisons/price_family_structural_windows/price_family_ma12_structural_linked/phase2_chronology/chronology_monthly.csv
district_of_columbia_dc__county,2021-12-31,affordability,-0.5624903501085892,ma12_price_family_challenger,price_family_ma12_structural_linked,artifacts/regime/comparisons/price_family_structural_windows/price_family_ma12_structural_linked/phase2_chronology/chronology_monthly.csv
district_of_columbia_dc__county,2021-12-31,capital_markets,0.07384805940534528,incumbent_dimension_history,macro_regime_v1_bps120_sources,artifacts/regime/runs/macro_regime_v1_bps120_sources/dimension_scores.parquet
district_of_columbia_dc__county,2021-12-31,demand,0.0523087846249611,incumbent_dimension_history,macro_regime_v1_bps120_sources,artifacts/regime/runs/macro_regime_v1_bps120_sources/dimension_scores.parquet
district_of_columbia_dc__county,2021-12-31,price,0.5202948842637619,ma12_price_family_challenger,price_family_ma12_structural_linked,artifacts/regime/comparisons/price_family_structural_windows/price_family_ma12_structural_linked/phase2_chronology/chronology_monthly.csv
district_of_columbia_dc__county,2022-01-31,affordability,-0.6723802299169456,ma12_price_family_challenger,price_family_ma12_structural_linked,artifacts/regime/comparisons/price_family_structural_windows/price_family_ma12_structural_linked/phase2_chronology/chronology_monthly.csv
district_of_columbia_dc__county,2022-01-31,capital_markets,-0.19335421523448088,incumbent_dimension_history,macro_regime_v1_bps120_sources,artifacts/regime/runs/macro_regime_v1_bps120_sources/dimension_scores.parquet
district_of_columbia_dc__county,2022-01-31,demand,-0.0526912153750389,incumbent_dimension_history,macro_regime_v1_bps120_sources,artifacts/regime/runs/macro_regime_v1_bps120_sources/dimension_scores.parquet
district_of_columbia_dc__county,2022-01-31,price,0.4146915887850467,ma12_price_family_challenger,price_family_ma12_structural_linked,artifacts/regime/comparisons/price_family_structural_windows/price_family_ma12_structural_linked/phase2_chronology/chronology_monthly.csv
district_of_columbia_dc__county,2022-02-28,affordability,-0.7786836836836837,ma12_price_family_challenger,price_family_ma12_structural_linked,artifacts/regime/comparisons/price_family_structural_windows/price_family_ma12_structural_linked/phase2_chronology/chronology_monthly.csv
district_of_columbia_dc__county,2022-02-28,capital_markets,-0.16288793093639778,incumbent_dimension_history,macro_regime_v1_bps120_sources,artifacts/regime/runs/macro_regime_v1_bps120_sources/dimension_scores.parquet
district_of_columbia_dc__county,2022-02-28,demand,0.2823921179582945,incumbent_dimension_history,macro_regime_v1_bps120_sources,artifacts/regime/runs/macro_regime_v1_bps120_sources/dimension_scores.parquet
district_of_columbia_dc__county,2022-02-28,price,0.1885925925925926,ma12_price_family_challenger,price_family_ma12_structural_linked,artifacts/regime/comparisons/price_family_structural_windows/price_family_ma12_structural_linked/phase2_chronology/chronology_monthly.csv
district_of_columbia_dc__county,2022-03-31,affordability,-0.813743119266055,ma12_price_family_challenger,price_family_ma12_structural_linked,artifacts/regime/comparisons/price_family_structural_windows/price_family_ma12_structural_linked/phase2_chronology/chronology_monthly.csv
district_of_columbia_dc__county,2022-03-31,capital_markets,-0.36424593138293093,incumbent_dimension_history,macro_regime_v1_bps120_sources,artifacts/regime/runs/macro_regime_v1_bps120_sources/dimension_scores.parquet
district_of_columbia_dc__county,2022-03-31,demand,0.2578643401805167,incumbent_dimension_history,macro_regime_v1_bps120_sources,artifacts/regime/runs/macro_regime_v1_bps120_sources/dimension_scores.parquet
district_of_columbia_dc__county,2022-03-31,price,0.1154685452162516,ma12_price_family_challenger,price_family_ma12_structural_linked,artifacts/regime/comparisons/price_family_structural_windows/price_family_ma12_structural_linked/phase2_chronology/chronology_monthly.csv
district_of_columbia_dc__county,2022-04-30,affordability,-0.8437758775877588,ma12_price_family_challenger,price_family_ma12_structural_linked,artifacts/regime/comparisons/price_family_structural_windows/price_family_ma12_structural_linked/phase2_chronology/chronology_monthly.csv
district_of_columbia_dc__county,2022-04-30,capital_markets,-0.5739686970234575,incumbent_dimension_history,macro_regime_v1_bps120_sources,artifacts/regime/runs/macro_regime_v1_bps120_sources/dimension_scores.parquet
district_of_columbia_dc__county,2022-04-30,demand,0.15383656240273885,incumbent_dimension_history,macro_regime_v1_bps120_sources,artifacts/regime/runs/macro_regime_v1_bps120_sources/dimension_scores.parquet
district_of_columbia_dc__county,2022-04-30,price,0.2163863696104123,ma12_price_family_challenger,price_family_ma12_structural_linked,artifacts/regime/comparisons/price_family_structural_windows/price_family_ma12_structural_linked/phase2_chronology/chronology_monthly.csv
district_of_columbia_dc__county,2022-05-31,affordability,-0.7573635400105988,ma12_price_family_challenger,price_family_ma12_structural_linked,artifacts/regime/comparisons/price_family_structural_windows/price_family_ma12_structural_linked/phase2_chronology/chronology_monthly.csv
district_of_columbia_dc__county,2022-05-31,capital_markets,-0.5884152933153323,incumbent_dimension_history,macro_regime_v1_bps120_sources,artifacts/regime/runs/macro_regime_v1_bps120_sources/dimension_scores.parquet
district_of_columbia_dc__county,2022-05-31,demand,0.12397545129162776,incumbent_dimension_history,macro_regime_v1_bps120_sources,artifacts/regime/runs/macro_regime_v1_bps120_sources/dimension_scores.parquet
district_of_columbia_dc__county,2022-05-31,price,-0.1189162971020556,ma12_price_family_challenger,price_family_ma12_structural_linked,artifacts/regime/comparisons/price_family_structural_windows/price_family_ma12_structural_linked/phase2_chronology/chronology_monthly.csv
district_of_columbia_dc__county,2022-06-30,affordability,-0.7332725381414702,ma12_price_family_challenger,price_family_ma12_structural_linked,artifacts/regime/comparisons/price_family_structural_windows/price_family_ma12_structural_linked/phase2_chronology/chronology_monthly.csv
district_of_columbia_dc__county,2022-06-30,capital_markets,-0.5166919284467714,incumbent_dimension_history,macro_regime_v1_bps120_sources,artifacts/regime/runs/macro_regime_v1_bps120_sources/dimension_scores.parquet
district_of_columbia_dc__county,2022-06-30,demand,0.16666989573607222,incumbent_dimension_history,macro_regime_v1_bps120_sources,artifacts/regime/runs/macro_regime_v1_bps120_sources/dimension_scores.parquet
district_of_columbia_dc__county,2022-06-30,price,-0.1644715672676837,ma12_price_family_challenger,price_family_ma12_structural_linked,artifacts/regime/comparisons/price_family_structural_windows/price_family_ma12_structural_linked/phase2_chronology/chronology_monthly.csv
district_of_columbia_dc__county,2022-07-31,affordability,-0.6577194079951174,ma12_price_family_challenger,price_family_ma12_structural_linked,artifacts/regime/comparisons/price_family_structural_windows/price_family_ma12_structural_linked/phase2_chronology/chronology_monthly.csv
district_of_columbia_dc__county,2022-07-31,capital_markets,-0.2810756444479432,incumbent_dimension_history,macro_regime_v1_bps120_sources,artifacts/regime/runs/macro_regime_v1_bps120_sources/dimension_scores.parquet
district_of_columbia_dc__county,2022-07-31,demand,0.30453100684718326,incumbent_dimension_history,macro_regime_v1_bps120_sources,artifacts/regime/runs/macro_regime_v1_bps120_sources/dimension_scores.parquet
district_of_columbia_dc__county,2022-07-31,price,-0.3506713926903124,ma12_price_family_challenger,price_family_ma12_structural_linked,artifacts/regime/comparisons/price_family_structural_windows/price_family_ma12_structural_linked/phase2_chronology/chronology_monthly.csv
district_of_columbia_dc__county,2022-08-31,affordability,-0.5664134695713643,ma12_price_family_challenger,price_family_ma12_structural_linked,artifacts/regime/comparisons/price_family_structural_windows/price_family_ma12_structural_linked/phase2_chronology/chronology_monthly.csv
district_of_columbia_dc__county,2022-08-31,capital_markets,-0.3553548762011985,incumbent_dimension_history,macro_regime_v1_bps120_sources,artifacts/regime/runs/macro_regime_v1_bps120_sources/dimension_scores.parquet
district_of_columbia_dc__county,2022-08-31,demand,0.043419895736072224,incumbent_dimension_history,macro_regime_v1_bps120_sources,artifacts/regime/runs/macro_regime_v1_bps120_sources/dimension_scores.parquet
district_of_columbia_dc__county,2022-08-31,price,-0.4429792429792429,ma12_price_family_challenger,price_family_ma12_structural_linked,artifacts/regime/comparisons/price_family_structural_windows/price_family_ma12_structural_linked/phase2_chronology/chronology_monthly.csv
district_of_columbia_dc__county,2022-09-30,affordability,-0.6702229112498436,ma12_price_family_challenger,price_family_ma12_structural_linked,artifacts/regime/comparisons/price_family_structural_windows/price_family_ma12_structural_linked/phase2_chronology/chronology_monthly.csv
district_of_columbia_dc__county,2022-09-30,capital_markets,-0.6166373916095734,incumbent_dimension_history,macro_regime_v1_bps120_sources,artifacts/regime/runs/macro_regime_v1_bps120_sources/dimension_scores.parquet
district_of_columbia_dc__county,2022-09-30,demand,0.1614754512916278,incumbent_dimension_history,macro_regime_v1_bps120_sources,artifacts/regime/runs/macro_regime_v1_bps120_sources/dimension_scores.parquet
district_of_columbia_dc__county,2022-09-30,price,-0.4629298813976447,ma12_price_family_challenger,price_family_ma12_structural_linked,artifacts/regime/comparisons/price_family_structural_windows/price_family_ma12_structural_linked/phase2_chronology/chronology_monthly.csv
district_of_columbia_dc__county,2022-10-31,affordability,-0.6594861952515457,ma12_price_family_challenger,price_family_ma12_structural_linked,artifacts/regime/comparisons/price_family_structural_windows/price_family_ma12_structural_linked/phase2_chronology/chronology_monthly.csv
district_of_columbia_dc__county,2022-10-31,capital_markets,-0.6718430414306191,incumbent_dimension_history,macro_regime_v1_bps120_sources,artifacts/regime/runs/macro_regime_v1_bps120_sources/dimension_scores.parquet
district_of_columbia_dc__county,2022-10-31,demand,-0.012830104263927779,incumbent_dimension_history,macro_regime_v1_bps120_sources,artifacts/regime/runs/macro_regime_v1_bps120_sources/dimension_scores.parquet
district_of_columbia_dc__county,2022-10-31,price,-0.5202490406410711,ma12_price_family_challenger,price_family_ma12_structural_linked,artifacts/regime/comparisons/price_family_structural_windows/price_family_ma12_structural_linked/phase2_chronology/chronology_monthly.csv
district_of_columbia_dc__county,2022-11-30,affordability,-0.6322777777777777,ma12_price_family_challenger,price_family_ma12_structural_linked,artifacts/regime/comparisons/price_family_structural_windows/price_family_ma12_structural_linked/phase2_chronology/chronology_monthly.csv
district_of_columbia_dc__county,2022-11-30,capital_markets,-0.46620180478831674,incumbent_dimension_history,macro_regime_v1_bps120_sources,artifacts/regime/runs/macro_regime_v1_bps120_sources/dimension_scores.parquet
district_of_columbia_dc__county,2022-11-30,demand,0.027864340180516596,incumbent_dimension_history,macro_regime_v1_bps120_sources,artifacts/regime/runs/macro_regime_v1_bps120_sources/dimension_scores.parquet
district_of_columbia_dc__county,2022-11-30,price,-0.5445042735042736,ma12_price_family_challenger,price_family_ma12_structural_linked,artifacts/regime/comparisons/price_family_structural_windows/price_family_ma12_structural_linked/phase2_chronology/chronology_monthly.csv
district_of_columbia_dc__county,2022-12-31,affordability,0.2066850152905199,ma12_price_family_challenger,price_family_ma12_structural_linked,artifacts/regime/comparisons/price_family_structural_windows/price_family_ma12_structural_linked/phase2_chronology/chronology_monthly.csv
district_of_columbia_dc__county,2022-12-31,capital_markets,-0.2798238608452298,incumbent_dimension_history,macro_regime_v1_bps120_sources,artifacts/regime/runs/macro_regime_v1_bps120_sources/dimension_scores.parquet
district_of_columbia_dc__county,2022-12-31,demand,0.13564099978109267,incumbent_dimension_history,macro_regime_v1_bps120_sources,artifacts/regime/runs/macro_regime_v1_bps120_sources/dimension_scores.parquet
district_of_columbia_dc__county,2022-12-31,price,-0.5778477167884726,ma12_price_family_challenger,price_family_ma12_structural_linked,artifacts/regime/comparisons/price_family_structural_windows/price_family_ma12_structural_linked/phase2_chronology/chronology_monthly.csv
district_of_columbia_dc__county,2023-01-31,affordability,0.2423939393939394,ma12_price_family_challenger,price_family_ma12_structural_linked,artifacts/regime/comparisons/price_family_structural_windows/price_family_ma12_structural_linked/phase2_chronology/chronology_monthly.csv
district_of_columbia_dc__county,2023-01-31,capital_markets,-0.386523201569344,incumbent_dimension_history,macro_regime_v1_bps120_sources,artifacts/regime/runs/macro_regime_v1_bps120_sources/dimension_scores.parquet
district_of_columbia_dc__county,2023-01-31,demand,0.18202988866998152,incumbent_dimension_history,macro_regime_v1_bps120_sources,artifacts/regime/runs/macro_regime_v1_bps120_sources/dimension_scores.parquet
district_of_columbia_dc__county,2023-01-31,price,-0.607769034886682,ma12_price_family_challenger,price_family_ma12_structural_linked,artifacts/regime/comparisons/price_family_structural_windows/price_family_ma12_structural_linked/phase2_chronology/chronology_monthly.csv
district_of_columbia_dc__county,2023-02-28,affordability,0.2650180180180181,ma12_price_family_challenger,price_family_ma12_structural_linked,artifacts/regime/comparisons/price_family_structural_windows/price_family_ma12_structural_linked/phase2_chronology/chronology_monthly.csv
district_of_columbia_dc__county,2023-02-28,capital_markets,-0.48117630706725123,incumbent_dimension_history,macro_regime_v1_bps120_sources,artifacts/regime/runs/macro_regime_v1_bps120_sources/dimension_scores.parquet
district_of_columbia_dc__county,2023-02-28,demand,0.11411322200331489,incumbent_dimension_history,macro_regime_v1_bps120_sources,artifacts/regime/runs/macro_regime_v1_bps120_sources/dimension_scores.parquet
district_of_columbia_dc__county,2023-02-28,price,-0.6323153153153154,ma12_price_family_challenger,price_family_ma12_structural_linked,artifacts/regime/comparisons/price_family_structural_windows/price_family_ma12_structural_linked/phase2_chronology/chronology_monthly.csv
district_of_columbia_dc__county,2023-03-31,affordability,0.1486071428571428,ma12_price_family_challenger,price_family_ma12_structural_linked,artifacts/regime/comparisons/price_family_structural_windows/price_family_ma12_structural_linked/phase2_chronology/chronology_monthly.csv
district_of_columbia_dc__county,2023-03-31,capital_markets,-0.4545955223880596,incumbent_dimension_history,macro_regime_v1_bps120_sources,artifacts/regime/runs/macro_regime_v1_bps120_sources/dimension_scores.parquet
district_of_columbia_dc__county,2023-03-31,demand,-0.012831222441129572,incumbent_dimension_history,macro_regime_v1_bps120_sources,artifacts/regime/runs/macro_regime_v1_bps120_sources/dimension_scores.parquet
district_of_columbia_dc__county,2023-03-31,price,-0.6412857142857142,ma12_price_family_challenger,price_family_ma12_structural_linked,artifacts/regime/comparisons/price_family_structural_windows/price_family_ma12_structural_linked/phase2_chronology/chronology_monthly.csv
district_of_columbia_dc__county,2023-04-30,affordability,0.2863879056047198,ma12_price_family_challenger,price_family_ma12_structural_linked,artifacts/regime/comparisons/price_family_structural_windows/price_family_ma12_structural_linked/phase2_chronology/chronology_monthly.csv
district_of_columbia_dc__county,2023-04-30,capital_markets,-0.24113205260824594,incumbent_dimension_history,macro_regime_v1_bps120_sources,artifacts/regime/runs/macro_regime_v1_bps120_sources/dimension_scores.parquet
district_of_columbia_dc__county,2023-04-30,demand,0.007668777558870426,incumbent_dimension_history,macro_regime_v1_bps120_sources,artifacts/regime/runs/macro_regime_v1_bps120_sources/dimension_scores.parquet
district_of_columbia_dc__county,2023-04-30,price,-0.6463333333333334,ma12_price_family_challenger,price_family_ma12_structural_linked,artifacts/regime/comparisons/price_family_structural_windows/price_family_ma12_structural_linked/phase2_chronology/chronology_monthly.csv
district_of_columbia_dc__county,2023-05-31,affordability,0.2156140350877193,ma12_price_family_challenger,price_family_ma12_structural_linked,artifacts/regime/comparisons/price_family_structural_windows/price_family_ma12_structural_linked/phase2_chronology/chronology_monthly.csv
district_of_columbia_dc__county,2023-05-31,capital_markets,-0.44530668309809346,incumbent_dimension_history,macro_regime_v1_bps120_sources,artifacts/regime/runs/macro_regime_v1_bps120_sources/dimension_scores.parquet
district_of_columbia_dc__county,2023-05-31,demand,0.004390999781092637,incumbent_dimension_history,macro_regime_v1_bps120_sources,artifacts/regime/runs/macro_regime_v1_bps120_sources/dimension_scores.parquet
district_of_columbia_dc__county,2023-05-31,price,-0.614982456140351,ma12_price_family_challenger,price_family_ma12_structural_linked,artifacts/regime/comparisons/price_family_structural_windows/price_family_ma12_structural_linked/phase2_chronology/chronology_monthly.csv
district_of_columbia_dc__county,2023-06-30,affordability,0.2798623188405796,ma12_price_family_challenger,price_family_ma12_structural_linked,artifacts/regime/comparisons/price_family_structural_windows/price_family_ma12_structural_linked/phase2_chronology/chronology_monthly.csv
district_of_columbia_dc__county,2023-06-30,capital_markets,-0.5158264404037477,incumbent_dimension_history,macro_regime_v1_bps120_sources,artifacts/regime/runs/macro_regime_v1_bps120_sources/dimension_scores.parquet
district_of_columbia_dc__county,2023-06-30,demand,0.009807666447759331,incumbent_dimension_history,macro_regime_v1_bps120_sources,artifacts/regime/runs/macro_regime_v1_bps120_sources/dimension_scores.parquet
district_of_columbia_dc__county,2023-06-30,price,-0.6596666666666667,ma12_price_family_challenger,price_family_ma12_structural_linked,artifacts/regime/comparisons/price_family_structural_windows/price_family_ma12_structural_linked/phase2_chronology/chronology_monthly.csv
district_of_columbia_dc__county,2023-07-31,affordability,0.2122011494252873,ma12_price_family_challenger,price_family_ma12_structural_linked,artifacts/regime/comparisons/price_family_structural_windows/price_family_ma12_structural_linked/phase2_chronology/chronology_monthly.csv
district_of_columbia_dc__county,2023-07-31,capital_markets,-0.5835505281703229,incumbent_dimension_history,macro_regime_v1_bps120_sources,artifacts/regime/runs/macro_regime_v1_bps120_sources/dimension_scores.parquet
district_of_columbia_dc__county,2023-07-31,demand,0.06966877755887038,incumbent_dimension_history,macro_regime_v1_bps120_sources,artifacts/regime/runs/macro_regime_v1_bps120_sources/dimension_scores.parquet
district_of_columbia_dc__county,2023-07-31,price,-0.6441034482758621,ma12_price_family_challenger,price_family_ma12_structural_linked,artifacts/regime/comparisons/price_family_structural_windows/price_family_ma12_structural_linked/phase2_chronology/chronology_monthly.csv
district_of_columbia_dc__county,2023-08-31,affordability,0.1477051282051282,ma12_price_family_challenger,price_family_ma12_structural_linked,artifacts/regime/comparisons/price_family_structural_windows/price_family_ma12_structural_linked/phase2_chronology/chronology_monthly.csv
district_of_columbia_dc__county,2023-08-31,capital_markets,-0.5624859314846776,incumbent_dimension_history,macro_regime_v1_bps120_sources,artifacts/regime/runs/macro_regime_v1_bps120_sources/dimension_scores.parquet
district_of_columbia_dc__county,2023-08-31,demand,-0.15727566688557398,incumbent_dimension_history,macro_regime_v1_bps120_sources,artifacts/regime/runs/macro_regime_v1_bps120_sources/dimension_scores.parquet
district_of_columbia_dc__county,2023-08-31,price,-0.6274102564102565,ma12_price_family_challenger,price_family_ma12_structural_linked,artifacts/regime/comparisons/price_family_structural_windows/price_family_ma12_structural_linked/phase2_chronology/chronology_monthly.csv
district_of_columbia_dc__county,2023-09-30,affordability,0.2300225988700564,ma12_price_family_challenger,price_family_ma12_structural_linked,artifacts/regime/comparisons/price_family_structural_windows/price_family_ma12_structural_linked/phase2_chronology/chronology_monthly.csv
district_of_columbia_dc__county,2023-09-30,capital_markets,-0.4758792010765839,incumbent_dimension_history,macro_regime_v1_bps120_sources,artifacts/regime/runs/macro_regime_v1_bps120_sources/dimension_scores.parquet
district_of_columbia_dc__county,2023-09-30,demand,0.1213354442255371,incumbent_dimension_history,macro_regime_v1_bps120_sources,artifacts/regime/runs/macro_regime_v1_bps120_sources/dimension_scores.parquet
district_of_columbia_dc__county,2023-09-30,price,-0.5591638418079097,ma12_price_family_challenger,price_family_ma12_structural_linked,artifacts/regime/comparisons/price_family_structural_windows/price_family_ma12_structural_linked/phase2_chronology/chronology_monthly.csv
district_of_columbia_dc__county,2023-10-31,affordability,0.186141456582633,ma12_price_family_challenger,price_family_ma12_structural_linked,artifacts/regime/comparisons/price_family_structural_windows/price_family_ma12_structural_linked/phase2_chronology/chronology_monthly.csv
district_of_columbia_dc__county,2023-10-31,capital_markets,-0.4161665711100494,incumbent_dimension_history,macro_regime_v1_bps120_sources,artifacts/regime/runs/macro_regime_v1_bps120_sources/dimension_scores.parquet
district_of_columbia_dc__county,2023-10-31,demand,0.08064099978109264,incumbent_dimension_history,macro_regime_v1_bps120_sources,artifacts/regime/runs/macro_regime_v1_bps120_sources/dimension_scores.parquet
district_of_columbia_dc__county,2023-10-31,price,-0.4330532212885155,ma12_price_family_challenger,price_family_ma12_structural_linked,artifacts/regime/comparisons/price_family_structural_windows/price_family_ma12_structural_linked/phase2_chronology/chronology_monthly.csv
district_of_columbia_dc__county,2023-11-30,affordability,0.2074999999999999,ma12_price_family_challenger,price_family_ma12_structural_linked,artifacts/regime/comparisons/price_family_structural_windows/price_family_ma12_structural_linked/phase2_chronology/chronology_monthly.csv
district_of_columbia_dc__county,2023-11-30,capital_markets,-0.33521097662022725,incumbent_dimension_history,macro_regime_v1_bps120_sources,artifacts/regime/runs/macro_regime_v1_bps120_sources/dimension_scores.parquet
district_of_columbia_dc__county,2023-11-30,demand,0.16847433311442597,incumbent_dimension_history,macro_regime_v1_bps120_sources,artifacts/regime/runs/macro_regime_v1_bps120_sources/dimension_scores.parquet
district_of_columbia_dc__county,2023-11-30,price,-0.4683333333333334,ma12_price_family_challenger,price_family_ma12_structural_linked,artifacts/regime/comparisons/price_family_structural_windows/price_family_ma12_structural_linked/phase2_chronology/chronology_monthly.csv
district_of_columbia_dc__county,2023-12-31,affordability,0.4475,ma12_price_family_challenger,price_family_ma12_structural_linked,artifacts/regime/comparisons/price_family_structural_windows/price_family_ma12_structural_linked/phase2_chronology/chronology_monthly.csv
district_of_columbia_dc__county,2023-12-31,capital_markets,-0.2832658464342675,incumbent_dimension_history,macro_regime_v1_bps120_sources,artifacts/regime/runs/macro_regime_v1_bps120_sources/dimension_scores.parquet
district_of_columbia_dc__county,2023-12-31,demand,0.167073249659062,incumbent_dimension_history,macro_regime_v1_bps120_sources,artifacts/regime/runs/macro_regime_v1_bps120_sources/dimension_scores.parquet
district_of_columbia_dc__county,2023-12-31,price,-0.5216666666666667,ma12_price_family_challenger,price_family_ma12_structural_linked,artifacts/regime/comparisons/price_family_structural_windows/price_family_ma12_structural_linked/phase2_chronology/chronology_monthly.csv
district_of_columbia_dc__county,2024-01-31,affordability,0.4275,ma12_price_family_challenger,price_family_ma12_structural_linked,artifacts/regime/comparisons/price_family_structural_windows/price_family_ma12_structural_linked/phase2_chronology/chronology_monthly.csv
district_of_columbia_dc__county,2024-01-31,capital_markets,-0.20642584418368076,incumbent_dimension_history,macro_regime_v1_bps120_sources,artifacts/regime/runs/macro_regime_v1_bps120_sources/dimension_scores.parquet
district_of_columbia_dc__county,2024-01-31,demand,0.135823249659062,incumbent_dimension_history,macro_regime_v1_bps120_sources,artifacts/regime/runs/macro_regime_v1_bps120_sources/dimension_scores.parquet
district_of_columbia_dc__county,2024-01-31,price,-0.435,ma12_price_family_challenger,price_family_ma12_structural_linked,artifacts/regime/comparisons/price_family_structural_windows/price_family_ma12_structural_linked/phase2_chronology/chronology_monthly.csv
district_of_columbia_dc__county,2024-02-29,affordability,0.4141666666666666,ma12_price_family_challenger,price_family_ma12_structural_linked,artifacts/regime/comparisons/price_family_structural_windows/price_family_ma12_structural_linked/phase2_chronology/chronology_monthly.csv
district_of_columbia_dc__county,2024-02-29,capital_markets,-0.45821957435392996,incumbent_dimension_history,macro_regime_v1_bps120_sources,artifacts/regime/runs/macro_regime_v1_bps120_sources/dimension_scores.parquet
district_of_columbia_dc__county,2024-02-29,demand,0.21290658299239534,incumbent_dimension_history,macro_regime_v1_bps120_sources,artifacts/regime/runs/macro_regime_v1_bps120_sources/dimension_scores.parquet
district_of_columbia_dc__county,2024-02-29,price,-0.5016666666666667,ma12_price_family_challenger,price_family_ma12_structural_linked,artifacts/regime/comparisons/price_family_structural_windows/price_family_ma12_structural_linked/phase2_chronology/chronology_monthly.csv
district_of_columbia_dc__county,2024-03-31,affordability,0.2383333333333333,ma12_price_family_challenger,price_family_ma12_structural_linked,artifacts/regime/comparisons/price_family_structural_windows/price_family_ma12_structural_linked/phase2_chronology/chronology_monthly.csv
district_of_columbia_dc__county,2024-03-31,capital_markets,-0.42046215494412076,incumbent_dimension_history,macro_regime_v1_bps120_sources,artifacts/regime/runs/macro_regime_v1_bps120_sources/dimension_scores.parquet
district_of_columbia_dc__county,2024-03-31,demand,0.34207324965906205,incumbent_dimension_history,macro_regime_v1_bps120_sources,artifacts/regime/runs/macro_regime_v1_bps120_sources/dimension_scores.parquet
district_of_columbia_dc__county,2024-03-31,price,-0.3866666666666667,ma12_price_family_challenger,price_family_ma12_structural_linked,artifacts/regime/comparisons/price_family_structural_windows/price_family_ma12_structural_linked/phase2_chronology/chronology_monthly.csv
district_of_columbia_dc__county,2024-04-30,affordability,0.1583333333333333,ma12_price_family_challenger,price_family_ma12_structural_linked,artifacts/regime/comparisons/price_family_structural_windows/price_family_ma12_structural_linked/phase2_chronology/chronology_monthly.csv
district_of_columbia_dc__county,2024-04-30,capital_markets,-0.3831990918770698,incumbent_dimension_history,macro_regime_v1_bps120_sources,artifacts/regime/runs/macro_regime_v1_bps120_sources/dimension_scores.parquet
district_of_columbia_dc__county,2024-04-30,demand,0.1831843607701731,incumbent_dimension_history,macro_regime_v1_bps120_sources,artifacts/regime/runs/macro_regime_v1_bps120_sources/dimension_scores.parquet
district_of_columbia_dc__county,2024-04-30,price,-0.4416666666666667,ma12_price_family_challenger,price_family_ma12_structural_linked,artifacts/regime/comparisons/price_family_structural_windows/price_family_ma12_structural_linked/phase2_chronology/chronology_monthly.csv
district_of_columbia_dc__county,2024-05-31,affordability,0.1416666666666666,ma12_price_family_challenger,price_family_ma12_structural_linked,artifacts/regime/comparisons/price_family_structural_windows/price_family_ma12_structural_linked/phase2_chronology/chronology_monthly.csv
district_of_columbia_dc__county,2024-05-31,capital_markets,-0.4321694195843054,incumbent_dimension_history,macro_regime_v1_bps120_sources,artifacts/regime/runs/macro_regime_v1_bps120_sources/dimension_scores.parquet
district_of_columbia_dc__county,2024-05-31,demand,-0.026815639229826847,incumbent_dimension_history,macro_regime_v1_bps120_sources,artifacts/regime/runs/macro_regime_v1_bps120_sources/dimension_scores.parquet
district_of_columbia_dc__county,2024-05-31,price,-0.2816666666666667,ma12_price_family_challenger,price_family_ma12_structural_linked,artifacts/regime/comparisons/price_family_structural_windows/price_family_ma12_structural_linked/phase2_chronology/chronology_monthly.csv
district_of_columbia_dc__county,2024-06-30,affordability,0.0541666666666667,ma12_price_family_challenger,price_family_ma12_structural_linked,artifacts/regime/comparisons/price_family_structural_windows/price_family_ma12_structural_linked/phase2_chronology/chronology_monthly.csv
district_of_columbia_dc__county,2024-06-30,capital_markets,-0.3052598723210214,incumbent_dimension_history,macro_regime_v1_bps120_sources,artifacts/regime/runs/macro_regime_v1_bps120_sources/dimension_scores.parquet
district_of_columbia_dc__county,2024-06-30,demand,0.13415658299239536,incumbent_dimension_history,macro_regime_v1_bps120_sources,artifacts/regime/runs/macro_regime_v1_bps120_sources/dimension_scores.parquet
district_of_columbia_dc__county,2024-06-30,price,0.05,ma12_price_family_challenger,price_family_ma12_structural_linked,artifacts/regime/comparisons/price_family_structural_windows/price_family_ma12_structural_linked/phase2_chronology/chronology_monthly.csv
district_of_columbia_dc__county,2024-07-31,affordability,0.065,ma12_price_family_challenger,price_family_ma12_structural_linked,artifacts/regime/comparisons/price_family_structural_windows/price_family_ma12_structural_linked/phase2_chronology/chronology_monthly.csv
district_of_columbia_dc__county,2024-07-31,capital_markets,-0.209424283466337,incumbent_dimension_history,macro_regime_v1_bps120_sources,artifacts/regime/runs/macro_regime_v1_bps120_sources/dimension_scores.parquet
district_of_columbia_dc__county,2024-07-31,demand,0.15860102743683976,incumbent_dimension_history,macro_regime_v1_bps120_sources,artifacts/regime/runs/macro_regime_v1_bps120_sources/dimension_scores.parquet
district_of_columbia_dc__county,2024-07-31,price,0.0999999999999999,ma12_price_family_challenger,price_family_ma12_structural_linked,artifacts/regime/comparisons/price_family_structural_windows/price_family_ma12_structural_linked/phase2_chronology/chronology_monthly.csv
district_of_columbia_dc__county,2024-08-31,affordability,0.21,ma12_price_family_challenger,price_family_ma12_structural_linked,artifacts/regime/comparisons/price_family_structural_windows/price_family_ma12_structural_linked/phase2_chronology/chronology_monthly.csv
district_of_columbia_dc__county,2024-08-31,capital_markets,0.0013639205027051234,incumbent_dimension_history,macro_regime_v1_bps120_sources,artifacts/regime/runs/macro_regime_v1_bps120_sources/dimension_scores.parquet
district_of_columbia_dc__county,2024-08-31,demand,-0.10195452811871576,incumbent_dimension_history,macro_regime_v1_bps120_sources,artifacts/regime/runs/macro_regime_v1_bps120_sources/dimension_scores.parquet
district_of_columbia_dc__county,2024-08-31,price,0.1066666666666666,ma12_price_family_challenger,price_family_ma12_structural_linked,artifacts/regime/comparisons/price_family_structural_windows/price_family_ma12_structural_linked/phase2_chronology/chronology_monthly.csv
district_of_columbia_dc__county,2024-09-30,affordability,0.3783333333333333,ma12_price_family_challenger,price_family_ma12_structural_linked,artifacts/regime/comparisons/price_family_structural_windows/price_family_ma12_structural_linked/phase2_chronology/chronology_monthly.csv
district_of_columbia_dc__county,2024-09-30,capital_markets,0.13845648622213969,incumbent_dimension_history,macro_regime_v1_bps120_sources,artifacts/regime/runs/macro_regime_v1_bps120_sources/dimension_scores.parquet
district_of_columbia_dc__county,2024-09-30,demand,0.09998991632572869,incumbent_dimension_history,macro_regime_v1_bps120_sources,artifacts/regime/runs/macro_regime_v1_bps120_sources/dimension_scores.parquet
district_of_columbia_dc__county,2024-09-30,price,-0.2199999999999999,ma12_price_family_challenger,price_family_ma12_structural_linked,artifacts/regime/comparisons/price_family_structural_windows/price_family_ma12_structural_linked/phase2_chronology/chronology_monthly.csv
district_of_columbia_dc__county,2024-10-31,affordability,0.4145,ma12_price_family_challenger,price_family_ma12_structural_linked,artifacts/regime/comparisons/price_family_structural_windows/price_family_ma12_structural_linked/phase2_chronology/chronology_monthly.csv
district_of_columbia_dc__county,2024-10-31,capital_markets,-0.22743920634160358,incumbent_dimension_history,macro_regime_v1_bps120_sources,artifacts/regime/runs/macro_regime_v1_bps120_sources/dimension_scores.parquet
district_of_columbia_dc__county,2024-10-31,demand,0.07471213854795088,incumbent_dimension_history,macro_regime_v1_bps120_sources,artifacts/regime/runs/macro_regime_v1_bps120_sources/dimension_scores.parquet
district_of_columbia_dc__county,2024-10-31,price,-0.3233333333333333,ma12_price_family_challenger,price_family_ma12_structural_linked,artifacts/regime/comparisons/price_family_structural_windows/price_family_ma12_structural_linked/phase2_chronology/chronology_monthly.csv
district_of_columbia_dc__county,2024-11-30,affordability,0.1625,ma12_price_family_challenger,price_family_ma12_structural_linked,artifacts/regime/comparisons/price_family_structural_windows/price_family_ma12_structural_linked/phase2_chronology/chronology_monthly.csv
district_of_columbia_dc__county,2024-11-30,capital_markets,-0.1776788737578211,incumbent_dimension_history,macro_regime_v1_bps120_sources,artifacts/regime/runs/macro_regime_v1_bps120_sources/dimension_scores.parquet
district_of_columbia_dc__county,2024-11-30,demand,0.004989916325728663,incumbent_dimension_history,macro_regime_v1_bps120_sources,artifacts/regime/runs/macro_regime_v1_bps120_sources/dimension_scores.parquet
district_of_columbia_dc__county,2024-11-30,price,-0.23,ma12_price_family_challenger,price_family_ma12_structural_linked,artifacts/regime/comparisons/price_family_structural_windows/price_family_ma12_structural_linked/phase2_chronology/chronology_monthly.csv
district_of_columbia_dc__county,2024-12-31,affordability,-0.0616666666666667,ma12_price_family_challenger,price_family_ma12_structural_linked,artifacts/regime/comparisons/price_family_structural_windows/price_family_ma12_structural_linked/phase2_chronology/chronology_monthly.csv
district_of_columbia_dc__county,2024-12-31,capital_markets,-0.18096511120040532,incumbent_dimension_history,macro_regime_v1_bps120_sources,artifacts/regime/runs/macro_regime_v1_bps120_sources/dimension_scores.parquet
district_of_columbia_dc__county,2024-12-31,demand,0.07358419759971112,incumbent_dimension_history,macro_regime_v1_bps120_sources,artifacts/regime/runs/macro_regime_v1_bps120_sources/dimension_scores.parquet
district_of_columbia_dc__county,2024-12-31,price,-0.09,ma12_price_family_challenger,price_family_ma12_structural_linked,artifacts/regime/comparisons/price_family_structural_windows/price_family_ma12_structural_linked/phase2_chronology/chronology_monthly.csv
district_of_columbia_dc__county,2025-01-31,affordability,-0.0425,ma12_price_family_challenger,price_family_ma12_structural_linked,artifacts/regime/comparisons/price_family_structural_windows/price_family_ma12_structural_linked/phase2_chronology/chronology_monthly.csv
district_of_columbia_dc__county,2025-01-31,capital_markets,-0.3442423638438771,incumbent_dimension_history,macro_regime_v1_bps120_sources,artifacts/regime/runs/macro_regime_v1_bps120_sources/dimension_scores.parquet
district_of_columbia_dc__county,2025-01-31,demand,0.027334197599711098,incumbent_dimension_history,macro_regime_v1_bps120_sources,artifacts/regime/runs/macro_regime_v1_bps120_sources/dimension_scores.parquet
district_of_columbia_dc__county,2025-01-31,price,-0.3333333333333333,ma12_price_family_challenger,price_family_ma12_structural_linked,artifacts/regime/comparisons/price_family_structural_windows/price_family_ma12_structural_linked/phase2_chronology/chronology_monthly.csv
district_of_columbia_dc__county,2025-02-28,affordability,0.0299999999999999,ma12_price_family_challenger,price_family_ma12_structural_linked,artifacts/regime/comparisons/price_family_structural_windows/price_family_ma12_structural_linked/phase2_chronology/chronology_monthly.csv
district_of_columbia_dc__county,2025-02-28,capital_markets,-0.08736232821244244,incumbent_dimension_history,macro_regime_v1_bps120_sources,artifacts/regime/runs/macro_regime_v1_bps120_sources/dimension_scores.parquet
district_of_columbia_dc__county,2025-02-28,demand,0.1335841975997111,incumbent_dimension_history,macro_regime_v1_bps120_sources,artifacts/regime/runs/macro_regime_v1_bps120_sources/dimension_scores.parquet
district_of_columbia_dc__county,2025-02-28,price,-0.1783333333333333,ma12_price_family_challenger,price_family_ma12_structural_linked,artifacts/regime/comparisons/price_family_structural_windows/price_family_ma12_structural_linked/phase2_chronology/chronology_monthly.csv
district_of_columbia_dc__county,2025-03-31,affordability,0.0158333333333333,ma12_price_family_challenger,price_family_ma12_structural_linked,artifacts/regime/comparisons/price_family_structural_windows/price_family_ma12_structural_linked/phase2_chronology/chronology_monthly.csv
district_of_columbia_dc__county,2025-03-31,capital_markets,-0.09584295215738882,incumbent_dimension_history,macro_regime_v1_bps120_sources,artifacts/regime/runs/macro_regime_v1_bps120_sources/dimension_scores.parquet
district_of_columbia_dc__county,2025-03-31,demand,-0.05002691351140001,incumbent_dimension_history,macro_regime_v1_bps120_sources,artifacts/regime/runs/macro_regime_v1_bps120_sources/dimension_scores.parquet
district_of_columbia_dc__county,2025-03-31,price,-0.2233333333333333,ma12_price_family_challenger,price_family_ma12_structural_linked,artifacts/regime/comparisons/price_family_structural_windows/price_family_ma12_structural_linked/phase2_chronology/chronology_monthly.csv
district_of_columbia_dc__county,2025-04-30,affordability,-0.0783333333333333,ma12_price_family_challenger,price_family_ma12_structural_linked,artifacts/regime/comparisons/price_family_structural_windows/price_family_ma12_structural_linked/phase2_chronology/chronology_monthly.csv
district_of_columbia_dc__county,2025-04-30,capital_markets,-0.2526583023185289,incumbent_dimension_history,macro_regime_v1_bps120_sources,artifacts/regime/runs/macro_regime_v1_bps120_sources/dimension_scores.parquet
district_of_columbia_dc__county,2025-04-30,demand,0.002611975377488881,incumbent_dimension_history,macro_regime_v1_bps120_sources,artifacts/regime/runs/macro_regime_v1_bps120_sources/dimension_scores.parquet
district_of_columbia_dc__county,2025-04-30,price,0.1533333333333333,ma12_price_family_challenger,price_family_ma12_structural_linked,artifacts/regime/comparisons/price_family_structural_windows/price_family_ma12_structural_linked/phase2_chronology/chronology_monthly.csv
district_of_columbia_dc__county,2025-05-31,affordability,-0.0874999999999999,ma12_price_family_challenger,price_family_ma12_structural_linked,artifacts/regime/comparisons/price_family_structural_windows/price_family_ma12_structural_linked/phase2_chronology/chronology_monthly.csv
district_of_columbia_dc__county,2025-05-31,capital_markets,-0.20054544407806757,incumbent_dimension_history,macro_regime_v1_bps120_sources,artifacts/regime/runs/macro_regime_v1_bps120_sources/dimension_scores.parquet
district_of_columbia_dc__county,2025-05-31,demand,-0.08780469128917777,incumbent_dimension_history,macro_regime_v1_bps120_sources,artifacts/regime/runs/macro_regime_v1_bps120_sources/dimension_scores.parquet
district_of_columbia_dc__county,2025-05-31,price,-0.0483333333333333,ma12_price_family_challenger,price_family_ma12_structural_linked,artifacts/regime/comparisons/price_family_structural_windows/price_family_ma12_structural_linked/phase2_chronology/chronology_monthly.csv
district_of_columbia_dc__county,2025-06-30,affordability,-0.0749999999999999,ma12_price_family_challenger,price_family_ma12_structural_linked,artifacts/regime/comparisons/price_family_structural_windows/price_family_ma12_structural_linked/phase2_chronology/chronology_monthly.csv
district_of_columbia_dc__county,2025-06-30,capital_markets,-0.15683125305922663,incumbent_dimension_history,macro_regime_v1_bps120_sources,artifacts/regime/runs/macro_regime_v1_bps120_sources/dimension_scores.parquet
district_of_columbia_dc__county,2025-06-30,demand,0.10733419759971109,incumbent_dimension_history,macro_regime_v1_bps120_sources,artifacts/regime/runs/macro_regime_v1_bps120_sources/dimension_scores.parquet
district_of_columbia_dc__county,2025-06-30,price,-0.2299999999999999,ma12_price_family_challenger,price_family_ma12_structural_linked,artifacts/regime/comparisons/price_family_structural_windows/price_family_ma12_structural_linked/phase2_chronology/chronology_monthly.csv
district_of_columbia_dc__county,2025-07-31,affordability,0.0366666666666666,ma12_price_family_challenger,price_family_ma12_structural_linked,artifacts/regime/comparisons/price_family_structural_windows/price_family_ma12_structural_linked/phase2_chronology/chronology_monthly.csv
district_of_columbia_dc__county,2025-07-31,capital_markets,-0.1752772788076686,incumbent_dimension_history,macro_regime_v1_bps120_sources,artifacts/regime/runs/macro_regime_v1_bps120_sources/dimension_scores.parquet
district_of_columbia_dc__county,2025-07-31,demand,-0.015165802400288907,incumbent_dimension_history,macro_regime_v1_bps120_sources,artifacts/regime/runs/macro_regime_v1_bps120_sources/dimension_scores.parquet
district_of_columbia_dc__county,2025-07-31,price,-0.33,ma12_price_family_challenger,price_family_ma12_structural_linked,artifacts/regime/comparisons/price_family_structural_windows/price_family_ma12_structural_linked/phase2_chronology/chronology_monthly.csv
district_of_columbia_dc__county,2025-08-31,affordability,0.025,ma12_price_family_challenger,price_family_ma12_structural_linked,artifacts/regime/comparisons/price_family_structural_windows/price_family_ma12_structural_linked/phase2_chronology/chronology_monthly.csv
district_of_columbia_dc__county,2025-08-31,capital_markets,-0.11389187828664891,incumbent_dimension_history,macro_regime_v1_bps120_sources,artifacts/regime/runs/macro_regime_v1_bps120_sources/dimension_scores.parquet
district_of_columbia_dc__county,2025-08-31,demand,-0.16544358017806657,incumbent_dimension_history,macro_regime_v1_bps120_sources,artifacts/regime/runs/macro_regime_v1_bps120_sources/dimension_scores.parquet
district_of_columbia_dc__county,2025-08-31,price,-0.3333333333333333,ma12_price_family_challenger,price_family_ma12_structural_linked,artifacts/regime/comparisons/price_family_structural_windows/price_family_ma12_structural_linked/phase2_chronology/chronology_monthly.csv
district_of_columbia_dc__county,2025-09-30,affordability,-0.0233333333333333,ma12_price_family_challenger,price_family_ma12_structural_linked,artifacts/regime/comparisons/price_family_structural_windows/price_family_ma12_structural_linked/phase2_chronology/chronology_monthly.csv
district_of_columbia_dc__county,2025-09-30,capital_markets,-0.14045302424397124,incumbent_dimension_history,macro_regime_v1_bps120_sources,artifacts/regime/runs/macro_regime_v1_bps120_sources/dimension_scores.parquet
district_of_columbia_dc__county,2025-09-30,demand,-0.027804691289177785,incumbent_dimension_history,macro_regime_v1_bps120_sources,artifacts/regime/runs/macro_regime_v1_bps120_sources/dimension_scores.parquet
district_of_columbia_dc__county,2025-09-30,price,-0.0966666666666666,ma12_price_family_challenger,price_family_ma12_structural_linked,artifacts/regime/comparisons/price_family_structural_windows/price_family_ma12_structural_linked/phase2_chronology/chronology_monthly.csv
district_of_columbia_dc__county,2025-10-31,affordability,-0.0183333333333333,ma12_price_family_challenger,price_family_ma12_structural_linked,artifacts/regime/comparisons/price_family_structural_windows/price_family_ma12_structural_linked/phase2_chronology/chronology_monthly.csv
district_of_columbia_dc__county,2025-10-31,capital_markets,-0.11549955217196596,incumbent_dimension_history,macro_regime_v1_bps120_sources,artifacts/regime/runs/macro_regime_v1_bps120_sources/dimension_scores.parquet
district_of_columbia_dc__county,2025-10-31,demand,-0.027804691289177785,incumbent_dimension_history,macro_regime_v1_bps120_sources,artifacts/regime/runs/macro_regime_v1_bps120_sources/dimension_scores.parquet
district_of_columbia_dc__county,2025-10-31,price,-0.0883333333333333,ma12_price_family_challenger,price_family_ma12_structural_linked,artifacts/regime/comparisons/price_family_structural_windows/price_family_ma12_structural_linked/phase2_chronology/chronology_monthly.csv
district_of_columbia_dc__county,2025-11-30,affordability,0.08,ma12_price_family_challenger,price_family_ma12_structural_linked,artifacts/regime/comparisons/price_family_structural_windows/price_family_ma12_structural_linked/phase2_chronology/chronology_monthly.csv
district_of_columbia_dc__county,2025-11-30,capital_markets,-0.11145659115366871,incumbent_dimension_history,macro_regime_v1_bps120_sources,artifacts/regime/runs/macro_regime_v1_bps120_sources/dimension_scores.parquet
district_of_columbia_dc__county,2025-11-30,demand,0.024417530933044423,incumbent_dimension_history,macro_regime_v1_bps120_sources,artifacts/regime/runs/macro_regime_v1_bps120_sources/dimension_scores.parquet
district_of_columbia_dc__county,2025-11-30,price,-0.1866666666666667,ma12_price_family_challenger,price_family_ma12_structural_linked,artifacts/regime/comparisons/price_family_structural_windows/price_family_ma12_structural_linked/phase2_chronology/chronology_monthly.csv
district_of_columbia_dc__county,2025-12-31,affordability,-0.0475,ma12_price_family_challenger,price_family_ma12_structural_linked,artifacts/regime/comparisons/price_family_structural_windows/price_family_ma12_structural_linked/phase2_chronology/chronology_monthly.csv
district_of_columbia_dc__county,2025-12-31,capital_markets,-0.18696777576520068,incumbent_dimension_history,macro_regime_v1_bps120_sources,artifacts/regime/runs/macro_regime_v1_bps120_sources/dimension_scores.parquet
district_of_columbia_dc__county,2025-12-31,demand,0.02413975315526664,incumbent_dimension_history,macro_regime_v1_bps120_sources,artifacts/regime/runs/macro_regime_v1_bps120_sources/dimension_scores.parquet
district_of_columbia_dc__county,2025-12-31,price,-0.1036666666666666,ma12_price_family_challenger,price_family_ma12_structural_linked,artifacts/regime/comparisons/price_family_structural_windows/price_family_ma12_structural_linked/phase2_chronology/chronology_monthly.csv
district_of_columbia_dc__county,2026-01-31,affordability,-0.1391666666666667,ma12_price_family_challenger,price_family_ma12_structural_linked,artifacts/regime/comparisons/price_family_structural_windows/price_family_ma12_structural_linked/phase2_chronology/chronology_monthly.csv
district_of_columbia_dc__county,2026-01-31,capital_markets,-0.15717840585773032,incumbent_dimension_history,macro_regime_v1_bps120_sources,artifacts/regime/runs/macro_regime_v1_bps120_sources/dimension_scores.parquet
district_of_columbia_dc__county,2026-01-31,demand,-0.1064158024002889,incumbent_dimension_history,macro_regime_v1_bps120_sources,artifacts/regime/runs/macro_regime_v1_bps120_sources/dimension_scores.parquet
district_of_columbia_dc__county,2026-01-31,price,0.288,ma12_price_family_challenger,price_family_ma12_structural_linked,artifacts/regime/comparisons/price_family_structural_windows/price_family_ma12_structural_linked/phase2_chronology/chronology_monthly.csv
district_of_columbia_dc__county,2026-02-28,affordability,-0.0075,ma12_price_family_challenger,price_family_ma12_structural_linked,artifacts/regime/comparisons/price_family_structural_windows/price_family_ma12_structural_linked/phase2_chronology/chronology_monthly.csv
district_of_columbia_dc__county,2026-02-28,capital_markets,-0.1218583309721292,incumbent_dimension_history,macro_regime_v1_bps120_sources,artifacts/regime/runs/macro_regime_v1_bps120_sources/dimension_scores.parquet
district_of_columbia_dc__county,2026-02-28,demand,0.0935841975997111,incumbent_dimension_history,macro_regime_v1_bps120_sources,artifacts/regime/runs/macro_regime_v1_bps120_sources/dimension_scores.parquet
district_of_columbia_dc__county,2026-02-28,price,0.078,ma12_price_family_challenger,price_family_ma12_structural_linked,artifacts/regime/comparisons/price_family_structural_windows/price_family_ma12_structural_linked/phase2_chronology/chronology_monthly.csv
district_of_columbia_dc__county,2026-03-31,affordability,-0.0766666666666666,ma12_price_family_challenger,price_family_ma12_structural_linked,artifacts/regime/comparisons/price_family_structural_windows/price_family_ma12_structural_linked/phase2_chronology/chronology_monthly.csv
district_of_columbia_dc__county,2026-03-31,capital_markets,-0.2224807695058285,incumbent_dimension_history,macro_regime_v1_bps120_sources,artifacts/regime/runs/macro_regime_v1_bps120_sources/dimension_scores.parquet
district_of_columbia_dc__county,2026-03-31,demand,0.031778642044155564,incumbent_dimension_history,macro_regime_v1_bps120_sources,artifacts/regime/runs/macro_regime_v1_bps120_sources/dimension_scores.parquet
district_of_columbia_dc__county,2026-03-31,price,-0.0636666666666666,ma12_price_family_challenger,price_family_ma12_structural_linked,artifacts/regime/comparisons/price_family_structural_windows/price_family_ma12_structural_linked/phase2_chronology/chronology_monthly.csv
district_of_columbia_dc__county,2026-04-30,affordability,0.0266666666666666,ma12_price_family_challenger,price_family_ma12_structural_linked,artifacts/regime/comparisons/price_family_structural_windows/price_family_ma12_structural_linked/phase2_chronology/chronology_monthly.csv
district_of_columbia_dc__county,2026-04-30,capital_markets,-0.25686349974066025,incumbent_dimension_history,macro_regime_v1_bps120_sources,artifacts/regime/runs/macro_regime_v1_bps120_sources/dimension_scores.parquet
district_of_columbia_dc__county,2026-04-30,demand,0.0673341975997111,incumbent_dimension_history,macro_regime_v1_bps120_sources,artifacts/regime/runs/macro_regime_v1_bps120_sources/dimension_scores.parquet
district_of_columbia_dc__county,2026-04-30,price,-0.4483333333333333,ma12_price_family_challenger,price_family_ma12_structural_linked,artifacts/regime/comparisons/price_family_structural_windows/price_family_ma12_structural_linked/phase2_chronology/chronology_monthly.csv
district_of_columbia_dc__county,2026-05-31,affordability,-0.0749999999999999,ma12_price_family_challenger,price_family_ma12_structural_linked,artifacts/regime/comparisons/price_family_structural_windows/price_family_ma12_structural_linked/phase2_chronology/chronology_monthly.csv
district_of_columbia_dc__county,2026-05-31,capital_markets,-0.29150088680376574,incumbent_dimension_history,macro_regime_v1_bps120_sources,artifacts/regime/runs/macro_regime_v1_bps120_sources/dimension_scores.parquet
district_of_columbia_dc__county,2026-05-31,demand,-0.07919358017806664,incumbent_dimension_history,macro_regime_v1_bps120_sources,artifacts/regime/runs/macro_regime_v1_bps120_sources/dimension_scores.parquet
district_of_columbia_dc__county,2026-05-31,price,-0.3316666666666666,ma12_price_family_challenger,price_family_ma12_structural_linked,artifacts/regime/comparisons/price_family_structural_windows/price_family_ma12_structural_linked/phase2_chronology/chronology_monthly.csv
district_of_columbia_dc__county,2026-06-30,affordability,-0.0749999999999999,ma12_price_family_challenger,price_family_ma12_structural_linked,artifacts/regime/comparisons/price_family_structural_windows/price_family_ma12_structural_linked/phase2_chronology/chronology_monthly.csv
district_of_columbia_dc__county,2026-06-30,capital_markets,-0.21672324010863978,incumbent_dimension_history,macro_regime_v1_bps120_sources,artifacts/regime/runs/macro_regime_v1_bps120_sources/dimension_scores.parquet
district_of_columbia_dc__county,2026-06-30,demand,-0.07919358017806664,incumbent_dimension_history,macro_regime_v1_bps120_sources,artifacts/regime/runs/macro_regime_v1_bps120_sources/dimension_scores.parquet
district_of_columbia_dc__county,2026-06-30,price,-0.3316666666666666,ma12_price_family_challenger,price_family_ma12_structural_linked,artifacts/regime/comparisons/price_family_structural_windows/price_family_ma12_structural_linked/phase2_chronology/chronology_monthly.csv
district_of_columbia_dc__county,2026-07-31,affordability,-0.0749999999999999,ma12_price_family_challenger,price_family_ma12_structural_linked,artifacts/regime/comparisons/price_family_structural_windows/price_family_ma12_structural_linked/phase2_chronology/chronology_monthly.csv
district_of_columbia_dc__county,2026-07-31,capital_markets,-0.17393850014280368,incumbent_dimension_history,macro_regime_v1_bps120_sources,artifacts/regime/runs/macro_regime_v1_bps120_sources/dimension_scores.parquet
district_of_columbia_dc__county,2026-07-31,demand,-0.07919358017806664,incumbent_dimension_history,macro_regime_v1_bps120_sources,artifacts/regime/runs/macro_regime_v1_bps120_sources/dimension_scores.parquet
district_of_columbia_dc__county,2026-07-31,price,-0.3316666666666666,ma12_price_family_challenger,price_family_ma12_structural_linked,artifacts/regime/comparisons/price_family_structural_windows/price_family_ma12_structural_linked/phase2_chronology/chronology_monthly.csv
