geo_id,date,affordability,capital_markets,demand,price,affordability_source_role,capital_markets_source_role,demand_source_role,price_source_role,affordability_source_path,capital_markets_source_path,demand_source_path,price_source_path,demand_weight,demand_weighted_contribution,price_weight,price_weighted_contribution,affordability_weight,affordability_weighted_contribution,capital_markets_weight,capital_markets_weighted_contribution,available_dimension_count,complete_dimension_coverage,integrated_demand_axis,price_family_candidate_id,price_family_candidate_label,integration_policy,incumbent_axis_score,integrated_minus_incumbent_axis,absolute_integrated_minus_incumbent_axis,incumbent_affordability,incumbent_price,price_score_delta,affordability_score_delta,price_axis_delta,affordability_axis_delta,price_family_axis_delta,price_family_delta_reconstruction_residual
alameda_county_ca__county,2015-11-30,-0.98,-0.16375835513386988,0.6332081512817073,0.98,ma12_price_family_challenger,incumbent_dimension_history,incumbent_dimension_history,ma12_price_family_challenger,artifacts/regime/comparisons/price_family_structural_windows/price_family_ma12_structural_linked/phase2_chronology/chronology_monthly.csv,artifacts/regime/runs/macro_regime_v1_bps120_sources/dimension_scores.parquet,artifacts/regime/runs/macro_regime_v1_bps120_sources/dimension_scores.parquet,artifacts/regime/comparisons/price_family_structural_windows/price_family_ma12_structural_linked/phase2_chronology/chronology_monthly.csv,0.65,0.41158529833310975,0.15,0.147,0.1,-0.098,0.1,-0.016375835513386987,4,True,0.4442094628197228,price_family_ma12_structural_linked,MA12_PRICE_AFFORDABILITY,incumbent_demand_capital_markets__ma12_price_affordability,0.3644879600959073,0.07972150272381551,0.07972150272381551,-0.6944444444444445,0.2581529448041936,0.7218470551958064,-0.28555555555555545,0.10827705827937095,-0.028555555555555546,0.07972150272381541,9.71445146547012e-17
alameda_county_ca__county,2015-12-31,-0.5405405405405406,-0.14260050686320172,0.6804749356091184,0.98,ma12_price_family_challenger,incumbent_dimension_history,incumbent_dimension_history,ma12_price_family_challenger,artifacts/regime/comparisons/price_family_structural_windows/price_family_ma12_structural_linked/phase2_chronology/chronology_monthly.csv,artifacts/regime/runs/macro_regime_v1_bps120_sources/dimension_scores.parquet,artifacts/regime/runs/macro_regime_v1_bps120_sources/dimension_scores.parquet,artifacts/regime/comparisons/price_family_structural_windows/price_family_ma12_structural_linked/phase2_chronology/chronology_monthly.csv,0.65,0.442308708145927,0.15,0.147,0.1,-0.05405405405405406,0.1,-0.014260050686320172,4,True,0.5209946034055527,price_family_ma12_structural_linked,MA12_PRICE_AFFORDABILITY,incumbent_demand_capital_markets__ma12_price_affordability,0.439474541930704,0.08152006147484869,0.08152006147484869,0.11776061776061775,-0.002334515366430298,0.9823345153664302,-0.6583011583011583,0.14735017730496452,-0.06583011583011583,0.08152006147484869,0.0
alameda_county_ca__county,2016-01-31,-0.6578947368421053,-0.018813869942902857,0.8396956549197928,0.98,ma12_price_family_challenger,incumbent_dimension_history,incumbent_dimension_history,ma12_price_family_challenger,artifacts/regime/comparisons/price_family_structural_windows/price_family_ma12_structural_linked/phase2_chronology/chronology_monthly.csv,artifacts/regime/runs/macro_regime_v1_bps120_sources/dimension_scores.parquet,artifacts/regime/runs/macro_regime_v1_bps120_sources/dimension_scores.parquet,artifacts/regime/comparisons/price_family_structural_windows/price_family_ma12_structural_linked/phase2_chronology/chronology_monthly.csv,0.65,0.5458021756978654,0.15,0.147,0.1,-0.06578947368421054,0.1,-0.0018813869942902858,4,True,0.6251313150193646,price_family_ma12_structural_linked,MA12_PRICE_AFFORDABILITY,incumbent_demand_capital_markets__ma12_price_affordability,0.5726992382057088,0.052432076813655804,0.052432076813655804,0.2373501320869742,0.033622908622908634,0.9463770913770914,-0.8952448689290795,0.1419565637065637,-0.08952448689290796,0.05243207681365575,5.551115123125783e-17
alameda_county_ca__county,2016-02-29,-0.2332112332112331,0.23296691846384493,0.84881189747963,0.3822222222222222,ma12_price_family_challenger,incumbent_dimension_history,incumbent_dimension_history,ma12_price_family_challenger,artifacts/regime/comparisons/price_family_structural_windows/price_family_ma12_structural_linked/phase2_chronology/chronology_monthly.csv,artifacts/regime/runs/macro_regime_v1_bps120_sources/dimension_scores.parquet,artifacts/regime/runs/macro_regime_v1_bps120_sources/dimension_scores.parquet,artifacts/regime/comparisons/price_family_structural_windows/price_family_ma12_structural_linked/phase2_chronology/chronology_monthly.csv,0.65,0.5517277333617595,0.15,0.057333333333333326,0.1,-0.02332112332112331,0.1,0.023296691846384495,4,True,0.609036635220354,price_family_ma12_structural_linked,MA12_PRICE_AFFORDABILITY,incumbent_demand_capital_markets__ma12_price_affordability,0.6065722673409485,0.0024643678794055157,0.0024643678794055157,0.1742818584923849,0.09413104189044036,0.2880911803317818,-0.407493091703618,0.04321367704976727,-0.040749309170361805,0.002464367879405467,4.85722573273506e-17
alameda_county_ca__county,2016-03-31,-0.3947876447876448,-0.021110315355142944,0.7298576358152955,0.0924324324324324,ma12_price_family_challenger,incumbent_dimension_history,incumbent_dimension_history,ma12_price_family_challenger,artifacts/regime/comparisons/price_family_structural_windows/price_family_ma12_structural_linked/phase2_chronology/chronology_monthly.csv,artifacts/regime/runs/macro_regime_v1_bps120_sources/dimension_scores.parquet,artifacts/regime/runs/macro_regime_v1_bps120_sources/dimension_scores.parquet,artifacts/regime/comparisons/price_family_structural_windows/price_family_ma12_structural_linked/phase2_chronology/chronology_monthly.csv,0.65,0.4744074632799421,0.15,0.01386486486486486,0.1,-0.03947876447876448,0.1,-0.0021110315355142946,4,True,0.4466825321305282,price_family_ma12_structural_linked,MA12_PRICE_AFFORDABILITY,incumbent_demand_capital_markets__ma12_price_affordability,0.45029729362764265,-0.003614761497114427,0.003614761497114427,-0.2934981684981685,0.04900452488687779,0.04342790754555462,-0.10128947628947627,0.006514186131833193,-0.010128947628947628,-0.003614761497114435,7.806255641895632e-18
alameda_county_ca__county,2016-04-30,-0.3200073354117,0.08195509745557719,0.6429887436456064,-0.1470175438596491,ma12_price_family_challenger,incumbent_dimension_history,incumbent_dimension_history,ma12_price_family_challenger,artifacts/regime/comparisons/price_family_structural_windows/price_family_ma12_structural_linked/phase2_chronology/chronology_monthly.csv,artifacts/regime/runs/macro_regime_v1_bps120_sources/dimension_scores.parquet,artifacts/regime/runs/macro_regime_v1_bps120_sources/dimension_scores.parquet,artifacts/regime/comparisons/price_family_structural_windows/price_family_ma12_structural_linked/phase2_chronology/chronology_monthly.csv,0.65,0.4179426833696442,0.15,-0.022052631578947365,0.1,-0.03200073354117,0.1,0.00819550974555772,4,True,0.3720848279950845,price_family_ma12_structural_linked,MA12_PRICE_AFFORDABILITY,incumbent_demand_capital_markets__ma12_price_affordability,0.39077984099386553,-0.018695012998781013,0.018695012998781013,-0.6458188153310105,0.19482352941176465,-0.3418410732714138,0.3258114799193105,-0.05127616099071206,0.03258114799193105,-0.018695012998781013,0.0
alameda_county_ca__county,2016-05-31,-0.3393511250654107,0.13640642824530413,0.8350053516819571,-0.2545299145299144,ma12_price_family_challenger,incumbent_dimension_history,incumbent_dimension_history,ma12_price_family_challenger,artifacts/regime/comparisons/price_family_structural_windows/price_family_ma12_structural_linked/phase2_chronology/chronology_monthly.csv,artifacts/regime/runs/macro_regime_v1_bps120_sources/dimension_scores.parquet,artifacts/regime/runs/macro_regime_v1_bps120_sources/dimension_scores.parquet,artifacts/regime/comparisons/price_family_structural_windows/price_family_ma12_structural_linked/phase2_chronology/chronology_monthly.csv,0.65,0.5427534785932722,0.15,-0.03817948717948716,0.1,-0.03393511250654107,0.1,0.013640642824530414,4,True,0.48427952173177435,price_family_ma12_structural_linked,MA12_PRICE_AFFORDABILITY,incumbent_demand_capital_markets__ma12_price_affordability,0.47559884630963545,0.008680675422138906,0.008680675422138906,-0.7375062220009955,-0.04696435272045027,-0.20756556180946414,0.39815509693558476,-0.03113483427141962,0.03981550969355848,0.008680675422138861,4.5102810375396984e-17
alameda_county_ca__county,2016-06-30,-0.3601328903654485,0.2941083099906629,0.6128686868686869,-0.2733333333333333,ma12_price_family_challenger,incumbent_dimension_history,incumbent_dimension_history,ma12_price_family_challenger,artifacts/regime/comparisons/price_family_structural_windows/price_family_ma12_structural_linked/phase2_chronology/chronology_monthly.csv,artifacts/regime/runs/macro_regime_v1_bps120_sources/dimension_scores.parquet,artifacts/regime/runs/macro_regime_v1_bps120_sources/dimension_scores.parquet,artifacts/regime/comparisons/price_family_structural_windows/price_family_ma12_structural_linked/phase2_chronology/chronology_monthly.csv,0.65,0.3983646464646465,0.15,-0.040999999999999995,0.1,-0.03601328903654485,0.1,0.02941083099906629,4,True,0.35076218842716794,price_family_ma12_structural_linked,MA12_PRICE_AFFORDABILITY,incumbent_demand_capital_markets__ma12_price_affordability,0.32832263533519834,0.0224395530919696,0.0224395530919696,-0.30185097294731844,-0.4617849655585505,0.18845163222521716,-0.05828191741813005,0.02826774483378257,-0.005828191741813005,0.022439553091969565,3.469446951953614e-17
alameda_county_ca__county,2016-07-31,-0.2407190370605005,0.43707689741451206,0.7680315315315314,-0.3074796747967479,ma12_price_family_challenger,incumbent_dimension_history,incumbent_dimension_history,ma12_price_family_challenger,artifacts/regime/comparisons/price_family_structural_windows/price_family_ma12_structural_linked/phase2_chronology/chronology_monthly.csv,artifacts/regime/runs/macro_regime_v1_bps120_sources/dimension_scores.parquet,artifacts/regime/runs/macro_regime_v1_bps120_sources/dimension_scores.parquet,artifacts/regime/comparisons/price_family_structural_windows/price_family_ma12_structural_linked/phase2_chronology/chronology_monthly.csv,0.65,0.4992204954954954,0.15,-0.04612195121951219,0.1,-0.02407190370605005,0.1,0.04370768974145121,4,True,0.4727343303113844,price_family_ma12_structural_linked,MA12_PRICE_AFFORDABILITY,incumbent_demand_capital_markets__ma12_price_affordability,0.46784744427248476,0.0048868860388996405,0.0048868860388996405,-0.34604349139232865,-0.2698426121681936,-0.03763706262855432,0.10532445433182816,-0.0056455593942831474,0.010532445433182817,0.00488688603889967,-2.949029909160572e-17
alameda_county_ca__county,2016-08-31,-0.2921768707482993,0.16079311746375827,0.629734126984127,-0.3082539682539681,ma12_price_family_challenger,incumbent_dimension_history,incumbent_dimension_history,ma12_price_family_challenger,artifacts/regime/comparisons/price_family_structural_windows/price_family_ma12_structural_linked/phase2_chronology/chronology_monthly.csv,artifacts/regime/runs/macro_regime_v1_bps120_sources/dimension_scores.parquet,artifacts/regime/runs/macro_regime_v1_bps120_sources/dimension_scores.parquet,artifacts/regime/comparisons/price_family_structural_windows/price_family_ma12_structural_linked/phase2_chronology/chronology_monthly.csv,0.65,0.4093271825396826,0.15,-0.04623809523809522,0.1,-0.02921768707482993,0.1,0.016079311746375828,4,True,0.3499507119731333,price_family_ma12_structural_linked,MA12_PRICE_AFFORDABILITY,incumbent_demand_capital_markets__ma12_price_affordability,0.35094184782141197,-0.0009911358482786459,0.0009911358482786459,-0.13997113997113994,-0.40311688311688315,0.09486291486291504,-0.15220573077715935,0.014229437229437255,-0.015220573077715936,-0.0009911358482786806,3.469446951953614e-17
alameda_county_ca__county,2016-09-30,-0.4145673840820454,0.09228067331625907,0.8074970501474926,-0.3089922480620155,ma12_price_family_challenger,incumbent_dimension_history,incumbent_dimension_history,ma12_price_family_challenger,artifacts/regime/comparisons/price_family_structural_windows/price_family_ma12_structural_linked/phase2_chronology/chronology_monthly.csv,artifacts/regime/runs/macro_regime_v1_bps120_sources/dimension_scores.parquet,artifacts/regime/runs/macro_regime_v1_bps120_sources/dimension_scores.parquet,artifacts/regime/comparisons/price_family_structural_windows/price_family_ma12_structural_linked/phase2_chronology/chronology_monthly.csv,0.65,0.5248730825958702,0.15,-0.04634883720930232,0.1,-0.041456738408204546,0.1,0.009228067331625907,4,True,0.4462955743099892,price_family_ma12_structural_linked,MA12_PRICE_AFFORDABILITY,incumbent_demand_capital_markets__ma12_price_affordability,0.46605529253038014,-0.019759718220390965,0.019759718220390965,0.1276742581090408,-0.5387552213868003,0.22976297332478485,-0.5422416421910862,0.03446444599871772,-0.05422416421910862,-0.019759718220390896,-6.938893903907228e-17
alameda_county_ca__county,2016-10-31,-0.509850787510362,0.01879718444419463,0.6529400584795322,-0.2642424242424242,ma12_price_family_challenger,incumbent_dimension_history,incumbent_dimension_history,ma12_price_family_challenger,artifacts/regime/comparisons/price_family_structural_windows/price_family_ma12_structural_linked/phase2_chronology/chronology_monthly.csv,artifacts/regime/runs/macro_regime_v1_bps120_sources/dimension_scores.parquet,artifacts/regime/runs/macro_regime_v1_bps120_sources/dimension_scores.parquet,artifacts/regime/comparisons/price_family_structural_windows/price_family_ma12_structural_linked/phase2_chronology/chronology_monthly.csv,0.65,0.42441103801169594,0.15,-0.03963636363636363,0.1,-0.050985078751036195,0.1,0.001879718444419463,4,True,0.3356693140687156,price_family_ma12_structural_linked,MA12_PRICE_AFFORDABILITY,incumbent_demand_capital_markets__ma12_price_affordability,0.3900465513310344,-0.0543772372623188,0.0543772372623188,-0.4039910136117352,0.027699308240616505,-0.29194173248304073,-0.10585977389862677,-0.043791259872456106,-0.010585977389862678,-0.05437723726231879,-1.3877787807814457e-17
alameda_county_ca__county,2016-11-30,-0.3455555555555555,-0.2793753868113046,0.7284685990338163,-0.4906666666666667,ma12_price_family_challenger,incumbent_dimension_history,incumbent_dimension_history,ma12_price_family_challenger,artifacts/regime/comparisons/price_family_structural_windows/price_family_ma12_structural_linked/phase2_chronology/chronology_monthly.csv,artifacts/regime/runs/macro_regime_v1_bps120_sources/dimension_scores.parquet,artifacts/regime/runs/macro_regime_v1_bps120_sources/dimension_scores.parquet,artifacts/regime/comparisons/price_family_structural_windows/price_family_ma12_structural_linked/phase2_chronology/chronology_monthly.csv,0.65,0.47350458937198064,0.15,-0.0736,0.1,-0.034555555555555555,0.1,-0.02793753868113046,4,True,0.3374114951352946,price_family_ma12_structural_linked,MA12_PRICE_AFFORDABILITY,incumbent_demand_capital_markets__ma12_price_affordability,0.3717755508628702,-0.03436405572757556,0.03436405572757556,-0.6217641843971631,-0.0774338759217578,-0.41323279074490893,0.2762086288416076,-0.061984918611736335,0.027620862884160758,-0.034364055727575574,1.3877787807814457e-17
alameda_county_ca__county,2016-12-31,0.0777236864193386,-0.491440551378446,0.5204352767283802,-0.5128131609870741,ma12_price_family_challenger,incumbent_dimension_history,incumbent_dimension_history,ma12_price_family_challenger,artifacts/regime/comparisons/price_family_structural_windows/price_family_ma12_structural_linked/phase2_chronology/chronology_monthly.csv,artifacts/regime/runs/macro_regime_v1_bps120_sources/dimension_scores.parquet,artifacts/regime/runs/macro_regime_v1_bps120_sources/dimension_scores.parquet,artifacts/regime/comparisons/price_family_structural_windows/price_family_ma12_structural_linked/phase2_chronology/chronology_monthly.csv,0.65,0.33828292987344716,0.15,-0.07692197414806111,0.1,0.007772368641933861,0.1,-0.0491440551378446,4,True,0.21998926922947531,price_family_ma12_structural_linked,MA12_PRICE_AFFORDABILITY,incumbent_demand_capital_markets__ma12_price_affordability,0.25784099080878403,-0.03785172157930872,0.03785172157930872,0.6165126861555433,-0.6196610169491525,0.10684785596207846,-0.5387889997362048,0.01602717839431177,-0.05387889997362048,-0.0378517215793087,-1.3877787807814457e-17
alameda_county_ca__county,2017-01-31,0.1241545352743561,-0.1715612396276552,0.3399763662263662,-0.5659260918253081,ma12_price_family_challenger,incumbent_dimension_history,incumbent_dimension_history,ma12_price_family_challenger,artifacts/regime/comparisons/price_family_structural_windows/price_family_ma12_structural_linked/phase2_chronology/chronology_monthly.csv,artifacts/regime/runs/macro_regime_v1_bps120_sources/dimension_scores.parquet,artifacts/regime/runs/macro_regime_v1_bps120_sources/dimension_scores.parquet,artifacts/regime/comparisons/price_family_structural_windows/price_family_ma12_structural_linked/phase2_chronology/chronology_monthly.csv,0.65,0.22098463804713803,0.15,-0.0848889137737962,0.1,0.01241545352743561,0.1,-0.017156123962765522,4,True,0.1313550538380119,price_family_ma12_structural_linked,MA12_PRICE_AFFORDABILITY,incumbent_demand_capital_markets__ma12_price_affordability,0.21622310125487487,-0.08486804741686296,0.08486804741686296,0.47675617615467236,-0.23520686963309914,-0.33071922219220895,-0.35260164088031626,-0.04960788332883134,-0.03526016408803163,-0.08486804741686296,0.0
alameda_county_ca__county,2017-02-28,0.0389517345399698,-0.2735394040184632,0.5446429363166652,-0.5418205128205128,ma12_price_family_challenger,incumbent_dimension_history,incumbent_dimension_history,ma12_price_family_challenger,artifacts/regime/comparisons/price_family_structural_windows/price_family_ma12_structural_linked/phase2_chronology/chronology_monthly.csv,artifacts/regime/runs/macro_regime_v1_bps120_sources/dimension_scores.parquet,artifacts/regime/runs/macro_regime_v1_bps120_sources/dimension_scores.parquet,artifacts/regime/comparisons/price_family_structural_windows/price_family_ma12_structural_linked/phase2_chronology/chronology_monthly.csv,0.65,0.3540179086058324,0.15,-0.08127307692307692,0.1,0.0038951734539969802,0.1,-0.027353940401846324,4,True,0.24928606473490608,price_family_ma12_structural_linked,MA12_PRICE_AFFORDABILITY,incumbent_demand_capital_markets__ma12_price_affordability,0.34865673971115707,-0.09937067497625099,0.09937067497625099,-0.005441930618401217,0.15024643046007408,-0.6920669432805868,0.044393665158371017,-0.10381004149208801,0.0044393665158371015,-0.09937067497625092,-6.938893903907228e-17
alameda_county_ca__county,2017-03-31,-0.1680729984301413,-0.29228300163983295,0.5051169309992839,-0.4188979591836735,ma12_price_family_challenger,incumbent_dimension_history,incumbent_dimension_history,ma12_price_family_challenger,artifacts/regime/comparisons/price_family_structural_windows/price_family_ma12_structural_linked/phase2_chronology/chronology_monthly.csv,artifacts/regime/runs/macro_regime_v1_bps120_sources/dimension_scores.parquet,artifacts/regime/runs/macro_regime_v1_bps120_sources/dimension_scores.parquet,artifacts/regime/comparisons/price_family_structural_windows/price_family_ma12_structural_linked/phase2_chronology/chronology_monthly.csv,0.65,0.3283260051495345,0.15,-0.06283469387755103,0.1,-0.016807299843014132,0.1,-0.029228300163983298,4,True,0.2194557112649861,price_family_ma12_structural_linked,MA12_PRICE_AFFORDABILITY,incumbent_demand_capital_markets__ma12_price_affordability,0.30493900309288346,-0.08548329182789738,0.08548329182789738,-0.4240120663650075,0.32161669829222006,-0.7405146574758936,0.2559390679348662,-0.11107719862138404,0.025593906793486623,-0.08548329182789742,4.163336342344337e-17
alameda_county_ca__county,2017-04-30,-0.1476134376438103,-0.021200297140778014,0.36118719243719244,-0.3569756097560975,ma12_price_family_challenger,incumbent_dimension_history,incumbent_dimension_history,ma12_price_family_challenger,artifacts/regime/comparisons/price_family_structural_windows/price_family_ma12_structural_linked/phase2_chronology/chronology_monthly.csv,artifacts/regime/runs/macro_regime_v1_bps120_sources/dimension_scores.parquet,artifacts/regime/runs/macro_regime_v1_bps120_sources/dimension_scores.parquet,artifacts/regime/comparisons/price_family_structural_windows/price_family_ma12_structural_linked/phase2_chronology/chronology_monthly.csv,0.65,0.2347716750841751,0.15,-0.05354634146341462,0.1,-0.01476134376438103,0.1,-0.0021200297140778015,4,True,0.16434396014230165,price_family_ma12_structural_linked,MA12_PRICE_AFFORDABILITY,incumbent_demand_capital_markets__ma12_price_affordability,0.20597586350508396,-0.0416319033627823,0.0416319033627823,-0.4296222875146023,0.10857631257631253,-0.46555192233241005,0.282008849870792,-0.06983278834986151,0.028200884987079202,-0.0416319033627823,0.0
alameda_county_ca__county,2017-05-31,-0.1106286959228136,-0.15473611570288712,0.48979830354830356,-0.4185658263305322,ma12_price_family_challenger,incumbent_dimension_history,incumbent_dimension_history,ma12_price_family_challenger,artifacts/regime/comparisons/price_family_structural_windows/price_family_ma12_structural_linked/phase2_chronology/chronology_monthly.csv,artifacts/regime/runs/macro_regime_v1_bps120_sources/dimension_scores.parquet,artifacts/regime/runs/macro_regime_v1_bps120_sources/dimension_scores.parquet,artifacts/regime/comparisons/price_family_structural_windows/price_family_ma12_structural_linked/phase2_chronology/chronology_monthly.csv,0.65,0.31836889730639734,0.15,-0.06278487394957982,0.1,-0.01106286959228136,0.1,-0.015473611570288712,4,True,0.22904754219424744,price_family_ma12_structural_linked,MA12_PRICE_AFFORDABILITY,incumbent_demand_capital_markets__ma12_price_affordability,0.2846371165468074,-0.055589574352559956,0.055589574352559956,0.026684636118598393,-0.13951088534107403,-0.27905494098945816,-0.137313332041412,-0.04185824114841872,-0.0137313332041412,-0.05558957435255992,-3.469446951953614e-17
alameda_county_ca__county,2017-06-30,-0.1002927305252886,-0.015153712699514252,0.33652052577052577,-0.3372737030411449,ma12_price_family_challenger,incumbent_dimension_history,incumbent_dimension_history,ma12_price_family_challenger,artifacts/regime/comparisons/price_family_structural_windows/price_family_ma12_structural_linked/phase2_chronology/chronology_monthly.csv,artifacts/regime/runs/macro_regime_v1_bps120_sources/dimension_scores.parquet,artifacts/regime/runs/macro_regime_v1_bps120_sources/dimension_scores.parquet,artifacts/regime/comparisons/price_family_structural_windows/price_family_ma12_structural_linked/phase2_chronology/chronology_monthly.csv,0.65,0.21873834175084175,0.15,-0.050591055456171735,0.1,-0.010029273052528861,0.1,-0.0015153712699514253,4,True,0.1566026419721897,price_family_ma12_structural_linked,MA12_PRICE_AFFORDABILITY,incumbent_demand_capital_markets__ma12_price_affordability,0.17601742124975966,-0.01941477927756996,0.01941477927756996,-0.6763049095607235,0.1761662781662782,-0.5134399812074231,0.5760121790354349,-0.07701599718111346,0.05760121790354349,-0.019414779277569967,6.938893903907228e-18
alameda_county_ca__county,2017-07-31,-0.3126255819652045,-0.38979059218293666,0.4822983035483035,-0.2866758147512864,ma12_price_family_challenger,incumbent_dimension_history,incumbent_dimension_history,ma12_price_family_challenger,artifacts/regime/comparisons/price_family_structural_windows/price_family_ma12_structural_linked/phase2_chronology/chronology_monthly.csv,artifacts/regime/runs/macro_regime_v1_bps120_sources/dimension_scores.parquet,artifacts/regime/runs/macro_regime_v1_bps120_sources/dimension_scores.parquet,artifacts/regime/comparisons/price_family_structural_windows/price_family_ma12_structural_linked/phase2_chronology/chronology_monthly.csv,0.65,0.31349389730639726,0.15,-0.043001372212692957,0.1,-0.031262558196520455,0.1,-0.03897905921829367,4,True,0.20025090767889017,price_family_ma12_structural_linked,MA12_PRICE_AFFORDABILITY,incumbent_demand_capital_markets__ma12_price_affordability,0.1945449311293907,0.005705976549499475,0.005705976549499475,-0.37535714285714283,-0.282894617819991,-0.0037811969312954163,0.06273156089193832,-0.0005671795396943125,0.006273156089193832,0.005705976549499519,-4.423544863740858e-17
alameda_county_ca__county,2017-08-31,-0.3331384015594542,-0.04532703179529442,0.2600760813260813,-0.201037037037037,ma12_price_family_challenger,incumbent_dimension_history,incumbent_dimension_history,ma12_price_family_challenger,artifacts/regime/comparisons/price_family_structural_windows/price_family_ma12_structural_linked/phase2_chronology/chronology_monthly.csv,artifacts/regime/runs/macro_regime_v1_bps120_sources/dimension_scores.parquet,artifacts/regime/runs/macro_regime_v1_bps120_sources/dimension_scores.parquet,artifacts/regime/comparisons/price_family_structural_windows/price_family_ma12_structural_linked/phase2_chronology/chronology_monthly.csv,0.65,0.16904945286195283,0.15,-0.030155555555555547,0.1,-0.03331384015594542,0.1,-0.0045327031795294416,4,True,0.10104735397092242,price_family_ma12_structural_linked,MA12_PRICE_AFFORDABILITY,incumbent_demand_capital_markets__ma12_price_affordability,0.12030076965333397,-0.019253415682411554,0.019253415682411554,-0.11927318295739345,-0.21525774488900037,0.014220707851963388,-0.21386521860206073,0.002133106177794508,-0.021386521860206075,-0.019253415682411568,1.3877787807814457e-17
alameda_county_ca__county,2017-09-30,-0.32537413111626,-0.027679825803233152,0.5803538591038592,-0.188505928853755,ma12_price_family_challenger,incumbent_dimension_history,incumbent_dimension_history,ma12_price_family_challenger,artifacts/regime/comparisons/price_family_structural_windows/price_family_ma12_structural_linked/phase2_chronology/chronology_monthly.csv,artifacts/regime/runs/macro_regime_v1_bps120_sources/dimension_scores.parquet,artifacts/regime/runs/macro_regime_v1_bps120_sources/dimension_scores.parquet,artifacts/regime/comparisons/price_family_structural_windows/price_family_ma12_structural_linked/phase2_chronology/chronology_monthly.csv,0.65,0.3772300084175085,0.15,-0.02827588932806325,0.1,-0.032537413111626,0.1,-0.0027679825803233154,4,True,0.31364872339749594,price_family_ma12_structural_linked,MA12_PRICE_AFFORDABILITY,incumbent_demand_capital_markets__ma12_price_affordability,0.3669084728922954,-0.05325974949479945,0.05325974949479945,0.004138720113627425,-0.05311616637501683,-0.13538976247873818,-0.32951285122988744,-0.020308464371810726,-0.03295128512298875,-0.053259749494799474,2.7755575615628914e-17
alameda_county_ca__county,2017-10-31,-0.4285637009942816,-0.2951270293063462,0.3871594146594146,-0.1337872340425532,ma12_price_family_challenger,incumbent_dimension_history,incumbent_dimension_history,ma12_price_family_challenger,artifacts/regime/comparisons/price_family_structural_windows/price_family_ma12_structural_linked/phase2_chronology/chronology_monthly.csv,artifacts/regime/runs/macro_regime_v1_bps120_sources/dimension_scores.parquet,artifacts/regime/runs/macro_regime_v1_bps120_sources/dimension_scores.parquet,artifacts/regime/comparisons/price_family_structural_windows/price_family_ma12_structural_linked/phase2_chronology/chronology_monthly.csv,0.65,0.25165361952861953,0.15,-0.020068085106382978,0.1,-0.042856370099428165,0.1,-0.029512702930634623,4,True,0.15921646139217377,price_family_ma12_structural_linked,MA12_PRICE_AFFORDABILITY,incumbent_demand_capital_markets__ma12_price_affordability,0.23020556485960442,-0.07098910346743065,0.07098910346743065,-0.6360558090950919,0.47780152780752483,-0.611588761850078,0.20749210810081026,-0.09173831427751171,0.020749210810081027,-0.07098910346743068,2.7755575615628914e-17
alameda_county_ca__county,2017-11-30,-0.3599122807017543,-0.07473811936453416,0.41715941465941464,-0.041719298245614,ma12_price_family_challenger,incumbent_dimension_history,incumbent_dimension_history,ma12_price_family_challenger,artifacts/regime/comparisons/price_family_structural_windows/price_family_ma12_structural_linked/phase2_chronology/chronology_monthly.csv,artifacts/regime/runs/macro_regime_v1_bps120_sources/dimension_scores.parquet,artifacts/regime/runs/macro_regime_v1_bps120_sources/dimension_scores.parquet,artifacts/regime/comparisons/price_family_structural_windows/price_family_ma12_structural_linked/phase2_chronology/chronology_monthly.csv,0.65,0.27115361952861955,0.15,-0.0062578947368421,0.1,-0.03599122807017543,0.1,-0.007473811936453416,4,True,0.22143068478514863,price_family_ma12_structural_linked,MA12_PRICE_AFFORDABILITY,incumbent_demand_capital_markets__ma12_price_affordability,0.24475943138009146,-0.02332874659494283,0.02332874659494283,-0.28541666666666665,0.0641419363639464,-0.1058612346095604,-0.07449561403508764,-0.01587918519143406,-0.007449561403508765,-0.023328746594942825,-3.469446951953614e-18
alameda_county_ca__county,2017-12-31,0.1784601008294782,-0.004415000528932574,0.42156944444444444,0.1361829697396199,ma12_price_family_challenger,incumbent_dimension_history,incumbent_dimension_history,ma12_price_family_challenger,artifacts/regime/comparisons/price_family_structural_windows/price_family_ma12_structural_linked/phase2_chronology/chronology_monthly.csv,artifacts/regime/runs/macro_regime_v1_bps120_sources/dimension_scores.parquet,artifacts/regime/runs/macro_regime_v1_bps120_sources/dimension_scores.parquet,artifacts/regime/comparisons/price_family_structural_windows/price_family_ma12_structural_linked/phase2_chronology/chronology_monthly.csv,0.65,0.2740201388888889,0.15,0.020427445460942984,0.1,0.01784601008294782,0.1,-0.00044150005289325737,4,True,0.3118520943798864,price_family_ma12_structural_linked,MA12_PRICE_AFFORDABILITY,incumbent_demand_capital_markets__ma12_price_affordability,0.32093064611778155,-0.009078551737895124,0.009078551737895124,0.08149659863945578,0.2613489827856025,-0.12516601304598257,0.09696350219002241,-0.018774901956897384,0.009696350219002241,-0.009078551737895143,1.9081958235744878e-17
alameda_county_ca__county,2018-01-31,-0.0269360306178239,-0.21506266948098487,0.21490277777777778,0.1789152542372881,ma12_price_family_challenger,incumbent_dimension_history,incumbent_dimension_history,ma12_price_family_challenger,artifacts/regime/comparisons/price_family_structural_windows/price_family_ma12_structural_linked/phase2_chronology/chronology_monthly.csv,artifacts/regime/runs/macro_regime_v1_bps120_sources/dimension_scores.parquet,artifacts/regime/runs/macro_regime_v1_bps120_sources/dimension_scores.parquet,artifacts/regime/comparisons/price_family_structural_windows/price_family_ma12_structural_linked/phase2_chronology/chronology_monthly.csv,0.65,0.13968680555555557,0.15,0.026837288135593215,0.1,-0.00269360306178239,0.1,-0.021506266948098488,4,True,0.1423242236812679,price_family_ma12_structural_linked,MA12_PRICE_AFFORDABILITY,incumbent_demand_capital_markets__ma12_price_affordability,0.13958671373646278,0.002737509944805122,0.002737509944805122,0.24273717609730303,-0.01911694987149741,0.19803220410878553,-0.2696732067151269,0.029704830616317828,-0.026967320671512692,0.002737509944805136,-1.3877787807814457e-17
alameda_county_ca__county,2018-02-28,-0.258015873015873,-0.42158242869989726,0.5362916666666665,0.1952156862745098,ma12_price_family_challenger,incumbent_dimension_history,incumbent_dimension_history,ma12_price_family_challenger,artifacts/regime/comparisons/price_family_structural_windows/price_family_ma12_structural_linked/phase2_chronology/chronology_monthly.csv,artifacts/regime/runs/macro_regime_v1_bps120_sources/dimension_scores.parquet,artifacts/regime/runs/macro_regime_v1_bps120_sources/dimension_scores.parquet,artifacts/regime/comparisons/price_family_structural_windows/price_family_ma12_structural_linked/phase2_chronology/chronology_monthly.csv,0.65,0.34858958333333323,0.15,0.029282352941176468,0.1,-0.025801587301587298,0.1,-0.04215824286998973,4,True,0.30991210610293274,price_family_ma12_structural_linked,MA12_PRICE_AFFORDABILITY,incumbent_demand_capital_markets__ma12_price_affordability,0.3047299017457108,0.005182204357221942,0.005182204357221942,-0.17760007228697933,0.1070571234071013,0.0881585628674085,-0.08041580072889365,0.013223784430111275,-0.008041580072889366,0.005182204357221909,3.2959746043559335e-17
alameda_county_ca__county,2018-03-31,-0.4869431746532156,-0.22608408143069197,0.4674027777777778,0.0577906683480453,ma12_price_family_challenger,incumbent_dimension_history,incumbent_dimension_history,ma12_price_family_challenger,artifacts/regime/comparisons/price_family_structural_windows/price_family_ma12_structural_linked/phase2_chronology/chronology_monthly.csv,artifacts/regime/runs/macro_regime_v1_bps120_sources/dimension_scores.parquet,artifacts/regime/runs/macro_regime_v1_bps120_sources/dimension_scores.parquet,artifacts/regime/comparisons/price_family_structural_windows/price_family_ma12_structural_linked/phase2_chronology/chronology_monthly.csv,0.65,0.3038118055555556,0.15,0.008668600252206794,0.1,-0.04869431746532157,0.1,-0.0226084081430692,4,True,0.24117768019937164,price_family_ma12_structural_linked,MA12_PRICE_AFFORDABILITY,incumbent_demand_capital_markets__ma12_price_affordability,0.28221679274463174,-0.041039112545260104,0.041039112545260104,-0.5950629578754579,0.40346460746460755,-0.34567393911656225,0.1081197832222423,-0.05185109086748434,0.010811978322224232,-0.041039112545260104,0.0
alameda_county_ca__county,2018-04-30,-0.5314904724003934,-0.2069071021875936,0.34087499999999993,0.1120073037127206,ma12_price_family_challenger,incumbent_dimension_history,incumbent_dimension_history,ma12_price_family_challenger,artifacts/regime/comparisons/price_family_structural_windows/price_family_ma12_structural_linked/phase2_chronology/chronology_monthly.csv,artifacts/regime/runs/macro_regime_v1_bps120_sources/dimension_scores.parquet,artifacts/regime/runs/macro_regime_v1_bps120_sources/dimension_scores.parquet,artifacts/regime/comparisons/price_family_structural_windows/price_family_ma12_structural_linked/phase2_chronology/chronology_monthly.csv,0.65,0.22156874999999995,0.15,0.016801095556908088,0.1,-0.05314904724003934,0.1,-0.02069071021875936,4,True,0.16453008809810937,price_family_ma12_structural_linked,MA12_PRICE_AFFORDABILITY,incumbent_demand_capital_markets__ma12_price_affordability,0.20456885981026815,-0.04003877171215878,0.04003877171215878,-0.6945917997097242,0.4876666666666667,-0.3756593629539461,0.1631013273093308,-0.05634890444309191,0.01631013273093308,-0.04003877171215883,5.551115123125783e-17
alameda_county_ca__county,2018-05-31,-0.640021645021645,-0.3679524496576427,0.534486111111111,0.3071111111111111,ma12_price_family_challenger,incumbent_dimension_history,incumbent_dimension_history,ma12_price_family_challenger,artifacts/regime/comparisons/price_family_structural_windows/price_family_ma12_structural_linked/phase2_chronology/chronology_monthly.csv,artifacts/regime/runs/macro_regime_v1_bps120_sources/dimension_scores.parquet,artifacts/regime/runs/macro_regime_v1_bps120_sources/dimension_scores.parquet,artifacts/regime/comparisons/price_family_structural_windows/price_family_ma12_structural_linked/phase2_chronology/chronology_monthly.csv,0.65,0.34741597222222215,0.15,0.046066666666666665,0.1,-0.0640021645021645,0.1,-0.03679524496576427,4,True,0.29268522942096004,price_family_ma12_structural_linked,MA12_PRICE_AFFORDABILITY,incumbent_demand_capital_markets__ma12_price_affordability,0.29674407408506787,-0.00405884466410783,0.00405884466410783,-0.741025641025641,0.40150607287449397,-0.09439496176338286,0.1010039960039959,-0.014159244264507428,0.01010039960039959,-0.004058844664107837,6.938893903907228e-18
alameda_county_ca__county,2018-06-30,-0.6720064450474899,-0.181509324009324,0.2959305555555555,0.4114545454545454,ma12_price_family_challenger,incumbent_dimension_history,incumbent_dimension_history,ma12_price_family_challenger,artifacts/regime/comparisons/price_family_structural_windows/price_family_ma12_structural_linked/phase2_chronology/chronology_monthly.csv,artifacts/regime/runs/macro_regime_v1_bps120_sources/dimension_scores.parquet,artifacts/regime/runs/macro_regime_v1_bps120_sources/dimension_scores.parquet,artifacts/regime/comparisons/price_family_structural_windows/price_family_ma12_structural_linked/phase2_chronology/chronology_monthly.csv,0.65,0.19235486111111105,0.15,0.06171818181818181,0.1,-0.06720064450474898,0.1,-0.018150932400932403,4,True,0.1687214660236115,price_family_ma12_structural_linked,MA12_PRICE_AFFORDABILITY,incumbent_demand_capital_markets__ma12_price_affordability,0.15669916680541673,0.012022299218194754,0.012022299218194754,-0.7287878787878788,0.36916017316017313,0.04229437229437227,0.05678143374038891,0.0063441558441558405,0.005678143374038891,0.012022299218194732,2.2551405187698492e-17
alameda_county_ca__county,2018-07-31,-0.6257789269553975,-0.136425427793622,0.46948611111111105,0.4119340659340659,ma12_price_family_challenger,incumbent_dimension_history,incumbent_dimension_history,ma12_price_family_challenger,artifacts/regime/comparisons/price_family_structural_windows/price_family_ma12_structural_linked/phase2_chronology/chronology_monthly.csv,artifacts/regime/runs/macro_regime_v1_bps120_sources/dimension_scores.parquet,artifacts/regime/runs/macro_regime_v1_bps120_sources/dimension_scores.parquet,artifacts/regime/comparisons/price_family_structural_windows/price_family_ma12_structural_linked/phase2_chronology/chronology_monthly.csv,0.65,0.3051659722222222,0.15,0.061790109890109884,0.1,-0.06257789269553975,0.1,-0.0136425427793622,4,True,0.2907356466374301,price_family_ma12_structural_linked,MA12_PRICE_AFFORDABILITY,incumbent_demand_capital_markets__ma12_price_affordability,0.22241441470091994,0.06832123193651019,0.06832123193651019,-0.3683227768719427,-0.2151782470316383,0.6271123129657041,-0.2574561500834548,0.09406684694485562,-0.02574561500834548,0.06832123193651014,4.163336342344337e-17
alameda_county_ca__county,2018-08-31,-0.6089792663476874,-0.23202396378993081,0.23906944444444445,0.3385837320574163,ma12_price_family_challenger,incumbent_dimension_history,incumbent_dimension_history,ma12_price_family_challenger,artifacts/regime/comparisons/price_family_structural_windows/price_family_ma12_structural_linked/phase2_chronology/chronology_monthly.csv,artifacts/regime/runs/macro_regime_v1_bps120_sources/dimension_scores.parquet,artifacts/regime/runs/macro_regime_v1_bps120_sources/dimension_scores.parquet,artifacts/regime/comparisons/price_family_structural_windows/price_family_ma12_structural_linked/phase2_chronology/chronology_monthly.csv,0.65,0.1553951388888889,0.15,0.050787559808612444,0.1,-0.06089792663476874,0.1,-0.023202396378993084,4,True,0.12208237568373952,price_family_ma12_structural_linked,MA12_PRICE_AFFORDABILITY,incumbent_demand_capital_markets__ma12_price_affordability,0.059420269143177516,0.06266210654056201,0.06266210654056201,-0.4640687396239961,-0.175770662695458,0.5143543947528744,-0.1449105267236913,0.07715315921293116,-0.014491052672369132,0.06266210654056202,-1.3877787807814457e-17
alameda_county_ca__county,2018-09-30,-0.5868862583633556,-0.3532855620787127,0.47018055555555555,0.2236891405043747,ma12_price_family_challenger,incumbent_dimension_history,incumbent_dimension_history,ma12_price_family_challenger,artifacts/regime/comparisons/price_family_structural_windows/price_family_ma12_structural_linked/phase2_chronology/chronology_monthly.csv,artifacts/regime/runs/macro_regime_v1_bps120_sources/dimension_scores.parquet,artifacts/regime/runs/macro_regime_v1_bps120_sources/dimension_scores.parquet,artifacts/regime/comparisons/price_family_structural_windows/price_family_ma12_structural_linked/phase2_chronology/chronology_monthly.csv,0.65,0.3056173611111111,0.15,0.0335533710756562,0.1,-0.058688625836335565,0.1,-0.03532855620787127,4,True,0.24515355014256046,price_family_ma12_structural_linked,MA12_PRICE_AFFORDABILITY,incumbent_demand_capital_markets__ma12_price_affordability,0.22870011710428215,0.016453433038278314,0.016453433038278314,-0.3109231098736346,-0.069975845410628,0.2936649859150027,-0.27596314848972103,0.0440497478872504,-0.027596314848972105,0.016453433038278294,2.0816681711721685e-17
alameda_county_ca__county,2018-10-31,-0.5766899302093719,-0.4566067356672398,0.2515694444444444,0.0004865403788634,ma12_price_family_challenger,incumbent_dimension_history,incumbent_dimension_history,ma12_price_family_challenger,artifacts/regime/comparisons/price_family_structural_windows/price_family_ma12_structural_linked/phase2_chronology/chronology_monthly.csv,artifacts/regime/runs/macro_regime_v1_bps120_sources/dimension_scores.parquet,artifacts/regime/runs/macro_regime_v1_bps120_sources/dimension_scores.parquet,artifacts/regime/comparisons/price_family_structural_windows/price_family_ma12_structural_linked/phase2_chronology/chronology_monthly.csv,0.65,0.16352013888888886,0.15,7.298105682951e-05,0.1,-0.05766899302093719,0.1,-0.045660673566723986,4,True,0.06026345335805719,price_family_ma12_structural_linked,MA12_PRICE_AFFORDABILITY,incumbent_demand_capital_markets__ma12_price_affordability,0.039854581950001335,0.020408871408055855,0.020408871408055855,-0.3598049312826109,-0.2801626016260163,0.2806491420048797,-0.216884998926761,0.042097371300731955,-0.0216884998926761,0.020408871408055855,0.0
alameda_county_ca__county,2018-11-30,-0.5063043478260869,-0.26158843529759124,0.3339305555555555,-0.2153043478260869,ma12_price_family_challenger,incumbent_dimension_history,incumbent_dimension_history,ma12_price_family_challenger,artifacts/regime/comparisons/price_family_structural_windows/price_family_ma12_structural_linked/phase2_chronology/chronology_monthly.csv,artifacts/regime/runs/macro_regime_v1_bps120_sources/dimension_scores.parquet,artifacts/regime/runs/macro_regime_v1_bps120_sources/dimension_scores.parquet,artifacts/regime/comparisons/price_family_structural_windows/price_family_ma12_structural_linked/phase2_chronology/chronology_monthly.csv,0.65,0.21705486111111108,0.15,-0.03229565217391303,0.1,-0.050630434782608695,0.1,-0.026158843529759127,4,True,0.10796993062483022,price_family_ma12_structural_linked,MA12_PRICE_AFFORDABILITY,incumbent_demand_capital_markets__ma12_price_affordability,0.10422233717324292,0.0037475934515873027,0.0037475934515873027,-0.19985133020344284,-0.44459031591843157,0.22928596809234467,-0.3064530176226441,0.0343928952138517,-0.03064530176226441,0.003747593451587289,1.3877787807814457e-17
alameda_county_ca__county,2018-12-31,-0.1309467132912001,0.014282929676101544,0.15627493258375613,-0.3761779859484777,ma12_price_family_challenger,incumbent_dimension_history,incumbent_dimension_history,ma12_price_family_challenger,artifacts/regime/comparisons/price_family_structural_windows/price_family_ma12_structural_linked/phase2_chronology/chronology_monthly.csv,artifacts/regime/runs/macro_regime_v1_bps120_sources/dimension_scores.parquet,artifacts/regime/runs/macro_regime_v1_bps120_sources/dimension_scores.parquet,artifacts/regime/comparisons/price_family_structural_windows/price_family_ma12_structural_linked/phase2_chronology/chronology_monthly.csv,0.65,0.1015787061794415,0.15,-0.05642669789227165,0.1,-0.013094671329120011,0.1,0.0014282929676101546,4,True,0.03348562992565999,price_family_ma12_structural_linked,MA12_PRICE_AFFORDABILITY,incumbent_demand_capital_markets__ma12_price_affordability,0.0551438204691048,-0.02165819054344481,0.02165819054344481,0.4254416498240886,-0.6027156244023715,0.2265376384538938,-0.5563883631152887,0.033980645768084065,-0.055638836311528876,-0.02165819054344481,0.0
alameda_county_ca__county,2019-01-31,-0.0745901739995334,-0.057121244461384536,-0.013808400749577215,-0.4450480002947063,ma12_price_family_challenger,incumbent_dimension_history,incumbent_dimension_history,ma12_price_family_challenger,artifacts/regime/comparisons/price_family_structural_windows/price_family_ma12_structural_linked/phase2_chronology/chronology_monthly.csv,artifacts/regime/runs/macro_regime_v1_bps120_sources/dimension_scores.parquet,artifacts/regime/runs/macro_regime_v1_bps120_sources/dimension_scores.parquet,artifacts/regime/comparisons/price_family_structural_windows/price_family_ma12_structural_linked/phase2_chronology/chronology_monthly.csv,0.65,-0.00897546048722519,0.15,-0.06675720004420595,0.1,-0.00745901739995334,0.1,-0.005712124446138454,4,True,-0.08890380237752295,price_family_ma12_structural_linked,MA12_PRICE_AFFORDABILITY,incumbent_demand_capital_markets__ma12_price_affordability,-0.04700043232811688,-0.041903370049406065,0.041903370049406065,0.5615417228983292,-0.5897801312305744,0.14473213093586806,-0.6361318968978625,0.02170981964038021,-0.06361318968978626,-0.041903370049406044,-2.0816681711721685e-17
alameda_county_ca__county,2019-02-28,0.0013492063492063,-0.04477388836329233,0.3296082659170894,-0.4782539682539682,ma12_price_family_challenger,incumbent_dimension_history,incumbent_dimension_history,ma12_price_family_challenger,artifacts/regime/comparisons/price_family_structural_windows/price_family_ma12_structural_linked/phase2_chronology/chronology_monthly.csv,artifacts/regime/runs/macro_regime_v1_bps120_sources/dimension_scores.parquet,artifacts/regime/runs/macro_regime_v1_bps120_sources/dimension_scores.parquet,artifacts/regime/comparisons/price_family_structural_windows/price_family_ma12_structural_linked/phase2_chronology/chronology_monthly.csv,0.65,0.21424537284610812,0.15,-0.07173809523809523,0.1,0.00013492063492063,0.1,-0.004477388836329233,4,True,0.1381648094066043,price_family_ma12_structural_linked,MA12_PRICE_AFFORDABILITY,incumbent_demand_capital_markets__ma12_price_affordability,0.22179013592522767,-0.08362532651862337,0.08362532651862337,0.27289575289575296,-0.1017828224941768,-0.3764711457597914,-0.27154654654654664,-0.05647067186396871,-0.027154654654654664,-0.08362532651862337,0.0
alameda_county_ca__county,2019-03-31,0.0265985490266763,0.114706833834691,0.09099715480597831,-0.5256932227829849,ma12_price_family_challenger,incumbent_dimension_history,incumbent_dimension_history,ma12_price_family_challenger,artifacts/regime/comparisons/price_family_structural_windows/price_family_ma12_structural_linked/phase2_chronology/chronology_monthly.csv,artifacts/regime/runs/macro_regime_v1_bps120_sources/dimension_scores.parquet,artifacts/regime/runs/macro_regime_v1_bps120_sources/dimension_scores.parquet,artifacts/regime/comparisons/price_family_structural_windows/price_family_ma12_structural_linked/phase2_chronology/chronology_monthly.csv,0.65,0.059148150623885905,0.15,-0.07885398341744773,0.1,0.00265985490266763,0.1,0.0114706833834691,4,True,-0.005575294507425095,price_family_ma12_structural_linked,MA12_PRICE_AFFORDABILITY,incumbent_demand_capital_markets__ma12_price_affordability,0.09656936132555025,-0.10214465583297534,0.10214465583297534,0.11429276315789473,0.09680834001603847,-0.6225015627990234,-0.08769421413121843,-0.0933752344198535,-0.008769421413121843,-0.10214465583297534,0.0
alameda_county_ca__county,2019-04-30,0.1015832815832815,0.10875448771057716,0.07683048813931169,-0.5950633150633151,ma12_price_family_challenger,incumbent_dimension_history,incumbent_dimension_history,ma12_price_family_challenger,artifacts/regime/comparisons/price_family_structural_windows/price_family_ma12_structural_linked/phase2_chronology/chronology_monthly.csv,artifacts/regime/runs/macro_regime_v1_bps120_sources/dimension_scores.parquet,artifacts/regime/runs/macro_regime_v1_bps120_sources/dimension_scores.parquet,artifacts/regime/comparisons/price_family_structural_windows/price_family_ma12_structural_linked/phase2_chronology/chronology_monthly.csv,0.65,0.0499398172905526,0.15,-0.08925949725949726,0.1,0.01015832815832815,0.1,0.010875448771057717,4,True,-0.018285903039558796,price_family_ma12_structural_linked,MA12_PRICE_AFFORDABILITY,incumbent_demand_capital_markets__ma12_price_affordability,0.06779473350886361,-0.0860806365484224,0.0860806365484224,0.21916977759083028,-0.0995834020788649,-0.4954799129844502,-0.11758649600754878,-0.07432198694766753,-0.01175864960075488,-0.0860806365484224,0.0
alameda_county_ca__county,2019-05-31,0.1506993006993007,0.2033343430762785,0.10377493258375609,-0.602853146853147,ma12_price_family_challenger,incumbent_dimension_history,incumbent_dimension_history,ma12_price_family_challenger,artifacts/regime/comparisons/price_family_structural_windows/price_family_ma12_structural_linked/phase2_chronology/chronology_monthly.csv,artifacts/regime/runs/macro_regime_v1_bps120_sources/dimension_scores.parquet,artifacts/regime/runs/macro_regime_v1_bps120_sources/dimension_scores.parquet,artifacts/regime/comparisons/price_family_structural_windows/price_family_ma12_structural_linked/phase2_chronology/chronology_monthly.csv,0.65,0.06745370617944146,0.15,-0.09042797202797204,0.1,0.015069930069930071,0.1,0.02033343430762785,4,True,0.01242909852902735,price_family_ma12_structural_linked,MA12_PRICE_AFFORDABILITY,incumbent_demand_capital_markets__ma12_price_affordability,0.07958010407778572,-0.06715100554875837,0.06715100554875837,0.08178488178488177,-0.10923683058514516,-0.4936163162680018,0.06891441891441893,-0.07404244744020026,0.006891441891441894,-0.06715100554875837,0.0
alameda_county_ca__county,2019-06-30,0.2831028070838346,0.38192584780810584,0.03419159925042277,-0.6180397148169877,ma12_price_family_challenger,incumbent_dimension_history,incumbent_dimension_history,ma12_price_family_challenger,artifacts/regime/comparisons/price_family_structural_windows/price_family_ma12_structural_linked/phase2_chronology/chronology_monthly.csv,artifacts/regime/runs/macro_regime_v1_bps120_sources/dimension_scores.parquet,artifacts/regime/runs/macro_regime_v1_bps120_sources/dimension_scores.parquet,artifacts/regime/comparisons/price_family_structural_windows/price_family_ma12_structural_linked/phase2_chronology/chronology_monthly.csv,0.65,0.0222245395127748,0.15,-0.09270595722254815,0.1,0.028310280708383463,0.1,0.038192584780810584,4,True,-0.003978552220579308,price_family_ma12_structural_linked,MA12_PRICE_AFFORDABILITY,incumbent_demand_capital_markets__ma12_price_affordability,0.030222683926903544,-0.034201236147482855,0.034201236147482855,0.18121030679126277,-0.32210314030538745,-0.29593657451160027,0.10189250029257185,-0.04439048617674004,0.010189250029257186,-0.034201236147482855,0.0
alameda_county_ca__county,2019-07-31,0.3137414056531704,0.26808927334470933,0.20196937702820048,-0.6201508785332315,ma12_price_family_challenger,incumbent_dimension_history,incumbent_dimension_history,ma12_price_family_challenger,artifacts/regime/comparisons/price_family_structural_windows/price_family_ma12_structural_linked/phase2_chronology/chronology_monthly.csv,artifacts/regime/runs/macro_regime_v1_bps120_sources/dimension_scores.parquet,artifacts/regime/runs/macro_regime_v1_bps120_sources/dimension_scores.parquet,artifacts/regime/comparisons/price_family_structural_windows/price_family_ma12_structural_linked/phase2_chronology/chronology_monthly.csv,0.65,0.13128009506833033,0.15,-0.09302263177998472,0.1,0.03137414056531704,0.1,0.026808927334470933,4,True,0.09644053118813357,price_family_ma12_structural_linked,MA12_PRICE_AFFORDABILITY,incumbent_demand_capital_markets__ma12_price_affordability,0.13961647311044556,-0.043175941922311986,0.043175941922311986,0.3150037230081907,-0.3331528106211651,-0.2869980679120664,-0.0012623173550203037,-0.043049710186809954,-0.00012623173550203038,-0.043175941922311986,0.0
alameda_county_ca__county,2019-08-31,0.4272017837235229,0.5435446627473026,0.07752493258375612,-0.6146166233122754,ma12_price_family_challenger,incumbent_dimension_history,incumbent_dimension_history,ma12_price_family_challenger,artifacts/regime/comparisons/price_family_structural_windows/price_family_ma12_structural_linked/phase2_chronology/chronology_monthly.csv,artifacts/regime/runs/macro_regime_v1_bps120_sources/dimension_scores.parquet,artifacts/regime/runs/macro_regime_v1_bps120_sources/dimension_scores.parquet,artifacts/regime/comparisons/price_family_structural_windows/price_family_ma12_structural_linked/phase2_chronology/chronology_monthly.csv,0.65,0.050391206179441476,0.15,-0.0921924934968413,0.1,0.04272017837235229,0.1,0.05435446627473026,4,True,0.05527335732968273,price_family_ma12_structural_linked,MA12_PRICE_AFFORDABILITY,incumbent_demand_capital_markets__ma12_price_affordability,0.082237970413861,-0.026964613084178267,0.026964613084178267,0.47900563607085345,-0.46938843764930727,-0.14522818566296813,-0.05180385234733054,-0.02178422784944522,-0.005180385234733054,-0.026964613084178274,6.938893903907228e-18
alameda_county_ca__county,2019-09-30,0.4211136594186919,0.39199693755696685,0.278913821472645,-0.5990993692938738,ma12_price_family_challenger,incumbent_dimension_history,incumbent_dimension_history,ma12_price_family_challenger,artifacts/regime/comparisons/price_family_structural_windows/price_family_ma12_structural_linked/phase2_chronology/chronology_monthly.csv,artifacts/regime/runs/macro_regime_v1_bps120_sources/dimension_scores.parquet,artifacts/regime/runs/macro_regime_v1_bps120_sources/dimension_scores.parquet,artifacts/regime/comparisons/price_family_structural_windows/price_family_ma12_structural_linked/phase2_chronology/chronology_monthly.csv,0.65,0.18129398395721924,0.15,-0.08986490539408105,0.1,0.04211136594186919,0.1,0.039199693755696687,4,True,0.17274013826070406,price_family_ma12_structural_linked,MA12_PRICE_AFFORDABILITY,incumbent_demand_capital_markets__ma12_price_affordability,0.21650070849539454,-0.04376057023469049,0.04376057023469049,0.5724540800963565,-0.4082558481810469,-0.19084352111282687,-0.15134042067766457,-0.02862652816692403,-0.015134042067766458,-0.04376057023469049,0.0
alameda_county_ca__county,2019-10-31,0.3263083319192262,0.23175831208567055,0.061691599250422745,-0.5891540811131852,ma12_price_family_challenger,incumbent_dimension_history,incumbent_dimension_history,ma12_price_family_challenger,artifacts/regime/comparisons/price_family_structural_windows/price_family_ma12_structural_linked/phase2_chronology/chronology_monthly.csv,artifacts/regime/runs/macro_regime_v1_bps120_sources/dimension_scores.parquet,artifacts/regime/runs/macro_regime_v1_bps120_sources/dimension_scores.parquet,artifacts/regime/comparisons/price_family_structural_windows/price_family_ma12_structural_linked/phase2_chronology/chronology_monthly.csv,0.65,0.040099539512774784,0.15,-0.08837311216697778,0.1,0.03263083319192262,0.1,0.023175831208567057,4,True,0.0075330917462866805,price_family_ma12_structural_linked,MA12_PRICE_AFFORDABILITY,incumbent_demand_capital_markets__ma12_price_affordability,0.06525457650190596,-0.05772148475561928,0.05772148475561928,0.21573259716985424,-0.13062702624280875,-0.4585270548703765,0.11057573474937196,-0.06877905823055647,0.011057573474937197,-0.05772148475561927,-6.938893903907228e-18
alameda_county_ca__county,2019-11-30,0.3022927689594356,0.25703159625244903,0.09294159925042277,-0.5865961199294533,ma12_price_family_challenger,incumbent_dimension_history,incumbent_dimension_history,ma12_price_family_challenger,artifacts/regime/comparisons/price_family_structural_windows/price_family_ma12_structural_linked/phase2_chronology/chronology_monthly.csv,artifacts/regime/runs/macro_regime_v1_bps120_sources/dimension_scores.parquet,artifacts/regime/runs/macro_regime_v1_bps120_sources/dimension_scores.parquet,artifacts/regime/comparisons/price_family_structural_windows/price_family_ma12_structural_linked/phase2_chronology/chronology_monthly.csv,0.65,0.0604120395127748,0.15,-0.08798941798941799,0.1,0.03022927689594356,0.1,0.025703159625244904,4,True,0.028355058044545273,price_family_ma12_structural_linked,MA12_PRICE_AFFORDABILITY,incumbent_demand_capital_markets__ma12_price_affordability,0.07599602527411103,-0.04764096722956576,0.04764096722956576,0.6134825014343086,-0.47644949338226367,-0.1101466265471896,-0.311189732474873,-0.016521993982078438,-0.031118973247487303,-0.04764096722956574,-2.0816681711721685e-17
alameda_county_ca__county,2019-12-31,0.6657298402154046,0.08276816195077065,0.1770833333333333,-0.5426434228887012,ma12_price_family_challenger,incumbent_dimension_history,incumbent_dimension_history,ma12_price_family_challenger,artifacts/regime/comparisons/price_family_structural_windows/price_family_ma12_structural_linked/phase2_chronology/chronology_monthly.csv,artifacts/regime/runs/macro_regime_v1_bps120_sources/dimension_scores.parquet,artifacts/regime/runs/macro_regime_v1_bps120_sources/dimension_scores.parquet,artifacts/regime/comparisons/price_family_structural_windows/price_family_ma12_structural_linked/phase2_chronology/chronology_monthly.csv,0.65,0.11510416666666665,0.15,-0.08139651343330517,0.1,0.06657298402154047,0.1,0.008276816195077065,4,True,0.108557453449979,price_family_ma12_structural_linked,MA12_PRICE_AFFORDABILITY,incumbent_demand_capital_markets__ma12_price_affordability,0.14495870246797118,-0.03640124901799219,0.03640124901799219,0.6974924216261846,-0.3211434837092732,-0.22149993917942795,-0.03176258141078003,-0.03322499087691419,-0.0031762581410780034,-0.036401249017992195,6.938893903907228e-18
alameda_county_ca__county,2020-01-31,0.6681506667777333,0.3561668931353651,-0.04069444444444443,-0.481215118172249,ma12_price_family_challenger,incumbent_dimension_history,incumbent_dimension_history,ma12_price_family_challenger,artifacts/regime/comparisons/price_family_structural_windows/price_family_ma12_structural_linked/phase2_chronology/chronology_monthly.csv,artifacts/regime/runs/macro_regime_v1_bps120_sources/dimension_scores.parquet,artifacts/regime/runs/macro_regime_v1_bps120_sources/dimension_scores.parquet,artifacts/regime/comparisons/price_family_structural_windows/price_family_ma12_structural_linked/phase2_chronology/chronology_monthly.csv,0.65,-0.02645138888888888,0.15,-0.07218226772583734,0.1,0.06681506667777333,0.1,0.03561668931353651,4,True,0.0037980993765836107,price_family_ma12_structural_linked,MA12_PRICE_AFFORDABILITY,incumbent_demand_capital_markets__ma12_price_affordability,0.01780085083536833,-0.01400275145878472,0.01400275145878472,0.7247909195104818,-0.4256236102688499,-0.05559150790339912,-0.05664025273274853,-0.008338726185509867,-0.005664025273274854,-0.014002751458784721,1.734723475976807e-18
alameda_county_ca__county,2020-02-29,0.6737931034482758,0.524769426746576,0.25166666666666665,-0.4384564860426929,ma12_price_family_challenger,incumbent_dimension_history,incumbent_dimension_history,ma12_price_family_challenger,artifacts/regime/comparisons/price_family_structural_windows/price_family_ma12_structural_linked/phase2_chronology/chronology_monthly.csv,artifacts/regime/runs/macro_regime_v1_bps120_sources/dimension_scores.parquet,artifacts/regime/runs/macro_regime_v1_bps120_sources/dimension_scores.parquet,artifacts/regime/comparisons/price_family_structural_windows/price_family_ma12_structural_linked/phase2_chronology/chronology_monthly.csv,0.65,0.16358333333333333,0.15,-0.06576847290640393,0.1,0.06737931034482758,0.1,0.052476942674657606,4,True,0.21767111344641457,price_family_ma12_structural_linked,MA12_PRICE_AFFORDABILITY,incumbent_demand_capital_markets__ma12_price_affordability,0.2895460877799339,-0.07187497433351933,0.07187497433351933,0.4704089815557338,0.17629942410913052,-0.6147559101518234,0.203384121892542,-0.09221338652277351,0.020338412189254203,-0.0718749743335193,-2.7755575615628914e-17
alameda_county_ca__county,2020-03-31,0.580819729805798,0.3312751402112951,-0.20716666666666667,-0.4158474528567407,ma12_price_family_challenger,incumbent_dimension_history,incumbent_dimension_history,ma12_price_family_challenger,artifacts/regime/comparisons/price_family_structural_windows/price_family_ma12_structural_linked/phase2_chronology/chronology_monthly.csv,artifacts/regime/runs/macro_regime_v1_bps120_sources/dimension_scores.parquet,artifacts/regime/runs/macro_regime_v1_bps120_sources/dimension_scores.parquet,artifacts/regime/comparisons/price_family_structural_windows/price_family_ma12_structural_linked/phase2_chronology/chronology_monthly.csv,0.65,-0.13465833333333332,0.15,-0.0623771179285111,0.1,0.0580819729805798,0.1,0.03312751402112951,4,True,-0.1058259642601351,price_family_ma12_structural_linked,MA12_PRICE_AFFORDABILITY,incumbent_demand_capital_markets__ma12_price_affordability,-0.049000304714020046,-0.05682565954611506,0.05682565954611506,0.3510339327943683,0.11618080879164622,-0.5320282616483869,0.2297857970114297,-0.07980423924725803,0.022978579701142973,-0.05682565954611506,0.0
alameda_county_ca__county,2020-04-30,0.5604189643646137,0.493522656861211,-0.3073611111111112,-0.3712791138832424,ma12_price_family_challenger,incumbent_dimension_history,incumbent_dimension_history,ma12_price_family_challenger,artifacts/regime/comparisons/price_family_structural_windows/price_family_ma12_structural_linked/phase2_chronology/chronology_monthly.csv,artifacts/regime/runs/macro_regime_v1_bps120_sources/dimension_scores.parquet,artifacts/regime/runs/macro_regime_v1_bps120_sources/dimension_scores.parquet,artifacts/regime/comparisons/price_family_structural_windows/price_family_ma12_structural_linked/phase2_chronology/chronology_monthly.csv,0.65,-0.1997847222222223,0.15,-0.055691867082486364,0.1,0.056041896436461375,0.1,0.049352265686121104,4,True,-0.1500824271821262,price_family_ma12_structural_linked,MA12_PRICE_AFFORDABILITY,incumbent_demand_capital_markets__ma12_price_affordability,-0.10678297942145554,-0.043299447760670656,0.043299447760670656,-0.010535531883846483,0.29802020202020196,-0.6692993159034444,0.5709544962484602,-0.10039489738551666,0.05709544962484602,-0.043299447760670635,-2.0816681711721685e-17
alameda_county_ca__county,2020-05-31,0.5424255820807546,0.3473867402389158,-0.18461111111111111,-0.3707709991158267,ma12_price_family_challenger,incumbent_dimension_history,incumbent_dimension_history,ma12_price_family_challenger,artifacts/regime/comparisons/price_family_structural_windows/price_family_ma12_structural_linked/phase2_chronology/chronology_monthly.csv,artifacts/regime/runs/macro_regime_v1_bps120_sources/dimension_scores.parquet,artifacts/regime/runs/macro_regime_v1_bps120_sources/dimension_scores.parquet,artifacts/regime/comparisons/price_family_structural_windows/price_family_ma12_structural_linked/phase2_chronology/chronology_monthly.csv,0.65,-0.11999722222222223,0.15,-0.05561564986737401,0.1,0.05424255820807547,0.1,0.03473867402389158,4,True,-0.0866316398576292,price_family_ma12_structural_linked,MA12_PRICE_AFFORDABILITY,incumbent_demand_capital_markets__ma12_price_affordability,-0.09178673050662198,0.005155090648992777,0.005155090648992777,0.6509075194468452,-0.4774595616865057,0.10668856257067899,-0.10848193736609058,0.01600328438560185,-0.010848193736609058,0.005155090648992791,-1.3877787807814457e-17
alameda_county_ca__county,2020-06-30,0.5182263938593052,0.3064470114715624,0.048083333333333304,-0.3450031993323132,ma12_price_family_challenger,incumbent_dimension_history,incumbent_dimension_history,ma12_price_family_challenger,artifacts/regime/comparisons/price_family_structural_windows/price_family_ma12_structural_linked/phase2_chronology/chronology_monthly.csv,artifacts/regime/runs/macro_regime_v1_bps120_sources/dimension_scores.parquet,artifacts/regime/runs/macro_regime_v1_bps120_sources/dimension_scores.parquet,artifacts/regime/comparisons/price_family_structural_windows/price_family_ma12_structural_linked/phase2_chronology/chronology_monthly.csv,0.65,0.03125416666666665,0.15,-0.051750479899846984,0.1,0.05182263938593053,0.1,0.030644701147156242,4,True,0.06197102729990644,price_family_ma12_structural_linked,MA12_PRICE_AFFORDABILITY,incumbent_demand_capital_markets__ma12_price_affordability,0.09067939786047799,-0.02870837056057155,0.02870837056057155,0.17907883958516868,0.07248430725425486,-0.4174875065865681,0.33914755427413656,-0.06262312598798521,0.03391475542741366,-0.02870837056057155,0.0
alameda_county_ca__county,2020-07-31,0.5234581094284319,0.567998939864643,-0.027500000000000017,-0.3486629213483146,ma12_price_family_challenger,incumbent_dimension_history,incumbent_dimension_history,ma12_price_family_challenger,artifacts/regime/comparisons/price_family_structural_windows/price_family_ma12_structural_linked/phase2_chronology/chronology_monthly.csv,artifacts/regime/runs/macro_regime_v1_bps120_sources/dimension_scores.parquet,artifacts/regime/runs/macro_regime_v1_bps120_sources/dimension_scores.parquet,artifacts/regime/comparisons/price_family_structural_windows/price_family_ma12_structural_linked/phase2_chronology/chronology_monthly.csv,0.65,-0.017875000000000012,0.15,-0.05229943820224719,0.1,0.052345810942843185,0.1,0.0567998939864643,4,True,0.03897126672706029,price_family_ma12_structural_linked,MA12_PRICE_AFFORDABILITY,incumbent_demand_capital_markets__ma12_price_affordability,0.044388729920227354,-0.005417463193167063,0.005417463193167063,0.40225573339703774,-0.23174491603960476,-0.11691800530870985,0.12120237603139411,-0.01753770079630648,0.012120237603139412,-0.0054174631931670665,3.469446951953614e-18
alameda_county_ca__county,2020-08-31,0.4650418160095579,0.33162758286446936,-0.03283333333333337,-0.2785679012345678,ma12_price_family_challenger,incumbent_dimension_history,incumbent_dimension_history,ma12_price_family_challenger,artifacts/regime/comparisons/price_family_structural_windows/price_family_ma12_structural_linked/phase2_chronology/chronology_monthly.csv,artifacts/regime/runs/macro_regime_v1_bps120_sources/dimension_scores.parquet,artifacts/regime/runs/macro_regime_v1_bps120_sources/dimension_scores.parquet,artifacts/regime/comparisons/price_family_structural_windows/price_family_ma12_structural_linked/phase2_chronology/chronology_monthly.csv,0.65,-0.02134166666666669,0.15,-0.04178518518518517,0.1,0.04650418160095579,0.1,0.033162758286446936,4,True,0.016540088035550876,price_family_ma12_structural_linked,MA12_PRICE_AFFORDABILITY,incumbent_demand_capital_markets__ma12_price_affordability,0.048886375137635975,-0.0323462871020851,0.0323462871020851,0.07850760999428598,0.19476348345618086,-0.47333138469074865,0.38653420601527194,-0.07099970770361229,0.0386534206015272,-0.03234628710208509,-6.938893903907228e-18
alameda_county_ca__county,2020-09-30,0.3661667341480523,0.36755715741443873,-0.09013888888888892,-0.1934398284642187,ma12_price_family_challenger,incumbent_dimension_history,incumbent_dimension_history,ma12_price_family_challenger,artifacts/regime/comparisons/price_family_structural_windows/price_family_ma12_structural_linked/phase2_chronology/chronology_monthly.csv,artifacts/regime/runs/macro_regime_v1_bps120_sources/dimension_scores.parquet,artifacts/regime/runs/macro_regime_v1_bps120_sources/dimension_scores.parquet,artifacts/regime/comparisons/price_family_structural_windows/price_family_ma12_structural_linked/phase2_chronology/chronology_monthly.csv,0.65,-0.058590277777777804,0.15,-0.029015974269632802,0.1,0.03661667341480523,0.1,0.03675571574144387,4,True,-0.014233862891161499,price_family_ma12_structural_linked,MA12_PRICE_AFFORDABILITY,incumbent_demand_capital_markets__ma12_price_affordability,0.020882418634924658,-0.03511628152608616,0.03511628152608616,0.020824893561221136,0.2708966087675765,-0.4643364372317952,0.34534184058683115,-0.06965046558476927,0.034534184058683116,-0.03511628152608615,-6.938893903907228e-18
alameda_county_ca__county,2020-10-31,0.3213048992307905,0.3193984802121583,-0.010277777777777787,-0.1092383446830801,ma12_price_family_challenger,incumbent_dimension_history,incumbent_dimension_history,ma12_price_family_challenger,artifacts/regime/comparisons/price_family_structural_windows/price_family_ma12_structural_linked/phase2_chronology/chronology_monthly.csv,artifacts/regime/runs/macro_regime_v1_bps120_sources/dimension_scores.parquet,artifacts/regime/runs/macro_regime_v1_bps120_sources/dimension_scores.parquet,artifacts/regime/comparisons/price_family_structural_windows/price_family_ma12_structural_linked/phase2_chronology/chronology_monthly.csv,0.65,-0.006680555555555562,0.15,-0.016385751702462013,0.1,0.03213048992307905,0.1,0.03193984802121583,4,True,0.0410040306862773,price_family_ma12_structural_linked,MA12_PRICE_AFFORDABILITY,incumbent_demand_capital_markets__ma12_price_affordability,0.05399190877012498,-0.01298787808384768,0.01298787808384768,0.2999109540063951,-0.008389860641165335,-0.10084848404191477,0.02139394522439536,-0.015127272606287214,0.0021393945224395363,-0.012987878083847677,-3.469446951953614e-18
alameda_county_ca__county,2020-11-30,0.2377880184331797,0.29871249733860233,-0.13838888888888887,-0.0187465437788018,ma12_price_family_challenger,incumbent_dimension_history,incumbent_dimension_history,ma12_price_family_challenger,artifacts/regime/comparisons/price_family_structural_windows/price_family_ma12_structural_linked/phase2_chronology/chronology_monthly.csv,artifacts/regime/runs/macro_regime_v1_bps120_sources/dimension_scores.parquet,artifacts/regime/runs/macro_regime_v1_bps120_sources/dimension_scores.parquet,artifacts/regime/comparisons/price_family_structural_windows/price_family_ma12_structural_linked/phase2_chronology/chronology_monthly.csv,0.65,-0.08995277777777777,0.15,-0.00281198156682027,0.1,0.023778801843317973,0.1,0.029871249733860235,4,True,-0.039114707767419835,price_family_ma12_structural_linked,MA12_PRICE_AFFORDABILITY,incumbent_demand_capital_markets__ma12_price_affordability,-0.022112567316627613,-0.017002140450792222,0.017002140450792222,0.0331970551378446,0.23099503475670308,-0.24974157853550488,0.2045909632953351,-0.03746123678032573,0.02045909632953351,-0.01700214045079222,-3.469446951953614e-18
alameda_county_ca__county,2020-12-31,-0.2239779105324955,0.32831317668076687,-0.3771074329866899,-0.0153141426783479,ma12_price_family_challenger,incumbent_dimension_history,incumbent_dimension_history,ma12_price_family_challenger,artifacts/regime/comparisons/price_family_structural_windows/price_family_ma12_structural_linked/phase2_chronology/chronology_monthly.csv,artifacts/regime/runs/macro_regime_v1_bps120_sources/dimension_scores.parquet,artifacts/regime/runs/macro_regime_v1_bps120_sources/dimension_scores.parquet,artifacts/regime/comparisons/price_family_structural_windows/price_family_ma12_structural_linked/phase2_chronology/chronology_monthly.csv,0.65,-0.24511983144134847,0.15,-0.002297121401752185,0.1,-0.02239779105324955,0.1,0.03283131766807669,4,True,-0.2369834262282735,price_family_ma12_structural_linked,MA12_PRICE_AFFORDABILITY,incumbent_demand_capital_markets__ma12_price_affordability,-0.21415416638881588,-0.022829259839457633,0.022829259839457633,-0.2007486860723671,0.12139477327795081,-0.13670891595629872,-0.0232292244601284,-0.020506337393444807,-0.00232292244601284,-0.022829259839457647,1.3877787807814457e-17
alameda_county_ca__county,2021-01-31,-0.3232955311867708,0.15257421499592008,-0.4441907663200233,0.1254002447980416,ma12_price_family_challenger,incumbent_dimension_history,incumbent_dimension_history,ma12_price_family_challenger,artifacts/regime/comparisons/price_family_structural_windows/price_family_ma12_structural_linked/phase2_chronology/chronology_monthly.csv,artifacts/regime/runs/macro_regime_v1_bps120_sources/dimension_scores.parquet,artifacts/regime/runs/macro_regime_v1_bps120_sources/dimension_scores.parquet,artifacts/regime/comparisons/price_family_structural_windows/price_family_ma12_structural_linked/phase2_chronology/chronology_monthly.csv,0.65,-0.28872399810801513,0.15,0.018810036719706238,0.1,-0.03232955311867708,0.1,0.015257421499592009,4,True,-0.28698609300739397,price_family_ma12_structural_linked,MA12_PRICE_AFFORDABILITY,incumbent_demand_capital_markets__ma12_price_affordability,-0.2248875192721644,-0.06209857373522956,0.06209857373522956,-0.05895052818538116,0.3631607343653121,-0.2377604895672705,-0.26434500300138963,-0.03566407343509057,-0.026434500300138965,-0.062098573735229534,-2.7755575615628914e-17
alameda_county_ca__county,2021-02-28,-0.4496190351793799,0.1853451061133988,-0.23641298854224554,0.2301954022988505,ma12_price_family_challenger,incumbent_dimension_history,incumbent_dimension_history,ma12_price_family_challenger,artifacts/regime/comparisons/price_family_structural_windows/price_family_ma12_structural_linked/phase2_chronology/chronology_monthly.csv,artifacts/regime/runs/macro_regime_v1_bps120_sources/dimension_scores.parquet,artifacts/regime/runs/macro_regime_v1_bps120_sources/dimension_scores.parquet,artifacts/regime/comparisons/price_family_structural_windows/price_family_ma12_structural_linked/phase2_chronology/chronology_monthly.csv,0.65,-0.15366844255245962,0.15,0.03452931034482757,0.1,-0.044961903517937996,0.1,0.018534510611339882,4,True,-0.14556652511423018,price_family_ma12_structural_linked,MA12_PRICE_AFFORDABILITY,incumbent_demand_capital_markets__ma12_price_affordability,-0.0882410959179814,-0.05732542919624878,0.05732542919624878,-0.47242232316123944,0.6275671222617487,-0.3973717199628982,0.022803287981859544,-0.05960575799443473,0.0022803287981859543,-0.05732542919624878,0.0
alameda_county_ca__county,2021-03-31,-0.5654826616682287,-0.0082065742167437,-0.22691298854224554,0.367415182755389,ma12_price_family_challenger,incumbent_dimension_history,incumbent_dimension_history,ma12_price_family_challenger,artifacts/regime/comparisons/price_family_structural_windows/price_family_ma12_structural_linked/phase2_chronology/chronology_monthly.csv,artifacts/regime/runs/macro_regime_v1_bps120_sources/dimension_scores.parquet,artifacts/regime/runs/macro_regime_v1_bps120_sources/dimension_scores.parquet,artifacts/regime/comparisons/price_family_structural_windows/price_family_ma12_structural_linked/phase2_chronology/chronology_monthly.csv,0.65,-0.1474934425524596,0.15,0.05511227741330835,0.1,-0.056548266166822875,0.1,-0.0008206574216743701,4,True,-0.1497500887276485,price_family_ma12_structural_linked,MA12_PRICE_AFFORDABILITY,incumbent_demand_capital_markets__ma12_price_affordability,-0.11343177674181075,-0.03631831198583775,0.03631831198583775,-0.7712373737373737,0.7467070707070707,-0.37929188795168167,0.20575471206914497,-0.05689378319275225,0.020575471206914497,-0.03631831198583775,0.0
alameda_county_ca__county,2021-04-30,-0.6331441262677059,0.10937746728678187,-0.16269076632002327,0.4298454482916762,ma12_price_family_challenger,incumbent_dimension_history,incumbent_dimension_history,ma12_price_family_challenger,artifacts/regime/comparisons/price_family_structural_windows/price_family_ma12_structural_linked/phase2_chronology/chronology_monthly.csv,artifacts/regime/runs/macro_regime_v1_bps120_sources/dimension_scores.parquet,artifacts/regime/runs/macro_regime_v1_bps120_sources/dimension_scores.parquet,artifacts/regime/comparisons/price_family_structural_windows/price_family_ma12_structural_linked/phase2_chronology/chronology_monthly.csv,0.65,-0.10574899810801514,0.15,0.06447681724375143,0.1,-0.0633144126267706,0.1,0.010937746728678187,4,True,-0.09364884676235612,price_family_ma12_structural_linked,MA12_PRICE_AFFORDABILITY,incumbent_demand_capital_markets__ma12_price_affordability,-0.0765788547263707,-0.017069992035985415,0.017069992035985415,-0.90410846590277,0.7242882882882884,-0.2944428399966122,0.27096433963506417,-0.044166425999491825,0.027096433963506417,-0.017069992035985408,-6.938893903907228e-18
alameda_county_ca__county,2021-05-31,-0.6969251336898397,0.2909234619581376,0.09958701145775448,0.6166060606060606,ma12_price_family_challenger,incumbent_dimension_history,incumbent_dimension_history,ma12_price_family_challenger,artifacts/regime/comparisons/price_family_structural_windows/price_family_ma12_structural_linked/phase2_chronology/chronology_monthly.csv,artifacts/regime/runs/macro_regime_v1_bps120_sources/dimension_scores.parquet,artifacts/regime/runs/macro_regime_v1_bps120_sources/dimension_scores.parquet,artifacts/regime/comparisons/price_family_structural_windows/price_family_ma12_structural_linked/phase2_chronology/chronology_monthly.csv,0.65,0.06473155744754042,0.15,0.09249090909090908,0.1,-0.06969251336898397,0.1,0.029092346195813763,4,True,0.1166222993652793,price_family_ma12_structural_linked,MA12_PRICE_AFFORDABILITY,incumbent_demand_capital_markets__ma12_price_affordability,0.1240711205499188,-0.0074488211846394925,0.0074488211846394925,-0.8549295282469422,0.7716011315417257,-0.1549950709356651,0.15800439455710258,-0.023249260640349767,0.015800439455710257,-0.00744882118463951,1.734723475976807e-17
alameda_county_ca__county,2021-06-30,-0.7519785554251573,0.14086842688658333,-0.12107965520891219,0.7165714285714286,ma12_price_family_challenger,incumbent_dimension_history,incumbent_dimension_history,ma12_price_family_challenger,artifacts/regime/comparisons/price_family_structural_windows/price_family_ma12_structural_linked/phase2_chronology/chronology_monthly.csv,artifacts/regime/runs/macro_regime_v1_bps120_sources/dimension_scores.parquet,artifacts/regime/runs/macro_regime_v1_bps120_sources/dimension_scores.parquet,artifacts/regime/comparisons/price_family_structural_windows/price_family_ma12_structural_linked/phase2_chronology/chronology_monthly.csv,0.65,-0.07870177588579293,0.15,0.1074857142857143,0.1,-0.07519785554251573,0.1,0.014086842688658334,4,True,-0.03232707445393603,price_family_ma12_structural_linked,MA12_PRICE_AFFORDABILITY,incumbent_demand_capital_markets__ma12_price_affordability,-0.07891939208948359,0.04659231763554756,0.04659231763554756,-0.7219482849151609,0.3859357973277807,0.3306356312436479,-0.030030270509996404,0.04959534468654719,-0.0030030270509996404,0.046592317635547546,1.3877787807814457e-17
alameda_county_ca__county,2021-07-31,-0.7702918142984867,0.2622755914435472,0.06489256701331003,0.7835591907016789,ma12_price_family_challenger,incumbent_dimension_history,incumbent_dimension_history,ma12_price_family_challenger,artifacts/regime/comparisons/price_family_structural_windows/price_family_ma12_structural_linked/phase2_chronology/chronology_monthly.csv,artifacts/regime/runs/macro_regime_v1_bps120_sources/dimension_scores.parquet,artifacts/regime/runs/macro_regime_v1_bps120_sources/dimension_scores.parquet,artifacts/regime/comparisons/price_family_structural_windows/price_family_ma12_structural_linked/phase2_chronology/chronology_monthly.csv,0.65,0.042180168558651525,0.15,0.11753387860525183,0.1,-0.07702918142984867,0.1,0.02622755914435472,4,True,0.10891242487840941,price_family_ma12_structural_linked,MA12_PRICE_AFFORDABILITY,incumbent_demand_capital_markets__ma12_price_affordability,0.06366067561488417,0.04525174926352524,0.04525174926352524,-0.6988542715199533,0.4342558337591551,0.3493033569425238,-0.07143754277853342,0.05239550354137857,-0.007143754277853343,0.04525174926352522,1.3877787807814457e-17
alameda_county_ca__county,2021-08-31,-0.7765848920213247,0.17363745263511268,-0.08344076632002327,0.7790487033523088,ma12_price_family_challenger,incumbent_dimension_history,incumbent_dimension_history,ma12_price_family_challenger,artifacts/regime/comparisons/price_family_structural_windows/price_family_ma12_structural_linked/phase2_chronology/chronology_monthly.csv,artifacts/regime/runs/macro_regime_v1_bps120_sources/dimension_scores.parquet,artifacts/regime/runs/macro_regime_v1_bps120_sources/dimension_scores.parquet,artifacts/regime/comparisons/price_family_structural_windows/price_family_ma12_structural_linked/phase2_chronology/chronology_monthly.csv,0.65,-0.054236498108015126,0.15,0.11685730550284631,0.1,-0.07765848920213247,0.1,0.017363745263511268,4,True,0.0023260634562099897,price_family_ma12_structural_linked,MA12_PRICE_AFFORDABILITY,incumbent_demand_capital_markets__ma12_price_affordability,-0.05117792121033867,0.05350398466654866,0.05350398466654866,-0.6712170625073851,0.3521102525660247,0.4269384507862841,-0.10536782951393964,0.06404076761794261,-0.010536782951393965,0.05350398466654865,1.3877787807814457e-17
alameda_county_ca__county,2021-09-30,-0.7996780058696745,-0.044646294171747127,0.02969812256886557,0.7622053294773807,ma12_price_family_challenger,incumbent_dimension_history,incumbent_dimension_history,ma12_price_family_challenger,artifacts/regime/comparisons/price_family_structural_windows/price_family_ma12_structural_linked/phase2_chronology/chronology_monthly.csv,artifacts/regime/runs/macro_regime_v1_bps120_sources/dimension_scores.parquet,artifacts/regime/runs/macro_regime_v1_bps120_sources/dimension_scores.parquet,artifacts/regime/comparisons/price_family_structural_windows/price_family_ma12_structural_linked/phase2_chronology/chronology_monthly.csv,0.65,0.01930377966976262,0.15,0.11433079942160711,0.1,-0.07996780058696745,0.1,-0.004464629417174713,4,True,0.04920214908722756,price_family_ma12_structural_linked,MA12_PRICE_AFFORDABILITY,incumbent_demand_capital_markets__ma12_price_affordability,-0.030721321202386524,0.07992347028961408,0.07992347028961408,-0.5332199728546577,0.05174350553660895,0.7104618239407718,-0.2664580330150168,0.10656927359111577,-0.02664580330150168,0.07992347028961409,-1.3877787807814457e-17
alameda_county_ca__county,2021-10-31,-0.8550257293124977,-0.15682188499726496,-0.02232965520891221,0.7495222672064777,ma12_price_family_challenger,incumbent_dimension_history,incumbent_dimension_history,ma12_price_family_challenger,artifacts/regime/comparisons/price_family_structural_windows/price_family_ma12_structural_linked/phase2_chronology/chronology_monthly.csv,artifacts/regime/runs/macro_regime_v1_bps120_sources/dimension_scores.parquet,artifacts/regime/runs/macro_regime_v1_bps120_sources/dimension_scores.parquet,artifacts/regime/comparisons/price_family_structural_windows/price_family_ma12_structural_linked/phase2_chronology/chronology_monthly.csv,0.65,-0.014514275885792937,0.15,0.11242834008097166,0.1,-0.08550257293124977,0.1,-0.015682188499726496,4,True,-0.0032706972357975372,price_family_ma12_structural_linked,MA12_PRICE_AFFORDABILITY,incumbent_demand_capital_markets__ma12_price_affordability,-0.02422170439143736,0.02095100715563982,0.02095100715563982,-0.736023721797882,0.5305142144924685,0.21900805271400925,-0.11900200751461565,0.03285120790710139,-0.011900200751461566,0.02095100715563982,0.0
alameda_county_ca__county,2021-11-30,-0.8468617724867725,0.050292056947623676,0.11489256701331003,0.7367142857142858,ma12_price_family_challenger,incumbent_dimension_history,incumbent_dimension_history,ma12_price_family_challenger,artifacts/regime/comparisons/price_family_structural_windows/price_family_ma12_structural_linked/phase2_chronology/chronology_monthly.csv,artifacts/regime/runs/macro_regime_v1_bps120_sources/dimension_scores.parquet,artifacts/regime/runs/macro_regime_v1_bps120_sources/dimension_scores.parquet,artifacts/regime/comparisons/price_family_structural_windows/price_family_ma12_structural_linked/phase2_chronology/chronology_monthly.csv,0.65,0.07468016855865152,0.15,0.11050714285714286,0.1,-0.08468617724867726,0.1,0.0050292056947623676,4,True,0.10553033986187947,price_family_ma12_structural_linked,MA12_PRICE_AFFORDABILITY,incumbent_demand_capital_markets__ma12_price_affordability,0.07881163990737422,0.02671869995450525,0.02671869995450525,-0.548937781239183,0.35997362518585757,0.3767406605284282,-0.2979239912475895,0.05651109907926423,-0.02979239912475895,0.02671869995450528,-2.7755575615628914e-17
alameda_county_ca__county,2021-12-31,-0.5543111770993756,0.07384805940534528,0.24070631030189854,0.7087018089865785,ma12_price_family_challenger,incumbent_dimension_history,incumbent_dimension_history,ma12_price_family_challenger,artifacts/regime/comparisons/price_family_structural_windows/price_family_ma12_structural_linked/phase2_chronology/chronology_monthly.csv,artifacts/regime/runs/macro_regime_v1_bps120_sources/dimension_scores.parquet,artifacts/regime/runs/macro_regime_v1_bps120_sources/dimension_scores.parquet,artifacts/regime/comparisons/price_family_structural_windows/price_family_ma12_structural_linked/phase2_chronology/chronology_monthly.csv,0.65,0.15645910169623406,0.15,0.10630527134798677,0.1,-0.05543111770993756,0.1,0.007384805940534528,4,True,0.21471806127481782,price_family_ma12_structural_linked,MA12_PRICE_AFFORDABILITY,incumbent_demand_capital_markets__ma12_price_affordability,0.13480672360692014,0.07991133766789768,0.07991133766789768,-0.16638958072798982,-0.08265483971366325,0.7913566487002418,-0.3879215963713858,0.11870349730503627,-0.038792159637138585,0.07991133766789768,0.0
alameda_county_ca__county,2022-01-31,-0.6174639779446187,-0.19335421523448088,0.14820631030189854,0.6397535761968338,ma12_price_family_challenger,incumbent_dimension_history,incumbent_dimension_history,ma12_price_family_challenger,artifacts/regime/comparisons/price_family_structural_windows/price_family_ma12_structural_linked/phase2_chronology/chronology_monthly.csv,artifacts/regime/runs/macro_regime_v1_bps120_sources/dimension_scores.parquet,artifacts/regime/runs/macro_regime_v1_bps120_sources/dimension_scores.parquet,artifacts/regime/comparisons/price_family_structural_windows/price_family_ma12_structural_linked/phase2_chronology/chronology_monthly.csv,0.65,0.09633410169623406,0.15,0.09596303642952507,0.1,-0.06174639779446187,0.1,-0.01933542152344809,4,True,0.11121531880784918,price_family_ma12_structural_linked,MA12_PRICE_AFFORDABILITY,incumbent_demand_capital_markets__ma12_price_affordability,0.06980473879306476,0.041410580014784426,0.041410580014784426,-0.5601274871917075,0.32545871559633033,0.3142948606005035,-0.05733649075291125,0.04714422909007552,-0.005733649075291125,0.04141058001478439,3.469446951953614e-17
alameda_county_ca__county,2022-02-28,-0.718008918008918,-0.16288793093639778,0.36778964363523187,0.6926329966329967,ma12_price_family_challenger,incumbent_dimension_history,incumbent_dimension_history,ma12_price_family_challenger,artifacts/regime/comparisons/price_family_structural_windows/price_family_ma12_structural_linked/phase2_chronology/chronology_monthly.csv,artifacts/regime/runs/macro_regime_v1_bps120_sources/dimension_scores.parquet,artifacts/regime/runs/macro_regime_v1_bps120_sources/dimension_scores.parquet,artifacts/regime/comparisons/price_family_structural_windows/price_family_ma12_structural_linked/phase2_chronology/chronology_monthly.csv,0.65,0.23906326836290073,0.15,0.1038949494949495,0.1,-0.0718008918008918,0.1,-0.01628879309363978,4,True,0.25486853296331863,price_family_ma12_structural_linked,MA12_PRICE_AFFORDABILITY,incumbent_demand_capital_markets__ma12_price_affordability,0.2590135416083273,-0.004145008645008663,0.004145008645008663,-0.887972972972973,0.8335757575757576,-0.14094276094276093,0.16996405496405498,-0.021141414141414138,0.0169964054964055,-0.004145008645008639,-2.42861286636753e-17
alameda_county_ca__county,2022-03-31,-0.8679633027522935,-0.36424593138293093,0.3645951991907875,0.7471926605504589,ma12_price_family_challenger,incumbent_dimension_history,incumbent_dimension_history,ma12_price_family_challenger,artifacts/regime/comparisons/price_family_structural_windows/price_family_ma12_structural_linked/phase2_chronology/chronology_monthly.csv,artifacts/regime/runs/macro_regime_v1_bps120_sources/dimension_scores.parquet,artifacts/regime/runs/macro_regime_v1_bps120_sources/dimension_scores.parquet,artifacts/regime/comparisons/price_family_structural_windows/price_family_ma12_structural_linked/phase2_chronology/chronology_monthly.csv,0.65,0.23698687947401187,0.15,0.11207889908256882,0.1,-0.08679633027522936,0.1,-0.0364245931382931,4,True,0.22584485514305824,price_family_ma12_structural_linked,MA12_PRICE_AFFORDABILITY,incumbent_demand_capital_markets__ma12_price_affordability,0.21416138543481783,0.011683469708240413,0.011683469708240413,-0.8951711711711712,0.6874414414414414,0.059751219109017484,0.02720786841887768,0.008962682866352623,0.002720786841887768,0.011683469708240392,2.0816681711721685e-17
alameda_county_ca__county,2022-04-30,-0.8910783078307831,-0.5739686970234575,0.14090075474634298,0.7786102610261028,ma12_price_family_challenger,incumbent_dimension_history,incumbent_dimension_history,ma12_price_family_challenger,artifacts/regime/comparisons/price_family_structural_windows/price_family_ma12_structural_linked/phase2_chronology/chronology_monthly.csv,artifacts/regime/runs/macro_regime_v1_bps120_sources/dimension_scores.parquet,artifacts/regime/runs/macro_regime_v1_bps120_sources/dimension_scores.parquet,artifacts/regime/comparisons/price_family_structural_windows/price_family_ma12_structural_linked/phase2_chronology/chronology_monthly.csv,0.65,0.09158549058512294,0.15,0.11679153915391541,0.1,-0.08910783078307832,0.1,-0.057396869702345754,4,True,0.06187232925361427,price_family_ma12_structural_linked,MA12_PRICE_AFFORDABILITY,incumbent_demand_capital_markets__ma12_price_affordability,0.05761372696481394,0.004258602288800331,0.004258602288800331,-0.9243917963224894,0.7724285714285715,0.0061816895975312924,0.033313488491706233,0.0009272534396296938,0.0033313488491706236,0.004258602288800317,1.3877787807814457e-17
alameda_county_ca__county,2022-05-31,-0.8688897721250662,-0.5884152933153323,0.35631742141300965,0.697854795972443,ma12_price_family_challenger,incumbent_dimension_history,incumbent_dimension_history,ma12_price_family_challenger,artifacts/regime/comparisons/price_family_structural_windows/price_family_ma12_structural_linked/phase2_chronology/chronology_monthly.csv,artifacts/regime/runs/macro_regime_v1_bps120_sources/dimension_scores.parquet,artifacts/regime/runs/macro_regime_v1_bps120_sources/dimension_scores.parquet,artifacts/regime/comparisons/price_family_structural_windows/price_family_ma12_structural_linked/phase2_chronology/chronology_monthly.csv,0.65,0.23160632391845629,0.15,0.10467821939586645,0.1,-0.08688897721250663,0.1,-0.05884152933153323,4,True,0.19055403677028288,price_family_ma12_structural_linked,MA12_PRICE_AFFORDABILITY,incumbent_demand_capital_markets__ma12_price_affordability,0.12188150463377365,0.06867253213650923,0.06867253213650923,-0.7311957313899011,0.14824188790560475,0.5496129080668383,-0.1376940407351651,0.08244193621002574,-0.013769404073516511,0.06867253213650923,0.0
alameda_county_ca__county,2022-06-30,-0.8465180305131761,-0.5166919284467714,0.08473408807967632,0.6049459084604715,ma12_price_family_challenger,incumbent_dimension_history,incumbent_dimension_history,ma12_price_family_challenger,artifacts/regime/comparisons/price_family_structural_windows/price_family_ma12_structural_linked/phase2_chronology/chronology_monthly.csv,artifacts/regime/runs/macro_regime_v1_bps120_sources/dimension_scores.parquet,artifacts/regime/runs/macro_regime_v1_bps120_sources/dimension_scores.parquet,artifacts/regime/comparisons/price_family_structural_windows/price_family_ma12_structural_linked/phase2_chronology/chronology_monthly.csv,0.65,0.05507715725178961,0.15,0.09074188626907072,0.1,-0.08465180305131761,0.1,-0.051669192844677136,4,True,0.009498047624865585,price_family_ma12_structural_linked,MA12_PRICE_AFFORDABILITY,incumbent_demand_capital_markets__ma12_price_affordability,-0.09230767732490859,0.10180572494977418,0.10180572494977418,-0.5517616804781054,-0.27026315789473687,0.8752090663552083,-0.2947563500350707,0.13128135995328125,-0.029475635003507073,0.10180572494977418,0.0
alameda_county_ca__county,2022-07-31,-0.7479050374404357,-0.2810756444479432,0.17931742141300963,0.2730251872021783,ma12_price_family_challenger,incumbent_dimension_history,incumbent_dimension_history,ma12_price_family_challenger,artifacts/regime/comparisons/price_family_structural_windows/price_family_ma12_structural_linked/phase2_chronology/chronology_monthly.csv,artifacts/regime/runs/macro_regime_v1_bps120_sources/dimension_scores.parquet,artifacts/regime/runs/macro_regime_v1_bps120_sources/dimension_scores.parquet,artifacts/regime/comparisons/price_family_structural_windows/price_family_ma12_structural_linked/phase2_chronology/chronology_monthly.csv,0.65,0.11655632391845626,0.15,0.04095377808032674,0.1,-0.07479050374404357,0.1,-0.02810756444479432,4,True,0.05461203380994512,price_family_ma12_structural_linked,MA12_PRICE_AFFORDABILITY,incumbent_demand_capital_markets__ma12_price_affordability,-0.01732514780346874,0.07193718161341386,0.07193718161341386,-0.3037608119017414,-0.5026521739130435,0.7756773611152218,-0.44414422553869426,0.11635160416728327,-0.04441442255386943,0.07193718161341384,2.7755575615628914e-17
alameda_county_ca__county,2022-08-31,-0.5955876871666345,-0.3553548762011985,0.14820631030189854,0.0747816978343294,ma12_price_family_challenger,incumbent_dimension_history,incumbent_dimension_history,ma12_price_family_challenger,artifacts/regime/comparisons/price_family_structural_windows/price_family_ma12_structural_linked/phase2_chronology/chronology_monthly.csv,artifacts/regime/runs/macro_regime_v1_bps120_sources/dimension_scores.parquet,artifacts/regime/runs/macro_regime_v1_bps120_sources/dimension_scores.parquet,artifacts/regime/comparisons/price_family_structural_windows/price_family_ma12_structural_linked/phase2_chronology/chronology_monthly.csv,0.65,0.09633410169623406,0.15,0.01121725467514941,0.1,-0.05955876871666345,0.1,-0.03553548762011985,4,True,0.012457100034600169,price_family_ma12_structural_linked,MA12_PRICE_AFFORDABILITY,incumbent_demand_capital_markets__ma12_price_affordability,-0.05108764966014952,0.06354474969474969,0.06354474969474969,-0.20322470632815462,-0.6104252873563218,0.6852069851906513,-0.39236298083847987,0.10278104777859769,-0.03923629808384799,0.0635447496947497,-1.3877787807814457e-17
alameda_county_ca__county,2022-09-30,-0.6597721388745985,-0.6166373916095734,0.22584519919078744,-0.1563006632277082,ma12_price_family_challenger,incumbent_dimension_history,incumbent_dimension_history,ma12_price_family_challenger,artifacts/regime/comparisons/price_family_structural_windows/price_family_ma12_structural_linked/phase2_chronology/chronology_monthly.csv,artifacts/regime/runs/macro_regime_v1_bps120_sources/dimension_scores.parquet,artifacts/regime/runs/macro_regime_v1_bps120_sources/dimension_scores.parquet,artifacts/regime/comparisons/price_family_structural_windows/price_family_ma12_structural_linked/phase2_chronology/chronology_monthly.csv,0.65,0.14679937947401184,0.15,-0.02344509948415623,0.1,-0.06597721388745985,0.1,-0.06166373916095735,4,True,-0.004286673058561584,price_family_ma12_structural_linked,MA12_PRICE_AFFORDABILITY,incumbent_demand_capital_markets__ma12_price_affordability,-0.014137913979719516,0.009851240921157932,0.009851240921157932,-0.3754022095944066,-0.41155555555555556,0.25525489232784737,-0.2843699292801919,0.0382882338491771,-0.02843699292801919,0.009851240921157911,2.0816681711721685e-17
alameda_county_ca__county,2022-10-31,-0.6342368431742662,-0.6718430414306191,0.06403964363523189,-0.280446063310919,ma12_price_family_challenger,incumbent_dimension_history,incumbent_dimension_history,ma12_price_family_challenger,artifacts/regime/comparisons/price_family_structural_windows/price_family_ma12_structural_linked/phase2_chronology/chronology_monthly.csv,artifacts/regime/runs/macro_regime_v1_bps120_sources/dimension_scores.parquet,artifacts/regime/runs/macro_regime_v1_bps120_sources/dimension_scores.parquet,artifacts/regime/comparisons/price_family_structural_windows/price_family_ma12_structural_linked/phase2_chronology/chronology_monthly.csv,0.65,0.04162576836290073,0.15,-0.04206690949663785,0.1,-0.06342368431742662,0.1,-0.06718430414306191,4,True,-0.13104912959422566,price_family_ma12_structural_linked,MA12_PRICE_AFFORDABILITY,incumbent_demand_capital_markets__ma12_price_affordability,-0.10630494095715357,-0.02474418863707209,0.02474418863707209,-0.6458962551597544,-0.10771186440677966,-0.17273419890413932,0.011659411985488144,-0.0259101298356209,0.0011659411985488145,-0.024744188637072086,-3.469446951953614e-18
alameda_county_ca__county,2022-11-30,-0.596059829059829,-0.46620180478831674,0.034178532524120786,-0.3906438746438747,ma12_price_family_challenger,incumbent_dimension_history,incumbent_dimension_history,ma12_price_family_challenger,artifacts/regime/comparisons/price_family_structural_windows/price_family_ma12_structural_linked/phase2_chronology/chronology_monthly.csv,artifacts/regime/runs/macro_regime_v1_bps120_sources/dimension_scores.parquet,artifacts/regime/runs/macro_regime_v1_bps120_sources/dimension_scores.parquet,artifacts/regime/comparisons/price_family_structural_windows/price_family_ma12_structural_linked/phase2_chronology/chronology_monthly.csv,0.65,0.02221604614067851,0.15,-0.0585965811965812,0.1,-0.0596059829059829,0.1,-0.04662018047883168,4,True,-0.14260669844071727,price_family_ma12_structural_linked,MA12_PRICE_AFFORDABILITY,incumbent_demand_capital_markets__ma12_price_affordability,-0.13987649661639778,-0.002730201824319489,0.002730201824319489,-0.24589169000933703,-0.6058879551820728,0.21524408053819816,-0.350168139050492,0.03228661208072972,-0.0350168139050492,-0.0027302018243194823,-6.938893903907228e-18
alameda_county_ca__county,2022-12-31,-0.1974899445394702,-0.2798238608452298,0.07554013301226921,-0.4550354014409372,ma12_price_family_challenger,incumbent_dimension_history,incumbent_dimension_history,ma12_price_family_challenger,artifacts/regime/comparisons/price_family_structural_windows/price_family_ma12_structural_linked/phase2_chronology/chronology_monthly.csv,artifacts/regime/runs/macro_regime_v1_bps120_sources/dimension_scores.parquet,artifacts/regime/runs/macro_regime_v1_bps120_sources/dimension_scores.parquet,artifacts/regime/comparisons/price_family_structural_windows/price_family_ma12_structural_linked/phase2_chronology/chronology_monthly.csv,0.65,0.049101086457974986,0.15,-0.06825531021614058,0.1,-0.01974899445394702,0.1,-0.027982386084522984,4,True,-0.06688560429663559,price_family_ma12_structural_linked,MA12_PRICE_AFFORDABILITY,incumbent_demand_capital_markets__ma12_price_affordability,-0.05913573387731254,-0.007749870419323054,0.007749870419323054,0.15645565749235468,-0.6393333333333333,0.18429793189239613,-0.3539456020318249,0.02764468978385942,-0.03539456020318249,-0.007749870419323072,1.734723475976807e-17
alameda_county_ca__county,2023-01-31,-0.1494242424242424,-0.386523201569344,-0.11015431143217524,-0.4947272727272727,ma12_price_family_challenger,incumbent_dimension_history,incumbent_dimension_history,ma12_price_family_challenger,artifacts/regime/comparisons/price_family_structural_windows/price_family_ma12_structural_linked/phase2_chronology/chronology_monthly.csv,artifacts/regime/runs/macro_regime_v1_bps120_sources/dimension_scores.parquet,artifacts/regime/runs/macro_regime_v1_bps120_sources/dimension_scores.parquet,artifacts/regime/comparisons/price_family_structural_windows/price_family_ma12_structural_linked/phase2_chronology/chronology_monthly.csv,0.65,-0.0716003024309139,0.15,-0.0742090909090909,0.1,-0.014942424242424241,0.1,-0.0386523201569344,4,True,-0.19940413773936344,price_family_ma12_structural_linked,MA12_PRICE_AFFORDABILITY,incumbent_demand_capital_markets__ma12_price_affordability,-0.15275413773936347,-0.04664999999999997,0.04664999999999997,0.2004848484848485,-0.41700000000000004,-0.07772727272727264,-0.3499090909090909,-0.011659090909090897,-0.03499090909090909,-0.04664999999999999,2.0816681711721685e-17
alameda_county_ca__county,2023-02-28,-0.1198378378378378,-0.48117630706725123,0.026651244123380345,-0.5457837837837838,ma12_price_family_challenger,incumbent_dimension_history,incumbent_dimension_history,ma12_price_family_challenger,artifacts/regime/comparisons/price_family_structural_windows/price_family_ma12_structural_linked/phase2_chronology/chronology_monthly.csv,artifacts/regime/runs/macro_regime_v1_bps120_sources/dimension_scores.parquet,artifacts/regime/runs/macro_regime_v1_bps120_sources/dimension_scores.parquet,artifacts/regime/comparisons/price_family_structural_windows/price_family_ma12_structural_linked/phase2_chronology/chronology_monthly.csv,0.65,0.017323308680197224,0.15,-0.08186756756756756,0.1,-0.01198378378378378,0.1,-0.048117630706725124,4,True,-0.12464567337787924,price_family_ma12_structural_linked,MA12_PRICE_AFFORDABILITY,incumbent_demand_capital_markets__ma12_price_affordability,-0.03387405175625763,-0.09077162162162161,0.09077162162162161,0.1947027027027027,-0.15033333333333332,-0.39545045045045046,-0.3145405405405405,-0.059317567567567564,-0.03145405405405405,-0.09077162162162161,0.0
alameda_county_ca__county,2023-03-31,-0.1828214285714286,-0.4545955223880596,0.05234568856782476,-0.6137142857142857,ma12_price_family_challenger,incumbent_dimension_history,incumbent_dimension_history,ma12_price_family_challenger,artifacts/regime/comparisons/price_family_structural_windows/price_family_ma12_structural_linked/phase2_chronology/chronology_monthly.csv,artifacts/regime/runs/macro_regime_v1_bps120_sources/dimension_scores.parquet,artifacts/regime/runs/macro_regime_v1_bps120_sources/dimension_scores.parquet,artifacts/regime/comparisons/price_family_structural_windows/price_family_ma12_structural_linked/phase2_chronology/chronology_monthly.csv,0.65,0.0340246975690861,0.15,-0.09205714285714285,0.1,-0.01828214285714286,0.1,-0.04545955223880596,4,True,-0.12177414038400558,price_family_ma12_structural_linked,MA12_PRICE_AFFORDABILITY,incumbent_demand_capital_markets__ma12_price_affordability,-0.015513426098291292,-0.10626071428571429,0.10626071428571429,-0.21978571428571428,0.11933333333333335,-0.733047619047619,0.03696428571428567,-0.10995714285714284,0.0036964285714285675,-0.10626071428571426,-2.7755575615628914e-17
alameda_county_ca__county,2023-04-30,0.0109011799410028,-0.24113205260824594,-0.04904320032106412,-0.6306666666666667,ma12_price_family_challenger,incumbent_dimension_history,incumbent_dimension_history,ma12_price_family_challenger,artifacts/regime/comparisons/price_family_structural_windows/price_family_ma12_structural_linked/phase2_chronology/chronology_monthly.csv,artifacts/regime/runs/macro_regime_v1_bps120_sources/dimension_scores.parquet,artifacts/regime/runs/macro_regime_v1_bps120_sources/dimension_scores.parquet,artifacts/regime/comparisons/price_family_structural_windows/price_family_ma12_structural_linked/phase2_chronology/chronology_monthly.csv,0.65,-0.03187808020869168,0.15,-0.0946,0.1,0.00109011799410028,0.1,-0.024113205260824597,4,True,-0.14950116747541597,price_family_ma12_structural_linked,MA12_PRICE_AFFORDABILITY,incumbent_demand_capital_markets__ma12_price_affordability,-0.0963426129031446,-0.05315855457227138,0.05315855457227138,-0.0920132743362832,-0.20766666666666667,-0.42300000000000004,0.102914454277286,-0.06345,0.0102914454277286,-0.05315855457227141,2.7755575615628914e-17
alameda_county_ca__county,2023-05-31,0.0485350877192982,-0.44530668309809346,-0.07737653365439748,-0.6336666666666667,ma12_price_family_challenger,incumbent_dimension_history,incumbent_dimension_history,ma12_price_family_challenger,artifacts/regime/comparisons/price_family_structural_windows/price_family_ma12_structural_linked/phase2_chronology/chronology_monthly.csv,artifacts/regime/runs/macro_regime_v1_bps120_sources/dimension_scores.parquet,artifacts/regime/runs/macro_regime_v1_bps120_sources/dimension_scores.parquet,artifacts/regime/comparisons/price_family_structural_windows/price_family_ma12_structural_linked/phase2_chronology/chronology_monthly.csv,0.65,-0.05029474687535836,0.15,-0.09505000000000001,0.1,0.004853508771929821,0.1,-0.04453066830980935,4,True,-0.18502190641323787,price_family_ma12_structural_linked,MA12_PRICE_AFFORDABILITY,incumbent_demand_capital_markets__ma12_price_affordability,-0.11242190641323788,-0.0726,0.0726,-0.27846491228070175,0.06833333333333336,-0.7020000000000001,0.32699999999999996,-0.1053,0.0327,-0.0726,0.0
alameda_county_ca__county,2023-06-30,0.0539927536231884,-0.5158264404037477,-0.1818209780988419,-0.6336666666666666,ma12_price_family_challenger,incumbent_dimension_history,incumbent_dimension_history,ma12_price_family_challenger,artifacts/regime/comparisons/price_family_structural_windows/price_family_ma12_structural_linked/phase2_chronology/chronology_monthly.csv,artifacts/regime/runs/macro_regime_v1_bps120_sources/dimension_scores.parquet,artifacts/regime/runs/macro_regime_v1_bps120_sources/dimension_scores.parquet,artifacts/regime/comparisons/price_family_structural_windows/price_family_ma12_structural_linked/phase2_chronology/chronology_monthly.csv,0.65,-0.11818363576424724,0.15,-0.09504999999999998,0.1,0.00539927536231884,0.1,-0.05158264404037477,4,True,-0.25941700444230315,price_family_ma12_structural_linked,MA12_PRICE_AFFORDABILITY,incumbent_demand_capital_markets__ma12_price_affordability,-0.20452714936983937,-0.05488985507246377,0.05488985507246377,-0.06010869565217386,-0.1916666666666667,-0.4419999999999999,0.11410144927536225,-0.06629999999999998,0.011410144927536225,-0.05488985507246376,-1.3877787807814457e-17
alameda_county_ca__county,2023-07-31,-0.0223965517241379,-0.5835505281703229,0.05679013301226923,-0.617,ma12_price_family_challenger,incumbent_dimension_history,incumbent_dimension_history,ma12_price_family_challenger,artifacts/regime/comparisons/price_family_structural_windows/price_family_ma12_structural_linked/phase2_chronology/chronology_monthly.csv,artifacts/regime/runs/macro_regime_v1_bps120_sources/dimension_scores.parquet,artifacts/regime/runs/macro_regime_v1_bps120_sources/dimension_scores.parquet,artifacts/regime/comparisons/price_family_structural_windows/price_family_ma12_structural_linked/phase2_chronology/chronology_monthly.csv,0.65,0.036913586457974996,0.15,-0.09255,0.1,-0.00223965517241379,0.1,-0.058355052817032294,4,True,-0.11623112153147108,price_family_ma12_structural_linked,MA12_PRICE_AFFORDABILITY,incumbent_demand_capital_markets__ma12_price_affordability,-0.060906983600436615,-0.05532413793103447,0.05532413793103447,-0.25215517241379315,-0.09500000000000001,-0.522,0.22975862068965525,-0.0783,0.022975862068965527,-0.05532413793103447,0.0
alameda_county_ca__county,2023-08-31,-0.1452564102564102,-0.5624859314846776,-0.10195986698773081,-0.5729059829059829,ma12_price_family_challenger,incumbent_dimension_history,incumbent_dimension_history,ma12_price_family_challenger,artifacts/regime/comparisons/price_family_structural_windows/price_family_ma12_structural_linked/phase2_chronology/chronology_monthly.csv,artifacts/regime/runs/macro_regime_v1_bps120_sources/dimension_scores.parquet,artifacts/regime/runs/macro_regime_v1_bps120_sources/dimension_scores.parquet,artifacts/regime/comparisons/price_family_structural_windows/price_family_ma12_structural_linked/phase2_chronology/chronology_monthly.csv,0.65,-0.06627391354202503,0.15,-0.08593589743589744,0.1,-0.014525641025641021,0.1,-0.056248593148467765,4,True,-0.22298404515203124,price_family_ma12_structural_linked,MA12_PRICE_AFFORDABILITY,incumbent_demand_capital_markets__ma12_price_affordability,-0.1985225066904928,-0.02446153846153845,0.02446153846153845,-0.265,-0.33,-0.24290598290598292,0.11974358974358981,-0.03643589743589744,0.011974358974358982,-0.024461538461538458,6.938893903907228e-18
alameda_county_ca__county,2023-09-30,-0.1418502824858757,-0.4758792010765839,-0.01418208920995302,-0.4528813559322034,ma12_price_family_challenger,incumbent_dimension_history,incumbent_dimension_history,ma12_price_family_challenger,artifacts/regime/comparisons/price_family_structural_windows/price_family_ma12_structural_linked/phase2_chronology/chronology_monthly.csv,artifacts/regime/runs/macro_regime_v1_bps120_sources/dimension_scores.parquet,artifacts/regime/runs/macro_regime_v1_bps120_sources/dimension_scores.parquet,artifacts/regime/comparisons/price_family_structural_windows/price_family_ma12_structural_linked/phase2_chronology/chronology_monthly.csv,0.65,-0.009218357986469463,0.15,-0.06793220338983051,0.1,-0.01418502824858757,0.1,-0.04758792010765839,4,True,-0.1389235097325459,price_family_ma12_structural_linked,MA12_PRICE_AFFORDABILITY,incumbent_demand_capital_markets__ma12_price_affordability,-0.05314808600373237,-0.08577542372881354,0.08577542372881354,-0.5084180790960452,0.36333333333333334,-0.8162146892655368,0.36656779661016947,-0.1224322033898305,0.03665677966101695,-0.08577542372881355,1.3877787807814457e-17
alameda_county_ca__county,2023-10-31,-0.1805042016806722,-0.4161665711100494,-0.16501542254328633,-0.4097198879551821,ma12_price_family_challenger,incumbent_dimension_history,incumbent_dimension_history,ma12_price_family_challenger,artifacts/regime/comparisons/price_family_structural_windows/price_family_ma12_structural_linked/phase2_chronology/chronology_monthly.csv,artifacts/regime/runs/macro_regime_v1_bps120_sources/dimension_scores.parquet,artifacts/regime/runs/macro_regime_v1_bps120_sources/dimension_scores.parquet,artifacts/regime/comparisons/price_family_structural_windows/price_family_ma12_structural_linked/phase2_chronology/chronology_monthly.csv,0.65,-0.10726002465313611,0.15,-0.06145798319327731,0.1,-0.01805042016806722,0.1,-0.04161665711100494,4,True,-0.22838508512548555,price_family_ma12_structural_linked,MA12_PRICE_AFFORDABILITY,incumbent_demand_capital_markets__ma12_price_affordability,-0.21830875459327267,-0.01007633053221288,0.01007633053221288,-0.14932072829131648,-0.36333333333333334,-0.04638655462184876,-0.031183473389355704,-0.006957983193277314,-0.0031183473389355706,-0.010076330532212885,5.204170427930421e-18
alameda_county_ca__county,2023-11-30,-0.1708333333333334,-0.33521097662022725,0.044984577456713616,-0.355,ma12_price_family_challenger,incumbent_dimension_history,incumbent_dimension_history,ma12_price_family_challenger,artifacts/regime/comparisons/price_family_structural_windows/price_family_ma12_structural_linked/phase2_chronology/chronology_monthly.csv,artifacts/regime/runs/macro_regime_v1_bps120_sources/dimension_scores.parquet,artifacts/regime/runs/macro_regime_v1_bps120_sources/dimension_scores.parquet,artifacts/regime/comparisons/price_family_structural_windows/price_family_ma12_structural_linked/phase2_chronology/chronology_monthly.csv,0.65,0.02923997534686385,0.15,-0.05325,0.1,-0.01708333333333334,0.1,-0.03352109766202273,4,True,-0.07461445564849221,price_family_ma12_structural_linked,MA12_PRICE_AFFORDABILITY,incumbent_demand_capital_markets__ma12_price_affordability,-0.03228112231515888,-0.042333333333333334,0.042333333333333334,-0.31500000000000006,0.023333333333333345,-0.3783333333333333,0.14416666666666667,-0.056749999999999995,0.014416666666666668,-0.04233333333333333,-6.938893903907228e-18
alameda_county_ca__county,2023-12-31,-0.27,-0.2832658464342675,-0.2526507446701955,-0.37,ma12_price_family_challenger,incumbent_dimension_history,incumbent_dimension_history,ma12_price_family_challenger,artifacts/regime/comparisons/price_family_structural_windows/price_family_ma12_structural_linked/phase2_chronology/chronology_monthly.csv,artifacts/regime/runs/macro_regime_v1_bps120_sources/dimension_scores.parquet,artifacts/regime/runs/macro_regime_v1_bps120_sources/dimension_scores.parquet,artifacts/regime/comparisons/price_family_structural_windows/price_family_ma12_structural_linked/phase2_chronology/chronology_monthly.csv,0.65,-0.16422298403562707,0.15,-0.0555,0.1,-0.027000000000000003,0.1,-0.02832658464342675,4,True,-0.27504956867905384,price_family_ma12_structural_linked,MA12_PRICE_AFFORDABILITY,incumbent_demand_capital_markets__ma12_price_affordability,-0.2631995686790538,-0.011850000000000027,0.011850000000000027,-0.08249999999999995,-0.41600000000000004,0.04600000000000004,-0.18750000000000006,0.006900000000000006,-0.018750000000000006,-0.01185,-2.7755575615628914e-17
alameda_county_ca__county,2024-01-31,-0.2391666666666666,-0.20642584418368076,-0.2787618557813066,-0.3433333333333333,ma12_price_family_challenger,incumbent_dimension_history,incumbent_dimension_history,ma12_price_family_challenger,artifacts/regime/comparisons/price_family_structural_windows/price_family_ma12_structural_linked/phase2_chronology/chronology_monthly.csv,artifacts/regime/runs/macro_regime_v1_bps120_sources/dimension_scores.parquet,artifacts/regime/runs/macro_regime_v1_bps120_sources/dimension_scores.parquet,artifacts/regime/comparisons/price_family_structural_windows/price_family_ma12_structural_linked/phase2_chronology/chronology_monthly.csv,0.65,-0.1811952062578493,0.15,-0.0515,0.1,-0.023916666666666662,0.1,-0.02064258441836808,4,True,-0.277254457342884,price_family_ma12_structural_linked,MA12_PRICE_AFFORDABILITY,incumbent_demand_capital_markets__ma12_price_affordability,-0.25742112400955075,-0.01983333333333326,0.01983333333333326,0.04166666666666666,-0.3983333333333334,0.05500000000000005,-0.28083333333333327,0.008250000000000007,-0.028083333333333328,-0.01983333333333332,6.245004513516506e-17
alameda_county_ca__county,2024-02-29,-0.4016666666666666,-0.45821957435392996,-0.15528963355908432,-0.25,ma12_price_family_challenger,incumbent_dimension_history,incumbent_dimension_history,ma12_price_family_challenger,artifacts/regime/comparisons/price_family_structural_windows/price_family_ma12_structural_linked/phase2_chronology/chronology_monthly.csv,artifacts/regime/runs/macro_regime_v1_bps120_sources/dimension_scores.parquet,artifacts/regime/runs/macro_regime_v1_bps120_sources/dimension_scores.parquet,artifacts/regime/comparisons/price_family_structural_windows/price_family_ma12_structural_linked/phase2_chronology/chronology_monthly.csv,0.65,-0.1009382618134048,0.15,-0.0375,0.1,-0.04016666666666666,0.1,-0.045821957435392996,4,True,-0.22442688591546445,price_family_ma12_structural_linked,MA12_PRICE_AFFORDABILITY,incumbent_demand_capital_markets__ma12_price_affordability,-0.12417688591546445,-0.10024999999999999,0.10024999999999999,-0.8321666666666667,0.7053333333333334,-0.9553333333333334,0.4305000000000001,-0.1433,0.04305000000000001,-0.10025,1.3877787807814457e-17
alameda_county_ca__county,2024-03-31,-0.4808333333333333,-0.42046215494412076,-0.13001185578130656,-0.0766666666666667,ma12_price_family_challenger,incumbent_dimension_history,incumbent_dimension_history,ma12_price_family_challenger,artifacts/regime/comparisons/price_family_structural_windows/price_family_ma12_structural_linked/phase2_chronology/chronology_monthly.csv,artifacts/regime/runs/macro_regime_v1_bps120_sources/dimension_scores.parquet,artifacts/regime/runs/macro_regime_v1_bps120_sources/dimension_scores.parquet,artifacts/regime/comparisons/price_family_structural_windows/price_family_ma12_structural_linked/phase2_chronology/chronology_monthly.csv,0.65,-0.08450770625784927,0.15,-0.011500000000000005,0.1,-0.04808333333333333,0.1,-0.04204621549441208,4,True,-0.1861372550855947,price_family_ma12_structural_linked,MA12_PRICE_AFFORDABILITY,incumbent_demand_capital_markets__ma12_price_affordability,-0.12005392175226134,-0.06608333333333336,0.06608333333333336,-0.8325,0.5983333333333334,-0.675,0.35166666666666674,-0.10125,0.03516666666666667,-0.06608333333333333,-2.7755575615628914e-17
alameda_county_ca__county,2024-04-30,-0.7175,-0.3831990918770698,-0.24612296689241772,0.12,ma12_price_family_challenger,incumbent_dimension_history,incumbent_dimension_history,ma12_price_family_challenger,artifacts/regime/comparisons/price_family_structural_windows/price_family_ma12_structural_linked/phase2_chronology/chronology_monthly.csv,artifacts/regime/runs/macro_regime_v1_bps120_sources/dimension_scores.parquet,artifacts/regime/runs/macro_regime_v1_bps120_sources/dimension_scores.parquet,artifacts/regime/comparisons/price_family_structural_windows/price_family_ma12_structural_linked/phase2_chronology/chronology_monthly.csv,0.65,-0.15997992848007153,0.15,0.018,0.1,-0.07175000000000001,0.1,-0.03831990918770698,4,True,-0.25204983766777855,price_family_ma12_structural_linked,MA12_PRICE_AFFORDABILITY,incumbent_demand_capital_markets__ma12_price_affordability,-0.1802165043344452,-0.07183333333333336,0.07183333333333336,-0.8291666666666666,0.6733333333333333,-0.5533333333333333,0.11166666666666658,-0.083,0.011166666666666658,-0.07183333333333335,-1.3877787807814457e-17
alameda_county_ca__county,2024-05-31,-0.7158333333333333,-0.4321694195843054,-0.18945630022575102,0.155,ma12_price_family_challenger,incumbent_dimension_history,incumbent_dimension_history,ma12_price_family_challenger,artifacts/regime/comparisons/price_family_structural_windows/price_family_ma12_structural_linked/phase2_chronology/chronology_monthly.csv,artifacts/regime/runs/macro_regime_v1_bps120_sources/dimension_scores.parquet,artifacts/regime/runs/macro_regime_v1_bps120_sources/dimension_scores.parquet,artifacts/regime/comparisons/price_family_structural_windows/price_family_ma12_structural_linked/phase2_chronology/chronology_monthly.csv,0.65,-0.12314659514673817,0.15,0.02325,0.1,-0.07158333333333333,0.1,-0.04321694195843054,4,True,-0.21469687043850205,price_family_ma12_structural_linked,MA12_PRICE_AFFORDABILITY,incumbent_demand_capital_markets__ma12_price_affordability,-0.19319687043850203,-0.02150000000000002,0.02150000000000002,-0.5808333333333333,0.20833333333333337,-0.05333333333333337,-0.135,-0.008000000000000005,-0.013500000000000002,-0.021500000000000005,-1.3877787807814457e-17
alameda_county_ca__county,2024-06-30,-0.6775,-0.3052598723210214,-0.24598407800352884,0.1983333333333333,ma12_price_family_challenger,incumbent_dimension_history,incumbent_dimension_history,ma12_price_family_challenger,artifacts/regime/comparisons/price_family_structural_windows/price_family_ma12_structural_linked/phase2_chronology/chronology_monthly.csv,artifacts/regime/runs/macro_regime_v1_bps120_sources/dimension_scores.parquet,artifacts/regime/runs/macro_regime_v1_bps120_sources/dimension_scores.parquet,artifacts/regime/comparisons/price_family_structural_windows/price_family_ma12_structural_linked/phase2_chronology/chronology_monthly.csv,0.65,-0.15988965070229375,0.15,0.029749999999999995,0.1,-0.06775,0.1,-0.030525987232102144,4,True,-0.2284156379343959,price_family_ma12_structural_linked,MA12_PRICE_AFFORDABILITY,incumbent_demand_capital_markets__ma12_price_affordability,-0.2442489712677292,0.01583333333333331,0.01583333333333331,-0.6583333333333332,0.08000000000000002,0.11833333333333329,-0.019166666666666776,0.01774999999999999,-0.0019166666666666776,0.015833333333333314,-3.469446951953614e-18
alameda_county_ca__county,2024-07-31,-0.5733333333333333,-0.209424283466337,-0.11126185578130661,0.0483333333333333,ma12_price_family_challenger,incumbent_dimension_history,incumbent_dimension_history,ma12_price_family_challenger,artifacts/regime/comparisons/price_family_structural_windows/price_family_ma12_structural_linked/phase2_chronology/chronology_monthly.csv,artifacts/regime/runs/macro_regime_v1_bps120_sources/dimension_scores.parquet,artifacts/regime/runs/macro_regime_v1_bps120_sources/dimension_scores.parquet,artifacts/regime/comparisons/price_family_structural_windows/price_family_ma12_structural_linked/phase2_chronology/chronology_monthly.csv,0.65,-0.0723202062578493,0.15,0.007249999999999994,0.1,-0.057333333333333326,0.1,-0.020942428346633703,4,True,-0.14334596793781634,price_family_ma12_structural_linked,MA12_PRICE_AFFORDABILITY,incumbent_demand_capital_markets__ma12_price_affordability,-0.183762634604483,0.040416666666666656,0.040416666666666656,-0.35,-0.37,0.4183333333333333,-0.22333333333333327,0.06274999999999999,-0.02233333333333333,0.040416666666666656,0.0
alameda_county_ca__county,2024-08-31,-0.4266666666666666,0.0013639205027051234,-0.3125118557813066,-0.08,ma12_price_family_challenger,incumbent_dimension_history,incumbent_dimension_history,ma12_price_family_challenger,artifacts/regime/comparisons/price_family_structural_windows/price_family_ma12_structural_linked/phase2_chronology/chronology_monthly.csv,artifacts/regime/runs/macro_regime_v1_bps120_sources/dimension_scores.parquet,artifacts/regime/runs/macro_regime_v1_bps120_sources/dimension_scores.parquet,artifacts/regime/comparisons/price_family_structural_windows/price_family_ma12_structural_linked/phase2_chronology/chronology_monthly.csv,0.65,-0.2031327062578493,0.15,-0.012,0.1,-0.04266666666666666,0.1,0.00013639205027051235,4,True,-0.25766298087424544,price_family_ma12_structural_linked,MA12_PRICE_AFFORDABILITY,incumbent_demand_capital_markets__ma12_price_affordability,-0.2720796475409121,0.014416666666666633,0.014416666666666633,-0.04333333333333328,-0.4316666666666667,0.3516666666666667,-0.3833333333333333,0.05275,-0.03833333333333333,0.014416666666666668,-3.469446951953614e-17
alameda_county_ca__county,2024-09-30,-0.2858333333333333,0.13845648622213969,-0.13806741133686215,-0.1883333333333333,ma12_price_family_challenger,incumbent_dimension_history,incumbent_dimension_history,ma12_price_family_challenger,artifacts/regime/comparisons/price_family_structural_windows/price_family_ma12_structural_linked/phase2_chronology/chronology_monthly.csv,artifacts/regime/runs/macro_regime_v1_bps120_sources/dimension_scores.parquet,artifacts/regime/runs/macro_regime_v1_bps120_sources/dimension_scores.parquet,artifacts/regime/comparisons/price_family_structural_windows/price_family_ma12_structural_linked/phase2_chronology/chronology_monthly.csv,0.65,-0.08974381736896041,0.15,-0.028249999999999994,0.1,-0.02858333333333333,0.1,0.01384564862221397,4,True,-0.13273150208007978,price_family_ma12_structural_linked,MA12_PRICE_AFFORDABILITY,incumbent_demand_capital_markets__ma12_price_affordability,-0.09598150208007977,-0.036750000000000005,0.036750000000000005,-0.2558333333333334,0.03666666666666671,-0.225,-0.02999999999999986,-0.03375,-0.002999999999999986,-0.03674999999999999,-1.3877787807814457e-17
alameda_county_ca__county,2024-10-31,-0.3049999999999999,-0.22743920634160358,-0.28070630022575094,-0.17,ma12_price_family_challenger,incumbent_dimension_history,incumbent_dimension_history,ma12_price_family_challenger,artifacts/regime/comparisons/price_family_structural_windows/price_family_ma12_structural_linked/phase2_chronology/chronology_monthly.csv,artifacts/regime/runs/macro_regime_v1_bps120_sources/dimension_scores.parquet,artifacts/regime/runs/macro_regime_v1_bps120_sources/dimension_scores.parquet,artifacts/regime/comparisons/price_family_structural_windows/price_family_ma12_structural_linked/phase2_chronology/chronology_monthly.csv,0.65,-0.1824590951467381,0.15,-0.025500000000000002,0.1,-0.03049999999999999,0.1,-0.02274392063416036,4,True,-0.26120301578089844,price_family_ma12_structural_linked,MA12_PRICE_AFFORDABILITY,incumbent_demand_capital_markets__ma12_price_affordability,-0.2502030157808985,-0.010999999999999954,0.010999999999999954,-0.29000000000000004,-0.10666666666666667,-0.06333333333333334,-0.014999999999999847,-0.0095,-0.0014999999999999849,-0.010999999999999985,3.122502256758253e-17
alameda_county_ca__county,2024-11-30,-0.5108333333333333,-0.1776788737578211,-0.2426507446701955,-0.172,ma12_price_family_challenger,incumbent_dimension_history,incumbent_dimension_history,ma12_price_family_challenger,artifacts/regime/comparisons/price_family_structural_windows/price_family_ma12_structural_linked/phase2_chronology/chronology_monthly.csv,artifacts/regime/runs/macro_regime_v1_bps120_sources/dimension_scores.parquet,artifacts/regime/runs/macro_regime_v1_bps120_sources/dimension_scores.parquet,artifacts/regime/comparisons/price_family_structural_windows/price_family_ma12_structural_linked/phase2_chronology/chronology_monthly.csv,0.65,-0.1577229840356271,0.15,-0.025799999999999997,0.1,-0.05108333333333333,0.1,-0.01776788737578211,4,True,-0.25237420474474254,price_family_ma12_structural_linked,MA12_PRICE_AFFORDABILITY,incumbent_demand_capital_markets__ma12_price_affordability,-0.23974087141140923,-0.012633333333333302,0.012633333333333302,-0.46,-0.12166666666666669,-0.0503333333333333,-0.05083333333333323,-0.007549999999999994,-0.005083333333333323,-0.012633333333333318,1.5612511283791264e-17
alameda_county_ca__county,2024-12-31,-0.0424999999999999,-0.18096511120040532,0.021445213096680293,-0.162,ma12_price_family_challenger,incumbent_dimension_history,incumbent_dimension_history,ma12_price_family_challenger,artifacts/regime/comparisons/price_family_structural_windows/price_family_ma12_structural_linked/phase2_chronology/chronology_monthly.csv,artifacts/regime/runs/macro_regime_v1_bps120_sources/dimension_scores.parquet,artifacts/regime/runs/macro_regime_v1_bps120_sources/dimension_scores.parquet,artifacts/regime/comparisons/price_family_structural_windows/price_family_ma12_structural_linked/phase2_chronology/chronology_monthly.csv,0.65,0.013939388512842191,0.15,-0.0243,0.1,-0.00424999999999999,0.1,-0.018096511120040532,4,True,-0.03270712260719833,price_family_ma12_structural_linked,MA12_PRICE_AFFORDABILITY,incumbent_demand_capital_markets__ma12_price_affordability,-0.04189045594053165,0.009183333333333321,0.009183333333333321,0.3916666666666667,-0.5126666666666666,0.35066666666666657,-0.4341666666666666,0.05259999999999999,-0.04341666666666666,0.009183333333333328,-6.938893903907228e-18
alameda_county_ca__county,2025-01-31,-0.1025,-0.3442423638438771,-0.007999231347764174,-0.2483333333333333,ma12_price_family_challenger,incumbent_dimension_history,incumbent_dimension_history,ma12_price_family_challenger,artifacts/regime/comparisons/price_family_structural_windows/price_family_ma12_structural_linked/phase2_chronology/chronology_monthly.csv,artifacts/regime/runs/macro_regime_v1_bps120_sources/dimension_scores.parquet,artifacts/regime/runs/macro_regime_v1_bps120_sources/dimension_scores.parquet,artifacts/regime/comparisons/price_family_structural_windows/price_family_ma12_structural_linked/phase2_chronology/chronology_monthly.csv,0.65,-0.005199500376046713,0.15,-0.03724999999999999,0.1,-0.01025,0.1,-0.034424236384387706,4,True,-0.08712373676043442,price_family_ma12_structural_linked,MA12_PRICE_AFFORDABILITY,incumbent_demand_capital_markets__ma12_price_affordability,-0.08477373676043443,-0.002349999999999991,0.002349999999999991,0.5549999999999999,-0.671,0.42266666666666675,-0.6575,0.06340000000000001,-0.06575,-0.002349999999999991,0.0
alameda_county_ca__county,2025-02-28,0.0466666666666666,-0.08736232821244244,0.06700076865223586,-0.2633333333333333,ma12_price_family_challenger,incumbent_dimension_history,incumbent_dimension_history,ma12_price_family_challenger,artifacts/regime/comparisons/price_family_structural_windows/price_family_ma12_structural_linked/phase2_chronology/chronology_monthly.csv,artifacts/regime/runs/macro_regime_v1_bps120_sources/dimension_scores.parquet,artifacts/regime/runs/macro_regime_v1_bps120_sources/dimension_scores.parquet,artifacts/regime/comparisons/price_family_structural_windows/price_family_ma12_structural_linked/phase2_chronology/chronology_monthly.csv,0.65,0.04355049962395331,0.15,-0.03949999999999999,0.1,0.00466666666666666,0.1,-0.008736232821244245,4,True,-1.9066530624266623e-05,price_family_ma12_structural_linked,MA12_PRICE_AFFORDABILITY,incumbent_demand_capital_markets__ma12_price_affordability,0.0680976001360424,-0.06811666666666666,0.06811666666666666,-0.20016666666666666,0.35533333333333333,-0.6186666666666667,0.24683333333333327,-0.09280000000000001,0.024683333333333328,-0.06811666666666669,2.7755575615628914e-17
alameda_county_ca__county,2025-03-31,0.0016666666666666,-0.09584295215738882,0.1260285464300136,-0.282,ma12_price_family_challenger,incumbent_dimension_history,incumbent_dimension_history,ma12_price_family_challenger,artifacts/regime/comparisons/price_family_structural_windows/price_family_ma12_structural_linked/phase2_chronology/chronology_monthly.csv,artifacts/regime/runs/macro_regime_v1_bps120_sources/dimension_scores.parquet,artifacts/regime/runs/macro_regime_v1_bps120_sources/dimension_scores.parquet,artifacts/regime/comparisons/price_family_structural_windows/price_family_ma12_structural_linked/phase2_chronology/chronology_monthly.csv,0.65,0.08191855517950884,0.15,-0.0423,0.1,0.00016666666666666002,0.1,-0.009584295215738883,4,True,0.030200926630436623,price_family_ma12_structural_linked,MA12_PRICE_AFFORDABILITY,incumbent_demand_capital_markets__ma12_price_affordability,0.07658425996376997,-0.046383333333333346,0.046383333333333346,-0.29500000000000004,0.225,-0.507,0.29666666666666663,-0.07604999999999999,0.029666666666666664,-0.04638333333333333,-1.3877787807814457e-17
alameda_county_ca__county,2025-04-30,0.0658333333333333,-0.2526583023185289,-0.0785547869033197,-0.3633333333333333,ma12_price_family_challenger,incumbent_dimension_history,incumbent_dimension_history,ma12_price_family_challenger,artifacts/regime/comparisons/price_family_structural_windows/price_family_ma12_structural_linked/phase2_chronology/chronology_monthly.csv,artifacts/regime/runs/macro_regime_v1_bps120_sources/dimension_scores.parquet,artifacts/regime/runs/macro_regime_v1_bps120_sources/dimension_scores.parquet,artifacts/regime/comparisons/price_family_structural_windows/price_family_ma12_structural_linked/phase2_chronology/chronology_monthly.csv,0.65,-0.051060611487157806,0.15,-0.05449999999999999,0.1,0.00658333333333333,0.1,-0.025265830231852894,4,True,-0.12424310838567737,price_family_ma12_structural_linked,MA12_PRICE_AFFORDABILITY,incumbent_demand_capital_markets__ma12_price_affordability,-0.13140977505234402,0.0071666666666666545,0.0071666666666666545,0.04166666666666666,-0.395,0.03166666666666673,0.024166666666666642,0.004750000000000009,0.002416666666666664,0.007166666666666674,-1.9081958235744878e-17
alameda_county_ca__county,2025-05-31,0.0641666666666666,-0.20054544407806757,-0.04897145356998636,-0.4516666666666667,ma12_price_family_challenger,incumbent_dimension_history,incumbent_dimension_history,ma12_price_family_challenger,artifacts/regime/comparisons/price_family_structural_windows/price_family_ma12_structural_linked/phase2_chronology/chronology_monthly.csv,artifacts/regime/runs/macro_regime_v1_bps120_sources/dimension_scores.parquet,artifacts/regime/runs/macro_regime_v1_bps120_sources/dimension_scores.parquet,artifacts/regime/comparisons/price_family_structural_windows/price_family_ma12_structural_linked/phase2_chronology/chronology_monthly.csv,0.65,-0.031831444820491134,0.15,-0.06775,0.1,0.00641666666666666,0.1,-0.020054544407806758,4,True,-0.11321932256163124,price_family_ma12_structural_linked,MA12_PRICE_AFFORDABILITY,incumbent_demand_capital_markets__ma12_price_affordability,-0.06705265589496455,-0.04616666666666669,0.04616666666666669,-0.009166666666666684,-0.09500000000000003,-0.3566666666666667,0.07333333333333328,-0.0535,0.007333333333333328,-0.04616666666666667,-2.0816681711721685e-17
alameda_county_ca__county,2025-06-30,0.0949999999999999,-0.15683125305922663,-0.05466589801443081,-0.5283333333333333,ma12_price_family_challenger,incumbent_dimension_history,incumbent_dimension_history,ma12_price_family_challenger,artifacts/regime/comparisons/price_family_structural_windows/price_family_ma12_structural_linked/phase2_chronology/chronology_monthly.csv,artifacts/regime/runs/macro_regime_v1_bps120_sources/dimension_scores.parquet,artifacts/regime/runs/macro_regime_v1_bps120_sources/dimension_scores.parquet,artifacts/regime/comparisons/price_family_structural_windows/price_family_ma12_structural_linked/phase2_chronology/chronology_monthly.csv,0.65,-0.03553283370938003,0.15,-0.07925,0.1,0.009499999999999991,0.1,-0.015683125305922665,4,True,-0.1209659590153027,price_family_ma12_structural_linked,MA12_PRICE_AFFORDABILITY,incumbent_demand_capital_markets__ma12_price_affordability,-0.10846595901530269,-0.012500000000000011,0.012500000000000011,0.19999999999999998,-0.515,-0.013333333333333308,-0.10500000000000008,-0.001999999999999996,-0.01050000000000001,-0.012500000000000006,-5.204170427930421e-18
alameda_county_ca__county,2025-07-31,0.1691666666666666,-0.1752772788076686,0.046722990874458074,-0.5533333333333333,ma12_price_family_challenger,incumbent_dimension_history,incumbent_dimension_history,ma12_price_family_challenger,artifacts/regime/comparisons/price_family_structural_windows/price_family_ma12_structural_linked/phase2_chronology/chronology_monthly.csv,artifacts/regime/runs/macro_regime_v1_bps120_sources/dimension_scores.parquet,artifacts/regime/runs/macro_regime_v1_bps120_sources/dimension_scores.parquet,artifacts/regime/comparisons/price_family_structural_windows/price_family_ma12_structural_linked/phase2_chronology/chronology_monthly.csv,0.65,0.03036994406839775,0.15,-0.083,0.1,0.01691666666666666,0.1,-0.017527727880766862,4,True,-0.05324111714570246,price_family_ma12_structural_linked,MA12_PRICE_AFFORDABILITY,incumbent_demand_capital_markets__ma12_price_affordability,-0.030241117145702462,-0.023,0.023,0.4141666666666667,-0.5633333333333335,0.01000000000000012,-0.24500000000000008,0.001500000000000018,-0.024500000000000008,-0.02299999999999999,-1.0408340855860843e-17
alameda_county_ca__county,2025-08-31,0.2166666666666666,-0.11389187828664891,-0.07522145356998636,-0.5566666666666666,ma12_price_family_challenger,incumbent_dimension_history,incumbent_dimension_history,ma12_price_family_challenger,artifacts/regime/comparisons/price_family_structural_windows/price_family_ma12_structural_linked/phase2_chronology/chronology_monthly.csv,artifacts/regime/runs/macro_regime_v1_bps120_sources/dimension_scores.parquet,artifacts/regime/runs/macro_regime_v1_bps120_sources/dimension_scores.parquet,artifacts/regime/comparisons/price_family_structural_windows/price_family_ma12_structural_linked/phase2_chronology/chronology_monthly.csv,0.65,-0.048893944820491135,0.15,-0.08349999999999999,0.1,0.02166666666666666,0.1,-0.011389187828664892,4,True,-0.12211646598248936,price_family_ma12_structural_linked,MA12_PRICE_AFFORDABILITY,incumbent_demand_capital_markets__ma12_price_affordability,-0.09378313264915603,-0.028333333333333335,0.028333333333333335,0.385,-0.48,-0.07666666666666666,-0.16833333333333342,-0.011499999999999998,-0.016833333333333343,-0.028333333333333342,6.938893903907228e-18
alameda_county_ca__county,2025-09-30,0.2516666666666666,-0.14045302424397124,0.15963965754112472,-0.55,ma12_price_family_challenger,incumbent_dimension_history,incumbent_dimension_history,ma12_price_family_challenger,artifacts/regime/comparisons/price_family_structural_windows/price_family_ma12_structural_linked/phase2_chronology/chronology_monthly.csv,artifacts/regime/runs/macro_regime_v1_bps120_sources/dimension_scores.parquet,artifacts/regime/runs/macro_regime_v1_bps120_sources/dimension_scores.parquet,artifacts/regime/comparisons/price_family_structural_windows/price_family_ma12_structural_linked/phase2_chronology/chronology_monthly.csv,0.65,0.10376577740173107,0.15,-0.0825,0.1,0.02516666666666666,0.1,-0.014045302424397124,4,True,0.0323871416440006,price_family_ma12_structural_linked,MA12_PRICE_AFFORDABILITY,incumbent_demand_capital_markets__ma12_price_affordability,0.09630380831066727,-0.06391666666666668,0.06391666666666668,0.21583333333333332,-0.1,-0.45000000000000007,0.03583333333333327,-0.0675,0.0035833333333333273,-0.06391666666666668,0.0
alameda_county_ca__county,2025-10-31,0.2591666666666666,-0.11549955217196596,0.15963965754112472,-0.5233333333333333,ma12_price_family_challenger,incumbent_dimension_history,incumbent_dimension_history,ma12_price_family_challenger,artifacts/regime/comparisons/price_family_structural_windows/price_family_ma12_structural_linked/phase2_chronology/chronology_monthly.csv,artifacts/regime/runs/macro_regime_v1_bps120_sources/dimension_scores.parquet,artifacts/regime/runs/macro_regime_v1_bps120_sources/dimension_scores.parquet,artifacts/regime/comparisons/price_family_structural_windows/price_family_ma12_structural_linked/phase2_chronology/chronology_monthly.csv,0.65,0.10376577740173107,0.15,-0.0785,0.1,0.02591666666666666,0.1,-0.011549955217196596,4,True,0.03963248885120113,price_family_ma12_structural_linked,MA12_PRICE_AFFORDABILITY,incumbent_demand_capital_markets__ma12_price_affordability,0.09488248885120112,-0.055249999999999994,0.055249999999999994,-0.0633333333333334,0.06,-0.5833333333333333,0.3225,-0.08749999999999998,0.03225,-0.05524999999999998,-1.3877787807814457e-17
alameda_county_ca__county,2025-11-30,0.3366666666666666,-0.11145659115366871,0.02116743531890251,-0.555,ma12_price_family_challenger,incumbent_dimension_history,incumbent_dimension_history,ma12_price_family_challenger,artifacts/regime/comparisons/price_family_structural_windows/price_family_ma12_structural_linked/phase2_chronology/chronology_monthly.csv,artifacts/regime/runs/macro_regime_v1_bps120_sources/dimension_scores.parquet,artifacts/regime/runs/macro_regime_v1_bps120_sources/dimension_scores.parquet,artifacts/regime/comparisons/price_family_structural_windows/price_family_ma12_structural_linked/phase2_chronology/chronology_monthly.csv,0.65,0.013758832957286632,0.15,-0.08325,0.1,0.033666666666666664,0.1,-0.011145659115366871,4,True,-0.046970159491413574,price_family_ma12_structural_linked,MA12_PRICE_AFFORDABILITY,incumbent_demand_capital_markets__ma12_price_affordability,-0.04268682615808024,-0.0042833333333333334,0.0042833333333333334,0.5845,-0.6916666666666668,0.13666666666666671,-0.2478333333333334,0.020500000000000008,-0.02478333333333334,-0.0042833333333333334,0.0
alameda_county_ca__county,2025-12-31,0.2391666666666666,-0.18696777576520068,0.024778546430013603,-0.5766666666666667,ma12_price_family_challenger,incumbent_dimension_history,incumbent_dimension_history,ma12_price_family_challenger,artifacts/regime/comparisons/price_family_structural_windows/price_family_ma12_structural_linked/phase2_chronology/chronology_monthly.csv,artifacts/regime/runs/macro_regime_v1_bps120_sources/dimension_scores.parquet,artifacts/regime/runs/macro_regime_v1_bps120_sources/dimension_scores.parquet,artifacts/regime/comparisons/price_family_structural_windows/price_family_ma12_structural_linked/phase2_chronology/chronology_monthly.csv,0.65,0.016106055179508843,0.15,-0.0865,0.1,0.023916666666666662,0.1,-0.01869677757652007,4,True,-0.06517405573034456,price_family_ma12_structural_linked,MA12_PRICE_AFFORDABILITY,incumbent_demand_capital_markets__ma12_price_affordability,-0.029174055730344553,-0.036000000000000004,0.036000000000000004,0.5291666666666668,-0.53,-0.046666666666666634,-0.29000000000000015,-0.006999999999999995,-0.029000000000000015,-0.03600000000000001,6.938893903907228e-18
alameda_county_ca__county,2026-01-31,0.2574999999999999,-0.15717840585773032,-0.21744367579220858,-0.5783333333333334,ma12_price_family_challenger,incumbent_dimension_history,incumbent_dimension_history,ma12_price_family_challenger,artifacts/regime/comparisons/price_family_structural_windows/price_family_ma12_structural_linked/phase2_chronology/chronology_monthly.csv,artifacts/regime/runs/macro_regime_v1_bps120_sources/dimension_scores.parquet,artifacts/regime/runs/macro_regime_v1_bps120_sources/dimension_scores.parquet,artifacts/regime/comparisons/price_family_structural_windows/price_family_ma12_structural_linked/phase2_chronology/chronology_monthly.csv,0.65,-0.14133838926493558,0.15,-0.08675000000000001,0.1,0.02574999999999999,0.1,-0.015717840585773035,4,True,-0.2180562298507086,price_family_ma12_structural_linked,MA12_PRICE_AFFORDABILITY,incumbent_demand_capital_markets__ma12_price_affordability,-0.19655622985070864,-0.021499999999999964,0.021499999999999964,0.3799999999999999,-0.5166666666666667,-0.06166666666666665,-0.1225,-0.009249999999999996,-0.01225,-0.0215,3.469446951953614e-17
alameda_county_ca__county,2026-02-28,0.2808333333333333,-0.1218583309721292,0.06797299087445809,-0.5700000000000001,ma12_price_family_challenger,incumbent_dimension_history,incumbent_dimension_history,ma12_price_family_challenger,artifacts/regime/comparisons/price_family_structural_windows/price_family_ma12_structural_linked/phase2_chronology/chronology_monthly.csv,artifacts/regime/runs/macro_regime_v1_bps120_sources/dimension_scores.parquet,artifacts/regime/runs/macro_regime_v1_bps120_sources/dimension_scores.parquet,artifacts/regime/comparisons/price_family_structural_windows/price_family_ma12_structural_linked/phase2_chronology/chronology_monthly.csv,0.65,0.04418244406839776,0.15,-0.0855,0.1,0.028083333333333335,0.1,-0.01218583309721292,4,True,-0.02542005569548183,price_family_ma12_structural_linked,MA12_PRICE_AFFORDABILITY,incumbent_demand_capital_markets__ma12_price_affordability,0.06031327763785152,-0.08573333333333336,0.08573333333333336,0.06666666666666668,0.14433333333333337,-0.7143333333333335,0.21416666666666664,-0.10715000000000002,0.021416666666666667,-0.08573333333333336,0.0
alameda_county_ca__county,2026-03-31,0.2466666666666666,-0.2224807695058285,-0.04994367579220861,-0.6000000000000001,ma12_price_family_challenger,incumbent_dimension_history,incumbent_dimension_history,ma12_price_family_challenger,artifacts/regime/comparisons/price_family_structural_windows/price_family_ma12_structural_linked/phase2_chronology/chronology_monthly.csv,artifacts/regime/runs/macro_regime_v1_bps120_sources/dimension_scores.parquet,artifacts/regime/runs/macro_regime_v1_bps120_sources/dimension_scores.parquet,artifacts/regime/comparisons/price_family_structural_windows/price_family_ma12_structural_linked/phase2_chronology/chronology_monthly.csv,0.65,-0.032463389264935597,0.15,-0.09000000000000001,0.1,0.02466666666666666,0.1,-0.022248076950582854,4,True,-0.1200447995488518,price_family_ma12_structural_linked,MA12_PRICE_AFFORDABILITY,incumbent_demand_capital_markets__ma12_price_affordability,-0.05687813288218513,-0.06316666666666668,0.06316666666666668,-0.049166666666666706,0.018333333333333313,-0.6183333333333334,0.2958333333333333,-0.09275000000000001,0.02958333333333333,-0.06316666666666668,0.0
alameda_county_ca__county,2026-04-30,0.2375,-0.25686349974066025,-0.10563812023665306,-0.6066666666666667,ma12_price_family_challenger,incumbent_dimension_history,incumbent_dimension_history,ma12_price_family_challenger,artifacts/regime/comparisons/price_family_structural_windows/price_family_ma12_structural_linked/phase2_chronology/chronology_monthly.csv,artifacts/regime/runs/macro_regime_v1_bps120_sources/dimension_scores.parquet,artifacts/regime/runs/macro_regime_v1_bps120_sources/dimension_scores.parquet,artifacts/regime/comparisons/price_family_structural_windows/price_family_ma12_structural_linked/phase2_chronology/chronology_monthly.csv,0.65,-0.06866477815382449,0.15,-0.091,0.1,0.02375,0.1,-0.025686349974066026,4,True,-0.16160112812789051,price_family_ma12_structural_linked,MA12_PRICE_AFFORDABILITY,incumbent_demand_capital_markets__ma12_price_affordability,-0.09310112812789052,-0.06849999999999999,0.06849999999999999,0.0674999999999999,-0.03666666666666665,-0.5700000000000001,0.1700000000000001,-0.0855,0.01700000000000001,-0.06849999999999999,0.0
alameda_county_ca__county,2026-05-31,0.1299999999999999,-0.29150088680376574,-0.10563812023665306,-0.52,ma12_price_family_challenger,incumbent_dimension_history,incumbent_dimension_history,ma12_price_family_challenger,artifacts/regime/comparisons/price_family_structural_windows/price_family_ma12_structural_linked/phase2_chronology/chronology_monthly.csv,artifacts/regime/runs/macro_regime_v1_bps120_sources/dimension_scores.parquet,artifacts/regime/runs/macro_regime_v1_bps120_sources/dimension_scores.parquet,artifacts/regime/comparisons/price_family_structural_windows/price_family_ma12_structural_linked/phase2_chronology/chronology_monthly.csv,0.65,-0.06866477815382449,0.15,-0.078,0.1,0.01299999999999999,0.1,-0.029150088680376576,4,True,-0.1628148668342011,price_family_ma12_structural_linked,MA12_PRICE_AFFORDABILITY,incumbent_demand_capital_markets__ma12_price_affordability,-0.13048153350086775,-0.03233333333333335,0.03233333333333335,-0.6091666666666666,0.18833333333333335,-0.7083333333333334,0.7391666666666665,-0.10625,0.07391666666666666,-0.03233333333333334,-1.3877787807814457e-17
alameda_county_ca__county,2026-06-30,0.1299999999999999,-0.21672324010863978,-0.10563812023665306,-0.52,ma12_price_family_challenger,incumbent_dimension_history,incumbent_dimension_history,ma12_price_family_challenger,artifacts/regime/comparisons/price_family_structural_windows/price_family_ma12_structural_linked/phase2_chronology/chronology_monthly.csv,artifacts/regime/runs/macro_regime_v1_bps120_sources/dimension_scores.parquet,artifacts/regime/runs/macro_regime_v1_bps120_sources/dimension_scores.parquet,artifacts/regime/comparisons/price_family_structural_windows/price_family_ma12_structural_linked/phase2_chronology/chronology_monthly.csv,0.65,-0.06866477815382449,0.15,-0.078,0.1,0.01299999999999999,0.1,-0.02167232401086398,4,True,-0.1553371021646885,price_family_ma12_structural_linked,MA12_PRICE_AFFORDABILITY,incumbent_demand_capital_markets__ma12_price_affordability,-0.12300376883135514,-0.03233333333333335,0.03233333333333335,-0.6091666666666666,0.18833333333333335,-0.7083333333333334,0.7391666666666665,-0.10625,0.07391666666666666,-0.03233333333333334,-1.3877787807814457e-17
alameda_county_ca__county,2026-07-31,0.1299999999999999,-0.17393850014280368,-0.10563812023665306,-0.52,ma12_price_family_challenger,incumbent_dimension_history,incumbent_dimension_history,ma12_price_family_challenger,artifacts/regime/comparisons/price_family_structural_windows/price_family_ma12_structural_linked/phase2_chronology/chronology_monthly.csv,artifacts/regime/runs/macro_regime_v1_bps120_sources/dimension_scores.parquet,artifacts/regime/runs/macro_regime_v1_bps120_sources/dimension_scores.parquet,artifacts/regime/comparisons/price_family_structural_windows/price_family_ma12_structural_linked/phase2_chronology/chronology_monthly.csv,0.65,-0.06866477815382449,0.15,-0.078,0.1,0.01299999999999999,0.1,-0.017393850014280367,4,True,-0.1510586281681049,price_family_ma12_structural_linked,MA12_PRICE_AFFORDABILITY,incumbent_demand_capital_markets__ma12_price_affordability,-0.11872529483477154,-0.03233333333333335,0.03233333333333335,-0.6091666666666666,0.18833333333333335,-0.7083333333333334,0.7391666666666665,-0.10625,0.07391666666666666,-0.03233333333333334,-1.3877787807814457e-17
district_of_columbia_dc__county,2015-11-30,-0.5,-0.16375835513386988,0.3562378313796856,0.98,ma12_price_family_challenger,incumbent_dimension_history,incumbent_dimension_history,ma12_price_family_challenger,artifacts/regime/comparisons/price_family_structural_windows/price_family_ma12_structural_linked/phase2_chronology/chronology_monthly.csv,artifacts/regime/runs/macro_regime_v1_bps120_sources/dimension_scores.parquet,artifacts/regime/runs/macro_regime_v1_bps120_sources/dimension_scores.parquet,artifacts/regime/comparisons/price_family_structural_windows/price_family_ma12_structural_linked/phase2_chronology/chronology_monthly.csv,0.65,0.23155459039679566,0.15,0.147,0.1,-0.05,0.1,-0.016375835513386987,4,True,0.3121787548834086,price_family_ma12_structural_linked,MA12_PRICE_AFFORDABILITY,incumbent_demand_capital_markets__ma12_price_affordability,0.2758658758619265,0.036312879021482114,0.036312879021482114,-0.4722222222222222,0.719395621338267,0.260604378661733,-0.02777777777777779,0.03909065679925995,-0.002777777777777779,0.03631287902148217,-5.551115123125783e-17
district_of_columbia_dc__county,2015-12-31,0.4594594594594594,-0.14260050686320172,0.3952411294352823,0.98,ma12_price_family_challenger,incumbent_dimension_history,incumbent_dimension_history,ma12_price_family_challenger,artifacts/regime/comparisons/price_family_structural_windows/price_family_ma12_structural_linked/phase2_chronology/chronology_monthly.csv,artifacts/regime/runs/macro_regime_v1_bps120_sources/dimension_scores.parquet,artifacts/regime/runs/macro_regime_v1_bps120_sources/dimension_scores.parquet,artifacts/regime/comparisons/price_family_structural_windows/price_family_ma12_structural_linked/phase2_chronology/chronology_monthly.csv,0.65,0.25690673413293347,0.15,0.147,0.1,0.04594594594594594,0.1,-0.014260050686320172,4,True,0.43559262939255916,price_family_ma12_structural_linked,MA12_PRICE_AFFORDABILITY,incumbent_demand_capital_markets__ma12_price_affordability,0.25402283353286975,0.1815697958596894,0.1815697958596894,0.7207207207207207,-0.40463947990543736,1.3846394799054373,-0.2612612612612613,0.2076959219858156,-0.026126126126126133,0.18156979585968946,-5.551115123125783e-17
district_of_columbia_dc__county,2016-01-31,0.4473684210526316,-0.018813869942902857,0.26734141018623775,0.98,ma12_price_family_challenger,incumbent_dimension_history,incumbent_dimension_history,ma12_price_family_challenger,artifacts/regime/comparisons/price_family_structural_windows/price_family_ma12_structural_linked/phase2_chronology/chronology_monthly.csv,artifacts/regime/runs/macro_regime_v1_bps120_sources/dimension_scores.parquet,artifacts/regime/runs/macro_regime_v1_bps120_sources/dimension_scores.parquet,artifacts/regime/comparisons/price_family_structural_windows/price_family_ma12_structural_linked/phase2_chronology/chronology_monthly.csv,0.65,0.17377191662105454,0.15,0.147,0.1,0.04473684210526316,0.1,-0.0018813869942902858,4,True,0.3636273717320274,price_family_ma12_structural_linked,MA12_PRICE_AFFORDABILITY,incumbent_demand_capital_markets__ma12_price_affordability,0.1748985201629503,0.18872885156907712,0.18872885156907712,0.698536882747409,-0.4456379849236992,1.425637984923699,-0.2511684616947774,0.21384569773855486,-0.025116846169477743,0.18872885156907712,0.0
district_of_columbia_dc__county,2016-02-29,0.5177045177045178,0.23296691846384493,0.41856549244381025,0.0807122507122506,ma12_price_family_challenger,incumbent_dimension_history,incumbent_dimension_history,ma12_price_family_challenger,artifacts/regime/comparisons/price_family_structural_windows/price_family_ma12_structural_linked/phase2_chronology/chronology_monthly.csv,artifacts/regime/runs/macro_regime_v1_bps120_sources/dimension_scores.parquet,artifacts/regime/runs/macro_regime_v1_bps120_sources/dimension_scores.parquet,artifacts/regime/comparisons/price_family_structural_windows/price_family_ma12_structural_linked/phase2_chronology/chronology_monthly.csv,0.65,0.27206757008847665,0.15,0.012106837606837591,0.1,0.05177045177045178,0.1,0.023296691846384495,4,True,0.3592415513121505,price_family_ma12_structural_linked,MA12_PRICE_AFFORDABILITY,incumbent_demand_capital_markets__ma12_price_affordability,0.33109220266580935,0.028149348646341166,0.028149348646341166,-0.15982263350684406,0.34473469387755096,-0.2640224431653003,0.6775271512113619,-0.039603366474795045,0.06775271512113619,0.028149348646341145,2.0816681711721685e-17
district_of_columbia_dc__county,2016-03-31,0.4425675675675676,-0.021110315355142944,0.3925985938490713,-0.0747297297297297,ma12_price_family_challenger,incumbent_dimension_history,incumbent_dimension_history,ma12_price_family_challenger,artifacts/regime/comparisons/price_family_structural_windows/price_family_ma12_structural_linked/phase2_chronology/chronology_monthly.csv,artifacts/regime/runs/macro_regime_v1_bps120_sources/dimension_scores.parquet,artifacts/regime/runs/macro_regime_v1_bps120_sources/dimension_scores.parquet,artifacts/regime/comparisons/price_family_structural_windows/price_family_ma12_structural_linked/phase2_chronology/chronology_monthly.csv,0.65,0.2551890860018964,0.15,-0.011209459459459455,0.1,0.04425675675675676,0.1,-0.0021110315355142946,4,True,0.2861253517636794,price_family_ma12_structural_linked,MA12_PRICE_AFFORDABILITY,incumbent_demand_capital_markets__ma12_price_affordability,0.31131472759717294,-0.02518937583349351,0.02518937583349351,0.891941391941392,-0.20638310708898938,0.1316533773592597,-0.4493738243738244,0.019748006603888955,-0.04493738243738244,-0.025189375833493486,-2.42861286636753e-17
district_of_columbia_dc__county,2016-04-30,0.4738675958188153,0.08195509745557719,0.3887018881626724,-0.1741548994437312,ma12_price_family_challenger,incumbent_dimension_history,incumbent_dimension_history,ma12_price_family_challenger,artifacts/regime/comparisons/price_family_structural_windows/price_family_ma12_structural_linked/phase2_chronology/chronology_monthly.csv,artifacts/regime/runs/macro_regime_v1_bps120_sources/dimension_scores.parquet,artifacts/regime/runs/macro_regime_v1_bps120_sources/dimension_scores.parquet,artifacts/regime/comparisons/price_family_structural_windows/price_family_ma12_structural_linked/phase2_chronology/chronology_monthly.csv,0.65,0.2526562273057371,0.15,-0.026123234916559677,0.1,0.047386759581881537,0.1,0.00819550974555772,4,True,0.28211526171661666,price_family_ma12_structural_linked,MA12_PRICE_AFFORDABILITY,incumbent_demand_capital_markets__ma12_price_affordability,0.2711547941090147,0.010960467607601942,0.010960467607601942,0.025609756097560922,0.051613876319758625,-0.2257687757634898,0.4482578397212544,-0.033865316364523466,0.044825783972125444,0.010960467607601977,-3.469446951953614e-17
district_of_columbia_dc__county,2016-05-31,0.347985347985348,0.13640642824530413,0.2605410295616717,-0.1861538461538461,ma12_price_family_challenger,incumbent_dimension_history,incumbent_dimension_history,ma12_price_family_challenger,artifacts/regime/comparisons/price_family_structural_windows/price_family_ma12_structural_linked/phase2_chronology/chronology_monthly.csv,artifacts/regime/runs/macro_regime_v1_bps120_sources/dimension_scores.parquet,artifacts/regime/runs/macro_regime_v1_bps120_sources/dimension_scores.parquet,artifacts/regime/comparisons/price_family_structural_windows/price_family_ma12_structural_linked/phase2_chronology/chronology_monthly.csv,0.65,0.1693516692150866,0.15,-0.02792307692307691,0.1,0.03479853479853481,0.1,0.013640642824530414,4,True,0.18986776991507492,price_family_ma12_structural_linked,MA12_PRICE_AFFORDABILITY,incumbent_demand_capital_markets__ma12_price_affordability,0.18075890595673355,0.009108863958341373,0.009108863958341373,-0.6430695204911233,0.41382363977485925,-0.5999774859287054,0.9910548684764713,-0.08999662288930581,0.09910548684764714,0.009108863958341332,4.163336342344337e-17
district_of_columbia_dc__county,2016-06-30,0.3302325581395348,0.2941083099906629,0.31506818181818175,-0.2444186046511628,ma12_price_family_challenger,incumbent_dimension_history,incumbent_dimension_history,ma12_price_family_challenger,artifacts/regime/comparisons/price_family_structural_windows/price_family_ma12_structural_linked/phase2_chronology/chronology_monthly.csv,artifacts/regime/runs/macro_regime_v1_bps120_sources/dimension_scores.parquet,artifacts/regime/runs/macro_regime_v1_bps120_sources/dimension_scores.parquet,artifacts/regime/comparisons/price_family_structural_windows/price_family_ma12_structural_linked/phase2_chronology/chronology_monthly.csv,0.65,0.20479431818181815,0.15,-0.03666279069767442,0.1,0.03302325581395348,0.1,0.02941083099906629,4,True,0.23056561429716352,price_family_ma12_structural_linked,MA12_PRICE_AFFORDABILITY,incumbent_demand_capital_markets__ma12_price_affordability,0.18139617858372353,0.049169435713439985,0.049169435713439985,0.033380794178136386,-0.37431366676649697,0.12989506211533416,0.2968517639613984,0.019484259317300124,0.02968517639613984,0.049169435713439964,2.0816681711721685e-17
district_of_columbia_dc__county,2016-07-31,0.2761324041811847,0.43707689741451206,0.28510135135135134,0.0665040650406503,ma12_price_family_challenger,incumbent_dimension_history,incumbent_dimension_history,ma12_price_family_challenger,artifacts/regime/comparisons/price_family_structural_windows/price_family_ma12_structural_linked/phase2_chronology/chronology_monthly.csv,artifacts/regime/runs/macro_regime_v1_bps120_sources/dimension_scores.parquet,artifacts/regime/runs/macro_regime_v1_bps120_sources/dimension_scores.parquet,artifacts/regime/comparisons/price_family_structural_windows/price_family_ma12_structural_linked/phase2_chronology/chronology_monthly.csv,0.65,0.18531587837837837,0.15,0.009975609756097546,0.1,0.027613240418118468,0.1,0.04370768974145121,4,True,0.2666124182940456,price_family_ma12_structural_linked,MA12_PRICE_AFFORDABILITY,incumbent_demand_capital_markets__ma12_price_affordability,0.2631133463003055,0.0034990719937401105,0.0034990719937401105,-0.2509060706735125,0.3945359016521807,-0.3280318366115304,0.5270384748546972,-0.04920477549172956,0.052703847485469725,0.003499071993740166,-5.551115123125783e-17
district_of_columbia_dc__county,2016-08-31,0.0521541950113378,0.16079311746375827,0.06878968253968251,0.2949206349206348,ma12_price_family_challenger,incumbent_dimension_history,incumbent_dimension_history,ma12_price_family_challenger,artifacts/regime/comparisons/price_family_structural_windows/price_family_ma12_structural_linked/phase2_chronology/chronology_monthly.csv,artifacts/regime/runs/macro_regime_v1_bps120_sources/dimension_scores.parquet,artifacts/regime/runs/macro_regime_v1_bps120_sources/dimension_scores.parquet,artifacts/regime/comparisons/price_family_structural_windows/price_family_ma12_structural_linked/phase2_chronology/chronology_monthly.csv,0.65,0.044713293650793635,0.15,0.04423809523809522,0.1,0.00521541950113378,0.1,0.016079311746375828,4,True,0.11024612013639848,price_family_ma12_structural_linked,MA12_PRICE_AFFORDABILITY,incumbent_demand_capital_markets__ma12_price_affordability,0.038825072929636995,0.07142104720676148,0.07142104720676148,-0.30519480519480513,0.05701298701298696,0.23790764790764785,0.3573490002061429,0.035686147186147175,0.035734900020614295,0.07142104720676147,1.3877787807814457e-17
district_of_columbia_dc__county,2016-09-30,-0.121840242669363,0.09228067331625907,0.29906465093411994,0.4351937984496123,ma12_price_family_challenger,incumbent_dimension_history,incumbent_dimension_history,ma12_price_family_challenger,artifacts/regime/comparisons/price_family_structural_windows/price_family_ma12_structural_linked/phase2_chronology/chronology_monthly.csv,artifacts/regime/runs/macro_regime_v1_bps120_sources/dimension_scores.parquet,artifacts/regime/runs/macro_regime_v1_bps120_sources/dimension_scores.parquet,artifacts/regime/comparisons/price_family_structural_windows/price_family_ma12_structural_linked/phase2_chronology/chronology_monthly.csv,0.65,0.19439202310717796,0.15,0.06527906976744184,0.1,-0.012184024266936301,0.1,0.009228067331625907,4,True,0.25671513593930945,price_family_ma12_structural_linked,MA12_PRICE_AFFORDABILITY,incumbent_demand_capital_markets__ma12_price_affordability,0.22494016599000072,0.03177496994930873,0.03177496994930873,0.47066942719116645,-0.1716457811194654,0.6068395795690777,-0.5925096698605294,0.09102593693536166,-0.05925096698605295,0.031774969949308715,1.3877787807814457e-17
district_of_columbia_dc__county,2016-10-31,-0.2340425531914894,0.01879718444419463,0.454656432748538,0.4478787878787878,ma12_price_family_challenger,incumbent_dimension_history,incumbent_dimension_history,ma12_price_family_challenger,artifacts/regime/comparisons/price_family_structural_windows/price_family_ma12_structural_linked/phase2_chronology/chronology_monthly.csv,artifacts/regime/runs/macro_regime_v1_bps120_sources/dimension_scores.parquet,artifacts/regime/runs/macro_regime_v1_bps120_sources/dimension_scores.parquet,artifacts/regime/comparisons/price_family_structural_windows/price_family_ma12_structural_linked/phase2_chronology/chronology_monthly.csv,0.65,0.29552668128654974,0.15,0.06718181818181818,0.1,-0.023404255319148942,0.1,0.001879718444419463,4,True,0.3411839625936385,price_family_ma12_structural_linked,MA12_PRICE_AFFORDABILITY,incumbent_demand_capital_markets__ma12_price_affordability,0.3433677403692407,-0.002183777775602247,0.002183777775602247,0.08365270252411791,0.2506404692390647,0.19723831863972313,-0.3176952557156073,0.02958574779595847,-0.03176952557156073,-0.002183777775602261,1.3877787807814457e-17
district_of_columbia_dc__county,2016-11-30,-0.0423611111111111,-0.2793753868113046,0.23205917874396131,-0.1995555555555555,ma12_price_family_challenger,incumbent_dimension_history,incumbent_dimension_history,ma12_price_family_challenger,artifacts/regime/comparisons/price_family_structural_windows/price_family_ma12_structural_linked/phase2_chronology/chronology_monthly.csv,artifacts/regime/runs/macro_regime_v1_bps120_sources/dimension_scores.parquet,artifacts/regime/runs/macro_regime_v1_bps120_sources/dimension_scores.parquet,artifacts/regime/comparisons/price_family_structural_windows/price_family_ma12_structural_linked/phase2_chronology/chronology_monthly.csv,0.65,0.15083846618357485,0.15,-0.029933333333333326,0.1,-0.00423611111111111,0.1,-0.02793753868113046,4,True,0.08873148305799997,price_family_ma12_structural_linked,MA12_PRICE_AFFORDABILITY,incumbent_demand_capital_markets__ma12_price_affordability,0.12100996383804508,-0.03227848078004511,0.03227848078004511,-0.04135638297872334,0.014964497556486808,-0.2145200531120423,-0.0010047281323877569,-0.032178007966806345,-0.00010047281323877569,-0.032278480780045124,1.3877787807814457e-17
district_of_columbia_dc__county,2016-12-31,-0.7696611429530684,-0.491440551378446,0.07372785101233376,0.0187967097532314,ma12_price_family_challenger,incumbent_dimension_history,incumbent_dimension_history,ma12_price_family_challenger,artifacts/regime/comparisons/price_family_structural_windows/price_family_ma12_structural_linked/phase2_chronology/chronology_monthly.csv,artifacts/regime/runs/macro_regime_v1_bps120_sources/dimension_scores.parquet,artifacts/regime/runs/macro_regime_v1_bps120_sources/dimension_scores.parquet,artifacts/regime/comparisons/price_family_structural_windows/price_family_ma12_structural_linked/phase2_chronology/chronology_monthly.csv,0.65,0.04792310315801694,0.15,0.00281950646298471,0.1,-0.07696611429530685,0.1,-0.0491440551378446,4,True,-0.07536755981214979,price_family_ma12_structural_linked,MA12_PRICE_AFFORDABILITY,incumbent_demand_capital_markets__ma12_price_affordability,-0.041560151452562234,-0.03380740835958756,0.03380740835958756,-0.5353411472697186,0.08796610169491527,-0.06916939194168387,-0.23431999568334982,-0.01037540879125258,-0.023431999568334985,-0.033807408359587565,6.938893903907228e-18
district_of_columbia_dc__county,2017-01-31,-0.8071780515117581,-0.1715612396276552,0.13694476819476814,0.3151489361702128,ma12_price_family_challenger,incumbent_dimension_history,incumbent_dimension_history,ma12_price_family_challenger,artifacts/regime/comparisons/price_family_structural_windows/price_family_ma12_structural_linked/phase2_chronology/chronology_monthly.csv,artifacts/regime/runs/macro_regime_v1_bps120_sources/dimension_scores.parquet,artifacts/regime/runs/macro_regime_v1_bps120_sources/dimension_scores.parquet,artifacts/regime/comparisons/price_family_structural_windows/price_family_ma12_structural_linked/phase2_chronology/chronology_monthly.csv,0.65,0.08901409932659929,0.15,0.04727234042553192,0.1,-0.08071780515117583,0.1,-0.017156123962765522,4,True,0.03841251063818985,price_family_ma12_structural_linked,MA12_PRICE_AFFORDABILITY,incumbent_demand_capital_markets__ma12_price_affordability,0.07321039564169468,-0.03479788500350483,0.03479788500350483,-0.2799752953813105,0.19566633210661316,0.11948260406359962,-0.5272027561304476,0.017922390609539943,-0.052720275613044765,-0.03479788500350482,-6.938893903907228e-18
district_of_columbia_dc__county,2017-02-28,-0.6108031674208144,-0.2735394040184632,0.1902931312253346,0.0562579185520362,ma12_price_family_challenger,incumbent_dimension_history,incumbent_dimension_history,ma12_price_family_challenger,artifacts/regime/comparisons/price_family_structural_windows/price_family_ma12_structural_linked/phase2_chronology/chronology_monthly.csv,artifacts/regime/runs/macro_regime_v1_bps120_sources/dimension_scores.parquet,artifacts/regime/runs/macro_regime_v1_bps120_sources/dimension_scores.parquet,artifacts/regime/comparisons/price_family_structural_windows/price_family_ma12_structural_linked/phase2_chronology/chronology_monthly.csv,0.65,0.1236905352964675,0.15,0.00843868778280543,0.1,-0.06108031674208145,0.1,-0.027353940401846324,4,True,0.04369496593534514,price_family_ma12_structural_linked,MA12_PRICE_AFFORDABILITY,incumbent_demand_capital_markets__ma12_price_affordability,0.12248758733080974,-0.0787926213954646,0.0787926213954646,0.36170135746606336,-0.06679428873611845,0.12305220728815465,-0.9725045248868778,0.018457831093223197,-0.09725045248868779,-0.07879262139546458,-1.3877787807814457e-17
district_of_columbia_dc__county,2017-03-31,-0.6890816326530612,-0.29228300163983295,0.1808506254094489,0.3168163265306122,ma12_price_family_challenger,incumbent_dimension_history,incumbent_dimension_history,ma12_price_family_challenger,artifacts/regime/comparisons/price_family_structural_windows/price_family_ma12_structural_linked/phase2_chronology/chronology_monthly.csv,artifacts/regime/runs/macro_regime_v1_bps120_sources/dimension_scores.parquet,artifacts/regime/runs/macro_regime_v1_bps120_sources/dimension_scores.parquet,artifacts/regime/comparisons/price_family_structural_windows/price_family_ma12_structural_linked/phase2_chronology/chronology_monthly.csv,0.65,0.1175529065161418,0.15,0.047522448979591826,0.1,-0.06890816326530612,0.1,-0.029228300163983298,4,True,0.06693889206644421,price_family_ma12_structural_linked,MA12_PRICE_AFFORDABILITY,incumbent_demand_capital_markets__ma12_price_affordability,0.11789969132411254,-0.05096079925766833,0.05096079925766833,-0.6019811463046756,0.5984879973494774,-0.28167167081886524,-0.08710048634838563,-0.042250750622829784,-0.008710048634838563,-0.050960799257668346,1.3877787807814457e-17
district_of_columbia_dc__county,2017-04-30,-0.4835872066267833,-0.021200297140778014,0.14746827246827246,0.2002926829268293,ma12_price_family_challenger,incumbent_dimension_history,incumbent_dimension_history,ma12_price_family_challenger,artifacts/regime/comparisons/price_family_structural_windows/price_family_ma12_structural_linked/phase2_chronology/chronology_monthly.csv,artifacts/regime/runs/macro_regime_v1_bps120_sources/dimension_scores.parquet,artifacts/regime/runs/macro_regime_v1_bps120_sources/dimension_scores.parquet,artifacts/regime/comparisons/price_family_structural_windows/price_family_ma12_structural_linked/phase2_chronology/chronology_monthly.csv,0.65,0.09585437710437711,0.15,0.030043902439024394,0.1,-0.04835872066267833,0.1,-0.0021200297140778015,4,True,0.07541952916664536,price_family_ma12_structural_linked,MA12_PRICE_AFFORDABILITY,incumbent_demand_capital_markets__ma12_price_affordability,0.090747423106001,-0.01532789393935563,0.01532789393935563,0.07091578462954438,-0.06719001831501833,0.26748270124184764,-0.5545029912563276,0.040122405186277146,-0.05545029912563276,-0.015327893939355616,-1.3877787807814457e-17
district_of_columbia_dc__county,2017-05-31,-0.5096591970121382,-0.15473611570288712,0.17038493913493913,0.1674285714285714,ma12_price_family_challenger,incumbent_dimension_history,incumbent_dimension_history,ma12_price_family_challenger,artifacts/regime/comparisons/price_family_structural_windows/price_family_ma12_structural_linked/phase2_chronology/chronology_monthly.csv,artifacts/regime/runs/macro_regime_v1_bps120_sources/dimension_scores.parquet,artifacts/regime/runs/macro_regime_v1_bps120_sources/dimension_scores.parquet,artifacts/regime/comparisons/price_family_structural_windows/price_family_ma12_structural_linked/phase2_chronology/chronology_monthly.csv,0.65,0.11075021043771044,0.15,0.02511428571428571,0.1,-0.05096591970121383,0.1,-0.015473611570288712,4,True,0.06942496488049359,price_family_ma12_structural_linked,MA12_PRICE_AFFORDABILITY,incumbent_demand_capital_markets__ma12_price_affordability,0.036146357201331,0.03327860767916259,0.03327860767916259,-0.7743851452530698,0.12205515239477509,0.04537341903379631,0.26472594824093154,0.006806012855069447,0.026472594824093157,0.0332786076791626,-1.3877787807814457e-17
district_of_columbia_dc__county,2017-06-30,-0.3484558464791022,-0.015153712699514252,0.051079383579383575,0.1121001788908765,ma12_price_family_challenger,incumbent_dimension_history,incumbent_dimension_history,ma12_price_family_challenger,artifacts/regime/comparisons/price_family_structural_windows/price_family_ma12_structural_linked/phase2_chronology/chronology_monthly.csv,artifacts/regime/runs/macro_regime_v1_bps120_sources/dimension_scores.parquet,artifacts/regime/runs/macro_regime_v1_bps120_sources/dimension_scores.parquet,artifacts/regime/comparisons/price_family_structural_windows/price_family_ma12_structural_linked/phase2_chronology/chronology_monthly.csv,0.65,0.03320159932659932,0.15,0.016815026833631477,0.1,-0.034845584647910224,0.1,-0.0015153712699514253,4,True,0.013655670242369146,price_family_ma12_structural_linked,MA12_PRICE_AFFORDABILITY,incumbent_demand_capital_markets__ma12_price_affordability,-0.012791633444469416,0.026447303686838564,0.026447303686838564,-0.42728055751311567,-0.011665371665371647,0.12376555055624816,0.07882471103401345,0.018564832583437222,0.007882471103401345,0.026447303686838567,-3.469446951953614e-18
district_of_columbia_dc__county,2017-07-31,-0.4617832639059054,-0.38979059218293666,0.18594049469049462,-0.1908478314138692,ma12_price_family_challenger,incumbent_dimension_history,incumbent_dimension_history,ma12_price_family_challenger,artifacts/regime/comparisons/price_family_structural_windows/price_family_ma12_structural_linked/phase2_chronology/chronology_monthly.csv,artifacts/regime/runs/macro_regime_v1_bps120_sources/dimension_scores.parquet,artifacts/regime/runs/macro_regime_v1_bps120_sources/dimension_scores.parquet,artifacts/regime/comparisons/price_family_structural_windows/price_family_ma12_structural_linked/phase2_chronology/chronology_monthly.csv,0.65,0.12086132154882151,0.15,-0.02862717471208038,0.1,-0.046178326390590545,0.1,-0.03897905921829367,4,True,0.007076761227856922,price_family_ma12_structural_linked,MA12_PRICE_AFFORDABILITY,incumbent_demand_capital_markets__ma12_price_affordability,0.008401112882960485,-0.001324351655103563,0.001324351655103563,-0.2799675324675325,-0.30322930800542736,0.11238147659155814,-0.18181573143837293,0.016857221488733722,-0.018181573143837292,-0.00132435165510357,6.938893903907228e-18
district_of_columbia_dc__county,2017-08-31,-0.1973489278752436,-0.04532703179529442,0.11955160580160577,-0.2628966861598441,ma12_price_family_challenger,incumbent_dimension_history,incumbent_dimension_history,ma12_price_family_challenger,artifacts/regime/comparisons/price_family_structural_windows/price_family_ma12_structural_linked/phase2_chronology/chronology_monthly.csv,artifacts/regime/runs/macro_regime_v1_bps120_sources/dimension_scores.parquet,artifacts/regime/runs/macro_regime_v1_bps120_sources/dimension_scores.parquet,artifacts/regime/comparisons/price_family_structural_windows/price_family_ma12_structural_linked/phase2_chronology/chronology_monthly.csv,0.65,0.07770854377104376,0.15,-0.03943450292397661,0.1,-0.019734892787524362,0.1,-0.0045327031795294416,4,True,0.01400644488001335,price_family_ma12_structural_linked,MA12_PRICE_AFFORDABILITY,incumbent_demand_capital_markets__ma12_price_affordability,0.030105060040487935,-0.016098615160474585,0.016098615160474585,0.26547619047619053,-0.4641226639909696,0.2012259778311255,-0.46282511835143414,0.030183896674668823,-0.04628251183514342,-0.016098615160474596,1.0408340855860843e-17
district_of_columbia_dc__county,2017-09-30,-0.1166907455363227,-0.027679825803233152,0.3863571613571613,-0.3799073190677389,ma12_price_family_challenger,incumbent_dimension_history,incumbent_dimension_history,ma12_price_family_challenger,artifacts/regime/comparisons/price_family_structural_windows/price_family_ma12_structural_linked/phase2_chronology/chronology_monthly.csv,artifacts/regime/runs/macro_regime_v1_bps120_sources/dimension_scores.parquet,artifacts/regime/runs/macro_regime_v1_bps120_sources/dimension_scores.parquet,artifacts/regime/comparisons/price_family_structural_windows/price_family_ma12_structural_linked/phase2_chronology/chronology_monthly.csv,0.65,0.25113215488215485,0.15,-0.05698609786016083,0.1,-0.01166907455363227,0.1,-0.0027679825803233154,4,True,0.1797089998880384,price_family_ma12_structural_linked,MA12_PRICE_AFFORDABILITY,incumbent_demand_capital_markets__ma12_price_affordability,0.21385054676166043,-0.03414154687362203,0.03414154687362203,0.6718377653278624,-0.6779826804863822,0.2980753614186433,-0.7885285108641851,0.044711304212796496,-0.07885285108641851,-0.03414154687362202,-1.3877787807814457e-17
district_of_columbia_dc__county,2017-10-31,-0.1640719179846478,-0.2951270293063462,0.035523828023828016,-0.4248724949770748,ma12_price_family_challenger,incumbent_dimension_history,incumbent_dimension_history,ma12_price_family_challenger,artifacts/regime/comparisons/price_family_structural_windows/price_family_ma12_structural_linked/phase2_chronology/chronology_monthly.csv,artifacts/regime/runs/macro_regime_v1_bps120_sources/dimension_scores.parquet,artifacts/regime/runs/macro_regime_v1_bps120_sources/dimension_scores.parquet,artifacts/regime/comparisons/price_family_structural_windows/price_family_ma12_structural_linked/phase2_chronology/chronology_monthly.csv,0.65,0.02309048821548821,0.15,-0.06373087424656122,0.1,-0.01640719179846478,0.1,-0.029512702930634623,4,True,-0.08656028076017241,price_family_ma12_structural_linked,MA12_PRICE_AFFORDABILITY,incumbent_demand_capital_markets__ma12_price_affordability,-0.02953541016522932,-0.05702487059494309,0.05702487059494309,-0.4510377159058408,0.1466038409366745,-0.5714763359137494,0.28696579792119303,-0.0857214503870624,0.028696579792119304,-0.0570248705949431,6.938893903907228e-18
district_of_columbia_dc__county,2017-11-30,-0.2055921052631579,-0.07473811936453416,0.298023828023828,-0.5185964912280703,ma12_price_family_challenger,incumbent_dimension_history,incumbent_dimension_history,ma12_price_family_challenger,artifacts/regime/comparisons/price_family_structural_windows/price_family_ma12_structural_linked/phase2_chronology/chronology_monthly.csv,artifacts/regime/runs/macro_regime_v1_bps120_sources/dimension_scores.parquet,artifacts/regime/runs/macro_regime_v1_bps120_sources/dimension_scores.parquet,artifacts/regime/comparisons/price_family_structural_windows/price_family_ma12_structural_linked/phase2_chronology/chronology_monthly.csv,0.65,0.1937154882154882,0.15,-0.07778947368421053,0.1,-0.02055921052631579,0.1,-0.007473811936453416,4,True,0.08789299206850847,price_family_ma12_structural_linked,MA12_PRICE_AFFORDABILITY,incumbent_demand_capital_markets__ma12_price_affordability,0.1266226030827952,-0.03872961101428672,0.03872961101428672,-0.07549435028248583,-0.34713092111994004,-0.17146557010813024,-0.13009775498067208,-0.025719835516219536,-0.013009775498067208,-0.03872961101428674,2.0816681711721685e-17
district_of_columbia_dc__county,2017-12-31,0.8277211845733206,-0.004415000528932574,0.29415674603174596,-0.4874793784104936,ma12_price_family_challenger,incumbent_dimension_history,incumbent_dimension_history,ma12_price_family_challenger,artifacts/regime/comparisons/price_family_structural_windows/price_family_ma12_structural_linked/phase2_chronology/chronology_monthly.csv,artifacts/regime/runs/macro_regime_v1_bps120_sources/dimension_scores.parquet,artifacts/regime/runs/macro_regime_v1_bps120_sources/dimension_scores.parquet,artifacts/regime/comparisons/price_family_structural_windows/price_family_ma12_structural_linked/phase2_chronology/chronology_monthly.csv,0.65,0.1912018849206349,0.15,-0.07312190676157404,0.1,0.08277211845733207,0.1,-0.00044150005289325737,4,True,0.20041059656349966,price_family_ma12_structural_linked,MA12_PRICE_AFFORDABILITY,incumbent_demand_capital_markets__ma12_price_affordability,0.2686571106557248,-0.06824651409222512,0.06824651409222512,0.6644719527155123,0.07633020344287952,-0.5638095818533732,0.16324923185780826,-0.08457143727800596,0.016324923185780826,-0.06824651409222514,1.3877787807814457e-17
district_of_columbia_dc__county,2018-01-31,0.8084352104975396,-0.21506266948098487,0.19582341269841266,-0.5818326954620011,ma12_price_family_challenger,incumbent_dimension_history,incumbent_dimension_history,ma12_price_family_challenger,artifacts/regime/comparisons/price_family_structural_windows/price_family_ma12_structural_linked/phase2_chronology/chronology_monthly.csv,artifacts/regime/runs/macro_regime_v1_bps120_sources/dimension_scores.parquet,artifacts/regime/runs/macro_regime_v1_bps120_sources/dimension_scores.parquet,artifacts/regime/comparisons/price_family_structural_windows/price_family_ma12_structural_linked/phase2_chronology/chronology_monthly.csv,0.65,0.12728521825396824,0.15,-0.08727490431930017,0.1,0.08084352104975397,0.1,-0.021506266948098488,4,True,0.09934756803632355,price_family_ma12_structural_linked,MA12_PRICE_AFFORDABILITY,incumbent_demand_capital_markets__ma12_price_affordability,0.09436017285760845,0.004987395178715104,0.004987395178715104,0.940855631940772,-0.7033622776155901,0.121529582153589,-0.1324204214432324,0.01822943732303835,-0.013242042144323242,0.004987395178715109,-5.204170427930421e-18
district_of_columbia_dc__county,2018-02-28,0.6236881419234359,-0.42158242869989726,0.4423511904761904,-0.5434547152194212,ma12_price_family_challenger,incumbent_dimension_history,incumbent_dimension_history,ma12_price_family_challenger,artifacts/regime/comparisons/price_family_structural_windows/price_family_ma12_structural_linked/phase2_chronology/chronology_monthly.csv,artifacts/regime/runs/macro_regime_v1_bps120_sources/dimension_scores.parquet,artifacts/regime/runs/macro_regime_v1_bps120_sources/dimension_scores.parquet,artifacts/regime/comparisons/price_family_structural_windows/price_family_ma12_structural_linked/phase2_chronology/chronology_monthly.csv,0.65,0.2875282738095238,0.15,-0.08151820728291319,0.1,0.062368814192343594,0.1,-0.04215824286998973,4,True,0.22622063784896443,price_family_ma12_structural_linked,MA12_PRICE_AFFORDABILITY,incumbent_demand_capital_markets__ma12_price_affordability,0.3149276342693294,-0.08870699642036498,0.08870699642036498,0.3120478298846421,0.2556854689422078,-0.799140184161629,0.31164031203879383,-0.11987102762424434,0.031164031203879384,-0.08870699642036496,-1.3877787807814457e-17
district_of_columbia_dc__county,2018-03-31,0.4137748266078184,-0.22608408143069197,0.26012896825396825,-0.565609237074401,ma12_price_family_challenger,incumbent_dimension_history,incumbent_dimension_history,ma12_price_family_challenger,artifacts/regime/comparisons/price_family_structural_windows/price_family_ma12_structural_linked/phase2_chronology/chronology_monthly.csv,artifacts/regime/runs/macro_regime_v1_bps120_sources/dimension_scores.parquet,artifacts/regime/runs/macro_regime_v1_bps120_sources/dimension_scores.parquet,artifacts/regime/comparisons/price_family_structural_windows/price_family_ma12_structural_linked/phase2_chronology/chronology_monthly.csv,0.65,0.16908382936507937,0.15,-0.08484138556116015,0.1,0.04137748266078184,0.1,-0.0226084081430692,4,True,0.10301151832163186,price_family_ma12_structural_linked,MA12_PRICE_AFFORDABILITY,incumbent_demand_capital_markets__ma12_price_affordability,0.21487417608951506,-0.1118626577678832,0.1118626577678832,0.2936336233211233,0.2602359502359502,-0.8258451873103512,0.12014120328669509,-0.12387677809655268,0.01201412032866951,-0.11186265776788316,-4.163336342344337e-17
district_of_columbia_dc__county,2018-04-30,0.1860808090266398,-0.2069071021875936,0.3517956349206349,-0.2357132824570438,ma12_price_family_challenger,incumbent_dimension_history,incumbent_dimension_history,ma12_price_family_challenger,artifacts/regime/comparisons/price_family_structural_windows/price_family_ma12_structural_linked/phase2_chronology/chronology_monthly.csv,artifacts/regime/runs/macro_regime_v1_bps120_sources/dimension_scores.parquet,artifacts/regime/runs/macro_regime_v1_bps120_sources/dimension_scores.parquet,artifacts/regime/comparisons/price_family_structural_windows/price_family_ma12_structural_linked/phase2_chronology/chronology_monthly.csv,0.65,0.2286671626984127,0.15,-0.035356992368556564,0.1,0.01860808090266398,0.1,-0.02069071021875936,4,True,0.19122754101376077,price_family_ma12_structural_linked,MA12_PRICE_AFFORDABILITY,incumbent_demand_capital_markets__ma12_price_affordability,0.2406769260874755,-0.04944938507371474,0.04944938507371474,-0.45617289550072576,0.5221184210526316,-0.7578317035096754,0.6422537045273655,-0.11367475552645132,0.06422537045273656,-0.049449385073714755,1.3877787807814457e-17
district_of_columbia_dc__county,2018-05-31,0.1523809523809524,-0.3679524496576427,0.20124007936507932,-0.1595555555555556,ma12_price_family_challenger,incumbent_dimension_history,incumbent_dimension_history,ma12_price_family_challenger,artifacts/regime/comparisons/price_family_structural_windows/price_family_ma12_structural_linked/phase2_chronology/chronology_monthly.csv,artifacts/regime/runs/macro_regime_v1_bps120_sources/dimension_scores.parquet,artifacts/regime/runs/macro_regime_v1_bps120_sources/dimension_scores.parquet,artifacts/regime/comparisons/price_family_structural_windows/price_family_ma12_structural_linked/phase2_chronology/chronology_monthly.csv,0.65,0.13080605158730155,0.15,-0.023933333333333338,0.1,0.01523809523809524,0.1,-0.03679524496576427,4,True,0.08531556852629918,price_family_ma12_structural_linked,MA12_PRICE_AFFORDABILITY,incumbent_demand_capital_markets__ma12_price_affordability,0.11205342715889466,-0.02673785863259548,0.02673785863259548,-0.20685314685314682,0.2581862348178137,-0.41774179037336934,0.3592340992340992,-0.0626612685560054,0.03592340992340992,-0.02673785863259548,0.0
district_of_columbia_dc__county,2018-06-30,0.1102518656716418,-0.181509324009324,0.1997678571428571,-0.084340909090909,ma12_price_family_challenger,incumbent_dimension_history,incumbent_dimension_history,ma12_price_family_challenger,artifacts/regime/comparisons/price_family_structural_windows/price_family_ma12_structural_linked/phase2_chronology/chronology_monthly.csv,artifacts/regime/runs/macro_regime_v1_bps120_sources/dimension_scores.parquet,artifacts/regime/runs/macro_regime_v1_bps120_sources/dimension_scores.parquet,artifacts/regime/comparisons/price_family_structural_windows/price_family_ma12_structural_linked/phase2_chronology/chronology_monthly.csv,0.65,0.12984910714285713,0.15,-0.012651136363636349,0.1,0.011025186567164181,0.1,-0.018150932400932403,4,True,0.11007222494545255,price_family_ma12_structural_linked,MA12_PRICE_AFFORDABILITY,incumbent_demand_capital_markets__ma12_price_affordability,0.07566294976789378,0.03440927517755876,0.03440927517755876,-0.2873722297602894,-0.048653346653346696,-0.0356875624375623,0.3976240954319312,-0.005353134365634345,0.03976240954319313,0.03440927517755878,-2.0816681711721685e-17
district_of_columbia_dc__county,2018-07-31,0.2345895281189399,-0.136425427793622,0.4190178571428571,-0.2044395604395604,ma12_price_family_challenger,incumbent_dimension_history,incumbent_dimension_history,ma12_price_family_challenger,artifacts/regime/comparisons/price_family_structural_windows/price_family_ma12_structural_linked/phase2_chronology/chronology_monthly.csv,artifacts/regime/runs/macro_regime_v1_bps120_sources/dimension_scores.parquet,artifacts/regime/runs/macro_regime_v1_bps120_sources/dimension_scores.parquet,artifacts/regime/comparisons/price_family_structural_windows/price_family_ma12_structural_linked/phase2_chronology/chronology_monthly.csv,0.65,0.2723616071428571,0.15,-0.03066593406593406,0.1,0.02345895281189399,0.1,-0.0136425427793622,4,True,0.25151208310945483,price_family_ma12_structural_linked,MA12_PRICE_AFFORDABILITY,incumbent_demand_capital_markets__ma12_price_affordability,0.28163406558902837,-0.03012198247957354,0.03012198247957354,0.17721058572682813,0.03462628435233761,-0.23906584479189802,0.057378942392111776,-0.035859876718784704,0.005737894239211178,-0.030121982479573525,-1.3877787807814457e-17
district_of_columbia_dc__county,2018-08-31,0.1589279522917967,-0.23202396378993081,0.08171230158730158,-0.1009696969696969,ma12_price_family_challenger,incumbent_dimension_history,incumbent_dimension_history,ma12_price_family_challenger,artifacts/regime/comparisons/price_family_structural_windows/price_family_ma12_structural_linked/phase2_chronology/chronology_monthly.csv,artifacts/regime/runs/macro_regime_v1_bps120_sources/dimension_scores.parquet,artifacts/regime/runs/macro_regime_v1_bps120_sources/dimension_scores.parquet,artifacts/regime/comparisons/price_family_structural_windows/price_family_ma12_structural_linked/phase2_chronology/chronology_monthly.csv,0.65,0.05311299603174603,0.15,-0.015145454545454535,0.1,0.015892795229179673,0.1,-0.023202396378993084,4,True,0.030657940336478093,price_family_ma12_structural_linked,MA12_PRICE_AFFORDABILITY,incumbent_demand_capital_markets__ma12_price_affordability,0.07089119294009252,-0.04023325260361443,0.04023325260361443,0.30944945483914393,0.06690431868950114,-0.16787401565919804,-0.15052150254734722,-0.025181102348879707,-0.015052150254734723,-0.04023325260361443,0.0
district_of_columbia_dc__county,2018-09-30,0.0442063083596794,-0.3532855620787127,0.30410119047619044,-0.0595841482243952,ma12_price_family_challenger,incumbent_dimension_history,incumbent_dimension_history,ma12_price_family_challenger,artifacts/regime/comparisons/price_family_structural_windows/price_family_ma12_structural_linked/phase2_chronology/chronology_monthly.csv,artifacts/regime/runs/macro_regime_v1_bps120_sources/dimension_scores.parquet,artifacts/regime/runs/macro_regime_v1_bps120_sources/dimension_scores.parquet,artifacts/regime/comparisons/price_family_structural_windows/price_family_ma12_structural_linked/phase2_chronology/chronology_monthly.csv,0.65,0.1976657738095238,0.15,-0.00893762223365928,0.1,0.00442063083596794,0.1,-0.03532855620787127,4,True,0.1578202262039612,price_family_ma12_structural_linked,MA12_PRICE_AFFORDABILITY,incumbent_demand_capital_markets__ma12_price_affordability,0.1566678102418404,0.0011524159621207897,0.0011524159621207897,0.5332012565145998,-0.39326355340848096,0.3336794051840858,-0.4889949481549204,0.05005191077761287,-0.048899494815492044,0.0011524159621208244,-3.469446951953614e-17
district_of_columbia_dc__county,2018-10-31,-0.1361673430412986,-0.4566067356672398,0.3269345238095238,0.1675852442671984,ma12_price_family_challenger,incumbent_dimension_history,incumbent_dimension_history,ma12_price_family_challenger,artifacts/regime/comparisons/price_family_structural_windows/price_family_ma12_structural_linked/phase2_chronology/chronology_monthly.csv,artifacts/regime/runs/macro_regime_v1_bps120_sources/dimension_scores.parquet,artifacts/regime/runs/macro_regime_v1_bps120_sources/dimension_scores.parquet,artifacts/regime/comparisons/price_family_structural_windows/price_family_ma12_structural_linked/phase2_chronology/chronology_monthly.csv,0.65,0.2125074404761905,0.15,0.02513778664007976,0.1,-0.01361673430412986,0.1,-0.045660673566723986,4,True,0.17836781924541642,price_family_ma12_structural_linked,MA12_PRICE_AFFORDABILITY,incumbent_demand_capital_markets__ma12_price_affordability,0.23583116773359275,-0.05746334848817633,0.05746334848817633,-0.4431734133615251,0.7553449477351917,-0.5877597034679933,0.30700607032022653,-0.088163955520199,0.030700607032022653,-0.057463348488176344,1.3877787807814457e-17
district_of_columbia_dc__county,2018-11-30,-0.1896980676328502,-0.26158843529759124,0.28749007936507937,0.1600579710144928,ma12_price_family_challenger,incumbent_dimension_history,incumbent_dimension_history,ma12_price_family_challenger,artifacts/regime/comparisons/price_family_structural_windows/price_family_ma12_structural_linked/phase2_chronology/chronology_monthly.csv,artifacts/regime/runs/macro_regime_v1_bps120_sources/dimension_scores.parquet,artifacts/regime/runs/macro_regime_v1_bps120_sources/dimension_scores.parquet,artifacts/regime/comparisons/price_family_structural_windows/price_family_ma12_structural_linked/phase2_chronology/chronology_monthly.csv,0.65,0.1868685515873016,0.15,0.02400869565217392,0.1,-0.01896980676328502,0.1,-0.026158843529759127,4,True,0.16574859694643135,price_family_ma12_structural_linked,MA12_PRICE_AFFORDABILITY,incumbent_demand_capital_markets__ma12_price_affordability,0.11631662904275436,0.04943196790367699,0.04943196790367699,-0.0992957746478873,-0.22975667699999588,0.3898146480144887,-0.09040229298496288,0.058472197202173296,-0.009040229298496289,0.04943196790367701,-2.0816681711721685e-17
district_of_columbia_dc__county,2018-12-31,0.2366160854640531,0.014282929676101544,0.09863984871337811,0.0361739437297488,ma12_price_family_challenger,incumbent_dimension_history,incumbent_dimension_history,ma12_price_family_challenger,artifacts/regime/comparisons/price_family_structural_windows/price_family_ma12_structural_linked/phase2_chronology/chronology_monthly.csv,artifacts/regime/runs/macro_regime_v1_bps120_sources/dimension_scores.parquet,artifacts/regime/runs/macro_regime_v1_bps120_sources/dimension_scores.parquet,artifacts/regime/comparisons/price_family_structural_windows/price_family_ma12_structural_linked/phase2_chronology/chronology_monthly.csv,0.65,0.06411590166369577,0.15,0.00542609155946232,0.1,0.02366160854640531,0.1,0.0014282929676101546,4,True,0.09463189473717355,price_family_ma12_structural_linked,MA12_PRICE_AFFORDABILITY,incumbent_demand_capital_markets__ma12_price_affordability,0.046567137578868545,0.04806475715830501,0.04806475715830501,0.01771652069765703,-0.13832472748135394,0.17449867121110274,0.21889956476639608,0.02617480068166541,0.02188995647663961,0.04806475715830502,-1.3877787807814457e-17
district_of_columbia_dc__county,2019-01-31,0.2831501651583433,-0.057121244461384536,-0.06366570684217741,0.0881399363925488,ma12_price_family_challenger,incumbent_dimension_history,incumbent_dimension_history,ma12_price_family_challenger,artifacts/regime/comparisons/price_family_structural_windows/price_family_ma12_structural_linked/phase2_chronology/chronology_monthly.csv,artifacts/regime/runs/macro_regime_v1_bps120_sources/dimension_scores.parquet,artifacts/regime/runs/macro_regime_v1_bps120_sources/dimension_scores.parquet,artifacts/regime/comparisons/price_family_structural_windows/price_family_ma12_structural_linked/phase2_chronology/chronology_monthly.csv,0.65,-0.041382709447415324,0.15,0.01322099045888232,0.1,0.028315016515834332,0.1,-0.005712124446138454,4,True,-0.005558826918837126,price_family_ma12_structural_linked,MA12_PRICE_AFFORDABILITY,incumbent_demand_capital_markets__ma12_price_affordability,0.029064564516059085,-0.03462339143489621,0.03462339143489621,0.419152404724654,0.22829438624764975,-0.14015444985510095,-0.1360022395663107,-0.02102316747826514,-0.01360022395663107,-0.03462339143489621,0.0
district_of_columbia_dc__county,2019-02-28,0.3136507936507936,-0.04477388836329233,0.2679454042689336,0.2047301587301587,ma12_price_family_challenger,incumbent_dimension_history,incumbent_dimension_history,ma12_price_family_challenger,artifacts/regime/comparisons/price_family_structural_windows/price_family_ma12_structural_linked/phase2_chronology/chronology_monthly.csv,artifacts/regime/runs/macro_regime_v1_bps120_sources/dimension_scores.parquet,artifacts/regime/runs/macro_regime_v1_bps120_sources/dimension_scores.parquet,artifacts/regime/comparisons/price_family_structural_windows/price_family_ma12_structural_linked/phase2_chronology/chronology_monthly.csv,0.65,0.17416451277480685,0.15,0.030709523809523805,0.1,0.03136507936507937,0.1,-0.004477388836329233,4,True,0.2317617271130808,price_family_ma12_structural_linked,MA12_PRICE_AFFORDABILITY,incumbent_demand_capital_markets__ma12_price_affordability,0.19204897200894402,0.03971275510413677,0.03971275510413677,-0.1558043758043758,0.25294857100602663,-0.04821841227586793,0.4694551694551694,-0.0072327618413801885,0.04694551694551694,0.03971275510413676,1.3877787807814457e-17
district_of_columbia_dc__county,2019-03-31,0.2136941240086517,0.114706833834691,0.26072318204671147,0.1606306777217015,ma12_price_family_challenger,incumbent_dimension_history,incumbent_dimension_history,ma12_price_family_challenger,artifacts/regime/comparisons/price_family_structural_windows/price_family_ma12_structural_linked/phase2_chronology/chronology_monthly.csv,artifacts/regime/runs/macro_regime_v1_bps120_sources/dimension_scores.parquet,artifacts/regime/runs/macro_regime_v1_bps120_sources/dimension_scores.parquet,artifacts/regime/comparisons/price_family_structural_windows/price_family_ma12_structural_linked/phase2_chronology/chronology_monthly.csv,0.65,0.16947006833036246,0.15,0.024094601658255225,0.1,0.021369412400865172,0.1,0.0114706833834691,4,True,0.22640476577295196,price_family_ma12_structural_linked,MA12_PRICE_AFFORDABILITY,incumbent_demand_capital_markets__ma12_price_affordability,0.18981714250787762,0.03658762326507434,0.03658762326507434,0.29593311403508776,-0.13811280406308477,0.29874348178478627,-0.08223899002643606,0.04481152226771794,-0.008223899002643606,0.03658762326507433,6.938893903907228e-18
district_of_columbia_dc__county,2019-04-30,0.3463995463995464,0.10875448771057716,0.15094540426893366,-0.2167333747333747,ma12_price_family_challenger,incumbent_dimension_history,incumbent_dimension_history,ma12_price_family_challenger,artifacts/regime/comparisons/price_family_structural_windows/price_family_ma12_structural_linked/phase2_chronology/chronology_monthly.csv,artifacts/regime/runs/macro_regime_v1_bps120_sources/dimension_scores.parquet,artifacts/regime/runs/macro_regime_v1_bps120_sources/dimension_scores.parquet,artifacts/regime/comparisons/price_family_structural_windows/price_family_ma12_structural_linked/phase2_chronology/chronology_monthly.csv,0.65,0.09811451277480689,0.15,-0.0325100062100062,0.1,0.03463995463995464,0.1,0.010875448771057717,4,True,0.11111990997581304,price_family_ma12_structural_linked,MA12_PRICE_AFFORDABILITY,incumbent_demand_capital_markets__ma12_price_affordability,0.13475456128369484,-0.023634651307881796,0.023634651307881796,0.21075398285924596,0.03126134301270417,-0.24799471774607887,0.13564556354030044,-0.03719920766191183,0.013564556354030045,-0.023634651307881782,-1.3877787807814457e-17
district_of_columbia_dc__county,2019-05-31,0.4392587412587413,0.2033343430762785,0.05225095982448925,-0.4233566433566434,ma12_price_family_challenger,incumbent_dimension_history,incumbent_dimension_history,ma12_price_family_challenger,artifacts/regime/comparisons/price_family_structural_windows/price_family_ma12_structural_linked/phase2_chronology/chronology_monthly.csv,artifacts/regime/runs/macro_regime_v1_bps120_sources/dimension_scores.parquet,artifacts/regime/runs/macro_regime_v1_bps120_sources/dimension_scores.parquet,artifacts/regime/comparisons/price_family_structural_windows/price_family_ma12_structural_linked/phase2_chronology/chronology_monthly.csv,0.65,0.03396312388591801,0.15,-0.06350349650349651,0.1,0.043925874125874134,0.1,0.02033343430762785,4,True,0.03471893581592348,price_family_ma12_structural_linked,MA12_PRICE_AFFORDABILITY,incumbent_demand_capital_markets__ma12_price_affordability,0.03444817623842232,0.00027075957750116036,0.00027075957750116036,0.2531468531468531,-0.301087115132059,-0.12226952822458442,0.18611188811188822,-0.01834042923368766,0.01861118881118882,0.00027075957750116036,0.0
district_of_columbia_dc__county,2019-06-30,0.5808028478526754,0.38192584780810584,0.1239176264911559,-0.4426346018077501,ma12_price_family_challenger,incumbent_dimension_history,incumbent_dimension_history,ma12_price_family_challenger,artifacts/regime/comparisons/price_family_structural_windows/price_family_ma12_structural_linked/phase2_chronology/chronology_monthly.csv,artifacts/regime/runs/macro_regime_v1_bps120_sources/dimension_scores.parquet,artifacts/regime/runs/macro_regime_v1_bps120_sources/dimension_scores.parquet,artifacts/regime/comparisons/price_family_structural_windows/price_family_ma12_structural_linked/phase2_chronology/chronology_monthly.csv,0.65,0.08054645721925134,0.15,-0.06639519027116252,0.1,0.05808028478526755,0.1,0.038192584780810584,4,True,0.11042413651416697,price_family_ma12_structural_linked,MA12_PRICE_AFFORDABILITY,incumbent_demand_capital_markets__ma12_price_affordability,0.11214119244059909,-0.0017170559264321206,0.0017170559264321206,0.1637198622273249,-0.1531322385479689,-0.2895023632597812,0.4170829856253505,-0.04342535448896718,0.04170829856253505,-0.0017170559264321275,6.938893903907228e-18
district_of_columbia_dc__county,2019-07-31,0.5812690985485103,0.26808927334470933,0.2691398487133781,-0.4682872421695951,ma12_price_family_challenger,incumbent_dimension_history,incumbent_dimension_history,ma12_price_family_challenger,artifacts/regime/comparisons/price_family_structural_windows/price_family_ma12_structural_linked/phase2_chronology/chronology_monthly.csv,artifacts/regime/runs/macro_regime_v1_bps120_sources/dimension_scores.parquet,artifacts/regime/runs/macro_regime_v1_bps120_sources/dimension_scores.parquet,artifacts/regime/comparisons/price_family_structural_windows/price_family_ma12_structural_linked/phase2_chronology/chronology_monthly.csv,0.65,0.17494090166369577,0.15,-0.07024308632543927,0.1,0.05812690985485103,0.1,0.026808927334470933,4,True,0.18963365252757847,price_family_ma12_structural_linked,MA12_PRICE_AFFORDABILITY,incumbent_demand_capital_markets__ma12_price_affordability,0.21994511066487427,-0.0303114581372958,0.0303114581372958,0.5321062918838422,-0.2334356501445109,-0.2348515920250842,0.0491628066646681,-0.03522773880376263,0.004916280666466811,-0.030311458137295817,1.734723475976807e-17
district_of_columbia_dc__county,2019-08-31,0.540901771336554,0.5435446627473026,0.20947318204671148,-0.4223311449688261,ma12_price_family_challenger,incumbent_dimension_history,incumbent_dimension_history,ma12_price_family_challenger,artifacts/regime/comparisons/price_family_structural_windows/price_family_ma12_structural_linked/phase2_chronology/chronology_monthly.csv,artifacts/regime/runs/macro_regime_v1_bps120_sources/dimension_scores.parquet,artifacts/regime/runs/macro_regime_v1_bps120_sources/dimension_scores.parquet,artifacts/regime/comparisons/price_family_structural_windows/price_family_ma12_structural_linked/phase2_chronology/chronology_monthly.csv,0.65,0.13615756833036247,0.15,-0.06334967174532391,0.1,0.05409017713365541,0.1,0.05435446627473026,4,True,0.18125253999342422,price_family_ma12_structural_linked,MA12_PRICE_AFFORDABILITY,incumbent_demand_capital_markets__ma12_price_affordability,0.19977949433269737,-0.01852695433927315,0.01852695433927315,0.49430622651637146,-0.2677544194935499,-0.15457672547527623,0.04659554482018258,-0.023186508821291436,0.0046595544820182576,-0.018526954339273177,2.7755575615628914e-17
district_of_columbia_dc__county,2019-09-30,0.3800357253120451,0.39199693755696685,0.43725095982448925,-0.2159452211881974,ma12_price_family_challenger,incumbent_dimension_history,incumbent_dimension_history,ma12_price_family_challenger,artifacts/regime/comparisons/price_family_structural_windows/price_family_ma12_structural_linked/phase2_chronology/chronology_monthly.csv,artifacts/regime/runs/macro_regime_v1_bps120_sources/dimension_scores.parquet,artifacts/regime/runs/macro_regime_v1_bps120_sources/dimension_scores.parquet,artifacts/regime/comparisons/price_family_structural_windows/price_family_ma12_structural_linked/phase2_chronology/chronology_monthly.csv,0.65,0.284213123885918,0.15,-0.032391783178229605,0.1,0.03800357253120451,0.1,0.039199693755696687,4,True,0.32902460699458963,price_family_ma12_structural_linked,MA12_PRICE_AFFORDABILITY,incumbent_demand_capital_markets__ma12_price_affordability,0.39973937267946635,-0.07071476568487672,0.07071476568487672,0.28196068309889455,0.3208699115197479,-0.5368151327079453,0.09807504221315055,-0.0805222699061918,0.009807504221315056,-0.07071476568487674,1.3877787807814457e-17
district_of_columbia_dc__county,2019-10-31,0.3795702528423553,0.23175831208567055,0.11211207093560034,-0.3222925504836246,ma12_price_family_challenger,incumbent_dimension_history,incumbent_dimension_history,ma12_price_family_challenger,artifacts/regime/comparisons/price_family_structural_windows/price_family_ma12_structural_linked/phase2_chronology/chronology_monthly.csv,artifacts/regime/runs/macro_regime_v1_bps120_sources/dimension_scores.parquet,artifacts/regime/runs/macro_regime_v1_bps120_sources/dimension_scores.parquet,artifacts/regime/comparisons/price_family_structural_windows/price_family_ma12_structural_linked/phase2_chronology/chronology_monthly.csv,0.65,0.07287284610814022,0.15,-0.04834388257254369,0.1,0.03795702528423553,0.1,0.023175831208567057,4,True,0.08566182002839912,price_family_ma12_structural_linked,MA12_PRICE_AFFORDABILITY,incumbent_demand_capital_markets__ma12_price_affordability,0.12087438684309695,-0.03521256681469784,0.03521256681469784,0.5731570735018396,-0.216599985491962,-0.1056925649916626,-0.19358682065948435,-0.01585388474874939,-0.019358682065948436,-0.035212566814697824,-1.3877787807814457e-17
district_of_columbia_dc__county,2019-11-30,0.2584656084656085,0.25703159625244903,0.4511398487133781,-0.1357742504409171,ma12_price_family_challenger,incumbent_dimension_history,incumbent_dimension_history,ma12_price_family_challenger,artifacts/regime/comparisons/price_family_structural_windows/price_family_ma12_structural_linked/phase2_chronology/chronology_monthly.csv,artifacts/regime/runs/macro_regime_v1_bps120_sources/dimension_scores.parquet,artifacts/regime/runs/macro_regime_v1_bps120_sources/dimension_scores.parquet,artifacts/regime/comparisons/price_family_structural_windows/price_family_ma12_structural_linked/phase2_chronology/chronology_monthly.csv,0.65,0.29324090166369576,0.15,-0.020366137566137563,0.1,0.025846560846560854,0.1,0.025703159625244904,4,True,0.3244244845693639,price_family_ma12_structural_linked,MA12_PRICE_AFFORDABILITY,incumbent_demand_capital_markets__ma12_price_affordability,0.33788091576170287,-0.013456431192338969,0.013456431192338969,-0.22745983935742978,0.27788558939003494,-0.413659839830952,0.48592544782303826,-0.062048975974642796,0.04859254478230383,-0.013456431192338969,0.0
district_of_columbia_dc__county,2019-12-31,0.884790000196537,0.08276816195077065,0.08856481481481479,-0.177101118295631,ma12_price_family_challenger,incumbent_dimension_history,incumbent_dimension_history,ma12_price_family_challenger,artifacts/regime/comparisons/price_family_structural_windows/price_family_ma12_structural_linked/phase2_chronology/chronology_monthly.csv,artifacts/regime/runs/macro_regime_v1_bps120_sources/dimension_scores.parquet,artifacts/regime/runs/macro_regime_v1_bps120_sources/dimension_scores.parquet,artifacts/regime/comparisons/price_family_structural_windows/price_family_ma12_structural_linked/phase2_chronology/chronology_monthly.csv,0.65,0.057567129629629614,0.15,-0.02656516774434465,0.1,0.0884790000196537,0.1,0.008276816195077065,4,True,0.12775777810001573,price_family_ma12_structural_linked,MA12_PRICE_AFFORDABILITY,incumbent_demand_capital_markets__ma12_price_affordability,0.12828156659399492,-0.0005237884939791881,0.0005237884939791881,0.44078316258010053,0.12239536340852131,-0.29949648170415233,0.44400683761643644,-0.04492447225562285,0.04440068376164365,-0.000523788493979202,1.3877787807814457e-17
district_of_columbia_dc__county,2020-01-31,0.8812037590967263,0.3561668931353651,0.3487037037037037,-0.1284833059453401,ma12_price_family_challenger,incumbent_dimension_history,incumbent_dimension_history,ma12_price_family_challenger,artifacts/regime/comparisons/price_family_structural_windows/price_family_ma12_structural_linked/phase2_chronology/chronology_monthly.csv,artifacts/regime/runs/macro_regime_v1_bps120_sources/dimension_scores.parquet,artifacts/regime/runs/macro_regime_v1_bps120_sources/dimension_scores.parquet,artifacts/regime/comparisons/price_family_structural_windows/price_family_ma12_structural_linked/phase2_chronology/chronology_monthly.csv,0.65,0.2266574074074074,0.15,-0.019272495891801016,0.1,0.08812037590967264,0.1,0.03561668931353651,4,True,0.33112197673881555,price_family_ma12_structural_linked,MA12_PRICE_AFFORDABILITY,incumbent_demand_capital_markets__ma12_price_affordability,0.28067141411498764,0.05045056262382791,0.05045056262382791,0.9066391836432877,-0.4817773398019002,0.3532940338565601,-0.025435424546561336,0.05299410507848402,-0.0025435424546561337,0.05045056262382788,2.7755575615628914e-17
district_of_columbia_dc__county,2020-02-29,0.8976124794745485,0.524769426746576,0.332037037037037,-0.274328407224959,ma12_price_family_challenger,incumbent_dimension_history,incumbent_dimension_history,ma12_price_family_challenger,artifacts/regime/comparisons/price_family_structural_windows/price_family_ma12_structural_linked/phase2_chronology/chronology_monthly.csv,artifacts/regime/runs/macro_regime_v1_bps120_sources/dimension_scores.parquet,artifacts/regime/runs/macro_regime_v1_bps120_sources/dimension_scores.parquet,artifacts/regime/comparisons/price_family_structural_windows/price_family_ma12_structural_linked/phase2_chronology/chronology_monthly.csv,0.65,0.21582407407407406,0.15,-0.041149261083743845,0.1,0.08976124794745485,0.1,0.052476942674657606,4,True,0.3169130036124427,price_family_ma12_structural_linked,MA12_PRICE_AFFORDABILITY,incumbent_demand_capital_markets__ma12_price_affordability,0.37606021921757293,-0.059147215605130254,0.059147215605130254,0.5793456295108259,0.3321642634517245,-0.6064926706766836,0.31826684996372256,-0.09097390060150252,0.031826684996372256,-0.05914721560513027,1.3877787807814457e-17
district_of_columbia_dc__county,2020-03-31,0.7274401913875599,0.3312751402112951,-0.1546296296296296,-0.2685437658316915,ma12_price_family_challenger,incumbent_dimension_history,incumbent_dimension_history,ma12_price_family_challenger,artifacts/regime/comparisons/price_family_structural_windows/price_family_ma12_structural_linked/phase2_chronology/chronology_monthly.csv,artifacts/regime/runs/macro_regime_v1_bps120_sources/dimension_scores.parquet,artifacts/regime/runs/macro_regime_v1_bps120_sources/dimension_scores.parquet,artifacts/regime/comparisons/price_family_structural_windows/price_family_ma12_structural_linked/phase2_chronology/chronology_monthly.csv,0.65,-0.10050925925925924,0.15,-0.04028156487475372,0.1,0.07274401913875599,0.1,0.03312751402112951,4,True,-0.03491929097412745,price_family_ma12_structural_linked,MA12_PRICE_AFFORDABILITY,incumbent_demand_capital_markets__ma12_price_affordability,0.06490827504320507,-0.09982756601733252,0.09982756601733252,0.43538607490513126,0.5916760852721444,-0.8602198511038359,0.2920541164824286,-0.1290329776655754,0.029205411648242863,-0.09982756601733253,1.3877787807814457e-17
district_of_columbia_dc__county,2020-04-30,0.6925977080144836,0.493522656861211,-0.32740740740740737,-0.1241899083409404,ma12_price_family_challenger,incumbent_dimension_history,incumbent_dimension_history,ma12_price_family_challenger,artifacts/regime/comparisons/price_family_structural_windows/price_family_ma12_structural_linked/phase2_chronology/chronology_monthly.csv,artifacts/regime/runs/macro_regime_v1_bps120_sources/dimension_scores.parquet,artifacts/regime/runs/macro_regime_v1_bps120_sources/dimension_scores.parquet,artifacts/regime/comparisons/price_family_structural_windows/price_family_ma12_structural_linked/phase2_chronology/chronology_monthly.csv,0.65,-0.2128148148148148,0.15,-0.01862848625114106,0.1,0.06925977080144836,0.1,0.049352265686121104,4,True,-0.11283126457838638,price_family_ma12_structural_linked,MA12_PRICE_AFFORDABILITY,incumbent_demand_capital_markets__ma12_price_affordability,-0.11441171008010183,0.0015804455017154467,0.0015804455017154467,0.5452356632131912,-0.03648484848484848,-0.08770505985609192,0.14736204480129245,-0.013155758978413788,0.014736204480129245,0.0015804455017154571,-1.0408340855860843e-17
district_of_columbia_dc__county,2020-05-31,0.5961685823754789,0.3473867402389158,-0.2188240740740741,0.2330781019746537,ma12_price_family_challenger,incumbent_dimension_history,incumbent_dimension_history,ma12_price_family_challenger,artifacts/regime/comparisons/price_family_structural_windows/price_family_ma12_structural_linked/phase2_chronology/chronology_monthly.csv,artifacts/regime/runs/macro_regime_v1_bps120_sources/dimension_scores.parquet,artifacts/regime/runs/macro_regime_v1_bps120_sources/dimension_scores.parquet,artifacts/regime/comparisons/price_family_structural_windows/price_family_ma12_structural_linked/phase2_chronology/chronology_monthly.csv,0.65,-0.14223564814814815,0.15,0.034961715296198057,0.1,0.05961685823754789,0.1,0.03473867402389158,4,True,-0.012918400590510623,price_family_ma12_structural_linked,MA12_PRICE_AFFORDABILITY,incumbent_demand_capital_markets__ma12_price_affordability,-0.03421411073852301,0.02129571014801239,0.02129571014801239,0.10944972630365885,0.41558593836911784,-0.18250783639446413,0.48671885607182,-0.027376175459169618,0.048671885607182004,0.021295710148012386,3.469446951953614e-18
district_of_columbia_dc__county,2020-06-30,0.6311308944220337,0.3064470114715624,-0.08643518518518521,0.0718109991274548,ma12_price_family_challenger,incumbent_dimension_history,incumbent_dimension_history,ma12_price_family_challenger,artifacts/regime/comparisons/price_family_structural_windows/price_family_ma12_structural_linked/phase2_chronology/chronology_monthly.csv,artifacts/regime/runs/macro_regime_v1_bps120_sources/dimension_scores.parquet,artifacts/regime/runs/macro_regime_v1_bps120_sources/dimension_scores.parquet,artifacts/regime/comparisons/price_family_structural_windows/price_family_ma12_structural_linked/phase2_chronology/chronology_monthly.csv,0.65,-0.05618287037037039,0.15,0.01077164986911822,0.1,0.06311308944220338,0.1,0.030644701147156242,4,True,0.04834657008810746,price_family_ma12_structural_linked,MA12_PRICE_AFFORDABILITY,incumbent_demand_capital_markets__ma12_price_affordability,0.02170298346430142,0.02664358662380604,0.02664358662380604,0.7430871238466176,-0.18045039798097462,0.25226139710842943,-0.11195622942458383,0.037839209566264416,-0.011195622942458384,0.02664358662380603,6.938893903907228e-18
district_of_columbia_dc__county,2020-07-31,0.587830361504641,0.567998939864643,-0.1223240740740741,0.3560312652662434,ma12_price_family_challenger,incumbent_dimension_history,incumbent_dimension_history,ma12_price_family_challenger,artifacts/regime/comparisons/price_family_structural_windows/price_family_ma12_structural_linked/phase2_chronology/chronology_monthly.csv,artifacts/regime/runs/macro_regime_v1_bps120_sources/dimension_scores.parquet,artifacts/regime/runs/macro_regime_v1_bps120_sources/dimension_scores.parquet,artifacts/regime/comparisons/price_family_structural_windows/price_family_ma12_structural_linked/phase2_chronology/chronology_monthly.csv,0.65,-0.07951064814814816,0.15,0.05340468978993651,0.1,0.058783036150464096,0.1,0.0567998939864643,4,True,0.08947697177871675,price_family_ma12_structural_linked,MA12_PRICE_AFFORDABILITY,incumbent_demand_capital_markets__ma12_price_affordability,0.09522718051928339,-0.0057502087405666424,0.0057502087405666424,0.18936813186813192,0.6600074766276937,-0.30397621136145025,0.398462229636509,-0.04559643170421754,0.0398462229636509,-0.0057502087405666355,-6.938893903907228e-18
district_of_columbia_dc__county,2020-08-31,0.5295340501792114,0.33162758286446936,-0.09560185185185187,0.5266180804460374,ma12_price_family_challenger,incumbent_dimension_history,incumbent_dimension_history,ma12_price_family_challenger,artifacts/regime/comparisons/price_family_structural_windows/price_family_ma12_structural_linked/phase2_chronology/chronology_monthly.csv,artifacts/regime/runs/macro_regime_v1_bps120_sources/dimension_scores.parquet,artifacts/regime/runs/macro_regime_v1_bps120_sources/dimension_scores.parquet,artifacts/regime/comparisons/price_family_structural_windows/price_family_ma12_structural_linked/phase2_chronology/chronology_monthly.csv,0.65,-0.06214120370370372,0.15,0.07899271206690561,0.1,0.052953405017921146,0.1,0.033162758286446936,4,True,0.10296767166756998,price_family_ma12_structural_linked,MA12_PRICE_AFFORDABILITY,incumbent_demand_capital_markets__ma12_price_affordability,0.053262545198479526,0.049705126469090456,0.049705126469090456,0.06817827645317118,0.5028210864694613,0.023796993976576086,0.4613557737260402,0.0035695490964864126,0.04613557737260402,0.049705126469090435,2.0816681711721685e-17
district_of_columbia_dc__county,2020-09-30,0.43842418608895,0.36755715741443873,-0.271074074074074,0.6371937590173189,ma12_price_family_challenger,incumbent_dimension_history,incumbent_dimension_history,ma12_price_family_challenger,artifacts/regime/comparisons/price_family_structural_windows/price_family_ma12_structural_linked/phase2_chronology/chronology_monthly.csv,artifacts/regime/runs/macro_regime_v1_bps120_sources/dimension_scores.parquet,artifacts/regime/runs/macro_regime_v1_bps120_sources/dimension_scores.parquet,artifacts/regime/comparisons/price_family_structural_windows/price_family_ma12_structural_linked/phase2_chronology/chronology_monthly.csv,0.65,-0.17619814814814813,0.15,0.09557906385259783,0.1,0.043842418608895005,0.1,0.03675571574144387,4,True,-2.0949945211422294e-05,price_family_ma12_structural_linked,MA12_PRICE_AFFORDABILITY,incumbent_demand_capital_markets__ma12_price_affordability,-0.030617154088145408,0.030596204142933986,0.030596204142933986,0.2180588803142664,0.5801292685808814,0.057064490436437465,0.2203653057746836,0.008559673565465619,0.022036530577468363,0.030596204142933982,3.469446951953614e-18
district_of_columbia_dc__county,2020-10-31,0.2291541451848583,0.3193984802121583,-0.0640740740740741,0.8026526977475117,ma12_price_family_challenger,incumbent_dimension_history,incumbent_dimension_history,ma12_price_family_challenger,artifacts/regime/comparisons/price_family_structural_windows/price_family_ma12_structural_linked/phase2_chronology/chronology_monthly.csv,artifacts/regime/runs/macro_regime_v1_bps120_sources/dimension_scores.parquet,artifacts/regime/runs/macro_regime_v1_bps120_sources/dimension_scores.parquet,artifacts/regime/comparisons/price_family_structural_windows/price_family_ma12_structural_linked/phase2_chronology/chronology_monthly.csv,0.65,-0.04164814814814817,0.15,0.12039790466212674,0.1,0.022915414518485833,0.1,0.03193984802121583,4,True,0.13360501905368022,price_family_ma12_structural_linked,MA12_PRICE_AFFORDABILITY,incumbent_demand_capital_markets__ma12_price_affordability,0.0683005778742742,0.06530444117940602,0.06530444117940602,-0.21512702545905907,0.6634772036474164,0.13917549410009533,0.44428117064391737,0.0208763241150143,0.04442811706439174,0.06530444117940604,-1.3877787807814457e-17
district_of_columbia_dc__county,2020-11-30,0.1961837557603686,0.29871249733860233,-0.18462962962962964,0.8348632872503841,ma12_price_family_challenger,incumbent_dimension_history,incumbent_dimension_history,ma12_price_family_challenger,artifacts/regime/comparisons/price_family_structural_windows/price_family_ma12_structural_linked/phase2_chronology/chronology_monthly.csv,artifacts/regime/runs/macro_regime_v1_bps120_sources/dimension_scores.parquet,artifacts/regime/runs/macro_regime_v1_bps120_sources/dimension_scores.parquet,artifacts/regime/comparisons/price_family_structural_windows/price_family_ma12_structural_linked/phase2_chronology/chronology_monthly.csv,0.65,-0.12000925925925927,0.15,0.1252294930875576,0.1,0.01961837557603686,0.1,0.029871249733860235,4,True,0.05470985913819542,price_family_ma12_structural_linked,MA12_PRICE_AFFORDABILITY,incumbent_demand_capital_markets__ma12_price_affordability,-0.039887424258670236,0.09459728339686566,0.09459728339686566,0.08237468671679193,0.28008744396699736,0.5547758432833867,0.11380906904357665,0.083216376492508,0.011380906904357667,0.09459728339686567,-1.3877787807814457e-17
district_of_columbia_dc__county,2020-12-31,-0.0858248712953047,0.32831317668076687,-0.41559450332089654,0.8111689612015018,ma12_price_family_challenger,incumbent_dimension_history,incumbent_dimension_history,ma12_price_family_challenger,artifacts/regime/comparisons/price_family_structural_windows/price_family_ma12_structural_linked/phase2_chronology/chronology_monthly.csv,artifacts/regime/runs/macro_regime_v1_bps120_sources/dimension_scores.parquet,artifacts/regime/runs/macro_regime_v1_bps120_sources/dimension_scores.parquet,artifacts/regime/comparisons/price_family_structural_windows/price_family_ma12_structural_linked/phase2_chronology/chronology_monthly.csv,0.65,-0.27013642715858277,0.15,0.12167534418022527,0.1,-0.00858248712953047,0.1,0.03283131766807669,4,True,-0.12421225243981128,price_family_ma12_structural_linked,MA12_PRICE_AFFORDABILITY,incumbent_demand_capital_markets__ma12_price_affordability,-0.20527691624962943,0.08106466380981815,0.08106466380981815,0.3766098140287043,-0.03755192107995847,0.8487208822814603,-0.462434685324009,0.12730813234221902,-0.046243468532400904,0.08106466380981811,4.163336342344337e-17
district_of_columbia_dc__county,2021-01-31,-0.1806792146479154,0.15257421499592008,-0.39926116998756317,0.8302717258261934,ma12_price_family_challenger,incumbent_dimension_history,incumbent_dimension_history,ma12_price_family_challenger,artifacts/regime/comparisons/price_family_structural_windows/price_family_ma12_structural_linked/phase2_chronology/chronology_monthly.csv,artifacts/regime/runs/macro_regime_v1_bps120_sources/dimension_scores.parquet,artifacts/regime/runs/macro_regime_v1_bps120_sources/dimension_scores.parquet,artifacts/regime/comparisons/price_family_structural_windows/price_family_ma12_structural_linked/phase2_chronology/chronology_monthly.csv,0.65,-0.25951976049191605,0.15,0.124540758873929,0.1,-0.01806792146479154,0.1,0.015257421499592009,4,True,-0.13778950158318656,price_family_ma12_structural_linked,MA12_PRICE_AFFORDABILITY,incumbent_demand_capital_markets__ma12_price_affordability,-0.13969771776701848,0.0019082161838319123,0.0019082161838319123,0.21613393254688593,0.55300818647078,0.27726353935541337,-0.3968131471948013,0.041589530903312,-0.03968131471948014,0.0019082161838318637,4.85722573273506e-17
district_of_columbia_dc__county,2021-02-28,-0.2949710902124695,0.1853451061133988,-0.3878167255431187,0.8337873563218392,ma12_price_family_challenger,incumbent_dimension_history,incumbent_dimension_history,ma12_price_family_challenger,artifacts/regime/comparisons/price_family_structural_windows/price_family_ma12_structural_linked/phase2_chronology/chronology_monthly.csv,artifacts/regime/runs/macro_regime_v1_bps120_sources/dimension_scores.parquet,artifacts/regime/runs/macro_regime_v1_bps120_sources/dimension_scores.parquet,artifacts/regime/comparisons/price_family_structural_windows/price_family_ma12_structural_linked/phase2_chronology/chronology_monthly.csv,0.65,-0.25208087160302717,0.15,0.12506810344827587,0.1,-0.02949710902124695,0.1,0.018534510611339882,4,True,-0.13797536656465836,price_family_ma12_structural_linked,MA12_PRICE_AFFORDABILITY,incumbent_demand_capital_markets__ma12_price_affordability,-0.1484318344858696,0.010456467921211243,0.010456467921211243,-0.07855188052232388,0.6197980970536672,0.21398925926817203,-0.2164192096901456,0.0320983888902258,-0.02164192096901456,0.01045646792121124,3.469446951953614e-18
district_of_columbia_dc__county,2021-03-31,-0.3587628865979381,-0.0082065742167437,-0.42712228109867423,0.8763186504217433,ma12_price_family_challenger,incumbent_dimension_history,incumbent_dimension_history,ma12_price_family_challenger,artifacts/regime/comparisons/price_family_structural_windows/price_family_ma12_structural_linked/phase2_chronology/chronology_monthly.csv,artifacts/regime/runs/macro_regime_v1_bps120_sources/dimension_scores.parquet,artifacts/regime/runs/macro_regime_v1_bps120_sources/dimension_scores.parquet,artifacts/regime/comparisons/price_family_structural_windows/price_family_ma12_structural_linked/phase2_chronology/chronology_monthly.csv,0.65,-0.27762948271413823,0.15,0.1314477975632615,0.1,-0.03587628865979381,0.1,-0.0008206574216743701,4,True,-0.1828786312323449,price_family_ma12_structural_linked,MA12_PRICE_AFFORDABILITY,incumbent_demand_capital_markets__ma12_price_affordability,-0.2238440522297247,0.04096542099737979,0.04096542099737979,-0.032020202020202046,0.38538738738738737,0.4909312630343559,-0.32674268457773603,0.07363968945515338,-0.0326742684577736,0.04096542099737978,1.3877787807814457e-17
district_of_columbia_dc__county,2021-04-30,-0.3498330158629253,0.10937746728678187,-0.2940111699875632,0.8302581976610869,ma12_price_family_challenger,incumbent_dimension_history,incumbent_dimension_history,ma12_price_family_challenger,artifacts/regime/comparisons/price_family_structural_windows/price_family_ma12_structural_linked/phase2_chronology/chronology_monthly.csv,artifacts/regime/runs/macro_regime_v1_bps120_sources/dimension_scores.parquet,artifacts/regime/runs/macro_regime_v1_bps120_sources/dimension_scores.parquet,artifacts/regime/comparisons/price_family_structural_windows/price_family_ma12_structural_linked/phase2_chronology/chronology_monthly.csv,0.65,-0.1911072604919161,0.15,0.12453872964916303,0.1,-0.03498330158629253,0.1,0.010937746728678187,4,True,-0.0906140857003674,price_family_ma12_structural_linked,MA12_PRICE_AFFORDABILITY,incumbent_demand_capital_markets__ma12_price_affordability,-0.11916685141444695,0.028552765714079553,0.028552765714079553,-0.19177839581710981,0.5345366795366795,0.2957215181244074,-0.1580546200458155,0.04435822771866111,-0.01580546200458155,0.02855276571407956,-6.938893903907228e-18
district_of_columbia_dc__county,2021-05-31,-0.3130837789661318,0.2909234619581376,-0.15753894776534094,0.7616969696969698,ma12_price_family_challenger,incumbent_dimension_history,incumbent_dimension_history,ma12_price_family_challenger,artifacts/regime/comparisons/price_family_structural_windows/price_family_ma12_structural_linked/phase2_chronology/chronology_monthly.csv,artifacts/regime/runs/macro_regime_v1_bps120_sources/dimension_scores.parquet,artifacts/regime/runs/macro_regime_v1_bps120_sources/dimension_scores.parquet,artifacts/regime/comparisons/price_family_structural_windows/price_family_ma12_structural_linked/phase2_chronology/chronology_monthly.csv,0.65,-0.10240031604747162,0.15,0.11425454545454546,0.1,-0.031308377896613185,0.1,0.029092346195813763,4,True,0.009638197706274419,price_family_ma12_structural_linked,MA12_PRICE_AFFORDABILITY,incumbent_demand_capital_markets__ma12_price_affordability,-0.037337789304191356,0.04697598701046578,0.04697598701046578,-0.44667443214909736,0.5375841584158416,0.22411281128112814,0.13359065318296554,0.03361692169216922,0.013359065318296554,0.04697598701046577,6.938893903907228e-18
district_of_columbia_dc__county,2021-06-30,-0.4070985810306198,0.14086842688658333,-0.0898167255431187,0.9352087912087912,ma12_price_family_challenger,incumbent_dimension_history,incumbent_dimension_history,ma12_price_family_challenger,artifacts/regime/comparisons/price_family_structural_windows/price_family_ma12_structural_linked/phase2_chronology/chronology_monthly.csv,artifacts/regime/runs/macro_regime_v1_bps120_sources/dimension_scores.parquet,artifacts/regime/runs/macro_regime_v1_bps120_sources/dimension_scores.parquet,artifacts/regime/comparisons/price_family_structural_windows/price_family_ma12_structural_linked/phase2_chronology/chronology_monthly.csv,0.65,-0.05838087160302716,0.15,0.14028131868131868,0.1,-0.040709858103061984,0.1,0.014086842688658334,4,True,0.05527743166388788,price_family_ma12_structural_linked,MA12_PRICE_AFFORDABILITY,incumbent_demand_capital_markets__ma12_price_affordability,-0.01580398475122869,0.07108141641511656,0.07108141641511656,-0.543848373404627,0.5524992100240189,0.3827095811847723,0.1367497923740072,0.05740643717771584,0.013674979237400721,0.07108141641511656,0.0
district_of_columbia_dc__county,2021-07-31,-0.3913763700784794,0.2622755914435472,0.11484994112354793,0.9112423590185106,ma12_price_family_challenger,incumbent_dimension_history,incumbent_dimension_history,ma12_price_family_challenger,artifacts/regime/comparisons/price_family_structural_windows/price_family_ma12_structural_linked/phase2_chronology/chronology_monthly.csv,artifacts/regime/runs/macro_regime_v1_bps120_sources/dimension_scores.parquet,artifacts/regime/runs/macro_regime_v1_bps120_sources/dimension_scores.parquet,artifacts/regime/comparisons/price_family_structural_windows/price_family_ma12_structural_linked/phase2_chronology/chronology_monthly.csv,0.65,0.07465246173030615,0.15,0.13668635385277658,0.1,-0.03913763700784795,0.1,0.02622755914435472,4,True,0.19842873771958952,price_family_ma12_structural_linked,MA12_PRICE_AFFORDABILITY,incumbent_demand_capital_markets__ma12_price_affordability,0.12082871760349466,0.07760002011609486,0.07760002011609486,-0.06242856447056533,0.17461035450593557,0.736632004512575,-0.3289478056079141,0.11049480067688626,-0.03289478056079141,0.07760002011609485,1.3877787807814457e-17
district_of_columbia_dc__county,2021-08-31,-0.3655823619770488,0.17363745263511268,-0.31073339220978535,0.7742416192283366,ma12_price_family_challenger,incumbent_dimension_history,incumbent_dimension_history,ma12_price_family_challenger,artifacts/regime/comparisons/price_family_structural_windows/price_family_ma12_structural_linked/phase2_chronology/chronology_monthly.csv,artifacts/regime/runs/macro_regime_v1_bps120_sources/dimension_scores.parquet,artifacts/regime/runs/macro_regime_v1_bps120_sources/dimension_scores.parquet,artifacts/regime/comparisons/price_family_structural_windows/price_family_ma12_structural_linked/phase2_chronology/chronology_monthly.csv,0.65,-0.2019767049363605,0.15,0.11613624288425048,0.1,-0.03655823619770488,0.1,0.017363745263511268,4,True,-0.10503495298630362,price_family_ma12_structural_linked,MA12_PRICE_AFFORDABILITY,incumbent_demand_capital_markets__ma12_price_affordability,-0.19260247714381953,0.08756752415751591,0.08756752415751591,-5.317263381782178e-05,-0.053228001383923404,0.8274696206122599,-0.365529189343231,0.12412044309183898,-0.0365529189343231,0.08756752415751587,4.163336342344337e-17
district_of_columbia_dc__county,2021-09-30,-0.1947054054791423,-0.044646294171747127,-0.052955614432007636,0.4221958428985123,ma12_price_family_challenger,incumbent_dimension_history,incumbent_dimension_history,ma12_price_family_challenger,artifacts/regime/comparisons/price_family_structural_windows/price_family_ma12_structural_linked/phase2_chronology/chronology_monthly.csv,artifacts/regime/runs/macro_regime_v1_bps120_sources/dimension_scores.parquet,artifacts/regime/runs/macro_regime_v1_bps120_sources/dimension_scores.parquet,artifacts/regime/comparisons/price_family_structural_windows/price_family_ma12_structural_linked/phase2_chronology/chronology_monthly.csv,0.65,-0.03442114938080496,0.15,0.06332937643477685,0.1,-0.019470540547914233,0.1,-0.004464629417174713,4,True,0.004973057088882939,price_family_ma12_structural_linked,MA12_PRICE_AFFORDABILITY,incumbent_demand_capital_markets__ma12_price_affordability,-0.025201170872324673,0.03017422796120761,0.03017422796120761,0.5892737665118235,-0.30161845817018235,0.7238143010686946,-0.7839791719909658,0.10857214516030418,-0.07839791719909658,0.030174227961207598,1.3877787807814457e-17
district_of_columbia_dc__county,2021-10-31,-0.3441908509591737,-0.15682188499726496,-0.035038947765340944,0.2989959514170041,ma12_price_family_challenger,incumbent_dimension_history,incumbent_dimension_history,ma12_price_family_challenger,artifacts/regime/comparisons/price_family_structural_windows/price_family_ma12_structural_linked/phase2_chronology/chronology_monthly.csv,artifacts/regime/runs/macro_regime_v1_bps120_sources/dimension_scores.parquet,artifacts/regime/runs/macro_regime_v1_bps120_sources/dimension_scores.parquet,artifacts/regime/comparisons/price_family_structural_windows/price_family_ma12_structural_linked/phase2_chronology/chronology_monthly.csv,0.65,-0.022775316047471614,0.15,0.04484939271255061,0.1,-0.034419085095917366,0.1,-0.015682188499726496,4,True,-0.028027196930564865,price_family_ma12_structural_linked,MA12_PRICE_AFFORDABILITY,incumbent_demand_capital_markets__ma12_price_affordability,-0.057666726390296526,0.02963952945973166,0.02963952945973166,-0.6383216920806689,0.2974863157664565,0.0015096356505475694,0.29413084112149523,0.00022644534758213541,0.029413084112149525,0.02963952945973166,0.0
district_of_columbia_dc__county,2021-11-30,-0.4025198412698412,0.050292056947623676,0.08232216334577015,0.2807619047619047,ma12_price_family_challenger,incumbent_dimension_history,incumbent_dimension_history,ma12_price_family_challenger,artifacts/regime/comparisons/price_family_structural_windows/price_family_ma12_structural_linked/phase2_chronology/chronology_monthly.csv,artifacts/regime/runs/macro_regime_v1_bps120_sources/dimension_scores.parquet,artifacts/regime/runs/macro_regime_v1_bps120_sources/dimension_scores.parquet,artifacts/regime/comparisons/price_family_structural_windows/price_family_ma12_structural_linked/phase2_chronology/chronology_monthly.csv,0.65,0.0535094061747506,0.15,0.04211428571428571,0.1,-0.04025198412698412,0.1,0.0050292056947623676,4,True,0.060400913456814545,price_family_ma12_structural_linked,MA12_PRICE_AFFORDABILITY,incumbent_demand_capital_markets__ma12_price_affordability,0.027852200105817737,0.03254871335099681,0.03254871335099681,-0.6873297421253028,0.2536437496589004,0.027118155103004304,0.28480990085546165,0.0040677232654506455,0.028480990085546165,0.03254871335099681,0.0
district_of_columbia_dc__county,2021-12-31,-0.5624903501085892,0.07384805940534528,0.0523087846249611,0.5202948842637619,ma12_price_family_challenger,incumbent_dimension_history,incumbent_dimension_history,ma12_price_family_challenger,artifacts/regime/comparisons/price_family_structural_windows/price_family_ma12_structural_linked/phase2_chronology/chronology_monthly.csv,artifacts/regime/runs/macro_regime_v1_bps120_sources/dimension_scores.parquet,artifacts/regime/runs/macro_regime_v1_bps120_sources/dimension_scores.parquet,artifacts/regime/comparisons/price_family_structural_windows/price_family_ma12_structural_linked/phase2_chronology/chronology_monthly.csv,0.65,0.03400071000622472,0.15,0.07804423263956428,0.1,-0.05624903501085892,0.1,0.007384805940534528,4,True,0.0631807135754646,price_family_ma12_structural_linked,MA12_PRICE_AFFORDABILITY,incumbent_demand_capital_markets__ma12_price_affordability,0.020183031509201838,0.04299768206626277,0.04299768206626277,-0.18226527388070943,-0.019839713663243084,0.540134597927005,-0.3802250762278797,0.08102018968905075,-0.03802250762278797,0.04299768206626278,-1.3877787807814457e-17
district_of_columbia_dc__county,2022-01-31,-0.6723802299169456,-0.19335421523448088,-0.0526912153750389,0.4146915887850467,ma12_price_family_challenger,incumbent_dimension_history,incumbent_dimension_history,ma12_price_family_challenger,artifacts/regime/comparisons/price_family_structural_windows/price_family_ma12_structural_linked/phase2_chronology/chronology_monthly.csv,artifacts/regime/runs/macro_regime_v1_bps120_sources/dimension_scores.parquet,artifacts/regime/runs/macro_regime_v1_bps120_sources/dimension_scores.parquet,artifacts/regime/comparisons/price_family_structural_windows/price_family_ma12_structural_linked/phase2_chronology/chronology_monthly.csv,0.65,-0.034249289993775286,0.15,0.062203738317757,0.1,-0.06723802299169455,0.1,-0.01933542152344809,4,True,-0.05861899619116093,price_family_ma12_structural_linked,MA12_PRICE_AFFORDABILITY,incumbent_demand_capital_markets__ma12_price_affordability,-0.0873080396307874,0.02868904343962647,0.02868904343962647,-0.16606355636499803,-0.1141131498470948,0.5288047386321415,-0.5063166735519475,0.07932071079482123,-0.050631667355194754,0.02868904343962647,0.0
district_of_columbia_dc__county,2022-02-28,-0.7786836836836837,-0.16288793093639778,0.2823921179582945,0.1885925925925926,ma12_price_family_challenger,incumbent_dimension_history,incumbent_dimension_history,ma12_price_family_challenger,artifacts/regime/comparisons/price_family_structural_windows/price_family_ma12_structural_linked/phase2_chronology/chronology_monthly.csv,artifacts/regime/runs/macro_regime_v1_bps120_sources/dimension_scores.parquet,artifacts/regime/runs/macro_regime_v1_bps120_sources/dimension_scores.parquet,artifacts/regime/comparisons/price_family_structural_windows/price_family_ma12_structural_linked/phase2_chronology/chronology_monthly.csv,0.65,0.18355487667289144,0.15,0.028288888888888888,0.1,-0.07786836836836837,0.1,-0.01628879309363978,4,True,0.11768660409977216,price_family_ma12_structural_linked,MA12_PRICE_AFFORDABILITY,incumbent_demand_capital_markets__ma12_price_affordability,0.15429884361201168,-0.03661223951223952,0.03661223951223952,-0.5142178542178543,0.25636363636363635,-0.06777104377104376,-0.2644658294658294,-0.010165656565656564,-0.026446582946582944,-0.036612239512239506,-1.3877787807814457e-17
district_of_columbia_dc__county,2022-03-31,-0.813743119266055,-0.36424593138293093,0.2578643401805167,0.1154685452162516,ma12_price_family_challenger,incumbent_dimension_history,incumbent_dimension_history,ma12_price_family_challenger,artifacts/regime/comparisons/price_family_structural_windows/price_family_ma12_structural_linked/phase2_chronology/chronology_monthly.csv,artifacts/regime/runs/macro_regime_v1_bps120_sources/dimension_scores.parquet,artifacts/regime/runs/macro_regime_v1_bps120_sources/dimension_scores.parquet,artifacts/regime/comparisons/price_family_structural_windows/price_family_ma12_structural_linked/phase2_chronology/chronology_monthly.csv,0.65,0.16761182111733586,0.15,0.01732028178243774,0.1,-0.0813743119266055,0.1,-0.0364245931382931,4,True,0.06713319783487501,price_family_ma12_structural_linked,MA12_PRICE_AFFORDABILITY,incumbent_demand_capital_markets__ma12_price_affordability,0.07590337984519463,-0.008770182010319622,0.008770182010319622,-0.6437168597168597,0.060585585585585605,0.054882959630666,-0.17002625954919537,0.008232443944599899,-0.017002625954919536,-0.008770182010319637,1.5612511283791264e-17
district_of_columbia_dc__county,2022-04-30,-0.8437758775877588,-0.5739686970234575,0.15383656240273885,0.2163863696104123,ma12_price_family_challenger,incumbent_dimension_history,incumbent_dimension_history,ma12_price_family_challenger,artifacts/regime/comparisons/price_family_structural_windows/price_family_ma12_structural_linked/phase2_chronology/chronology_monthly.csv,artifacts/regime/runs/macro_regime_v1_bps120_sources/dimension_scores.parquet,artifacts/regime/runs/macro_regime_v1_bps120_sources/dimension_scores.parquet,artifacts/regime/comparisons/price_family_structural_windows/price_family_ma12_structural_linked/phase2_chronology/chronology_monthly.csv,0.65,0.09999376556178026,0.15,0.032457955441561846,0.1,-0.0843775877587759,0.1,-0.057396869702345754,4,True,-0.009322736457779549,price_family_ma12_structural_linked,MA12_PRICE_AFFORDABILITY,incumbent_demand_capital_markets__ma12_price_affordability,0.02438849316075753,-0.03371122961853708,0.03371122961853708,-0.9115840269867695,0.4863333333333333,-0.269946963722921,0.0678081493990107,-0.04049204455843815,0.00678081493990107,-0.03371122961853708,0.0
district_of_columbia_dc__county,2022-05-31,-0.7573635400105988,-0.5884152933153323,0.12397545129162776,-0.1189162971020556,ma12_price_family_challenger,incumbent_dimension_history,incumbent_dimension_history,ma12_price_family_challenger,artifacts/regime/comparisons/price_family_structural_windows/price_family_ma12_structural_linked/phase2_chronology/chronology_monthly.csv,artifacts/regime/runs/macro_regime_v1_bps120_sources/dimension_scores.parquet,artifacts/regime/runs/macro_regime_v1_bps120_sources/dimension_scores.parquet,artifacts/regime/comparisons/price_family_structural_windows/price_family_ma12_structural_linked/phase2_chronology/chronology_monthly.csv,0.65,0.08058404333955804,0.15,-0.01783744456530834,0.1,-0.07573635400105988,0.1,-0.05884152933153323,4,True,-0.0718312845583434,price_family_ma12_structural_linked,MA12_PRICE_AFFORDABILITY,incumbent_demand_capital_markets__ma12_price_affordability,-0.04940193972130111,-0.022429344837042287,0.022429344837042287,-0.2261657762313123,-0.32351917404129793,0.20460287693924234,-0.5311977637792865,0.03069043154088635,-0.053119776377928654,-0.022429344837042304,1.734723475976807e-17
district_of_columbia_dc__county,2022-06-30,-0.7332725381414702,-0.5166919284467714,0.16666989573607222,-0.1644715672676837,ma12_price_family_challenger,incumbent_dimension_history,incumbent_dimension_history,ma12_price_family_challenger,artifacts/regime/comparisons/price_family_structural_windows/price_family_ma12_structural_linked/phase2_chronology/chronology_monthly.csv,artifacts/regime/runs/macro_regime_v1_bps120_sources/dimension_scores.parquet,artifacts/regime/runs/macro_regime_v1_bps120_sources/dimension_scores.parquet,artifacts/regime/comparisons/price_family_structural_windows/price_family_ma12_structural_linked/phase2_chronology/chronology_monthly.csv,0.65,0.10833543222844694,0.15,-0.024670735090152555,0.1,-0.07332725381414702,0.1,-0.051669192844677136,4,True,-0.04133174952052977,price_family_ma12_structural_linked,MA12_PRICE_AFFORDABILITY,incumbent_demand_capital_markets__ma12_price_affordability,0.030128801127936047,-0.07146055064846582,0.07146055064846582,-0.8756901720320218,0.4068771929824563,-0.5713487602501399,0.14241763389055162,-0.08570231403752099,0.014241763389055162,-0.07146055064846582,0.0
district_of_columbia_dc__county,2022-07-31,-0.6577194079951174,-0.2810756444479432,0.30453100684718326,-0.3506713926903124,ma12_price_family_challenger,incumbent_dimension_history,incumbent_dimension_history,ma12_price_family_challenger,artifacts/regime/comparisons/price_family_structural_windows/price_family_ma12_structural_linked/phase2_chronology/chronology_monthly.csv,artifacts/regime/runs/macro_regime_v1_bps120_sources/dimension_scores.parquet,artifacts/regime/runs/macro_regime_v1_bps120_sources/dimension_scores.parquet,artifacts/regime/comparisons/price_family_structural_windows/price_family_ma12_structural_linked/phase2_chronology/chronology_monthly.csv,0.65,0.19794515445066913,0.15,-0.05260070890354686,0.1,-0.06577194079951175,0.1,-0.02810756444479432,4,True,0.05146494030281621,price_family_ma12_structural_linked,MA12_PRICE_AFFORDABILITY,incumbent_demand_capital_markets__ma12_price_affordability,0.06738631564305621,-0.015921375340239997,0.015921375340239997,-0.1932083958020989,-0.5542028985507248,0.2035315058604124,-0.4645110121930185,0.03052972587906186,-0.04645110121930185,-0.01592137534023999,-6.938893903907228e-18
district_of_columbia_dc__county,2022-08-31,-0.5664134695713643,-0.3553548762011985,0.043419895736072224,-0.4429792429792429,ma12_price_family_challenger,incumbent_dimension_history,incumbent_dimension_history,ma12_price_family_challenger,artifacts/regime/comparisons/price_family_structural_windows/price_family_ma12_structural_linked/phase2_chronology/chronology_monthly.csv,artifacts/regime/runs/macro_regime_v1_bps120_sources/dimension_scores.parquet,artifacts/regime/runs/macro_regime_v1_bps120_sources/dimension_scores.parquet,artifacts/regime/comparisons/price_family_structural_windows/price_family_ma12_structural_linked/phase2_chronology/chronology_monthly.csv,0.65,0.028222932228446948,0.15,-0.06644688644688643,0.1,-0.056641346957136435,0.1,-0.03553548762011985,4,True,-0.13040078879569578,price_family_ma12_structural_linked,MA12_PRICE_AFFORDABILITY,incumbent_demand_capital_markets__ma12_price_affordability,-0.10033794379637165,-0.03006284499932413,0.03006284499932413,-0.3978400909435392,-0.3549425287356322,-0.0880367142436107,-0.16857337862782507,-0.013205507136541604,-0.01685733786278251,-0.030062844999324115,-1.3877787807814457e-17
district_of_columbia_dc__county,2022-09-30,-0.6702229112498436,-0.6166373916095734,0.1614754512916278,-0.4629298813976447,ma12_price_family_challenger,incumbent_dimension_history,incumbent_dimension_history,ma12_price_family_challenger,artifacts/regime/comparisons/price_family_structural_windows/price_family_ma12_structural_linked/phase2_chronology/chronology_monthly.csv,artifacts/regime/runs/macro_regime_v1_bps120_sources/dimension_scores.parquet,artifacts/regime/runs/macro_regime_v1_bps120_sources/dimension_scores.parquet,artifacts/regime/comparisons/price_family_structural_windows/price_family_ma12_structural_linked/phase2_chronology/chronology_monthly.csv,0.65,0.10495904333955808,0.15,-0.0694394822096467,0.1,-0.06702229112498435,0.1,-0.06166373916095735,4,True,-0.09316646915603033,price_family_ma12_structural_linked,MA12_PRICE_AFFORDABILITY,incumbent_demand_capital_markets__ma12_price_affordability,-0.020717122876630932,-0.07244934627939939,0.07244934627939939,-0.33249606542411153,-0.2050854700854701,-0.2578444113121746,-0.33772684582573204,-0.03867666169682619,-0.0337726845825732,-0.07244934627939939,0.0
district_of_columbia_dc__county,2022-10-31,-0.6594861952515457,-0.6718430414306191,-0.012830104263927779,-0.5202490406410711,ma12_price_family_challenger,incumbent_dimension_history,incumbent_dimension_history,ma12_price_family_challenger,artifacts/regime/comparisons/price_family_structural_windows/price_family_ma12_structural_linked/phase2_chronology/chronology_monthly.csv,artifacts/regime/runs/macro_regime_v1_bps120_sources/dimension_scores.parquet,artifacts/regime/runs/macro_regime_v1_bps120_sources/dimension_scores.parquet,artifacts/regime/comparisons/price_family_structural_windows/price_family_ma12_structural_linked/phase2_chronology/chronology_monthly.csv,0.65,-0.008339567771553057,0.15,-0.07803735609616066,0.1,-0.06594861952515457,0.1,-0.06718430414306191,4,True,-0.21950984753593022,price_family_ma12_structural_linked,MA12_PRICE_AFFORDABILITY,incumbent_demand_capital_markets__ma12_price_affordability,-0.16413074814839693,-0.0553790993875333,0.0553790993875333,-0.494992491151379,-0.2607175141242938,-0.25953152651677736,-0.16449370410016673,-0.0389297289775166,-0.016449370410016675,-0.05537909938753327,-2.7755575615628914e-17
district_of_columbia_dc__county,2022-11-30,-0.6322777777777777,-0.46620180478831674,0.027864340180516596,-0.5445042735042736,ma12_price_family_challenger,incumbent_dimension_history,incumbent_dimension_history,ma12_price_family_challenger,artifacts/regime/comparisons/price_family_structural_windows/price_family_ma12_structural_linked/phase2_chronology/chronology_monthly.csv,artifacts/regime/runs/macro_regime_v1_bps120_sources/dimension_scores.parquet,artifacts/regime/runs/macro_regime_v1_bps120_sources/dimension_scores.parquet,artifacts/regime/comparisons/price_family_structural_windows/price_family_ma12_structural_linked/phase2_chronology/chronology_monthly.csv,0.65,0.018111821117335787,0.15,-0.08167564102564102,0.1,-0.06322777777777777,0.1,-0.04662018047883168,4,True,-0.17341177816491468,price_family_ma12_structural_linked,MA12_PRICE_AFFORDABILITY,incumbent_demand_capital_markets__ma12_price_affordability,-0.07370271043525872,-0.09970906772965596,0.09970906772965596,-0.23178804855275448,-0.14677030812324926,-0.3977339653810243,-0.40048972922502324,-0.05966009480715364,-0.04004897292250233,-0.09970906772965596,0.0
district_of_columbia_dc__county,2022-12-31,0.2066850152905199,-0.2798238608452298,0.13564099978109267,-0.5778477167884726,ma12_price_family_challenger,incumbent_dimension_history,incumbent_dimension_history,ma12_price_family_challenger,artifacts/regime/comparisons/price_family_structural_windows/price_family_ma12_structural_linked/phase2_chronology/chronology_monthly.csv,artifacts/regime/runs/macro_regime_v1_bps120_sources/dimension_scores.parquet,artifacts/regime/runs/macro_regime_v1_bps120_sources/dimension_scores.parquet,artifacts/regime/comparisons/price_family_structural_windows/price_family_ma12_structural_linked/phase2_chronology/chronology_monthly.csv,0.65,0.08816664985771024,0.15,-0.08667715751827089,0.1,0.020668501529051992,0.1,-0.027982386084522984,4,True,-0.005824392216031645,price_family_ma12_structural_linked,MA12_PRICE_AFFORDABILITY,incumbent_demand_capital_markets__ma12_price_affordability,0.0034694319689059193,-0.009293824184937564,0.009293824184937564,0.23035168195718653,-0.5316666666666666,-0.046181050121805955,-0.023666666666666614,-0.006927157518270893,-0.0023666666666666615,-0.009293824184937554,-1.0408340855860843e-17
district_of_columbia_dc__county,2023-01-31,0.2423939393939394,-0.386523201569344,0.18202988866998152,-0.607769034886682,ma12_price_family_challenger,incumbent_dimension_history,incumbent_dimension_history,ma12_price_family_challenger,artifacts/regime/comparisons/price_family_structural_windows/price_family_ma12_structural_linked/phase2_chronology/chronology_monthly.csv,artifacts/regime/runs/macro_regime_v1_bps120_sources/dimension_scores.parquet,artifacts/regime/runs/macro_regime_v1_bps120_sources/dimension_scores.parquet,artifacts/regime/comparisons/price_family_structural_windows/price_family_ma12_structural_linked/phase2_chronology/chronology_monthly.csv,0.65,0.11831942763548799,0.15,-0.0911653552330023,0.1,0.024239393939393943,0.1,-0.0386523201569344,4,True,0.012741146184945228,price_family_ma12_structural_linked,MA12_PRICE_AFFORDABILITY,incumbent_demand_capital_markets__ma12_price_affordability,0.013362562024008151,-0.0006214158390629235,0.0006214158390629235,0.47745454545454546,-0.7603333333333333,0.15256429844665131,-0.23506060606060605,0.022884644766997697,-0.023506060606060607,-0.0006214158390629096,-1.3877787807814457e-17
district_of_columbia_dc__county,2023-02-28,0.2650180180180181,-0.48117630706725123,0.11411322200331489,-0.6323153153153154,ma12_price_family_challenger,incumbent_dimension_history,incumbent_dimension_history,ma12_price_family_challenger,artifacts/regime/comparisons/price_family_structural_windows/price_family_ma12_structural_linked/phase2_chronology/chronology_monthly.csv,artifacts/regime/runs/macro_regime_v1_bps120_sources/dimension_scores.parquet,artifacts/regime/runs/macro_regime_v1_bps120_sources/dimension_scores.parquet,artifacts/regime/comparisons/price_family_structural_windows/price_family_ma12_structural_linked/phase2_chronology/chronology_monthly.csv,0.65,0.07417359430215469,0.15,-0.09484729729729731,0.1,0.02650180180180181,0.1,-0.048117630706725124,4,True,-0.04228953190006594,price_family_ma12_structural_linked,MA12_PRICE_AFFORDABILITY,incumbent_demand_capital_markets__ma12_price_affordability,0.03638163927110524,-0.07867117117117117,0.07867117117117117,-0.07574324324324322,0.11933333333333335,-0.7516486486486487,0.34076126126126133,-0.1127472972972973,0.034076126126126136,-0.07867117117117116,-1.3877787807814457e-17
district_of_columbia_dc__county,2023-03-31,0.1486071428571428,-0.4545955223880596,-0.012831222441129572,-0.6412857142857142,ma12_price_family_challenger,incumbent_dimension_history,incumbent_dimension_history,ma12_price_family_challenger,artifacts/regime/comparisons/price_family_structural_windows/price_family_ma12_structural_linked/phase2_chronology/chronology_monthly.csv,artifacts/regime/runs/macro_regime_v1_bps120_sources/dimension_scores.parquet,artifacts/regime/runs/macro_regime_v1_bps120_sources/dimension_scores.parquet,artifacts/regime/comparisons/price_family_structural_windows/price_family_ma12_structural_linked/phase2_chronology/chronology_monthly.csv,0.65,-0.008340294586734222,0.15,-0.09619285714285714,0.1,0.014860714285714281,0.1,-0.04545955223880596,4,True,-0.13513198968268303,price_family_ma12_structural_linked,MA12_PRICE_AFFORDABILITY,incumbent_demand_capital_markets__ma12_price_affordability,-0.09507960873030209,-0.04005238095238094,0.04005238095238094,-0.08779761904761907,-0.21666666666666673,-0.4246190476190475,0.23640476190476187,-0.06369285714285712,0.023640476190476187,-0.04005238095238094,0.0
district_of_columbia_dc__county,2023-04-30,0.2863879056047198,-0.24113205260824594,0.007668777558870426,-0.6463333333333334,ma12_price_family_challenger,incumbent_dimension_history,incumbent_dimension_history,ma12_price_family_challenger,artifacts/regime/comparisons/price_family_structural_windows/price_family_ma12_structural_linked/phase2_chronology/chronology_monthly.csv,artifacts/regime/runs/macro_regime_v1_bps120_sources/dimension_scores.parquet,artifacts/regime/runs/macro_regime_v1_bps120_sources/dimension_scores.parquet,artifacts/regime/comparisons/price_family_structural_windows/price_family_ma12_structural_linked/phase2_chronology/chronology_monthly.csv,0.65,0.004984705413265777,0.15,-0.09695000000000001,0.1,0.02863879056047198,0.1,-0.024113205260824597,4,True,-0.08743970928708684,price_family_ma12_structural_linked,MA12_PRICE_AFFORDABILITY,incumbent_demand_capital_markets__ma12_price_affordability,-0.01396847034903375,-0.0734712389380531,0.0734712389380531,-0.0733997050147493,0.08333333333333331,-0.7296666666666667,0.35978761061946907,-0.10945,0.03597876106194691,-0.0734712389380531,0.0
district_of_columbia_dc__county,2023-05-31,0.2156140350877193,-0.44530668309809346,0.004390999781092637,-0.614982456140351,ma12_price_family_challenger,incumbent_dimension_history,incumbent_dimension_history,ma12_price_family_challenger,artifacts/regime/comparisons/price_family_structural_windows/price_family_ma12_structural_linked/phase2_chronology/chronology_monthly.csv,artifacts/regime/runs/macro_regime_v1_bps120_sources/dimension_scores.parquet,artifacts/regime/runs/macro_regime_v1_bps120_sources/dimension_scores.parquet,artifacts/regime/comparisons/price_family_structural_windows/price_family_ma12_structural_linked/phase2_chronology/chronology_monthly.csv,0.65,0.0028541498577102143,0.15,-0.09224736842105265,0.1,0.021561403508771934,0.1,-0.04453066830980935,4,True,-0.11236248336437984,price_family_ma12_structural_linked,MA12_PRICE_AFFORDABILITY,incumbent_demand_capital_markets__ma12_price_affordability,-0.03955809739946756,-0.07280438596491229,0.07280438596491229,0.028684210526315757,-0.0050000000000000044,-0.609982456140351,0.18692982456140356,-0.09149736842105265,0.018692982456140355,-0.07280438596491229,0.0
district_of_columbia_dc__county,2023-06-30,0.2798623188405796,-0.5158264404037477,0.009807666447759331,-0.6596666666666667,ma12_price_family_challenger,incumbent_dimension_history,incumbent_dimension_history,ma12_price_family_challenger,artifacts/regime/comparisons/price_family_structural_windows/price_family_ma12_structural_linked/phase2_chronology/chronology_monthly.csv,artifacts/regime/runs/macro_regime_v1_bps120_sources/dimension_scores.parquet,artifacts/regime/runs/macro_regime_v1_bps120_sources/dimension_scores.parquet,artifacts/regime/comparisons/price_family_structural_windows/price_family_ma12_structural_linked/phase2_chronology/chronology_monthly.csv,0.65,0.006374983191043565,0.15,-0.09895000000000001,0.1,0.027986231884057963,0.1,-0.05158264404037477,4,True,-0.11617142896527324,price_family_ma12_structural_linked,MA12_PRICE_AFFORDABILITY,incumbent_demand_capital_markets__ma12_price_affordability,-0.08010113911020077,-0.03607028985507248,0.03607028985507248,0.4615652173913044,-0.5403333333333333,-0.1193333333333334,-0.1817028985507248,-0.01790000000000001,-0.01817028985507248,-0.03607028985507249,1.3877787807814457e-17
district_of_columbia_dc__county,2023-07-31,0.2122011494252873,-0.5835505281703229,0.06966877755887038,-0.6441034482758621,ma12_price_family_challenger,incumbent_dimension_history,incumbent_dimension_history,ma12_price_family_challenger,artifacts/regime/comparisons/price_family_structural_windows/price_family_ma12_structural_linked/phase2_chronology/chronology_monthly.csv,artifacts/regime/runs/macro_regime_v1_bps120_sources/dimension_scores.parquet,artifacts/regime/runs/macro_regime_v1_bps120_sources/dimension_scores.parquet,artifacts/regime/comparisons/price_family_structural_windows/price_family_ma12_structural_linked/phase2_chronology/chronology_monthly.csv,0.65,0.04528470541326575,0.15,-0.0966155172413793,0.1,0.021220114942528734,0.1,-0.058355052817032294,4,True,-0.08846574970261711,price_family_ma12_structural_linked,MA12_PRICE_AFFORDABILITY,incumbent_demand_capital_markets__ma12_price_affordability,-0.014386439357789532,-0.07407931034482758,0.07407931034482758,0.1493390804597701,-0.10833333333333331,-0.5357701149425288,0.06286206896551721,-0.08036551724137932,0.006286206896551722,-0.07407931034482759,1.3877787807814457e-17
district_of_columbia_dc__county,2023-08-31,0.1477051282051282,-0.5624859314846776,-0.15727566688557398,-0.6274102564102565,ma12_price_family_challenger,incumbent_dimension_history,incumbent_dimension_history,ma12_price_family_challenger,artifacts/regime/comparisons/price_family_structural_windows/price_family_ma12_structural_linked/phase2_chronology/chronology_monthly.csv,artifacts/regime/runs/macro_regime_v1_bps120_sources/dimension_scores.parquet,artifacts/regime/runs/macro_regime_v1_bps120_sources/dimension_scores.parquet,artifacts/regime/comparisons/price_family_structural_windows/price_family_ma12_structural_linked/phase2_chronology/chronology_monthly.csv,0.65,-0.1022291834756231,0.15,-0.09411153846153847,0.1,0.014770512820512822,0.1,-0.056248593148467765,4,True,-0.23781880226511654,price_family_ma12_structural_linked,MA12_PRICE_AFFORDABILITY,incumbent_demand_capital_markets__ma12_price_affordability,-0.17033034072665493,-0.06748846153846161,0.06748846153846161,0.02397435897435901,-0.09499999999999997,-0.5324102564102565,0.1237307692307692,-0.07986153846153847,0.01237307692307692,-0.06748846153846155,-5.551115123125783e-17
district_of_columbia_dc__county,2023-09-30,0.2300225988700564,-0.4758792010765839,0.1213354442255371,-0.5591638418079097,ma12_price_family_challenger,incumbent_dimension_history,incumbent_dimension_history,ma12_price_family_challenger,artifacts/regime/comparisons/price_family_structural_windows/price_family_ma12_structural_linked/phase2_chronology/chronology_monthly.csv,artifacts/regime/runs/macro_regime_v1_bps120_sources/dimension_scores.parquet,artifacts/regime/runs/macro_regime_v1_bps120_sources/dimension_scores.parquet,artifacts/regime/comparisons/price_family_structural_windows/price_family_ma12_structural_linked/phase2_chronology/chronology_monthly.csv,0.65,0.07886803874659912,0.15,-0.08387457627118645,0.1,0.023002259887005643,0.1,-0.04758792010765839,4,True,-0.029592197745240082,price_family_ma12_structural_linked,MA12_PRICE_AFFORDABILITY,incumbent_demand_capital_markets__ma12_price_affordability,0.0049792711813136156,-0.034571468926553696,0.034571468926553696,0.10199152542372883,-0.24333333333333335,-0.31583050847457633,0.12803107344632758,-0.04737457627118645,0.01280310734463276,-0.03457146892655369,-6.938893903907228e-18
district_of_columbia_dc__county,2023-10-31,0.186141456582633,-0.4161665711100494,0.08064099978109264,-0.4330532212885155,ma12_price_family_challenger,incumbent_dimension_history,incumbent_dimension_history,ma12_price_family_challenger,artifacts/regime/comparisons/price_family_structural_windows/price_family_ma12_structural_linked/phase2_chronology/chronology_monthly.csv,artifacts/regime/runs/macro_regime_v1_bps120_sources/dimension_scores.parquet,artifacts/regime/runs/macro_regime_v1_bps120_sources/dimension_scores.parquet,artifacts/regime/comparisons/price_family_structural_windows/price_family_ma12_structural_linked/phase2_chronology/chronology_monthly.csv,0.65,0.05241664985771022,0.15,-0.06495798319327732,0.1,0.0186141456582633,0.1,-0.04161665711100494,4,True,-0.03554384478830874,price_family_ma12_structural_linked,MA12_PRICE_AFFORDABILITY,incumbent_demand_capital_markets__ma12_price_affordability,0.06374046893718147,-0.09928431372549021,0.09928431372549021,-0.1355952380952381,0.44333333333333336,-0.8763865546218488,0.32173669467787114,-0.1314579831932773,0.03217366946778712,-0.0992843137254902,-1.3877787807814457e-17
district_of_columbia_dc__county,2023-11-30,0.2074999999999999,-0.33521097662022725,0.16847433311442597,-0.4683333333333334,ma12_price_family_challenger,incumbent_dimension_history,incumbent_dimension_history,ma12_price_family_challenger,artifacts/regime/comparisons/price_family_structural_windows/price_family_ma12_structural_linked/phase2_chronology/chronology_monthly.csv,artifacts/regime/runs/macro_regime_v1_bps120_sources/dimension_scores.parquet,artifacts/regime/runs/macro_regime_v1_bps120_sources/dimension_scores.parquet,artifacts/regime/comparisons/price_family_structural_windows/price_family_ma12_structural_linked/phase2_chronology/chronology_monthly.csv,0.65,0.10950831652437688,0.15,-0.07025,0.1,0.02074999999999999,0.1,-0.03352109766202273,4,True,0.02648721886235414,price_family_ma12_structural_linked,MA12_PRICE_AFFORDABILITY,incumbent_demand_capital_markets__ma12_price_affordability,0.03898721886235415,-0.012500000000000011,0.012500000000000011,0.3175,-0.45833333333333337,-0.010000000000000009,-0.1100000000000001,-0.0015000000000000013,-0.01100000000000001,-0.012500000000000011,0.0
district_of_columbia_dc__county,2023-12-31,0.4475,-0.2832658464342675,0.167073249659062,-0.5216666666666667,ma12_price_family_challenger,incumbent_dimension_history,incumbent_dimension_history,ma12_price_family_challenger,artifacts/regime/comparisons/price_family_structural_windows/price_family_ma12_structural_linked/phase2_chronology/chronology_monthly.csv,artifacts/regime/runs/macro_regime_v1_bps120_sources/dimension_scores.parquet,artifacts/regime/runs/macro_regime_v1_bps120_sources/dimension_scores.parquet,artifacts/regime/comparisons/price_family_structural_windows/price_family_ma12_structural_linked/phase2_chronology/chronology_monthly.csv,0.65,0.10859761227839031,0.15,-0.07825,0.1,0.044750000000000005,0.1,-0.02832658464342675,4,True,0.04677102763496357,price_family_ma12_structural_linked,MA12_PRICE_AFFORDABILITY,incumbent_demand_capital_markets__ma12_price_affordability,0.03248769430163022,0.01428333333333335,0.01428333333333335,0.5146666666666666,-0.6616666666666666,0.1399999999999999,-0.0671666666666666,0.020999999999999984,-0.00671666666666666,0.014283333333333325,2.42861286636753e-17
district_of_columbia_dc__county,2024-01-31,0.4275,-0.20642584418368076,0.135823249659062,-0.435,ma12_price_family_challenger,incumbent_dimension_history,incumbent_dimension_history,ma12_price_family_challenger,artifacts/regime/comparisons/price_family_structural_windows/price_family_ma12_structural_linked/phase2_chronology/chronology_monthly.csv,artifacts/regime/runs/macro_regime_v1_bps120_sources/dimension_scores.parquet,artifacts/regime/runs/macro_regime_v1_bps120_sources/dimension_scores.parquet,artifacts/regime/comparisons/price_family_structural_windows/price_family_ma12_structural_linked/phase2_chronology/chronology_monthly.csv,0.65,0.08828511227839031,0.15,-0.06525,0.1,0.04275,0.1,-0.02064258441836808,4,True,0.045142527860022236,price_family_ma12_structural_linked,MA12_PRICE_AFFORDABILITY,incumbent_demand_capital_markets__ma12_price_affordability,0.14622586119335557,-0.10108333333333333,0.10108333333333333,-0.024166666666666642,0.54,-0.9750000000000001,0.45166666666666666,-0.14625000000000002,0.04516666666666667,-0.10108333333333336,2.7755575615628914e-17
district_of_columbia_dc__county,2024-02-29,0.4141666666666666,-0.45821957435392996,0.21290658299239534,-0.5016666666666667,ma12_price_family_challenger,incumbent_dimension_history,incumbent_dimension_history,ma12_price_family_challenger,artifacts/regime/comparisons/price_family_structural_windows/price_family_ma12_structural_linked/phase2_chronology/chronology_monthly.csv,artifacts/regime/runs/macro_regime_v1_bps120_sources/dimension_scores.parquet,artifacts/regime/runs/macro_regime_v1_bps120_sources/dimension_scores.parquet,artifacts/regime/comparisons/price_family_structural_windows/price_family_ma12_structural_linked/phase2_chronology/chronology_monthly.csv,0.65,0.13838927894505698,0.15,-0.07525,0.1,0.041416666666666664,0.1,-0.045821957435392996,4,True,0.05873398817633066,price_family_ma12_structural_linked,MA12_PRICE_AFFORDABILITY,incumbent_demand_capital_markets__ma12_price_affordability,0.033917321509664,0.02481666666666666,0.02481666666666666,0.445,-0.6876666666666666,0.18599999999999994,-0.03083333333333338,0.02789999999999999,-0.003083333333333338,0.024816666666666654,6.938893903907228e-18
district_of_columbia_dc__county,2024-03-31,0.2383333333333333,-0.42046215494412076,0.34207324965906205,-0.3866666666666667,ma12_price_family_challenger,incumbent_dimension_history,incumbent_dimension_history,ma12_price_family_challenger,artifacts/regime/comparisons/price_family_structural_windows/price_family_ma12_structural_linked/phase2_chronology/chronology_monthly.csv,artifacts/regime/runs/macro_regime_v1_bps120_sources/dimension_scores.parquet,artifacts/regime/runs/macro_regime_v1_bps120_sources/dimension_scores.parquet,artifacts/regime/comparisons/price_family_structural_windows/price_family_ma12_structural_linked/phase2_chronology/chronology_monthly.csv,0.65,0.22234761227839034,0.15,-0.058,0.1,0.02383333333333333,0.1,-0.04204621549441208,4,True,0.1461347301173116,price_family_ma12_structural_linked,MA12_PRICE_AFFORDABILITY,incumbent_demand_capital_markets__ma12_price_affordability,0.2442847301173116,-0.09815000000000002,0.09815000000000002,0.015833333333333394,0.41600000000000004,-0.8026666666666668,0.22249999999999992,-0.12040000000000001,0.022249999999999992,-0.09815000000000002,0.0
district_of_columbia_dc__county,2024-04-30,0.1583333333333333,-0.3831990918770698,0.1831843607701731,-0.4416666666666667,ma12_price_family_challenger,incumbent_dimension_history,incumbent_dimension_history,ma12_price_family_challenger,artifacts/regime/comparisons/price_family_structural_windows/price_family_ma12_structural_linked/phase2_chronology/chronology_monthly.csv,artifacts/regime/runs/macro_regime_v1_bps120_sources/dimension_scores.parquet,artifacts/regime/runs/macro_regime_v1_bps120_sources/dimension_scores.parquet,artifacts/regime/comparisons/price_family_structural_windows/price_family_ma12_structural_linked/phase2_chronology/chronology_monthly.csv,0.65,0.11906983450061252,0.15,-0.06625,0.1,0.01583333333333333,0.1,-0.03831990918770698,4,True,0.030333258646238863,price_family_ma12_structural_linked,MA12_PRICE_AFFORDABILITY,incumbent_demand_capital_markets__ma12_price_affordability,0.07783325864623887,-0.04750000000000001,0.04750000000000001,-0.22916666666666666,0.13333333333333336,-0.5750000000000001,0.38749999999999996,-0.08625000000000001,0.03875,-0.04750000000000001,0.0
district_of_columbia_dc__county,2024-05-31,0.1416666666666666,-0.4321694195843054,-0.026815639229826847,-0.2816666666666667,ma12_price_family_challenger,incumbent_dimension_history,incumbent_dimension_history,ma12_price_family_challenger,artifacts/regime/comparisons/price_family_structural_windows/price_family_ma12_structural_linked/phase2_chronology/chronology_monthly.csv,artifacts/regime/runs/macro_regime_v1_bps120_sources/dimension_scores.parquet,artifacts/regime/runs/macro_regime_v1_bps120_sources/dimension_scores.parquet,artifacts/regime/comparisons/price_family_structural_windows/price_family_ma12_structural_linked/phase2_chronology/chronology_monthly.csv,0.65,-0.017430165499387452,0.15,-0.04225,0.1,0.01416666666666666,0.1,-0.04321694195843054,4,True,-0.08873044079115133,price_family_ma12_structural_linked,MA12_PRICE_AFFORDABILITY,incumbent_demand_capital_markets__ma12_price_affordability,-0.028313774124484655,-0.060416666666666674,0.060416666666666674,0.013333333333333364,0.20666666666666667,-0.48833333333333334,0.12833333333333324,-0.07325,0.012833333333333325,-0.060416666666666674,0.0
district_of_columbia_dc__county,2024-06-30,0.0541666666666667,-0.3052598723210214,0.13415658299239536,0.05,ma12_price_family_challenger,incumbent_dimension_history,incumbent_dimension_history,ma12_price_family_challenger,artifacts/regime/comparisons/price_family_structural_windows/price_family_ma12_structural_linked/phase2_chronology/chronology_monthly.csv,artifacts/regime/runs/macro_regime_v1_bps120_sources/dimension_scores.parquet,artifacts/regime/runs/macro_regime_v1_bps120_sources/dimension_scores.parquet,artifacts/regime/comparisons/price_family_structural_windows/price_family_ma12_structural_linked/phase2_chronology/chronology_monthly.csv,0.65,0.08720177894505698,0.15,0.0075,0.1,0.00541666666666667,0.1,-0.030525987232102144,4,True,0.06959245837962151,price_family_ma12_structural_linked,MA12_PRICE_AFFORDABILITY,incumbent_demand_capital_markets__ma12_price_affordability,0.10915912504628815,-0.03956666666666664,0.03956666666666664,-0.39416666666666667,0.6126666666666667,-0.5626666666666666,0.44833333333333336,-0.08439999999999999,0.044833333333333336,-0.03956666666666665,1.3877787807814457e-17
district_of_columbia_dc__county,2024-07-31,0.065,-0.209424283466337,0.15860102743683976,0.0999999999999999,ma12_price_family_challenger,incumbent_dimension_history,incumbent_dimension_history,ma12_price_family_challenger,artifacts/regime/comparisons/price_family_structural_windows/price_family_ma12_structural_linked/phase2_chronology/chronology_monthly.csv,artifacts/regime/runs/macro_regime_v1_bps120_sources/dimension_scores.parquet,artifacts/regime/runs/macro_regime_v1_bps120_sources/dimension_scores.parquet,artifacts/regime/comparisons/price_family_structural_windows/price_family_ma12_structural_linked/phase2_chronology/chronology_monthly.csv,0.65,0.10309066783394585,0.15,0.014999999999999984,0.1,0.006500000000000001,0.1,-0.020942428346633703,4,True,0.10364823948731214,price_family_ma12_structural_linked,MA12_PRICE_AFFORDABILITY,incumbent_demand_capital_markets__ma12_price_affordability,0.06548157282064548,0.038166666666666654,0.038166666666666654,0.035833333333333384,-0.13500000000000004,0.23499999999999993,0.02916666666666662,0.03524999999999999,0.002916666666666662,0.038166666666666654,0.0
district_of_columbia_dc__county,2024-08-31,0.21,0.0013639205027051234,-0.10195452811871576,0.1066666666666666,ma12_price_family_challenger,incumbent_dimension_history,incumbent_dimension_history,ma12_price_family_challenger,artifacts/regime/comparisons/price_family_structural_windows/price_family_ma12_structural_linked/phase2_chronology/chronology_monthly.csv,artifacts/regime/runs/macro_regime_v1_bps120_sources/dimension_scores.parquet,artifacts/regime/runs/macro_regime_v1_bps120_sources/dimension_scores.parquet,artifacts/regime/comparisons/price_family_structural_windows/price_family_ma12_structural_linked/phase2_chronology/chronology_monthly.csv,0.65,-0.06627044327716525,0.15,0.01599999999999999,0.1,0.021,0.1,0.00013639205027051235,4,True,-0.029134051226894747,price_family_ma12_structural_linked,MA12_PRICE_AFFORDABILITY,incumbent_demand_capital_markets__ma12_price_affordability,-0.039884051226894736,0.010749999999999989,0.010749999999999989,0.47000000000000003,-0.13833333333333334,0.24499999999999994,-0.26,0.03674999999999999,-0.026000000000000002,0.010749999999999989,0.0
district_of_columbia_dc__county,2024-09-30,0.3783333333333333,0.13845648622213969,0.09998991632572869,-0.2199999999999999,ma12_price_family_challenger,incumbent_dimension_history,incumbent_dimension_history,ma12_price_family_challenger,artifacts/regime/comparisons/price_family_structural_windows/price_family_ma12_structural_linked/phase2_chronology/chronology_monthly.csv,artifacts/regime/runs/macro_regime_v1_bps120_sources/dimension_scores.parquet,artifacts/regime/runs/macro_regime_v1_bps120_sources/dimension_scores.parquet,artifacts/regime/comparisons/price_family_structural_windows/price_family_ma12_structural_linked/phase2_chronology/chronology_monthly.csv,0.65,0.06499344561172365,0.15,-0.03299999999999998,0.1,0.03783333333333333,0.1,0.01384564862221397,4,True,0.08367242756727097,price_family_ma12_structural_linked,MA12_PRICE_AFFORDABILITY,incumbent_demand_capital_markets__ma12_price_affordability,0.0722057609006043,0.01146666666666668,0.01146666666666668,0.5836666666666667,-0.43333333333333335,0.21333333333333346,-0.20533333333333337,0.032000000000000015,-0.020533333333333337,0.011466666666666677,3.469446951953614e-18
district_of_columbia_dc__county,2024-10-31,0.4145,-0.22743920634160358,0.07471213854795088,-0.3233333333333333,ma12_price_family_challenger,incumbent_dimension_history,incumbent_dimension_history,ma12_price_family_challenger,artifacts/regime/comparisons/price_family_structural_windows/price_family_ma12_structural_linked/phase2_chronology/chronology_monthly.csv,artifacts/regime/runs/macro_regime_v1_bps120_sources/dimension_scores.parquet,artifacts/regime/runs/macro_regime_v1_bps120_sources/dimension_scores.parquet,artifacts/regime/comparisons/price_family_structural_windows/price_family_ma12_structural_linked/phase2_chronology/chronology_monthly.csv,0.65,0.048562890056168075,0.15,-0.048499999999999995,0.1,0.04145,0.1,-0.02274392063416036,4,True,0.01876896942200772,price_family_ma12_structural_linked,MA12_PRICE_AFFORDABILITY,incumbent_demand_capital_markets__ma12_price_affordability,0.07460230275534104,-0.05583333333333332,0.05583333333333332,0.12033333333333329,0.24499999999999997,-0.5683333333333332,0.2941666666666667,-0.08524999999999998,0.02941666666666667,-0.055833333333333304,-1.3877787807814457e-17
district_of_columbia_dc__county,2024-11-30,0.1625,-0.1776788737578211,0.004989916325728663,-0.23,ma12_price_family_challenger,incumbent_dimension_history,incumbent_dimension_history,ma12_price_family_challenger,artifacts/regime/comparisons/price_family_structural_windows/price_family_ma12_structural_linked/phase2_chronology/chronology_monthly.csv,artifacts/regime/runs/macro_regime_v1_bps120_sources/dimension_scores.parquet,artifacts/regime/runs/macro_regime_v1_bps120_sources/dimension_scores.parquet,artifacts/regime/comparisons/price_family_structural_windows/price_family_ma12_structural_linked/phase2_chronology/chronology_monthly.csv,0.65,0.003243445611723631,0.15,-0.0345,0.1,0.01625,0.1,-0.01776788737578211,4,True,-0.032774441764058485,price_family_ma12_structural_linked,MA12_PRICE_AFFORDABILITY,incumbent_demand_capital_markets__ma12_price_affordability,-0.02460777509739182,-0.008166666666666666,0.008166666666666666,-0.23333333333333336,0.08833333333333332,-0.31833333333333336,0.39583333333333337,-0.04775,0.03958333333333334,-0.008166666666666662,-3.469446951953614e-18
district_of_columbia_dc__county,2024-12-31,-0.0616666666666667,-0.18096511120040532,0.07358419759971112,-0.09,ma12_price_family_challenger,incumbent_dimension_history,incumbent_dimension_history,ma12_price_family_challenger,artifacts/regime/comparisons/price_family_structural_windows/price_family_ma12_structural_linked/phase2_chronology/chronology_monthly.csv,artifacts/regime/runs/macro_regime_v1_bps120_sources/dimension_scores.parquet,artifacts/regime/runs/macro_regime_v1_bps120_sources/dimension_scores.parquet,artifacts/regime/comparisons/price_family_structural_windows/price_family_ma12_structural_linked/phase2_chronology/chronology_monthly.csv,0.65,0.04782972843981223,0.15,-0.0135,0.1,-0.006166666666666671,0.1,-0.018096511120040532,4,True,0.010066550653105029,price_family_ma12_structural_linked,MA12_PRICE_AFFORDABILITY,incumbent_demand_capital_markets__ma12_price_affordability,-0.013683449346894982,0.02375000000000001,0.02375000000000001,0.1658333333333333,-0.4000000000000001,0.31000000000000005,-0.2275,0.04650000000000001,-0.022750000000000003,0.023750000000000004,6.938893903907228e-18
district_of_columbia_dc__county,2025-01-31,-0.0425,-0.3442423638438771,0.027334197599711098,-0.3333333333333333,ma12_price_family_challenger,incumbent_dimension_history,incumbent_dimension_history,ma12_price_family_challenger,artifacts/regime/comparisons/price_family_structural_windows/price_family_ma12_structural_linked/phase2_chronology/chronology_monthly.csv,artifacts/regime/runs/macro_regime_v1_bps120_sources/dimension_scores.parquet,artifacts/regime/runs/macro_regime_v1_bps120_sources/dimension_scores.parquet,artifacts/regime/comparisons/price_family_structural_windows/price_family_ma12_structural_linked/phase2_chronology/chronology_monthly.csv,0.65,0.017767228439812214,0.15,-0.049999999999999996,0.1,-0.00425,0.1,-0.034424236384387706,4,True,-0.0709070079445755,price_family_ma12_structural_linked,MA12_PRICE_AFFORDABILITY,incumbent_demand_capital_markets__ma12_price_affordability,-0.05982367461124216,-0.011083333333333334,0.011083333333333334,0.6808333333333333,-0.7416666666666667,0.4083333333333334,-0.7233333333333333,0.061250000000000006,-0.07233333333333333,-0.011083333333333327,-6.938893903907228e-18
district_of_columbia_dc__county,2025-02-28,0.0299999999999999,-0.08736232821244244,0.1335841975997111,-0.1783333333333333,ma12_price_family_challenger,incumbent_dimension_history,incumbent_dimension_history,ma12_price_family_challenger,artifacts/regime/comparisons/price_family_structural_windows/price_family_ma12_structural_linked/phase2_chronology/chronology_monthly.csv,artifacts/regime/runs/macro_regime_v1_bps120_sources/dimension_scores.parquet,artifacts/regime/runs/macro_regime_v1_bps120_sources/dimension_scores.parquet,artifacts/regime/comparisons/price_family_structural_windows/price_family_ma12_structural_linked/phase2_chronology/chronology_monthly.csv,0.65,0.08682972843981222,0.15,-0.026749999999999993,0.1,0.00299999999999999,0.1,-0.008736232821244245,4,True,0.05434349561856797,price_family_ma12_structural_linked,MA12_PRICE_AFFORDABILITY,incumbent_demand_capital_markets__ma12_price_affordability,0.1332268289519013,-0.07888333333333333,0.07888333333333333,-0.3751666666666666,0.6176666666666667,-0.796,0.4051666666666665,-0.1194,0.04051666666666665,-0.07888333333333336,2.7755575615628914e-17
district_of_columbia_dc__county,2025-03-31,0.0158333333333333,-0.09584295215738882,-0.05002691351140001,-0.2233333333333333,ma12_price_family_challenger,incumbent_dimension_history,incumbent_dimension_history,ma12_price_family_challenger,artifacts/regime/comparisons/price_family_structural_windows/price_family_ma12_structural_linked/phase2_chronology/chronology_monthly.csv,artifacts/regime/runs/macro_regime_v1_bps120_sources/dimension_scores.parquet,artifacts/regime/runs/macro_regime_v1_bps120_sources/dimension_scores.parquet,artifacts/regime/comparisons/price_family_structural_windows/price_family_ma12_structural_linked/phase2_chronology/chronology_monthly.csv,0.65,-0.032517493782410006,0.15,-0.033499999999999995,0.1,0.00158333333333333,0.1,-0.009584295215738883,4,True,-0.07401845566481556,price_family_ma12_structural_linked,MA12_PRICE_AFFORDABILITY,incumbent_demand_capital_markets__ma12_price_affordability,-0.015018455664815555,-0.059000000000000004,0.059000000000000004,0.045833333333333365,0.15,-0.3733333333333333,-0.030000000000000065,-0.055999999999999994,-0.0030000000000000066,-0.059000000000000004,0.0
district_of_columbia_dc__county,2025-04-30,-0.0783333333333333,-0.2526583023185289,0.002611975377488881,0.1533333333333333,ma12_price_family_challenger,incumbent_dimension_history,incumbent_dimension_history,ma12_price_family_challenger,artifacts/regime/comparisons/price_family_structural_windows/price_family_ma12_structural_linked/phase2_chronology/chronology_monthly.csv,artifacts/regime/runs/macro_regime_v1_bps120_sources/dimension_scores.parquet,artifacts/regime/runs/macro_regime_v1_bps120_sources/dimension_scores.parquet,artifacts/regime/comparisons/price_family_structural_windows/price_family_ma12_structural_linked/phase2_chronology/chronology_monthly.csv,0.65,0.0016977839953677728,0.15,0.022999999999999993,0.1,-0.00783333333333333,0.1,-0.025265830231852894,4,True,-0.008401379569818457,price_family_ma12_structural_linked,MA12_PRICE_AFFORDABILITY,incumbent_demand_capital_markets__ma12_price_affordability,0.02021528709684821,-0.028616666666666665,0.028616666666666665,-0.4641666666666667,0.6013333333333334,-0.44800000000000006,0.3858333333333334,-0.06720000000000001,0.038583333333333344,-0.028616666666666665,0.0
district_of_columbia_dc__county,2025-05-31,-0.0874999999999999,-0.20054544407806757,-0.08780469128917777,-0.0483333333333333,ma12_price_family_challenger,incumbent_dimension_history,incumbent_dimension_history,ma12_price_family_challenger,artifacts/regime/comparisons/price_family_structural_windows/price_family_ma12_structural_linked/phase2_chronology/chronology_monthly.csv,artifacts/regime/runs/macro_regime_v1_bps120_sources/dimension_scores.parquet,artifacts/regime/runs/macro_regime_v1_bps120_sources/dimension_scores.parquet,artifacts/regime/comparisons/price_family_structural_windows/price_family_ma12_structural_linked/phase2_chronology/chronology_monthly.csv,0.65,-0.05707304933796555,0.15,-0.007249999999999994,0.1,-0.00874999999999999,0.1,-0.020054544407806758,4,True,-0.0931275937457723,price_family_ma12_structural_linked,MA12_PRICE_AFFORDABILITY,incumbent_demand_capital_markets__ma12_price_affordability,-0.08129426041243898,-0.01183333333333332,0.01183333333333332,0.03583333333333327,-0.051666666666666645,0.003333333333333348,-0.12333333333333317,0.0005000000000000022,-0.012333333333333318,-0.011833333333333316,-5.204170427930421e-18
district_of_columbia_dc__county,2025-06-30,-0.0749999999999999,-0.15683125305922663,0.10733419759971109,-0.2299999999999999,ma12_price_family_challenger,incumbent_dimension_history,incumbent_dimension_history,ma12_price_family_challenger,artifacts/regime/comparisons/price_family_structural_windows/price_family_ma12_structural_linked/phase2_chronology/chronology_monthly.csv,artifacts/regime/runs/macro_regime_v1_bps120_sources/dimension_scores.parquet,artifacts/regime/runs/macro_regime_v1_bps120_sources/dimension_scores.parquet,artifacts/regime/comparisons/price_family_structural_windows/price_family_ma12_structural_linked/phase2_chronology/chronology_monthly.csv,0.65,0.06976722843981222,0.15,-0.03449999999999998,0.1,-0.00749999999999999,0.1,-0.015683125305922665,4,True,0.012084103133889579,price_family_ma12_structural_linked,MA12_PRICE_AFFORDABILITY,incumbent_demand_capital_markets__ma12_price_affordability,0.011667436467222871,0.0004166666666667075,0.0004166666666667075,-0.08416666666666672,-0.22666666666666668,-0.003333333333333216,0.009166666666666823,-0.0004999999999999823,0.0009166666666666824,0.00041666666666670003,7.48099499014998e-18
district_of_columbia_dc__county,2025-07-31,0.0366666666666666,-0.1752772788076686,-0.015165802400288907,-0.33,ma12_price_family_challenger,incumbent_dimension_history,incumbent_dimension_history,ma12_price_family_challenger,artifacts/regime/comparisons/price_family_structural_windows/price_family_ma12_structural_linked/phase2_chronology/chronology_monthly.csv,artifacts/regime/runs/macro_regime_v1_bps120_sources/dimension_scores.parquet,artifacts/regime/runs/macro_regime_v1_bps120_sources/dimension_scores.parquet,artifacts/regime/comparisons/price_family_structural_windows/price_family_ma12_structural_linked/phase2_chronology/chronology_monthly.csv,0.65,-0.00985777156018779,0.15,-0.0495,0.1,0.00366666666666666,0.1,-0.017527727880766862,4,True,-0.07321883277428799,price_family_ma12_structural_linked,MA12_PRICE_AFFORDABILITY,incumbent_demand_capital_markets__ma12_price_affordability,-0.01996883277428798,-0.05325000000000001,0.05325000000000001,0.14916666666666667,-0.05,-0.28,-0.11250000000000007,-0.042,-0.011250000000000008,-0.05325000000000001,0.0
district_of_columbia_dc__county,2025-08-31,0.025,-0.11389187828664891,-0.16544358017806657,-0.3333333333333333,ma12_price_family_challenger,incumbent_dimension_history,incumbent_dimension_history,ma12_price_family_challenger,artifacts/regime/comparisons/price_family_structural_windows/price_family_ma12_structural_linked/phase2_chronology/chronology_monthly.csv,artifacts/regime/runs/macro_regime_v1_bps120_sources/dimension_scores.parquet,artifacts/regime/runs/macro_regime_v1_bps120_sources/dimension_scores.parquet,artifacts/regime/comparisons/price_family_structural_windows/price_family_ma12_structural_linked/phase2_chronology/chronology_monthly.csv,0.65,-0.10753832711574328,0.15,-0.049999999999999996,0.1,0.0025000000000000005,0.1,-0.011389187828664892,4,True,-0.16642751494440816,price_family_ma12_structural_linked,MA12_PRICE_AFFORDABILITY,incumbent_demand_capital_markets__ma12_price_affordability,-0.15767751494440818,-0.00874999999999998,0.00874999999999998,-0.0025000000000000022,-0.2566666666666667,-0.0766666666666666,0.027500000000000004,-0.011499999999999991,0.0027500000000000007,-0.00874999999999999,1.0408340855860843e-17
district_of_columbia_dc__county,2025-09-30,-0.0233333333333333,-0.14045302424397124,-0.027804691289177785,-0.0966666666666666,ma12_price_family_challenger,incumbent_dimension_history,incumbent_dimension_history,ma12_price_family_challenger,artifacts/regime/comparisons/price_family_structural_windows/price_family_ma12_structural_linked/phase2_chronology/chronology_monthly.csv,artifacts/regime/runs/macro_regime_v1_bps120_sources/dimension_scores.parquet,artifacts/regime/runs/macro_regime_v1_bps120_sources/dimension_scores.parquet,artifacts/regime/comparisons/price_family_structural_windows/price_family_ma12_structural_linked/phase2_chronology/chronology_monthly.csv,0.65,-0.018073049337965563,0.15,-0.014499999999999989,0.1,-0.00233333333333333,0.1,-0.014045302424397124,4,True,-0.04895168509569601,price_family_ma12_structural_linked,MA12_PRICE_AFFORDABILITY,incumbent_demand_capital_markets__ma12_price_affordability,-0.044535018429029356,-0.004416666666666652,0.004416666666666652,-0.22666666666666668,0.06833333333333336,-0.16499999999999995,0.2033333333333334,-0.02474999999999999,0.020333333333333342,-0.004416666666666649,-3.469446951953614e-18
district_of_columbia_dc__county,2025-10-31,-0.0183333333333333,-0.11549955217196596,-0.027804691289177785,-0.0883333333333333,ma12_price_family_challenger,incumbent_dimension_history,incumbent_dimension_history,ma12_price_family_challenger,artifacts/regime/comparisons/price_family_structural_windows/price_family_ma12_structural_linked/phase2_chronology/chronology_monthly.csv,artifacts/regime/runs/macro_regime_v1_bps120_sources/dimension_scores.parquet,artifacts/regime/runs/macro_regime_v1_bps120_sources/dimension_scores.parquet,artifacts/regime/comparisons/price_family_structural_windows/price_family_ma12_structural_linked/phase2_chronology/chronology_monthly.csv,0.65,-0.018073049337965563,0.15,-0.013249999999999996,0.1,-0.00183333333333333,0.1,-0.011549955217196596,4,True,-0.044706337888495484,price_family_ma12_structural_linked,MA12_PRICE_AFFORDABILITY,incumbent_demand_capital_markets__ma12_price_affordability,-0.051289671221828814,0.00658333333333333,0.00658333333333333,0.003333333333333355,-0.14666666666666664,0.058333333333333334,-0.021666666666666654,0.008749999999999999,-0.0021666666666666653,0.006583333333333333,-3.469446951953614e-18
district_of_columbia_dc__county,2025-11-30,0.08,-0.11145659115366871,0.024417530933044423,-0.1866666666666667,ma12_price_family_challenger,incumbent_dimension_history,incumbent_dimension_history,ma12_price_family_challenger,artifacts/regime/comparisons/price_family_structural_windows/price_family_ma12_structural_linked/phase2_chronology/chronology_monthly.csv,artifacts/regime/runs/macro_regime_v1_bps120_sources/dimension_scores.parquet,artifacts/regime/runs/macro_regime_v1_bps120_sources/dimension_scores.parquet,artifacts/regime/comparisons/price_family_structural_windows/price_family_ma12_structural_linked/phase2_chronology/chronology_monthly.csv,0.65,0.015871395106478874,0.15,-0.028000000000000004,0.1,0.008,0.1,-0.011145659115366871,4,True,-0.015274264008888,price_family_ma12_structural_linked,MA12_PRICE_AFFORDABILITY,incumbent_demand_capital_markets__ma12_price_affordability,-0.004774264008887995,-0.010500000000000006,0.010500000000000006,-0.019999999999999962,-0.05000000000000002,-0.1366666666666667,0.09999999999999996,-0.0205,0.009999999999999997,-0.010500000000000004,-1.734723475976807e-18
district_of_columbia_dc__county,2025-12-31,-0.0475,-0.18696777576520068,0.02413975315526664,-0.1036666666666666,ma12_price_family_challenger,incumbent_dimension_history,incumbent_dimension_history,ma12_price_family_challenger,artifacts/regime/comparisons/price_family_structural_windows/price_family_ma12_structural_linked/phase2_chronology/chronology_monthly.csv,artifacts/regime/runs/macro_regime_v1_bps120_sources/dimension_scores.parquet,artifacts/regime/runs/macro_regime_v1_bps120_sources/dimension_scores.parquet,artifacts/regime/comparisons/price_family_structural_windows/price_family_ma12_structural_linked/phase2_chronology/chronology_monthly.csv,0.65,0.015690839550923315,0.15,-0.01554999999999999,0.1,-0.004750000000000001,0.1,-0.01869677757652007,4,True,-0.023305938025596745,price_family_ma12_structural_linked,MA12_PRICE_AFFORDABILITY,incumbent_demand_capital_markets__ma12_price_affordability,-0.036672604692263425,0.01336666666666668,0.01336666666666668,-0.3416666666666667,0.003333333333333355,-0.10699999999999996,0.2941666666666667,-0.01604999999999999,0.02941666666666667,0.01336666666666668,0.0
district_of_columbia_dc__county,2026-01-31,-0.1391666666666667,-0.15717840585773032,-0.1064158024002889,0.288,ma12_price_family_challenger,incumbent_dimension_history,incumbent_dimension_history,ma12_price_family_challenger,artifacts/regime/comparisons/price_family_structural_windows/price_family_ma12_structural_linked/phase2_chronology/chronology_monthly.csv,artifacts/regime/runs/macro_regime_v1_bps120_sources/dimension_scores.parquet,artifacts/regime/runs/macro_regime_v1_bps120_sources/dimension_scores.parquet,artifacts/regime/comparisons/price_family_structural_windows/price_family_ma12_structural_linked/phase2_chronology/chronology_monthly.csv,0.65,-0.06917027156018779,0.15,0.043199999999999995,0.1,-0.01391666666666667,0.1,-0.015717840585773035,4,True,-0.0556047788126275,price_family_ma12_structural_linked,MA12_PRICE_AFFORDABILITY,incumbent_demand_capital_markets__ma12_price_affordability,-0.03927144547929416,-0.01633333333333334,0.01633333333333334,0.07966666666666672,0.251,0.03699999999999998,-0.2188333333333334,0.005549999999999997,-0.02188333333333334,-0.016333333333333346,6.938893903907228e-18
district_of_columbia_dc__county,2026-02-28,-0.0075,-0.1218583309721292,0.0935841975997111,0.078,ma12_price_family_challenger,incumbent_dimension_history,incumbent_dimension_history,ma12_price_family_challenger,artifacts/regime/comparisons/price_family_structural_windows/price_family_ma12_structural_linked/phase2_chronology/chronology_monthly.csv,artifacts/regime/runs/macro_regime_v1_bps120_sources/dimension_scores.parquet,artifacts/regime/runs/macro_regime_v1_bps120_sources/dimension_scores.parquet,artifacts/regime/comparisons/price_family_structural_windows/price_family_ma12_structural_linked/phase2_chronology/chronology_monthly.csv,0.65,0.060829728439812214,0.15,0.0117,0.1,-0.00075,0.1,-0.01218583309721292,4,True,0.0595938953425993,price_family_ma12_structural_linked,MA12_PRICE_AFFORDABILITY,incumbent_demand_capital_markets__ma12_price_affordability,0.00939389534259931,0.05019999999999999,0.05019999999999999,0.7474999999999999,-0.76,0.838,-0.7549999999999999,0.12569999999999998,-0.0755,0.05019999999999998,6.938893903907228e-18
district_of_columbia_dc__county,2026-03-31,-0.0766666666666666,-0.2224807695058285,0.031778642044155564,-0.0636666666666666,ma12_price_family_challenger,incumbent_dimension_history,incumbent_dimension_history,ma12_price_family_challenger,artifacts/regime/comparisons/price_family_structural_windows/price_family_ma12_structural_linked/phase2_chronology/chronology_monthly.csv,artifacts/regime/runs/macro_regime_v1_bps120_sources/dimension_scores.parquet,artifacts/regime/runs/macro_regime_v1_bps120_sources/dimension_scores.parquet,artifacts/regime/comparisons/price_family_structural_windows/price_family_ma12_structural_linked/phase2_chronology/chronology_monthly.csv,0.65,0.020656117328701117,0.15,-0.009549999999999989,0.1,-0.007666666666666661,0.1,-0.022248076950582854,4,True,-0.01880862628854839,price_family_ma12_structural_linked,MA12_PRICE_AFFORDABILITY,incumbent_demand_capital_markets__ma12_price_affordability,0.03722470704478492,-0.05603333333333331,0.05603333333333331,-0.16583333333333336,0.36933333333333335,-0.43299999999999994,0.08916666666666676,-0.06495,0.008916666666666675,-0.05603333333333332,6.938893903907228e-18
district_of_columbia_dc__county,2026-04-30,0.0266666666666666,-0.25686349974066025,0.0673341975997111,-0.4483333333333333,ma12_price_family_challenger,incumbent_dimension_history,incumbent_dimension_history,ma12_price_family_challenger,artifacts/regime/comparisons/price_family_structural_windows/price_family_ma12_structural_linked/phase2_chronology/chronology_monthly.csv,artifacts/regime/runs/macro_regime_v1_bps120_sources/dimension_scores.parquet,artifacts/regime/runs/macro_regime_v1_bps120_sources/dimension_scores.parquet,artifacts/regime/comparisons/price_family_structural_windows/price_family_ma12_structural_linked/phase2_chronology/chronology_monthly.csv,0.65,0.04376722843981221,0.15,-0.06724999999999999,0.1,0.00266666666666666,0.1,-0.025686349974066026,4,True,-0.04650245486758714,price_family_ma12_structural_linked,MA12_PRICE_AFFORDABILITY,incumbent_demand_capital_markets__ma12_price_affordability,0.017164211799079516,-0.06366666666666665,0.06366666666666665,0.4158333333333333,-0.2833333333333334,-0.16499999999999992,-0.38916666666666666,-0.024749999999999987,-0.03891666666666667,-0.06366666666666665,0.0
district_of_columbia_dc__county,2026-05-31,-0.0749999999999999,-0.29150088680376574,-0.07919358017806664,-0.3316666666666666,ma12_price_family_challenger,incumbent_dimension_history,incumbent_dimension_history,ma12_price_family_challenger,artifacts/regime/comparisons/price_family_structural_windows/price_family_ma12_structural_linked/phase2_chronology/chronology_monthly.csv,artifacts/regime/runs/macro_regime_v1_bps120_sources/dimension_scores.parquet,artifacts/regime/runs/macro_regime_v1_bps120_sources/dimension_scores.parquet,artifacts/regime/comparisons/price_family_structural_windows/price_family_ma12_structural_linked/phase2_chronology/chronology_monthly.csv,0.65,-0.05147582711574332,0.15,-0.04974999999999999,0.1,-0.00749999999999999,0.1,-0.029150088680376576,4,True,-0.13787591579611988,price_family_ma12_structural_linked,MA12_PRICE_AFFORDABILITY,incumbent_demand_capital_markets__ma12_price_affordability,-0.05750924912945324,-0.08036666666666664,0.08036666666666664,-0.5458333333333334,0.518,-0.8496666666666666,0.4708333333333335,-0.12744999999999998,0.04708333333333335,-0.08036666666666663,-1.3877787807814457e-17
district_of_columbia_dc__county,2026-06-30,-0.0749999999999999,-0.21672324010863978,-0.07919358017806664,-0.3316666666666666,ma12_price_family_challenger,incumbent_dimension_history,incumbent_dimension_history,ma12_price_family_challenger,artifacts/regime/comparisons/price_family_structural_windows/price_family_ma12_structural_linked/phase2_chronology/chronology_monthly.csv,artifacts/regime/runs/macro_regime_v1_bps120_sources/dimension_scores.parquet,artifacts/regime/runs/macro_regime_v1_bps120_sources/dimension_scores.parquet,artifacts/regime/comparisons/price_family_structural_windows/price_family_ma12_structural_linked/phase2_chronology/chronology_monthly.csv,0.65,-0.05147582711574332,0.15,-0.04974999999999999,0.1,-0.00749999999999999,0.1,-0.02167232401086398,4,True,-0.13039815112660727,price_family_ma12_structural_linked,MA12_PRICE_AFFORDABILITY,incumbent_demand_capital_markets__ma12_price_affordability,-0.05003148445994064,-0.08036666666666663,0.08036666666666663,-0.5458333333333334,0.518,-0.8496666666666666,0.4708333333333335,-0.12744999999999998,0.04708333333333335,-0.08036666666666663,0.0
district_of_columbia_dc__county,2026-07-31,-0.0749999999999999,-0.17393850014280368,-0.07919358017806664,-0.3316666666666666,ma12_price_family_challenger,incumbent_dimension_history,incumbent_dimension_history,ma12_price_family_challenger,artifacts/regime/comparisons/price_family_structural_windows/price_family_ma12_structural_linked/phase2_chronology/chronology_monthly.csv,artifacts/regime/runs/macro_regime_v1_bps120_sources/dimension_scores.parquet,artifacts/regime/runs/macro_regime_v1_bps120_sources/dimension_scores.parquet,artifacts/regime/comparisons/price_family_structural_windows/price_family_ma12_structural_linked/phase2_chronology/chronology_monthly.csv,0.65,-0.05147582711574332,0.15,-0.04974999999999999,0.1,-0.00749999999999999,0.1,-0.017393850014280367,4,True,-0.12611967713002367,price_family_ma12_structural_linked,MA12_PRICE_AFFORDABILITY,incumbent_demand_capital_markets__ma12_price_affordability,-0.04575301046335703,-0.08036666666666664,0.08036666666666664,-0.5458333333333334,0.518,-0.8496666666666666,0.4708333333333335,-0.12744999999999998,0.04708333333333335,-0.08036666666666663,-1.3877787807814457e-17
