geo_id,date,axis,dimension,dimension_score,configured_weight,weighted_contribution,integrated_demand_axis,complete_dimension_coverage,source_role,source_path,price_family_candidate_id,integration_policy
alameda_county_ca__county,2015-11-30,demand,demand,0.6332081512817073,0.65,0.41158529833310975,0.4442094628197228,True,incumbent_dimension_history,artifacts/regime/runs/macro_regime_v1_bps120_sources/dimension_scores.parquet,price_family_ma12_structural_linked,incumbent_demand_capital_markets__ma12_price_affordability
alameda_county_ca__county,2015-11-30,demand,price,0.98,0.15,0.147,0.4442094628197228,True,ma12_price_family_challenger,artifacts/regime/comparisons/price_family_structural_windows/price_family_ma12_structural_linked/phase2_chronology/chronology_monthly.csv,price_family_ma12_structural_linked,incumbent_demand_capital_markets__ma12_price_affordability
alameda_county_ca__county,2015-11-30,demand,affordability,-0.98,0.1,-0.098,0.4442094628197228,True,ma12_price_family_challenger,artifacts/regime/comparisons/price_family_structural_windows/price_family_ma12_structural_linked/phase2_chronology/chronology_monthly.csv,price_family_ma12_structural_linked,incumbent_demand_capital_markets__ma12_price_affordability
alameda_county_ca__county,2015-11-30,demand,capital_markets,-0.16375835513386988,0.1,-0.016375835513386987,0.4442094628197228,True,incumbent_dimension_history,artifacts/regime/runs/macro_regime_v1_bps120_sources/dimension_scores.parquet,price_family_ma12_structural_linked,incumbent_demand_capital_markets__ma12_price_affordability
alameda_county_ca__county,2015-12-31,demand,demand,0.6804749356091184,0.65,0.442308708145927,0.5209946034055527,True,incumbent_dimension_history,artifacts/regime/runs/macro_regime_v1_bps120_sources/dimension_scores.parquet,price_family_ma12_structural_linked,incumbent_demand_capital_markets__ma12_price_affordability
alameda_county_ca__county,2015-12-31,demand,price,0.98,0.15,0.147,0.5209946034055527,True,ma12_price_family_challenger,artifacts/regime/comparisons/price_family_structural_windows/price_family_ma12_structural_linked/phase2_chronology/chronology_monthly.csv,price_family_ma12_structural_linked,incumbent_demand_capital_markets__ma12_price_affordability
alameda_county_ca__county,2015-12-31,demand,affordability,-0.5405405405405406,0.1,-0.05405405405405406,0.5209946034055527,True,ma12_price_family_challenger,artifacts/regime/comparisons/price_family_structural_windows/price_family_ma12_structural_linked/phase2_chronology/chronology_monthly.csv,price_family_ma12_structural_linked,incumbent_demand_capital_markets__ma12_price_affordability
alameda_county_ca__county,2015-12-31,demand,capital_markets,-0.14260050686320172,0.1,-0.014260050686320172,0.5209946034055527,True,incumbent_dimension_history,artifacts/regime/runs/macro_regime_v1_bps120_sources/dimension_scores.parquet,price_family_ma12_structural_linked,incumbent_demand_capital_markets__ma12_price_affordability
alameda_county_ca__county,2016-01-31,demand,demand,0.8396956549197928,0.65,0.5458021756978654,0.6251313150193646,True,incumbent_dimension_history,artifacts/regime/runs/macro_regime_v1_bps120_sources/dimension_scores.parquet,price_family_ma12_structural_linked,incumbent_demand_capital_markets__ma12_price_affordability
alameda_county_ca__county,2016-01-31,demand,price,0.98,0.15,0.147,0.6251313150193646,True,ma12_price_family_challenger,artifacts/regime/comparisons/price_family_structural_windows/price_family_ma12_structural_linked/phase2_chronology/chronology_monthly.csv,price_family_ma12_structural_linked,incumbent_demand_capital_markets__ma12_price_affordability
alameda_county_ca__county,2016-01-31,demand,affordability,-0.6578947368421053,0.1,-0.06578947368421054,0.6251313150193646,True,ma12_price_family_challenger,artifacts/regime/comparisons/price_family_structural_windows/price_family_ma12_structural_linked/phase2_chronology/chronology_monthly.csv,price_family_ma12_structural_linked,incumbent_demand_capital_markets__ma12_price_affordability
alameda_county_ca__county,2016-01-31,demand,capital_markets,-0.018813869942902857,0.1,-0.0018813869942902858,0.6251313150193646,True,incumbent_dimension_history,artifacts/regime/runs/macro_regime_v1_bps120_sources/dimension_scores.parquet,price_family_ma12_structural_linked,incumbent_demand_capital_markets__ma12_price_affordability
alameda_county_ca__county,2016-02-29,demand,demand,0.84881189747963,0.65,0.5517277333617595,0.609036635220354,True,incumbent_dimension_history,artifacts/regime/runs/macro_regime_v1_bps120_sources/dimension_scores.parquet,price_family_ma12_structural_linked,incumbent_demand_capital_markets__ma12_price_affordability
alameda_county_ca__county,2016-02-29,demand,price,0.3822222222222222,0.15,0.057333333333333326,0.609036635220354,True,ma12_price_family_challenger,artifacts/regime/comparisons/price_family_structural_windows/price_family_ma12_structural_linked/phase2_chronology/chronology_monthly.csv,price_family_ma12_structural_linked,incumbent_demand_capital_markets__ma12_price_affordability
alameda_county_ca__county,2016-02-29,demand,affordability,-0.2332112332112331,0.1,-0.02332112332112331,0.609036635220354,True,ma12_price_family_challenger,artifacts/regime/comparisons/price_family_structural_windows/price_family_ma12_structural_linked/phase2_chronology/chronology_monthly.csv,price_family_ma12_structural_linked,incumbent_demand_capital_markets__ma12_price_affordability
alameda_county_ca__county,2016-02-29,demand,capital_markets,0.23296691846384493,0.1,0.023296691846384495,0.609036635220354,True,incumbent_dimension_history,artifacts/regime/runs/macro_regime_v1_bps120_sources/dimension_scores.parquet,price_family_ma12_structural_linked,incumbent_demand_capital_markets__ma12_price_affordability
alameda_county_ca__county,2016-03-31,demand,demand,0.7298576358152955,0.65,0.4744074632799421,0.4466825321305282,True,incumbent_dimension_history,artifacts/regime/runs/macro_regime_v1_bps120_sources/dimension_scores.parquet,price_family_ma12_structural_linked,incumbent_demand_capital_markets__ma12_price_affordability
alameda_county_ca__county,2016-03-31,demand,price,0.0924324324324324,0.15,0.01386486486486486,0.4466825321305282,True,ma12_price_family_challenger,artifacts/regime/comparisons/price_family_structural_windows/price_family_ma12_structural_linked/phase2_chronology/chronology_monthly.csv,price_family_ma12_structural_linked,incumbent_demand_capital_markets__ma12_price_affordability
alameda_county_ca__county,2016-03-31,demand,affordability,-0.3947876447876448,0.1,-0.03947876447876448,0.4466825321305282,True,ma12_price_family_challenger,artifacts/regime/comparisons/price_family_structural_windows/price_family_ma12_structural_linked/phase2_chronology/chronology_monthly.csv,price_family_ma12_structural_linked,incumbent_demand_capital_markets__ma12_price_affordability
alameda_county_ca__county,2016-03-31,demand,capital_markets,-0.021110315355142944,0.1,-0.0021110315355142946,0.4466825321305282,True,incumbent_dimension_history,artifacts/regime/runs/macro_regime_v1_bps120_sources/dimension_scores.parquet,price_family_ma12_structural_linked,incumbent_demand_capital_markets__ma12_price_affordability
alameda_county_ca__county,2016-04-30,demand,demand,0.6429887436456064,0.65,0.4179426833696442,0.3720848279950845,True,incumbent_dimension_history,artifacts/regime/runs/macro_regime_v1_bps120_sources/dimension_scores.parquet,price_family_ma12_structural_linked,incumbent_demand_capital_markets__ma12_price_affordability
alameda_county_ca__county,2016-04-30,demand,price,-0.1470175438596491,0.15,-0.022052631578947365,0.3720848279950845,True,ma12_price_family_challenger,artifacts/regime/comparisons/price_family_structural_windows/price_family_ma12_structural_linked/phase2_chronology/chronology_monthly.csv,price_family_ma12_structural_linked,incumbent_demand_capital_markets__ma12_price_affordability
alameda_county_ca__county,2016-04-30,demand,affordability,-0.3200073354117,0.1,-0.03200073354117,0.3720848279950845,True,ma12_price_family_challenger,artifacts/regime/comparisons/price_family_structural_windows/price_family_ma12_structural_linked/phase2_chronology/chronology_monthly.csv,price_family_ma12_structural_linked,incumbent_demand_capital_markets__ma12_price_affordability
alameda_county_ca__county,2016-04-30,demand,capital_markets,0.08195509745557719,0.1,0.00819550974555772,0.3720848279950845,True,incumbent_dimension_history,artifacts/regime/runs/macro_regime_v1_bps120_sources/dimension_scores.parquet,price_family_ma12_structural_linked,incumbent_demand_capital_markets__ma12_price_affordability
alameda_county_ca__county,2016-05-31,demand,demand,0.8350053516819571,0.65,0.5427534785932722,0.48427952173177435,True,incumbent_dimension_history,artifacts/regime/runs/macro_regime_v1_bps120_sources/dimension_scores.parquet,price_family_ma12_structural_linked,incumbent_demand_capital_markets__ma12_price_affordability
alameda_county_ca__county,2016-05-31,demand,price,-0.2545299145299144,0.15,-0.03817948717948716,0.48427952173177435,True,ma12_price_family_challenger,artifacts/regime/comparisons/price_family_structural_windows/price_family_ma12_structural_linked/phase2_chronology/chronology_monthly.csv,price_family_ma12_structural_linked,incumbent_demand_capital_markets__ma12_price_affordability
alameda_county_ca__county,2016-05-31,demand,affordability,-0.3393511250654107,0.1,-0.03393511250654107,0.48427952173177435,True,ma12_price_family_challenger,artifacts/regime/comparisons/price_family_structural_windows/price_family_ma12_structural_linked/phase2_chronology/chronology_monthly.csv,price_family_ma12_structural_linked,incumbent_demand_capital_markets__ma12_price_affordability
alameda_county_ca__county,2016-05-31,demand,capital_markets,0.13640642824530413,0.1,0.013640642824530414,0.48427952173177435,True,incumbent_dimension_history,artifacts/regime/runs/macro_regime_v1_bps120_sources/dimension_scores.parquet,price_family_ma12_structural_linked,incumbent_demand_capital_markets__ma12_price_affordability
alameda_county_ca__county,2016-06-30,demand,demand,0.6128686868686869,0.65,0.3983646464646465,0.35076218842716794,True,incumbent_dimension_history,artifacts/regime/runs/macro_regime_v1_bps120_sources/dimension_scores.parquet,price_family_ma12_structural_linked,incumbent_demand_capital_markets__ma12_price_affordability
alameda_county_ca__county,2016-06-30,demand,price,-0.2733333333333333,0.15,-0.040999999999999995,0.35076218842716794,True,ma12_price_family_challenger,artifacts/regime/comparisons/price_family_structural_windows/price_family_ma12_structural_linked/phase2_chronology/chronology_monthly.csv,price_family_ma12_structural_linked,incumbent_demand_capital_markets__ma12_price_affordability
alameda_county_ca__county,2016-06-30,demand,affordability,-0.3601328903654485,0.1,-0.03601328903654485,0.35076218842716794,True,ma12_price_family_challenger,artifacts/regime/comparisons/price_family_structural_windows/price_family_ma12_structural_linked/phase2_chronology/chronology_monthly.csv,price_family_ma12_structural_linked,incumbent_demand_capital_markets__ma12_price_affordability
alameda_county_ca__county,2016-06-30,demand,capital_markets,0.2941083099906629,0.1,0.02941083099906629,0.35076218842716794,True,incumbent_dimension_history,artifacts/regime/runs/macro_regime_v1_bps120_sources/dimension_scores.parquet,price_family_ma12_structural_linked,incumbent_demand_capital_markets__ma12_price_affordability
alameda_county_ca__county,2016-07-31,demand,demand,0.7680315315315314,0.65,0.4992204954954954,0.4727343303113844,True,incumbent_dimension_history,artifacts/regime/runs/macro_regime_v1_bps120_sources/dimension_scores.parquet,price_family_ma12_structural_linked,incumbent_demand_capital_markets__ma12_price_affordability
alameda_county_ca__county,2016-07-31,demand,price,-0.3074796747967479,0.15,-0.04612195121951219,0.4727343303113844,True,ma12_price_family_challenger,artifacts/regime/comparisons/price_family_structural_windows/price_family_ma12_structural_linked/phase2_chronology/chronology_monthly.csv,price_family_ma12_structural_linked,incumbent_demand_capital_markets__ma12_price_affordability
alameda_county_ca__county,2016-07-31,demand,affordability,-0.2407190370605005,0.1,-0.02407190370605005,0.4727343303113844,True,ma12_price_family_challenger,artifacts/regime/comparisons/price_family_structural_windows/price_family_ma12_structural_linked/phase2_chronology/chronology_monthly.csv,price_family_ma12_structural_linked,incumbent_demand_capital_markets__ma12_price_affordability
alameda_county_ca__county,2016-07-31,demand,capital_markets,0.43707689741451206,0.1,0.04370768974145121,0.4727343303113844,True,incumbent_dimension_history,artifacts/regime/runs/macro_regime_v1_bps120_sources/dimension_scores.parquet,price_family_ma12_structural_linked,incumbent_demand_capital_markets__ma12_price_affordability
alameda_county_ca__county,2016-08-31,demand,demand,0.629734126984127,0.65,0.4093271825396826,0.3499507119731333,True,incumbent_dimension_history,artifacts/regime/runs/macro_regime_v1_bps120_sources/dimension_scores.parquet,price_family_ma12_structural_linked,incumbent_demand_capital_markets__ma12_price_affordability
alameda_county_ca__county,2016-08-31,demand,price,-0.3082539682539681,0.15,-0.04623809523809522,0.3499507119731333,True,ma12_price_family_challenger,artifacts/regime/comparisons/price_family_structural_windows/price_family_ma12_structural_linked/phase2_chronology/chronology_monthly.csv,price_family_ma12_structural_linked,incumbent_demand_capital_markets__ma12_price_affordability
alameda_county_ca__county,2016-08-31,demand,affordability,-0.2921768707482993,0.1,-0.02921768707482993,0.3499507119731333,True,ma12_price_family_challenger,artifacts/regime/comparisons/price_family_structural_windows/price_family_ma12_structural_linked/phase2_chronology/chronology_monthly.csv,price_family_ma12_structural_linked,incumbent_demand_capital_markets__ma12_price_affordability
alameda_county_ca__county,2016-08-31,demand,capital_markets,0.16079311746375827,0.1,0.016079311746375828,0.3499507119731333,True,incumbent_dimension_history,artifacts/regime/runs/macro_regime_v1_bps120_sources/dimension_scores.parquet,price_family_ma12_structural_linked,incumbent_demand_capital_markets__ma12_price_affordability
alameda_county_ca__county,2016-09-30,demand,demand,0.8074970501474926,0.65,0.5248730825958702,0.4462955743099892,True,incumbent_dimension_history,artifacts/regime/runs/macro_regime_v1_bps120_sources/dimension_scores.parquet,price_family_ma12_structural_linked,incumbent_demand_capital_markets__ma12_price_affordability
alameda_county_ca__county,2016-09-30,demand,price,-0.3089922480620155,0.15,-0.04634883720930232,0.4462955743099892,True,ma12_price_family_challenger,artifacts/regime/comparisons/price_family_structural_windows/price_family_ma12_structural_linked/phase2_chronology/chronology_monthly.csv,price_family_ma12_structural_linked,incumbent_demand_capital_markets__ma12_price_affordability
alameda_county_ca__county,2016-09-30,demand,affordability,-0.4145673840820454,0.1,-0.041456738408204546,0.4462955743099892,True,ma12_price_family_challenger,artifacts/regime/comparisons/price_family_structural_windows/price_family_ma12_structural_linked/phase2_chronology/chronology_monthly.csv,price_family_ma12_structural_linked,incumbent_demand_capital_markets__ma12_price_affordability
alameda_county_ca__county,2016-09-30,demand,capital_markets,0.09228067331625907,0.1,0.009228067331625907,0.4462955743099892,True,incumbent_dimension_history,artifacts/regime/runs/macro_regime_v1_bps120_sources/dimension_scores.parquet,price_family_ma12_structural_linked,incumbent_demand_capital_markets__ma12_price_affordability
alameda_county_ca__county,2016-10-31,demand,demand,0.6529400584795322,0.65,0.42441103801169594,0.3356693140687156,True,incumbent_dimension_history,artifacts/regime/runs/macro_regime_v1_bps120_sources/dimension_scores.parquet,price_family_ma12_structural_linked,incumbent_demand_capital_markets__ma12_price_affordability
alameda_county_ca__county,2016-10-31,demand,price,-0.2642424242424242,0.15,-0.03963636363636363,0.3356693140687156,True,ma12_price_family_challenger,artifacts/regime/comparisons/price_family_structural_windows/price_family_ma12_structural_linked/phase2_chronology/chronology_monthly.csv,price_family_ma12_structural_linked,incumbent_demand_capital_markets__ma12_price_affordability
alameda_county_ca__county,2016-10-31,demand,affordability,-0.509850787510362,0.1,-0.050985078751036195,0.3356693140687156,True,ma12_price_family_challenger,artifacts/regime/comparisons/price_family_structural_windows/price_family_ma12_structural_linked/phase2_chronology/chronology_monthly.csv,price_family_ma12_structural_linked,incumbent_demand_capital_markets__ma12_price_affordability
alameda_county_ca__county,2016-10-31,demand,capital_markets,0.01879718444419463,0.1,0.001879718444419463,0.3356693140687156,True,incumbent_dimension_history,artifacts/regime/runs/macro_regime_v1_bps120_sources/dimension_scores.parquet,price_family_ma12_structural_linked,incumbent_demand_capital_markets__ma12_price_affordability
alameda_county_ca__county,2016-11-30,demand,demand,0.7284685990338163,0.65,0.47350458937198064,0.3374114951352946,True,incumbent_dimension_history,artifacts/regime/runs/macro_regime_v1_bps120_sources/dimension_scores.parquet,price_family_ma12_structural_linked,incumbent_demand_capital_markets__ma12_price_affordability
alameda_county_ca__county,2016-11-30,demand,price,-0.4906666666666667,0.15,-0.0736,0.3374114951352946,True,ma12_price_family_challenger,artifacts/regime/comparisons/price_family_structural_windows/price_family_ma12_structural_linked/phase2_chronology/chronology_monthly.csv,price_family_ma12_structural_linked,incumbent_demand_capital_markets__ma12_price_affordability
alameda_county_ca__county,2016-11-30,demand,affordability,-0.3455555555555555,0.1,-0.034555555555555555,0.3374114951352946,True,ma12_price_family_challenger,artifacts/regime/comparisons/price_family_structural_windows/price_family_ma12_structural_linked/phase2_chronology/chronology_monthly.csv,price_family_ma12_structural_linked,incumbent_demand_capital_markets__ma12_price_affordability
alameda_county_ca__county,2016-11-30,demand,capital_markets,-0.2793753868113046,0.1,-0.02793753868113046,0.3374114951352946,True,incumbent_dimension_history,artifacts/regime/runs/macro_regime_v1_bps120_sources/dimension_scores.parquet,price_family_ma12_structural_linked,incumbent_demand_capital_markets__ma12_price_affordability
alameda_county_ca__county,2016-12-31,demand,demand,0.5204352767283802,0.65,0.33828292987344716,0.21998926922947531,True,incumbent_dimension_history,artifacts/regime/runs/macro_regime_v1_bps120_sources/dimension_scores.parquet,price_family_ma12_structural_linked,incumbent_demand_capital_markets__ma12_price_affordability
alameda_county_ca__county,2016-12-31,demand,price,-0.5128131609870741,0.15,-0.07692197414806111,0.21998926922947531,True,ma12_price_family_challenger,artifacts/regime/comparisons/price_family_structural_windows/price_family_ma12_structural_linked/phase2_chronology/chronology_monthly.csv,price_family_ma12_structural_linked,incumbent_demand_capital_markets__ma12_price_affordability
alameda_county_ca__county,2016-12-31,demand,affordability,0.0777236864193386,0.1,0.007772368641933861,0.21998926922947531,True,ma12_price_family_challenger,artifacts/regime/comparisons/price_family_structural_windows/price_family_ma12_structural_linked/phase2_chronology/chronology_monthly.csv,price_family_ma12_structural_linked,incumbent_demand_capital_markets__ma12_price_affordability
alameda_county_ca__county,2016-12-31,demand,capital_markets,-0.491440551378446,0.1,-0.0491440551378446,0.21998926922947531,True,incumbent_dimension_history,artifacts/regime/runs/macro_regime_v1_bps120_sources/dimension_scores.parquet,price_family_ma12_structural_linked,incumbent_demand_capital_markets__ma12_price_affordability
alameda_county_ca__county,2017-01-31,demand,demand,0.3399763662263662,0.65,0.22098463804713803,0.1313550538380119,True,incumbent_dimension_history,artifacts/regime/runs/macro_regime_v1_bps120_sources/dimension_scores.parquet,price_family_ma12_structural_linked,incumbent_demand_capital_markets__ma12_price_affordability
alameda_county_ca__county,2017-01-31,demand,price,-0.5659260918253081,0.15,-0.0848889137737962,0.1313550538380119,True,ma12_price_family_challenger,artifacts/regime/comparisons/price_family_structural_windows/price_family_ma12_structural_linked/phase2_chronology/chronology_monthly.csv,price_family_ma12_structural_linked,incumbent_demand_capital_markets__ma12_price_affordability
alameda_county_ca__county,2017-01-31,demand,affordability,0.1241545352743561,0.1,0.01241545352743561,0.1313550538380119,True,ma12_price_family_challenger,artifacts/regime/comparisons/price_family_structural_windows/price_family_ma12_structural_linked/phase2_chronology/chronology_monthly.csv,price_family_ma12_structural_linked,incumbent_demand_capital_markets__ma12_price_affordability
alameda_county_ca__county,2017-01-31,demand,capital_markets,-0.1715612396276552,0.1,-0.017156123962765522,0.1313550538380119,True,incumbent_dimension_history,artifacts/regime/runs/macro_regime_v1_bps120_sources/dimension_scores.parquet,price_family_ma12_structural_linked,incumbent_demand_capital_markets__ma12_price_affordability
alameda_county_ca__county,2017-02-28,demand,demand,0.5446429363166652,0.65,0.3540179086058324,0.24928606473490608,True,incumbent_dimension_history,artifacts/regime/runs/macro_regime_v1_bps120_sources/dimension_scores.parquet,price_family_ma12_structural_linked,incumbent_demand_capital_markets__ma12_price_affordability
alameda_county_ca__county,2017-02-28,demand,price,-0.5418205128205128,0.15,-0.08127307692307692,0.24928606473490608,True,ma12_price_family_challenger,artifacts/regime/comparisons/price_family_structural_windows/price_family_ma12_structural_linked/phase2_chronology/chronology_monthly.csv,price_family_ma12_structural_linked,incumbent_demand_capital_markets__ma12_price_affordability
alameda_county_ca__county,2017-02-28,demand,affordability,0.0389517345399698,0.1,0.0038951734539969802,0.24928606473490608,True,ma12_price_family_challenger,artifacts/regime/comparisons/price_family_structural_windows/price_family_ma12_structural_linked/phase2_chronology/chronology_monthly.csv,price_family_ma12_structural_linked,incumbent_demand_capital_markets__ma12_price_affordability
alameda_county_ca__county,2017-02-28,demand,capital_markets,-0.2735394040184632,0.1,-0.027353940401846324,0.24928606473490608,True,incumbent_dimension_history,artifacts/regime/runs/macro_regime_v1_bps120_sources/dimension_scores.parquet,price_family_ma12_structural_linked,incumbent_demand_capital_markets__ma12_price_affordability
alameda_county_ca__county,2017-03-31,demand,demand,0.5051169309992839,0.65,0.3283260051495345,0.2194557112649861,True,incumbent_dimension_history,artifacts/regime/runs/macro_regime_v1_bps120_sources/dimension_scores.parquet,price_family_ma12_structural_linked,incumbent_demand_capital_markets__ma12_price_affordability
alameda_county_ca__county,2017-03-31,demand,price,-0.4188979591836735,0.15,-0.06283469387755103,0.2194557112649861,True,ma12_price_family_challenger,artifacts/regime/comparisons/price_family_structural_windows/price_family_ma12_structural_linked/phase2_chronology/chronology_monthly.csv,price_family_ma12_structural_linked,incumbent_demand_capital_markets__ma12_price_affordability
alameda_county_ca__county,2017-03-31,demand,affordability,-0.1680729984301413,0.1,-0.016807299843014132,0.2194557112649861,True,ma12_price_family_challenger,artifacts/regime/comparisons/price_family_structural_windows/price_family_ma12_structural_linked/phase2_chronology/chronology_monthly.csv,price_family_ma12_structural_linked,incumbent_demand_capital_markets__ma12_price_affordability
alameda_county_ca__county,2017-03-31,demand,capital_markets,-0.29228300163983295,0.1,-0.029228300163983298,0.2194557112649861,True,incumbent_dimension_history,artifacts/regime/runs/macro_regime_v1_bps120_sources/dimension_scores.parquet,price_family_ma12_structural_linked,incumbent_demand_capital_markets__ma12_price_affordability
alameda_county_ca__county,2017-04-30,demand,demand,0.36118719243719244,0.65,0.2347716750841751,0.16434396014230165,True,incumbent_dimension_history,artifacts/regime/runs/macro_regime_v1_bps120_sources/dimension_scores.parquet,price_family_ma12_structural_linked,incumbent_demand_capital_markets__ma12_price_affordability
alameda_county_ca__county,2017-04-30,demand,price,-0.3569756097560975,0.15,-0.05354634146341462,0.16434396014230165,True,ma12_price_family_challenger,artifacts/regime/comparisons/price_family_structural_windows/price_family_ma12_structural_linked/phase2_chronology/chronology_monthly.csv,price_family_ma12_structural_linked,incumbent_demand_capital_markets__ma12_price_affordability
alameda_county_ca__county,2017-04-30,demand,affordability,-0.1476134376438103,0.1,-0.01476134376438103,0.16434396014230165,True,ma12_price_family_challenger,artifacts/regime/comparisons/price_family_structural_windows/price_family_ma12_structural_linked/phase2_chronology/chronology_monthly.csv,price_family_ma12_structural_linked,incumbent_demand_capital_markets__ma12_price_affordability
alameda_county_ca__county,2017-04-30,demand,capital_markets,-0.021200297140778014,0.1,-0.0021200297140778015,0.16434396014230165,True,incumbent_dimension_history,artifacts/regime/runs/macro_regime_v1_bps120_sources/dimension_scores.parquet,price_family_ma12_structural_linked,incumbent_demand_capital_markets__ma12_price_affordability
alameda_county_ca__county,2017-05-31,demand,demand,0.48979830354830356,0.65,0.31836889730639734,0.22904754219424744,True,incumbent_dimension_history,artifacts/regime/runs/macro_regime_v1_bps120_sources/dimension_scores.parquet,price_family_ma12_structural_linked,incumbent_demand_capital_markets__ma12_price_affordability
alameda_county_ca__county,2017-05-31,demand,price,-0.4185658263305322,0.15,-0.06278487394957982,0.22904754219424744,True,ma12_price_family_challenger,artifacts/regime/comparisons/price_family_structural_windows/price_family_ma12_structural_linked/phase2_chronology/chronology_monthly.csv,price_family_ma12_structural_linked,incumbent_demand_capital_markets__ma12_price_affordability
alameda_county_ca__county,2017-05-31,demand,affordability,-0.1106286959228136,0.1,-0.01106286959228136,0.22904754219424744,True,ma12_price_family_challenger,artifacts/regime/comparisons/price_family_structural_windows/price_family_ma12_structural_linked/phase2_chronology/chronology_monthly.csv,price_family_ma12_structural_linked,incumbent_demand_capital_markets__ma12_price_affordability
alameda_county_ca__county,2017-05-31,demand,capital_markets,-0.15473611570288712,0.1,-0.015473611570288712,0.22904754219424744,True,incumbent_dimension_history,artifacts/regime/runs/macro_regime_v1_bps120_sources/dimension_scores.parquet,price_family_ma12_structural_linked,incumbent_demand_capital_markets__ma12_price_affordability
alameda_county_ca__county,2017-06-30,demand,demand,0.33652052577052577,0.65,0.21873834175084175,0.1566026419721897,True,incumbent_dimension_history,artifacts/regime/runs/macro_regime_v1_bps120_sources/dimension_scores.parquet,price_family_ma12_structural_linked,incumbent_demand_capital_markets__ma12_price_affordability
alameda_county_ca__county,2017-06-30,demand,price,-0.3372737030411449,0.15,-0.050591055456171735,0.1566026419721897,True,ma12_price_family_challenger,artifacts/regime/comparisons/price_family_structural_windows/price_family_ma12_structural_linked/phase2_chronology/chronology_monthly.csv,price_family_ma12_structural_linked,incumbent_demand_capital_markets__ma12_price_affordability
alameda_county_ca__county,2017-06-30,demand,affordability,-0.1002927305252886,0.1,-0.010029273052528861,0.1566026419721897,True,ma12_price_family_challenger,artifacts/regime/comparisons/price_family_structural_windows/price_family_ma12_structural_linked/phase2_chronology/chronology_monthly.csv,price_family_ma12_structural_linked,incumbent_demand_capital_markets__ma12_price_affordability
alameda_county_ca__county,2017-06-30,demand,capital_markets,-0.015153712699514252,0.1,-0.0015153712699514253,0.1566026419721897,True,incumbent_dimension_history,artifacts/regime/runs/macro_regime_v1_bps120_sources/dimension_scores.parquet,price_family_ma12_structural_linked,incumbent_demand_capital_markets__ma12_price_affordability
alameda_county_ca__county,2017-07-31,demand,demand,0.4822983035483035,0.65,0.31349389730639726,0.20025090767889017,True,incumbent_dimension_history,artifacts/regime/runs/macro_regime_v1_bps120_sources/dimension_scores.parquet,price_family_ma12_structural_linked,incumbent_demand_capital_markets__ma12_price_affordability
alameda_county_ca__county,2017-07-31,demand,price,-0.2866758147512864,0.15,-0.043001372212692957,0.20025090767889017,True,ma12_price_family_challenger,artifacts/regime/comparisons/price_family_structural_windows/price_family_ma12_structural_linked/phase2_chronology/chronology_monthly.csv,price_family_ma12_structural_linked,incumbent_demand_capital_markets__ma12_price_affordability
alameda_county_ca__county,2017-07-31,demand,affordability,-0.3126255819652045,0.1,-0.031262558196520455,0.20025090767889017,True,ma12_price_family_challenger,artifacts/regime/comparisons/price_family_structural_windows/price_family_ma12_structural_linked/phase2_chronology/chronology_monthly.csv,price_family_ma12_structural_linked,incumbent_demand_capital_markets__ma12_price_affordability
alameda_county_ca__county,2017-07-31,demand,capital_markets,-0.38979059218293666,0.1,-0.03897905921829367,0.20025090767889017,True,incumbent_dimension_history,artifacts/regime/runs/macro_regime_v1_bps120_sources/dimension_scores.parquet,price_family_ma12_structural_linked,incumbent_demand_capital_markets__ma12_price_affordability
alameda_county_ca__county,2017-08-31,demand,demand,0.2600760813260813,0.65,0.16904945286195283,0.10104735397092242,True,incumbent_dimension_history,artifacts/regime/runs/macro_regime_v1_bps120_sources/dimension_scores.parquet,price_family_ma12_structural_linked,incumbent_demand_capital_markets__ma12_price_affordability
alameda_county_ca__county,2017-08-31,demand,price,-0.201037037037037,0.15,-0.030155555555555547,0.10104735397092242,True,ma12_price_family_challenger,artifacts/regime/comparisons/price_family_structural_windows/price_family_ma12_structural_linked/phase2_chronology/chronology_monthly.csv,price_family_ma12_structural_linked,incumbent_demand_capital_markets__ma12_price_affordability
alameda_county_ca__county,2017-08-31,demand,affordability,-0.3331384015594542,0.1,-0.03331384015594542,0.10104735397092242,True,ma12_price_family_challenger,artifacts/regime/comparisons/price_family_structural_windows/price_family_ma12_structural_linked/phase2_chronology/chronology_monthly.csv,price_family_ma12_structural_linked,incumbent_demand_capital_markets__ma12_price_affordability
alameda_county_ca__county,2017-08-31,demand,capital_markets,-0.04532703179529442,0.1,-0.0045327031795294416,0.10104735397092242,True,incumbent_dimension_history,artifacts/regime/runs/macro_regime_v1_bps120_sources/dimension_scores.parquet,price_family_ma12_structural_linked,incumbent_demand_capital_markets__ma12_price_affordability
alameda_county_ca__county,2017-09-30,demand,demand,0.5803538591038592,0.65,0.3772300084175085,0.31364872339749594,True,incumbent_dimension_history,artifacts/regime/runs/macro_regime_v1_bps120_sources/dimension_scores.parquet,price_family_ma12_structural_linked,incumbent_demand_capital_markets__ma12_price_affordability
alameda_county_ca__county,2017-09-30,demand,price,-0.188505928853755,0.15,-0.02827588932806325,0.31364872339749594,True,ma12_price_family_challenger,artifacts/regime/comparisons/price_family_structural_windows/price_family_ma12_structural_linked/phase2_chronology/chronology_monthly.csv,price_family_ma12_structural_linked,incumbent_demand_capital_markets__ma12_price_affordability
alameda_county_ca__county,2017-09-30,demand,affordability,-0.32537413111626,0.1,-0.032537413111626,0.31364872339749594,True,ma12_price_family_challenger,artifacts/regime/comparisons/price_family_structural_windows/price_family_ma12_structural_linked/phase2_chronology/chronology_monthly.csv,price_family_ma12_structural_linked,incumbent_demand_capital_markets__ma12_price_affordability
alameda_county_ca__county,2017-09-30,demand,capital_markets,-0.027679825803233152,0.1,-0.0027679825803233154,0.31364872339749594,True,incumbent_dimension_history,artifacts/regime/runs/macro_regime_v1_bps120_sources/dimension_scores.parquet,price_family_ma12_structural_linked,incumbent_demand_capital_markets__ma12_price_affordability
alameda_county_ca__county,2017-10-31,demand,demand,0.3871594146594146,0.65,0.25165361952861953,0.15921646139217377,True,incumbent_dimension_history,artifacts/regime/runs/macro_regime_v1_bps120_sources/dimension_scores.parquet,price_family_ma12_structural_linked,incumbent_demand_capital_markets__ma12_price_affordability
alameda_county_ca__county,2017-10-31,demand,price,-0.1337872340425532,0.15,-0.020068085106382978,0.15921646139217377,True,ma12_price_family_challenger,artifacts/regime/comparisons/price_family_structural_windows/price_family_ma12_structural_linked/phase2_chronology/chronology_monthly.csv,price_family_ma12_structural_linked,incumbent_demand_capital_markets__ma12_price_affordability
alameda_county_ca__county,2017-10-31,demand,affordability,-0.4285637009942816,0.1,-0.042856370099428165,0.15921646139217377,True,ma12_price_family_challenger,artifacts/regime/comparisons/price_family_structural_windows/price_family_ma12_structural_linked/phase2_chronology/chronology_monthly.csv,price_family_ma12_structural_linked,incumbent_demand_capital_markets__ma12_price_affordability
alameda_county_ca__county,2017-10-31,demand,capital_markets,-0.2951270293063462,0.1,-0.029512702930634623,0.15921646139217377,True,incumbent_dimension_history,artifacts/regime/runs/macro_regime_v1_bps120_sources/dimension_scores.parquet,price_family_ma12_structural_linked,incumbent_demand_capital_markets__ma12_price_affordability
alameda_county_ca__county,2017-11-30,demand,demand,0.41715941465941464,0.65,0.27115361952861955,0.22143068478514863,True,incumbent_dimension_history,artifacts/regime/runs/macro_regime_v1_bps120_sources/dimension_scores.parquet,price_family_ma12_structural_linked,incumbent_demand_capital_markets__ma12_price_affordability
alameda_county_ca__county,2017-11-30,demand,price,-0.041719298245614,0.15,-0.0062578947368421,0.22143068478514863,True,ma12_price_family_challenger,artifacts/regime/comparisons/price_family_structural_windows/price_family_ma12_structural_linked/phase2_chronology/chronology_monthly.csv,price_family_ma12_structural_linked,incumbent_demand_capital_markets__ma12_price_affordability
alameda_county_ca__county,2017-11-30,demand,affordability,-0.3599122807017543,0.1,-0.03599122807017543,0.22143068478514863,True,ma12_price_family_challenger,artifacts/regime/comparisons/price_family_structural_windows/price_family_ma12_structural_linked/phase2_chronology/chronology_monthly.csv,price_family_ma12_structural_linked,incumbent_demand_capital_markets__ma12_price_affordability
alameda_county_ca__county,2017-11-30,demand,capital_markets,-0.07473811936453416,0.1,-0.007473811936453416,0.22143068478514863,True,incumbent_dimension_history,artifacts/regime/runs/macro_regime_v1_bps120_sources/dimension_scores.parquet,price_family_ma12_structural_linked,incumbent_demand_capital_markets__ma12_price_affordability
alameda_county_ca__county,2017-12-31,demand,demand,0.42156944444444444,0.65,0.2740201388888889,0.3118520943798864,True,incumbent_dimension_history,artifacts/regime/runs/macro_regime_v1_bps120_sources/dimension_scores.parquet,price_family_ma12_structural_linked,incumbent_demand_capital_markets__ma12_price_affordability
alameda_county_ca__county,2017-12-31,demand,price,0.1361829697396199,0.15,0.020427445460942984,0.3118520943798864,True,ma12_price_family_challenger,artifacts/regime/comparisons/price_family_structural_windows/price_family_ma12_structural_linked/phase2_chronology/chronology_monthly.csv,price_family_ma12_structural_linked,incumbent_demand_capital_markets__ma12_price_affordability
alameda_county_ca__county,2017-12-31,demand,affordability,0.1784601008294782,0.1,0.01784601008294782,0.3118520943798864,True,ma12_price_family_challenger,artifacts/regime/comparisons/price_family_structural_windows/price_family_ma12_structural_linked/phase2_chronology/chronology_monthly.csv,price_family_ma12_structural_linked,incumbent_demand_capital_markets__ma12_price_affordability
alameda_county_ca__county,2017-12-31,demand,capital_markets,-0.004415000528932574,0.1,-0.00044150005289325737,0.3118520943798864,True,incumbent_dimension_history,artifacts/regime/runs/macro_regime_v1_bps120_sources/dimension_scores.parquet,price_family_ma12_structural_linked,incumbent_demand_capital_markets__ma12_price_affordability
alameda_county_ca__county,2018-01-31,demand,demand,0.21490277777777778,0.65,0.13968680555555557,0.1423242236812679,True,incumbent_dimension_history,artifacts/regime/runs/macro_regime_v1_bps120_sources/dimension_scores.parquet,price_family_ma12_structural_linked,incumbent_demand_capital_markets__ma12_price_affordability
alameda_county_ca__county,2018-01-31,demand,price,0.1789152542372881,0.15,0.026837288135593215,0.1423242236812679,True,ma12_price_family_challenger,artifacts/regime/comparisons/price_family_structural_windows/price_family_ma12_structural_linked/phase2_chronology/chronology_monthly.csv,price_family_ma12_structural_linked,incumbent_demand_capital_markets__ma12_price_affordability
alameda_county_ca__county,2018-01-31,demand,affordability,-0.0269360306178239,0.1,-0.00269360306178239,0.1423242236812679,True,ma12_price_family_challenger,artifacts/regime/comparisons/price_family_structural_windows/price_family_ma12_structural_linked/phase2_chronology/chronology_monthly.csv,price_family_ma12_structural_linked,incumbent_demand_capital_markets__ma12_price_affordability
alameda_county_ca__county,2018-01-31,demand,capital_markets,-0.21506266948098487,0.1,-0.021506266948098488,0.1423242236812679,True,incumbent_dimension_history,artifacts/regime/runs/macro_regime_v1_bps120_sources/dimension_scores.parquet,price_family_ma12_structural_linked,incumbent_demand_capital_markets__ma12_price_affordability
alameda_county_ca__county,2018-02-28,demand,demand,0.5362916666666665,0.65,0.34858958333333323,0.30991210610293274,True,incumbent_dimension_history,artifacts/regime/runs/macro_regime_v1_bps120_sources/dimension_scores.parquet,price_family_ma12_structural_linked,incumbent_demand_capital_markets__ma12_price_affordability
alameda_county_ca__county,2018-02-28,demand,price,0.1952156862745098,0.15,0.029282352941176468,0.30991210610293274,True,ma12_price_family_challenger,artifacts/regime/comparisons/price_family_structural_windows/price_family_ma12_structural_linked/phase2_chronology/chronology_monthly.csv,price_family_ma12_structural_linked,incumbent_demand_capital_markets__ma12_price_affordability
alameda_county_ca__county,2018-02-28,demand,affordability,-0.258015873015873,0.1,-0.025801587301587298,0.30991210610293274,True,ma12_price_family_challenger,artifacts/regime/comparisons/price_family_structural_windows/price_family_ma12_structural_linked/phase2_chronology/chronology_monthly.csv,price_family_ma12_structural_linked,incumbent_demand_capital_markets__ma12_price_affordability
alameda_county_ca__county,2018-02-28,demand,capital_markets,-0.42158242869989726,0.1,-0.04215824286998973,0.30991210610293274,True,incumbent_dimension_history,artifacts/regime/runs/macro_regime_v1_bps120_sources/dimension_scores.parquet,price_family_ma12_structural_linked,incumbent_demand_capital_markets__ma12_price_affordability
alameda_county_ca__county,2018-03-31,demand,demand,0.4674027777777778,0.65,0.3038118055555556,0.24117768019937164,True,incumbent_dimension_history,artifacts/regime/runs/macro_regime_v1_bps120_sources/dimension_scores.parquet,price_family_ma12_structural_linked,incumbent_demand_capital_markets__ma12_price_affordability
alameda_county_ca__county,2018-03-31,demand,price,0.0577906683480453,0.15,0.008668600252206794,0.24117768019937164,True,ma12_price_family_challenger,artifacts/regime/comparisons/price_family_structural_windows/price_family_ma12_structural_linked/phase2_chronology/chronology_monthly.csv,price_family_ma12_structural_linked,incumbent_demand_capital_markets__ma12_price_affordability
alameda_county_ca__county,2018-03-31,demand,affordability,-0.4869431746532156,0.1,-0.04869431746532157,0.24117768019937164,True,ma12_price_family_challenger,artifacts/regime/comparisons/price_family_structural_windows/price_family_ma12_structural_linked/phase2_chronology/chronology_monthly.csv,price_family_ma12_structural_linked,incumbent_demand_capital_markets__ma12_price_affordability
alameda_county_ca__county,2018-03-31,demand,capital_markets,-0.22608408143069197,0.1,-0.0226084081430692,0.24117768019937164,True,incumbent_dimension_history,artifacts/regime/runs/macro_regime_v1_bps120_sources/dimension_scores.parquet,price_family_ma12_structural_linked,incumbent_demand_capital_markets__ma12_price_affordability
alameda_county_ca__county,2018-04-30,demand,demand,0.34087499999999993,0.65,0.22156874999999995,0.16453008809810937,True,incumbent_dimension_history,artifacts/regime/runs/macro_regime_v1_bps120_sources/dimension_scores.parquet,price_family_ma12_structural_linked,incumbent_demand_capital_markets__ma12_price_affordability
alameda_county_ca__county,2018-04-30,demand,price,0.1120073037127206,0.15,0.016801095556908088,0.16453008809810937,True,ma12_price_family_challenger,artifacts/regime/comparisons/price_family_structural_windows/price_family_ma12_structural_linked/phase2_chronology/chronology_monthly.csv,price_family_ma12_structural_linked,incumbent_demand_capital_markets__ma12_price_affordability
alameda_county_ca__county,2018-04-30,demand,affordability,-0.5314904724003934,0.1,-0.05314904724003934,0.16453008809810937,True,ma12_price_family_challenger,artifacts/regime/comparisons/price_family_structural_windows/price_family_ma12_structural_linked/phase2_chronology/chronology_monthly.csv,price_family_ma12_structural_linked,incumbent_demand_capital_markets__ma12_price_affordability
alameda_county_ca__county,2018-04-30,demand,capital_markets,-0.2069071021875936,0.1,-0.02069071021875936,0.16453008809810937,True,incumbent_dimension_history,artifacts/regime/runs/macro_regime_v1_bps120_sources/dimension_scores.parquet,price_family_ma12_structural_linked,incumbent_demand_capital_markets__ma12_price_affordability
alameda_county_ca__county,2018-05-31,demand,demand,0.534486111111111,0.65,0.34741597222222215,0.29268522942096004,True,incumbent_dimension_history,artifacts/regime/runs/macro_regime_v1_bps120_sources/dimension_scores.parquet,price_family_ma12_structural_linked,incumbent_demand_capital_markets__ma12_price_affordability
alameda_county_ca__county,2018-05-31,demand,price,0.3071111111111111,0.15,0.046066666666666665,0.29268522942096004,True,ma12_price_family_challenger,artifacts/regime/comparisons/price_family_structural_windows/price_family_ma12_structural_linked/phase2_chronology/chronology_monthly.csv,price_family_ma12_structural_linked,incumbent_demand_capital_markets__ma12_price_affordability
alameda_county_ca__county,2018-05-31,demand,affordability,-0.640021645021645,0.1,-0.0640021645021645,0.29268522942096004,True,ma12_price_family_challenger,artifacts/regime/comparisons/price_family_structural_windows/price_family_ma12_structural_linked/phase2_chronology/chronology_monthly.csv,price_family_ma12_structural_linked,incumbent_demand_capital_markets__ma12_price_affordability
alameda_county_ca__county,2018-05-31,demand,capital_markets,-0.3679524496576427,0.1,-0.03679524496576427,0.29268522942096004,True,incumbent_dimension_history,artifacts/regime/runs/macro_regime_v1_bps120_sources/dimension_scores.parquet,price_family_ma12_structural_linked,incumbent_demand_capital_markets__ma12_price_affordability
alameda_county_ca__county,2018-06-30,demand,demand,0.2959305555555555,0.65,0.19235486111111105,0.1687214660236115,True,incumbent_dimension_history,artifacts/regime/runs/macro_regime_v1_bps120_sources/dimension_scores.parquet,price_family_ma12_structural_linked,incumbent_demand_capital_markets__ma12_price_affordability
alameda_county_ca__county,2018-06-30,demand,price,0.4114545454545454,0.15,0.06171818181818181,0.1687214660236115,True,ma12_price_family_challenger,artifacts/regime/comparisons/price_family_structural_windows/price_family_ma12_structural_linked/phase2_chronology/chronology_monthly.csv,price_family_ma12_structural_linked,incumbent_demand_capital_markets__ma12_price_affordability
alameda_county_ca__county,2018-06-30,demand,affordability,-0.6720064450474899,0.1,-0.06720064450474898,0.1687214660236115,True,ma12_price_family_challenger,artifacts/regime/comparisons/price_family_structural_windows/price_family_ma12_structural_linked/phase2_chronology/chronology_monthly.csv,price_family_ma12_structural_linked,incumbent_demand_capital_markets__ma12_price_affordability
alameda_county_ca__county,2018-06-30,demand,capital_markets,-0.181509324009324,0.1,-0.018150932400932403,0.1687214660236115,True,incumbent_dimension_history,artifacts/regime/runs/macro_regime_v1_bps120_sources/dimension_scores.parquet,price_family_ma12_structural_linked,incumbent_demand_capital_markets__ma12_price_affordability
alameda_county_ca__county,2018-07-31,demand,demand,0.46948611111111105,0.65,0.3051659722222222,0.2907356466374301,True,incumbent_dimension_history,artifacts/regime/runs/macro_regime_v1_bps120_sources/dimension_scores.parquet,price_family_ma12_structural_linked,incumbent_demand_capital_markets__ma12_price_affordability
alameda_county_ca__county,2018-07-31,demand,price,0.4119340659340659,0.15,0.061790109890109884,0.2907356466374301,True,ma12_price_family_challenger,artifacts/regime/comparisons/price_family_structural_windows/price_family_ma12_structural_linked/phase2_chronology/chronology_monthly.csv,price_family_ma12_structural_linked,incumbent_demand_capital_markets__ma12_price_affordability
alameda_county_ca__county,2018-07-31,demand,affordability,-0.6257789269553975,0.1,-0.06257789269553975,0.2907356466374301,True,ma12_price_family_challenger,artifacts/regime/comparisons/price_family_structural_windows/price_family_ma12_structural_linked/phase2_chronology/chronology_monthly.csv,price_family_ma12_structural_linked,incumbent_demand_capital_markets__ma12_price_affordability
alameda_county_ca__county,2018-07-31,demand,capital_markets,-0.136425427793622,0.1,-0.0136425427793622,0.2907356466374301,True,incumbent_dimension_history,artifacts/regime/runs/macro_regime_v1_bps120_sources/dimension_scores.parquet,price_family_ma12_structural_linked,incumbent_demand_capital_markets__ma12_price_affordability
alameda_county_ca__county,2018-08-31,demand,demand,0.23906944444444445,0.65,0.1553951388888889,0.12208237568373952,True,incumbent_dimension_history,artifacts/regime/runs/macro_regime_v1_bps120_sources/dimension_scores.parquet,price_family_ma12_structural_linked,incumbent_demand_capital_markets__ma12_price_affordability
alameda_county_ca__county,2018-08-31,demand,price,0.3385837320574163,0.15,0.050787559808612444,0.12208237568373952,True,ma12_price_family_challenger,artifacts/regime/comparisons/price_family_structural_windows/price_family_ma12_structural_linked/phase2_chronology/chronology_monthly.csv,price_family_ma12_structural_linked,incumbent_demand_capital_markets__ma12_price_affordability
alameda_county_ca__county,2018-08-31,demand,affordability,-0.6089792663476874,0.1,-0.06089792663476874,0.12208237568373952,True,ma12_price_family_challenger,artifacts/regime/comparisons/price_family_structural_windows/price_family_ma12_structural_linked/phase2_chronology/chronology_monthly.csv,price_family_ma12_structural_linked,incumbent_demand_capital_markets__ma12_price_affordability
alameda_county_ca__county,2018-08-31,demand,capital_markets,-0.23202396378993081,0.1,-0.023202396378993084,0.12208237568373952,True,incumbent_dimension_history,artifacts/regime/runs/macro_regime_v1_bps120_sources/dimension_scores.parquet,price_family_ma12_structural_linked,incumbent_demand_capital_markets__ma12_price_affordability
alameda_county_ca__county,2018-09-30,demand,demand,0.47018055555555555,0.65,0.3056173611111111,0.24515355014256046,True,incumbent_dimension_history,artifacts/regime/runs/macro_regime_v1_bps120_sources/dimension_scores.parquet,price_family_ma12_structural_linked,incumbent_demand_capital_markets__ma12_price_affordability
alameda_county_ca__county,2018-09-30,demand,price,0.2236891405043747,0.15,0.0335533710756562,0.24515355014256046,True,ma12_price_family_challenger,artifacts/regime/comparisons/price_family_structural_windows/price_family_ma12_structural_linked/phase2_chronology/chronology_monthly.csv,price_family_ma12_structural_linked,incumbent_demand_capital_markets__ma12_price_affordability
alameda_county_ca__county,2018-09-30,demand,affordability,-0.5868862583633556,0.1,-0.058688625836335565,0.24515355014256046,True,ma12_price_family_challenger,artifacts/regime/comparisons/price_family_structural_windows/price_family_ma12_structural_linked/phase2_chronology/chronology_monthly.csv,price_family_ma12_structural_linked,incumbent_demand_capital_markets__ma12_price_affordability
alameda_county_ca__county,2018-09-30,demand,capital_markets,-0.3532855620787127,0.1,-0.03532855620787127,0.24515355014256046,True,incumbent_dimension_history,artifacts/regime/runs/macro_regime_v1_bps120_sources/dimension_scores.parquet,price_family_ma12_structural_linked,incumbent_demand_capital_markets__ma12_price_affordability
alameda_county_ca__county,2018-10-31,demand,demand,0.2515694444444444,0.65,0.16352013888888886,0.06026345335805719,True,incumbent_dimension_history,artifacts/regime/runs/macro_regime_v1_bps120_sources/dimension_scores.parquet,price_family_ma12_structural_linked,incumbent_demand_capital_markets__ma12_price_affordability
alameda_county_ca__county,2018-10-31,demand,price,0.0004865403788634,0.15,7.298105682951e-05,0.06026345335805719,True,ma12_price_family_challenger,artifacts/regime/comparisons/price_family_structural_windows/price_family_ma12_structural_linked/phase2_chronology/chronology_monthly.csv,price_family_ma12_structural_linked,incumbent_demand_capital_markets__ma12_price_affordability
alameda_county_ca__county,2018-10-31,demand,affordability,-0.5766899302093719,0.1,-0.05766899302093719,0.06026345335805719,True,ma12_price_family_challenger,artifacts/regime/comparisons/price_family_structural_windows/price_family_ma12_structural_linked/phase2_chronology/chronology_monthly.csv,price_family_ma12_structural_linked,incumbent_demand_capital_markets__ma12_price_affordability
alameda_county_ca__county,2018-10-31,demand,capital_markets,-0.4566067356672398,0.1,-0.045660673566723986,0.06026345335805719,True,incumbent_dimension_history,artifacts/regime/runs/macro_regime_v1_bps120_sources/dimension_scores.parquet,price_family_ma12_structural_linked,incumbent_demand_capital_markets__ma12_price_affordability
alameda_county_ca__county,2018-11-30,demand,demand,0.3339305555555555,0.65,0.21705486111111108,0.10796993062483022,True,incumbent_dimension_history,artifacts/regime/runs/macro_regime_v1_bps120_sources/dimension_scores.parquet,price_family_ma12_structural_linked,incumbent_demand_capital_markets__ma12_price_affordability
alameda_county_ca__county,2018-11-30,demand,price,-0.2153043478260869,0.15,-0.03229565217391303,0.10796993062483022,True,ma12_price_family_challenger,artifacts/regime/comparisons/price_family_structural_windows/price_family_ma12_structural_linked/phase2_chronology/chronology_monthly.csv,price_family_ma12_structural_linked,incumbent_demand_capital_markets__ma12_price_affordability
alameda_county_ca__county,2018-11-30,demand,affordability,-0.5063043478260869,0.1,-0.050630434782608695,0.10796993062483022,True,ma12_price_family_challenger,artifacts/regime/comparisons/price_family_structural_windows/price_family_ma12_structural_linked/phase2_chronology/chronology_monthly.csv,price_family_ma12_structural_linked,incumbent_demand_capital_markets__ma12_price_affordability
alameda_county_ca__county,2018-11-30,demand,capital_markets,-0.26158843529759124,0.1,-0.026158843529759127,0.10796993062483022,True,incumbent_dimension_history,artifacts/regime/runs/macro_regime_v1_bps120_sources/dimension_scores.parquet,price_family_ma12_structural_linked,incumbent_demand_capital_markets__ma12_price_affordability
alameda_county_ca__county,2018-12-31,demand,demand,0.15627493258375613,0.65,0.1015787061794415,0.03348562992565999,True,incumbent_dimension_history,artifacts/regime/runs/macro_regime_v1_bps120_sources/dimension_scores.parquet,price_family_ma12_structural_linked,incumbent_demand_capital_markets__ma12_price_affordability
alameda_county_ca__county,2018-12-31,demand,price,-0.3761779859484777,0.15,-0.05642669789227165,0.03348562992565999,True,ma12_price_family_challenger,artifacts/regime/comparisons/price_family_structural_windows/price_family_ma12_structural_linked/phase2_chronology/chronology_monthly.csv,price_family_ma12_structural_linked,incumbent_demand_capital_markets__ma12_price_affordability
alameda_county_ca__county,2018-12-31,demand,affordability,-0.1309467132912001,0.1,-0.013094671329120011,0.03348562992565999,True,ma12_price_family_challenger,artifacts/regime/comparisons/price_family_structural_windows/price_family_ma12_structural_linked/phase2_chronology/chronology_monthly.csv,price_family_ma12_structural_linked,incumbent_demand_capital_markets__ma12_price_affordability
alameda_county_ca__county,2018-12-31,demand,capital_markets,0.014282929676101544,0.1,0.0014282929676101546,0.03348562992565999,True,incumbent_dimension_history,artifacts/regime/runs/macro_regime_v1_bps120_sources/dimension_scores.parquet,price_family_ma12_structural_linked,incumbent_demand_capital_markets__ma12_price_affordability
alameda_county_ca__county,2019-01-31,demand,demand,-0.013808400749577215,0.65,-0.00897546048722519,-0.08890380237752295,True,incumbent_dimension_history,artifacts/regime/runs/macro_regime_v1_bps120_sources/dimension_scores.parquet,price_family_ma12_structural_linked,incumbent_demand_capital_markets__ma12_price_affordability
alameda_county_ca__county,2019-01-31,demand,price,-0.4450480002947063,0.15,-0.06675720004420595,-0.08890380237752295,True,ma12_price_family_challenger,artifacts/regime/comparisons/price_family_structural_windows/price_family_ma12_structural_linked/phase2_chronology/chronology_monthly.csv,price_family_ma12_structural_linked,incumbent_demand_capital_markets__ma12_price_affordability
alameda_county_ca__county,2019-01-31,demand,affordability,-0.0745901739995334,0.1,-0.00745901739995334,-0.08890380237752295,True,ma12_price_family_challenger,artifacts/regime/comparisons/price_family_structural_windows/price_family_ma12_structural_linked/phase2_chronology/chronology_monthly.csv,price_family_ma12_structural_linked,incumbent_demand_capital_markets__ma12_price_affordability
alameda_county_ca__county,2019-01-31,demand,capital_markets,-0.057121244461384536,0.1,-0.005712124446138454,-0.08890380237752295,True,incumbent_dimension_history,artifacts/regime/runs/macro_regime_v1_bps120_sources/dimension_scores.parquet,price_family_ma12_structural_linked,incumbent_demand_capital_markets__ma12_price_affordability
alameda_county_ca__county,2019-02-28,demand,demand,0.3296082659170894,0.65,0.21424537284610812,0.1381648094066043,True,incumbent_dimension_history,artifacts/regime/runs/macro_regime_v1_bps120_sources/dimension_scores.parquet,price_family_ma12_structural_linked,incumbent_demand_capital_markets__ma12_price_affordability
alameda_county_ca__county,2019-02-28,demand,price,-0.4782539682539682,0.15,-0.07173809523809523,0.1381648094066043,True,ma12_price_family_challenger,artifacts/regime/comparisons/price_family_structural_windows/price_family_ma12_structural_linked/phase2_chronology/chronology_monthly.csv,price_family_ma12_structural_linked,incumbent_demand_capital_markets__ma12_price_affordability
alameda_county_ca__county,2019-02-28,demand,affordability,0.0013492063492063,0.1,0.00013492063492063,0.1381648094066043,True,ma12_price_family_challenger,artifacts/regime/comparisons/price_family_structural_windows/price_family_ma12_structural_linked/phase2_chronology/chronology_monthly.csv,price_family_ma12_structural_linked,incumbent_demand_capital_markets__ma12_price_affordability
alameda_county_ca__county,2019-02-28,demand,capital_markets,-0.04477388836329233,0.1,-0.004477388836329233,0.1381648094066043,True,incumbent_dimension_history,artifacts/regime/runs/macro_regime_v1_bps120_sources/dimension_scores.parquet,price_family_ma12_structural_linked,incumbent_demand_capital_markets__ma12_price_affordability
alameda_county_ca__county,2019-03-31,demand,demand,0.09099715480597831,0.65,0.059148150623885905,-0.005575294507425095,True,incumbent_dimension_history,artifacts/regime/runs/macro_regime_v1_bps120_sources/dimension_scores.parquet,price_family_ma12_structural_linked,incumbent_demand_capital_markets__ma12_price_affordability
alameda_county_ca__county,2019-03-31,demand,price,-0.5256932227829849,0.15,-0.07885398341744773,-0.005575294507425095,True,ma12_price_family_challenger,artifacts/regime/comparisons/price_family_structural_windows/price_family_ma12_structural_linked/phase2_chronology/chronology_monthly.csv,price_family_ma12_structural_linked,incumbent_demand_capital_markets__ma12_price_affordability
alameda_county_ca__county,2019-03-31,demand,affordability,0.0265985490266763,0.1,0.00265985490266763,-0.005575294507425095,True,ma12_price_family_challenger,artifacts/regime/comparisons/price_family_structural_windows/price_family_ma12_structural_linked/phase2_chronology/chronology_monthly.csv,price_family_ma12_structural_linked,incumbent_demand_capital_markets__ma12_price_affordability
alameda_county_ca__county,2019-03-31,demand,capital_markets,0.114706833834691,0.1,0.0114706833834691,-0.005575294507425095,True,incumbent_dimension_history,artifacts/regime/runs/macro_regime_v1_bps120_sources/dimension_scores.parquet,price_family_ma12_structural_linked,incumbent_demand_capital_markets__ma12_price_affordability
alameda_county_ca__county,2019-04-30,demand,demand,0.07683048813931169,0.65,0.0499398172905526,-0.018285903039558796,True,incumbent_dimension_history,artifacts/regime/runs/macro_regime_v1_bps120_sources/dimension_scores.parquet,price_family_ma12_structural_linked,incumbent_demand_capital_markets__ma12_price_affordability
alameda_county_ca__county,2019-04-30,demand,price,-0.5950633150633151,0.15,-0.08925949725949726,-0.018285903039558796,True,ma12_price_family_challenger,artifacts/regime/comparisons/price_family_structural_windows/price_family_ma12_structural_linked/phase2_chronology/chronology_monthly.csv,price_family_ma12_structural_linked,incumbent_demand_capital_markets__ma12_price_affordability
alameda_county_ca__county,2019-04-30,demand,affordability,0.1015832815832815,0.1,0.01015832815832815,-0.018285903039558796,True,ma12_price_family_challenger,artifacts/regime/comparisons/price_family_structural_windows/price_family_ma12_structural_linked/phase2_chronology/chronology_monthly.csv,price_family_ma12_structural_linked,incumbent_demand_capital_markets__ma12_price_affordability
alameda_county_ca__county,2019-04-30,demand,capital_markets,0.10875448771057716,0.1,0.010875448771057717,-0.018285903039558796,True,incumbent_dimension_history,artifacts/regime/runs/macro_regime_v1_bps120_sources/dimension_scores.parquet,price_family_ma12_structural_linked,incumbent_demand_capital_markets__ma12_price_affordability
alameda_county_ca__county,2019-05-31,demand,demand,0.10377493258375609,0.65,0.06745370617944146,0.01242909852902735,True,incumbent_dimension_history,artifacts/regime/runs/macro_regime_v1_bps120_sources/dimension_scores.parquet,price_family_ma12_structural_linked,incumbent_demand_capital_markets__ma12_price_affordability
alameda_county_ca__county,2019-05-31,demand,price,-0.602853146853147,0.15,-0.09042797202797204,0.01242909852902735,True,ma12_price_family_challenger,artifacts/regime/comparisons/price_family_structural_windows/price_family_ma12_structural_linked/phase2_chronology/chronology_monthly.csv,price_family_ma12_structural_linked,incumbent_demand_capital_markets__ma12_price_affordability
alameda_county_ca__county,2019-05-31,demand,affordability,0.1506993006993007,0.1,0.015069930069930071,0.01242909852902735,True,ma12_price_family_challenger,artifacts/regime/comparisons/price_family_structural_windows/price_family_ma12_structural_linked/phase2_chronology/chronology_monthly.csv,price_family_ma12_structural_linked,incumbent_demand_capital_markets__ma12_price_affordability
alameda_county_ca__county,2019-05-31,demand,capital_markets,0.2033343430762785,0.1,0.02033343430762785,0.01242909852902735,True,incumbent_dimension_history,artifacts/regime/runs/macro_regime_v1_bps120_sources/dimension_scores.parquet,price_family_ma12_structural_linked,incumbent_demand_capital_markets__ma12_price_affordability
alameda_county_ca__county,2019-06-30,demand,demand,0.03419159925042277,0.65,0.0222245395127748,-0.003978552220579308,True,incumbent_dimension_history,artifacts/regime/runs/macro_regime_v1_bps120_sources/dimension_scores.parquet,price_family_ma12_structural_linked,incumbent_demand_capital_markets__ma12_price_affordability
alameda_county_ca__county,2019-06-30,demand,price,-0.6180397148169877,0.15,-0.09270595722254815,-0.003978552220579308,True,ma12_price_family_challenger,artifacts/regime/comparisons/price_family_structural_windows/price_family_ma12_structural_linked/phase2_chronology/chronology_monthly.csv,price_family_ma12_structural_linked,incumbent_demand_capital_markets__ma12_price_affordability
alameda_county_ca__county,2019-06-30,demand,affordability,0.2831028070838346,0.1,0.028310280708383463,-0.003978552220579308,True,ma12_price_family_challenger,artifacts/regime/comparisons/price_family_structural_windows/price_family_ma12_structural_linked/phase2_chronology/chronology_monthly.csv,price_family_ma12_structural_linked,incumbent_demand_capital_markets__ma12_price_affordability
alameda_county_ca__county,2019-06-30,demand,capital_markets,0.38192584780810584,0.1,0.038192584780810584,-0.003978552220579308,True,incumbent_dimension_history,artifacts/regime/runs/macro_regime_v1_bps120_sources/dimension_scores.parquet,price_family_ma12_structural_linked,incumbent_demand_capital_markets__ma12_price_affordability
alameda_county_ca__county,2019-07-31,demand,demand,0.20196937702820048,0.65,0.13128009506833033,0.09644053118813357,True,incumbent_dimension_history,artifacts/regime/runs/macro_regime_v1_bps120_sources/dimension_scores.parquet,price_family_ma12_structural_linked,incumbent_demand_capital_markets__ma12_price_affordability
alameda_county_ca__county,2019-07-31,demand,price,-0.6201508785332315,0.15,-0.09302263177998472,0.09644053118813357,True,ma12_price_family_challenger,artifacts/regime/comparisons/price_family_structural_windows/price_family_ma12_structural_linked/phase2_chronology/chronology_monthly.csv,price_family_ma12_structural_linked,incumbent_demand_capital_markets__ma12_price_affordability
alameda_county_ca__county,2019-07-31,demand,affordability,0.3137414056531704,0.1,0.03137414056531704,0.09644053118813357,True,ma12_price_family_challenger,artifacts/regime/comparisons/price_family_structural_windows/price_family_ma12_structural_linked/phase2_chronology/chronology_monthly.csv,price_family_ma12_structural_linked,incumbent_demand_capital_markets__ma12_price_affordability
alameda_county_ca__county,2019-07-31,demand,capital_markets,0.26808927334470933,0.1,0.026808927334470933,0.09644053118813357,True,incumbent_dimension_history,artifacts/regime/runs/macro_regime_v1_bps120_sources/dimension_scores.parquet,price_family_ma12_structural_linked,incumbent_demand_capital_markets__ma12_price_affordability
alameda_county_ca__county,2019-08-31,demand,demand,0.07752493258375612,0.65,0.050391206179441476,0.05527335732968273,True,incumbent_dimension_history,artifacts/regime/runs/macro_regime_v1_bps120_sources/dimension_scores.parquet,price_family_ma12_structural_linked,incumbent_demand_capital_markets__ma12_price_affordability
alameda_county_ca__county,2019-08-31,demand,price,-0.6146166233122754,0.15,-0.0921924934968413,0.05527335732968273,True,ma12_price_family_challenger,artifacts/regime/comparisons/price_family_structural_windows/price_family_ma12_structural_linked/phase2_chronology/chronology_monthly.csv,price_family_ma12_structural_linked,incumbent_demand_capital_markets__ma12_price_affordability
alameda_county_ca__county,2019-08-31,demand,affordability,0.4272017837235229,0.1,0.04272017837235229,0.05527335732968273,True,ma12_price_family_challenger,artifacts/regime/comparisons/price_family_structural_windows/price_family_ma12_structural_linked/phase2_chronology/chronology_monthly.csv,price_family_ma12_structural_linked,incumbent_demand_capital_markets__ma12_price_affordability
alameda_county_ca__county,2019-08-31,demand,capital_markets,0.5435446627473026,0.1,0.05435446627473026,0.05527335732968273,True,incumbent_dimension_history,artifacts/regime/runs/macro_regime_v1_bps120_sources/dimension_scores.parquet,price_family_ma12_structural_linked,incumbent_demand_capital_markets__ma12_price_affordability
alameda_county_ca__county,2019-09-30,demand,demand,0.278913821472645,0.65,0.18129398395721924,0.17274013826070406,True,incumbent_dimension_history,artifacts/regime/runs/macro_regime_v1_bps120_sources/dimension_scores.parquet,price_family_ma12_structural_linked,incumbent_demand_capital_markets__ma12_price_affordability
alameda_county_ca__county,2019-09-30,demand,price,-0.5990993692938738,0.15,-0.08986490539408105,0.17274013826070406,True,ma12_price_family_challenger,artifacts/regime/comparisons/price_family_structural_windows/price_family_ma12_structural_linked/phase2_chronology/chronology_monthly.csv,price_family_ma12_structural_linked,incumbent_demand_capital_markets__ma12_price_affordability
alameda_county_ca__county,2019-09-30,demand,affordability,0.4211136594186919,0.1,0.04211136594186919,0.17274013826070406,True,ma12_price_family_challenger,artifacts/regime/comparisons/price_family_structural_windows/price_family_ma12_structural_linked/phase2_chronology/chronology_monthly.csv,price_family_ma12_structural_linked,incumbent_demand_capital_markets__ma12_price_affordability
alameda_county_ca__county,2019-09-30,demand,capital_markets,0.39199693755696685,0.1,0.039199693755696687,0.17274013826070406,True,incumbent_dimension_history,artifacts/regime/runs/macro_regime_v1_bps120_sources/dimension_scores.parquet,price_family_ma12_structural_linked,incumbent_demand_capital_markets__ma12_price_affordability
alameda_county_ca__county,2019-10-31,demand,demand,0.061691599250422745,0.65,0.040099539512774784,0.0075330917462866805,True,incumbent_dimension_history,artifacts/regime/runs/macro_regime_v1_bps120_sources/dimension_scores.parquet,price_family_ma12_structural_linked,incumbent_demand_capital_markets__ma12_price_affordability
alameda_county_ca__county,2019-10-31,demand,price,-0.5891540811131852,0.15,-0.08837311216697778,0.0075330917462866805,True,ma12_price_family_challenger,artifacts/regime/comparisons/price_family_structural_windows/price_family_ma12_structural_linked/phase2_chronology/chronology_monthly.csv,price_family_ma12_structural_linked,incumbent_demand_capital_markets__ma12_price_affordability
alameda_county_ca__county,2019-10-31,demand,affordability,0.3263083319192262,0.1,0.03263083319192262,0.0075330917462866805,True,ma12_price_family_challenger,artifacts/regime/comparisons/price_family_structural_windows/price_family_ma12_structural_linked/phase2_chronology/chronology_monthly.csv,price_family_ma12_structural_linked,incumbent_demand_capital_markets__ma12_price_affordability
alameda_county_ca__county,2019-10-31,demand,capital_markets,0.23175831208567055,0.1,0.023175831208567057,0.0075330917462866805,True,incumbent_dimension_history,artifacts/regime/runs/macro_regime_v1_bps120_sources/dimension_scores.parquet,price_family_ma12_structural_linked,incumbent_demand_capital_markets__ma12_price_affordability
alameda_county_ca__county,2019-11-30,demand,demand,0.09294159925042277,0.65,0.0604120395127748,0.028355058044545273,True,incumbent_dimension_history,artifacts/regime/runs/macro_regime_v1_bps120_sources/dimension_scores.parquet,price_family_ma12_structural_linked,incumbent_demand_capital_markets__ma12_price_affordability
alameda_county_ca__county,2019-11-30,demand,price,-0.5865961199294533,0.15,-0.08798941798941799,0.028355058044545273,True,ma12_price_family_challenger,artifacts/regime/comparisons/price_family_structural_windows/price_family_ma12_structural_linked/phase2_chronology/chronology_monthly.csv,price_family_ma12_structural_linked,incumbent_demand_capital_markets__ma12_price_affordability
alameda_county_ca__county,2019-11-30,demand,affordability,0.3022927689594356,0.1,0.03022927689594356,0.028355058044545273,True,ma12_price_family_challenger,artifacts/regime/comparisons/price_family_structural_windows/price_family_ma12_structural_linked/phase2_chronology/chronology_monthly.csv,price_family_ma12_structural_linked,incumbent_demand_capital_markets__ma12_price_affordability
alameda_county_ca__county,2019-11-30,demand,capital_markets,0.25703159625244903,0.1,0.025703159625244904,0.028355058044545273,True,incumbent_dimension_history,artifacts/regime/runs/macro_regime_v1_bps120_sources/dimension_scores.parquet,price_family_ma12_structural_linked,incumbent_demand_capital_markets__ma12_price_affordability
alameda_county_ca__county,2019-12-31,demand,demand,0.1770833333333333,0.65,0.11510416666666665,0.108557453449979,True,incumbent_dimension_history,artifacts/regime/runs/macro_regime_v1_bps120_sources/dimension_scores.parquet,price_family_ma12_structural_linked,incumbent_demand_capital_markets__ma12_price_affordability
alameda_county_ca__county,2019-12-31,demand,price,-0.5426434228887012,0.15,-0.08139651343330517,0.108557453449979,True,ma12_price_family_challenger,artifacts/regime/comparisons/price_family_structural_windows/price_family_ma12_structural_linked/phase2_chronology/chronology_monthly.csv,price_family_ma12_structural_linked,incumbent_demand_capital_markets__ma12_price_affordability
alameda_county_ca__county,2019-12-31,demand,affordability,0.6657298402154046,0.1,0.06657298402154047,0.108557453449979,True,ma12_price_family_challenger,artifacts/regime/comparisons/price_family_structural_windows/price_family_ma12_structural_linked/phase2_chronology/chronology_monthly.csv,price_family_ma12_structural_linked,incumbent_demand_capital_markets__ma12_price_affordability
alameda_county_ca__county,2019-12-31,demand,capital_markets,0.08276816195077065,0.1,0.008276816195077065,0.108557453449979,True,incumbent_dimension_history,artifacts/regime/runs/macro_regime_v1_bps120_sources/dimension_scores.parquet,price_family_ma12_structural_linked,incumbent_demand_capital_markets__ma12_price_affordability
alameda_county_ca__county,2020-01-31,demand,demand,-0.04069444444444443,0.65,-0.02645138888888888,0.0037980993765836107,True,incumbent_dimension_history,artifacts/regime/runs/macro_regime_v1_bps120_sources/dimension_scores.parquet,price_family_ma12_structural_linked,incumbent_demand_capital_markets__ma12_price_affordability
alameda_county_ca__county,2020-01-31,demand,price,-0.481215118172249,0.15,-0.07218226772583734,0.0037980993765836107,True,ma12_price_family_challenger,artifacts/regime/comparisons/price_family_structural_windows/price_family_ma12_structural_linked/phase2_chronology/chronology_monthly.csv,price_family_ma12_structural_linked,incumbent_demand_capital_markets__ma12_price_affordability
alameda_county_ca__county,2020-01-31,demand,affordability,0.6681506667777333,0.1,0.06681506667777333,0.0037980993765836107,True,ma12_price_family_challenger,artifacts/regime/comparisons/price_family_structural_windows/price_family_ma12_structural_linked/phase2_chronology/chronology_monthly.csv,price_family_ma12_structural_linked,incumbent_demand_capital_markets__ma12_price_affordability
alameda_county_ca__county,2020-01-31,demand,capital_markets,0.3561668931353651,0.1,0.03561668931353651,0.0037980993765836107,True,incumbent_dimension_history,artifacts/regime/runs/macro_regime_v1_bps120_sources/dimension_scores.parquet,price_family_ma12_structural_linked,incumbent_demand_capital_markets__ma12_price_affordability
alameda_county_ca__county,2020-02-29,demand,demand,0.25166666666666665,0.65,0.16358333333333333,0.21767111344641457,True,incumbent_dimension_history,artifacts/regime/runs/macro_regime_v1_bps120_sources/dimension_scores.parquet,price_family_ma12_structural_linked,incumbent_demand_capital_markets__ma12_price_affordability
alameda_county_ca__county,2020-02-29,demand,price,-0.4384564860426929,0.15,-0.06576847290640393,0.21767111344641457,True,ma12_price_family_challenger,artifacts/regime/comparisons/price_family_structural_windows/price_family_ma12_structural_linked/phase2_chronology/chronology_monthly.csv,price_family_ma12_structural_linked,incumbent_demand_capital_markets__ma12_price_affordability
alameda_county_ca__county,2020-02-29,demand,affordability,0.6737931034482758,0.1,0.06737931034482758,0.21767111344641457,True,ma12_price_family_challenger,artifacts/regime/comparisons/price_family_structural_windows/price_family_ma12_structural_linked/phase2_chronology/chronology_monthly.csv,price_family_ma12_structural_linked,incumbent_demand_capital_markets__ma12_price_affordability
alameda_county_ca__county,2020-02-29,demand,capital_markets,0.524769426746576,0.1,0.052476942674657606,0.21767111344641457,True,incumbent_dimension_history,artifacts/regime/runs/macro_regime_v1_bps120_sources/dimension_scores.parquet,price_family_ma12_structural_linked,incumbent_demand_capital_markets__ma12_price_affordability
alameda_county_ca__county,2020-03-31,demand,demand,-0.20716666666666667,0.65,-0.13465833333333332,-0.1058259642601351,True,incumbent_dimension_history,artifacts/regime/runs/macro_regime_v1_bps120_sources/dimension_scores.parquet,price_family_ma12_structural_linked,incumbent_demand_capital_markets__ma12_price_affordability
alameda_county_ca__county,2020-03-31,demand,price,-0.4158474528567407,0.15,-0.0623771179285111,-0.1058259642601351,True,ma12_price_family_challenger,artifacts/regime/comparisons/price_family_structural_windows/price_family_ma12_structural_linked/phase2_chronology/chronology_monthly.csv,price_family_ma12_structural_linked,incumbent_demand_capital_markets__ma12_price_affordability
alameda_county_ca__county,2020-03-31,demand,affordability,0.580819729805798,0.1,0.0580819729805798,-0.1058259642601351,True,ma12_price_family_challenger,artifacts/regime/comparisons/price_family_structural_windows/price_family_ma12_structural_linked/phase2_chronology/chronology_monthly.csv,price_family_ma12_structural_linked,incumbent_demand_capital_markets__ma12_price_affordability
alameda_county_ca__county,2020-03-31,demand,capital_markets,0.3312751402112951,0.1,0.03312751402112951,-0.1058259642601351,True,incumbent_dimension_history,artifacts/regime/runs/macro_regime_v1_bps120_sources/dimension_scores.parquet,price_family_ma12_structural_linked,incumbent_demand_capital_markets__ma12_price_affordability
alameda_county_ca__county,2020-04-30,demand,demand,-0.3073611111111112,0.65,-0.1997847222222223,-0.1500824271821262,True,incumbent_dimension_history,artifacts/regime/runs/macro_regime_v1_bps120_sources/dimension_scores.parquet,price_family_ma12_structural_linked,incumbent_demand_capital_markets__ma12_price_affordability
alameda_county_ca__county,2020-04-30,demand,price,-0.3712791138832424,0.15,-0.055691867082486364,-0.1500824271821262,True,ma12_price_family_challenger,artifacts/regime/comparisons/price_family_structural_windows/price_family_ma12_structural_linked/phase2_chronology/chronology_monthly.csv,price_family_ma12_structural_linked,incumbent_demand_capital_markets__ma12_price_affordability
alameda_county_ca__county,2020-04-30,demand,affordability,0.5604189643646137,0.1,0.056041896436461375,-0.1500824271821262,True,ma12_price_family_challenger,artifacts/regime/comparisons/price_family_structural_windows/price_family_ma12_structural_linked/phase2_chronology/chronology_monthly.csv,price_family_ma12_structural_linked,incumbent_demand_capital_markets__ma12_price_affordability
alameda_county_ca__county,2020-04-30,demand,capital_markets,0.493522656861211,0.1,0.049352265686121104,-0.1500824271821262,True,incumbent_dimension_history,artifacts/regime/runs/macro_regime_v1_bps120_sources/dimension_scores.parquet,price_family_ma12_structural_linked,incumbent_demand_capital_markets__ma12_price_affordability
alameda_county_ca__county,2020-05-31,demand,demand,-0.18461111111111111,0.65,-0.11999722222222223,-0.0866316398576292,True,incumbent_dimension_history,artifacts/regime/runs/macro_regime_v1_bps120_sources/dimension_scores.parquet,price_family_ma12_structural_linked,incumbent_demand_capital_markets__ma12_price_affordability
alameda_county_ca__county,2020-05-31,demand,price,-0.3707709991158267,0.15,-0.05561564986737401,-0.0866316398576292,True,ma12_price_family_challenger,artifacts/regime/comparisons/price_family_structural_windows/price_family_ma12_structural_linked/phase2_chronology/chronology_monthly.csv,price_family_ma12_structural_linked,incumbent_demand_capital_markets__ma12_price_affordability
alameda_county_ca__county,2020-05-31,demand,affordability,0.5424255820807546,0.1,0.05424255820807547,-0.0866316398576292,True,ma12_price_family_challenger,artifacts/regime/comparisons/price_family_structural_windows/price_family_ma12_structural_linked/phase2_chronology/chronology_monthly.csv,price_family_ma12_structural_linked,incumbent_demand_capital_markets__ma12_price_affordability
alameda_county_ca__county,2020-05-31,demand,capital_markets,0.3473867402389158,0.1,0.03473867402389158,-0.0866316398576292,True,incumbent_dimension_history,artifacts/regime/runs/macro_regime_v1_bps120_sources/dimension_scores.parquet,price_family_ma12_structural_linked,incumbent_demand_capital_markets__ma12_price_affordability
alameda_county_ca__county,2020-06-30,demand,demand,0.048083333333333304,0.65,0.03125416666666665,0.06197102729990644,True,incumbent_dimension_history,artifacts/regime/runs/macro_regime_v1_bps120_sources/dimension_scores.parquet,price_family_ma12_structural_linked,incumbent_demand_capital_markets__ma12_price_affordability
alameda_county_ca__county,2020-06-30,demand,price,-0.3450031993323132,0.15,-0.051750479899846984,0.06197102729990644,True,ma12_price_family_challenger,artifacts/regime/comparisons/price_family_structural_windows/price_family_ma12_structural_linked/phase2_chronology/chronology_monthly.csv,price_family_ma12_structural_linked,incumbent_demand_capital_markets__ma12_price_affordability
alameda_county_ca__county,2020-06-30,demand,affordability,0.5182263938593052,0.1,0.05182263938593053,0.06197102729990644,True,ma12_price_family_challenger,artifacts/regime/comparisons/price_family_structural_windows/price_family_ma12_structural_linked/phase2_chronology/chronology_monthly.csv,price_family_ma12_structural_linked,incumbent_demand_capital_markets__ma12_price_affordability
alameda_county_ca__county,2020-06-30,demand,capital_markets,0.3064470114715624,0.1,0.030644701147156242,0.06197102729990644,True,incumbent_dimension_history,artifacts/regime/runs/macro_regime_v1_bps120_sources/dimension_scores.parquet,price_family_ma12_structural_linked,incumbent_demand_capital_markets__ma12_price_affordability
alameda_county_ca__county,2020-07-31,demand,demand,-0.027500000000000017,0.65,-0.017875000000000012,0.03897126672706029,True,incumbent_dimension_history,artifacts/regime/runs/macro_regime_v1_bps120_sources/dimension_scores.parquet,price_family_ma12_structural_linked,incumbent_demand_capital_markets__ma12_price_affordability
alameda_county_ca__county,2020-07-31,demand,price,-0.3486629213483146,0.15,-0.05229943820224719,0.03897126672706029,True,ma12_price_family_challenger,artifacts/regime/comparisons/price_family_structural_windows/price_family_ma12_structural_linked/phase2_chronology/chronology_monthly.csv,price_family_ma12_structural_linked,incumbent_demand_capital_markets__ma12_price_affordability
alameda_county_ca__county,2020-07-31,demand,affordability,0.5234581094284319,0.1,0.052345810942843185,0.03897126672706029,True,ma12_price_family_challenger,artifacts/regime/comparisons/price_family_structural_windows/price_family_ma12_structural_linked/phase2_chronology/chronology_monthly.csv,price_family_ma12_structural_linked,incumbent_demand_capital_markets__ma12_price_affordability
alameda_county_ca__county,2020-07-31,demand,capital_markets,0.567998939864643,0.1,0.0567998939864643,0.03897126672706029,True,incumbent_dimension_history,artifacts/regime/runs/macro_regime_v1_bps120_sources/dimension_scores.parquet,price_family_ma12_structural_linked,incumbent_demand_capital_markets__ma12_price_affordability
alameda_county_ca__county,2020-08-31,demand,demand,-0.03283333333333337,0.65,-0.02134166666666669,0.016540088035550876,True,incumbent_dimension_history,artifacts/regime/runs/macro_regime_v1_bps120_sources/dimension_scores.parquet,price_family_ma12_structural_linked,incumbent_demand_capital_markets__ma12_price_affordability
alameda_county_ca__county,2020-08-31,demand,price,-0.2785679012345678,0.15,-0.04178518518518517,0.016540088035550876,True,ma12_price_family_challenger,artifacts/regime/comparisons/price_family_structural_windows/price_family_ma12_structural_linked/phase2_chronology/chronology_monthly.csv,price_family_ma12_structural_linked,incumbent_demand_capital_markets__ma12_price_affordability
alameda_county_ca__county,2020-08-31,demand,affordability,0.4650418160095579,0.1,0.04650418160095579,0.016540088035550876,True,ma12_price_family_challenger,artifacts/regime/comparisons/price_family_structural_windows/price_family_ma12_structural_linked/phase2_chronology/chronology_monthly.csv,price_family_ma12_structural_linked,incumbent_demand_capital_markets__ma12_price_affordability
alameda_county_ca__county,2020-08-31,demand,capital_markets,0.33162758286446936,0.1,0.033162758286446936,0.016540088035550876,True,incumbent_dimension_history,artifacts/regime/runs/macro_regime_v1_bps120_sources/dimension_scores.parquet,price_family_ma12_structural_linked,incumbent_demand_capital_markets__ma12_price_affordability
alameda_county_ca__county,2020-09-30,demand,demand,-0.09013888888888892,0.65,-0.058590277777777804,-0.014233862891161499,True,incumbent_dimension_history,artifacts/regime/runs/macro_regime_v1_bps120_sources/dimension_scores.parquet,price_family_ma12_structural_linked,incumbent_demand_capital_markets__ma12_price_affordability
alameda_county_ca__county,2020-09-30,demand,price,-0.1934398284642187,0.15,-0.029015974269632802,-0.014233862891161499,True,ma12_price_family_challenger,artifacts/regime/comparisons/price_family_structural_windows/price_family_ma12_structural_linked/phase2_chronology/chronology_monthly.csv,price_family_ma12_structural_linked,incumbent_demand_capital_markets__ma12_price_affordability
alameda_county_ca__county,2020-09-30,demand,affordability,0.3661667341480523,0.1,0.03661667341480523,-0.014233862891161499,True,ma12_price_family_challenger,artifacts/regime/comparisons/price_family_structural_windows/price_family_ma12_structural_linked/phase2_chronology/chronology_monthly.csv,price_family_ma12_structural_linked,incumbent_demand_capital_markets__ma12_price_affordability
alameda_county_ca__county,2020-09-30,demand,capital_markets,0.36755715741443873,0.1,0.03675571574144387,-0.014233862891161499,True,incumbent_dimension_history,artifacts/regime/runs/macro_regime_v1_bps120_sources/dimension_scores.parquet,price_family_ma12_structural_linked,incumbent_demand_capital_markets__ma12_price_affordability
alameda_county_ca__county,2020-10-31,demand,demand,-0.010277777777777787,0.65,-0.006680555555555562,0.0410040306862773,True,incumbent_dimension_history,artifacts/regime/runs/macro_regime_v1_bps120_sources/dimension_scores.parquet,price_family_ma12_structural_linked,incumbent_demand_capital_markets__ma12_price_affordability
alameda_county_ca__county,2020-10-31,demand,price,-0.1092383446830801,0.15,-0.016385751702462013,0.0410040306862773,True,ma12_price_family_challenger,artifacts/regime/comparisons/price_family_structural_windows/price_family_ma12_structural_linked/phase2_chronology/chronology_monthly.csv,price_family_ma12_structural_linked,incumbent_demand_capital_markets__ma12_price_affordability
alameda_county_ca__county,2020-10-31,demand,affordability,0.3213048992307905,0.1,0.03213048992307905,0.0410040306862773,True,ma12_price_family_challenger,artifacts/regime/comparisons/price_family_structural_windows/price_family_ma12_structural_linked/phase2_chronology/chronology_monthly.csv,price_family_ma12_structural_linked,incumbent_demand_capital_markets__ma12_price_affordability
alameda_county_ca__county,2020-10-31,demand,capital_markets,0.3193984802121583,0.1,0.03193984802121583,0.0410040306862773,True,incumbent_dimension_history,artifacts/regime/runs/macro_regime_v1_bps120_sources/dimension_scores.parquet,price_family_ma12_structural_linked,incumbent_demand_capital_markets__ma12_price_affordability
alameda_county_ca__county,2020-11-30,demand,demand,-0.13838888888888887,0.65,-0.08995277777777777,-0.039114707767419835,True,incumbent_dimension_history,artifacts/regime/runs/macro_regime_v1_bps120_sources/dimension_scores.parquet,price_family_ma12_structural_linked,incumbent_demand_capital_markets__ma12_price_affordability
alameda_county_ca__county,2020-11-30,demand,price,-0.0187465437788018,0.15,-0.00281198156682027,-0.039114707767419835,True,ma12_price_family_challenger,artifacts/regime/comparisons/price_family_structural_windows/price_family_ma12_structural_linked/phase2_chronology/chronology_monthly.csv,price_family_ma12_structural_linked,incumbent_demand_capital_markets__ma12_price_affordability
alameda_county_ca__county,2020-11-30,demand,affordability,0.2377880184331797,0.1,0.023778801843317973,-0.039114707767419835,True,ma12_price_family_challenger,artifacts/regime/comparisons/price_family_structural_windows/price_family_ma12_structural_linked/phase2_chronology/chronology_monthly.csv,price_family_ma12_structural_linked,incumbent_demand_capital_markets__ma12_price_affordability
alameda_county_ca__county,2020-11-30,demand,capital_markets,0.29871249733860233,0.1,0.029871249733860235,-0.039114707767419835,True,incumbent_dimension_history,artifacts/regime/runs/macro_regime_v1_bps120_sources/dimension_scores.parquet,price_family_ma12_structural_linked,incumbent_demand_capital_markets__ma12_price_affordability
alameda_county_ca__county,2020-12-31,demand,demand,-0.3771074329866899,0.65,-0.24511983144134847,-0.2369834262282735,True,incumbent_dimension_history,artifacts/regime/runs/macro_regime_v1_bps120_sources/dimension_scores.parquet,price_family_ma12_structural_linked,incumbent_demand_capital_markets__ma12_price_affordability
alameda_county_ca__county,2020-12-31,demand,price,-0.0153141426783479,0.15,-0.002297121401752185,-0.2369834262282735,True,ma12_price_family_challenger,artifacts/regime/comparisons/price_family_structural_windows/price_family_ma12_structural_linked/phase2_chronology/chronology_monthly.csv,price_family_ma12_structural_linked,incumbent_demand_capital_markets__ma12_price_affordability
alameda_county_ca__county,2020-12-31,demand,affordability,-0.2239779105324955,0.1,-0.02239779105324955,-0.2369834262282735,True,ma12_price_family_challenger,artifacts/regime/comparisons/price_family_structural_windows/price_family_ma12_structural_linked/phase2_chronology/chronology_monthly.csv,price_family_ma12_structural_linked,incumbent_demand_capital_markets__ma12_price_affordability
alameda_county_ca__county,2020-12-31,demand,capital_markets,0.32831317668076687,0.1,0.03283131766807669,-0.2369834262282735,True,incumbent_dimension_history,artifacts/regime/runs/macro_regime_v1_bps120_sources/dimension_scores.parquet,price_family_ma12_structural_linked,incumbent_demand_capital_markets__ma12_price_affordability
alameda_county_ca__county,2021-01-31,demand,demand,-0.4441907663200233,0.65,-0.28872399810801513,-0.28698609300739397,True,incumbent_dimension_history,artifacts/regime/runs/macro_regime_v1_bps120_sources/dimension_scores.parquet,price_family_ma12_structural_linked,incumbent_demand_capital_markets__ma12_price_affordability
alameda_county_ca__county,2021-01-31,demand,price,0.1254002447980416,0.15,0.018810036719706238,-0.28698609300739397,True,ma12_price_family_challenger,artifacts/regime/comparisons/price_family_structural_windows/price_family_ma12_structural_linked/phase2_chronology/chronology_monthly.csv,price_family_ma12_structural_linked,incumbent_demand_capital_markets__ma12_price_affordability
alameda_county_ca__county,2021-01-31,demand,affordability,-0.3232955311867708,0.1,-0.03232955311867708,-0.28698609300739397,True,ma12_price_family_challenger,artifacts/regime/comparisons/price_family_structural_windows/price_family_ma12_structural_linked/phase2_chronology/chronology_monthly.csv,price_family_ma12_structural_linked,incumbent_demand_capital_markets__ma12_price_affordability
alameda_county_ca__county,2021-01-31,demand,capital_markets,0.15257421499592008,0.1,0.015257421499592009,-0.28698609300739397,True,incumbent_dimension_history,artifacts/regime/runs/macro_regime_v1_bps120_sources/dimension_scores.parquet,price_family_ma12_structural_linked,incumbent_demand_capital_markets__ma12_price_affordability
alameda_county_ca__county,2021-02-28,demand,demand,-0.23641298854224554,0.65,-0.15366844255245962,-0.14556652511423018,True,incumbent_dimension_history,artifacts/regime/runs/macro_regime_v1_bps120_sources/dimension_scores.parquet,price_family_ma12_structural_linked,incumbent_demand_capital_markets__ma12_price_affordability
alameda_county_ca__county,2021-02-28,demand,price,0.2301954022988505,0.15,0.03452931034482757,-0.14556652511423018,True,ma12_price_family_challenger,artifacts/regime/comparisons/price_family_structural_windows/price_family_ma12_structural_linked/phase2_chronology/chronology_monthly.csv,price_family_ma12_structural_linked,incumbent_demand_capital_markets__ma12_price_affordability
alameda_county_ca__county,2021-02-28,demand,affordability,-0.4496190351793799,0.1,-0.044961903517937996,-0.14556652511423018,True,ma12_price_family_challenger,artifacts/regime/comparisons/price_family_structural_windows/price_family_ma12_structural_linked/phase2_chronology/chronology_monthly.csv,price_family_ma12_structural_linked,incumbent_demand_capital_markets__ma12_price_affordability
alameda_county_ca__county,2021-02-28,demand,capital_markets,0.1853451061133988,0.1,0.018534510611339882,-0.14556652511423018,True,incumbent_dimension_history,artifacts/regime/runs/macro_regime_v1_bps120_sources/dimension_scores.parquet,price_family_ma12_structural_linked,incumbent_demand_capital_markets__ma12_price_affordability
alameda_county_ca__county,2021-03-31,demand,demand,-0.22691298854224554,0.65,-0.1474934425524596,-0.1497500887276485,True,incumbent_dimension_history,artifacts/regime/runs/macro_regime_v1_bps120_sources/dimension_scores.parquet,price_family_ma12_structural_linked,incumbent_demand_capital_markets__ma12_price_affordability
alameda_county_ca__county,2021-03-31,demand,price,0.367415182755389,0.15,0.05511227741330835,-0.1497500887276485,True,ma12_price_family_challenger,artifacts/regime/comparisons/price_family_structural_windows/price_family_ma12_structural_linked/phase2_chronology/chronology_monthly.csv,price_family_ma12_structural_linked,incumbent_demand_capital_markets__ma12_price_affordability
alameda_county_ca__county,2021-03-31,demand,affordability,-0.5654826616682287,0.1,-0.056548266166822875,-0.1497500887276485,True,ma12_price_family_challenger,artifacts/regime/comparisons/price_family_structural_windows/price_family_ma12_structural_linked/phase2_chronology/chronology_monthly.csv,price_family_ma12_structural_linked,incumbent_demand_capital_markets__ma12_price_affordability
alameda_county_ca__county,2021-03-31,demand,capital_markets,-0.0082065742167437,0.1,-0.0008206574216743701,-0.1497500887276485,True,incumbent_dimension_history,artifacts/regime/runs/macro_regime_v1_bps120_sources/dimension_scores.parquet,price_family_ma12_structural_linked,incumbent_demand_capital_markets__ma12_price_affordability
alameda_county_ca__county,2021-04-30,demand,demand,-0.16269076632002327,0.65,-0.10574899810801514,-0.09364884676235612,True,incumbent_dimension_history,artifacts/regime/runs/macro_regime_v1_bps120_sources/dimension_scores.parquet,price_family_ma12_structural_linked,incumbent_demand_capital_markets__ma12_price_affordability
alameda_county_ca__county,2021-04-30,demand,price,0.4298454482916762,0.15,0.06447681724375143,-0.09364884676235612,True,ma12_price_family_challenger,artifacts/regime/comparisons/price_family_structural_windows/price_family_ma12_structural_linked/phase2_chronology/chronology_monthly.csv,price_family_ma12_structural_linked,incumbent_demand_capital_markets__ma12_price_affordability
alameda_county_ca__county,2021-04-30,demand,affordability,-0.6331441262677059,0.1,-0.0633144126267706,-0.09364884676235612,True,ma12_price_family_challenger,artifacts/regime/comparisons/price_family_structural_windows/price_family_ma12_structural_linked/phase2_chronology/chronology_monthly.csv,price_family_ma12_structural_linked,incumbent_demand_capital_markets__ma12_price_affordability
alameda_county_ca__county,2021-04-30,demand,capital_markets,0.10937746728678187,0.1,0.010937746728678187,-0.09364884676235612,True,incumbent_dimension_history,artifacts/regime/runs/macro_regime_v1_bps120_sources/dimension_scores.parquet,price_family_ma12_structural_linked,incumbent_demand_capital_markets__ma12_price_affordability
alameda_county_ca__county,2021-05-31,demand,demand,0.09958701145775448,0.65,0.06473155744754042,0.1166222993652793,True,incumbent_dimension_history,artifacts/regime/runs/macro_regime_v1_bps120_sources/dimension_scores.parquet,price_family_ma12_structural_linked,incumbent_demand_capital_markets__ma12_price_affordability
alameda_county_ca__county,2021-05-31,demand,price,0.6166060606060606,0.15,0.09249090909090908,0.1166222993652793,True,ma12_price_family_challenger,artifacts/regime/comparisons/price_family_structural_windows/price_family_ma12_structural_linked/phase2_chronology/chronology_monthly.csv,price_family_ma12_structural_linked,incumbent_demand_capital_markets__ma12_price_affordability
alameda_county_ca__county,2021-05-31,demand,affordability,-0.6969251336898397,0.1,-0.06969251336898397,0.1166222993652793,True,ma12_price_family_challenger,artifacts/regime/comparisons/price_family_structural_windows/price_family_ma12_structural_linked/phase2_chronology/chronology_monthly.csv,price_family_ma12_structural_linked,incumbent_demand_capital_markets__ma12_price_affordability
alameda_county_ca__county,2021-05-31,demand,capital_markets,0.2909234619581376,0.1,0.029092346195813763,0.1166222993652793,True,incumbent_dimension_history,artifacts/regime/runs/macro_regime_v1_bps120_sources/dimension_scores.parquet,price_family_ma12_structural_linked,incumbent_demand_capital_markets__ma12_price_affordability
alameda_county_ca__county,2021-06-30,demand,demand,-0.12107965520891219,0.65,-0.07870177588579293,-0.03232707445393603,True,incumbent_dimension_history,artifacts/regime/runs/macro_regime_v1_bps120_sources/dimension_scores.parquet,price_family_ma12_structural_linked,incumbent_demand_capital_markets__ma12_price_affordability
alameda_county_ca__county,2021-06-30,demand,price,0.7165714285714286,0.15,0.1074857142857143,-0.03232707445393603,True,ma12_price_family_challenger,artifacts/regime/comparisons/price_family_structural_windows/price_family_ma12_structural_linked/phase2_chronology/chronology_monthly.csv,price_family_ma12_structural_linked,incumbent_demand_capital_markets__ma12_price_affordability
alameda_county_ca__county,2021-06-30,demand,affordability,-0.7519785554251573,0.1,-0.07519785554251573,-0.03232707445393603,True,ma12_price_family_challenger,artifacts/regime/comparisons/price_family_structural_windows/price_family_ma12_structural_linked/phase2_chronology/chronology_monthly.csv,price_family_ma12_structural_linked,incumbent_demand_capital_markets__ma12_price_affordability
alameda_county_ca__county,2021-06-30,demand,capital_markets,0.14086842688658333,0.1,0.014086842688658334,-0.03232707445393603,True,incumbent_dimension_history,artifacts/regime/runs/macro_regime_v1_bps120_sources/dimension_scores.parquet,price_family_ma12_structural_linked,incumbent_demand_capital_markets__ma12_price_affordability
alameda_county_ca__county,2021-07-31,demand,demand,0.06489256701331003,0.65,0.042180168558651525,0.10891242487840941,True,incumbent_dimension_history,artifacts/regime/runs/macro_regime_v1_bps120_sources/dimension_scores.parquet,price_family_ma12_structural_linked,incumbent_demand_capital_markets__ma12_price_affordability
alameda_county_ca__county,2021-07-31,demand,price,0.7835591907016789,0.15,0.11753387860525183,0.10891242487840941,True,ma12_price_family_challenger,artifacts/regime/comparisons/price_family_structural_windows/price_family_ma12_structural_linked/phase2_chronology/chronology_monthly.csv,price_family_ma12_structural_linked,incumbent_demand_capital_markets__ma12_price_affordability
alameda_county_ca__county,2021-07-31,demand,affordability,-0.7702918142984867,0.1,-0.07702918142984867,0.10891242487840941,True,ma12_price_family_challenger,artifacts/regime/comparisons/price_family_structural_windows/price_family_ma12_structural_linked/phase2_chronology/chronology_monthly.csv,price_family_ma12_structural_linked,incumbent_demand_capital_markets__ma12_price_affordability
alameda_county_ca__county,2021-07-31,demand,capital_markets,0.2622755914435472,0.1,0.02622755914435472,0.10891242487840941,True,incumbent_dimension_history,artifacts/regime/runs/macro_regime_v1_bps120_sources/dimension_scores.parquet,price_family_ma12_structural_linked,incumbent_demand_capital_markets__ma12_price_affordability
alameda_county_ca__county,2021-08-31,demand,demand,-0.08344076632002327,0.65,-0.054236498108015126,0.0023260634562099897,True,incumbent_dimension_history,artifacts/regime/runs/macro_regime_v1_bps120_sources/dimension_scores.parquet,price_family_ma12_structural_linked,incumbent_demand_capital_markets__ma12_price_affordability
alameda_county_ca__county,2021-08-31,demand,price,0.7790487033523088,0.15,0.11685730550284631,0.0023260634562099897,True,ma12_price_family_challenger,artifacts/regime/comparisons/price_family_structural_windows/price_family_ma12_structural_linked/phase2_chronology/chronology_monthly.csv,price_family_ma12_structural_linked,incumbent_demand_capital_markets__ma12_price_affordability
alameda_county_ca__county,2021-08-31,demand,affordability,-0.7765848920213247,0.1,-0.07765848920213247,0.0023260634562099897,True,ma12_price_family_challenger,artifacts/regime/comparisons/price_family_structural_windows/price_family_ma12_structural_linked/phase2_chronology/chronology_monthly.csv,price_family_ma12_structural_linked,incumbent_demand_capital_markets__ma12_price_affordability
alameda_county_ca__county,2021-08-31,demand,capital_markets,0.17363745263511268,0.1,0.017363745263511268,0.0023260634562099897,True,incumbent_dimension_history,artifacts/regime/runs/macro_regime_v1_bps120_sources/dimension_scores.parquet,price_family_ma12_structural_linked,incumbent_demand_capital_markets__ma12_price_affordability
alameda_county_ca__county,2021-09-30,demand,demand,0.02969812256886557,0.65,0.01930377966976262,0.04920214908722756,True,incumbent_dimension_history,artifacts/regime/runs/macro_regime_v1_bps120_sources/dimension_scores.parquet,price_family_ma12_structural_linked,incumbent_demand_capital_markets__ma12_price_affordability
alameda_county_ca__county,2021-09-30,demand,price,0.7622053294773807,0.15,0.11433079942160711,0.04920214908722756,True,ma12_price_family_challenger,artifacts/regime/comparisons/price_family_structural_windows/price_family_ma12_structural_linked/phase2_chronology/chronology_monthly.csv,price_family_ma12_structural_linked,incumbent_demand_capital_markets__ma12_price_affordability
alameda_county_ca__county,2021-09-30,demand,affordability,-0.7996780058696745,0.1,-0.07996780058696745,0.04920214908722756,True,ma12_price_family_challenger,artifacts/regime/comparisons/price_family_structural_windows/price_family_ma12_structural_linked/phase2_chronology/chronology_monthly.csv,price_family_ma12_structural_linked,incumbent_demand_capital_markets__ma12_price_affordability
alameda_county_ca__county,2021-09-30,demand,capital_markets,-0.044646294171747127,0.1,-0.004464629417174713,0.04920214908722756,True,incumbent_dimension_history,artifacts/regime/runs/macro_regime_v1_bps120_sources/dimension_scores.parquet,price_family_ma12_structural_linked,incumbent_demand_capital_markets__ma12_price_affordability
alameda_county_ca__county,2021-10-31,demand,demand,-0.02232965520891221,0.65,-0.014514275885792937,-0.0032706972357975372,True,incumbent_dimension_history,artifacts/regime/runs/macro_regime_v1_bps120_sources/dimension_scores.parquet,price_family_ma12_structural_linked,incumbent_demand_capital_markets__ma12_price_affordability
alameda_county_ca__county,2021-10-31,demand,price,0.7495222672064777,0.15,0.11242834008097166,-0.0032706972357975372,True,ma12_price_family_challenger,artifacts/regime/comparisons/price_family_structural_windows/price_family_ma12_structural_linked/phase2_chronology/chronology_monthly.csv,price_family_ma12_structural_linked,incumbent_demand_capital_markets__ma12_price_affordability
alameda_county_ca__county,2021-10-31,demand,affordability,-0.8550257293124977,0.1,-0.08550257293124977,-0.0032706972357975372,True,ma12_price_family_challenger,artifacts/regime/comparisons/price_family_structural_windows/price_family_ma12_structural_linked/phase2_chronology/chronology_monthly.csv,price_family_ma12_structural_linked,incumbent_demand_capital_markets__ma12_price_affordability
alameda_county_ca__county,2021-10-31,demand,capital_markets,-0.15682188499726496,0.1,-0.015682188499726496,-0.0032706972357975372,True,incumbent_dimension_history,artifacts/regime/runs/macro_regime_v1_bps120_sources/dimension_scores.parquet,price_family_ma12_structural_linked,incumbent_demand_capital_markets__ma12_price_affordability
alameda_county_ca__county,2021-11-30,demand,demand,0.11489256701331003,0.65,0.07468016855865152,0.10553033986187947,True,incumbent_dimension_history,artifacts/regime/runs/macro_regime_v1_bps120_sources/dimension_scores.parquet,price_family_ma12_structural_linked,incumbent_demand_capital_markets__ma12_price_affordability
alameda_county_ca__county,2021-11-30,demand,price,0.7367142857142858,0.15,0.11050714285714286,0.10553033986187947,True,ma12_price_family_challenger,artifacts/regime/comparisons/price_family_structural_windows/price_family_ma12_structural_linked/phase2_chronology/chronology_monthly.csv,price_family_ma12_structural_linked,incumbent_demand_capital_markets__ma12_price_affordability
alameda_county_ca__county,2021-11-30,demand,affordability,-0.8468617724867725,0.1,-0.08468617724867726,0.10553033986187947,True,ma12_price_family_challenger,artifacts/regime/comparisons/price_family_structural_windows/price_family_ma12_structural_linked/phase2_chronology/chronology_monthly.csv,price_family_ma12_structural_linked,incumbent_demand_capital_markets__ma12_price_affordability
alameda_county_ca__county,2021-11-30,demand,capital_markets,0.050292056947623676,0.1,0.0050292056947623676,0.10553033986187947,True,incumbent_dimension_history,artifacts/regime/runs/macro_regime_v1_bps120_sources/dimension_scores.parquet,price_family_ma12_structural_linked,incumbent_demand_capital_markets__ma12_price_affordability
alameda_county_ca__county,2021-12-31,demand,demand,0.24070631030189854,0.65,0.15645910169623406,0.21471806127481782,True,incumbent_dimension_history,artifacts/regime/runs/macro_regime_v1_bps120_sources/dimension_scores.parquet,price_family_ma12_structural_linked,incumbent_demand_capital_markets__ma12_price_affordability
alameda_county_ca__county,2021-12-31,demand,price,0.7087018089865785,0.15,0.10630527134798677,0.21471806127481782,True,ma12_price_family_challenger,artifacts/regime/comparisons/price_family_structural_windows/price_family_ma12_structural_linked/phase2_chronology/chronology_monthly.csv,price_family_ma12_structural_linked,incumbent_demand_capital_markets__ma12_price_affordability
alameda_county_ca__county,2021-12-31,demand,affordability,-0.5543111770993756,0.1,-0.05543111770993756,0.21471806127481782,True,ma12_price_family_challenger,artifacts/regime/comparisons/price_family_structural_windows/price_family_ma12_structural_linked/phase2_chronology/chronology_monthly.csv,price_family_ma12_structural_linked,incumbent_demand_capital_markets__ma12_price_affordability
alameda_county_ca__county,2021-12-31,demand,capital_markets,0.07384805940534528,0.1,0.007384805940534528,0.21471806127481782,True,incumbent_dimension_history,artifacts/regime/runs/macro_regime_v1_bps120_sources/dimension_scores.parquet,price_family_ma12_structural_linked,incumbent_demand_capital_markets__ma12_price_affordability
alameda_county_ca__county,2022-01-31,demand,demand,0.14820631030189854,0.65,0.09633410169623406,0.11121531880784918,True,incumbent_dimension_history,artifacts/regime/runs/macro_regime_v1_bps120_sources/dimension_scores.parquet,price_family_ma12_structural_linked,incumbent_demand_capital_markets__ma12_price_affordability
alameda_county_ca__county,2022-01-31,demand,price,0.6397535761968338,0.15,0.09596303642952507,0.11121531880784918,True,ma12_price_family_challenger,artifacts/regime/comparisons/price_family_structural_windows/price_family_ma12_structural_linked/phase2_chronology/chronology_monthly.csv,price_family_ma12_structural_linked,incumbent_demand_capital_markets__ma12_price_affordability
alameda_county_ca__county,2022-01-31,demand,affordability,-0.6174639779446187,0.1,-0.06174639779446187,0.11121531880784918,True,ma12_price_family_challenger,artifacts/regime/comparisons/price_family_structural_windows/price_family_ma12_structural_linked/phase2_chronology/chronology_monthly.csv,price_family_ma12_structural_linked,incumbent_demand_capital_markets__ma12_price_affordability
alameda_county_ca__county,2022-01-31,demand,capital_markets,-0.19335421523448088,0.1,-0.01933542152344809,0.11121531880784918,True,incumbent_dimension_history,artifacts/regime/runs/macro_regime_v1_bps120_sources/dimension_scores.parquet,price_family_ma12_structural_linked,incumbent_demand_capital_markets__ma12_price_affordability
alameda_county_ca__county,2022-02-28,demand,demand,0.36778964363523187,0.65,0.23906326836290073,0.25486853296331863,True,incumbent_dimension_history,artifacts/regime/runs/macro_regime_v1_bps120_sources/dimension_scores.parquet,price_family_ma12_structural_linked,incumbent_demand_capital_markets__ma12_price_affordability
alameda_county_ca__county,2022-02-28,demand,price,0.6926329966329967,0.15,0.1038949494949495,0.25486853296331863,True,ma12_price_family_challenger,artifacts/regime/comparisons/price_family_structural_windows/price_family_ma12_structural_linked/phase2_chronology/chronology_monthly.csv,price_family_ma12_structural_linked,incumbent_demand_capital_markets__ma12_price_affordability
alameda_county_ca__county,2022-02-28,demand,affordability,-0.718008918008918,0.1,-0.0718008918008918,0.25486853296331863,True,ma12_price_family_challenger,artifacts/regime/comparisons/price_family_structural_windows/price_family_ma12_structural_linked/phase2_chronology/chronology_monthly.csv,price_family_ma12_structural_linked,incumbent_demand_capital_markets__ma12_price_affordability
alameda_county_ca__county,2022-02-28,demand,capital_markets,-0.16288793093639778,0.1,-0.01628879309363978,0.25486853296331863,True,incumbent_dimension_history,artifacts/regime/runs/macro_regime_v1_bps120_sources/dimension_scores.parquet,price_family_ma12_structural_linked,incumbent_demand_capital_markets__ma12_price_affordability
alameda_county_ca__county,2022-03-31,demand,demand,0.3645951991907875,0.65,0.23698687947401187,0.22584485514305824,True,incumbent_dimension_history,artifacts/regime/runs/macro_regime_v1_bps120_sources/dimension_scores.parquet,price_family_ma12_structural_linked,incumbent_demand_capital_markets__ma12_price_affordability
alameda_county_ca__county,2022-03-31,demand,price,0.7471926605504589,0.15,0.11207889908256882,0.22584485514305824,True,ma12_price_family_challenger,artifacts/regime/comparisons/price_family_structural_windows/price_family_ma12_structural_linked/phase2_chronology/chronology_monthly.csv,price_family_ma12_structural_linked,incumbent_demand_capital_markets__ma12_price_affordability
alameda_county_ca__county,2022-03-31,demand,affordability,-0.8679633027522935,0.1,-0.08679633027522936,0.22584485514305824,True,ma12_price_family_challenger,artifacts/regime/comparisons/price_family_structural_windows/price_family_ma12_structural_linked/phase2_chronology/chronology_monthly.csv,price_family_ma12_structural_linked,incumbent_demand_capital_markets__ma12_price_affordability
alameda_county_ca__county,2022-03-31,demand,capital_markets,-0.36424593138293093,0.1,-0.0364245931382931,0.22584485514305824,True,incumbent_dimension_history,artifacts/regime/runs/macro_regime_v1_bps120_sources/dimension_scores.parquet,price_family_ma12_structural_linked,incumbent_demand_capital_markets__ma12_price_affordability
alameda_county_ca__county,2022-04-30,demand,demand,0.14090075474634298,0.65,0.09158549058512294,0.06187232925361427,True,incumbent_dimension_history,artifacts/regime/runs/macro_regime_v1_bps120_sources/dimension_scores.parquet,price_family_ma12_structural_linked,incumbent_demand_capital_markets__ma12_price_affordability
alameda_county_ca__county,2022-04-30,demand,price,0.7786102610261028,0.15,0.11679153915391541,0.06187232925361427,True,ma12_price_family_challenger,artifacts/regime/comparisons/price_family_structural_windows/price_family_ma12_structural_linked/phase2_chronology/chronology_monthly.csv,price_family_ma12_structural_linked,incumbent_demand_capital_markets__ma12_price_affordability
alameda_county_ca__county,2022-04-30,demand,affordability,-0.8910783078307831,0.1,-0.08910783078307832,0.06187232925361427,True,ma12_price_family_challenger,artifacts/regime/comparisons/price_family_structural_windows/price_family_ma12_structural_linked/phase2_chronology/chronology_monthly.csv,price_family_ma12_structural_linked,incumbent_demand_capital_markets__ma12_price_affordability
alameda_county_ca__county,2022-04-30,demand,capital_markets,-0.5739686970234575,0.1,-0.057396869702345754,0.06187232925361427,True,incumbent_dimension_history,artifacts/regime/runs/macro_regime_v1_bps120_sources/dimension_scores.parquet,price_family_ma12_structural_linked,incumbent_demand_capital_markets__ma12_price_affordability
alameda_county_ca__county,2022-05-31,demand,demand,0.35631742141300965,0.65,0.23160632391845629,0.19055403677028288,True,incumbent_dimension_history,artifacts/regime/runs/macro_regime_v1_bps120_sources/dimension_scores.parquet,price_family_ma12_structural_linked,incumbent_demand_capital_markets__ma12_price_affordability
alameda_county_ca__county,2022-05-31,demand,price,0.697854795972443,0.15,0.10467821939586645,0.19055403677028288,True,ma12_price_family_challenger,artifacts/regime/comparisons/price_family_structural_windows/price_family_ma12_structural_linked/phase2_chronology/chronology_monthly.csv,price_family_ma12_structural_linked,incumbent_demand_capital_markets__ma12_price_affordability
alameda_county_ca__county,2022-05-31,demand,affordability,-0.8688897721250662,0.1,-0.08688897721250663,0.19055403677028288,True,ma12_price_family_challenger,artifacts/regime/comparisons/price_family_structural_windows/price_family_ma12_structural_linked/phase2_chronology/chronology_monthly.csv,price_family_ma12_structural_linked,incumbent_demand_capital_markets__ma12_price_affordability
alameda_county_ca__county,2022-05-31,demand,capital_markets,-0.5884152933153323,0.1,-0.05884152933153323,0.19055403677028288,True,incumbent_dimension_history,artifacts/regime/runs/macro_regime_v1_bps120_sources/dimension_scores.parquet,price_family_ma12_structural_linked,incumbent_demand_capital_markets__ma12_price_affordability
alameda_county_ca__county,2022-06-30,demand,demand,0.08473408807967632,0.65,0.05507715725178961,0.009498047624865585,True,incumbent_dimension_history,artifacts/regime/runs/macro_regime_v1_bps120_sources/dimension_scores.parquet,price_family_ma12_structural_linked,incumbent_demand_capital_markets__ma12_price_affordability
alameda_county_ca__county,2022-06-30,demand,price,0.6049459084604715,0.15,0.09074188626907072,0.009498047624865585,True,ma12_price_family_challenger,artifacts/regime/comparisons/price_family_structural_windows/price_family_ma12_structural_linked/phase2_chronology/chronology_monthly.csv,price_family_ma12_structural_linked,incumbent_demand_capital_markets__ma12_price_affordability
alameda_county_ca__county,2022-06-30,demand,affordability,-0.8465180305131761,0.1,-0.08465180305131761,0.009498047624865585,True,ma12_price_family_challenger,artifacts/regime/comparisons/price_family_structural_windows/price_family_ma12_structural_linked/phase2_chronology/chronology_monthly.csv,price_family_ma12_structural_linked,incumbent_demand_capital_markets__ma12_price_affordability
alameda_county_ca__county,2022-06-30,demand,capital_markets,-0.5166919284467714,0.1,-0.051669192844677136,0.009498047624865585,True,incumbent_dimension_history,artifacts/regime/runs/macro_regime_v1_bps120_sources/dimension_scores.parquet,price_family_ma12_structural_linked,incumbent_demand_capital_markets__ma12_price_affordability
alameda_county_ca__county,2022-07-31,demand,demand,0.17931742141300963,0.65,0.11655632391845626,0.05461203380994512,True,incumbent_dimension_history,artifacts/regime/runs/macro_regime_v1_bps120_sources/dimension_scores.parquet,price_family_ma12_structural_linked,incumbent_demand_capital_markets__ma12_price_affordability
alameda_county_ca__county,2022-07-31,demand,price,0.2730251872021783,0.15,0.04095377808032674,0.05461203380994512,True,ma12_price_family_challenger,artifacts/regime/comparisons/price_family_structural_windows/price_family_ma12_structural_linked/phase2_chronology/chronology_monthly.csv,price_family_ma12_structural_linked,incumbent_demand_capital_markets__ma12_price_affordability
alameda_county_ca__county,2022-07-31,demand,affordability,-0.7479050374404357,0.1,-0.07479050374404357,0.05461203380994512,True,ma12_price_family_challenger,artifacts/regime/comparisons/price_family_structural_windows/price_family_ma12_structural_linked/phase2_chronology/chronology_monthly.csv,price_family_ma12_structural_linked,incumbent_demand_capital_markets__ma12_price_affordability
alameda_county_ca__county,2022-07-31,demand,capital_markets,-0.2810756444479432,0.1,-0.02810756444479432,0.05461203380994512,True,incumbent_dimension_history,artifacts/regime/runs/macro_regime_v1_bps120_sources/dimension_scores.parquet,price_family_ma12_structural_linked,incumbent_demand_capital_markets__ma12_price_affordability
alameda_county_ca__county,2022-08-31,demand,demand,0.14820631030189854,0.65,0.09633410169623406,0.012457100034600169,True,incumbent_dimension_history,artifacts/regime/runs/macro_regime_v1_bps120_sources/dimension_scores.parquet,price_family_ma12_structural_linked,incumbent_demand_capital_markets__ma12_price_affordability
alameda_county_ca__county,2022-08-31,demand,price,0.0747816978343294,0.15,0.01121725467514941,0.012457100034600169,True,ma12_price_family_challenger,artifacts/regime/comparisons/price_family_structural_windows/price_family_ma12_structural_linked/phase2_chronology/chronology_monthly.csv,price_family_ma12_structural_linked,incumbent_demand_capital_markets__ma12_price_affordability
alameda_county_ca__county,2022-08-31,demand,affordability,-0.5955876871666345,0.1,-0.05955876871666345,0.012457100034600169,True,ma12_price_family_challenger,artifacts/regime/comparisons/price_family_structural_windows/price_family_ma12_structural_linked/phase2_chronology/chronology_monthly.csv,price_family_ma12_structural_linked,incumbent_demand_capital_markets__ma12_price_affordability
alameda_county_ca__county,2022-08-31,demand,capital_markets,-0.3553548762011985,0.1,-0.03553548762011985,0.012457100034600169,True,incumbent_dimension_history,artifacts/regime/runs/macro_regime_v1_bps120_sources/dimension_scores.parquet,price_family_ma12_structural_linked,incumbent_demand_capital_markets__ma12_price_affordability
alameda_county_ca__county,2022-09-30,demand,demand,0.22584519919078744,0.65,0.14679937947401184,-0.004286673058561584,True,incumbent_dimension_history,artifacts/regime/runs/macro_regime_v1_bps120_sources/dimension_scores.parquet,price_family_ma12_structural_linked,incumbent_demand_capital_markets__ma12_price_affordability
alameda_county_ca__county,2022-09-30,demand,price,-0.1563006632277082,0.15,-0.02344509948415623,-0.004286673058561584,True,ma12_price_family_challenger,artifacts/regime/comparisons/price_family_structural_windows/price_family_ma12_structural_linked/phase2_chronology/chronology_monthly.csv,price_family_ma12_structural_linked,incumbent_demand_capital_markets__ma12_price_affordability
alameda_county_ca__county,2022-09-30,demand,affordability,-0.6597721388745985,0.1,-0.06597721388745985,-0.004286673058561584,True,ma12_price_family_challenger,artifacts/regime/comparisons/price_family_structural_windows/price_family_ma12_structural_linked/phase2_chronology/chronology_monthly.csv,price_family_ma12_structural_linked,incumbent_demand_capital_markets__ma12_price_affordability
alameda_county_ca__county,2022-09-30,demand,capital_markets,-0.6166373916095734,0.1,-0.06166373916095735,-0.004286673058561584,True,incumbent_dimension_history,artifacts/regime/runs/macro_regime_v1_bps120_sources/dimension_scores.parquet,price_family_ma12_structural_linked,incumbent_demand_capital_markets__ma12_price_affordability
alameda_county_ca__county,2022-10-31,demand,demand,0.06403964363523189,0.65,0.04162576836290073,-0.13104912959422566,True,incumbent_dimension_history,artifacts/regime/runs/macro_regime_v1_bps120_sources/dimension_scores.parquet,price_family_ma12_structural_linked,incumbent_demand_capital_markets__ma12_price_affordability
alameda_county_ca__county,2022-10-31,demand,price,-0.280446063310919,0.15,-0.04206690949663785,-0.13104912959422566,True,ma12_price_family_challenger,artifacts/regime/comparisons/price_family_structural_windows/price_family_ma12_structural_linked/phase2_chronology/chronology_monthly.csv,price_family_ma12_structural_linked,incumbent_demand_capital_markets__ma12_price_affordability
alameda_county_ca__county,2022-10-31,demand,affordability,-0.6342368431742662,0.1,-0.06342368431742662,-0.13104912959422566,True,ma12_price_family_challenger,artifacts/regime/comparisons/price_family_structural_windows/price_family_ma12_structural_linked/phase2_chronology/chronology_monthly.csv,price_family_ma12_structural_linked,incumbent_demand_capital_markets__ma12_price_affordability
alameda_county_ca__county,2022-10-31,demand,capital_markets,-0.6718430414306191,0.1,-0.06718430414306191,-0.13104912959422566,True,incumbent_dimension_history,artifacts/regime/runs/macro_regime_v1_bps120_sources/dimension_scores.parquet,price_family_ma12_structural_linked,incumbent_demand_capital_markets__ma12_price_affordability
alameda_county_ca__county,2022-11-30,demand,demand,0.034178532524120786,0.65,0.02221604614067851,-0.14260669844071727,True,incumbent_dimension_history,artifacts/regime/runs/macro_regime_v1_bps120_sources/dimension_scores.parquet,price_family_ma12_structural_linked,incumbent_demand_capital_markets__ma12_price_affordability
alameda_county_ca__county,2022-11-30,demand,price,-0.3906438746438747,0.15,-0.0585965811965812,-0.14260669844071727,True,ma12_price_family_challenger,artifacts/regime/comparisons/price_family_structural_windows/price_family_ma12_structural_linked/phase2_chronology/chronology_monthly.csv,price_family_ma12_structural_linked,incumbent_demand_capital_markets__ma12_price_affordability
alameda_county_ca__county,2022-11-30,demand,affordability,-0.596059829059829,0.1,-0.0596059829059829,-0.14260669844071727,True,ma12_price_family_challenger,artifacts/regime/comparisons/price_family_structural_windows/price_family_ma12_structural_linked/phase2_chronology/chronology_monthly.csv,price_family_ma12_structural_linked,incumbent_demand_capital_markets__ma12_price_affordability
alameda_county_ca__county,2022-11-30,demand,capital_markets,-0.46620180478831674,0.1,-0.04662018047883168,-0.14260669844071727,True,incumbent_dimension_history,artifacts/regime/runs/macro_regime_v1_bps120_sources/dimension_scores.parquet,price_family_ma12_structural_linked,incumbent_demand_capital_markets__ma12_price_affordability
alameda_county_ca__county,2022-12-31,demand,demand,0.07554013301226921,0.65,0.049101086457974986,-0.06688560429663559,True,incumbent_dimension_history,artifacts/regime/runs/macro_regime_v1_bps120_sources/dimension_scores.parquet,price_family_ma12_structural_linked,incumbent_demand_capital_markets__ma12_price_affordability
alameda_county_ca__county,2022-12-31,demand,price,-0.4550354014409372,0.15,-0.06825531021614058,-0.06688560429663559,True,ma12_price_family_challenger,artifacts/regime/comparisons/price_family_structural_windows/price_family_ma12_structural_linked/phase2_chronology/chronology_monthly.csv,price_family_ma12_structural_linked,incumbent_demand_capital_markets__ma12_price_affordability
alameda_county_ca__county,2022-12-31,demand,affordability,-0.1974899445394702,0.1,-0.01974899445394702,-0.06688560429663559,True,ma12_price_family_challenger,artifacts/regime/comparisons/price_family_structural_windows/price_family_ma12_structural_linked/phase2_chronology/chronology_monthly.csv,price_family_ma12_structural_linked,incumbent_demand_capital_markets__ma12_price_affordability
alameda_county_ca__county,2022-12-31,demand,capital_markets,-0.2798238608452298,0.1,-0.027982386084522984,-0.06688560429663559,True,incumbent_dimension_history,artifacts/regime/runs/macro_regime_v1_bps120_sources/dimension_scores.parquet,price_family_ma12_structural_linked,incumbent_demand_capital_markets__ma12_price_affordability
alameda_county_ca__county,2023-01-31,demand,demand,-0.11015431143217524,0.65,-0.0716003024309139,-0.19940413773936344,True,incumbent_dimension_history,artifacts/regime/runs/macro_regime_v1_bps120_sources/dimension_scores.parquet,price_family_ma12_structural_linked,incumbent_demand_capital_markets__ma12_price_affordability
alameda_county_ca__county,2023-01-31,demand,price,-0.4947272727272727,0.15,-0.0742090909090909,-0.19940413773936344,True,ma12_price_family_challenger,artifacts/regime/comparisons/price_family_structural_windows/price_family_ma12_structural_linked/phase2_chronology/chronology_monthly.csv,price_family_ma12_structural_linked,incumbent_demand_capital_markets__ma12_price_affordability
alameda_county_ca__county,2023-01-31,demand,affordability,-0.1494242424242424,0.1,-0.014942424242424241,-0.19940413773936344,True,ma12_price_family_challenger,artifacts/regime/comparisons/price_family_structural_windows/price_family_ma12_structural_linked/phase2_chronology/chronology_monthly.csv,price_family_ma12_structural_linked,incumbent_demand_capital_markets__ma12_price_affordability
alameda_county_ca__county,2023-01-31,demand,capital_markets,-0.386523201569344,0.1,-0.0386523201569344,-0.19940413773936344,True,incumbent_dimension_history,artifacts/regime/runs/macro_regime_v1_bps120_sources/dimension_scores.parquet,price_family_ma12_structural_linked,incumbent_demand_capital_markets__ma12_price_affordability
alameda_county_ca__county,2023-02-28,demand,demand,0.026651244123380345,0.65,0.017323308680197224,-0.12464567337787924,True,incumbent_dimension_history,artifacts/regime/runs/macro_regime_v1_bps120_sources/dimension_scores.parquet,price_family_ma12_structural_linked,incumbent_demand_capital_markets__ma12_price_affordability
alameda_county_ca__county,2023-02-28,demand,price,-0.5457837837837838,0.15,-0.08186756756756756,-0.12464567337787924,True,ma12_price_family_challenger,artifacts/regime/comparisons/price_family_structural_windows/price_family_ma12_structural_linked/phase2_chronology/chronology_monthly.csv,price_family_ma12_structural_linked,incumbent_demand_capital_markets__ma12_price_affordability
alameda_county_ca__county,2023-02-28,demand,affordability,-0.1198378378378378,0.1,-0.01198378378378378,-0.12464567337787924,True,ma12_price_family_challenger,artifacts/regime/comparisons/price_family_structural_windows/price_family_ma12_structural_linked/phase2_chronology/chronology_monthly.csv,price_family_ma12_structural_linked,incumbent_demand_capital_markets__ma12_price_affordability
alameda_county_ca__county,2023-02-28,demand,capital_markets,-0.48117630706725123,0.1,-0.048117630706725124,-0.12464567337787924,True,incumbent_dimension_history,artifacts/regime/runs/macro_regime_v1_bps120_sources/dimension_scores.parquet,price_family_ma12_structural_linked,incumbent_demand_capital_markets__ma12_price_affordability
alameda_county_ca__county,2023-03-31,demand,demand,0.05234568856782476,0.65,0.0340246975690861,-0.12177414038400558,True,incumbent_dimension_history,artifacts/regime/runs/macro_regime_v1_bps120_sources/dimension_scores.parquet,price_family_ma12_structural_linked,incumbent_demand_capital_markets__ma12_price_affordability
alameda_county_ca__county,2023-03-31,demand,price,-0.6137142857142857,0.15,-0.09205714285714285,-0.12177414038400558,True,ma12_price_family_challenger,artifacts/regime/comparisons/price_family_structural_windows/price_family_ma12_structural_linked/phase2_chronology/chronology_monthly.csv,price_family_ma12_structural_linked,incumbent_demand_capital_markets__ma12_price_affordability
alameda_county_ca__county,2023-03-31,demand,affordability,-0.1828214285714286,0.1,-0.01828214285714286,-0.12177414038400558,True,ma12_price_family_challenger,artifacts/regime/comparisons/price_family_structural_windows/price_family_ma12_structural_linked/phase2_chronology/chronology_monthly.csv,price_family_ma12_structural_linked,incumbent_demand_capital_markets__ma12_price_affordability
alameda_county_ca__county,2023-03-31,demand,capital_markets,-0.4545955223880596,0.1,-0.04545955223880596,-0.12177414038400558,True,incumbent_dimension_history,artifacts/regime/runs/macro_regime_v1_bps120_sources/dimension_scores.parquet,price_family_ma12_structural_linked,incumbent_demand_capital_markets__ma12_price_affordability
alameda_county_ca__county,2023-04-30,demand,demand,-0.04904320032106412,0.65,-0.03187808020869168,-0.14950116747541597,True,incumbent_dimension_history,artifacts/regime/runs/macro_regime_v1_bps120_sources/dimension_scores.parquet,price_family_ma12_structural_linked,incumbent_demand_capital_markets__ma12_price_affordability
alameda_county_ca__county,2023-04-30,demand,price,-0.6306666666666667,0.15,-0.0946,-0.14950116747541597,True,ma12_price_family_challenger,artifacts/regime/comparisons/price_family_structural_windows/price_family_ma12_structural_linked/phase2_chronology/chronology_monthly.csv,price_family_ma12_structural_linked,incumbent_demand_capital_markets__ma12_price_affordability
alameda_county_ca__county,2023-04-30,demand,affordability,0.0109011799410028,0.1,0.00109011799410028,-0.14950116747541597,True,ma12_price_family_challenger,artifacts/regime/comparisons/price_family_structural_windows/price_family_ma12_structural_linked/phase2_chronology/chronology_monthly.csv,price_family_ma12_structural_linked,incumbent_demand_capital_markets__ma12_price_affordability
alameda_county_ca__county,2023-04-30,demand,capital_markets,-0.24113205260824594,0.1,-0.024113205260824597,-0.14950116747541597,True,incumbent_dimension_history,artifacts/regime/runs/macro_regime_v1_bps120_sources/dimension_scores.parquet,price_family_ma12_structural_linked,incumbent_demand_capital_markets__ma12_price_affordability
alameda_county_ca__county,2023-05-31,demand,demand,-0.07737653365439748,0.65,-0.05029474687535836,-0.18502190641323787,True,incumbent_dimension_history,artifacts/regime/runs/macro_regime_v1_bps120_sources/dimension_scores.parquet,price_family_ma12_structural_linked,incumbent_demand_capital_markets__ma12_price_affordability
alameda_county_ca__county,2023-05-31,demand,price,-0.6336666666666667,0.15,-0.09505000000000001,-0.18502190641323787,True,ma12_price_family_challenger,artifacts/regime/comparisons/price_family_structural_windows/price_family_ma12_structural_linked/phase2_chronology/chronology_monthly.csv,price_family_ma12_structural_linked,incumbent_demand_capital_markets__ma12_price_affordability
alameda_county_ca__county,2023-05-31,demand,affordability,0.0485350877192982,0.1,0.004853508771929821,-0.18502190641323787,True,ma12_price_family_challenger,artifacts/regime/comparisons/price_family_structural_windows/price_family_ma12_structural_linked/phase2_chronology/chronology_monthly.csv,price_family_ma12_structural_linked,incumbent_demand_capital_markets__ma12_price_affordability
alameda_county_ca__county,2023-05-31,demand,capital_markets,-0.44530668309809346,0.1,-0.04453066830980935,-0.18502190641323787,True,incumbent_dimension_history,artifacts/regime/runs/macro_regime_v1_bps120_sources/dimension_scores.parquet,price_family_ma12_structural_linked,incumbent_demand_capital_markets__ma12_price_affordability
alameda_county_ca__county,2023-06-30,demand,demand,-0.1818209780988419,0.65,-0.11818363576424724,-0.25941700444230315,True,incumbent_dimension_history,artifacts/regime/runs/macro_regime_v1_bps120_sources/dimension_scores.parquet,price_family_ma12_structural_linked,incumbent_demand_capital_markets__ma12_price_affordability
alameda_county_ca__county,2023-06-30,demand,price,-0.6336666666666666,0.15,-0.09504999999999998,-0.25941700444230315,True,ma12_price_family_challenger,artifacts/regime/comparisons/price_family_structural_windows/price_family_ma12_structural_linked/phase2_chronology/chronology_monthly.csv,price_family_ma12_structural_linked,incumbent_demand_capital_markets__ma12_price_affordability
alameda_county_ca__county,2023-06-30,demand,affordability,0.0539927536231884,0.1,0.00539927536231884,-0.25941700444230315,True,ma12_price_family_challenger,artifacts/regime/comparisons/price_family_structural_windows/price_family_ma12_structural_linked/phase2_chronology/chronology_monthly.csv,price_family_ma12_structural_linked,incumbent_demand_capital_markets__ma12_price_affordability
alameda_county_ca__county,2023-06-30,demand,capital_markets,-0.5158264404037477,0.1,-0.05158264404037477,-0.25941700444230315,True,incumbent_dimension_history,artifacts/regime/runs/macro_regime_v1_bps120_sources/dimension_scores.parquet,price_family_ma12_structural_linked,incumbent_demand_capital_markets__ma12_price_affordability
alameda_county_ca__county,2023-07-31,demand,demand,0.05679013301226923,0.65,0.036913586457974996,-0.11623112153147108,True,incumbent_dimension_history,artifacts/regime/runs/macro_regime_v1_bps120_sources/dimension_scores.parquet,price_family_ma12_structural_linked,incumbent_demand_capital_markets__ma12_price_affordability
alameda_county_ca__county,2023-07-31,demand,price,-0.617,0.15,-0.09255,-0.11623112153147108,True,ma12_price_family_challenger,artifacts/regime/comparisons/price_family_structural_windows/price_family_ma12_structural_linked/phase2_chronology/chronology_monthly.csv,price_family_ma12_structural_linked,incumbent_demand_capital_markets__ma12_price_affordability
alameda_county_ca__county,2023-07-31,demand,affordability,-0.0223965517241379,0.1,-0.00223965517241379,-0.11623112153147108,True,ma12_price_family_challenger,artifacts/regime/comparisons/price_family_structural_windows/price_family_ma12_structural_linked/phase2_chronology/chronology_monthly.csv,price_family_ma12_structural_linked,incumbent_demand_capital_markets__ma12_price_affordability
alameda_county_ca__county,2023-07-31,demand,capital_markets,-0.5835505281703229,0.1,-0.058355052817032294,-0.11623112153147108,True,incumbent_dimension_history,artifacts/regime/runs/macro_regime_v1_bps120_sources/dimension_scores.parquet,price_family_ma12_structural_linked,incumbent_demand_capital_markets__ma12_price_affordability
alameda_county_ca__county,2023-08-31,demand,demand,-0.10195986698773081,0.65,-0.06627391354202503,-0.22298404515203124,True,incumbent_dimension_history,artifacts/regime/runs/macro_regime_v1_bps120_sources/dimension_scores.parquet,price_family_ma12_structural_linked,incumbent_demand_capital_markets__ma12_price_affordability
alameda_county_ca__county,2023-08-31,demand,price,-0.5729059829059829,0.15,-0.08593589743589744,-0.22298404515203124,True,ma12_price_family_challenger,artifacts/regime/comparisons/price_family_structural_windows/price_family_ma12_structural_linked/phase2_chronology/chronology_monthly.csv,price_family_ma12_structural_linked,incumbent_demand_capital_markets__ma12_price_affordability
alameda_county_ca__county,2023-08-31,demand,affordability,-0.1452564102564102,0.1,-0.014525641025641021,-0.22298404515203124,True,ma12_price_family_challenger,artifacts/regime/comparisons/price_family_structural_windows/price_family_ma12_structural_linked/phase2_chronology/chronology_monthly.csv,price_family_ma12_structural_linked,incumbent_demand_capital_markets__ma12_price_affordability
alameda_county_ca__county,2023-08-31,demand,capital_markets,-0.5624859314846776,0.1,-0.056248593148467765,-0.22298404515203124,True,incumbent_dimension_history,artifacts/regime/runs/macro_regime_v1_bps120_sources/dimension_scores.parquet,price_family_ma12_structural_linked,incumbent_demand_capital_markets__ma12_price_affordability
alameda_county_ca__county,2023-09-30,demand,demand,-0.01418208920995302,0.65,-0.009218357986469463,-0.1389235097325459,True,incumbent_dimension_history,artifacts/regime/runs/macro_regime_v1_bps120_sources/dimension_scores.parquet,price_family_ma12_structural_linked,incumbent_demand_capital_markets__ma12_price_affordability
alameda_county_ca__county,2023-09-30,demand,price,-0.4528813559322034,0.15,-0.06793220338983051,-0.1389235097325459,True,ma12_price_family_challenger,artifacts/regime/comparisons/price_family_structural_windows/price_family_ma12_structural_linked/phase2_chronology/chronology_monthly.csv,price_family_ma12_structural_linked,incumbent_demand_capital_markets__ma12_price_affordability
alameda_county_ca__county,2023-09-30,demand,affordability,-0.1418502824858757,0.1,-0.01418502824858757,-0.1389235097325459,True,ma12_price_family_challenger,artifacts/regime/comparisons/price_family_structural_windows/price_family_ma12_structural_linked/phase2_chronology/chronology_monthly.csv,price_family_ma12_structural_linked,incumbent_demand_capital_markets__ma12_price_affordability
alameda_county_ca__county,2023-09-30,demand,capital_markets,-0.4758792010765839,0.1,-0.04758792010765839,-0.1389235097325459,True,incumbent_dimension_history,artifacts/regime/runs/macro_regime_v1_bps120_sources/dimension_scores.parquet,price_family_ma12_structural_linked,incumbent_demand_capital_markets__ma12_price_affordability
alameda_county_ca__county,2023-10-31,demand,demand,-0.16501542254328633,0.65,-0.10726002465313611,-0.22838508512548555,True,incumbent_dimension_history,artifacts/regime/runs/macro_regime_v1_bps120_sources/dimension_scores.parquet,price_family_ma12_structural_linked,incumbent_demand_capital_markets__ma12_price_affordability
alameda_county_ca__county,2023-10-31,demand,price,-0.4097198879551821,0.15,-0.06145798319327731,-0.22838508512548555,True,ma12_price_family_challenger,artifacts/regime/comparisons/price_family_structural_windows/price_family_ma12_structural_linked/phase2_chronology/chronology_monthly.csv,price_family_ma12_structural_linked,incumbent_demand_capital_markets__ma12_price_affordability
alameda_county_ca__county,2023-10-31,demand,affordability,-0.1805042016806722,0.1,-0.01805042016806722,-0.22838508512548555,True,ma12_price_family_challenger,artifacts/regime/comparisons/price_family_structural_windows/price_family_ma12_structural_linked/phase2_chronology/chronology_monthly.csv,price_family_ma12_structural_linked,incumbent_demand_capital_markets__ma12_price_affordability
alameda_county_ca__county,2023-10-31,demand,capital_markets,-0.4161665711100494,0.1,-0.04161665711100494,-0.22838508512548555,True,incumbent_dimension_history,artifacts/regime/runs/macro_regime_v1_bps120_sources/dimension_scores.parquet,price_family_ma12_structural_linked,incumbent_demand_capital_markets__ma12_price_affordability
alameda_county_ca__county,2023-11-30,demand,demand,0.044984577456713616,0.65,0.02923997534686385,-0.07461445564849221,True,incumbent_dimension_history,artifacts/regime/runs/macro_regime_v1_bps120_sources/dimension_scores.parquet,price_family_ma12_structural_linked,incumbent_demand_capital_markets__ma12_price_affordability
alameda_county_ca__county,2023-11-30,demand,price,-0.355,0.15,-0.05325,-0.07461445564849221,True,ma12_price_family_challenger,artifacts/regime/comparisons/price_family_structural_windows/price_family_ma12_structural_linked/phase2_chronology/chronology_monthly.csv,price_family_ma12_structural_linked,incumbent_demand_capital_markets__ma12_price_affordability
alameda_county_ca__county,2023-11-30,demand,affordability,-0.1708333333333334,0.1,-0.01708333333333334,-0.07461445564849221,True,ma12_price_family_challenger,artifacts/regime/comparisons/price_family_structural_windows/price_family_ma12_structural_linked/phase2_chronology/chronology_monthly.csv,price_family_ma12_structural_linked,incumbent_demand_capital_markets__ma12_price_affordability
alameda_county_ca__county,2023-11-30,demand,capital_markets,-0.33521097662022725,0.1,-0.03352109766202273,-0.07461445564849221,True,incumbent_dimension_history,artifacts/regime/runs/macro_regime_v1_bps120_sources/dimension_scores.parquet,price_family_ma12_structural_linked,incumbent_demand_capital_markets__ma12_price_affordability
alameda_county_ca__county,2023-12-31,demand,demand,-0.2526507446701955,0.65,-0.16422298403562707,-0.27504956867905384,True,incumbent_dimension_history,artifacts/regime/runs/macro_regime_v1_bps120_sources/dimension_scores.parquet,price_family_ma12_structural_linked,incumbent_demand_capital_markets__ma12_price_affordability
alameda_county_ca__county,2023-12-31,demand,price,-0.37,0.15,-0.0555,-0.27504956867905384,True,ma12_price_family_challenger,artifacts/regime/comparisons/price_family_structural_windows/price_family_ma12_structural_linked/phase2_chronology/chronology_monthly.csv,price_family_ma12_structural_linked,incumbent_demand_capital_markets__ma12_price_affordability
alameda_county_ca__county,2023-12-31,demand,affordability,-0.27,0.1,-0.027000000000000003,-0.27504956867905384,True,ma12_price_family_challenger,artifacts/regime/comparisons/price_family_structural_windows/price_family_ma12_structural_linked/phase2_chronology/chronology_monthly.csv,price_family_ma12_structural_linked,incumbent_demand_capital_markets__ma12_price_affordability
alameda_county_ca__county,2023-12-31,demand,capital_markets,-0.2832658464342675,0.1,-0.02832658464342675,-0.27504956867905384,True,incumbent_dimension_history,artifacts/regime/runs/macro_regime_v1_bps120_sources/dimension_scores.parquet,price_family_ma12_structural_linked,incumbent_demand_capital_markets__ma12_price_affordability
alameda_county_ca__county,2024-01-31,demand,demand,-0.2787618557813066,0.65,-0.1811952062578493,-0.277254457342884,True,incumbent_dimension_history,artifacts/regime/runs/macro_regime_v1_bps120_sources/dimension_scores.parquet,price_family_ma12_structural_linked,incumbent_demand_capital_markets__ma12_price_affordability
alameda_county_ca__county,2024-01-31,demand,price,-0.3433333333333333,0.15,-0.0515,-0.277254457342884,True,ma12_price_family_challenger,artifacts/regime/comparisons/price_family_structural_windows/price_family_ma12_structural_linked/phase2_chronology/chronology_monthly.csv,price_family_ma12_structural_linked,incumbent_demand_capital_markets__ma12_price_affordability
alameda_county_ca__county,2024-01-31,demand,affordability,-0.2391666666666666,0.1,-0.023916666666666662,-0.277254457342884,True,ma12_price_family_challenger,artifacts/regime/comparisons/price_family_structural_windows/price_family_ma12_structural_linked/phase2_chronology/chronology_monthly.csv,price_family_ma12_structural_linked,incumbent_demand_capital_markets__ma12_price_affordability
alameda_county_ca__county,2024-01-31,demand,capital_markets,-0.20642584418368076,0.1,-0.02064258441836808,-0.277254457342884,True,incumbent_dimension_history,artifacts/regime/runs/macro_regime_v1_bps120_sources/dimension_scores.parquet,price_family_ma12_structural_linked,incumbent_demand_capital_markets__ma12_price_affordability
alameda_county_ca__county,2024-02-29,demand,demand,-0.15528963355908432,0.65,-0.1009382618134048,-0.22442688591546445,True,incumbent_dimension_history,artifacts/regime/runs/macro_regime_v1_bps120_sources/dimension_scores.parquet,price_family_ma12_structural_linked,incumbent_demand_capital_markets__ma12_price_affordability
alameda_county_ca__county,2024-02-29,demand,price,-0.25,0.15,-0.0375,-0.22442688591546445,True,ma12_price_family_challenger,artifacts/regime/comparisons/price_family_structural_windows/price_family_ma12_structural_linked/phase2_chronology/chronology_monthly.csv,price_family_ma12_structural_linked,incumbent_demand_capital_markets__ma12_price_affordability
alameda_county_ca__county,2024-02-29,demand,affordability,-0.4016666666666666,0.1,-0.04016666666666666,-0.22442688591546445,True,ma12_price_family_challenger,artifacts/regime/comparisons/price_family_structural_windows/price_family_ma12_structural_linked/phase2_chronology/chronology_monthly.csv,price_family_ma12_structural_linked,incumbent_demand_capital_markets__ma12_price_affordability
alameda_county_ca__county,2024-02-29,demand,capital_markets,-0.45821957435392996,0.1,-0.045821957435392996,-0.22442688591546445,True,incumbent_dimension_history,artifacts/regime/runs/macro_regime_v1_bps120_sources/dimension_scores.parquet,price_family_ma12_structural_linked,incumbent_demand_capital_markets__ma12_price_affordability
alameda_county_ca__county,2024-03-31,demand,demand,-0.13001185578130656,0.65,-0.08450770625784927,-0.1861372550855947,True,incumbent_dimension_history,artifacts/regime/runs/macro_regime_v1_bps120_sources/dimension_scores.parquet,price_family_ma12_structural_linked,incumbent_demand_capital_markets__ma12_price_affordability
alameda_county_ca__county,2024-03-31,demand,price,-0.0766666666666667,0.15,-0.011500000000000005,-0.1861372550855947,True,ma12_price_family_challenger,artifacts/regime/comparisons/price_family_structural_windows/price_family_ma12_structural_linked/phase2_chronology/chronology_monthly.csv,price_family_ma12_structural_linked,incumbent_demand_capital_markets__ma12_price_affordability
alameda_county_ca__county,2024-03-31,demand,affordability,-0.4808333333333333,0.1,-0.04808333333333333,-0.1861372550855947,True,ma12_price_family_challenger,artifacts/regime/comparisons/price_family_structural_windows/price_family_ma12_structural_linked/phase2_chronology/chronology_monthly.csv,price_family_ma12_structural_linked,incumbent_demand_capital_markets__ma12_price_affordability
alameda_county_ca__county,2024-03-31,demand,capital_markets,-0.42046215494412076,0.1,-0.04204621549441208,-0.1861372550855947,True,incumbent_dimension_history,artifacts/regime/runs/macro_regime_v1_bps120_sources/dimension_scores.parquet,price_family_ma12_structural_linked,incumbent_demand_capital_markets__ma12_price_affordability
alameda_county_ca__county,2024-04-30,demand,demand,-0.24612296689241772,0.65,-0.15997992848007153,-0.25204983766777855,True,incumbent_dimension_history,artifacts/regime/runs/macro_regime_v1_bps120_sources/dimension_scores.parquet,price_family_ma12_structural_linked,incumbent_demand_capital_markets__ma12_price_affordability
alameda_county_ca__county,2024-04-30,demand,price,0.12,0.15,0.018,-0.25204983766777855,True,ma12_price_family_challenger,artifacts/regime/comparisons/price_family_structural_windows/price_family_ma12_structural_linked/phase2_chronology/chronology_monthly.csv,price_family_ma12_structural_linked,incumbent_demand_capital_markets__ma12_price_affordability
alameda_county_ca__county,2024-04-30,demand,affordability,-0.7175,0.1,-0.07175000000000001,-0.25204983766777855,True,ma12_price_family_challenger,artifacts/regime/comparisons/price_family_structural_windows/price_family_ma12_structural_linked/phase2_chronology/chronology_monthly.csv,price_family_ma12_structural_linked,incumbent_demand_capital_markets__ma12_price_affordability
alameda_county_ca__county,2024-04-30,demand,capital_markets,-0.3831990918770698,0.1,-0.03831990918770698,-0.25204983766777855,True,incumbent_dimension_history,artifacts/regime/runs/macro_regime_v1_bps120_sources/dimension_scores.parquet,price_family_ma12_structural_linked,incumbent_demand_capital_markets__ma12_price_affordability
alameda_county_ca__county,2024-05-31,demand,demand,-0.18945630022575102,0.65,-0.12314659514673817,-0.21469687043850205,True,incumbent_dimension_history,artifacts/regime/runs/macro_regime_v1_bps120_sources/dimension_scores.parquet,price_family_ma12_structural_linked,incumbent_demand_capital_markets__ma12_price_affordability
alameda_county_ca__county,2024-05-31,demand,price,0.155,0.15,0.02325,-0.21469687043850205,True,ma12_price_family_challenger,artifacts/regime/comparisons/price_family_structural_windows/price_family_ma12_structural_linked/phase2_chronology/chronology_monthly.csv,price_family_ma12_structural_linked,incumbent_demand_capital_markets__ma12_price_affordability
alameda_county_ca__county,2024-05-31,demand,affordability,-0.7158333333333333,0.1,-0.07158333333333333,-0.21469687043850205,True,ma12_price_family_challenger,artifacts/regime/comparisons/price_family_structural_windows/price_family_ma12_structural_linked/phase2_chronology/chronology_monthly.csv,price_family_ma12_structural_linked,incumbent_demand_capital_markets__ma12_price_affordability
alameda_county_ca__county,2024-05-31,demand,capital_markets,-0.4321694195843054,0.1,-0.04321694195843054,-0.21469687043850205,True,incumbent_dimension_history,artifacts/regime/runs/macro_regime_v1_bps120_sources/dimension_scores.parquet,price_family_ma12_structural_linked,incumbent_demand_capital_markets__ma12_price_affordability
alameda_county_ca__county,2024-06-30,demand,demand,-0.24598407800352884,0.65,-0.15988965070229375,-0.2284156379343959,True,incumbent_dimension_history,artifacts/regime/runs/macro_regime_v1_bps120_sources/dimension_scores.parquet,price_family_ma12_structural_linked,incumbent_demand_capital_markets__ma12_price_affordability
alameda_county_ca__county,2024-06-30,demand,price,0.1983333333333333,0.15,0.029749999999999995,-0.2284156379343959,True,ma12_price_family_challenger,artifacts/regime/comparisons/price_family_structural_windows/price_family_ma12_structural_linked/phase2_chronology/chronology_monthly.csv,price_family_ma12_structural_linked,incumbent_demand_capital_markets__ma12_price_affordability
alameda_county_ca__county,2024-06-30,demand,affordability,-0.6775,0.1,-0.06775,-0.2284156379343959,True,ma12_price_family_challenger,artifacts/regime/comparisons/price_family_structural_windows/price_family_ma12_structural_linked/phase2_chronology/chronology_monthly.csv,price_family_ma12_structural_linked,incumbent_demand_capital_markets__ma12_price_affordability
alameda_county_ca__county,2024-06-30,demand,capital_markets,-0.3052598723210214,0.1,-0.030525987232102144,-0.2284156379343959,True,incumbent_dimension_history,artifacts/regime/runs/macro_regime_v1_bps120_sources/dimension_scores.parquet,price_family_ma12_structural_linked,incumbent_demand_capital_markets__ma12_price_affordability
alameda_county_ca__county,2024-07-31,demand,demand,-0.11126185578130661,0.65,-0.0723202062578493,-0.14334596793781634,True,incumbent_dimension_history,artifacts/regime/runs/macro_regime_v1_bps120_sources/dimension_scores.parquet,price_family_ma12_structural_linked,incumbent_demand_capital_markets__ma12_price_affordability
alameda_county_ca__county,2024-07-31,demand,price,0.0483333333333333,0.15,0.007249999999999994,-0.14334596793781634,True,ma12_price_family_challenger,artifacts/regime/comparisons/price_family_structural_windows/price_family_ma12_structural_linked/phase2_chronology/chronology_monthly.csv,price_family_ma12_structural_linked,incumbent_demand_capital_markets__ma12_price_affordability
alameda_county_ca__county,2024-07-31,demand,affordability,-0.5733333333333333,0.1,-0.057333333333333326,-0.14334596793781634,True,ma12_price_family_challenger,artifacts/regime/comparisons/price_family_structural_windows/price_family_ma12_structural_linked/phase2_chronology/chronology_monthly.csv,price_family_ma12_structural_linked,incumbent_demand_capital_markets__ma12_price_affordability
alameda_county_ca__county,2024-07-31,demand,capital_markets,-0.209424283466337,0.1,-0.020942428346633703,-0.14334596793781634,True,incumbent_dimension_history,artifacts/regime/runs/macro_regime_v1_bps120_sources/dimension_scores.parquet,price_family_ma12_structural_linked,incumbent_demand_capital_markets__ma12_price_affordability
alameda_county_ca__county,2024-08-31,demand,demand,-0.3125118557813066,0.65,-0.2031327062578493,-0.25766298087424544,True,incumbent_dimension_history,artifacts/regime/runs/macro_regime_v1_bps120_sources/dimension_scores.parquet,price_family_ma12_structural_linked,incumbent_demand_capital_markets__ma12_price_affordability
alameda_county_ca__county,2024-08-31,demand,price,-0.08,0.15,-0.012,-0.25766298087424544,True,ma12_price_family_challenger,artifacts/regime/comparisons/price_family_structural_windows/price_family_ma12_structural_linked/phase2_chronology/chronology_monthly.csv,price_family_ma12_structural_linked,incumbent_demand_capital_markets__ma12_price_affordability
alameda_county_ca__county,2024-08-31,demand,affordability,-0.4266666666666666,0.1,-0.04266666666666666,-0.25766298087424544,True,ma12_price_family_challenger,artifacts/regime/comparisons/price_family_structural_windows/price_family_ma12_structural_linked/phase2_chronology/chronology_monthly.csv,price_family_ma12_structural_linked,incumbent_demand_capital_markets__ma12_price_affordability
alameda_county_ca__county,2024-08-31,demand,capital_markets,0.0013639205027051234,0.1,0.00013639205027051235,-0.25766298087424544,True,incumbent_dimension_history,artifacts/regime/runs/macro_regime_v1_bps120_sources/dimension_scores.parquet,price_family_ma12_structural_linked,incumbent_demand_capital_markets__ma12_price_affordability
alameda_county_ca__county,2024-09-30,demand,demand,-0.13806741133686215,0.65,-0.08974381736896041,-0.13273150208007978,True,incumbent_dimension_history,artifacts/regime/runs/macro_regime_v1_bps120_sources/dimension_scores.parquet,price_family_ma12_structural_linked,incumbent_demand_capital_markets__ma12_price_affordability
alameda_county_ca__county,2024-09-30,demand,price,-0.1883333333333333,0.15,-0.028249999999999994,-0.13273150208007978,True,ma12_price_family_challenger,artifacts/regime/comparisons/price_family_structural_windows/price_family_ma12_structural_linked/phase2_chronology/chronology_monthly.csv,price_family_ma12_structural_linked,incumbent_demand_capital_markets__ma12_price_affordability
alameda_county_ca__county,2024-09-30,demand,affordability,-0.2858333333333333,0.1,-0.02858333333333333,-0.13273150208007978,True,ma12_price_family_challenger,artifacts/regime/comparisons/price_family_structural_windows/price_family_ma12_structural_linked/phase2_chronology/chronology_monthly.csv,price_family_ma12_structural_linked,incumbent_demand_capital_markets__ma12_price_affordability
alameda_county_ca__county,2024-09-30,demand,capital_markets,0.13845648622213969,0.1,0.01384564862221397,-0.13273150208007978,True,incumbent_dimension_history,artifacts/regime/runs/macro_regime_v1_bps120_sources/dimension_scores.parquet,price_family_ma12_structural_linked,incumbent_demand_capital_markets__ma12_price_affordability
alameda_county_ca__county,2024-10-31,demand,demand,-0.28070630022575094,0.65,-0.1824590951467381,-0.26120301578089844,True,incumbent_dimension_history,artifacts/regime/runs/macro_regime_v1_bps120_sources/dimension_scores.parquet,price_family_ma12_structural_linked,incumbent_demand_capital_markets__ma12_price_affordability
alameda_county_ca__county,2024-10-31,demand,price,-0.17,0.15,-0.025500000000000002,-0.26120301578089844,True,ma12_price_family_challenger,artifacts/regime/comparisons/price_family_structural_windows/price_family_ma12_structural_linked/phase2_chronology/chronology_monthly.csv,price_family_ma12_structural_linked,incumbent_demand_capital_markets__ma12_price_affordability
alameda_county_ca__county,2024-10-31,demand,affordability,-0.3049999999999999,0.1,-0.03049999999999999,-0.26120301578089844,True,ma12_price_family_challenger,artifacts/regime/comparisons/price_family_structural_windows/price_family_ma12_structural_linked/phase2_chronology/chronology_monthly.csv,price_family_ma12_structural_linked,incumbent_demand_capital_markets__ma12_price_affordability
alameda_county_ca__county,2024-10-31,demand,capital_markets,-0.22743920634160358,0.1,-0.02274392063416036,-0.26120301578089844,True,incumbent_dimension_history,artifacts/regime/runs/macro_regime_v1_bps120_sources/dimension_scores.parquet,price_family_ma12_structural_linked,incumbent_demand_capital_markets__ma12_price_affordability
alameda_county_ca__county,2024-11-30,demand,demand,-0.2426507446701955,0.65,-0.1577229840356271,-0.25237420474474254,True,incumbent_dimension_history,artifacts/regime/runs/macro_regime_v1_bps120_sources/dimension_scores.parquet,price_family_ma12_structural_linked,incumbent_demand_capital_markets__ma12_price_affordability
alameda_county_ca__county,2024-11-30,demand,price,-0.172,0.15,-0.025799999999999997,-0.25237420474474254,True,ma12_price_family_challenger,artifacts/regime/comparisons/price_family_structural_windows/price_family_ma12_structural_linked/phase2_chronology/chronology_monthly.csv,price_family_ma12_structural_linked,incumbent_demand_capital_markets__ma12_price_affordability
alameda_county_ca__county,2024-11-30,demand,affordability,-0.5108333333333333,0.1,-0.05108333333333333,-0.25237420474474254,True,ma12_price_family_challenger,artifacts/regime/comparisons/price_family_structural_windows/price_family_ma12_structural_linked/phase2_chronology/chronology_monthly.csv,price_family_ma12_structural_linked,incumbent_demand_capital_markets__ma12_price_affordability
alameda_county_ca__county,2024-11-30,demand,capital_markets,-0.1776788737578211,0.1,-0.01776788737578211,-0.25237420474474254,True,incumbent_dimension_history,artifacts/regime/runs/macro_regime_v1_bps120_sources/dimension_scores.parquet,price_family_ma12_structural_linked,incumbent_demand_capital_markets__ma12_price_affordability
alameda_county_ca__county,2024-12-31,demand,demand,0.021445213096680293,0.65,0.013939388512842191,-0.03270712260719833,True,incumbent_dimension_history,artifacts/regime/runs/macro_regime_v1_bps120_sources/dimension_scores.parquet,price_family_ma12_structural_linked,incumbent_demand_capital_markets__ma12_price_affordability
alameda_county_ca__county,2024-12-31,demand,price,-0.162,0.15,-0.0243,-0.03270712260719833,True,ma12_price_family_challenger,artifacts/regime/comparisons/price_family_structural_windows/price_family_ma12_structural_linked/phase2_chronology/chronology_monthly.csv,price_family_ma12_structural_linked,incumbent_demand_capital_markets__ma12_price_affordability
alameda_county_ca__county,2024-12-31,demand,affordability,-0.0424999999999999,0.1,-0.00424999999999999,-0.03270712260719833,True,ma12_price_family_challenger,artifacts/regime/comparisons/price_family_structural_windows/price_family_ma12_structural_linked/phase2_chronology/chronology_monthly.csv,price_family_ma12_structural_linked,incumbent_demand_capital_markets__ma12_price_affordability
alameda_county_ca__county,2024-12-31,demand,capital_markets,-0.18096511120040532,0.1,-0.018096511120040532,-0.03270712260719833,True,incumbent_dimension_history,artifacts/regime/runs/macro_regime_v1_bps120_sources/dimension_scores.parquet,price_family_ma12_structural_linked,incumbent_demand_capital_markets__ma12_price_affordability
alameda_county_ca__county,2025-01-31,demand,demand,-0.007999231347764174,0.65,-0.005199500376046713,-0.08712373676043442,True,incumbent_dimension_history,artifacts/regime/runs/macro_regime_v1_bps120_sources/dimension_scores.parquet,price_family_ma12_structural_linked,incumbent_demand_capital_markets__ma12_price_affordability
alameda_county_ca__county,2025-01-31,demand,price,-0.2483333333333333,0.15,-0.03724999999999999,-0.08712373676043442,True,ma12_price_family_challenger,artifacts/regime/comparisons/price_family_structural_windows/price_family_ma12_structural_linked/phase2_chronology/chronology_monthly.csv,price_family_ma12_structural_linked,incumbent_demand_capital_markets__ma12_price_affordability
alameda_county_ca__county,2025-01-31,demand,affordability,-0.1025,0.1,-0.01025,-0.08712373676043442,True,ma12_price_family_challenger,artifacts/regime/comparisons/price_family_structural_windows/price_family_ma12_structural_linked/phase2_chronology/chronology_monthly.csv,price_family_ma12_structural_linked,incumbent_demand_capital_markets__ma12_price_affordability
alameda_county_ca__county,2025-01-31,demand,capital_markets,-0.3442423638438771,0.1,-0.034424236384387706,-0.08712373676043442,True,incumbent_dimension_history,artifacts/regime/runs/macro_regime_v1_bps120_sources/dimension_scores.parquet,price_family_ma12_structural_linked,incumbent_demand_capital_markets__ma12_price_affordability
alameda_county_ca__county,2025-02-28,demand,demand,0.06700076865223586,0.65,0.04355049962395331,-1.9066530624266623e-05,True,incumbent_dimension_history,artifacts/regime/runs/macro_regime_v1_bps120_sources/dimension_scores.parquet,price_family_ma12_structural_linked,incumbent_demand_capital_markets__ma12_price_affordability
alameda_county_ca__county,2025-02-28,demand,price,-0.2633333333333333,0.15,-0.03949999999999999,-1.9066530624266623e-05,True,ma12_price_family_challenger,artifacts/regime/comparisons/price_family_structural_windows/price_family_ma12_structural_linked/phase2_chronology/chronology_monthly.csv,price_family_ma12_structural_linked,incumbent_demand_capital_markets__ma12_price_affordability
alameda_county_ca__county,2025-02-28,demand,affordability,0.0466666666666666,0.1,0.00466666666666666,-1.9066530624266623e-05,True,ma12_price_family_challenger,artifacts/regime/comparisons/price_family_structural_windows/price_family_ma12_structural_linked/phase2_chronology/chronology_monthly.csv,price_family_ma12_structural_linked,incumbent_demand_capital_markets__ma12_price_affordability
alameda_county_ca__county,2025-02-28,demand,capital_markets,-0.08736232821244244,0.1,-0.008736232821244245,-1.9066530624266623e-05,True,incumbent_dimension_history,artifacts/regime/runs/macro_regime_v1_bps120_sources/dimension_scores.parquet,price_family_ma12_structural_linked,incumbent_demand_capital_markets__ma12_price_affordability
alameda_county_ca__county,2025-03-31,demand,demand,0.1260285464300136,0.65,0.08191855517950884,0.030200926630436623,True,incumbent_dimension_history,artifacts/regime/runs/macro_regime_v1_bps120_sources/dimension_scores.parquet,price_family_ma12_structural_linked,incumbent_demand_capital_markets__ma12_price_affordability
alameda_county_ca__county,2025-03-31,demand,price,-0.282,0.15,-0.0423,0.030200926630436623,True,ma12_price_family_challenger,artifacts/regime/comparisons/price_family_structural_windows/price_family_ma12_structural_linked/phase2_chronology/chronology_monthly.csv,price_family_ma12_structural_linked,incumbent_demand_capital_markets__ma12_price_affordability
alameda_county_ca__county,2025-03-31,demand,affordability,0.0016666666666666,0.1,0.00016666666666666002,0.030200926630436623,True,ma12_price_family_challenger,artifacts/regime/comparisons/price_family_structural_windows/price_family_ma12_structural_linked/phase2_chronology/chronology_monthly.csv,price_family_ma12_structural_linked,incumbent_demand_capital_markets__ma12_price_affordability
alameda_county_ca__county,2025-03-31,demand,capital_markets,-0.09584295215738882,0.1,-0.009584295215738883,0.030200926630436623,True,incumbent_dimension_history,artifacts/regime/runs/macro_regime_v1_bps120_sources/dimension_scores.parquet,price_family_ma12_structural_linked,incumbent_demand_capital_markets__ma12_price_affordability
alameda_county_ca__county,2025-04-30,demand,demand,-0.0785547869033197,0.65,-0.051060611487157806,-0.12424310838567737,True,incumbent_dimension_history,artifacts/regime/runs/macro_regime_v1_bps120_sources/dimension_scores.parquet,price_family_ma12_structural_linked,incumbent_demand_capital_markets__ma12_price_affordability
alameda_county_ca__county,2025-04-30,demand,price,-0.3633333333333333,0.15,-0.05449999999999999,-0.12424310838567737,True,ma12_price_family_challenger,artifacts/regime/comparisons/price_family_structural_windows/price_family_ma12_structural_linked/phase2_chronology/chronology_monthly.csv,price_family_ma12_structural_linked,incumbent_demand_capital_markets__ma12_price_affordability
alameda_county_ca__county,2025-04-30,demand,affordability,0.0658333333333333,0.1,0.00658333333333333,-0.12424310838567737,True,ma12_price_family_challenger,artifacts/regime/comparisons/price_family_structural_windows/price_family_ma12_structural_linked/phase2_chronology/chronology_monthly.csv,price_family_ma12_structural_linked,incumbent_demand_capital_markets__ma12_price_affordability
alameda_county_ca__county,2025-04-30,demand,capital_markets,-0.2526583023185289,0.1,-0.025265830231852894,-0.12424310838567737,True,incumbent_dimension_history,artifacts/regime/runs/macro_regime_v1_bps120_sources/dimension_scores.parquet,price_family_ma12_structural_linked,incumbent_demand_capital_markets__ma12_price_affordability
alameda_county_ca__county,2025-05-31,demand,demand,-0.04897145356998636,0.65,-0.031831444820491134,-0.11321932256163124,True,incumbent_dimension_history,artifacts/regime/runs/macro_regime_v1_bps120_sources/dimension_scores.parquet,price_family_ma12_structural_linked,incumbent_demand_capital_markets__ma12_price_affordability
alameda_county_ca__county,2025-05-31,demand,price,-0.4516666666666667,0.15,-0.06775,-0.11321932256163124,True,ma12_price_family_challenger,artifacts/regime/comparisons/price_family_structural_windows/price_family_ma12_structural_linked/phase2_chronology/chronology_monthly.csv,price_family_ma12_structural_linked,incumbent_demand_capital_markets__ma12_price_affordability
alameda_county_ca__county,2025-05-31,demand,affordability,0.0641666666666666,0.1,0.00641666666666666,-0.11321932256163124,True,ma12_price_family_challenger,artifacts/regime/comparisons/price_family_structural_windows/price_family_ma12_structural_linked/phase2_chronology/chronology_monthly.csv,price_family_ma12_structural_linked,incumbent_demand_capital_markets__ma12_price_affordability
alameda_county_ca__county,2025-05-31,demand,capital_markets,-0.20054544407806757,0.1,-0.020054544407806758,-0.11321932256163124,True,incumbent_dimension_history,artifacts/regime/runs/macro_regime_v1_bps120_sources/dimension_scores.parquet,price_family_ma12_structural_linked,incumbent_demand_capital_markets__ma12_price_affordability
alameda_county_ca__county,2025-06-30,demand,demand,-0.05466589801443081,0.65,-0.03553283370938003,-0.1209659590153027,True,incumbent_dimension_history,artifacts/regime/runs/macro_regime_v1_bps120_sources/dimension_scores.parquet,price_family_ma12_structural_linked,incumbent_demand_capital_markets__ma12_price_affordability
alameda_county_ca__county,2025-06-30,demand,price,-0.5283333333333333,0.15,-0.07925,-0.1209659590153027,True,ma12_price_family_challenger,artifacts/regime/comparisons/price_family_structural_windows/price_family_ma12_structural_linked/phase2_chronology/chronology_monthly.csv,price_family_ma12_structural_linked,incumbent_demand_capital_markets__ma12_price_affordability
alameda_county_ca__county,2025-06-30,demand,affordability,0.0949999999999999,0.1,0.009499999999999991,-0.1209659590153027,True,ma12_price_family_challenger,artifacts/regime/comparisons/price_family_structural_windows/price_family_ma12_structural_linked/phase2_chronology/chronology_monthly.csv,price_family_ma12_structural_linked,incumbent_demand_capital_markets__ma12_price_affordability
alameda_county_ca__county,2025-06-30,demand,capital_markets,-0.15683125305922663,0.1,-0.015683125305922665,-0.1209659590153027,True,incumbent_dimension_history,artifacts/regime/runs/macro_regime_v1_bps120_sources/dimension_scores.parquet,price_family_ma12_structural_linked,incumbent_demand_capital_markets__ma12_price_affordability
alameda_county_ca__county,2025-07-31,demand,demand,0.046722990874458074,0.65,0.03036994406839775,-0.05324111714570246,True,incumbent_dimension_history,artifacts/regime/runs/macro_regime_v1_bps120_sources/dimension_scores.parquet,price_family_ma12_structural_linked,incumbent_demand_capital_markets__ma12_price_affordability
alameda_county_ca__county,2025-07-31,demand,price,-0.5533333333333333,0.15,-0.083,-0.05324111714570246,True,ma12_price_family_challenger,artifacts/regime/comparisons/price_family_structural_windows/price_family_ma12_structural_linked/phase2_chronology/chronology_monthly.csv,price_family_ma12_structural_linked,incumbent_demand_capital_markets__ma12_price_affordability
alameda_county_ca__county,2025-07-31,demand,affordability,0.1691666666666666,0.1,0.01691666666666666,-0.05324111714570246,True,ma12_price_family_challenger,artifacts/regime/comparisons/price_family_structural_windows/price_family_ma12_structural_linked/phase2_chronology/chronology_monthly.csv,price_family_ma12_structural_linked,incumbent_demand_capital_markets__ma12_price_affordability
alameda_county_ca__county,2025-07-31,demand,capital_markets,-0.1752772788076686,0.1,-0.017527727880766862,-0.05324111714570246,True,incumbent_dimension_history,artifacts/regime/runs/macro_regime_v1_bps120_sources/dimension_scores.parquet,price_family_ma12_structural_linked,incumbent_demand_capital_markets__ma12_price_affordability
alameda_county_ca__county,2025-08-31,demand,demand,-0.07522145356998636,0.65,-0.048893944820491135,-0.12211646598248936,True,incumbent_dimension_history,artifacts/regime/runs/macro_regime_v1_bps120_sources/dimension_scores.parquet,price_family_ma12_structural_linked,incumbent_demand_capital_markets__ma12_price_affordability
alameda_county_ca__county,2025-08-31,demand,price,-0.5566666666666666,0.15,-0.08349999999999999,-0.12211646598248936,True,ma12_price_family_challenger,artifacts/regime/comparisons/price_family_structural_windows/price_family_ma12_structural_linked/phase2_chronology/chronology_monthly.csv,price_family_ma12_structural_linked,incumbent_demand_capital_markets__ma12_price_affordability
alameda_county_ca__county,2025-08-31,demand,affordability,0.2166666666666666,0.1,0.02166666666666666,-0.12211646598248936,True,ma12_price_family_challenger,artifacts/regime/comparisons/price_family_structural_windows/price_family_ma12_structural_linked/phase2_chronology/chronology_monthly.csv,price_family_ma12_structural_linked,incumbent_demand_capital_markets__ma12_price_affordability
alameda_county_ca__county,2025-08-31,demand,capital_markets,-0.11389187828664891,0.1,-0.011389187828664892,-0.12211646598248936,True,incumbent_dimension_history,artifacts/regime/runs/macro_regime_v1_bps120_sources/dimension_scores.parquet,price_family_ma12_structural_linked,incumbent_demand_capital_markets__ma12_price_affordability
alameda_county_ca__county,2025-09-30,demand,demand,0.15963965754112472,0.65,0.10376577740173107,0.0323871416440006,True,incumbent_dimension_history,artifacts/regime/runs/macro_regime_v1_bps120_sources/dimension_scores.parquet,price_family_ma12_structural_linked,incumbent_demand_capital_markets__ma12_price_affordability
alameda_county_ca__county,2025-09-30,demand,price,-0.55,0.15,-0.0825,0.0323871416440006,True,ma12_price_family_challenger,artifacts/regime/comparisons/price_family_structural_windows/price_family_ma12_structural_linked/phase2_chronology/chronology_monthly.csv,price_family_ma12_structural_linked,incumbent_demand_capital_markets__ma12_price_affordability
alameda_county_ca__county,2025-09-30,demand,affordability,0.2516666666666666,0.1,0.02516666666666666,0.0323871416440006,True,ma12_price_family_challenger,artifacts/regime/comparisons/price_family_structural_windows/price_family_ma12_structural_linked/phase2_chronology/chronology_monthly.csv,price_family_ma12_structural_linked,incumbent_demand_capital_markets__ma12_price_affordability
alameda_county_ca__county,2025-09-30,demand,capital_markets,-0.14045302424397124,0.1,-0.014045302424397124,0.0323871416440006,True,incumbent_dimension_history,artifacts/regime/runs/macro_regime_v1_bps120_sources/dimension_scores.parquet,price_family_ma12_structural_linked,incumbent_demand_capital_markets__ma12_price_affordability
alameda_county_ca__county,2025-10-31,demand,demand,0.15963965754112472,0.65,0.10376577740173107,0.03963248885120113,True,incumbent_dimension_history,artifacts/regime/runs/macro_regime_v1_bps120_sources/dimension_scores.parquet,price_family_ma12_structural_linked,incumbent_demand_capital_markets__ma12_price_affordability
alameda_county_ca__county,2025-10-31,demand,price,-0.5233333333333333,0.15,-0.0785,0.03963248885120113,True,ma12_price_family_challenger,artifacts/regime/comparisons/price_family_structural_windows/price_family_ma12_structural_linked/phase2_chronology/chronology_monthly.csv,price_family_ma12_structural_linked,incumbent_demand_capital_markets__ma12_price_affordability
alameda_county_ca__county,2025-10-31,demand,affordability,0.2591666666666666,0.1,0.02591666666666666,0.03963248885120113,True,ma12_price_family_challenger,artifacts/regime/comparisons/price_family_structural_windows/price_family_ma12_structural_linked/phase2_chronology/chronology_monthly.csv,price_family_ma12_structural_linked,incumbent_demand_capital_markets__ma12_price_affordability
alameda_county_ca__county,2025-10-31,demand,capital_markets,-0.11549955217196596,0.1,-0.011549955217196596,0.03963248885120113,True,incumbent_dimension_history,artifacts/regime/runs/macro_regime_v1_bps120_sources/dimension_scores.parquet,price_family_ma12_structural_linked,incumbent_demand_capital_markets__ma12_price_affordability
alameda_county_ca__county,2025-11-30,demand,demand,0.02116743531890251,0.65,0.013758832957286632,-0.046970159491413574,True,incumbent_dimension_history,artifacts/regime/runs/macro_regime_v1_bps120_sources/dimension_scores.parquet,price_family_ma12_structural_linked,incumbent_demand_capital_markets__ma12_price_affordability
alameda_county_ca__county,2025-11-30,demand,price,-0.555,0.15,-0.08325,-0.046970159491413574,True,ma12_price_family_challenger,artifacts/regime/comparisons/price_family_structural_windows/price_family_ma12_structural_linked/phase2_chronology/chronology_monthly.csv,price_family_ma12_structural_linked,incumbent_demand_capital_markets__ma12_price_affordability
alameda_county_ca__county,2025-11-30,demand,affordability,0.3366666666666666,0.1,0.033666666666666664,-0.046970159491413574,True,ma12_price_family_challenger,artifacts/regime/comparisons/price_family_structural_windows/price_family_ma12_structural_linked/phase2_chronology/chronology_monthly.csv,price_family_ma12_structural_linked,incumbent_demand_capital_markets__ma12_price_affordability
alameda_county_ca__county,2025-11-30,demand,capital_markets,-0.11145659115366871,0.1,-0.011145659115366871,-0.046970159491413574,True,incumbent_dimension_history,artifacts/regime/runs/macro_regime_v1_bps120_sources/dimension_scores.parquet,price_family_ma12_structural_linked,incumbent_demand_capital_markets__ma12_price_affordability
alameda_county_ca__county,2025-12-31,demand,demand,0.024778546430013603,0.65,0.016106055179508843,-0.06517405573034456,True,incumbent_dimension_history,artifacts/regime/runs/macro_regime_v1_bps120_sources/dimension_scores.parquet,price_family_ma12_structural_linked,incumbent_demand_capital_markets__ma12_price_affordability
alameda_county_ca__county,2025-12-31,demand,price,-0.5766666666666667,0.15,-0.0865,-0.06517405573034456,True,ma12_price_family_challenger,artifacts/regime/comparisons/price_family_structural_windows/price_family_ma12_structural_linked/phase2_chronology/chronology_monthly.csv,price_family_ma12_structural_linked,incumbent_demand_capital_markets__ma12_price_affordability
alameda_county_ca__county,2025-12-31,demand,affordability,0.2391666666666666,0.1,0.023916666666666662,-0.06517405573034456,True,ma12_price_family_challenger,artifacts/regime/comparisons/price_family_structural_windows/price_family_ma12_structural_linked/phase2_chronology/chronology_monthly.csv,price_family_ma12_structural_linked,incumbent_demand_capital_markets__ma12_price_affordability
alameda_county_ca__county,2025-12-31,demand,capital_markets,-0.18696777576520068,0.1,-0.01869677757652007,-0.06517405573034456,True,incumbent_dimension_history,artifacts/regime/runs/macro_regime_v1_bps120_sources/dimension_scores.parquet,price_family_ma12_structural_linked,incumbent_demand_capital_markets__ma12_price_affordability
alameda_county_ca__county,2026-01-31,demand,demand,-0.21744367579220858,0.65,-0.14133838926493558,-0.2180562298507086,True,incumbent_dimension_history,artifacts/regime/runs/macro_regime_v1_bps120_sources/dimension_scores.parquet,price_family_ma12_structural_linked,incumbent_demand_capital_markets__ma12_price_affordability
alameda_county_ca__county,2026-01-31,demand,price,-0.5783333333333334,0.15,-0.08675000000000001,-0.2180562298507086,True,ma12_price_family_challenger,artifacts/regime/comparisons/price_family_structural_windows/price_family_ma12_structural_linked/phase2_chronology/chronology_monthly.csv,price_family_ma12_structural_linked,incumbent_demand_capital_markets__ma12_price_affordability
alameda_county_ca__county,2026-01-31,demand,affordability,0.2574999999999999,0.1,0.02574999999999999,-0.2180562298507086,True,ma12_price_family_challenger,artifacts/regime/comparisons/price_family_structural_windows/price_family_ma12_structural_linked/phase2_chronology/chronology_monthly.csv,price_family_ma12_structural_linked,incumbent_demand_capital_markets__ma12_price_affordability
alameda_county_ca__county,2026-01-31,demand,capital_markets,-0.15717840585773032,0.1,-0.015717840585773035,-0.2180562298507086,True,incumbent_dimension_history,artifacts/regime/runs/macro_regime_v1_bps120_sources/dimension_scores.parquet,price_family_ma12_structural_linked,incumbent_demand_capital_markets__ma12_price_affordability
alameda_county_ca__county,2026-02-28,demand,demand,0.06797299087445809,0.65,0.04418244406839776,-0.02542005569548183,True,incumbent_dimension_history,artifacts/regime/runs/macro_regime_v1_bps120_sources/dimension_scores.parquet,price_family_ma12_structural_linked,incumbent_demand_capital_markets__ma12_price_affordability
alameda_county_ca__county,2026-02-28,demand,price,-0.5700000000000001,0.15,-0.0855,-0.02542005569548183,True,ma12_price_family_challenger,artifacts/regime/comparisons/price_family_structural_windows/price_family_ma12_structural_linked/phase2_chronology/chronology_monthly.csv,price_family_ma12_structural_linked,incumbent_demand_capital_markets__ma12_price_affordability
alameda_county_ca__county,2026-02-28,demand,affordability,0.2808333333333333,0.1,0.028083333333333335,-0.02542005569548183,True,ma12_price_family_challenger,artifacts/regime/comparisons/price_family_structural_windows/price_family_ma12_structural_linked/phase2_chronology/chronology_monthly.csv,price_family_ma12_structural_linked,incumbent_demand_capital_markets__ma12_price_affordability
alameda_county_ca__county,2026-02-28,demand,capital_markets,-0.1218583309721292,0.1,-0.01218583309721292,-0.02542005569548183,True,incumbent_dimension_history,artifacts/regime/runs/macro_regime_v1_bps120_sources/dimension_scores.parquet,price_family_ma12_structural_linked,incumbent_demand_capital_markets__ma12_price_affordability
alameda_county_ca__county,2026-03-31,demand,demand,-0.04994367579220861,0.65,-0.032463389264935597,-0.1200447995488518,True,incumbent_dimension_history,artifacts/regime/runs/macro_regime_v1_bps120_sources/dimension_scores.parquet,price_family_ma12_structural_linked,incumbent_demand_capital_markets__ma12_price_affordability
alameda_county_ca__county,2026-03-31,demand,price,-0.6000000000000001,0.15,-0.09000000000000001,-0.1200447995488518,True,ma12_price_family_challenger,artifacts/regime/comparisons/price_family_structural_windows/price_family_ma12_structural_linked/phase2_chronology/chronology_monthly.csv,price_family_ma12_structural_linked,incumbent_demand_capital_markets__ma12_price_affordability
alameda_county_ca__county,2026-03-31,demand,affordability,0.2466666666666666,0.1,0.02466666666666666,-0.1200447995488518,True,ma12_price_family_challenger,artifacts/regime/comparisons/price_family_structural_windows/price_family_ma12_structural_linked/phase2_chronology/chronology_monthly.csv,price_family_ma12_structural_linked,incumbent_demand_capital_markets__ma12_price_affordability
alameda_county_ca__county,2026-03-31,demand,capital_markets,-0.2224807695058285,0.1,-0.022248076950582854,-0.1200447995488518,True,incumbent_dimension_history,artifacts/regime/runs/macro_regime_v1_bps120_sources/dimension_scores.parquet,price_family_ma12_structural_linked,incumbent_demand_capital_markets__ma12_price_affordability
alameda_county_ca__county,2026-04-30,demand,demand,-0.10563812023665306,0.65,-0.06866477815382449,-0.16160112812789051,True,incumbent_dimension_history,artifacts/regime/runs/macro_regime_v1_bps120_sources/dimension_scores.parquet,price_family_ma12_structural_linked,incumbent_demand_capital_markets__ma12_price_affordability
alameda_county_ca__county,2026-04-30,demand,price,-0.6066666666666667,0.15,-0.091,-0.16160112812789051,True,ma12_price_family_challenger,artifacts/regime/comparisons/price_family_structural_windows/price_family_ma12_structural_linked/phase2_chronology/chronology_monthly.csv,price_family_ma12_structural_linked,incumbent_demand_capital_markets__ma12_price_affordability
alameda_county_ca__county,2026-04-30,demand,affordability,0.2375,0.1,0.02375,-0.16160112812789051,True,ma12_price_family_challenger,artifacts/regime/comparisons/price_family_structural_windows/price_family_ma12_structural_linked/phase2_chronology/chronology_monthly.csv,price_family_ma12_structural_linked,incumbent_demand_capital_markets__ma12_price_affordability
alameda_county_ca__county,2026-04-30,demand,capital_markets,-0.25686349974066025,0.1,-0.025686349974066026,-0.16160112812789051,True,incumbent_dimension_history,artifacts/regime/runs/macro_regime_v1_bps120_sources/dimension_scores.parquet,price_family_ma12_structural_linked,incumbent_demand_capital_markets__ma12_price_affordability
alameda_county_ca__county,2026-05-31,demand,demand,-0.10563812023665306,0.65,-0.06866477815382449,-0.1628148668342011,True,incumbent_dimension_history,artifacts/regime/runs/macro_regime_v1_bps120_sources/dimension_scores.parquet,price_family_ma12_structural_linked,incumbent_demand_capital_markets__ma12_price_affordability
alameda_county_ca__county,2026-05-31,demand,price,-0.52,0.15,-0.078,-0.1628148668342011,True,ma12_price_family_challenger,artifacts/regime/comparisons/price_family_structural_windows/price_family_ma12_structural_linked/phase2_chronology/chronology_monthly.csv,price_family_ma12_structural_linked,incumbent_demand_capital_markets__ma12_price_affordability
alameda_county_ca__county,2026-05-31,demand,affordability,0.1299999999999999,0.1,0.01299999999999999,-0.1628148668342011,True,ma12_price_family_challenger,artifacts/regime/comparisons/price_family_structural_windows/price_family_ma12_structural_linked/phase2_chronology/chronology_monthly.csv,price_family_ma12_structural_linked,incumbent_demand_capital_markets__ma12_price_affordability
alameda_county_ca__county,2026-05-31,demand,capital_markets,-0.29150088680376574,0.1,-0.029150088680376576,-0.1628148668342011,True,incumbent_dimension_history,artifacts/regime/runs/macro_regime_v1_bps120_sources/dimension_scores.parquet,price_family_ma12_structural_linked,incumbent_demand_capital_markets__ma12_price_affordability
alameda_county_ca__county,2026-06-30,demand,demand,-0.10563812023665306,0.65,-0.06866477815382449,-0.1553371021646885,True,incumbent_dimension_history,artifacts/regime/runs/macro_regime_v1_bps120_sources/dimension_scores.parquet,price_family_ma12_structural_linked,incumbent_demand_capital_markets__ma12_price_affordability
alameda_county_ca__county,2026-06-30,demand,price,-0.52,0.15,-0.078,-0.1553371021646885,True,ma12_price_family_challenger,artifacts/regime/comparisons/price_family_structural_windows/price_family_ma12_structural_linked/phase2_chronology/chronology_monthly.csv,price_family_ma12_structural_linked,incumbent_demand_capital_markets__ma12_price_affordability
alameda_county_ca__county,2026-06-30,demand,affordability,0.1299999999999999,0.1,0.01299999999999999,-0.1553371021646885,True,ma12_price_family_challenger,artifacts/regime/comparisons/price_family_structural_windows/price_family_ma12_structural_linked/phase2_chronology/chronology_monthly.csv,price_family_ma12_structural_linked,incumbent_demand_capital_markets__ma12_price_affordability
alameda_county_ca__county,2026-06-30,demand,capital_markets,-0.21672324010863978,0.1,-0.02167232401086398,-0.1553371021646885,True,incumbent_dimension_history,artifacts/regime/runs/macro_regime_v1_bps120_sources/dimension_scores.parquet,price_family_ma12_structural_linked,incumbent_demand_capital_markets__ma12_price_affordability
alameda_county_ca__county,2026-07-31,demand,demand,-0.10563812023665306,0.65,-0.06866477815382449,-0.1510586281681049,True,incumbent_dimension_history,artifacts/regime/runs/macro_regime_v1_bps120_sources/dimension_scores.parquet,price_family_ma12_structural_linked,incumbent_demand_capital_markets__ma12_price_affordability
alameda_county_ca__county,2026-07-31,demand,price,-0.52,0.15,-0.078,-0.1510586281681049,True,ma12_price_family_challenger,artifacts/regime/comparisons/price_family_structural_windows/price_family_ma12_structural_linked/phase2_chronology/chronology_monthly.csv,price_family_ma12_structural_linked,incumbent_demand_capital_markets__ma12_price_affordability
alameda_county_ca__county,2026-07-31,demand,affordability,0.1299999999999999,0.1,0.01299999999999999,-0.1510586281681049,True,ma12_price_family_challenger,artifacts/regime/comparisons/price_family_structural_windows/price_family_ma12_structural_linked/phase2_chronology/chronology_monthly.csv,price_family_ma12_structural_linked,incumbent_demand_capital_markets__ma12_price_affordability
alameda_county_ca__county,2026-07-31,demand,capital_markets,-0.17393850014280368,0.1,-0.017393850014280367,-0.1510586281681049,True,incumbent_dimension_history,artifacts/regime/runs/macro_regime_v1_bps120_sources/dimension_scores.parquet,price_family_ma12_structural_linked,incumbent_demand_capital_markets__ma12_price_affordability
district_of_columbia_dc__county,2015-11-30,demand,demand,0.3562378313796856,0.65,0.23155459039679566,0.3121787548834086,True,incumbent_dimension_history,artifacts/regime/runs/macro_regime_v1_bps120_sources/dimension_scores.parquet,price_family_ma12_structural_linked,incumbent_demand_capital_markets__ma12_price_affordability
district_of_columbia_dc__county,2015-11-30,demand,price,0.98,0.15,0.147,0.3121787548834086,True,ma12_price_family_challenger,artifacts/regime/comparisons/price_family_structural_windows/price_family_ma12_structural_linked/phase2_chronology/chronology_monthly.csv,price_family_ma12_structural_linked,incumbent_demand_capital_markets__ma12_price_affordability
district_of_columbia_dc__county,2015-11-30,demand,affordability,-0.5,0.1,-0.05,0.3121787548834086,True,ma12_price_family_challenger,artifacts/regime/comparisons/price_family_structural_windows/price_family_ma12_structural_linked/phase2_chronology/chronology_monthly.csv,price_family_ma12_structural_linked,incumbent_demand_capital_markets__ma12_price_affordability
district_of_columbia_dc__county,2015-11-30,demand,capital_markets,-0.16375835513386988,0.1,-0.016375835513386987,0.3121787548834086,True,incumbent_dimension_history,artifacts/regime/runs/macro_regime_v1_bps120_sources/dimension_scores.parquet,price_family_ma12_structural_linked,incumbent_demand_capital_markets__ma12_price_affordability
district_of_columbia_dc__county,2015-12-31,demand,demand,0.3952411294352823,0.65,0.25690673413293347,0.43559262939255916,True,incumbent_dimension_history,artifacts/regime/runs/macro_regime_v1_bps120_sources/dimension_scores.parquet,price_family_ma12_structural_linked,incumbent_demand_capital_markets__ma12_price_affordability
district_of_columbia_dc__county,2015-12-31,demand,price,0.98,0.15,0.147,0.43559262939255916,True,ma12_price_family_challenger,artifacts/regime/comparisons/price_family_structural_windows/price_family_ma12_structural_linked/phase2_chronology/chronology_monthly.csv,price_family_ma12_structural_linked,incumbent_demand_capital_markets__ma12_price_affordability
district_of_columbia_dc__county,2015-12-31,demand,affordability,0.4594594594594594,0.1,0.04594594594594594,0.43559262939255916,True,ma12_price_family_challenger,artifacts/regime/comparisons/price_family_structural_windows/price_family_ma12_structural_linked/phase2_chronology/chronology_monthly.csv,price_family_ma12_structural_linked,incumbent_demand_capital_markets__ma12_price_affordability
district_of_columbia_dc__county,2015-12-31,demand,capital_markets,-0.14260050686320172,0.1,-0.014260050686320172,0.43559262939255916,True,incumbent_dimension_history,artifacts/regime/runs/macro_regime_v1_bps120_sources/dimension_scores.parquet,price_family_ma12_structural_linked,incumbent_demand_capital_markets__ma12_price_affordability
district_of_columbia_dc__county,2016-01-31,demand,demand,0.26734141018623775,0.65,0.17377191662105454,0.3636273717320274,True,incumbent_dimension_history,artifacts/regime/runs/macro_regime_v1_bps120_sources/dimension_scores.parquet,price_family_ma12_structural_linked,incumbent_demand_capital_markets__ma12_price_affordability
district_of_columbia_dc__county,2016-01-31,demand,price,0.98,0.15,0.147,0.3636273717320274,True,ma12_price_family_challenger,artifacts/regime/comparisons/price_family_structural_windows/price_family_ma12_structural_linked/phase2_chronology/chronology_monthly.csv,price_family_ma12_structural_linked,incumbent_demand_capital_markets__ma12_price_affordability
district_of_columbia_dc__county,2016-01-31,demand,affordability,0.4473684210526316,0.1,0.04473684210526316,0.3636273717320274,True,ma12_price_family_challenger,artifacts/regime/comparisons/price_family_structural_windows/price_family_ma12_structural_linked/phase2_chronology/chronology_monthly.csv,price_family_ma12_structural_linked,incumbent_demand_capital_markets__ma12_price_affordability
district_of_columbia_dc__county,2016-01-31,demand,capital_markets,-0.018813869942902857,0.1,-0.0018813869942902858,0.3636273717320274,True,incumbent_dimension_history,artifacts/regime/runs/macro_regime_v1_bps120_sources/dimension_scores.parquet,price_family_ma12_structural_linked,incumbent_demand_capital_markets__ma12_price_affordability
district_of_columbia_dc__county,2016-02-29,demand,demand,0.41856549244381025,0.65,0.27206757008847665,0.3592415513121505,True,incumbent_dimension_history,artifacts/regime/runs/macro_regime_v1_bps120_sources/dimension_scores.parquet,price_family_ma12_structural_linked,incumbent_demand_capital_markets__ma12_price_affordability
district_of_columbia_dc__county,2016-02-29,demand,price,0.0807122507122506,0.15,0.012106837606837591,0.3592415513121505,True,ma12_price_family_challenger,artifacts/regime/comparisons/price_family_structural_windows/price_family_ma12_structural_linked/phase2_chronology/chronology_monthly.csv,price_family_ma12_structural_linked,incumbent_demand_capital_markets__ma12_price_affordability
district_of_columbia_dc__county,2016-02-29,demand,affordability,0.5177045177045178,0.1,0.05177045177045178,0.3592415513121505,True,ma12_price_family_challenger,artifacts/regime/comparisons/price_family_structural_windows/price_family_ma12_structural_linked/phase2_chronology/chronology_monthly.csv,price_family_ma12_structural_linked,incumbent_demand_capital_markets__ma12_price_affordability
district_of_columbia_dc__county,2016-02-29,demand,capital_markets,0.23296691846384493,0.1,0.023296691846384495,0.3592415513121505,True,incumbent_dimension_history,artifacts/regime/runs/macro_regime_v1_bps120_sources/dimension_scores.parquet,price_family_ma12_structural_linked,incumbent_demand_capital_markets__ma12_price_affordability
district_of_columbia_dc__county,2016-03-31,demand,demand,0.3925985938490713,0.65,0.2551890860018964,0.2861253517636794,True,incumbent_dimension_history,artifacts/regime/runs/macro_regime_v1_bps120_sources/dimension_scores.parquet,price_family_ma12_structural_linked,incumbent_demand_capital_markets__ma12_price_affordability
district_of_columbia_dc__county,2016-03-31,demand,price,-0.0747297297297297,0.15,-0.011209459459459455,0.2861253517636794,True,ma12_price_family_challenger,artifacts/regime/comparisons/price_family_structural_windows/price_family_ma12_structural_linked/phase2_chronology/chronology_monthly.csv,price_family_ma12_structural_linked,incumbent_demand_capital_markets__ma12_price_affordability
district_of_columbia_dc__county,2016-03-31,demand,affordability,0.4425675675675676,0.1,0.04425675675675676,0.2861253517636794,True,ma12_price_family_challenger,artifacts/regime/comparisons/price_family_structural_windows/price_family_ma12_structural_linked/phase2_chronology/chronology_monthly.csv,price_family_ma12_structural_linked,incumbent_demand_capital_markets__ma12_price_affordability
district_of_columbia_dc__county,2016-03-31,demand,capital_markets,-0.021110315355142944,0.1,-0.0021110315355142946,0.2861253517636794,True,incumbent_dimension_history,artifacts/regime/runs/macro_regime_v1_bps120_sources/dimension_scores.parquet,price_family_ma12_structural_linked,incumbent_demand_capital_markets__ma12_price_affordability
district_of_columbia_dc__county,2016-04-30,demand,demand,0.3887018881626724,0.65,0.2526562273057371,0.28211526171661666,True,incumbent_dimension_history,artifacts/regime/runs/macro_regime_v1_bps120_sources/dimension_scores.parquet,price_family_ma12_structural_linked,incumbent_demand_capital_markets__ma12_price_affordability
district_of_columbia_dc__county,2016-04-30,demand,price,-0.1741548994437312,0.15,-0.026123234916559677,0.28211526171661666,True,ma12_price_family_challenger,artifacts/regime/comparisons/price_family_structural_windows/price_family_ma12_structural_linked/phase2_chronology/chronology_monthly.csv,price_family_ma12_structural_linked,incumbent_demand_capital_markets__ma12_price_affordability
district_of_columbia_dc__county,2016-04-30,demand,affordability,0.4738675958188153,0.1,0.047386759581881537,0.28211526171661666,True,ma12_price_family_challenger,artifacts/regime/comparisons/price_family_structural_windows/price_family_ma12_structural_linked/phase2_chronology/chronology_monthly.csv,price_family_ma12_structural_linked,incumbent_demand_capital_markets__ma12_price_affordability
district_of_columbia_dc__county,2016-04-30,demand,capital_markets,0.08195509745557719,0.1,0.00819550974555772,0.28211526171661666,True,incumbent_dimension_history,artifacts/regime/runs/macro_regime_v1_bps120_sources/dimension_scores.parquet,price_family_ma12_structural_linked,incumbent_demand_capital_markets__ma12_price_affordability
district_of_columbia_dc__county,2016-05-31,demand,demand,0.2605410295616717,0.65,0.1693516692150866,0.18986776991507492,True,incumbent_dimension_history,artifacts/regime/runs/macro_regime_v1_bps120_sources/dimension_scores.parquet,price_family_ma12_structural_linked,incumbent_demand_capital_markets__ma12_price_affordability
district_of_columbia_dc__county,2016-05-31,demand,price,-0.1861538461538461,0.15,-0.02792307692307691,0.18986776991507492,True,ma12_price_family_challenger,artifacts/regime/comparisons/price_family_structural_windows/price_family_ma12_structural_linked/phase2_chronology/chronology_monthly.csv,price_family_ma12_structural_linked,incumbent_demand_capital_markets__ma12_price_affordability
district_of_columbia_dc__county,2016-05-31,demand,affordability,0.347985347985348,0.1,0.03479853479853481,0.18986776991507492,True,ma12_price_family_challenger,artifacts/regime/comparisons/price_family_structural_windows/price_family_ma12_structural_linked/phase2_chronology/chronology_monthly.csv,price_family_ma12_structural_linked,incumbent_demand_capital_markets__ma12_price_affordability
district_of_columbia_dc__county,2016-05-31,demand,capital_markets,0.13640642824530413,0.1,0.013640642824530414,0.18986776991507492,True,incumbent_dimension_history,artifacts/regime/runs/macro_regime_v1_bps120_sources/dimension_scores.parquet,price_family_ma12_structural_linked,incumbent_demand_capital_markets__ma12_price_affordability
district_of_columbia_dc__county,2016-06-30,demand,demand,0.31506818181818175,0.65,0.20479431818181815,0.23056561429716352,True,incumbent_dimension_history,artifacts/regime/runs/macro_regime_v1_bps120_sources/dimension_scores.parquet,price_family_ma12_structural_linked,incumbent_demand_capital_markets__ma12_price_affordability
district_of_columbia_dc__county,2016-06-30,demand,price,-0.2444186046511628,0.15,-0.03666279069767442,0.23056561429716352,True,ma12_price_family_challenger,artifacts/regime/comparisons/price_family_structural_windows/price_family_ma12_structural_linked/phase2_chronology/chronology_monthly.csv,price_family_ma12_structural_linked,incumbent_demand_capital_markets__ma12_price_affordability
district_of_columbia_dc__county,2016-06-30,demand,affordability,0.3302325581395348,0.1,0.03302325581395348,0.23056561429716352,True,ma12_price_family_challenger,artifacts/regime/comparisons/price_family_structural_windows/price_family_ma12_structural_linked/phase2_chronology/chronology_monthly.csv,price_family_ma12_structural_linked,incumbent_demand_capital_markets__ma12_price_affordability
district_of_columbia_dc__county,2016-06-30,demand,capital_markets,0.2941083099906629,0.1,0.02941083099906629,0.23056561429716352,True,incumbent_dimension_history,artifacts/regime/runs/macro_regime_v1_bps120_sources/dimension_scores.parquet,price_family_ma12_structural_linked,incumbent_demand_capital_markets__ma12_price_affordability
district_of_columbia_dc__county,2016-07-31,demand,demand,0.28510135135135134,0.65,0.18531587837837837,0.2666124182940456,True,incumbent_dimension_history,artifacts/regime/runs/macro_regime_v1_bps120_sources/dimension_scores.parquet,price_family_ma12_structural_linked,incumbent_demand_capital_markets__ma12_price_affordability
district_of_columbia_dc__county,2016-07-31,demand,price,0.0665040650406503,0.15,0.009975609756097546,0.2666124182940456,True,ma12_price_family_challenger,artifacts/regime/comparisons/price_family_structural_windows/price_family_ma12_structural_linked/phase2_chronology/chronology_monthly.csv,price_family_ma12_structural_linked,incumbent_demand_capital_markets__ma12_price_affordability
district_of_columbia_dc__county,2016-07-31,demand,affordability,0.2761324041811847,0.1,0.027613240418118468,0.2666124182940456,True,ma12_price_family_challenger,artifacts/regime/comparisons/price_family_structural_windows/price_family_ma12_structural_linked/phase2_chronology/chronology_monthly.csv,price_family_ma12_structural_linked,incumbent_demand_capital_markets__ma12_price_affordability
district_of_columbia_dc__county,2016-07-31,demand,capital_markets,0.43707689741451206,0.1,0.04370768974145121,0.2666124182940456,True,incumbent_dimension_history,artifacts/regime/runs/macro_regime_v1_bps120_sources/dimension_scores.parquet,price_family_ma12_structural_linked,incumbent_demand_capital_markets__ma12_price_affordability
district_of_columbia_dc__county,2016-08-31,demand,demand,0.06878968253968251,0.65,0.044713293650793635,0.11024612013639848,True,incumbent_dimension_history,artifacts/regime/runs/macro_regime_v1_bps120_sources/dimension_scores.parquet,price_family_ma12_structural_linked,incumbent_demand_capital_markets__ma12_price_affordability
district_of_columbia_dc__county,2016-08-31,demand,price,0.2949206349206348,0.15,0.04423809523809522,0.11024612013639848,True,ma12_price_family_challenger,artifacts/regime/comparisons/price_family_structural_windows/price_family_ma12_structural_linked/phase2_chronology/chronology_monthly.csv,price_family_ma12_structural_linked,incumbent_demand_capital_markets__ma12_price_affordability
district_of_columbia_dc__county,2016-08-31,demand,affordability,0.0521541950113378,0.1,0.00521541950113378,0.11024612013639848,True,ma12_price_family_challenger,artifacts/regime/comparisons/price_family_structural_windows/price_family_ma12_structural_linked/phase2_chronology/chronology_monthly.csv,price_family_ma12_structural_linked,incumbent_demand_capital_markets__ma12_price_affordability
district_of_columbia_dc__county,2016-08-31,demand,capital_markets,0.16079311746375827,0.1,0.016079311746375828,0.11024612013639848,True,incumbent_dimension_history,artifacts/regime/runs/macro_regime_v1_bps120_sources/dimension_scores.parquet,price_family_ma12_structural_linked,incumbent_demand_capital_markets__ma12_price_affordability
district_of_columbia_dc__county,2016-09-30,demand,demand,0.29906465093411994,0.65,0.19439202310717796,0.25671513593930945,True,incumbent_dimension_history,artifacts/regime/runs/macro_regime_v1_bps120_sources/dimension_scores.parquet,price_family_ma12_structural_linked,incumbent_demand_capital_markets__ma12_price_affordability
district_of_columbia_dc__county,2016-09-30,demand,price,0.4351937984496123,0.15,0.06527906976744184,0.25671513593930945,True,ma12_price_family_challenger,artifacts/regime/comparisons/price_family_structural_windows/price_family_ma12_structural_linked/phase2_chronology/chronology_monthly.csv,price_family_ma12_structural_linked,incumbent_demand_capital_markets__ma12_price_affordability
district_of_columbia_dc__county,2016-09-30,demand,affordability,-0.121840242669363,0.1,-0.012184024266936301,0.25671513593930945,True,ma12_price_family_challenger,artifacts/regime/comparisons/price_family_structural_windows/price_family_ma12_structural_linked/phase2_chronology/chronology_monthly.csv,price_family_ma12_structural_linked,incumbent_demand_capital_markets__ma12_price_affordability
district_of_columbia_dc__county,2016-09-30,demand,capital_markets,0.09228067331625907,0.1,0.009228067331625907,0.25671513593930945,True,incumbent_dimension_history,artifacts/regime/runs/macro_regime_v1_bps120_sources/dimension_scores.parquet,price_family_ma12_structural_linked,incumbent_demand_capital_markets__ma12_price_affordability
district_of_columbia_dc__county,2016-10-31,demand,demand,0.454656432748538,0.65,0.29552668128654974,0.3411839625936385,True,incumbent_dimension_history,artifacts/regime/runs/macro_regime_v1_bps120_sources/dimension_scores.parquet,price_family_ma12_structural_linked,incumbent_demand_capital_markets__ma12_price_affordability
district_of_columbia_dc__county,2016-10-31,demand,price,0.4478787878787878,0.15,0.06718181818181818,0.3411839625936385,True,ma12_price_family_challenger,artifacts/regime/comparisons/price_family_structural_windows/price_family_ma12_structural_linked/phase2_chronology/chronology_monthly.csv,price_family_ma12_structural_linked,incumbent_demand_capital_markets__ma12_price_affordability
district_of_columbia_dc__county,2016-10-31,demand,affordability,-0.2340425531914894,0.1,-0.023404255319148942,0.3411839625936385,True,ma12_price_family_challenger,artifacts/regime/comparisons/price_family_structural_windows/price_family_ma12_structural_linked/phase2_chronology/chronology_monthly.csv,price_family_ma12_structural_linked,incumbent_demand_capital_markets__ma12_price_affordability
district_of_columbia_dc__county,2016-10-31,demand,capital_markets,0.01879718444419463,0.1,0.001879718444419463,0.3411839625936385,True,incumbent_dimension_history,artifacts/regime/runs/macro_regime_v1_bps120_sources/dimension_scores.parquet,price_family_ma12_structural_linked,incumbent_demand_capital_markets__ma12_price_affordability
district_of_columbia_dc__county,2016-11-30,demand,demand,0.23205917874396131,0.65,0.15083846618357485,0.08873148305799997,True,incumbent_dimension_history,artifacts/regime/runs/macro_regime_v1_bps120_sources/dimension_scores.parquet,price_family_ma12_structural_linked,incumbent_demand_capital_markets__ma12_price_affordability
district_of_columbia_dc__county,2016-11-30,demand,price,-0.1995555555555555,0.15,-0.029933333333333326,0.08873148305799997,True,ma12_price_family_challenger,artifacts/regime/comparisons/price_family_structural_windows/price_family_ma12_structural_linked/phase2_chronology/chronology_monthly.csv,price_family_ma12_structural_linked,incumbent_demand_capital_markets__ma12_price_affordability
district_of_columbia_dc__county,2016-11-30,demand,affordability,-0.0423611111111111,0.1,-0.00423611111111111,0.08873148305799997,True,ma12_price_family_challenger,artifacts/regime/comparisons/price_family_structural_windows/price_family_ma12_structural_linked/phase2_chronology/chronology_monthly.csv,price_family_ma12_structural_linked,incumbent_demand_capital_markets__ma12_price_affordability
district_of_columbia_dc__county,2016-11-30,demand,capital_markets,-0.2793753868113046,0.1,-0.02793753868113046,0.08873148305799997,True,incumbent_dimension_history,artifacts/regime/runs/macro_regime_v1_bps120_sources/dimension_scores.parquet,price_family_ma12_structural_linked,incumbent_demand_capital_markets__ma12_price_affordability
district_of_columbia_dc__county,2016-12-31,demand,demand,0.07372785101233376,0.65,0.04792310315801694,-0.07536755981214979,True,incumbent_dimension_history,artifacts/regime/runs/macro_regime_v1_bps120_sources/dimension_scores.parquet,price_family_ma12_structural_linked,incumbent_demand_capital_markets__ma12_price_affordability
district_of_columbia_dc__county,2016-12-31,demand,price,0.0187967097532314,0.15,0.00281950646298471,-0.07536755981214979,True,ma12_price_family_challenger,artifacts/regime/comparisons/price_family_structural_windows/price_family_ma12_structural_linked/phase2_chronology/chronology_monthly.csv,price_family_ma12_structural_linked,incumbent_demand_capital_markets__ma12_price_affordability
district_of_columbia_dc__county,2016-12-31,demand,affordability,-0.7696611429530684,0.1,-0.07696611429530685,-0.07536755981214979,True,ma12_price_family_challenger,artifacts/regime/comparisons/price_family_structural_windows/price_family_ma12_structural_linked/phase2_chronology/chronology_monthly.csv,price_family_ma12_structural_linked,incumbent_demand_capital_markets__ma12_price_affordability
district_of_columbia_dc__county,2016-12-31,demand,capital_markets,-0.491440551378446,0.1,-0.0491440551378446,-0.07536755981214979,True,incumbent_dimension_history,artifacts/regime/runs/macro_regime_v1_bps120_sources/dimension_scores.parquet,price_family_ma12_structural_linked,incumbent_demand_capital_markets__ma12_price_affordability
district_of_columbia_dc__county,2017-01-31,demand,demand,0.13694476819476814,0.65,0.08901409932659929,0.03841251063818985,True,incumbent_dimension_history,artifacts/regime/runs/macro_regime_v1_bps120_sources/dimension_scores.parquet,price_family_ma12_structural_linked,incumbent_demand_capital_markets__ma12_price_affordability
district_of_columbia_dc__county,2017-01-31,demand,price,0.3151489361702128,0.15,0.04727234042553192,0.03841251063818985,True,ma12_price_family_challenger,artifacts/regime/comparisons/price_family_structural_windows/price_family_ma12_structural_linked/phase2_chronology/chronology_monthly.csv,price_family_ma12_structural_linked,incumbent_demand_capital_markets__ma12_price_affordability
district_of_columbia_dc__county,2017-01-31,demand,affordability,-0.8071780515117581,0.1,-0.08071780515117583,0.03841251063818985,True,ma12_price_family_challenger,artifacts/regime/comparisons/price_family_structural_windows/price_family_ma12_structural_linked/phase2_chronology/chronology_monthly.csv,price_family_ma12_structural_linked,incumbent_demand_capital_markets__ma12_price_affordability
district_of_columbia_dc__county,2017-01-31,demand,capital_markets,-0.1715612396276552,0.1,-0.017156123962765522,0.03841251063818985,True,incumbent_dimension_history,artifacts/regime/runs/macro_regime_v1_bps120_sources/dimension_scores.parquet,price_family_ma12_structural_linked,incumbent_demand_capital_markets__ma12_price_affordability
district_of_columbia_dc__county,2017-02-28,demand,demand,0.1902931312253346,0.65,0.1236905352964675,0.04369496593534514,True,incumbent_dimension_history,artifacts/regime/runs/macro_regime_v1_bps120_sources/dimension_scores.parquet,price_family_ma12_structural_linked,incumbent_demand_capital_markets__ma12_price_affordability
district_of_columbia_dc__county,2017-02-28,demand,price,0.0562579185520362,0.15,0.00843868778280543,0.04369496593534514,True,ma12_price_family_challenger,artifacts/regime/comparisons/price_family_structural_windows/price_family_ma12_structural_linked/phase2_chronology/chronology_monthly.csv,price_family_ma12_structural_linked,incumbent_demand_capital_markets__ma12_price_affordability
district_of_columbia_dc__county,2017-02-28,demand,affordability,-0.6108031674208144,0.1,-0.06108031674208145,0.04369496593534514,True,ma12_price_family_challenger,artifacts/regime/comparisons/price_family_structural_windows/price_family_ma12_structural_linked/phase2_chronology/chronology_monthly.csv,price_family_ma12_structural_linked,incumbent_demand_capital_markets__ma12_price_affordability
district_of_columbia_dc__county,2017-02-28,demand,capital_markets,-0.2735394040184632,0.1,-0.027353940401846324,0.04369496593534514,True,incumbent_dimension_history,artifacts/regime/runs/macro_regime_v1_bps120_sources/dimension_scores.parquet,price_family_ma12_structural_linked,incumbent_demand_capital_markets__ma12_price_affordability
district_of_columbia_dc__county,2017-03-31,demand,demand,0.1808506254094489,0.65,0.1175529065161418,0.06693889206644421,True,incumbent_dimension_history,artifacts/regime/runs/macro_regime_v1_bps120_sources/dimension_scores.parquet,price_family_ma12_structural_linked,incumbent_demand_capital_markets__ma12_price_affordability
district_of_columbia_dc__county,2017-03-31,demand,price,0.3168163265306122,0.15,0.047522448979591826,0.06693889206644421,True,ma12_price_family_challenger,artifacts/regime/comparisons/price_family_structural_windows/price_family_ma12_structural_linked/phase2_chronology/chronology_monthly.csv,price_family_ma12_structural_linked,incumbent_demand_capital_markets__ma12_price_affordability
district_of_columbia_dc__county,2017-03-31,demand,affordability,-0.6890816326530612,0.1,-0.06890816326530612,0.06693889206644421,True,ma12_price_family_challenger,artifacts/regime/comparisons/price_family_structural_windows/price_family_ma12_structural_linked/phase2_chronology/chronology_monthly.csv,price_family_ma12_structural_linked,incumbent_demand_capital_markets__ma12_price_affordability
district_of_columbia_dc__county,2017-03-31,demand,capital_markets,-0.29228300163983295,0.1,-0.029228300163983298,0.06693889206644421,True,incumbent_dimension_history,artifacts/regime/runs/macro_regime_v1_bps120_sources/dimension_scores.parquet,price_family_ma12_structural_linked,incumbent_demand_capital_markets__ma12_price_affordability
district_of_columbia_dc__county,2017-04-30,demand,demand,0.14746827246827246,0.65,0.09585437710437711,0.07541952916664536,True,incumbent_dimension_history,artifacts/regime/runs/macro_regime_v1_bps120_sources/dimension_scores.parquet,price_family_ma12_structural_linked,incumbent_demand_capital_markets__ma12_price_affordability
district_of_columbia_dc__county,2017-04-30,demand,price,0.2002926829268293,0.15,0.030043902439024394,0.07541952916664536,True,ma12_price_family_challenger,artifacts/regime/comparisons/price_family_structural_windows/price_family_ma12_structural_linked/phase2_chronology/chronology_monthly.csv,price_family_ma12_structural_linked,incumbent_demand_capital_markets__ma12_price_affordability
district_of_columbia_dc__county,2017-04-30,demand,affordability,-0.4835872066267833,0.1,-0.04835872066267833,0.07541952916664536,True,ma12_price_family_challenger,artifacts/regime/comparisons/price_family_structural_windows/price_family_ma12_structural_linked/phase2_chronology/chronology_monthly.csv,price_family_ma12_structural_linked,incumbent_demand_capital_markets__ma12_price_affordability
district_of_columbia_dc__county,2017-04-30,demand,capital_markets,-0.021200297140778014,0.1,-0.0021200297140778015,0.07541952916664536,True,incumbent_dimension_history,artifacts/regime/runs/macro_regime_v1_bps120_sources/dimension_scores.parquet,price_family_ma12_structural_linked,incumbent_demand_capital_markets__ma12_price_affordability
district_of_columbia_dc__county,2017-05-31,demand,demand,0.17038493913493913,0.65,0.11075021043771044,0.06942496488049359,True,incumbent_dimension_history,artifacts/regime/runs/macro_regime_v1_bps120_sources/dimension_scores.parquet,price_family_ma12_structural_linked,incumbent_demand_capital_markets__ma12_price_affordability
district_of_columbia_dc__county,2017-05-31,demand,price,0.1674285714285714,0.15,0.02511428571428571,0.06942496488049359,True,ma12_price_family_challenger,artifacts/regime/comparisons/price_family_structural_windows/price_family_ma12_structural_linked/phase2_chronology/chronology_monthly.csv,price_family_ma12_structural_linked,incumbent_demand_capital_markets__ma12_price_affordability
district_of_columbia_dc__county,2017-05-31,demand,affordability,-0.5096591970121382,0.1,-0.05096591970121383,0.06942496488049359,True,ma12_price_family_challenger,artifacts/regime/comparisons/price_family_structural_windows/price_family_ma12_structural_linked/phase2_chronology/chronology_monthly.csv,price_family_ma12_structural_linked,incumbent_demand_capital_markets__ma12_price_affordability
district_of_columbia_dc__county,2017-05-31,demand,capital_markets,-0.15473611570288712,0.1,-0.015473611570288712,0.06942496488049359,True,incumbent_dimension_history,artifacts/regime/runs/macro_regime_v1_bps120_sources/dimension_scores.parquet,price_family_ma12_structural_linked,incumbent_demand_capital_markets__ma12_price_affordability
district_of_columbia_dc__county,2017-06-30,demand,demand,0.051079383579383575,0.65,0.03320159932659932,0.013655670242369146,True,incumbent_dimension_history,artifacts/regime/runs/macro_regime_v1_bps120_sources/dimension_scores.parquet,price_family_ma12_structural_linked,incumbent_demand_capital_markets__ma12_price_affordability
district_of_columbia_dc__county,2017-06-30,demand,price,0.1121001788908765,0.15,0.016815026833631477,0.013655670242369146,True,ma12_price_family_challenger,artifacts/regime/comparisons/price_family_structural_windows/price_family_ma12_structural_linked/phase2_chronology/chronology_monthly.csv,price_family_ma12_structural_linked,incumbent_demand_capital_markets__ma12_price_affordability
district_of_columbia_dc__county,2017-06-30,demand,affordability,-0.3484558464791022,0.1,-0.034845584647910224,0.013655670242369146,True,ma12_price_family_challenger,artifacts/regime/comparisons/price_family_structural_windows/price_family_ma12_structural_linked/phase2_chronology/chronology_monthly.csv,price_family_ma12_structural_linked,incumbent_demand_capital_markets__ma12_price_affordability
district_of_columbia_dc__county,2017-06-30,demand,capital_markets,-0.015153712699514252,0.1,-0.0015153712699514253,0.013655670242369146,True,incumbent_dimension_history,artifacts/regime/runs/macro_regime_v1_bps120_sources/dimension_scores.parquet,price_family_ma12_structural_linked,incumbent_demand_capital_markets__ma12_price_affordability
district_of_columbia_dc__county,2017-07-31,demand,demand,0.18594049469049462,0.65,0.12086132154882151,0.007076761227856922,True,incumbent_dimension_history,artifacts/regime/runs/macro_regime_v1_bps120_sources/dimension_scores.parquet,price_family_ma12_structural_linked,incumbent_demand_capital_markets__ma12_price_affordability
district_of_columbia_dc__county,2017-07-31,demand,price,-0.1908478314138692,0.15,-0.02862717471208038,0.007076761227856922,True,ma12_price_family_challenger,artifacts/regime/comparisons/price_family_structural_windows/price_family_ma12_structural_linked/phase2_chronology/chronology_monthly.csv,price_family_ma12_structural_linked,incumbent_demand_capital_markets__ma12_price_affordability
district_of_columbia_dc__county,2017-07-31,demand,affordability,-0.4617832639059054,0.1,-0.046178326390590545,0.007076761227856922,True,ma12_price_family_challenger,artifacts/regime/comparisons/price_family_structural_windows/price_family_ma12_structural_linked/phase2_chronology/chronology_monthly.csv,price_family_ma12_structural_linked,incumbent_demand_capital_markets__ma12_price_affordability
district_of_columbia_dc__county,2017-07-31,demand,capital_markets,-0.38979059218293666,0.1,-0.03897905921829367,0.007076761227856922,True,incumbent_dimension_history,artifacts/regime/runs/macro_regime_v1_bps120_sources/dimension_scores.parquet,price_family_ma12_structural_linked,incumbent_demand_capital_markets__ma12_price_affordability
district_of_columbia_dc__county,2017-08-31,demand,demand,0.11955160580160577,0.65,0.07770854377104376,0.01400644488001335,True,incumbent_dimension_history,artifacts/regime/runs/macro_regime_v1_bps120_sources/dimension_scores.parquet,price_family_ma12_structural_linked,incumbent_demand_capital_markets__ma12_price_affordability
district_of_columbia_dc__county,2017-08-31,demand,price,-0.2628966861598441,0.15,-0.03943450292397661,0.01400644488001335,True,ma12_price_family_challenger,artifacts/regime/comparisons/price_family_structural_windows/price_family_ma12_structural_linked/phase2_chronology/chronology_monthly.csv,price_family_ma12_structural_linked,incumbent_demand_capital_markets__ma12_price_affordability
district_of_columbia_dc__county,2017-08-31,demand,affordability,-0.1973489278752436,0.1,-0.019734892787524362,0.01400644488001335,True,ma12_price_family_challenger,artifacts/regime/comparisons/price_family_structural_windows/price_family_ma12_structural_linked/phase2_chronology/chronology_monthly.csv,price_family_ma12_structural_linked,incumbent_demand_capital_markets__ma12_price_affordability
district_of_columbia_dc__county,2017-08-31,demand,capital_markets,-0.04532703179529442,0.1,-0.0045327031795294416,0.01400644488001335,True,incumbent_dimension_history,artifacts/regime/runs/macro_regime_v1_bps120_sources/dimension_scores.parquet,price_family_ma12_structural_linked,incumbent_demand_capital_markets__ma12_price_affordability
district_of_columbia_dc__county,2017-09-30,demand,demand,0.3863571613571613,0.65,0.25113215488215485,0.1797089998880384,True,incumbent_dimension_history,artifacts/regime/runs/macro_regime_v1_bps120_sources/dimension_scores.parquet,price_family_ma12_structural_linked,incumbent_demand_capital_markets__ma12_price_affordability
district_of_columbia_dc__county,2017-09-30,demand,price,-0.3799073190677389,0.15,-0.05698609786016083,0.1797089998880384,True,ma12_price_family_challenger,artifacts/regime/comparisons/price_family_structural_windows/price_family_ma12_structural_linked/phase2_chronology/chronology_monthly.csv,price_family_ma12_structural_linked,incumbent_demand_capital_markets__ma12_price_affordability
district_of_columbia_dc__county,2017-09-30,demand,affordability,-0.1166907455363227,0.1,-0.01166907455363227,0.1797089998880384,True,ma12_price_family_challenger,artifacts/regime/comparisons/price_family_structural_windows/price_family_ma12_structural_linked/phase2_chronology/chronology_monthly.csv,price_family_ma12_structural_linked,incumbent_demand_capital_markets__ma12_price_affordability
district_of_columbia_dc__county,2017-09-30,demand,capital_markets,-0.027679825803233152,0.1,-0.0027679825803233154,0.1797089998880384,True,incumbent_dimension_history,artifacts/regime/runs/macro_regime_v1_bps120_sources/dimension_scores.parquet,price_family_ma12_structural_linked,incumbent_demand_capital_markets__ma12_price_affordability
district_of_columbia_dc__county,2017-10-31,demand,demand,0.035523828023828016,0.65,0.02309048821548821,-0.08656028076017241,True,incumbent_dimension_history,artifacts/regime/runs/macro_regime_v1_bps120_sources/dimension_scores.parquet,price_family_ma12_structural_linked,incumbent_demand_capital_markets__ma12_price_affordability
district_of_columbia_dc__county,2017-10-31,demand,price,-0.4248724949770748,0.15,-0.06373087424656122,-0.08656028076017241,True,ma12_price_family_challenger,artifacts/regime/comparisons/price_family_structural_windows/price_family_ma12_structural_linked/phase2_chronology/chronology_monthly.csv,price_family_ma12_structural_linked,incumbent_demand_capital_markets__ma12_price_affordability
district_of_columbia_dc__county,2017-10-31,demand,affordability,-0.1640719179846478,0.1,-0.01640719179846478,-0.08656028076017241,True,ma12_price_family_challenger,artifacts/regime/comparisons/price_family_structural_windows/price_family_ma12_structural_linked/phase2_chronology/chronology_monthly.csv,price_family_ma12_structural_linked,incumbent_demand_capital_markets__ma12_price_affordability
district_of_columbia_dc__county,2017-10-31,demand,capital_markets,-0.2951270293063462,0.1,-0.029512702930634623,-0.08656028076017241,True,incumbent_dimension_history,artifacts/regime/runs/macro_regime_v1_bps120_sources/dimension_scores.parquet,price_family_ma12_structural_linked,incumbent_demand_capital_markets__ma12_price_affordability
district_of_columbia_dc__county,2017-11-30,demand,demand,0.298023828023828,0.65,0.1937154882154882,0.08789299206850847,True,incumbent_dimension_history,artifacts/regime/runs/macro_regime_v1_bps120_sources/dimension_scores.parquet,price_family_ma12_structural_linked,incumbent_demand_capital_markets__ma12_price_affordability
district_of_columbia_dc__county,2017-11-30,demand,price,-0.5185964912280703,0.15,-0.07778947368421053,0.08789299206850847,True,ma12_price_family_challenger,artifacts/regime/comparisons/price_family_structural_windows/price_family_ma12_structural_linked/phase2_chronology/chronology_monthly.csv,price_family_ma12_structural_linked,incumbent_demand_capital_markets__ma12_price_affordability
district_of_columbia_dc__county,2017-11-30,demand,affordability,-0.2055921052631579,0.1,-0.02055921052631579,0.08789299206850847,True,ma12_price_family_challenger,artifacts/regime/comparisons/price_family_structural_windows/price_family_ma12_structural_linked/phase2_chronology/chronology_monthly.csv,price_family_ma12_structural_linked,incumbent_demand_capital_markets__ma12_price_affordability
district_of_columbia_dc__county,2017-11-30,demand,capital_markets,-0.07473811936453416,0.1,-0.007473811936453416,0.08789299206850847,True,incumbent_dimension_history,artifacts/regime/runs/macro_regime_v1_bps120_sources/dimension_scores.parquet,price_family_ma12_structural_linked,incumbent_demand_capital_markets__ma12_price_affordability
district_of_columbia_dc__county,2017-12-31,demand,demand,0.29415674603174596,0.65,0.1912018849206349,0.20041059656349966,True,incumbent_dimension_history,artifacts/regime/runs/macro_regime_v1_bps120_sources/dimension_scores.parquet,price_family_ma12_structural_linked,incumbent_demand_capital_markets__ma12_price_affordability
district_of_columbia_dc__county,2017-12-31,demand,price,-0.4874793784104936,0.15,-0.07312190676157404,0.20041059656349966,True,ma12_price_family_challenger,artifacts/regime/comparisons/price_family_structural_windows/price_family_ma12_structural_linked/phase2_chronology/chronology_monthly.csv,price_family_ma12_structural_linked,incumbent_demand_capital_markets__ma12_price_affordability
district_of_columbia_dc__county,2017-12-31,demand,affordability,0.8277211845733206,0.1,0.08277211845733207,0.20041059656349966,True,ma12_price_family_challenger,artifacts/regime/comparisons/price_family_structural_windows/price_family_ma12_structural_linked/phase2_chronology/chronology_monthly.csv,price_family_ma12_structural_linked,incumbent_demand_capital_markets__ma12_price_affordability
district_of_columbia_dc__county,2017-12-31,demand,capital_markets,-0.004415000528932574,0.1,-0.00044150005289325737,0.20041059656349966,True,incumbent_dimension_history,artifacts/regime/runs/macro_regime_v1_bps120_sources/dimension_scores.parquet,price_family_ma12_structural_linked,incumbent_demand_capital_markets__ma12_price_affordability
district_of_columbia_dc__county,2018-01-31,demand,demand,0.19582341269841266,0.65,0.12728521825396824,0.09934756803632355,True,incumbent_dimension_history,artifacts/regime/runs/macro_regime_v1_bps120_sources/dimension_scores.parquet,price_family_ma12_structural_linked,incumbent_demand_capital_markets__ma12_price_affordability
district_of_columbia_dc__county,2018-01-31,demand,price,-0.5818326954620011,0.15,-0.08727490431930017,0.09934756803632355,True,ma12_price_family_challenger,artifacts/regime/comparisons/price_family_structural_windows/price_family_ma12_structural_linked/phase2_chronology/chronology_monthly.csv,price_family_ma12_structural_linked,incumbent_demand_capital_markets__ma12_price_affordability
district_of_columbia_dc__county,2018-01-31,demand,affordability,0.8084352104975396,0.1,0.08084352104975397,0.09934756803632355,True,ma12_price_family_challenger,artifacts/regime/comparisons/price_family_structural_windows/price_family_ma12_structural_linked/phase2_chronology/chronology_monthly.csv,price_family_ma12_structural_linked,incumbent_demand_capital_markets__ma12_price_affordability
district_of_columbia_dc__county,2018-01-31,demand,capital_markets,-0.21506266948098487,0.1,-0.021506266948098488,0.09934756803632355,True,incumbent_dimension_history,artifacts/regime/runs/macro_regime_v1_bps120_sources/dimension_scores.parquet,price_family_ma12_structural_linked,incumbent_demand_capital_markets__ma12_price_affordability
district_of_columbia_dc__county,2018-02-28,demand,demand,0.4423511904761904,0.65,0.2875282738095238,0.22622063784896443,True,incumbent_dimension_history,artifacts/regime/runs/macro_regime_v1_bps120_sources/dimension_scores.parquet,price_family_ma12_structural_linked,incumbent_demand_capital_markets__ma12_price_affordability
district_of_columbia_dc__county,2018-02-28,demand,price,-0.5434547152194212,0.15,-0.08151820728291319,0.22622063784896443,True,ma12_price_family_challenger,artifacts/regime/comparisons/price_family_structural_windows/price_family_ma12_structural_linked/phase2_chronology/chronology_monthly.csv,price_family_ma12_structural_linked,incumbent_demand_capital_markets__ma12_price_affordability
district_of_columbia_dc__county,2018-02-28,demand,affordability,0.6236881419234359,0.1,0.062368814192343594,0.22622063784896443,True,ma12_price_family_challenger,artifacts/regime/comparisons/price_family_structural_windows/price_family_ma12_structural_linked/phase2_chronology/chronology_monthly.csv,price_family_ma12_structural_linked,incumbent_demand_capital_markets__ma12_price_affordability
district_of_columbia_dc__county,2018-02-28,demand,capital_markets,-0.42158242869989726,0.1,-0.04215824286998973,0.22622063784896443,True,incumbent_dimension_history,artifacts/regime/runs/macro_regime_v1_bps120_sources/dimension_scores.parquet,price_family_ma12_structural_linked,incumbent_demand_capital_markets__ma12_price_affordability
district_of_columbia_dc__county,2018-03-31,demand,demand,0.26012896825396825,0.65,0.16908382936507937,0.10301151832163186,True,incumbent_dimension_history,artifacts/regime/runs/macro_regime_v1_bps120_sources/dimension_scores.parquet,price_family_ma12_structural_linked,incumbent_demand_capital_markets__ma12_price_affordability
district_of_columbia_dc__county,2018-03-31,demand,price,-0.565609237074401,0.15,-0.08484138556116015,0.10301151832163186,True,ma12_price_family_challenger,artifacts/regime/comparisons/price_family_structural_windows/price_family_ma12_structural_linked/phase2_chronology/chronology_monthly.csv,price_family_ma12_structural_linked,incumbent_demand_capital_markets__ma12_price_affordability
district_of_columbia_dc__county,2018-03-31,demand,affordability,0.4137748266078184,0.1,0.04137748266078184,0.10301151832163186,True,ma12_price_family_challenger,artifacts/regime/comparisons/price_family_structural_windows/price_family_ma12_structural_linked/phase2_chronology/chronology_monthly.csv,price_family_ma12_structural_linked,incumbent_demand_capital_markets__ma12_price_affordability
district_of_columbia_dc__county,2018-03-31,demand,capital_markets,-0.22608408143069197,0.1,-0.0226084081430692,0.10301151832163186,True,incumbent_dimension_history,artifacts/regime/runs/macro_regime_v1_bps120_sources/dimension_scores.parquet,price_family_ma12_structural_linked,incumbent_demand_capital_markets__ma12_price_affordability
district_of_columbia_dc__county,2018-04-30,demand,demand,0.3517956349206349,0.65,0.2286671626984127,0.19122754101376077,True,incumbent_dimension_history,artifacts/regime/runs/macro_regime_v1_bps120_sources/dimension_scores.parquet,price_family_ma12_structural_linked,incumbent_demand_capital_markets__ma12_price_affordability
district_of_columbia_dc__county,2018-04-30,demand,price,-0.2357132824570438,0.15,-0.035356992368556564,0.19122754101376077,True,ma12_price_family_challenger,artifacts/regime/comparisons/price_family_structural_windows/price_family_ma12_structural_linked/phase2_chronology/chronology_monthly.csv,price_family_ma12_structural_linked,incumbent_demand_capital_markets__ma12_price_affordability
district_of_columbia_dc__county,2018-04-30,demand,affordability,0.1860808090266398,0.1,0.01860808090266398,0.19122754101376077,True,ma12_price_family_challenger,artifacts/regime/comparisons/price_family_structural_windows/price_family_ma12_structural_linked/phase2_chronology/chronology_monthly.csv,price_family_ma12_structural_linked,incumbent_demand_capital_markets__ma12_price_affordability
district_of_columbia_dc__county,2018-04-30,demand,capital_markets,-0.2069071021875936,0.1,-0.02069071021875936,0.19122754101376077,True,incumbent_dimension_history,artifacts/regime/runs/macro_regime_v1_bps120_sources/dimension_scores.parquet,price_family_ma12_structural_linked,incumbent_demand_capital_markets__ma12_price_affordability
district_of_columbia_dc__county,2018-05-31,demand,demand,0.20124007936507932,0.65,0.13080605158730155,0.08531556852629918,True,incumbent_dimension_history,artifacts/regime/runs/macro_regime_v1_bps120_sources/dimension_scores.parquet,price_family_ma12_structural_linked,incumbent_demand_capital_markets__ma12_price_affordability
district_of_columbia_dc__county,2018-05-31,demand,price,-0.1595555555555556,0.15,-0.023933333333333338,0.08531556852629918,True,ma12_price_family_challenger,artifacts/regime/comparisons/price_family_structural_windows/price_family_ma12_structural_linked/phase2_chronology/chronology_monthly.csv,price_family_ma12_structural_linked,incumbent_demand_capital_markets__ma12_price_affordability
district_of_columbia_dc__county,2018-05-31,demand,affordability,0.1523809523809524,0.1,0.01523809523809524,0.08531556852629918,True,ma12_price_family_challenger,artifacts/regime/comparisons/price_family_structural_windows/price_family_ma12_structural_linked/phase2_chronology/chronology_monthly.csv,price_family_ma12_structural_linked,incumbent_demand_capital_markets__ma12_price_affordability
district_of_columbia_dc__county,2018-05-31,demand,capital_markets,-0.3679524496576427,0.1,-0.03679524496576427,0.08531556852629918,True,incumbent_dimension_history,artifacts/regime/runs/macro_regime_v1_bps120_sources/dimension_scores.parquet,price_family_ma12_structural_linked,incumbent_demand_capital_markets__ma12_price_affordability
district_of_columbia_dc__county,2018-06-30,demand,demand,0.1997678571428571,0.65,0.12984910714285713,0.11007222494545255,True,incumbent_dimension_history,artifacts/regime/runs/macro_regime_v1_bps120_sources/dimension_scores.parquet,price_family_ma12_structural_linked,incumbent_demand_capital_markets__ma12_price_affordability
district_of_columbia_dc__county,2018-06-30,demand,price,-0.084340909090909,0.15,-0.012651136363636349,0.11007222494545255,True,ma12_price_family_challenger,artifacts/regime/comparisons/price_family_structural_windows/price_family_ma12_structural_linked/phase2_chronology/chronology_monthly.csv,price_family_ma12_structural_linked,incumbent_demand_capital_markets__ma12_price_affordability
district_of_columbia_dc__county,2018-06-30,demand,affordability,0.1102518656716418,0.1,0.011025186567164181,0.11007222494545255,True,ma12_price_family_challenger,artifacts/regime/comparisons/price_family_structural_windows/price_family_ma12_structural_linked/phase2_chronology/chronology_monthly.csv,price_family_ma12_structural_linked,incumbent_demand_capital_markets__ma12_price_affordability
district_of_columbia_dc__county,2018-06-30,demand,capital_markets,-0.181509324009324,0.1,-0.018150932400932403,0.11007222494545255,True,incumbent_dimension_history,artifacts/regime/runs/macro_regime_v1_bps120_sources/dimension_scores.parquet,price_family_ma12_structural_linked,incumbent_demand_capital_markets__ma12_price_affordability
district_of_columbia_dc__county,2018-07-31,demand,demand,0.4190178571428571,0.65,0.2723616071428571,0.25151208310945483,True,incumbent_dimension_history,artifacts/regime/runs/macro_regime_v1_bps120_sources/dimension_scores.parquet,price_family_ma12_structural_linked,incumbent_demand_capital_markets__ma12_price_affordability
district_of_columbia_dc__county,2018-07-31,demand,price,-0.2044395604395604,0.15,-0.03066593406593406,0.25151208310945483,True,ma12_price_family_challenger,artifacts/regime/comparisons/price_family_structural_windows/price_family_ma12_structural_linked/phase2_chronology/chronology_monthly.csv,price_family_ma12_structural_linked,incumbent_demand_capital_markets__ma12_price_affordability
district_of_columbia_dc__county,2018-07-31,demand,affordability,0.2345895281189399,0.1,0.02345895281189399,0.25151208310945483,True,ma12_price_family_challenger,artifacts/regime/comparisons/price_family_structural_windows/price_family_ma12_structural_linked/phase2_chronology/chronology_monthly.csv,price_family_ma12_structural_linked,incumbent_demand_capital_markets__ma12_price_affordability
district_of_columbia_dc__county,2018-07-31,demand,capital_markets,-0.136425427793622,0.1,-0.0136425427793622,0.25151208310945483,True,incumbent_dimension_history,artifacts/regime/runs/macro_regime_v1_bps120_sources/dimension_scores.parquet,price_family_ma12_structural_linked,incumbent_demand_capital_markets__ma12_price_affordability
district_of_columbia_dc__county,2018-08-31,demand,demand,0.08171230158730158,0.65,0.05311299603174603,0.030657940336478093,True,incumbent_dimension_history,artifacts/regime/runs/macro_regime_v1_bps120_sources/dimension_scores.parquet,price_family_ma12_structural_linked,incumbent_demand_capital_markets__ma12_price_affordability
district_of_columbia_dc__county,2018-08-31,demand,price,-0.1009696969696969,0.15,-0.015145454545454535,0.030657940336478093,True,ma12_price_family_challenger,artifacts/regime/comparisons/price_family_structural_windows/price_family_ma12_structural_linked/phase2_chronology/chronology_monthly.csv,price_family_ma12_structural_linked,incumbent_demand_capital_markets__ma12_price_affordability
district_of_columbia_dc__county,2018-08-31,demand,affordability,0.1589279522917967,0.1,0.015892795229179673,0.030657940336478093,True,ma12_price_family_challenger,artifacts/regime/comparisons/price_family_structural_windows/price_family_ma12_structural_linked/phase2_chronology/chronology_monthly.csv,price_family_ma12_structural_linked,incumbent_demand_capital_markets__ma12_price_affordability
district_of_columbia_dc__county,2018-08-31,demand,capital_markets,-0.23202396378993081,0.1,-0.023202396378993084,0.030657940336478093,True,incumbent_dimension_history,artifacts/regime/runs/macro_regime_v1_bps120_sources/dimension_scores.parquet,price_family_ma12_structural_linked,incumbent_demand_capital_markets__ma12_price_affordability
district_of_columbia_dc__county,2018-09-30,demand,demand,0.30410119047619044,0.65,0.1976657738095238,0.1578202262039612,True,incumbent_dimension_history,artifacts/regime/runs/macro_regime_v1_bps120_sources/dimension_scores.parquet,price_family_ma12_structural_linked,incumbent_demand_capital_markets__ma12_price_affordability
district_of_columbia_dc__county,2018-09-30,demand,price,-0.0595841482243952,0.15,-0.00893762223365928,0.1578202262039612,True,ma12_price_family_challenger,artifacts/regime/comparisons/price_family_structural_windows/price_family_ma12_structural_linked/phase2_chronology/chronology_monthly.csv,price_family_ma12_structural_linked,incumbent_demand_capital_markets__ma12_price_affordability
district_of_columbia_dc__county,2018-09-30,demand,affordability,0.0442063083596794,0.1,0.00442063083596794,0.1578202262039612,True,ma12_price_family_challenger,artifacts/regime/comparisons/price_family_structural_windows/price_family_ma12_structural_linked/phase2_chronology/chronology_monthly.csv,price_family_ma12_structural_linked,incumbent_demand_capital_markets__ma12_price_affordability
district_of_columbia_dc__county,2018-09-30,demand,capital_markets,-0.3532855620787127,0.1,-0.03532855620787127,0.1578202262039612,True,incumbent_dimension_history,artifacts/regime/runs/macro_regime_v1_bps120_sources/dimension_scores.parquet,price_family_ma12_structural_linked,incumbent_demand_capital_markets__ma12_price_affordability
district_of_columbia_dc__county,2018-10-31,demand,demand,0.3269345238095238,0.65,0.2125074404761905,0.17836781924541642,True,incumbent_dimension_history,artifacts/regime/runs/macro_regime_v1_bps120_sources/dimension_scores.parquet,price_family_ma12_structural_linked,incumbent_demand_capital_markets__ma12_price_affordability
district_of_columbia_dc__county,2018-10-31,demand,price,0.1675852442671984,0.15,0.02513778664007976,0.17836781924541642,True,ma12_price_family_challenger,artifacts/regime/comparisons/price_family_structural_windows/price_family_ma12_structural_linked/phase2_chronology/chronology_monthly.csv,price_family_ma12_structural_linked,incumbent_demand_capital_markets__ma12_price_affordability
district_of_columbia_dc__county,2018-10-31,demand,affordability,-0.1361673430412986,0.1,-0.01361673430412986,0.17836781924541642,True,ma12_price_family_challenger,artifacts/regime/comparisons/price_family_structural_windows/price_family_ma12_structural_linked/phase2_chronology/chronology_monthly.csv,price_family_ma12_structural_linked,incumbent_demand_capital_markets__ma12_price_affordability
district_of_columbia_dc__county,2018-10-31,demand,capital_markets,-0.4566067356672398,0.1,-0.045660673566723986,0.17836781924541642,True,incumbent_dimension_history,artifacts/regime/runs/macro_regime_v1_bps120_sources/dimension_scores.parquet,price_family_ma12_structural_linked,incumbent_demand_capital_markets__ma12_price_affordability
district_of_columbia_dc__county,2018-11-30,demand,demand,0.28749007936507937,0.65,0.1868685515873016,0.16574859694643135,True,incumbent_dimension_history,artifacts/regime/runs/macro_regime_v1_bps120_sources/dimension_scores.parquet,price_family_ma12_structural_linked,incumbent_demand_capital_markets__ma12_price_affordability
district_of_columbia_dc__county,2018-11-30,demand,price,0.1600579710144928,0.15,0.02400869565217392,0.16574859694643135,True,ma12_price_family_challenger,artifacts/regime/comparisons/price_family_structural_windows/price_family_ma12_structural_linked/phase2_chronology/chronology_monthly.csv,price_family_ma12_structural_linked,incumbent_demand_capital_markets__ma12_price_affordability
district_of_columbia_dc__county,2018-11-30,demand,affordability,-0.1896980676328502,0.1,-0.01896980676328502,0.16574859694643135,True,ma12_price_family_challenger,artifacts/regime/comparisons/price_family_structural_windows/price_family_ma12_structural_linked/phase2_chronology/chronology_monthly.csv,price_family_ma12_structural_linked,incumbent_demand_capital_markets__ma12_price_affordability
district_of_columbia_dc__county,2018-11-30,demand,capital_markets,-0.26158843529759124,0.1,-0.026158843529759127,0.16574859694643135,True,incumbent_dimension_history,artifacts/regime/runs/macro_regime_v1_bps120_sources/dimension_scores.parquet,price_family_ma12_structural_linked,incumbent_demand_capital_markets__ma12_price_affordability
district_of_columbia_dc__county,2018-12-31,demand,demand,0.09863984871337811,0.65,0.06411590166369577,0.09463189473717355,True,incumbent_dimension_history,artifacts/regime/runs/macro_regime_v1_bps120_sources/dimension_scores.parquet,price_family_ma12_structural_linked,incumbent_demand_capital_markets__ma12_price_affordability
district_of_columbia_dc__county,2018-12-31,demand,price,0.0361739437297488,0.15,0.00542609155946232,0.09463189473717355,True,ma12_price_family_challenger,artifacts/regime/comparisons/price_family_structural_windows/price_family_ma12_structural_linked/phase2_chronology/chronology_monthly.csv,price_family_ma12_structural_linked,incumbent_demand_capital_markets__ma12_price_affordability
district_of_columbia_dc__county,2018-12-31,demand,affordability,0.2366160854640531,0.1,0.02366160854640531,0.09463189473717355,True,ma12_price_family_challenger,artifacts/regime/comparisons/price_family_structural_windows/price_family_ma12_structural_linked/phase2_chronology/chronology_monthly.csv,price_family_ma12_structural_linked,incumbent_demand_capital_markets__ma12_price_affordability
district_of_columbia_dc__county,2018-12-31,demand,capital_markets,0.014282929676101544,0.1,0.0014282929676101546,0.09463189473717355,True,incumbent_dimension_history,artifacts/regime/runs/macro_regime_v1_bps120_sources/dimension_scores.parquet,price_family_ma12_structural_linked,incumbent_demand_capital_markets__ma12_price_affordability
district_of_columbia_dc__county,2019-01-31,demand,demand,-0.06366570684217741,0.65,-0.041382709447415324,-0.005558826918837126,True,incumbent_dimension_history,artifacts/regime/runs/macro_regime_v1_bps120_sources/dimension_scores.parquet,price_family_ma12_structural_linked,incumbent_demand_capital_markets__ma12_price_affordability
district_of_columbia_dc__county,2019-01-31,demand,price,0.0881399363925488,0.15,0.01322099045888232,-0.005558826918837126,True,ma12_price_family_challenger,artifacts/regime/comparisons/price_family_structural_windows/price_family_ma12_structural_linked/phase2_chronology/chronology_monthly.csv,price_family_ma12_structural_linked,incumbent_demand_capital_markets__ma12_price_affordability
district_of_columbia_dc__county,2019-01-31,demand,affordability,0.2831501651583433,0.1,0.028315016515834332,-0.005558826918837126,True,ma12_price_family_challenger,artifacts/regime/comparisons/price_family_structural_windows/price_family_ma12_structural_linked/phase2_chronology/chronology_monthly.csv,price_family_ma12_structural_linked,incumbent_demand_capital_markets__ma12_price_affordability
district_of_columbia_dc__county,2019-01-31,demand,capital_markets,-0.057121244461384536,0.1,-0.005712124446138454,-0.005558826918837126,True,incumbent_dimension_history,artifacts/regime/runs/macro_regime_v1_bps120_sources/dimension_scores.parquet,price_family_ma12_structural_linked,incumbent_demand_capital_markets__ma12_price_affordability
district_of_columbia_dc__county,2019-02-28,demand,demand,0.2679454042689336,0.65,0.17416451277480685,0.2317617271130808,True,incumbent_dimension_history,artifacts/regime/runs/macro_regime_v1_bps120_sources/dimension_scores.parquet,price_family_ma12_structural_linked,incumbent_demand_capital_markets__ma12_price_affordability
district_of_columbia_dc__county,2019-02-28,demand,price,0.2047301587301587,0.15,0.030709523809523805,0.2317617271130808,True,ma12_price_family_challenger,artifacts/regime/comparisons/price_family_structural_windows/price_family_ma12_structural_linked/phase2_chronology/chronology_monthly.csv,price_family_ma12_structural_linked,incumbent_demand_capital_markets__ma12_price_affordability
district_of_columbia_dc__county,2019-02-28,demand,affordability,0.3136507936507936,0.1,0.03136507936507937,0.2317617271130808,True,ma12_price_family_challenger,artifacts/regime/comparisons/price_family_structural_windows/price_family_ma12_structural_linked/phase2_chronology/chronology_monthly.csv,price_family_ma12_structural_linked,incumbent_demand_capital_markets__ma12_price_affordability
district_of_columbia_dc__county,2019-02-28,demand,capital_markets,-0.04477388836329233,0.1,-0.004477388836329233,0.2317617271130808,True,incumbent_dimension_history,artifacts/regime/runs/macro_regime_v1_bps120_sources/dimension_scores.parquet,price_family_ma12_structural_linked,incumbent_demand_capital_markets__ma12_price_affordability
district_of_columbia_dc__county,2019-03-31,demand,demand,0.26072318204671147,0.65,0.16947006833036246,0.22640476577295196,True,incumbent_dimension_history,artifacts/regime/runs/macro_regime_v1_bps120_sources/dimension_scores.parquet,price_family_ma12_structural_linked,incumbent_demand_capital_markets__ma12_price_affordability
district_of_columbia_dc__county,2019-03-31,demand,price,0.1606306777217015,0.15,0.024094601658255225,0.22640476577295196,True,ma12_price_family_challenger,artifacts/regime/comparisons/price_family_structural_windows/price_family_ma12_structural_linked/phase2_chronology/chronology_monthly.csv,price_family_ma12_structural_linked,incumbent_demand_capital_markets__ma12_price_affordability
district_of_columbia_dc__county,2019-03-31,demand,affordability,0.2136941240086517,0.1,0.021369412400865172,0.22640476577295196,True,ma12_price_family_challenger,artifacts/regime/comparisons/price_family_structural_windows/price_family_ma12_structural_linked/phase2_chronology/chronology_monthly.csv,price_family_ma12_structural_linked,incumbent_demand_capital_markets__ma12_price_affordability
district_of_columbia_dc__county,2019-03-31,demand,capital_markets,0.114706833834691,0.1,0.0114706833834691,0.22640476577295196,True,incumbent_dimension_history,artifacts/regime/runs/macro_regime_v1_bps120_sources/dimension_scores.parquet,price_family_ma12_structural_linked,incumbent_demand_capital_markets__ma12_price_affordability
district_of_columbia_dc__county,2019-04-30,demand,demand,0.15094540426893366,0.65,0.09811451277480689,0.11111990997581304,True,incumbent_dimension_history,artifacts/regime/runs/macro_regime_v1_bps120_sources/dimension_scores.parquet,price_family_ma12_structural_linked,incumbent_demand_capital_markets__ma12_price_affordability
district_of_columbia_dc__county,2019-04-30,demand,price,-0.2167333747333747,0.15,-0.0325100062100062,0.11111990997581304,True,ma12_price_family_challenger,artifacts/regime/comparisons/price_family_structural_windows/price_family_ma12_structural_linked/phase2_chronology/chronology_monthly.csv,price_family_ma12_structural_linked,incumbent_demand_capital_markets__ma12_price_affordability
district_of_columbia_dc__county,2019-04-30,demand,affordability,0.3463995463995464,0.1,0.03463995463995464,0.11111990997581304,True,ma12_price_family_challenger,artifacts/regime/comparisons/price_family_structural_windows/price_family_ma12_structural_linked/phase2_chronology/chronology_monthly.csv,price_family_ma12_structural_linked,incumbent_demand_capital_markets__ma12_price_affordability
district_of_columbia_dc__county,2019-04-30,demand,capital_markets,0.10875448771057716,0.1,0.010875448771057717,0.11111990997581304,True,incumbent_dimension_history,artifacts/regime/runs/macro_regime_v1_bps120_sources/dimension_scores.parquet,price_family_ma12_structural_linked,incumbent_demand_capital_markets__ma12_price_affordability
district_of_columbia_dc__county,2019-05-31,demand,demand,0.05225095982448925,0.65,0.03396312388591801,0.03471893581592348,True,incumbent_dimension_history,artifacts/regime/runs/macro_regime_v1_bps120_sources/dimension_scores.parquet,price_family_ma12_structural_linked,incumbent_demand_capital_markets__ma12_price_affordability
district_of_columbia_dc__county,2019-05-31,demand,price,-0.4233566433566434,0.15,-0.06350349650349651,0.03471893581592348,True,ma12_price_family_challenger,artifacts/regime/comparisons/price_family_structural_windows/price_family_ma12_structural_linked/phase2_chronology/chronology_monthly.csv,price_family_ma12_structural_linked,incumbent_demand_capital_markets__ma12_price_affordability
district_of_columbia_dc__county,2019-05-31,demand,affordability,0.4392587412587413,0.1,0.043925874125874134,0.03471893581592348,True,ma12_price_family_challenger,artifacts/regime/comparisons/price_family_structural_windows/price_family_ma12_structural_linked/phase2_chronology/chronology_monthly.csv,price_family_ma12_structural_linked,incumbent_demand_capital_markets__ma12_price_affordability
district_of_columbia_dc__county,2019-05-31,demand,capital_markets,0.2033343430762785,0.1,0.02033343430762785,0.03471893581592348,True,incumbent_dimension_history,artifacts/regime/runs/macro_regime_v1_bps120_sources/dimension_scores.parquet,price_family_ma12_structural_linked,incumbent_demand_capital_markets__ma12_price_affordability
district_of_columbia_dc__county,2019-06-30,demand,demand,0.1239176264911559,0.65,0.08054645721925134,0.11042413651416697,True,incumbent_dimension_history,artifacts/regime/runs/macro_regime_v1_bps120_sources/dimension_scores.parquet,price_family_ma12_structural_linked,incumbent_demand_capital_markets__ma12_price_affordability
district_of_columbia_dc__county,2019-06-30,demand,price,-0.4426346018077501,0.15,-0.06639519027116252,0.11042413651416697,True,ma12_price_family_challenger,artifacts/regime/comparisons/price_family_structural_windows/price_family_ma12_structural_linked/phase2_chronology/chronology_monthly.csv,price_family_ma12_structural_linked,incumbent_demand_capital_markets__ma12_price_affordability
district_of_columbia_dc__county,2019-06-30,demand,affordability,0.5808028478526754,0.1,0.05808028478526755,0.11042413651416697,True,ma12_price_family_challenger,artifacts/regime/comparisons/price_family_structural_windows/price_family_ma12_structural_linked/phase2_chronology/chronology_monthly.csv,price_family_ma12_structural_linked,incumbent_demand_capital_markets__ma12_price_affordability
district_of_columbia_dc__county,2019-06-30,demand,capital_markets,0.38192584780810584,0.1,0.038192584780810584,0.11042413651416697,True,incumbent_dimension_history,artifacts/regime/runs/macro_regime_v1_bps120_sources/dimension_scores.parquet,price_family_ma12_structural_linked,incumbent_demand_capital_markets__ma12_price_affordability
district_of_columbia_dc__county,2019-07-31,demand,demand,0.2691398487133781,0.65,0.17494090166369577,0.18963365252757847,True,incumbent_dimension_history,artifacts/regime/runs/macro_regime_v1_bps120_sources/dimension_scores.parquet,price_family_ma12_structural_linked,incumbent_demand_capital_markets__ma12_price_affordability
district_of_columbia_dc__county,2019-07-31,demand,price,-0.4682872421695951,0.15,-0.07024308632543927,0.18963365252757847,True,ma12_price_family_challenger,artifacts/regime/comparisons/price_family_structural_windows/price_family_ma12_structural_linked/phase2_chronology/chronology_monthly.csv,price_family_ma12_structural_linked,incumbent_demand_capital_markets__ma12_price_affordability
district_of_columbia_dc__county,2019-07-31,demand,affordability,0.5812690985485103,0.1,0.05812690985485103,0.18963365252757847,True,ma12_price_family_challenger,artifacts/regime/comparisons/price_family_structural_windows/price_family_ma12_structural_linked/phase2_chronology/chronology_monthly.csv,price_family_ma12_structural_linked,incumbent_demand_capital_markets__ma12_price_affordability
district_of_columbia_dc__county,2019-07-31,demand,capital_markets,0.26808927334470933,0.1,0.026808927334470933,0.18963365252757847,True,incumbent_dimension_history,artifacts/regime/runs/macro_regime_v1_bps120_sources/dimension_scores.parquet,price_family_ma12_structural_linked,incumbent_demand_capital_markets__ma12_price_affordability
district_of_columbia_dc__county,2019-08-31,demand,demand,0.20947318204671148,0.65,0.13615756833036247,0.18125253999342422,True,incumbent_dimension_history,artifacts/regime/runs/macro_regime_v1_bps120_sources/dimension_scores.parquet,price_family_ma12_structural_linked,incumbent_demand_capital_markets__ma12_price_affordability
district_of_columbia_dc__county,2019-08-31,demand,price,-0.4223311449688261,0.15,-0.06334967174532391,0.18125253999342422,True,ma12_price_family_challenger,artifacts/regime/comparisons/price_family_structural_windows/price_family_ma12_structural_linked/phase2_chronology/chronology_monthly.csv,price_family_ma12_structural_linked,incumbent_demand_capital_markets__ma12_price_affordability
district_of_columbia_dc__county,2019-08-31,demand,affordability,0.540901771336554,0.1,0.05409017713365541,0.18125253999342422,True,ma12_price_family_challenger,artifacts/regime/comparisons/price_family_structural_windows/price_family_ma12_structural_linked/phase2_chronology/chronology_monthly.csv,price_family_ma12_structural_linked,incumbent_demand_capital_markets__ma12_price_affordability
district_of_columbia_dc__county,2019-08-31,demand,capital_markets,0.5435446627473026,0.1,0.05435446627473026,0.18125253999342422,True,incumbent_dimension_history,artifacts/regime/runs/macro_regime_v1_bps120_sources/dimension_scores.parquet,price_family_ma12_structural_linked,incumbent_demand_capital_markets__ma12_price_affordability
district_of_columbia_dc__county,2019-09-30,demand,demand,0.43725095982448925,0.65,0.284213123885918,0.32902460699458963,True,incumbent_dimension_history,artifacts/regime/runs/macro_regime_v1_bps120_sources/dimension_scores.parquet,price_family_ma12_structural_linked,incumbent_demand_capital_markets__ma12_price_affordability
district_of_columbia_dc__county,2019-09-30,demand,price,-0.2159452211881974,0.15,-0.032391783178229605,0.32902460699458963,True,ma12_price_family_challenger,artifacts/regime/comparisons/price_family_structural_windows/price_family_ma12_structural_linked/phase2_chronology/chronology_monthly.csv,price_family_ma12_structural_linked,incumbent_demand_capital_markets__ma12_price_affordability
district_of_columbia_dc__county,2019-09-30,demand,affordability,0.3800357253120451,0.1,0.03800357253120451,0.32902460699458963,True,ma12_price_family_challenger,artifacts/regime/comparisons/price_family_structural_windows/price_family_ma12_structural_linked/phase2_chronology/chronology_monthly.csv,price_family_ma12_structural_linked,incumbent_demand_capital_markets__ma12_price_affordability
district_of_columbia_dc__county,2019-09-30,demand,capital_markets,0.39199693755696685,0.1,0.039199693755696687,0.32902460699458963,True,incumbent_dimension_history,artifacts/regime/runs/macro_regime_v1_bps120_sources/dimension_scores.parquet,price_family_ma12_structural_linked,incumbent_demand_capital_markets__ma12_price_affordability
district_of_columbia_dc__county,2019-10-31,demand,demand,0.11211207093560034,0.65,0.07287284610814022,0.08566182002839912,True,incumbent_dimension_history,artifacts/regime/runs/macro_regime_v1_bps120_sources/dimension_scores.parquet,price_family_ma12_structural_linked,incumbent_demand_capital_markets__ma12_price_affordability
district_of_columbia_dc__county,2019-10-31,demand,price,-0.3222925504836246,0.15,-0.04834388257254369,0.08566182002839912,True,ma12_price_family_challenger,artifacts/regime/comparisons/price_family_structural_windows/price_family_ma12_structural_linked/phase2_chronology/chronology_monthly.csv,price_family_ma12_structural_linked,incumbent_demand_capital_markets__ma12_price_affordability
district_of_columbia_dc__county,2019-10-31,demand,affordability,0.3795702528423553,0.1,0.03795702528423553,0.08566182002839912,True,ma12_price_family_challenger,artifacts/regime/comparisons/price_family_structural_windows/price_family_ma12_structural_linked/phase2_chronology/chronology_monthly.csv,price_family_ma12_structural_linked,incumbent_demand_capital_markets__ma12_price_affordability
district_of_columbia_dc__county,2019-10-31,demand,capital_markets,0.23175831208567055,0.1,0.023175831208567057,0.08566182002839912,True,incumbent_dimension_history,artifacts/regime/runs/macro_regime_v1_bps120_sources/dimension_scores.parquet,price_family_ma12_structural_linked,incumbent_demand_capital_markets__ma12_price_affordability
district_of_columbia_dc__county,2019-11-30,demand,demand,0.4511398487133781,0.65,0.29324090166369576,0.3244244845693639,True,incumbent_dimension_history,artifacts/regime/runs/macro_regime_v1_bps120_sources/dimension_scores.parquet,price_family_ma12_structural_linked,incumbent_demand_capital_markets__ma12_price_affordability
district_of_columbia_dc__county,2019-11-30,demand,price,-0.1357742504409171,0.15,-0.020366137566137563,0.3244244845693639,True,ma12_price_family_challenger,artifacts/regime/comparisons/price_family_structural_windows/price_family_ma12_structural_linked/phase2_chronology/chronology_monthly.csv,price_family_ma12_structural_linked,incumbent_demand_capital_markets__ma12_price_affordability
district_of_columbia_dc__county,2019-11-30,demand,affordability,0.2584656084656085,0.1,0.025846560846560854,0.3244244845693639,True,ma12_price_family_challenger,artifacts/regime/comparisons/price_family_structural_windows/price_family_ma12_structural_linked/phase2_chronology/chronology_monthly.csv,price_family_ma12_structural_linked,incumbent_demand_capital_markets__ma12_price_affordability
district_of_columbia_dc__county,2019-11-30,demand,capital_markets,0.25703159625244903,0.1,0.025703159625244904,0.3244244845693639,True,incumbent_dimension_history,artifacts/regime/runs/macro_regime_v1_bps120_sources/dimension_scores.parquet,price_family_ma12_structural_linked,incumbent_demand_capital_markets__ma12_price_affordability
district_of_columbia_dc__county,2019-12-31,demand,demand,0.08856481481481479,0.65,0.057567129629629614,0.12775777810001573,True,incumbent_dimension_history,artifacts/regime/runs/macro_regime_v1_bps120_sources/dimension_scores.parquet,price_family_ma12_structural_linked,incumbent_demand_capital_markets__ma12_price_affordability
district_of_columbia_dc__county,2019-12-31,demand,price,-0.177101118295631,0.15,-0.02656516774434465,0.12775777810001573,True,ma12_price_family_challenger,artifacts/regime/comparisons/price_family_structural_windows/price_family_ma12_structural_linked/phase2_chronology/chronology_monthly.csv,price_family_ma12_structural_linked,incumbent_demand_capital_markets__ma12_price_affordability
district_of_columbia_dc__county,2019-12-31,demand,affordability,0.884790000196537,0.1,0.0884790000196537,0.12775777810001573,True,ma12_price_family_challenger,artifacts/regime/comparisons/price_family_structural_windows/price_family_ma12_structural_linked/phase2_chronology/chronology_monthly.csv,price_family_ma12_structural_linked,incumbent_demand_capital_markets__ma12_price_affordability
district_of_columbia_dc__county,2019-12-31,demand,capital_markets,0.08276816195077065,0.1,0.008276816195077065,0.12775777810001573,True,incumbent_dimension_history,artifacts/regime/runs/macro_regime_v1_bps120_sources/dimension_scores.parquet,price_family_ma12_structural_linked,incumbent_demand_capital_markets__ma12_price_affordability
district_of_columbia_dc__county,2020-01-31,demand,demand,0.3487037037037037,0.65,0.2266574074074074,0.33112197673881555,True,incumbent_dimension_history,artifacts/regime/runs/macro_regime_v1_bps120_sources/dimension_scores.parquet,price_family_ma12_structural_linked,incumbent_demand_capital_markets__ma12_price_affordability
district_of_columbia_dc__county,2020-01-31,demand,price,-0.1284833059453401,0.15,-0.019272495891801016,0.33112197673881555,True,ma12_price_family_challenger,artifacts/regime/comparisons/price_family_structural_windows/price_family_ma12_structural_linked/phase2_chronology/chronology_monthly.csv,price_family_ma12_structural_linked,incumbent_demand_capital_markets__ma12_price_affordability
district_of_columbia_dc__county,2020-01-31,demand,affordability,0.8812037590967263,0.1,0.08812037590967264,0.33112197673881555,True,ma12_price_family_challenger,artifacts/regime/comparisons/price_family_structural_windows/price_family_ma12_structural_linked/phase2_chronology/chronology_monthly.csv,price_family_ma12_structural_linked,incumbent_demand_capital_markets__ma12_price_affordability
district_of_columbia_dc__county,2020-01-31,demand,capital_markets,0.3561668931353651,0.1,0.03561668931353651,0.33112197673881555,True,incumbent_dimension_history,artifacts/regime/runs/macro_regime_v1_bps120_sources/dimension_scores.parquet,price_family_ma12_structural_linked,incumbent_demand_capital_markets__ma12_price_affordability
district_of_columbia_dc__county,2020-02-29,demand,demand,0.332037037037037,0.65,0.21582407407407406,0.3169130036124427,True,incumbent_dimension_history,artifacts/regime/runs/macro_regime_v1_bps120_sources/dimension_scores.parquet,price_family_ma12_structural_linked,incumbent_demand_capital_markets__ma12_price_affordability
district_of_columbia_dc__county,2020-02-29,demand,price,-0.274328407224959,0.15,-0.041149261083743845,0.3169130036124427,True,ma12_price_family_challenger,artifacts/regime/comparisons/price_family_structural_windows/price_family_ma12_structural_linked/phase2_chronology/chronology_monthly.csv,price_family_ma12_structural_linked,incumbent_demand_capital_markets__ma12_price_affordability
district_of_columbia_dc__county,2020-02-29,demand,affordability,0.8976124794745485,0.1,0.08976124794745485,0.3169130036124427,True,ma12_price_family_challenger,artifacts/regime/comparisons/price_family_structural_windows/price_family_ma12_structural_linked/phase2_chronology/chronology_monthly.csv,price_family_ma12_structural_linked,incumbent_demand_capital_markets__ma12_price_affordability
district_of_columbia_dc__county,2020-02-29,demand,capital_markets,0.524769426746576,0.1,0.052476942674657606,0.3169130036124427,True,incumbent_dimension_history,artifacts/regime/runs/macro_regime_v1_bps120_sources/dimension_scores.parquet,price_family_ma12_structural_linked,incumbent_demand_capital_markets__ma12_price_affordability
district_of_columbia_dc__county,2020-03-31,demand,demand,-0.1546296296296296,0.65,-0.10050925925925924,-0.03491929097412745,True,incumbent_dimension_history,artifacts/regime/runs/macro_regime_v1_bps120_sources/dimension_scores.parquet,price_family_ma12_structural_linked,incumbent_demand_capital_markets__ma12_price_affordability
district_of_columbia_dc__county,2020-03-31,demand,price,-0.2685437658316915,0.15,-0.04028156487475372,-0.03491929097412745,True,ma12_price_family_challenger,artifacts/regime/comparisons/price_family_structural_windows/price_family_ma12_structural_linked/phase2_chronology/chronology_monthly.csv,price_family_ma12_structural_linked,incumbent_demand_capital_markets__ma12_price_affordability
district_of_columbia_dc__county,2020-03-31,demand,affordability,0.7274401913875599,0.1,0.07274401913875599,-0.03491929097412745,True,ma12_price_family_challenger,artifacts/regime/comparisons/price_family_structural_windows/price_family_ma12_structural_linked/phase2_chronology/chronology_monthly.csv,price_family_ma12_structural_linked,incumbent_demand_capital_markets__ma12_price_affordability
district_of_columbia_dc__county,2020-03-31,demand,capital_markets,0.3312751402112951,0.1,0.03312751402112951,-0.03491929097412745,True,incumbent_dimension_history,artifacts/regime/runs/macro_regime_v1_bps120_sources/dimension_scores.parquet,price_family_ma12_structural_linked,incumbent_demand_capital_markets__ma12_price_affordability
district_of_columbia_dc__county,2020-04-30,demand,demand,-0.32740740740740737,0.65,-0.2128148148148148,-0.11283126457838638,True,incumbent_dimension_history,artifacts/regime/runs/macro_regime_v1_bps120_sources/dimension_scores.parquet,price_family_ma12_structural_linked,incumbent_demand_capital_markets__ma12_price_affordability
district_of_columbia_dc__county,2020-04-30,demand,price,-0.1241899083409404,0.15,-0.01862848625114106,-0.11283126457838638,True,ma12_price_family_challenger,artifacts/regime/comparisons/price_family_structural_windows/price_family_ma12_structural_linked/phase2_chronology/chronology_monthly.csv,price_family_ma12_structural_linked,incumbent_demand_capital_markets__ma12_price_affordability
district_of_columbia_dc__county,2020-04-30,demand,affordability,0.6925977080144836,0.1,0.06925977080144836,-0.11283126457838638,True,ma12_price_family_challenger,artifacts/regime/comparisons/price_family_structural_windows/price_family_ma12_structural_linked/phase2_chronology/chronology_monthly.csv,price_family_ma12_structural_linked,incumbent_demand_capital_markets__ma12_price_affordability
district_of_columbia_dc__county,2020-04-30,demand,capital_markets,0.493522656861211,0.1,0.049352265686121104,-0.11283126457838638,True,incumbent_dimension_history,artifacts/regime/runs/macro_regime_v1_bps120_sources/dimension_scores.parquet,price_family_ma12_structural_linked,incumbent_demand_capital_markets__ma12_price_affordability
district_of_columbia_dc__county,2020-05-31,demand,demand,-0.2188240740740741,0.65,-0.14223564814814815,-0.012918400590510623,True,incumbent_dimension_history,artifacts/regime/runs/macro_regime_v1_bps120_sources/dimension_scores.parquet,price_family_ma12_structural_linked,incumbent_demand_capital_markets__ma12_price_affordability
district_of_columbia_dc__county,2020-05-31,demand,price,0.2330781019746537,0.15,0.034961715296198057,-0.012918400590510623,True,ma12_price_family_challenger,artifacts/regime/comparisons/price_family_structural_windows/price_family_ma12_structural_linked/phase2_chronology/chronology_monthly.csv,price_family_ma12_structural_linked,incumbent_demand_capital_markets__ma12_price_affordability
district_of_columbia_dc__county,2020-05-31,demand,affordability,0.5961685823754789,0.1,0.05961685823754789,-0.012918400590510623,True,ma12_price_family_challenger,artifacts/regime/comparisons/price_family_structural_windows/price_family_ma12_structural_linked/phase2_chronology/chronology_monthly.csv,price_family_ma12_structural_linked,incumbent_demand_capital_markets__ma12_price_affordability
district_of_columbia_dc__county,2020-05-31,demand,capital_markets,0.3473867402389158,0.1,0.03473867402389158,-0.012918400590510623,True,incumbent_dimension_history,artifacts/regime/runs/macro_regime_v1_bps120_sources/dimension_scores.parquet,price_family_ma12_structural_linked,incumbent_demand_capital_markets__ma12_price_affordability
district_of_columbia_dc__county,2020-06-30,demand,demand,-0.08643518518518521,0.65,-0.05618287037037039,0.04834657008810746,True,incumbent_dimension_history,artifacts/regime/runs/macro_regime_v1_bps120_sources/dimension_scores.parquet,price_family_ma12_structural_linked,incumbent_demand_capital_markets__ma12_price_affordability
district_of_columbia_dc__county,2020-06-30,demand,price,0.0718109991274548,0.15,0.01077164986911822,0.04834657008810746,True,ma12_price_family_challenger,artifacts/regime/comparisons/price_family_structural_windows/price_family_ma12_structural_linked/phase2_chronology/chronology_monthly.csv,price_family_ma12_structural_linked,incumbent_demand_capital_markets__ma12_price_affordability
district_of_columbia_dc__county,2020-06-30,demand,affordability,0.6311308944220337,0.1,0.06311308944220338,0.04834657008810746,True,ma12_price_family_challenger,artifacts/regime/comparisons/price_family_structural_windows/price_family_ma12_structural_linked/phase2_chronology/chronology_monthly.csv,price_family_ma12_structural_linked,incumbent_demand_capital_markets__ma12_price_affordability
district_of_columbia_dc__county,2020-06-30,demand,capital_markets,0.3064470114715624,0.1,0.030644701147156242,0.04834657008810746,True,incumbent_dimension_history,artifacts/regime/runs/macro_regime_v1_bps120_sources/dimension_scores.parquet,price_family_ma12_structural_linked,incumbent_demand_capital_markets__ma12_price_affordability
district_of_columbia_dc__county,2020-07-31,demand,demand,-0.1223240740740741,0.65,-0.07951064814814816,0.08947697177871675,True,incumbent_dimension_history,artifacts/regime/runs/macro_regime_v1_bps120_sources/dimension_scores.parquet,price_family_ma12_structural_linked,incumbent_demand_capital_markets__ma12_price_affordability
district_of_columbia_dc__county,2020-07-31,demand,price,0.3560312652662434,0.15,0.05340468978993651,0.08947697177871675,True,ma12_price_family_challenger,artifacts/regime/comparisons/price_family_structural_windows/price_family_ma12_structural_linked/phase2_chronology/chronology_monthly.csv,price_family_ma12_structural_linked,incumbent_demand_capital_markets__ma12_price_affordability
district_of_columbia_dc__county,2020-07-31,demand,affordability,0.587830361504641,0.1,0.058783036150464096,0.08947697177871675,True,ma12_price_family_challenger,artifacts/regime/comparisons/price_family_structural_windows/price_family_ma12_structural_linked/phase2_chronology/chronology_monthly.csv,price_family_ma12_structural_linked,incumbent_demand_capital_markets__ma12_price_affordability
district_of_columbia_dc__county,2020-07-31,demand,capital_markets,0.567998939864643,0.1,0.0567998939864643,0.08947697177871675,True,incumbent_dimension_history,artifacts/regime/runs/macro_regime_v1_bps120_sources/dimension_scores.parquet,price_family_ma12_structural_linked,incumbent_demand_capital_markets__ma12_price_affordability
district_of_columbia_dc__county,2020-08-31,demand,demand,-0.09560185185185187,0.65,-0.06214120370370372,0.10296767166756998,True,incumbent_dimension_history,artifacts/regime/runs/macro_regime_v1_bps120_sources/dimension_scores.parquet,price_family_ma12_structural_linked,incumbent_demand_capital_markets__ma12_price_affordability
district_of_columbia_dc__county,2020-08-31,demand,price,0.5266180804460374,0.15,0.07899271206690561,0.10296767166756998,True,ma12_price_family_challenger,artifacts/regime/comparisons/price_family_structural_windows/price_family_ma12_structural_linked/phase2_chronology/chronology_monthly.csv,price_family_ma12_structural_linked,incumbent_demand_capital_markets__ma12_price_affordability
district_of_columbia_dc__county,2020-08-31,demand,affordability,0.5295340501792114,0.1,0.052953405017921146,0.10296767166756998,True,ma12_price_family_challenger,artifacts/regime/comparisons/price_family_structural_windows/price_family_ma12_structural_linked/phase2_chronology/chronology_monthly.csv,price_family_ma12_structural_linked,incumbent_demand_capital_markets__ma12_price_affordability
district_of_columbia_dc__county,2020-08-31,demand,capital_markets,0.33162758286446936,0.1,0.033162758286446936,0.10296767166756998,True,incumbent_dimension_history,artifacts/regime/runs/macro_regime_v1_bps120_sources/dimension_scores.parquet,price_family_ma12_structural_linked,incumbent_demand_capital_markets__ma12_price_affordability
district_of_columbia_dc__county,2020-09-30,demand,demand,-0.271074074074074,0.65,-0.17619814814814813,-2.0949945211422294e-05,True,incumbent_dimension_history,artifacts/regime/runs/macro_regime_v1_bps120_sources/dimension_scores.parquet,price_family_ma12_structural_linked,incumbent_demand_capital_markets__ma12_price_affordability
district_of_columbia_dc__county,2020-09-30,demand,price,0.6371937590173189,0.15,0.09557906385259783,-2.0949945211422294e-05,True,ma12_price_family_challenger,artifacts/regime/comparisons/price_family_structural_windows/price_family_ma12_structural_linked/phase2_chronology/chronology_monthly.csv,price_family_ma12_structural_linked,incumbent_demand_capital_markets__ma12_price_affordability
district_of_columbia_dc__county,2020-09-30,demand,affordability,0.43842418608895,0.1,0.043842418608895005,-2.0949945211422294e-05,True,ma12_price_family_challenger,artifacts/regime/comparisons/price_family_structural_windows/price_family_ma12_structural_linked/phase2_chronology/chronology_monthly.csv,price_family_ma12_structural_linked,incumbent_demand_capital_markets__ma12_price_affordability
district_of_columbia_dc__county,2020-09-30,demand,capital_markets,0.36755715741443873,0.1,0.03675571574144387,-2.0949945211422294e-05,True,incumbent_dimension_history,artifacts/regime/runs/macro_regime_v1_bps120_sources/dimension_scores.parquet,price_family_ma12_structural_linked,incumbent_demand_capital_markets__ma12_price_affordability
district_of_columbia_dc__county,2020-10-31,demand,demand,-0.0640740740740741,0.65,-0.04164814814814817,0.13360501905368022,True,incumbent_dimension_history,artifacts/regime/runs/macro_regime_v1_bps120_sources/dimension_scores.parquet,price_family_ma12_structural_linked,incumbent_demand_capital_markets__ma12_price_affordability
district_of_columbia_dc__county,2020-10-31,demand,price,0.8026526977475117,0.15,0.12039790466212674,0.13360501905368022,True,ma12_price_family_challenger,artifacts/regime/comparisons/price_family_structural_windows/price_family_ma12_structural_linked/phase2_chronology/chronology_monthly.csv,price_family_ma12_structural_linked,incumbent_demand_capital_markets__ma12_price_affordability
district_of_columbia_dc__county,2020-10-31,demand,affordability,0.2291541451848583,0.1,0.022915414518485833,0.13360501905368022,True,ma12_price_family_challenger,artifacts/regime/comparisons/price_family_structural_windows/price_family_ma12_structural_linked/phase2_chronology/chronology_monthly.csv,price_family_ma12_structural_linked,incumbent_demand_capital_markets__ma12_price_affordability
district_of_columbia_dc__county,2020-10-31,demand,capital_markets,0.3193984802121583,0.1,0.03193984802121583,0.13360501905368022,True,incumbent_dimension_history,artifacts/regime/runs/macro_regime_v1_bps120_sources/dimension_scores.parquet,price_family_ma12_structural_linked,incumbent_demand_capital_markets__ma12_price_affordability
district_of_columbia_dc__county,2020-11-30,demand,demand,-0.18462962962962964,0.65,-0.12000925925925927,0.05470985913819542,True,incumbent_dimension_history,artifacts/regime/runs/macro_regime_v1_bps120_sources/dimension_scores.parquet,price_family_ma12_structural_linked,incumbent_demand_capital_markets__ma12_price_affordability
district_of_columbia_dc__county,2020-11-30,demand,price,0.8348632872503841,0.15,0.1252294930875576,0.05470985913819542,True,ma12_price_family_challenger,artifacts/regime/comparisons/price_family_structural_windows/price_family_ma12_structural_linked/phase2_chronology/chronology_monthly.csv,price_family_ma12_structural_linked,incumbent_demand_capital_markets__ma12_price_affordability
district_of_columbia_dc__county,2020-11-30,demand,affordability,0.1961837557603686,0.1,0.01961837557603686,0.05470985913819542,True,ma12_price_family_challenger,artifacts/regime/comparisons/price_family_structural_windows/price_family_ma12_structural_linked/phase2_chronology/chronology_monthly.csv,price_family_ma12_structural_linked,incumbent_demand_capital_markets__ma12_price_affordability
district_of_columbia_dc__county,2020-11-30,demand,capital_markets,0.29871249733860233,0.1,0.029871249733860235,0.05470985913819542,True,incumbent_dimension_history,artifacts/regime/runs/macro_regime_v1_bps120_sources/dimension_scores.parquet,price_family_ma12_structural_linked,incumbent_demand_capital_markets__ma12_price_affordability
district_of_columbia_dc__county,2020-12-31,demand,demand,-0.41559450332089654,0.65,-0.27013642715858277,-0.12421225243981128,True,incumbent_dimension_history,artifacts/regime/runs/macro_regime_v1_bps120_sources/dimension_scores.parquet,price_family_ma12_structural_linked,incumbent_demand_capital_markets__ma12_price_affordability
district_of_columbia_dc__county,2020-12-31,demand,price,0.8111689612015018,0.15,0.12167534418022527,-0.12421225243981128,True,ma12_price_family_challenger,artifacts/regime/comparisons/price_family_structural_windows/price_family_ma12_structural_linked/phase2_chronology/chronology_monthly.csv,price_family_ma12_structural_linked,incumbent_demand_capital_markets__ma12_price_affordability
district_of_columbia_dc__county,2020-12-31,demand,affordability,-0.0858248712953047,0.1,-0.00858248712953047,-0.12421225243981128,True,ma12_price_family_challenger,artifacts/regime/comparisons/price_family_structural_windows/price_family_ma12_structural_linked/phase2_chronology/chronology_monthly.csv,price_family_ma12_structural_linked,incumbent_demand_capital_markets__ma12_price_affordability
district_of_columbia_dc__county,2020-12-31,demand,capital_markets,0.32831317668076687,0.1,0.03283131766807669,-0.12421225243981128,True,incumbent_dimension_history,artifacts/regime/runs/macro_regime_v1_bps120_sources/dimension_scores.parquet,price_family_ma12_structural_linked,incumbent_demand_capital_markets__ma12_price_affordability
district_of_columbia_dc__county,2021-01-31,demand,demand,-0.39926116998756317,0.65,-0.25951976049191605,-0.13778950158318656,True,incumbent_dimension_history,artifacts/regime/runs/macro_regime_v1_bps120_sources/dimension_scores.parquet,price_family_ma12_structural_linked,incumbent_demand_capital_markets__ma12_price_affordability
district_of_columbia_dc__county,2021-01-31,demand,price,0.8302717258261934,0.15,0.124540758873929,-0.13778950158318656,True,ma12_price_family_challenger,artifacts/regime/comparisons/price_family_structural_windows/price_family_ma12_structural_linked/phase2_chronology/chronology_monthly.csv,price_family_ma12_structural_linked,incumbent_demand_capital_markets__ma12_price_affordability
district_of_columbia_dc__county,2021-01-31,demand,affordability,-0.1806792146479154,0.1,-0.01806792146479154,-0.13778950158318656,True,ma12_price_family_challenger,artifacts/regime/comparisons/price_family_structural_windows/price_family_ma12_structural_linked/phase2_chronology/chronology_monthly.csv,price_family_ma12_structural_linked,incumbent_demand_capital_markets__ma12_price_affordability
district_of_columbia_dc__county,2021-01-31,demand,capital_markets,0.15257421499592008,0.1,0.015257421499592009,-0.13778950158318656,True,incumbent_dimension_history,artifacts/regime/runs/macro_regime_v1_bps120_sources/dimension_scores.parquet,price_family_ma12_structural_linked,incumbent_demand_capital_markets__ma12_price_affordability
district_of_columbia_dc__county,2021-02-28,demand,demand,-0.3878167255431187,0.65,-0.25208087160302717,-0.13797536656465836,True,incumbent_dimension_history,artifacts/regime/runs/macro_regime_v1_bps120_sources/dimension_scores.parquet,price_family_ma12_structural_linked,incumbent_demand_capital_markets__ma12_price_affordability
district_of_columbia_dc__county,2021-02-28,demand,price,0.8337873563218392,0.15,0.12506810344827587,-0.13797536656465836,True,ma12_price_family_challenger,artifacts/regime/comparisons/price_family_structural_windows/price_family_ma12_structural_linked/phase2_chronology/chronology_monthly.csv,price_family_ma12_structural_linked,incumbent_demand_capital_markets__ma12_price_affordability
district_of_columbia_dc__county,2021-02-28,demand,affordability,-0.2949710902124695,0.1,-0.02949710902124695,-0.13797536656465836,True,ma12_price_family_challenger,artifacts/regime/comparisons/price_family_structural_windows/price_family_ma12_structural_linked/phase2_chronology/chronology_monthly.csv,price_family_ma12_structural_linked,incumbent_demand_capital_markets__ma12_price_affordability
district_of_columbia_dc__county,2021-02-28,demand,capital_markets,0.1853451061133988,0.1,0.018534510611339882,-0.13797536656465836,True,incumbent_dimension_history,artifacts/regime/runs/macro_regime_v1_bps120_sources/dimension_scores.parquet,price_family_ma12_structural_linked,incumbent_demand_capital_markets__ma12_price_affordability
district_of_columbia_dc__county,2021-03-31,demand,demand,-0.42712228109867423,0.65,-0.27762948271413823,-0.1828786312323449,True,incumbent_dimension_history,artifacts/regime/runs/macro_regime_v1_bps120_sources/dimension_scores.parquet,price_family_ma12_structural_linked,incumbent_demand_capital_markets__ma12_price_affordability
district_of_columbia_dc__county,2021-03-31,demand,price,0.8763186504217433,0.15,0.1314477975632615,-0.1828786312323449,True,ma12_price_family_challenger,artifacts/regime/comparisons/price_family_structural_windows/price_family_ma12_structural_linked/phase2_chronology/chronology_monthly.csv,price_family_ma12_structural_linked,incumbent_demand_capital_markets__ma12_price_affordability
district_of_columbia_dc__county,2021-03-31,demand,affordability,-0.3587628865979381,0.1,-0.03587628865979381,-0.1828786312323449,True,ma12_price_family_challenger,artifacts/regime/comparisons/price_family_structural_windows/price_family_ma12_structural_linked/phase2_chronology/chronology_monthly.csv,price_family_ma12_structural_linked,incumbent_demand_capital_markets__ma12_price_affordability
district_of_columbia_dc__county,2021-03-31,demand,capital_markets,-0.0082065742167437,0.1,-0.0008206574216743701,-0.1828786312323449,True,incumbent_dimension_history,artifacts/regime/runs/macro_regime_v1_bps120_sources/dimension_scores.parquet,price_family_ma12_structural_linked,incumbent_demand_capital_markets__ma12_price_affordability
district_of_columbia_dc__county,2021-04-30,demand,demand,-0.2940111699875632,0.65,-0.1911072604919161,-0.0906140857003674,True,incumbent_dimension_history,artifacts/regime/runs/macro_regime_v1_bps120_sources/dimension_scores.parquet,price_family_ma12_structural_linked,incumbent_demand_capital_markets__ma12_price_affordability
district_of_columbia_dc__county,2021-04-30,demand,price,0.8302581976610869,0.15,0.12453872964916303,-0.0906140857003674,True,ma12_price_family_challenger,artifacts/regime/comparisons/price_family_structural_windows/price_family_ma12_structural_linked/phase2_chronology/chronology_monthly.csv,price_family_ma12_structural_linked,incumbent_demand_capital_markets__ma12_price_affordability
district_of_columbia_dc__county,2021-04-30,demand,affordability,-0.3498330158629253,0.1,-0.03498330158629253,-0.0906140857003674,True,ma12_price_family_challenger,artifacts/regime/comparisons/price_family_structural_windows/price_family_ma12_structural_linked/phase2_chronology/chronology_monthly.csv,price_family_ma12_structural_linked,incumbent_demand_capital_markets__ma12_price_affordability
district_of_columbia_dc__county,2021-04-30,demand,capital_markets,0.10937746728678187,0.1,0.010937746728678187,-0.0906140857003674,True,incumbent_dimension_history,artifacts/regime/runs/macro_regime_v1_bps120_sources/dimension_scores.parquet,price_family_ma12_structural_linked,incumbent_demand_capital_markets__ma12_price_affordability
district_of_columbia_dc__county,2021-05-31,demand,demand,-0.15753894776534094,0.65,-0.10240031604747162,0.009638197706274419,True,incumbent_dimension_history,artifacts/regime/runs/macro_regime_v1_bps120_sources/dimension_scores.parquet,price_family_ma12_structural_linked,incumbent_demand_capital_markets__ma12_price_affordability
district_of_columbia_dc__county,2021-05-31,demand,price,0.7616969696969698,0.15,0.11425454545454546,0.009638197706274419,True,ma12_price_family_challenger,artifacts/regime/comparisons/price_family_structural_windows/price_family_ma12_structural_linked/phase2_chronology/chronology_monthly.csv,price_family_ma12_structural_linked,incumbent_demand_capital_markets__ma12_price_affordability
district_of_columbia_dc__county,2021-05-31,demand,affordability,-0.3130837789661318,0.1,-0.031308377896613185,0.009638197706274419,True,ma12_price_family_challenger,artifacts/regime/comparisons/price_family_structural_windows/price_family_ma12_structural_linked/phase2_chronology/chronology_monthly.csv,price_family_ma12_structural_linked,incumbent_demand_capital_markets__ma12_price_affordability
district_of_columbia_dc__county,2021-05-31,demand,capital_markets,0.2909234619581376,0.1,0.029092346195813763,0.009638197706274419,True,incumbent_dimension_history,artifacts/regime/runs/macro_regime_v1_bps120_sources/dimension_scores.parquet,price_family_ma12_structural_linked,incumbent_demand_capital_markets__ma12_price_affordability
district_of_columbia_dc__county,2021-06-30,demand,demand,-0.0898167255431187,0.65,-0.05838087160302716,0.05527743166388788,True,incumbent_dimension_history,artifacts/regime/runs/macro_regime_v1_bps120_sources/dimension_scores.parquet,price_family_ma12_structural_linked,incumbent_demand_capital_markets__ma12_price_affordability
district_of_columbia_dc__county,2021-06-30,demand,price,0.9352087912087912,0.15,0.14028131868131868,0.05527743166388788,True,ma12_price_family_challenger,artifacts/regime/comparisons/price_family_structural_windows/price_family_ma12_structural_linked/phase2_chronology/chronology_monthly.csv,price_family_ma12_structural_linked,incumbent_demand_capital_markets__ma12_price_affordability
district_of_columbia_dc__county,2021-06-30,demand,affordability,-0.4070985810306198,0.1,-0.040709858103061984,0.05527743166388788,True,ma12_price_family_challenger,artifacts/regime/comparisons/price_family_structural_windows/price_family_ma12_structural_linked/phase2_chronology/chronology_monthly.csv,price_family_ma12_structural_linked,incumbent_demand_capital_markets__ma12_price_affordability
district_of_columbia_dc__county,2021-06-30,demand,capital_markets,0.14086842688658333,0.1,0.014086842688658334,0.05527743166388788,True,incumbent_dimension_history,artifacts/regime/runs/macro_regime_v1_bps120_sources/dimension_scores.parquet,price_family_ma12_structural_linked,incumbent_demand_capital_markets__ma12_price_affordability
district_of_columbia_dc__county,2021-07-31,demand,demand,0.11484994112354793,0.65,0.07465246173030615,0.19842873771958952,True,incumbent_dimension_history,artifacts/regime/runs/macro_regime_v1_bps120_sources/dimension_scores.parquet,price_family_ma12_structural_linked,incumbent_demand_capital_markets__ma12_price_affordability
district_of_columbia_dc__county,2021-07-31,demand,price,0.9112423590185106,0.15,0.13668635385277658,0.19842873771958952,True,ma12_price_family_challenger,artifacts/regime/comparisons/price_family_structural_windows/price_family_ma12_structural_linked/phase2_chronology/chronology_monthly.csv,price_family_ma12_structural_linked,incumbent_demand_capital_markets__ma12_price_affordability
district_of_columbia_dc__county,2021-07-31,demand,affordability,-0.3913763700784794,0.1,-0.03913763700784795,0.19842873771958952,True,ma12_price_family_challenger,artifacts/regime/comparisons/price_family_structural_windows/price_family_ma12_structural_linked/phase2_chronology/chronology_monthly.csv,price_family_ma12_structural_linked,incumbent_demand_capital_markets__ma12_price_affordability
district_of_columbia_dc__county,2021-07-31,demand,capital_markets,0.2622755914435472,0.1,0.02622755914435472,0.19842873771958952,True,incumbent_dimension_history,artifacts/regime/runs/macro_regime_v1_bps120_sources/dimension_scores.parquet,price_family_ma12_structural_linked,incumbent_demand_capital_markets__ma12_price_affordability
district_of_columbia_dc__county,2021-08-31,demand,demand,-0.31073339220978535,0.65,-0.2019767049363605,-0.10503495298630362,True,incumbent_dimension_history,artifacts/regime/runs/macro_regime_v1_bps120_sources/dimension_scores.parquet,price_family_ma12_structural_linked,incumbent_demand_capital_markets__ma12_price_affordability
district_of_columbia_dc__county,2021-08-31,demand,price,0.7742416192283366,0.15,0.11613624288425048,-0.10503495298630362,True,ma12_price_family_challenger,artifacts/regime/comparisons/price_family_structural_windows/price_family_ma12_structural_linked/phase2_chronology/chronology_monthly.csv,price_family_ma12_structural_linked,incumbent_demand_capital_markets__ma12_price_affordability
district_of_columbia_dc__county,2021-08-31,demand,affordability,-0.3655823619770488,0.1,-0.03655823619770488,-0.10503495298630362,True,ma12_price_family_challenger,artifacts/regime/comparisons/price_family_structural_windows/price_family_ma12_structural_linked/phase2_chronology/chronology_monthly.csv,price_family_ma12_structural_linked,incumbent_demand_capital_markets__ma12_price_affordability
district_of_columbia_dc__county,2021-08-31,demand,capital_markets,0.17363745263511268,0.1,0.017363745263511268,-0.10503495298630362,True,incumbent_dimension_history,artifacts/regime/runs/macro_regime_v1_bps120_sources/dimension_scores.parquet,price_family_ma12_structural_linked,incumbent_demand_capital_markets__ma12_price_affordability
district_of_columbia_dc__county,2021-09-30,demand,demand,-0.052955614432007636,0.65,-0.03442114938080496,0.004973057088882939,True,incumbent_dimension_history,artifacts/regime/runs/macro_regime_v1_bps120_sources/dimension_scores.parquet,price_family_ma12_structural_linked,incumbent_demand_capital_markets__ma12_price_affordability
district_of_columbia_dc__county,2021-09-30,demand,price,0.4221958428985123,0.15,0.06332937643477685,0.004973057088882939,True,ma12_price_family_challenger,artifacts/regime/comparisons/price_family_structural_windows/price_family_ma12_structural_linked/phase2_chronology/chronology_monthly.csv,price_family_ma12_structural_linked,incumbent_demand_capital_markets__ma12_price_affordability
district_of_columbia_dc__county,2021-09-30,demand,affordability,-0.1947054054791423,0.1,-0.019470540547914233,0.004973057088882939,True,ma12_price_family_challenger,artifacts/regime/comparisons/price_family_structural_windows/price_family_ma12_structural_linked/phase2_chronology/chronology_monthly.csv,price_family_ma12_structural_linked,incumbent_demand_capital_markets__ma12_price_affordability
district_of_columbia_dc__county,2021-09-30,demand,capital_markets,-0.044646294171747127,0.1,-0.004464629417174713,0.004973057088882939,True,incumbent_dimension_history,artifacts/regime/runs/macro_regime_v1_bps120_sources/dimension_scores.parquet,price_family_ma12_structural_linked,incumbent_demand_capital_markets__ma12_price_affordability
district_of_columbia_dc__county,2021-10-31,demand,demand,-0.035038947765340944,0.65,-0.022775316047471614,-0.028027196930564865,True,incumbent_dimension_history,artifacts/regime/runs/macro_regime_v1_bps120_sources/dimension_scores.parquet,price_family_ma12_structural_linked,incumbent_demand_capital_markets__ma12_price_affordability
district_of_columbia_dc__county,2021-10-31,demand,price,0.2989959514170041,0.15,0.04484939271255061,-0.028027196930564865,True,ma12_price_family_challenger,artifacts/regime/comparisons/price_family_structural_windows/price_family_ma12_structural_linked/phase2_chronology/chronology_monthly.csv,price_family_ma12_structural_linked,incumbent_demand_capital_markets__ma12_price_affordability
district_of_columbia_dc__county,2021-10-31,demand,affordability,-0.3441908509591737,0.1,-0.034419085095917366,-0.028027196930564865,True,ma12_price_family_challenger,artifacts/regime/comparisons/price_family_structural_windows/price_family_ma12_structural_linked/phase2_chronology/chronology_monthly.csv,price_family_ma12_structural_linked,incumbent_demand_capital_markets__ma12_price_affordability
district_of_columbia_dc__county,2021-10-31,demand,capital_markets,-0.15682188499726496,0.1,-0.015682188499726496,-0.028027196930564865,True,incumbent_dimension_history,artifacts/regime/runs/macro_regime_v1_bps120_sources/dimension_scores.parquet,price_family_ma12_structural_linked,incumbent_demand_capital_markets__ma12_price_affordability
district_of_columbia_dc__county,2021-11-30,demand,demand,0.08232216334577015,0.65,0.0535094061747506,0.060400913456814545,True,incumbent_dimension_history,artifacts/regime/runs/macro_regime_v1_bps120_sources/dimension_scores.parquet,price_family_ma12_structural_linked,incumbent_demand_capital_markets__ma12_price_affordability
district_of_columbia_dc__county,2021-11-30,demand,price,0.2807619047619047,0.15,0.04211428571428571,0.060400913456814545,True,ma12_price_family_challenger,artifacts/regime/comparisons/price_family_structural_windows/price_family_ma12_structural_linked/phase2_chronology/chronology_monthly.csv,price_family_ma12_structural_linked,incumbent_demand_capital_markets__ma12_price_affordability
district_of_columbia_dc__county,2021-11-30,demand,affordability,-0.4025198412698412,0.1,-0.04025198412698412,0.060400913456814545,True,ma12_price_family_challenger,artifacts/regime/comparisons/price_family_structural_windows/price_family_ma12_structural_linked/phase2_chronology/chronology_monthly.csv,price_family_ma12_structural_linked,incumbent_demand_capital_markets__ma12_price_affordability
district_of_columbia_dc__county,2021-11-30,demand,capital_markets,0.050292056947623676,0.1,0.0050292056947623676,0.060400913456814545,True,incumbent_dimension_history,artifacts/regime/runs/macro_regime_v1_bps120_sources/dimension_scores.parquet,price_family_ma12_structural_linked,incumbent_demand_capital_markets__ma12_price_affordability
district_of_columbia_dc__county,2021-12-31,demand,demand,0.0523087846249611,0.65,0.03400071000622472,0.0631807135754646,True,incumbent_dimension_history,artifacts/regime/runs/macro_regime_v1_bps120_sources/dimension_scores.parquet,price_family_ma12_structural_linked,incumbent_demand_capital_markets__ma12_price_affordability
district_of_columbia_dc__county,2021-12-31,demand,price,0.5202948842637619,0.15,0.07804423263956428,0.0631807135754646,True,ma12_price_family_challenger,artifacts/regime/comparisons/price_family_structural_windows/price_family_ma12_structural_linked/phase2_chronology/chronology_monthly.csv,price_family_ma12_structural_linked,incumbent_demand_capital_markets__ma12_price_affordability
district_of_columbia_dc__county,2021-12-31,demand,affordability,-0.5624903501085892,0.1,-0.05624903501085892,0.0631807135754646,True,ma12_price_family_challenger,artifacts/regime/comparisons/price_family_structural_windows/price_family_ma12_structural_linked/phase2_chronology/chronology_monthly.csv,price_family_ma12_structural_linked,incumbent_demand_capital_markets__ma12_price_affordability
district_of_columbia_dc__county,2021-12-31,demand,capital_markets,0.07384805940534528,0.1,0.007384805940534528,0.0631807135754646,True,incumbent_dimension_history,artifacts/regime/runs/macro_regime_v1_bps120_sources/dimension_scores.parquet,price_family_ma12_structural_linked,incumbent_demand_capital_markets__ma12_price_affordability
district_of_columbia_dc__county,2022-01-31,demand,demand,-0.0526912153750389,0.65,-0.034249289993775286,-0.05861899619116093,True,incumbent_dimension_history,artifacts/regime/runs/macro_regime_v1_bps120_sources/dimension_scores.parquet,price_family_ma12_structural_linked,incumbent_demand_capital_markets__ma12_price_affordability
district_of_columbia_dc__county,2022-01-31,demand,price,0.4146915887850467,0.15,0.062203738317757,-0.05861899619116093,True,ma12_price_family_challenger,artifacts/regime/comparisons/price_family_structural_windows/price_family_ma12_structural_linked/phase2_chronology/chronology_monthly.csv,price_family_ma12_structural_linked,incumbent_demand_capital_markets__ma12_price_affordability
district_of_columbia_dc__county,2022-01-31,demand,affordability,-0.6723802299169456,0.1,-0.06723802299169455,-0.05861899619116093,True,ma12_price_family_challenger,artifacts/regime/comparisons/price_family_structural_windows/price_family_ma12_structural_linked/phase2_chronology/chronology_monthly.csv,price_family_ma12_structural_linked,incumbent_demand_capital_markets__ma12_price_affordability
district_of_columbia_dc__county,2022-01-31,demand,capital_markets,-0.19335421523448088,0.1,-0.01933542152344809,-0.05861899619116093,True,incumbent_dimension_history,artifacts/regime/runs/macro_regime_v1_bps120_sources/dimension_scores.parquet,price_family_ma12_structural_linked,incumbent_demand_capital_markets__ma12_price_affordability
district_of_columbia_dc__county,2022-02-28,demand,demand,0.2823921179582945,0.65,0.18355487667289144,0.11768660409977216,True,incumbent_dimension_history,artifacts/regime/runs/macro_regime_v1_bps120_sources/dimension_scores.parquet,price_family_ma12_structural_linked,incumbent_demand_capital_markets__ma12_price_affordability
district_of_columbia_dc__county,2022-02-28,demand,price,0.1885925925925926,0.15,0.028288888888888888,0.11768660409977216,True,ma12_price_family_challenger,artifacts/regime/comparisons/price_family_structural_windows/price_family_ma12_structural_linked/phase2_chronology/chronology_monthly.csv,price_family_ma12_structural_linked,incumbent_demand_capital_markets__ma12_price_affordability
district_of_columbia_dc__county,2022-02-28,demand,affordability,-0.7786836836836837,0.1,-0.07786836836836837,0.11768660409977216,True,ma12_price_family_challenger,artifacts/regime/comparisons/price_family_structural_windows/price_family_ma12_structural_linked/phase2_chronology/chronology_monthly.csv,price_family_ma12_structural_linked,incumbent_demand_capital_markets__ma12_price_affordability
district_of_columbia_dc__county,2022-02-28,demand,capital_markets,-0.16288793093639778,0.1,-0.01628879309363978,0.11768660409977216,True,incumbent_dimension_history,artifacts/regime/runs/macro_regime_v1_bps120_sources/dimension_scores.parquet,price_family_ma12_structural_linked,incumbent_demand_capital_markets__ma12_price_affordability
district_of_columbia_dc__county,2022-03-31,demand,demand,0.2578643401805167,0.65,0.16761182111733586,0.06713319783487501,True,incumbent_dimension_history,artifacts/regime/runs/macro_regime_v1_bps120_sources/dimension_scores.parquet,price_family_ma12_structural_linked,incumbent_demand_capital_markets__ma12_price_affordability
district_of_columbia_dc__county,2022-03-31,demand,price,0.1154685452162516,0.15,0.01732028178243774,0.06713319783487501,True,ma12_price_family_challenger,artifacts/regime/comparisons/price_family_structural_windows/price_family_ma12_structural_linked/phase2_chronology/chronology_monthly.csv,price_family_ma12_structural_linked,incumbent_demand_capital_markets__ma12_price_affordability
district_of_columbia_dc__county,2022-03-31,demand,affordability,-0.813743119266055,0.1,-0.0813743119266055,0.06713319783487501,True,ma12_price_family_challenger,artifacts/regime/comparisons/price_family_structural_windows/price_family_ma12_structural_linked/phase2_chronology/chronology_monthly.csv,price_family_ma12_structural_linked,incumbent_demand_capital_markets__ma12_price_affordability
district_of_columbia_dc__county,2022-03-31,demand,capital_markets,-0.36424593138293093,0.1,-0.0364245931382931,0.06713319783487501,True,incumbent_dimension_history,artifacts/regime/runs/macro_regime_v1_bps120_sources/dimension_scores.parquet,price_family_ma12_structural_linked,incumbent_demand_capital_markets__ma12_price_affordability
district_of_columbia_dc__county,2022-04-30,demand,demand,0.15383656240273885,0.65,0.09999376556178026,-0.009322736457779549,True,incumbent_dimension_history,artifacts/regime/runs/macro_regime_v1_bps120_sources/dimension_scores.parquet,price_family_ma12_structural_linked,incumbent_demand_capital_markets__ma12_price_affordability
district_of_columbia_dc__county,2022-04-30,demand,price,0.2163863696104123,0.15,0.032457955441561846,-0.009322736457779549,True,ma12_price_family_challenger,artifacts/regime/comparisons/price_family_structural_windows/price_family_ma12_structural_linked/phase2_chronology/chronology_monthly.csv,price_family_ma12_structural_linked,incumbent_demand_capital_markets__ma12_price_affordability
district_of_columbia_dc__county,2022-04-30,demand,affordability,-0.8437758775877588,0.1,-0.0843775877587759,-0.009322736457779549,True,ma12_price_family_challenger,artifacts/regime/comparisons/price_family_structural_windows/price_family_ma12_structural_linked/phase2_chronology/chronology_monthly.csv,price_family_ma12_structural_linked,incumbent_demand_capital_markets__ma12_price_affordability
district_of_columbia_dc__county,2022-04-30,demand,capital_markets,-0.5739686970234575,0.1,-0.057396869702345754,-0.009322736457779549,True,incumbent_dimension_history,artifacts/regime/runs/macro_regime_v1_bps120_sources/dimension_scores.parquet,price_family_ma12_structural_linked,incumbent_demand_capital_markets__ma12_price_affordability
district_of_columbia_dc__county,2022-05-31,demand,demand,0.12397545129162776,0.65,0.08058404333955804,-0.0718312845583434,True,incumbent_dimension_history,artifacts/regime/runs/macro_regime_v1_bps120_sources/dimension_scores.parquet,price_family_ma12_structural_linked,incumbent_demand_capital_markets__ma12_price_affordability
district_of_columbia_dc__county,2022-05-31,demand,price,-0.1189162971020556,0.15,-0.01783744456530834,-0.0718312845583434,True,ma12_price_family_challenger,artifacts/regime/comparisons/price_family_structural_windows/price_family_ma12_structural_linked/phase2_chronology/chronology_monthly.csv,price_family_ma12_structural_linked,incumbent_demand_capital_markets__ma12_price_affordability
district_of_columbia_dc__county,2022-05-31,demand,affordability,-0.7573635400105988,0.1,-0.07573635400105988,-0.0718312845583434,True,ma12_price_family_challenger,artifacts/regime/comparisons/price_family_structural_windows/price_family_ma12_structural_linked/phase2_chronology/chronology_monthly.csv,price_family_ma12_structural_linked,incumbent_demand_capital_markets__ma12_price_affordability
district_of_columbia_dc__county,2022-05-31,demand,capital_markets,-0.5884152933153323,0.1,-0.05884152933153323,-0.0718312845583434,True,incumbent_dimension_history,artifacts/regime/runs/macro_regime_v1_bps120_sources/dimension_scores.parquet,price_family_ma12_structural_linked,incumbent_demand_capital_markets__ma12_price_affordability
district_of_columbia_dc__county,2022-06-30,demand,demand,0.16666989573607222,0.65,0.10833543222844694,-0.04133174952052977,True,incumbent_dimension_history,artifacts/regime/runs/macro_regime_v1_bps120_sources/dimension_scores.parquet,price_family_ma12_structural_linked,incumbent_demand_capital_markets__ma12_price_affordability
district_of_columbia_dc__county,2022-06-30,demand,price,-0.1644715672676837,0.15,-0.024670735090152555,-0.04133174952052977,True,ma12_price_family_challenger,artifacts/regime/comparisons/price_family_structural_windows/price_family_ma12_structural_linked/phase2_chronology/chronology_monthly.csv,price_family_ma12_structural_linked,incumbent_demand_capital_markets__ma12_price_affordability
district_of_columbia_dc__county,2022-06-30,demand,affordability,-0.7332725381414702,0.1,-0.07332725381414702,-0.04133174952052977,True,ma12_price_family_challenger,artifacts/regime/comparisons/price_family_structural_windows/price_family_ma12_structural_linked/phase2_chronology/chronology_monthly.csv,price_family_ma12_structural_linked,incumbent_demand_capital_markets__ma12_price_affordability
district_of_columbia_dc__county,2022-06-30,demand,capital_markets,-0.5166919284467714,0.1,-0.051669192844677136,-0.04133174952052977,True,incumbent_dimension_history,artifacts/regime/runs/macro_regime_v1_bps120_sources/dimension_scores.parquet,price_family_ma12_structural_linked,incumbent_demand_capital_markets__ma12_price_affordability
district_of_columbia_dc__county,2022-07-31,demand,demand,0.30453100684718326,0.65,0.19794515445066913,0.05146494030281621,True,incumbent_dimension_history,artifacts/regime/runs/macro_regime_v1_bps120_sources/dimension_scores.parquet,price_family_ma12_structural_linked,incumbent_demand_capital_markets__ma12_price_affordability
district_of_columbia_dc__county,2022-07-31,demand,price,-0.3506713926903124,0.15,-0.05260070890354686,0.05146494030281621,True,ma12_price_family_challenger,artifacts/regime/comparisons/price_family_structural_windows/price_family_ma12_structural_linked/phase2_chronology/chronology_monthly.csv,price_family_ma12_structural_linked,incumbent_demand_capital_markets__ma12_price_affordability
district_of_columbia_dc__county,2022-07-31,demand,affordability,-0.6577194079951174,0.1,-0.06577194079951175,0.05146494030281621,True,ma12_price_family_challenger,artifacts/regime/comparisons/price_family_structural_windows/price_family_ma12_structural_linked/phase2_chronology/chronology_monthly.csv,price_family_ma12_structural_linked,incumbent_demand_capital_markets__ma12_price_affordability
district_of_columbia_dc__county,2022-07-31,demand,capital_markets,-0.2810756444479432,0.1,-0.02810756444479432,0.05146494030281621,True,incumbent_dimension_history,artifacts/regime/runs/macro_regime_v1_bps120_sources/dimension_scores.parquet,price_family_ma12_structural_linked,incumbent_demand_capital_markets__ma12_price_affordability
district_of_columbia_dc__county,2022-08-31,demand,demand,0.043419895736072224,0.65,0.028222932228446948,-0.13040078879569578,True,incumbent_dimension_history,artifacts/regime/runs/macro_regime_v1_bps120_sources/dimension_scores.parquet,price_family_ma12_structural_linked,incumbent_demand_capital_markets__ma12_price_affordability
district_of_columbia_dc__county,2022-08-31,demand,price,-0.4429792429792429,0.15,-0.06644688644688643,-0.13040078879569578,True,ma12_price_family_challenger,artifacts/regime/comparisons/price_family_structural_windows/price_family_ma12_structural_linked/phase2_chronology/chronology_monthly.csv,price_family_ma12_structural_linked,incumbent_demand_capital_markets__ma12_price_affordability
district_of_columbia_dc__county,2022-08-31,demand,affordability,-0.5664134695713643,0.1,-0.056641346957136435,-0.13040078879569578,True,ma12_price_family_challenger,artifacts/regime/comparisons/price_family_structural_windows/price_family_ma12_structural_linked/phase2_chronology/chronology_monthly.csv,price_family_ma12_structural_linked,incumbent_demand_capital_markets__ma12_price_affordability
district_of_columbia_dc__county,2022-08-31,demand,capital_markets,-0.3553548762011985,0.1,-0.03553548762011985,-0.13040078879569578,True,incumbent_dimension_history,artifacts/regime/runs/macro_regime_v1_bps120_sources/dimension_scores.parquet,price_family_ma12_structural_linked,incumbent_demand_capital_markets__ma12_price_affordability
district_of_columbia_dc__county,2022-09-30,demand,demand,0.1614754512916278,0.65,0.10495904333955808,-0.09316646915603033,True,incumbent_dimension_history,artifacts/regime/runs/macro_regime_v1_bps120_sources/dimension_scores.parquet,price_family_ma12_structural_linked,incumbent_demand_capital_markets__ma12_price_affordability
district_of_columbia_dc__county,2022-09-30,demand,price,-0.4629298813976447,0.15,-0.0694394822096467,-0.09316646915603033,True,ma12_price_family_challenger,artifacts/regime/comparisons/price_family_structural_windows/price_family_ma12_structural_linked/phase2_chronology/chronology_monthly.csv,price_family_ma12_structural_linked,incumbent_demand_capital_markets__ma12_price_affordability
district_of_columbia_dc__county,2022-09-30,demand,affordability,-0.6702229112498436,0.1,-0.06702229112498435,-0.09316646915603033,True,ma12_price_family_challenger,artifacts/regime/comparisons/price_family_structural_windows/price_family_ma12_structural_linked/phase2_chronology/chronology_monthly.csv,price_family_ma12_structural_linked,incumbent_demand_capital_markets__ma12_price_affordability
district_of_columbia_dc__county,2022-09-30,demand,capital_markets,-0.6166373916095734,0.1,-0.06166373916095735,-0.09316646915603033,True,incumbent_dimension_history,artifacts/regime/runs/macro_regime_v1_bps120_sources/dimension_scores.parquet,price_family_ma12_structural_linked,incumbent_demand_capital_markets__ma12_price_affordability
district_of_columbia_dc__county,2022-10-31,demand,demand,-0.012830104263927779,0.65,-0.008339567771553057,-0.21950984753593022,True,incumbent_dimension_history,artifacts/regime/runs/macro_regime_v1_bps120_sources/dimension_scores.parquet,price_family_ma12_structural_linked,incumbent_demand_capital_markets__ma12_price_affordability
district_of_columbia_dc__county,2022-10-31,demand,price,-0.5202490406410711,0.15,-0.07803735609616066,-0.21950984753593022,True,ma12_price_family_challenger,artifacts/regime/comparisons/price_family_structural_windows/price_family_ma12_structural_linked/phase2_chronology/chronology_monthly.csv,price_family_ma12_structural_linked,incumbent_demand_capital_markets__ma12_price_affordability
district_of_columbia_dc__county,2022-10-31,demand,affordability,-0.6594861952515457,0.1,-0.06594861952515457,-0.21950984753593022,True,ma12_price_family_challenger,artifacts/regime/comparisons/price_family_structural_windows/price_family_ma12_structural_linked/phase2_chronology/chronology_monthly.csv,price_family_ma12_structural_linked,incumbent_demand_capital_markets__ma12_price_affordability
district_of_columbia_dc__county,2022-10-31,demand,capital_markets,-0.6718430414306191,0.1,-0.06718430414306191,-0.21950984753593022,True,incumbent_dimension_history,artifacts/regime/runs/macro_regime_v1_bps120_sources/dimension_scores.parquet,price_family_ma12_structural_linked,incumbent_demand_capital_markets__ma12_price_affordability
district_of_columbia_dc__county,2022-11-30,demand,demand,0.027864340180516596,0.65,0.018111821117335787,-0.17341177816491468,True,incumbent_dimension_history,artifacts/regime/runs/macro_regime_v1_bps120_sources/dimension_scores.parquet,price_family_ma12_structural_linked,incumbent_demand_capital_markets__ma12_price_affordability
district_of_columbia_dc__county,2022-11-30,demand,price,-0.5445042735042736,0.15,-0.08167564102564102,-0.17341177816491468,True,ma12_price_family_challenger,artifacts/regime/comparisons/price_family_structural_windows/price_family_ma12_structural_linked/phase2_chronology/chronology_monthly.csv,price_family_ma12_structural_linked,incumbent_demand_capital_markets__ma12_price_affordability
district_of_columbia_dc__county,2022-11-30,demand,affordability,-0.6322777777777777,0.1,-0.06322777777777777,-0.17341177816491468,True,ma12_price_family_challenger,artifacts/regime/comparisons/price_family_structural_windows/price_family_ma12_structural_linked/phase2_chronology/chronology_monthly.csv,price_family_ma12_structural_linked,incumbent_demand_capital_markets__ma12_price_affordability
district_of_columbia_dc__county,2022-11-30,demand,capital_markets,-0.46620180478831674,0.1,-0.04662018047883168,-0.17341177816491468,True,incumbent_dimension_history,artifacts/regime/runs/macro_regime_v1_bps120_sources/dimension_scores.parquet,price_family_ma12_structural_linked,incumbent_demand_capital_markets__ma12_price_affordability
district_of_columbia_dc__county,2022-12-31,demand,demand,0.13564099978109267,0.65,0.08816664985771024,-0.005824392216031645,True,incumbent_dimension_history,artifacts/regime/runs/macro_regime_v1_bps120_sources/dimension_scores.parquet,price_family_ma12_structural_linked,incumbent_demand_capital_markets__ma12_price_affordability
district_of_columbia_dc__county,2022-12-31,demand,price,-0.5778477167884726,0.15,-0.08667715751827089,-0.005824392216031645,True,ma12_price_family_challenger,artifacts/regime/comparisons/price_family_structural_windows/price_family_ma12_structural_linked/phase2_chronology/chronology_monthly.csv,price_family_ma12_structural_linked,incumbent_demand_capital_markets__ma12_price_affordability
district_of_columbia_dc__county,2022-12-31,demand,affordability,0.2066850152905199,0.1,0.020668501529051992,-0.005824392216031645,True,ma12_price_family_challenger,artifacts/regime/comparisons/price_family_structural_windows/price_family_ma12_structural_linked/phase2_chronology/chronology_monthly.csv,price_family_ma12_structural_linked,incumbent_demand_capital_markets__ma12_price_affordability
district_of_columbia_dc__county,2022-12-31,demand,capital_markets,-0.2798238608452298,0.1,-0.027982386084522984,-0.005824392216031645,True,incumbent_dimension_history,artifacts/regime/runs/macro_regime_v1_bps120_sources/dimension_scores.parquet,price_family_ma12_structural_linked,incumbent_demand_capital_markets__ma12_price_affordability
district_of_columbia_dc__county,2023-01-31,demand,demand,0.18202988866998152,0.65,0.11831942763548799,0.012741146184945228,True,incumbent_dimension_history,artifacts/regime/runs/macro_regime_v1_bps120_sources/dimension_scores.parquet,price_family_ma12_structural_linked,incumbent_demand_capital_markets__ma12_price_affordability
district_of_columbia_dc__county,2023-01-31,demand,price,-0.607769034886682,0.15,-0.0911653552330023,0.012741146184945228,True,ma12_price_family_challenger,artifacts/regime/comparisons/price_family_structural_windows/price_family_ma12_structural_linked/phase2_chronology/chronology_monthly.csv,price_family_ma12_structural_linked,incumbent_demand_capital_markets__ma12_price_affordability
district_of_columbia_dc__county,2023-01-31,demand,affordability,0.2423939393939394,0.1,0.024239393939393943,0.012741146184945228,True,ma12_price_family_challenger,artifacts/regime/comparisons/price_family_structural_windows/price_family_ma12_structural_linked/phase2_chronology/chronology_monthly.csv,price_family_ma12_structural_linked,incumbent_demand_capital_markets__ma12_price_affordability
district_of_columbia_dc__county,2023-01-31,demand,capital_markets,-0.386523201569344,0.1,-0.0386523201569344,0.012741146184945228,True,incumbent_dimension_history,artifacts/regime/runs/macro_regime_v1_bps120_sources/dimension_scores.parquet,price_family_ma12_structural_linked,incumbent_demand_capital_markets__ma12_price_affordability
district_of_columbia_dc__county,2023-02-28,demand,demand,0.11411322200331489,0.65,0.07417359430215469,-0.04228953190006594,True,incumbent_dimension_history,artifacts/regime/runs/macro_regime_v1_bps120_sources/dimension_scores.parquet,price_family_ma12_structural_linked,incumbent_demand_capital_markets__ma12_price_affordability
district_of_columbia_dc__county,2023-02-28,demand,price,-0.6323153153153154,0.15,-0.09484729729729731,-0.04228953190006594,True,ma12_price_family_challenger,artifacts/regime/comparisons/price_family_structural_windows/price_family_ma12_structural_linked/phase2_chronology/chronology_monthly.csv,price_family_ma12_structural_linked,incumbent_demand_capital_markets__ma12_price_affordability
district_of_columbia_dc__county,2023-02-28,demand,affordability,0.2650180180180181,0.1,0.02650180180180181,-0.04228953190006594,True,ma12_price_family_challenger,artifacts/regime/comparisons/price_family_structural_windows/price_family_ma12_structural_linked/phase2_chronology/chronology_monthly.csv,price_family_ma12_structural_linked,incumbent_demand_capital_markets__ma12_price_affordability
district_of_columbia_dc__county,2023-02-28,demand,capital_markets,-0.48117630706725123,0.1,-0.048117630706725124,-0.04228953190006594,True,incumbent_dimension_history,artifacts/regime/runs/macro_regime_v1_bps120_sources/dimension_scores.parquet,price_family_ma12_structural_linked,incumbent_demand_capital_markets__ma12_price_affordability
district_of_columbia_dc__county,2023-03-31,demand,demand,-0.012831222441129572,0.65,-0.008340294586734222,-0.13513198968268303,True,incumbent_dimension_history,artifacts/regime/runs/macro_regime_v1_bps120_sources/dimension_scores.parquet,price_family_ma12_structural_linked,incumbent_demand_capital_markets__ma12_price_affordability
district_of_columbia_dc__county,2023-03-31,demand,price,-0.6412857142857142,0.15,-0.09619285714285714,-0.13513198968268303,True,ma12_price_family_challenger,artifacts/regime/comparisons/price_family_structural_windows/price_family_ma12_structural_linked/phase2_chronology/chronology_monthly.csv,price_family_ma12_structural_linked,incumbent_demand_capital_markets__ma12_price_affordability
district_of_columbia_dc__county,2023-03-31,demand,affordability,0.1486071428571428,0.1,0.014860714285714281,-0.13513198968268303,True,ma12_price_family_challenger,artifacts/regime/comparisons/price_family_structural_windows/price_family_ma12_structural_linked/phase2_chronology/chronology_monthly.csv,price_family_ma12_structural_linked,incumbent_demand_capital_markets__ma12_price_affordability
district_of_columbia_dc__county,2023-03-31,demand,capital_markets,-0.4545955223880596,0.1,-0.04545955223880596,-0.13513198968268303,True,incumbent_dimension_history,artifacts/regime/runs/macro_regime_v1_bps120_sources/dimension_scores.parquet,price_family_ma12_structural_linked,incumbent_demand_capital_markets__ma12_price_affordability
district_of_columbia_dc__county,2023-04-30,demand,demand,0.007668777558870426,0.65,0.004984705413265777,-0.08743970928708684,True,incumbent_dimension_history,artifacts/regime/runs/macro_regime_v1_bps120_sources/dimension_scores.parquet,price_family_ma12_structural_linked,incumbent_demand_capital_markets__ma12_price_affordability
district_of_columbia_dc__county,2023-04-30,demand,price,-0.6463333333333334,0.15,-0.09695000000000001,-0.08743970928708684,True,ma12_price_family_challenger,artifacts/regime/comparisons/price_family_structural_windows/price_family_ma12_structural_linked/phase2_chronology/chronology_monthly.csv,price_family_ma12_structural_linked,incumbent_demand_capital_markets__ma12_price_affordability
district_of_columbia_dc__county,2023-04-30,demand,affordability,0.2863879056047198,0.1,0.02863879056047198,-0.08743970928708684,True,ma12_price_family_challenger,artifacts/regime/comparisons/price_family_structural_windows/price_family_ma12_structural_linked/phase2_chronology/chronology_monthly.csv,price_family_ma12_structural_linked,incumbent_demand_capital_markets__ma12_price_affordability
district_of_columbia_dc__county,2023-04-30,demand,capital_markets,-0.24113205260824594,0.1,-0.024113205260824597,-0.08743970928708684,True,incumbent_dimension_history,artifacts/regime/runs/macro_regime_v1_bps120_sources/dimension_scores.parquet,price_family_ma12_structural_linked,incumbent_demand_capital_markets__ma12_price_affordability
district_of_columbia_dc__county,2023-05-31,demand,demand,0.004390999781092637,0.65,0.0028541498577102143,-0.11236248336437984,True,incumbent_dimension_history,artifacts/regime/runs/macro_regime_v1_bps120_sources/dimension_scores.parquet,price_family_ma12_structural_linked,incumbent_demand_capital_markets__ma12_price_affordability
district_of_columbia_dc__county,2023-05-31,demand,price,-0.614982456140351,0.15,-0.09224736842105265,-0.11236248336437984,True,ma12_price_family_challenger,artifacts/regime/comparisons/price_family_structural_windows/price_family_ma12_structural_linked/phase2_chronology/chronology_monthly.csv,price_family_ma12_structural_linked,incumbent_demand_capital_markets__ma12_price_affordability
district_of_columbia_dc__county,2023-05-31,demand,affordability,0.2156140350877193,0.1,0.021561403508771934,-0.11236248336437984,True,ma12_price_family_challenger,artifacts/regime/comparisons/price_family_structural_windows/price_family_ma12_structural_linked/phase2_chronology/chronology_monthly.csv,price_family_ma12_structural_linked,incumbent_demand_capital_markets__ma12_price_affordability
district_of_columbia_dc__county,2023-05-31,demand,capital_markets,-0.44530668309809346,0.1,-0.04453066830980935,-0.11236248336437984,True,incumbent_dimension_history,artifacts/regime/runs/macro_regime_v1_bps120_sources/dimension_scores.parquet,price_family_ma12_structural_linked,incumbent_demand_capital_markets__ma12_price_affordability
district_of_columbia_dc__county,2023-06-30,demand,demand,0.009807666447759331,0.65,0.006374983191043565,-0.11617142896527324,True,incumbent_dimension_history,artifacts/regime/runs/macro_regime_v1_bps120_sources/dimension_scores.parquet,price_family_ma12_structural_linked,incumbent_demand_capital_markets__ma12_price_affordability
district_of_columbia_dc__county,2023-06-30,demand,price,-0.6596666666666667,0.15,-0.09895000000000001,-0.11617142896527324,True,ma12_price_family_challenger,artifacts/regime/comparisons/price_family_structural_windows/price_family_ma12_structural_linked/phase2_chronology/chronology_monthly.csv,price_family_ma12_structural_linked,incumbent_demand_capital_markets__ma12_price_affordability
district_of_columbia_dc__county,2023-06-30,demand,affordability,0.2798623188405796,0.1,0.027986231884057963,-0.11617142896527324,True,ma12_price_family_challenger,artifacts/regime/comparisons/price_family_structural_windows/price_family_ma12_structural_linked/phase2_chronology/chronology_monthly.csv,price_family_ma12_structural_linked,incumbent_demand_capital_markets__ma12_price_affordability
district_of_columbia_dc__county,2023-06-30,demand,capital_markets,-0.5158264404037477,0.1,-0.05158264404037477,-0.11617142896527324,True,incumbent_dimension_history,artifacts/regime/runs/macro_regime_v1_bps120_sources/dimension_scores.parquet,price_family_ma12_structural_linked,incumbent_demand_capital_markets__ma12_price_affordability
district_of_columbia_dc__county,2023-07-31,demand,demand,0.06966877755887038,0.65,0.04528470541326575,-0.08846574970261711,True,incumbent_dimension_history,artifacts/regime/runs/macro_regime_v1_bps120_sources/dimension_scores.parquet,price_family_ma12_structural_linked,incumbent_demand_capital_markets__ma12_price_affordability
district_of_columbia_dc__county,2023-07-31,demand,price,-0.6441034482758621,0.15,-0.0966155172413793,-0.08846574970261711,True,ma12_price_family_challenger,artifacts/regime/comparisons/price_family_structural_windows/price_family_ma12_structural_linked/phase2_chronology/chronology_monthly.csv,price_family_ma12_structural_linked,incumbent_demand_capital_markets__ma12_price_affordability
district_of_columbia_dc__county,2023-07-31,demand,affordability,0.2122011494252873,0.1,0.021220114942528734,-0.08846574970261711,True,ma12_price_family_challenger,artifacts/regime/comparisons/price_family_structural_windows/price_family_ma12_structural_linked/phase2_chronology/chronology_monthly.csv,price_family_ma12_structural_linked,incumbent_demand_capital_markets__ma12_price_affordability
district_of_columbia_dc__county,2023-07-31,demand,capital_markets,-0.5835505281703229,0.1,-0.058355052817032294,-0.08846574970261711,True,incumbent_dimension_history,artifacts/regime/runs/macro_regime_v1_bps120_sources/dimension_scores.parquet,price_family_ma12_structural_linked,incumbent_demand_capital_markets__ma12_price_affordability
district_of_columbia_dc__county,2023-08-31,demand,demand,-0.15727566688557398,0.65,-0.1022291834756231,-0.23781880226511654,True,incumbent_dimension_history,artifacts/regime/runs/macro_regime_v1_bps120_sources/dimension_scores.parquet,price_family_ma12_structural_linked,incumbent_demand_capital_markets__ma12_price_affordability
district_of_columbia_dc__county,2023-08-31,demand,price,-0.6274102564102565,0.15,-0.09411153846153847,-0.23781880226511654,True,ma12_price_family_challenger,artifacts/regime/comparisons/price_family_structural_windows/price_family_ma12_structural_linked/phase2_chronology/chronology_monthly.csv,price_family_ma12_structural_linked,incumbent_demand_capital_markets__ma12_price_affordability
district_of_columbia_dc__county,2023-08-31,demand,affordability,0.1477051282051282,0.1,0.014770512820512822,-0.23781880226511654,True,ma12_price_family_challenger,artifacts/regime/comparisons/price_family_structural_windows/price_family_ma12_structural_linked/phase2_chronology/chronology_monthly.csv,price_family_ma12_structural_linked,incumbent_demand_capital_markets__ma12_price_affordability
district_of_columbia_dc__county,2023-08-31,demand,capital_markets,-0.5624859314846776,0.1,-0.056248593148467765,-0.23781880226511654,True,incumbent_dimension_history,artifacts/regime/runs/macro_regime_v1_bps120_sources/dimension_scores.parquet,price_family_ma12_structural_linked,incumbent_demand_capital_markets__ma12_price_affordability
district_of_columbia_dc__county,2023-09-30,demand,demand,0.1213354442255371,0.65,0.07886803874659912,-0.029592197745240082,True,incumbent_dimension_history,artifacts/regime/runs/macro_regime_v1_bps120_sources/dimension_scores.parquet,price_family_ma12_structural_linked,incumbent_demand_capital_markets__ma12_price_affordability
district_of_columbia_dc__county,2023-09-30,demand,price,-0.5591638418079097,0.15,-0.08387457627118645,-0.029592197745240082,True,ma12_price_family_challenger,artifacts/regime/comparisons/price_family_structural_windows/price_family_ma12_structural_linked/phase2_chronology/chronology_monthly.csv,price_family_ma12_structural_linked,incumbent_demand_capital_markets__ma12_price_affordability
district_of_columbia_dc__county,2023-09-30,demand,affordability,0.2300225988700564,0.1,0.023002259887005643,-0.029592197745240082,True,ma12_price_family_challenger,artifacts/regime/comparisons/price_family_structural_windows/price_family_ma12_structural_linked/phase2_chronology/chronology_monthly.csv,price_family_ma12_structural_linked,incumbent_demand_capital_markets__ma12_price_affordability
district_of_columbia_dc__county,2023-09-30,demand,capital_markets,-0.4758792010765839,0.1,-0.04758792010765839,-0.029592197745240082,True,incumbent_dimension_history,artifacts/regime/runs/macro_regime_v1_bps120_sources/dimension_scores.parquet,price_family_ma12_structural_linked,incumbent_demand_capital_markets__ma12_price_affordability
district_of_columbia_dc__county,2023-10-31,demand,demand,0.08064099978109264,0.65,0.05241664985771022,-0.03554384478830874,True,incumbent_dimension_history,artifacts/regime/runs/macro_regime_v1_bps120_sources/dimension_scores.parquet,price_family_ma12_structural_linked,incumbent_demand_capital_markets__ma12_price_affordability
district_of_columbia_dc__county,2023-10-31,demand,price,-0.4330532212885155,0.15,-0.06495798319327732,-0.03554384478830874,True,ma12_price_family_challenger,artifacts/regime/comparisons/price_family_structural_windows/price_family_ma12_structural_linked/phase2_chronology/chronology_monthly.csv,price_family_ma12_structural_linked,incumbent_demand_capital_markets__ma12_price_affordability
district_of_columbia_dc__county,2023-10-31,demand,affordability,0.186141456582633,0.1,0.0186141456582633,-0.03554384478830874,True,ma12_price_family_challenger,artifacts/regime/comparisons/price_family_structural_windows/price_family_ma12_structural_linked/phase2_chronology/chronology_monthly.csv,price_family_ma12_structural_linked,incumbent_demand_capital_markets__ma12_price_affordability
district_of_columbia_dc__county,2023-10-31,demand,capital_markets,-0.4161665711100494,0.1,-0.04161665711100494,-0.03554384478830874,True,incumbent_dimension_history,artifacts/regime/runs/macro_regime_v1_bps120_sources/dimension_scores.parquet,price_family_ma12_structural_linked,incumbent_demand_capital_markets__ma12_price_affordability
district_of_columbia_dc__county,2023-11-30,demand,demand,0.16847433311442597,0.65,0.10950831652437688,0.02648721886235414,True,incumbent_dimension_history,artifacts/regime/runs/macro_regime_v1_bps120_sources/dimension_scores.parquet,price_family_ma12_structural_linked,incumbent_demand_capital_markets__ma12_price_affordability
district_of_columbia_dc__county,2023-11-30,demand,price,-0.4683333333333334,0.15,-0.07025,0.02648721886235414,True,ma12_price_family_challenger,artifacts/regime/comparisons/price_family_structural_windows/price_family_ma12_structural_linked/phase2_chronology/chronology_monthly.csv,price_family_ma12_structural_linked,incumbent_demand_capital_markets__ma12_price_affordability
district_of_columbia_dc__county,2023-11-30,demand,affordability,0.2074999999999999,0.1,0.02074999999999999,0.02648721886235414,True,ma12_price_family_challenger,artifacts/regime/comparisons/price_family_structural_windows/price_family_ma12_structural_linked/phase2_chronology/chronology_monthly.csv,price_family_ma12_structural_linked,incumbent_demand_capital_markets__ma12_price_affordability
district_of_columbia_dc__county,2023-11-30,demand,capital_markets,-0.33521097662022725,0.1,-0.03352109766202273,0.02648721886235414,True,incumbent_dimension_history,artifacts/regime/runs/macro_regime_v1_bps120_sources/dimension_scores.parquet,price_family_ma12_structural_linked,incumbent_demand_capital_markets__ma12_price_affordability
district_of_columbia_dc__county,2023-12-31,demand,demand,0.167073249659062,0.65,0.10859761227839031,0.04677102763496357,True,incumbent_dimension_history,artifacts/regime/runs/macro_regime_v1_bps120_sources/dimension_scores.parquet,price_family_ma12_structural_linked,incumbent_demand_capital_markets__ma12_price_affordability
district_of_columbia_dc__county,2023-12-31,demand,price,-0.5216666666666667,0.15,-0.07825,0.04677102763496357,True,ma12_price_family_challenger,artifacts/regime/comparisons/price_family_structural_windows/price_family_ma12_structural_linked/phase2_chronology/chronology_monthly.csv,price_family_ma12_structural_linked,incumbent_demand_capital_markets__ma12_price_affordability
district_of_columbia_dc__county,2023-12-31,demand,affordability,0.4475,0.1,0.044750000000000005,0.04677102763496357,True,ma12_price_family_challenger,artifacts/regime/comparisons/price_family_structural_windows/price_family_ma12_structural_linked/phase2_chronology/chronology_monthly.csv,price_family_ma12_structural_linked,incumbent_demand_capital_markets__ma12_price_affordability
district_of_columbia_dc__county,2023-12-31,demand,capital_markets,-0.2832658464342675,0.1,-0.02832658464342675,0.04677102763496357,True,incumbent_dimension_history,artifacts/regime/runs/macro_regime_v1_bps120_sources/dimension_scores.parquet,price_family_ma12_structural_linked,incumbent_demand_capital_markets__ma12_price_affordability
district_of_columbia_dc__county,2024-01-31,demand,demand,0.135823249659062,0.65,0.08828511227839031,0.045142527860022236,True,incumbent_dimension_history,artifacts/regime/runs/macro_regime_v1_bps120_sources/dimension_scores.parquet,price_family_ma12_structural_linked,incumbent_demand_capital_markets__ma12_price_affordability
district_of_columbia_dc__county,2024-01-31,demand,price,-0.435,0.15,-0.06525,0.045142527860022236,True,ma12_price_family_challenger,artifacts/regime/comparisons/price_family_structural_windows/price_family_ma12_structural_linked/phase2_chronology/chronology_monthly.csv,price_family_ma12_structural_linked,incumbent_demand_capital_markets__ma12_price_affordability
district_of_columbia_dc__county,2024-01-31,demand,affordability,0.4275,0.1,0.04275,0.045142527860022236,True,ma12_price_family_challenger,artifacts/regime/comparisons/price_family_structural_windows/price_family_ma12_structural_linked/phase2_chronology/chronology_monthly.csv,price_family_ma12_structural_linked,incumbent_demand_capital_markets__ma12_price_affordability
district_of_columbia_dc__county,2024-01-31,demand,capital_markets,-0.20642584418368076,0.1,-0.02064258441836808,0.045142527860022236,True,incumbent_dimension_history,artifacts/regime/runs/macro_regime_v1_bps120_sources/dimension_scores.parquet,price_family_ma12_structural_linked,incumbent_demand_capital_markets__ma12_price_affordability
district_of_columbia_dc__county,2024-02-29,demand,demand,0.21290658299239534,0.65,0.13838927894505698,0.05873398817633066,True,incumbent_dimension_history,artifacts/regime/runs/macro_regime_v1_bps120_sources/dimension_scores.parquet,price_family_ma12_structural_linked,incumbent_demand_capital_markets__ma12_price_affordability
district_of_columbia_dc__county,2024-02-29,demand,price,-0.5016666666666667,0.15,-0.07525,0.05873398817633066,True,ma12_price_family_challenger,artifacts/regime/comparisons/price_family_structural_windows/price_family_ma12_structural_linked/phase2_chronology/chronology_monthly.csv,price_family_ma12_structural_linked,incumbent_demand_capital_markets__ma12_price_affordability
district_of_columbia_dc__county,2024-02-29,demand,affordability,0.4141666666666666,0.1,0.041416666666666664,0.05873398817633066,True,ma12_price_family_challenger,artifacts/regime/comparisons/price_family_structural_windows/price_family_ma12_structural_linked/phase2_chronology/chronology_monthly.csv,price_family_ma12_structural_linked,incumbent_demand_capital_markets__ma12_price_affordability
district_of_columbia_dc__county,2024-02-29,demand,capital_markets,-0.45821957435392996,0.1,-0.045821957435392996,0.05873398817633066,True,incumbent_dimension_history,artifacts/regime/runs/macro_regime_v1_bps120_sources/dimension_scores.parquet,price_family_ma12_structural_linked,incumbent_demand_capital_markets__ma12_price_affordability
district_of_columbia_dc__county,2024-03-31,demand,demand,0.34207324965906205,0.65,0.22234761227839034,0.1461347301173116,True,incumbent_dimension_history,artifacts/regime/runs/macro_regime_v1_bps120_sources/dimension_scores.parquet,price_family_ma12_structural_linked,incumbent_demand_capital_markets__ma12_price_affordability
district_of_columbia_dc__county,2024-03-31,demand,price,-0.3866666666666667,0.15,-0.058,0.1461347301173116,True,ma12_price_family_challenger,artifacts/regime/comparisons/price_family_structural_windows/price_family_ma12_structural_linked/phase2_chronology/chronology_monthly.csv,price_family_ma12_structural_linked,incumbent_demand_capital_markets__ma12_price_affordability
district_of_columbia_dc__county,2024-03-31,demand,affordability,0.2383333333333333,0.1,0.02383333333333333,0.1461347301173116,True,ma12_price_family_challenger,artifacts/regime/comparisons/price_family_structural_windows/price_family_ma12_structural_linked/phase2_chronology/chronology_monthly.csv,price_family_ma12_structural_linked,incumbent_demand_capital_markets__ma12_price_affordability
district_of_columbia_dc__county,2024-03-31,demand,capital_markets,-0.42046215494412076,0.1,-0.04204621549441208,0.1461347301173116,True,incumbent_dimension_history,artifacts/regime/runs/macro_regime_v1_bps120_sources/dimension_scores.parquet,price_family_ma12_structural_linked,incumbent_demand_capital_markets__ma12_price_affordability
district_of_columbia_dc__county,2024-04-30,demand,demand,0.1831843607701731,0.65,0.11906983450061252,0.030333258646238863,True,incumbent_dimension_history,artifacts/regime/runs/macro_regime_v1_bps120_sources/dimension_scores.parquet,price_family_ma12_structural_linked,incumbent_demand_capital_markets__ma12_price_affordability
district_of_columbia_dc__county,2024-04-30,demand,price,-0.4416666666666667,0.15,-0.06625,0.030333258646238863,True,ma12_price_family_challenger,artifacts/regime/comparisons/price_family_structural_windows/price_family_ma12_structural_linked/phase2_chronology/chronology_monthly.csv,price_family_ma12_structural_linked,incumbent_demand_capital_markets__ma12_price_affordability
district_of_columbia_dc__county,2024-04-30,demand,affordability,0.1583333333333333,0.1,0.01583333333333333,0.030333258646238863,True,ma12_price_family_challenger,artifacts/regime/comparisons/price_family_structural_windows/price_family_ma12_structural_linked/phase2_chronology/chronology_monthly.csv,price_family_ma12_structural_linked,incumbent_demand_capital_markets__ma12_price_affordability
district_of_columbia_dc__county,2024-04-30,demand,capital_markets,-0.3831990918770698,0.1,-0.03831990918770698,0.030333258646238863,True,incumbent_dimension_history,artifacts/regime/runs/macro_regime_v1_bps120_sources/dimension_scores.parquet,price_family_ma12_structural_linked,incumbent_demand_capital_markets__ma12_price_affordability
district_of_columbia_dc__county,2024-05-31,demand,demand,-0.026815639229826847,0.65,-0.017430165499387452,-0.08873044079115133,True,incumbent_dimension_history,artifacts/regime/runs/macro_regime_v1_bps120_sources/dimension_scores.parquet,price_family_ma12_structural_linked,incumbent_demand_capital_markets__ma12_price_affordability
district_of_columbia_dc__county,2024-05-31,demand,price,-0.2816666666666667,0.15,-0.04225,-0.08873044079115133,True,ma12_price_family_challenger,artifacts/regime/comparisons/price_family_structural_windows/price_family_ma12_structural_linked/phase2_chronology/chronology_monthly.csv,price_family_ma12_structural_linked,incumbent_demand_capital_markets__ma12_price_affordability
district_of_columbia_dc__county,2024-05-31,demand,affordability,0.1416666666666666,0.1,0.01416666666666666,-0.08873044079115133,True,ma12_price_family_challenger,artifacts/regime/comparisons/price_family_structural_windows/price_family_ma12_structural_linked/phase2_chronology/chronology_monthly.csv,price_family_ma12_structural_linked,incumbent_demand_capital_markets__ma12_price_affordability
district_of_columbia_dc__county,2024-05-31,demand,capital_markets,-0.4321694195843054,0.1,-0.04321694195843054,-0.08873044079115133,True,incumbent_dimension_history,artifacts/regime/runs/macro_regime_v1_bps120_sources/dimension_scores.parquet,price_family_ma12_structural_linked,incumbent_demand_capital_markets__ma12_price_affordability
district_of_columbia_dc__county,2024-06-30,demand,demand,0.13415658299239536,0.65,0.08720177894505698,0.06959245837962151,True,incumbent_dimension_history,artifacts/regime/runs/macro_regime_v1_bps120_sources/dimension_scores.parquet,price_family_ma12_structural_linked,incumbent_demand_capital_markets__ma12_price_affordability
district_of_columbia_dc__county,2024-06-30,demand,price,0.05,0.15,0.0075,0.06959245837962151,True,ma12_price_family_challenger,artifacts/regime/comparisons/price_family_structural_windows/price_family_ma12_structural_linked/phase2_chronology/chronology_monthly.csv,price_family_ma12_structural_linked,incumbent_demand_capital_markets__ma12_price_affordability
district_of_columbia_dc__county,2024-06-30,demand,affordability,0.0541666666666667,0.1,0.00541666666666667,0.06959245837962151,True,ma12_price_family_challenger,artifacts/regime/comparisons/price_family_structural_windows/price_family_ma12_structural_linked/phase2_chronology/chronology_monthly.csv,price_family_ma12_structural_linked,incumbent_demand_capital_markets__ma12_price_affordability
district_of_columbia_dc__county,2024-06-30,demand,capital_markets,-0.3052598723210214,0.1,-0.030525987232102144,0.06959245837962151,True,incumbent_dimension_history,artifacts/regime/runs/macro_regime_v1_bps120_sources/dimension_scores.parquet,price_family_ma12_structural_linked,incumbent_demand_capital_markets__ma12_price_affordability
district_of_columbia_dc__county,2024-07-31,demand,demand,0.15860102743683976,0.65,0.10309066783394585,0.10364823948731214,True,incumbent_dimension_history,artifacts/regime/runs/macro_regime_v1_bps120_sources/dimension_scores.parquet,price_family_ma12_structural_linked,incumbent_demand_capital_markets__ma12_price_affordability
district_of_columbia_dc__county,2024-07-31,demand,price,0.0999999999999999,0.15,0.014999999999999984,0.10364823948731214,True,ma12_price_family_challenger,artifacts/regime/comparisons/price_family_structural_windows/price_family_ma12_structural_linked/phase2_chronology/chronology_monthly.csv,price_family_ma12_structural_linked,incumbent_demand_capital_markets__ma12_price_affordability
district_of_columbia_dc__county,2024-07-31,demand,affordability,0.065,0.1,0.006500000000000001,0.10364823948731214,True,ma12_price_family_challenger,artifacts/regime/comparisons/price_family_structural_windows/price_family_ma12_structural_linked/phase2_chronology/chronology_monthly.csv,price_family_ma12_structural_linked,incumbent_demand_capital_markets__ma12_price_affordability
district_of_columbia_dc__county,2024-07-31,demand,capital_markets,-0.209424283466337,0.1,-0.020942428346633703,0.10364823948731214,True,incumbent_dimension_history,artifacts/regime/runs/macro_regime_v1_bps120_sources/dimension_scores.parquet,price_family_ma12_structural_linked,incumbent_demand_capital_markets__ma12_price_affordability
district_of_columbia_dc__county,2024-08-31,demand,demand,-0.10195452811871576,0.65,-0.06627044327716525,-0.029134051226894747,True,incumbent_dimension_history,artifacts/regime/runs/macro_regime_v1_bps120_sources/dimension_scores.parquet,price_family_ma12_structural_linked,incumbent_demand_capital_markets__ma12_price_affordability
district_of_columbia_dc__county,2024-08-31,demand,price,0.1066666666666666,0.15,0.01599999999999999,-0.029134051226894747,True,ma12_price_family_challenger,artifacts/regime/comparisons/price_family_structural_windows/price_family_ma12_structural_linked/phase2_chronology/chronology_monthly.csv,price_family_ma12_structural_linked,incumbent_demand_capital_markets__ma12_price_affordability
district_of_columbia_dc__county,2024-08-31,demand,affordability,0.21,0.1,0.021,-0.029134051226894747,True,ma12_price_family_challenger,artifacts/regime/comparisons/price_family_structural_windows/price_family_ma12_structural_linked/phase2_chronology/chronology_monthly.csv,price_family_ma12_structural_linked,incumbent_demand_capital_markets__ma12_price_affordability
district_of_columbia_dc__county,2024-08-31,demand,capital_markets,0.0013639205027051234,0.1,0.00013639205027051235,-0.029134051226894747,True,incumbent_dimension_history,artifacts/regime/runs/macro_regime_v1_bps120_sources/dimension_scores.parquet,price_family_ma12_structural_linked,incumbent_demand_capital_markets__ma12_price_affordability
district_of_columbia_dc__county,2024-09-30,demand,demand,0.09998991632572869,0.65,0.06499344561172365,0.08367242756727097,True,incumbent_dimension_history,artifacts/regime/runs/macro_regime_v1_bps120_sources/dimension_scores.parquet,price_family_ma12_structural_linked,incumbent_demand_capital_markets__ma12_price_affordability
district_of_columbia_dc__county,2024-09-30,demand,price,-0.2199999999999999,0.15,-0.03299999999999998,0.08367242756727097,True,ma12_price_family_challenger,artifacts/regime/comparisons/price_family_structural_windows/price_family_ma12_structural_linked/phase2_chronology/chronology_monthly.csv,price_family_ma12_structural_linked,incumbent_demand_capital_markets__ma12_price_affordability
district_of_columbia_dc__county,2024-09-30,demand,affordability,0.3783333333333333,0.1,0.03783333333333333,0.08367242756727097,True,ma12_price_family_challenger,artifacts/regime/comparisons/price_family_structural_windows/price_family_ma12_structural_linked/phase2_chronology/chronology_monthly.csv,price_family_ma12_structural_linked,incumbent_demand_capital_markets__ma12_price_affordability
district_of_columbia_dc__county,2024-09-30,demand,capital_markets,0.13845648622213969,0.1,0.01384564862221397,0.08367242756727097,True,incumbent_dimension_history,artifacts/regime/runs/macro_regime_v1_bps120_sources/dimension_scores.parquet,price_family_ma12_structural_linked,incumbent_demand_capital_markets__ma12_price_affordability
district_of_columbia_dc__county,2024-10-31,demand,demand,0.07471213854795088,0.65,0.048562890056168075,0.01876896942200772,True,incumbent_dimension_history,artifacts/regime/runs/macro_regime_v1_bps120_sources/dimension_scores.parquet,price_family_ma12_structural_linked,incumbent_demand_capital_markets__ma12_price_affordability
district_of_columbia_dc__county,2024-10-31,demand,price,-0.3233333333333333,0.15,-0.048499999999999995,0.01876896942200772,True,ma12_price_family_challenger,artifacts/regime/comparisons/price_family_structural_windows/price_family_ma12_structural_linked/phase2_chronology/chronology_monthly.csv,price_family_ma12_structural_linked,incumbent_demand_capital_markets__ma12_price_affordability
district_of_columbia_dc__county,2024-10-31,demand,affordability,0.4145,0.1,0.04145,0.01876896942200772,True,ma12_price_family_challenger,artifacts/regime/comparisons/price_family_structural_windows/price_family_ma12_structural_linked/phase2_chronology/chronology_monthly.csv,price_family_ma12_structural_linked,incumbent_demand_capital_markets__ma12_price_affordability
district_of_columbia_dc__county,2024-10-31,demand,capital_markets,-0.22743920634160358,0.1,-0.02274392063416036,0.01876896942200772,True,incumbent_dimension_history,artifacts/regime/runs/macro_regime_v1_bps120_sources/dimension_scores.parquet,price_family_ma12_structural_linked,incumbent_demand_capital_markets__ma12_price_affordability
district_of_columbia_dc__county,2024-11-30,demand,demand,0.004989916325728663,0.65,0.003243445611723631,-0.032774441764058485,True,incumbent_dimension_history,artifacts/regime/runs/macro_regime_v1_bps120_sources/dimension_scores.parquet,price_family_ma12_structural_linked,incumbent_demand_capital_markets__ma12_price_affordability
district_of_columbia_dc__county,2024-11-30,demand,price,-0.23,0.15,-0.0345,-0.032774441764058485,True,ma12_price_family_challenger,artifacts/regime/comparisons/price_family_structural_windows/price_family_ma12_structural_linked/phase2_chronology/chronology_monthly.csv,price_family_ma12_structural_linked,incumbent_demand_capital_markets__ma12_price_affordability
district_of_columbia_dc__county,2024-11-30,demand,affordability,0.1625,0.1,0.01625,-0.032774441764058485,True,ma12_price_family_challenger,artifacts/regime/comparisons/price_family_structural_windows/price_family_ma12_structural_linked/phase2_chronology/chronology_monthly.csv,price_family_ma12_structural_linked,incumbent_demand_capital_markets__ma12_price_affordability
district_of_columbia_dc__county,2024-11-30,demand,capital_markets,-0.1776788737578211,0.1,-0.01776788737578211,-0.032774441764058485,True,incumbent_dimension_history,artifacts/regime/runs/macro_regime_v1_bps120_sources/dimension_scores.parquet,price_family_ma12_structural_linked,incumbent_demand_capital_markets__ma12_price_affordability
district_of_columbia_dc__county,2024-12-31,demand,demand,0.07358419759971112,0.65,0.04782972843981223,0.010066550653105029,True,incumbent_dimension_history,artifacts/regime/runs/macro_regime_v1_bps120_sources/dimension_scores.parquet,price_family_ma12_structural_linked,incumbent_demand_capital_markets__ma12_price_affordability
district_of_columbia_dc__county,2024-12-31,demand,price,-0.09,0.15,-0.0135,0.010066550653105029,True,ma12_price_family_challenger,artifacts/regime/comparisons/price_family_structural_windows/price_family_ma12_structural_linked/phase2_chronology/chronology_monthly.csv,price_family_ma12_structural_linked,incumbent_demand_capital_markets__ma12_price_affordability
district_of_columbia_dc__county,2024-12-31,demand,affordability,-0.0616666666666667,0.1,-0.006166666666666671,0.010066550653105029,True,ma12_price_family_challenger,artifacts/regime/comparisons/price_family_structural_windows/price_family_ma12_structural_linked/phase2_chronology/chronology_monthly.csv,price_family_ma12_structural_linked,incumbent_demand_capital_markets__ma12_price_affordability
district_of_columbia_dc__county,2024-12-31,demand,capital_markets,-0.18096511120040532,0.1,-0.018096511120040532,0.010066550653105029,True,incumbent_dimension_history,artifacts/regime/runs/macro_regime_v1_bps120_sources/dimension_scores.parquet,price_family_ma12_structural_linked,incumbent_demand_capital_markets__ma12_price_affordability
district_of_columbia_dc__county,2025-01-31,demand,demand,0.027334197599711098,0.65,0.017767228439812214,-0.0709070079445755,True,incumbent_dimension_history,artifacts/regime/runs/macro_regime_v1_bps120_sources/dimension_scores.parquet,price_family_ma12_structural_linked,incumbent_demand_capital_markets__ma12_price_affordability
district_of_columbia_dc__county,2025-01-31,demand,price,-0.3333333333333333,0.15,-0.049999999999999996,-0.0709070079445755,True,ma12_price_family_challenger,artifacts/regime/comparisons/price_family_structural_windows/price_family_ma12_structural_linked/phase2_chronology/chronology_monthly.csv,price_family_ma12_structural_linked,incumbent_demand_capital_markets__ma12_price_affordability
district_of_columbia_dc__county,2025-01-31,demand,affordability,-0.0425,0.1,-0.00425,-0.0709070079445755,True,ma12_price_family_challenger,artifacts/regime/comparisons/price_family_structural_windows/price_family_ma12_structural_linked/phase2_chronology/chronology_monthly.csv,price_family_ma12_structural_linked,incumbent_demand_capital_markets__ma12_price_affordability
district_of_columbia_dc__county,2025-01-31,demand,capital_markets,-0.3442423638438771,0.1,-0.034424236384387706,-0.0709070079445755,True,incumbent_dimension_history,artifacts/regime/runs/macro_regime_v1_bps120_sources/dimension_scores.parquet,price_family_ma12_structural_linked,incumbent_demand_capital_markets__ma12_price_affordability
district_of_columbia_dc__county,2025-02-28,demand,demand,0.1335841975997111,0.65,0.08682972843981222,0.05434349561856797,True,incumbent_dimension_history,artifacts/regime/runs/macro_regime_v1_bps120_sources/dimension_scores.parquet,price_family_ma12_structural_linked,incumbent_demand_capital_markets__ma12_price_affordability
district_of_columbia_dc__county,2025-02-28,demand,price,-0.1783333333333333,0.15,-0.026749999999999993,0.05434349561856797,True,ma12_price_family_challenger,artifacts/regime/comparisons/price_family_structural_windows/price_family_ma12_structural_linked/phase2_chronology/chronology_monthly.csv,price_family_ma12_structural_linked,incumbent_demand_capital_markets__ma12_price_affordability
district_of_columbia_dc__county,2025-02-28,demand,affordability,0.0299999999999999,0.1,0.00299999999999999,0.05434349561856797,True,ma12_price_family_challenger,artifacts/regime/comparisons/price_family_structural_windows/price_family_ma12_structural_linked/phase2_chronology/chronology_monthly.csv,price_family_ma12_structural_linked,incumbent_demand_capital_markets__ma12_price_affordability
district_of_columbia_dc__county,2025-02-28,demand,capital_markets,-0.08736232821244244,0.1,-0.008736232821244245,0.05434349561856797,True,incumbent_dimension_history,artifacts/regime/runs/macro_regime_v1_bps120_sources/dimension_scores.parquet,price_family_ma12_structural_linked,incumbent_demand_capital_markets__ma12_price_affordability
district_of_columbia_dc__county,2025-03-31,demand,demand,-0.05002691351140001,0.65,-0.032517493782410006,-0.07401845566481556,True,incumbent_dimension_history,artifacts/regime/runs/macro_regime_v1_bps120_sources/dimension_scores.parquet,price_family_ma12_structural_linked,incumbent_demand_capital_markets__ma12_price_affordability
district_of_columbia_dc__county,2025-03-31,demand,price,-0.2233333333333333,0.15,-0.033499999999999995,-0.07401845566481556,True,ma12_price_family_challenger,artifacts/regime/comparisons/price_family_structural_windows/price_family_ma12_structural_linked/phase2_chronology/chronology_monthly.csv,price_family_ma12_structural_linked,incumbent_demand_capital_markets__ma12_price_affordability
district_of_columbia_dc__county,2025-03-31,demand,affordability,0.0158333333333333,0.1,0.00158333333333333,-0.07401845566481556,True,ma12_price_family_challenger,artifacts/regime/comparisons/price_family_structural_windows/price_family_ma12_structural_linked/phase2_chronology/chronology_monthly.csv,price_family_ma12_structural_linked,incumbent_demand_capital_markets__ma12_price_affordability
district_of_columbia_dc__county,2025-03-31,demand,capital_markets,-0.09584295215738882,0.1,-0.009584295215738883,-0.07401845566481556,True,incumbent_dimension_history,artifacts/regime/runs/macro_regime_v1_bps120_sources/dimension_scores.parquet,price_family_ma12_structural_linked,incumbent_demand_capital_markets__ma12_price_affordability
district_of_columbia_dc__county,2025-04-30,demand,demand,0.002611975377488881,0.65,0.0016977839953677728,-0.008401379569818457,True,incumbent_dimension_history,artifacts/regime/runs/macro_regime_v1_bps120_sources/dimension_scores.parquet,price_family_ma12_structural_linked,incumbent_demand_capital_markets__ma12_price_affordability
district_of_columbia_dc__county,2025-04-30,demand,price,0.1533333333333333,0.15,0.022999999999999993,-0.008401379569818457,True,ma12_price_family_challenger,artifacts/regime/comparisons/price_family_structural_windows/price_family_ma12_structural_linked/phase2_chronology/chronology_monthly.csv,price_family_ma12_structural_linked,incumbent_demand_capital_markets__ma12_price_affordability
district_of_columbia_dc__county,2025-04-30,demand,affordability,-0.0783333333333333,0.1,-0.00783333333333333,-0.008401379569818457,True,ma12_price_family_challenger,artifacts/regime/comparisons/price_family_structural_windows/price_family_ma12_structural_linked/phase2_chronology/chronology_monthly.csv,price_family_ma12_structural_linked,incumbent_demand_capital_markets__ma12_price_affordability
district_of_columbia_dc__county,2025-04-30,demand,capital_markets,-0.2526583023185289,0.1,-0.025265830231852894,-0.008401379569818457,True,incumbent_dimension_history,artifacts/regime/runs/macro_regime_v1_bps120_sources/dimension_scores.parquet,price_family_ma12_structural_linked,incumbent_demand_capital_markets__ma12_price_affordability
district_of_columbia_dc__county,2025-05-31,demand,demand,-0.08780469128917777,0.65,-0.05707304933796555,-0.0931275937457723,True,incumbent_dimension_history,artifacts/regime/runs/macro_regime_v1_bps120_sources/dimension_scores.parquet,price_family_ma12_structural_linked,incumbent_demand_capital_markets__ma12_price_affordability
district_of_columbia_dc__county,2025-05-31,demand,price,-0.0483333333333333,0.15,-0.007249999999999994,-0.0931275937457723,True,ma12_price_family_challenger,artifacts/regime/comparisons/price_family_structural_windows/price_family_ma12_structural_linked/phase2_chronology/chronology_monthly.csv,price_family_ma12_structural_linked,incumbent_demand_capital_markets__ma12_price_affordability
district_of_columbia_dc__county,2025-05-31,demand,affordability,-0.0874999999999999,0.1,-0.00874999999999999,-0.0931275937457723,True,ma12_price_family_challenger,artifacts/regime/comparisons/price_family_structural_windows/price_family_ma12_structural_linked/phase2_chronology/chronology_monthly.csv,price_family_ma12_structural_linked,incumbent_demand_capital_markets__ma12_price_affordability
district_of_columbia_dc__county,2025-05-31,demand,capital_markets,-0.20054544407806757,0.1,-0.020054544407806758,-0.0931275937457723,True,incumbent_dimension_history,artifacts/regime/runs/macro_regime_v1_bps120_sources/dimension_scores.parquet,price_family_ma12_structural_linked,incumbent_demand_capital_markets__ma12_price_affordability
district_of_columbia_dc__county,2025-06-30,demand,demand,0.10733419759971109,0.65,0.06976722843981222,0.012084103133889579,True,incumbent_dimension_history,artifacts/regime/runs/macro_regime_v1_bps120_sources/dimension_scores.parquet,price_family_ma12_structural_linked,incumbent_demand_capital_markets__ma12_price_affordability
district_of_columbia_dc__county,2025-06-30,demand,price,-0.2299999999999999,0.15,-0.03449999999999998,0.012084103133889579,True,ma12_price_family_challenger,artifacts/regime/comparisons/price_family_structural_windows/price_family_ma12_structural_linked/phase2_chronology/chronology_monthly.csv,price_family_ma12_structural_linked,incumbent_demand_capital_markets__ma12_price_affordability
district_of_columbia_dc__county,2025-06-30,demand,affordability,-0.0749999999999999,0.1,-0.00749999999999999,0.012084103133889579,True,ma12_price_family_challenger,artifacts/regime/comparisons/price_family_structural_windows/price_family_ma12_structural_linked/phase2_chronology/chronology_monthly.csv,price_family_ma12_structural_linked,incumbent_demand_capital_markets__ma12_price_affordability
district_of_columbia_dc__county,2025-06-30,demand,capital_markets,-0.15683125305922663,0.1,-0.015683125305922665,0.012084103133889579,True,incumbent_dimension_history,artifacts/regime/runs/macro_regime_v1_bps120_sources/dimension_scores.parquet,price_family_ma12_structural_linked,incumbent_demand_capital_markets__ma12_price_affordability
district_of_columbia_dc__county,2025-07-31,demand,demand,-0.015165802400288907,0.65,-0.00985777156018779,-0.07321883277428799,True,incumbent_dimension_history,artifacts/regime/runs/macro_regime_v1_bps120_sources/dimension_scores.parquet,price_family_ma12_structural_linked,incumbent_demand_capital_markets__ma12_price_affordability
district_of_columbia_dc__county,2025-07-31,demand,price,-0.33,0.15,-0.0495,-0.07321883277428799,True,ma12_price_family_challenger,artifacts/regime/comparisons/price_family_structural_windows/price_family_ma12_structural_linked/phase2_chronology/chronology_monthly.csv,price_family_ma12_structural_linked,incumbent_demand_capital_markets__ma12_price_affordability
district_of_columbia_dc__county,2025-07-31,demand,affordability,0.0366666666666666,0.1,0.00366666666666666,-0.07321883277428799,True,ma12_price_family_challenger,artifacts/regime/comparisons/price_family_structural_windows/price_family_ma12_structural_linked/phase2_chronology/chronology_monthly.csv,price_family_ma12_structural_linked,incumbent_demand_capital_markets__ma12_price_affordability
district_of_columbia_dc__county,2025-07-31,demand,capital_markets,-0.1752772788076686,0.1,-0.017527727880766862,-0.07321883277428799,True,incumbent_dimension_history,artifacts/regime/runs/macro_regime_v1_bps120_sources/dimension_scores.parquet,price_family_ma12_structural_linked,incumbent_demand_capital_markets__ma12_price_affordability
district_of_columbia_dc__county,2025-08-31,demand,demand,-0.16544358017806657,0.65,-0.10753832711574328,-0.16642751494440816,True,incumbent_dimension_history,artifacts/regime/runs/macro_regime_v1_bps120_sources/dimension_scores.parquet,price_family_ma12_structural_linked,incumbent_demand_capital_markets__ma12_price_affordability
district_of_columbia_dc__county,2025-08-31,demand,price,-0.3333333333333333,0.15,-0.049999999999999996,-0.16642751494440816,True,ma12_price_family_challenger,artifacts/regime/comparisons/price_family_structural_windows/price_family_ma12_structural_linked/phase2_chronology/chronology_monthly.csv,price_family_ma12_structural_linked,incumbent_demand_capital_markets__ma12_price_affordability
district_of_columbia_dc__county,2025-08-31,demand,affordability,0.025,0.1,0.0025000000000000005,-0.16642751494440816,True,ma12_price_family_challenger,artifacts/regime/comparisons/price_family_structural_windows/price_family_ma12_structural_linked/phase2_chronology/chronology_monthly.csv,price_family_ma12_structural_linked,incumbent_demand_capital_markets__ma12_price_affordability
district_of_columbia_dc__county,2025-08-31,demand,capital_markets,-0.11389187828664891,0.1,-0.011389187828664892,-0.16642751494440816,True,incumbent_dimension_history,artifacts/regime/runs/macro_regime_v1_bps120_sources/dimension_scores.parquet,price_family_ma12_structural_linked,incumbent_demand_capital_markets__ma12_price_affordability
district_of_columbia_dc__county,2025-09-30,demand,demand,-0.027804691289177785,0.65,-0.018073049337965563,-0.04895168509569601,True,incumbent_dimension_history,artifacts/regime/runs/macro_regime_v1_bps120_sources/dimension_scores.parquet,price_family_ma12_structural_linked,incumbent_demand_capital_markets__ma12_price_affordability
district_of_columbia_dc__county,2025-09-30,demand,price,-0.0966666666666666,0.15,-0.014499999999999989,-0.04895168509569601,True,ma12_price_family_challenger,artifacts/regime/comparisons/price_family_structural_windows/price_family_ma12_structural_linked/phase2_chronology/chronology_monthly.csv,price_family_ma12_structural_linked,incumbent_demand_capital_markets__ma12_price_affordability
district_of_columbia_dc__county,2025-09-30,demand,affordability,-0.0233333333333333,0.1,-0.00233333333333333,-0.04895168509569601,True,ma12_price_family_challenger,artifacts/regime/comparisons/price_family_structural_windows/price_family_ma12_structural_linked/phase2_chronology/chronology_monthly.csv,price_family_ma12_structural_linked,incumbent_demand_capital_markets__ma12_price_affordability
district_of_columbia_dc__county,2025-09-30,demand,capital_markets,-0.14045302424397124,0.1,-0.014045302424397124,-0.04895168509569601,True,incumbent_dimension_history,artifacts/regime/runs/macro_regime_v1_bps120_sources/dimension_scores.parquet,price_family_ma12_structural_linked,incumbent_demand_capital_markets__ma12_price_affordability
district_of_columbia_dc__county,2025-10-31,demand,demand,-0.027804691289177785,0.65,-0.018073049337965563,-0.044706337888495484,True,incumbent_dimension_history,artifacts/regime/runs/macro_regime_v1_bps120_sources/dimension_scores.parquet,price_family_ma12_structural_linked,incumbent_demand_capital_markets__ma12_price_affordability
district_of_columbia_dc__county,2025-10-31,demand,price,-0.0883333333333333,0.15,-0.013249999999999996,-0.044706337888495484,True,ma12_price_family_challenger,artifacts/regime/comparisons/price_family_structural_windows/price_family_ma12_structural_linked/phase2_chronology/chronology_monthly.csv,price_family_ma12_structural_linked,incumbent_demand_capital_markets__ma12_price_affordability
district_of_columbia_dc__county,2025-10-31,demand,affordability,-0.0183333333333333,0.1,-0.00183333333333333,-0.044706337888495484,True,ma12_price_family_challenger,artifacts/regime/comparisons/price_family_structural_windows/price_family_ma12_structural_linked/phase2_chronology/chronology_monthly.csv,price_family_ma12_structural_linked,incumbent_demand_capital_markets__ma12_price_affordability
district_of_columbia_dc__county,2025-10-31,demand,capital_markets,-0.11549955217196596,0.1,-0.011549955217196596,-0.044706337888495484,True,incumbent_dimension_history,artifacts/regime/runs/macro_regime_v1_bps120_sources/dimension_scores.parquet,price_family_ma12_structural_linked,incumbent_demand_capital_markets__ma12_price_affordability
district_of_columbia_dc__county,2025-11-30,demand,demand,0.024417530933044423,0.65,0.015871395106478874,-0.015274264008888,True,incumbent_dimension_history,artifacts/regime/runs/macro_regime_v1_bps120_sources/dimension_scores.parquet,price_family_ma12_structural_linked,incumbent_demand_capital_markets__ma12_price_affordability
district_of_columbia_dc__county,2025-11-30,demand,price,-0.1866666666666667,0.15,-0.028000000000000004,-0.015274264008888,True,ma12_price_family_challenger,artifacts/regime/comparisons/price_family_structural_windows/price_family_ma12_structural_linked/phase2_chronology/chronology_monthly.csv,price_family_ma12_structural_linked,incumbent_demand_capital_markets__ma12_price_affordability
district_of_columbia_dc__county,2025-11-30,demand,affordability,0.08,0.1,0.008,-0.015274264008888,True,ma12_price_family_challenger,artifacts/regime/comparisons/price_family_structural_windows/price_family_ma12_structural_linked/phase2_chronology/chronology_monthly.csv,price_family_ma12_structural_linked,incumbent_demand_capital_markets__ma12_price_affordability
district_of_columbia_dc__county,2025-11-30,demand,capital_markets,-0.11145659115366871,0.1,-0.011145659115366871,-0.015274264008888,True,incumbent_dimension_history,artifacts/regime/runs/macro_regime_v1_bps120_sources/dimension_scores.parquet,price_family_ma12_structural_linked,incumbent_demand_capital_markets__ma12_price_affordability
district_of_columbia_dc__county,2025-12-31,demand,demand,0.02413975315526664,0.65,0.015690839550923315,-0.023305938025596745,True,incumbent_dimension_history,artifacts/regime/runs/macro_regime_v1_bps120_sources/dimension_scores.parquet,price_family_ma12_structural_linked,incumbent_demand_capital_markets__ma12_price_affordability
district_of_columbia_dc__county,2025-12-31,demand,price,-0.1036666666666666,0.15,-0.01554999999999999,-0.023305938025596745,True,ma12_price_family_challenger,artifacts/regime/comparisons/price_family_structural_windows/price_family_ma12_structural_linked/phase2_chronology/chronology_monthly.csv,price_family_ma12_structural_linked,incumbent_demand_capital_markets__ma12_price_affordability
district_of_columbia_dc__county,2025-12-31,demand,affordability,-0.0475,0.1,-0.004750000000000001,-0.023305938025596745,True,ma12_price_family_challenger,artifacts/regime/comparisons/price_family_structural_windows/price_family_ma12_structural_linked/phase2_chronology/chronology_monthly.csv,price_family_ma12_structural_linked,incumbent_demand_capital_markets__ma12_price_affordability
district_of_columbia_dc__county,2025-12-31,demand,capital_markets,-0.18696777576520068,0.1,-0.01869677757652007,-0.023305938025596745,True,incumbent_dimension_history,artifacts/regime/runs/macro_regime_v1_bps120_sources/dimension_scores.parquet,price_family_ma12_structural_linked,incumbent_demand_capital_markets__ma12_price_affordability
district_of_columbia_dc__county,2026-01-31,demand,demand,-0.1064158024002889,0.65,-0.06917027156018779,-0.0556047788126275,True,incumbent_dimension_history,artifacts/regime/runs/macro_regime_v1_bps120_sources/dimension_scores.parquet,price_family_ma12_structural_linked,incumbent_demand_capital_markets__ma12_price_affordability
district_of_columbia_dc__county,2026-01-31,demand,price,0.288,0.15,0.043199999999999995,-0.0556047788126275,True,ma12_price_family_challenger,artifacts/regime/comparisons/price_family_structural_windows/price_family_ma12_structural_linked/phase2_chronology/chronology_monthly.csv,price_family_ma12_structural_linked,incumbent_demand_capital_markets__ma12_price_affordability
district_of_columbia_dc__county,2026-01-31,demand,affordability,-0.1391666666666667,0.1,-0.01391666666666667,-0.0556047788126275,True,ma12_price_family_challenger,artifacts/regime/comparisons/price_family_structural_windows/price_family_ma12_structural_linked/phase2_chronology/chronology_monthly.csv,price_family_ma12_structural_linked,incumbent_demand_capital_markets__ma12_price_affordability
district_of_columbia_dc__county,2026-01-31,demand,capital_markets,-0.15717840585773032,0.1,-0.015717840585773035,-0.0556047788126275,True,incumbent_dimension_history,artifacts/regime/runs/macro_regime_v1_bps120_sources/dimension_scores.parquet,price_family_ma12_structural_linked,incumbent_demand_capital_markets__ma12_price_affordability
district_of_columbia_dc__county,2026-02-28,demand,demand,0.0935841975997111,0.65,0.060829728439812214,0.0595938953425993,True,incumbent_dimension_history,artifacts/regime/runs/macro_regime_v1_bps120_sources/dimension_scores.parquet,price_family_ma12_structural_linked,incumbent_demand_capital_markets__ma12_price_affordability
district_of_columbia_dc__county,2026-02-28,demand,price,0.078,0.15,0.0117,0.0595938953425993,True,ma12_price_family_challenger,artifacts/regime/comparisons/price_family_structural_windows/price_family_ma12_structural_linked/phase2_chronology/chronology_monthly.csv,price_family_ma12_structural_linked,incumbent_demand_capital_markets__ma12_price_affordability
district_of_columbia_dc__county,2026-02-28,demand,affordability,-0.0075,0.1,-0.00075,0.0595938953425993,True,ma12_price_family_challenger,artifacts/regime/comparisons/price_family_structural_windows/price_family_ma12_structural_linked/phase2_chronology/chronology_monthly.csv,price_family_ma12_structural_linked,incumbent_demand_capital_markets__ma12_price_affordability
district_of_columbia_dc__county,2026-02-28,demand,capital_markets,-0.1218583309721292,0.1,-0.01218583309721292,0.0595938953425993,True,incumbent_dimension_history,artifacts/regime/runs/macro_regime_v1_bps120_sources/dimension_scores.parquet,price_family_ma12_structural_linked,incumbent_demand_capital_markets__ma12_price_affordability
district_of_columbia_dc__county,2026-03-31,demand,demand,0.031778642044155564,0.65,0.020656117328701117,-0.01880862628854839,True,incumbent_dimension_history,artifacts/regime/runs/macro_regime_v1_bps120_sources/dimension_scores.parquet,price_family_ma12_structural_linked,incumbent_demand_capital_markets__ma12_price_affordability
district_of_columbia_dc__county,2026-03-31,demand,price,-0.0636666666666666,0.15,-0.009549999999999989,-0.01880862628854839,True,ma12_price_family_challenger,artifacts/regime/comparisons/price_family_structural_windows/price_family_ma12_structural_linked/phase2_chronology/chronology_monthly.csv,price_family_ma12_structural_linked,incumbent_demand_capital_markets__ma12_price_affordability
district_of_columbia_dc__county,2026-03-31,demand,affordability,-0.0766666666666666,0.1,-0.007666666666666661,-0.01880862628854839,True,ma12_price_family_challenger,artifacts/regime/comparisons/price_family_structural_windows/price_family_ma12_structural_linked/phase2_chronology/chronology_monthly.csv,price_family_ma12_structural_linked,incumbent_demand_capital_markets__ma12_price_affordability
district_of_columbia_dc__county,2026-03-31,demand,capital_markets,-0.2224807695058285,0.1,-0.022248076950582854,-0.01880862628854839,True,incumbent_dimension_history,artifacts/regime/runs/macro_regime_v1_bps120_sources/dimension_scores.parquet,price_family_ma12_structural_linked,incumbent_demand_capital_markets__ma12_price_affordability
district_of_columbia_dc__county,2026-04-30,demand,demand,0.0673341975997111,0.65,0.04376722843981221,-0.04650245486758714,True,incumbent_dimension_history,artifacts/regime/runs/macro_regime_v1_bps120_sources/dimension_scores.parquet,price_family_ma12_structural_linked,incumbent_demand_capital_markets__ma12_price_affordability
district_of_columbia_dc__county,2026-04-30,demand,price,-0.4483333333333333,0.15,-0.06724999999999999,-0.04650245486758714,True,ma12_price_family_challenger,artifacts/regime/comparisons/price_family_structural_windows/price_family_ma12_structural_linked/phase2_chronology/chronology_monthly.csv,price_family_ma12_structural_linked,incumbent_demand_capital_markets__ma12_price_affordability
district_of_columbia_dc__county,2026-04-30,demand,affordability,0.0266666666666666,0.1,0.00266666666666666,-0.04650245486758714,True,ma12_price_family_challenger,artifacts/regime/comparisons/price_family_structural_windows/price_family_ma12_structural_linked/phase2_chronology/chronology_monthly.csv,price_family_ma12_structural_linked,incumbent_demand_capital_markets__ma12_price_affordability
district_of_columbia_dc__county,2026-04-30,demand,capital_markets,-0.25686349974066025,0.1,-0.025686349974066026,-0.04650245486758714,True,incumbent_dimension_history,artifacts/regime/runs/macro_regime_v1_bps120_sources/dimension_scores.parquet,price_family_ma12_structural_linked,incumbent_demand_capital_markets__ma12_price_affordability
district_of_columbia_dc__county,2026-05-31,demand,demand,-0.07919358017806664,0.65,-0.05147582711574332,-0.13787591579611988,True,incumbent_dimension_history,artifacts/regime/runs/macro_regime_v1_bps120_sources/dimension_scores.parquet,price_family_ma12_structural_linked,incumbent_demand_capital_markets__ma12_price_affordability
district_of_columbia_dc__county,2026-05-31,demand,price,-0.3316666666666666,0.15,-0.04974999999999999,-0.13787591579611988,True,ma12_price_family_challenger,artifacts/regime/comparisons/price_family_structural_windows/price_family_ma12_structural_linked/phase2_chronology/chronology_monthly.csv,price_family_ma12_structural_linked,incumbent_demand_capital_markets__ma12_price_affordability
district_of_columbia_dc__county,2026-05-31,demand,affordability,-0.0749999999999999,0.1,-0.00749999999999999,-0.13787591579611988,True,ma12_price_family_challenger,artifacts/regime/comparisons/price_family_structural_windows/price_family_ma12_structural_linked/phase2_chronology/chronology_monthly.csv,price_family_ma12_structural_linked,incumbent_demand_capital_markets__ma12_price_affordability
district_of_columbia_dc__county,2026-05-31,demand,capital_markets,-0.29150088680376574,0.1,-0.029150088680376576,-0.13787591579611988,True,incumbent_dimension_history,artifacts/regime/runs/macro_regime_v1_bps120_sources/dimension_scores.parquet,price_family_ma12_structural_linked,incumbent_demand_capital_markets__ma12_price_affordability
district_of_columbia_dc__county,2026-06-30,demand,demand,-0.07919358017806664,0.65,-0.05147582711574332,-0.13039815112660727,True,incumbent_dimension_history,artifacts/regime/runs/macro_regime_v1_bps120_sources/dimension_scores.parquet,price_family_ma12_structural_linked,incumbent_demand_capital_markets__ma12_price_affordability
district_of_columbia_dc__county,2026-06-30,demand,price,-0.3316666666666666,0.15,-0.04974999999999999,-0.13039815112660727,True,ma12_price_family_challenger,artifacts/regime/comparisons/price_family_structural_windows/price_family_ma12_structural_linked/phase2_chronology/chronology_monthly.csv,price_family_ma12_structural_linked,incumbent_demand_capital_markets__ma12_price_affordability
district_of_columbia_dc__county,2026-06-30,demand,affordability,-0.0749999999999999,0.1,-0.00749999999999999,-0.13039815112660727,True,ma12_price_family_challenger,artifacts/regime/comparisons/price_family_structural_windows/price_family_ma12_structural_linked/phase2_chronology/chronology_monthly.csv,price_family_ma12_structural_linked,incumbent_demand_capital_markets__ma12_price_affordability
district_of_columbia_dc__county,2026-06-30,demand,capital_markets,-0.21672324010863978,0.1,-0.02167232401086398,-0.13039815112660727,True,incumbent_dimension_history,artifacts/regime/runs/macro_regime_v1_bps120_sources/dimension_scores.parquet,price_family_ma12_structural_linked,incumbent_demand_capital_markets__ma12_price_affordability
district_of_columbia_dc__county,2026-07-31,demand,demand,-0.07919358017806664,0.65,-0.05147582711574332,-0.12611967713002367,True,incumbent_dimension_history,artifacts/regime/runs/macro_regime_v1_bps120_sources/dimension_scores.parquet,price_family_ma12_structural_linked,incumbent_demand_capital_markets__ma12_price_affordability
district_of_columbia_dc__county,2026-07-31,demand,price,-0.3316666666666666,0.15,-0.04974999999999999,-0.12611967713002367,True,ma12_price_family_challenger,artifacts/regime/comparisons/price_family_structural_windows/price_family_ma12_structural_linked/phase2_chronology/chronology_monthly.csv,price_family_ma12_structural_linked,incumbent_demand_capital_markets__ma12_price_affordability
district_of_columbia_dc__county,2026-07-31,demand,affordability,-0.0749999999999999,0.1,-0.00749999999999999,-0.12611967713002367,True,ma12_price_family_challenger,artifacts/regime/comparisons/price_family_structural_windows/price_family_ma12_structural_linked/phase2_chronology/chronology_monthly.csv,price_family_ma12_structural_linked,incumbent_demand_capital_markets__ma12_price_affordability
district_of_columbia_dc__county,2026-07-31,demand,capital_markets,-0.17393850014280368,0.1,-0.017393850014280367,-0.12611967713002367,True,incumbent_dimension_history,artifacts/regime/runs/macro_regime_v1_bps120_sources/dimension_scores.parquet,price_family_ma12_structural_linked,incumbent_demand_capital_markets__ma12_price_affordability
