candidate_id,row_type,geo_id,review_series_type,review_series_key,recommendation,independent_chronology_trigger_count,independent_attenuation_trigger_count,independent_shock_trigger_count,supporting_seasonality_overkill_count,independent_trigger_family_count,eligible_observation_count,missing_focus_geography_count,missing_required_target_series_count,contract_flag_count,chronology_delay_trigger,attenuation_trigger,seasonality_overkill_trigger,shock_suppression_trigger
price_family_ma9_structural_linked,aggregate,ALL,aggregate,aggregate,candidate_finalist_warranted,3.0,0.0,1.0,0.0,2,7.0,0.0,0.0,0.0,,,,
price_family_ma9_structural_linked,detail,20001_district_of_columbia_dc__zip,structural_price_level,median_ppsf,insufficient_evidence,,,,,0,,,,,False,False,False,False
price_family_ma9_structural_linked,detail,20001_district_of_columbia_dc__zip,structural_price_level,median_sale_price,insufficient_evidence,,,,,0,,,,,False,False,False,False
price_family_ma9_structural_linked,detail,20002_district_of_columbia_dc__zip,structural_price_level,median_ppsf,insufficient_evidence,,,,,0,,,,,False,False,False,False
price_family_ma9_structural_linked,detail,20002_district_of_columbia_dc__zip,structural_price_level,median_sale_price,insufficient_evidence,,,,,0,,,,,False,False,False,False
price_family_ma9_structural_linked,detail,20003_district_of_columbia_dc__zip,structural_price_level,median_ppsf,insufficient_evidence,,,,,0,,,,,False,False,False,False
price_family_ma9_structural_linked,detail,20003_district_of_columbia_dc__zip,structural_price_level,median_sale_price,insufficient_evidence,,,,,0,,,,,False,False,False,False
price_family_ma9_structural_linked,detail,20004_district_of_columbia_dc__zip,structural_price_level,median_ppsf,insufficient_evidence,,,,,0,,,,,False,False,False,False
price_family_ma9_structural_linked,detail,20004_district_of_columbia_dc__zip,structural_price_level,median_sale_price,insufficient_evidence,,,,,0,,,,,False,False,False,False
price_family_ma9_structural_linked,detail,20005_district_of_columbia_dc__zip,structural_price_level,median_ppsf,insufficient_evidence,,,,,0,,,,,False,False,False,False
price_family_ma9_structural_linked,detail,20005_district_of_columbia_dc__zip,structural_price_level,median_sale_price,insufficient_evidence,,,,,0,,,,,False,False,False,False
price_family_ma9_structural_linked,detail,20006_district_of_columbia_dc__zip,structural_price_level,median_ppsf,insufficient_evidence,,,,,0,,,,,False,False,False,False
price_family_ma9_structural_linked,detail,20006_district_of_columbia_dc__zip,structural_price_level,median_sale_price,insufficient_evidence,,,,,0,,,,,False,False,False,False
price_family_ma9_structural_linked,detail,20007_district_of_columbia_dc__zip,structural_price_level,median_ppsf,insufficient_evidence,,,,,0,,,,,False,False,False,False
price_family_ma9_structural_linked,detail,20007_district_of_columbia_dc__zip,structural_price_level,median_sale_price,insufficient_evidence,,,,,0,,,,,False,False,False,False
price_family_ma9_structural_linked,detail,20008_district_of_columbia_dc__zip,structural_price_level,median_ppsf,insufficient_evidence,,,,,0,,,,,False,False,False,False
price_family_ma9_structural_linked,detail,20008_district_of_columbia_dc__zip,structural_price_level,median_sale_price,insufficient_evidence,,,,,0,,,,,False,False,False,False
price_family_ma9_structural_linked,detail,20009_district_of_columbia_dc__zip,structural_price_level,median_ppsf,insufficient_evidence,,,,,0,,,,,False,False,False,False
price_family_ma9_structural_linked,detail,20009_district_of_columbia_dc__zip,structural_price_level,median_sale_price,insufficient_evidence,,,,,0,,,,,False,False,False,False
price_family_ma9_structural_linked,detail,20010_district_of_columbia_dc__zip,structural_price_level,median_ppsf,insufficient_evidence,,,,,0,,,,,False,False,False,False
price_family_ma9_structural_linked,detail,20010_district_of_columbia_dc__zip,structural_price_level,median_sale_price,insufficient_evidence,,,,,0,,,,,False,False,False,False
price_family_ma9_structural_linked,detail,20011_district_of_columbia_dc__zip,structural_price_level,median_ppsf,insufficient_evidence,,,,,0,,,,,False,False,False,False
price_family_ma9_structural_linked,detail,20011_district_of_columbia_dc__zip,structural_price_level,median_sale_price,insufficient_evidence,,,,,0,,,,,False,False,False,False
price_family_ma9_structural_linked,detail,20012_district_of_columbia_dc__zip,structural_price_level,median_ppsf,insufficient_evidence,,,,,0,,,,,False,False,False,False
price_family_ma9_structural_linked,detail,20012_district_of_columbia_dc__zip,structural_price_level,median_sale_price,insufficient_evidence,,,,,0,,,,,False,False,False,False
price_family_ma9_structural_linked,detail,20015_district_of_columbia_dc__zip,structural_price_level,median_ppsf,insufficient_evidence,,,,,0,,,,,False,False,False,False
price_family_ma9_structural_linked,detail,20015_district_of_columbia_dc__zip,structural_price_level,median_sale_price,insufficient_evidence,,,,,0,,,,,False,False,False,False
price_family_ma9_structural_linked,detail,20016_district_of_columbia_dc__zip,structural_price_level,median_ppsf,insufficient_evidence,,,,,0,,,,,False,False,False,False
price_family_ma9_structural_linked,detail,20016_district_of_columbia_dc__zip,structural_price_level,median_sale_price,insufficient_evidence,,,,,0,,,,,False,False,False,False
price_family_ma9_structural_linked,detail,20017_district_of_columbia_dc__zip,structural_price_level,median_ppsf,insufficient_evidence,,,,,0,,,,,False,False,False,False
price_family_ma9_structural_linked,detail,20017_district_of_columbia_dc__zip,structural_price_level,median_sale_price,insufficient_evidence,,,,,0,,,,,False,False,False,False
price_family_ma9_structural_linked,detail,20018_district_of_columbia_dc__zip,structural_price_level,median_ppsf,insufficient_evidence,,,,,0,,,,,False,False,False,False
price_family_ma9_structural_linked,detail,20018_district_of_columbia_dc__zip,structural_price_level,median_sale_price,insufficient_evidence,,,,,0,,,,,False,False,False,False
price_family_ma9_structural_linked,detail,20019_district_of_columbia_dc__zip,structural_price_level,median_ppsf,insufficient_evidence,,,,,0,,,,,False,False,False,False
price_family_ma9_structural_linked,detail,20019_district_of_columbia_dc__zip,structural_price_level,median_sale_price,insufficient_evidence,,,,,0,,,,,False,False,False,False
price_family_ma9_structural_linked,detail,20020_district_of_columbia_dc__zip,structural_price_level,median_ppsf,insufficient_evidence,,,,,0,,,,,False,False,False,False
price_family_ma9_structural_linked,detail,20020_district_of_columbia_dc__zip,structural_price_level,median_sale_price,insufficient_evidence,,,,,0,,,,,False,False,False,False
price_family_ma9_structural_linked,detail,20024_district_of_columbia_dc__zip,structural_price_level,median_ppsf,insufficient_evidence,,,,,0,,,,,False,False,False,False
price_family_ma9_structural_linked,detail,20024_district_of_columbia_dc__zip,structural_price_level,median_sale_price,insufficient_evidence,,,,,0,,,,,False,False,False,False
price_family_ma9_structural_linked,detail,20027_district_of_columbia_dc__zip,structural_price_level,median_ppsf,insufficient_evidence,,,,,0,,,,,False,False,False,False
price_family_ma9_structural_linked,detail,20027_district_of_columbia_dc__zip,structural_price_level,median_sale_price,insufficient_evidence,,,,,0,,,,,False,False,False,False
price_family_ma9_structural_linked,detail,20032_district_of_columbia_dc__zip,structural_price_level,median_ppsf,insufficient_evidence,,,,,0,,,,,False,False,False,False
price_family_ma9_structural_linked,detail,20032_district_of_columbia_dc__zip,structural_price_level,median_sale_price,insufficient_evidence,,,,,0,,,,,False,False,False,False
price_family_ma9_structural_linked,detail,20036_district_of_columbia_dc__zip,structural_price_level,median_ppsf,insufficient_evidence,,,,,0,,,,,False,False,False,False
price_family_ma9_structural_linked,detail,20036_district_of_columbia_dc__zip,structural_price_level,median_sale_price,insufficient_evidence,,,,,0,,,,,False,False,False,False
price_family_ma9_structural_linked,detail,20037_district_of_columbia_dc__zip,structural_price_level,median_ppsf,insufficient_evidence,,,,,0,,,,,False,False,False,False
price_family_ma9_structural_linked,detail,20037_district_of_columbia_dc__zip,structural_price_level,median_sale_price,insufficient_evidence,,,,,0,,,,,False,False,False,False
price_family_ma9_structural_linked,detail,20060_district_of_columbia_dc__zip,structural_price_level,median_ppsf,insufficient_evidence,,,,,0,,,,,False,False,False,False
price_family_ma9_structural_linked,detail,20060_district_of_columbia_dc__zip,structural_price_level,median_sale_price,insufficient_evidence,,,,,0,,,,,False,False,False,False
price_family_ma9_structural_linked,detail,20306_district_of_columbia_dc__zip,structural_price_level,median_ppsf,insufficient_evidence,,,,,0,,,,,False,False,False,False
price_family_ma9_structural_linked,detail,20306_district_of_columbia_dc__zip,structural_price_level,median_sale_price,insufficient_evidence,,,,,0,,,,,False,False,False,False
price_family_ma9_structural_linked,detail,20391_district_of_columbia_dc__zip,structural_price_level,median_ppsf,insufficient_evidence,,,,,0,,,,,False,False,False,False
price_family_ma9_structural_linked,detail,20391_district_of_columbia_dc__zip,structural_price_level,median_sale_price,insufficient_evidence,,,,,0,,,,,False,False,False,False
price_family_ma9_structural_linked,detail,20398_district_of_columbia_dc__zip,structural_price_level,median_ppsf,insufficient_evidence,,,,,0,,,,,False,False,False,False
price_family_ma9_structural_linked,detail,20398_district_of_columbia_dc__zip,structural_price_level,median_sale_price,insufficient_evidence,,,,,0,,,,,False,False,False,False
price_family_ma9_structural_linked,detail,20593_district_of_columbia_dc__zip,structural_price_level,median_ppsf,insufficient_evidence,,,,,0,,,,,False,False,False,False
price_family_ma9_structural_linked,detail,20593_district_of_columbia_dc__zip,structural_price_level,median_sale_price,insufficient_evidence,,,,,0,,,,,False,False,False,False
price_family_ma9_structural_linked,detail,20601_prince_george_s_county_md__zip,structural_price_level,median_ppsf,insufficient_evidence,,,,,0,,,,,False,False,False,False
price_family_ma9_structural_linked,detail,20601_prince_george_s_county_md__zip,structural_price_level,median_sale_price,insufficient_evidence,,,,,0,,,,,False,False,False,False
price_family_ma9_structural_linked,detail,20607_prince_george_s_county_md__zip,structural_price_level,median_ppsf,insufficient_evidence,,,,,0,,,,,False,False,False,False
price_family_ma9_structural_linked,detail,20607_prince_george_s_county_md__zip,structural_price_level,median_sale_price,insufficient_evidence,,,,,0,,,,,False,False,False,False
price_family_ma9_structural_linked,detail,20608_prince_george_s_county_md__zip,structural_price_level,median_ppsf,insufficient_evidence,,,,,0,,,,,False,False,False,False
price_family_ma9_structural_linked,detail,20608_prince_george_s_county_md__zip,structural_price_level,median_sale_price,insufficient_evidence,,,,,0,,,,,False,False,False,False
price_family_ma9_structural_linked,detail,20613_prince_george_s_county_md__zip,structural_price_level,median_ppsf,insufficient_evidence,,,,,0,,,,,False,False,False,False
price_family_ma9_structural_linked,detail,20613_prince_george_s_county_md__zip,structural_price_level,median_sale_price,insufficient_evidence,,,,,0,,,,,False,False,False,False
price_family_ma9_structural_linked,detail,20616_prince_george_s_county_md__zip,structural_price_level,median_ppsf,insufficient_evidence,,,,,0,,,,,False,False,False,False
price_family_ma9_structural_linked,detail,20616_prince_george_s_county_md__zip,structural_price_level,median_sale_price,insufficient_evidence,,,,,0,,,,,False,False,False,False
price_family_ma9_structural_linked,detail,20623_prince_george_s_county_md__zip,structural_price_level,median_ppsf,insufficient_evidence,,,,,0,,,,,False,False,False,False
price_family_ma9_structural_linked,detail,20623_prince_george_s_county_md__zip,structural_price_level,median_sale_price,insufficient_evidence,,,,,0,,,,,False,False,False,False
price_family_ma9_structural_linked,detail,20705_prince_george_s_county_md__zip,structural_price_level,median_ppsf,insufficient_evidence,,,,,0,,,,,False,False,False,False
price_family_ma9_structural_linked,detail,20705_prince_george_s_county_md__zip,structural_price_level,median_sale_price,insufficient_evidence,,,,,0,,,,,False,False,False,False
price_family_ma9_structural_linked,detail,20706_prince_george_s_county_md__zip,structural_price_level,median_ppsf,insufficient_evidence,,,,,0,,,,,False,False,False,False
price_family_ma9_structural_linked,detail,20706_prince_george_s_county_md__zip,structural_price_level,median_sale_price,insufficient_evidence,,,,,0,,,,,False,False,False,False
price_family_ma9_structural_linked,detail,20707_prince_george_s_county_md__zip,structural_price_level,median_ppsf,insufficient_evidence,,,,,0,,,,,False,False,False,False
price_family_ma9_structural_linked,detail,20707_prince_george_s_county_md__zip,structural_price_level,median_sale_price,insufficient_evidence,,,,,0,,,,,False,False,False,False
price_family_ma9_structural_linked,detail,20708_prince_george_s_county_md__zip,structural_price_level,median_ppsf,insufficient_evidence,,,,,0,,,,,False,False,False,False
price_family_ma9_structural_linked,detail,20708_prince_george_s_county_md__zip,structural_price_level,median_sale_price,insufficient_evidence,,,,,0,,,,,False,False,False,False
price_family_ma9_structural_linked,detail,20710_prince_george_s_county_md__zip,structural_price_level,median_ppsf,insufficient_evidence,,,,,0,,,,,False,False,False,False
price_family_ma9_structural_linked,detail,20710_prince_george_s_county_md__zip,structural_price_level,median_sale_price,insufficient_evidence,,,,,0,,,,,False,False,False,False
price_family_ma9_structural_linked,detail,20712_prince_george_s_county_md__zip,structural_price_level,median_ppsf,insufficient_evidence,,,,,0,,,,,False,False,False,False
price_family_ma9_structural_linked,detail,20712_prince_george_s_county_md__zip,structural_price_level,median_sale_price,insufficient_evidence,,,,,0,,,,,False,False,False,False
price_family_ma9_structural_linked,detail,20715_prince_george_s_county_md__zip,structural_price_level,median_ppsf,insufficient_evidence,,,,,0,,,,,False,False,False,False
price_family_ma9_structural_linked,detail,20715_prince_george_s_county_md__zip,structural_price_level,median_sale_price,insufficient_evidence,,,,,0,,,,,False,False,False,False
price_family_ma9_structural_linked,detail,20716_prince_george_s_county_md__zip,structural_price_level,median_ppsf,insufficient_evidence,,,,,0,,,,,False,False,False,False
price_family_ma9_structural_linked,detail,20716_prince_george_s_county_md__zip,structural_price_level,median_sale_price,insufficient_evidence,,,,,0,,,,,False,False,False,False
price_family_ma9_structural_linked,detail,20717_prince_george_s_county_md__zip,structural_price_level,median_ppsf,insufficient_evidence,,,,,0,,,,,False,False,False,False
price_family_ma9_structural_linked,detail,20717_prince_george_s_county_md__zip,structural_price_level,median_sale_price,insufficient_evidence,,,,,0,,,,,False,False,False,False
price_family_ma9_structural_linked,detail,20720_prince_george_s_county_md__zip,structural_price_level,median_ppsf,insufficient_evidence,,,,,0,,,,,False,False,False,False
price_family_ma9_structural_linked,detail,20720_prince_george_s_county_md__zip,structural_price_level,median_sale_price,insufficient_evidence,,,,,0,,,,,False,False,False,False
price_family_ma9_structural_linked,detail,20721_prince_george_s_county_md__zip,structural_price_level,median_ppsf,insufficient_evidence,,,,,0,,,,,False,False,False,False
price_family_ma9_structural_linked,detail,20721_prince_george_s_county_md__zip,structural_price_level,median_sale_price,insufficient_evidence,,,,,0,,,,,False,False,False,False
price_family_ma9_structural_linked,detail,20722_prince_george_s_county_md__zip,structural_price_level,median_ppsf,insufficient_evidence,,,,,0,,,,,False,False,False,False
price_family_ma9_structural_linked,detail,20722_prince_george_s_county_md__zip,structural_price_level,median_sale_price,insufficient_evidence,,,,,0,,,,,False,False,False,False
price_family_ma9_structural_linked,detail,20731_prince_george_s_county_md__zip,structural_price_level,median_ppsf,insufficient_evidence,,,,,0,,,,,False,False,False,False
price_family_ma9_structural_linked,detail,20731_prince_george_s_county_md__zip,structural_price_level,median_sale_price,insufficient_evidence,,,,,0,,,,,False,False,False,False
price_family_ma9_structural_linked,detail,20735_prince_george_s_county_md__zip,structural_price_level,median_ppsf,insufficient_evidence,,,,,0,,,,,False,False,False,False
price_family_ma9_structural_linked,detail,20735_prince_george_s_county_md__zip,structural_price_level,median_sale_price,insufficient_evidence,,,,,0,,,,,False,False,False,False
price_family_ma9_structural_linked,detail,20737_prince_george_s_county_md__zip,structural_price_level,median_ppsf,insufficient_evidence,,,,,0,,,,,False,False,False,False
price_family_ma9_structural_linked,detail,20737_prince_george_s_county_md__zip,structural_price_level,median_sale_price,insufficient_evidence,,,,,0,,,,,False,False,False,False
price_family_ma9_structural_linked,detail,20740_prince_george_s_county_md__zip,structural_price_level,median_ppsf,insufficient_evidence,,,,,0,,,,,False,False,False,False
price_family_ma9_structural_linked,detail,20740_prince_george_s_county_md__zip,structural_price_level,median_sale_price,insufficient_evidence,,,,,0,,,,,False,False,False,False
price_family_ma9_structural_linked,detail,20743_prince_george_s_county_md__zip,structural_price_level,median_ppsf,insufficient_evidence,,,,,0,,,,,False,False,False,False
price_family_ma9_structural_linked,detail,20743_prince_george_s_county_md__zip,structural_price_level,median_sale_price,insufficient_evidence,,,,,0,,,,,False,False,False,False
price_family_ma9_structural_linked,detail,20744_prince_george_s_county_md__zip,structural_price_level,median_ppsf,insufficient_evidence,,,,,0,,,,,False,False,False,False
price_family_ma9_structural_linked,detail,20744_prince_george_s_county_md__zip,structural_price_level,median_sale_price,insufficient_evidence,,,,,0,,,,,False,False,False,False
price_family_ma9_structural_linked,detail,20745_prince_george_s_county_md__zip,structural_price_level,median_ppsf,insufficient_evidence,,,,,0,,,,,False,False,False,False
price_family_ma9_structural_linked,detail,20745_prince_george_s_county_md__zip,structural_price_level,median_sale_price,insufficient_evidence,,,,,0,,,,,False,False,False,False
price_family_ma9_structural_linked,detail,20746_prince_george_s_county_md__zip,structural_price_level,median_ppsf,insufficient_evidence,,,,,0,,,,,False,False,False,False
price_family_ma9_structural_linked,detail,20746_prince_george_s_county_md__zip,structural_price_level,median_sale_price,insufficient_evidence,,,,,0,,,,,False,False,False,False
price_family_ma9_structural_linked,detail,20747_prince_george_s_county_md__zip,structural_price_level,median_ppsf,insufficient_evidence,,,,,0,,,,,False,False,False,False
price_family_ma9_structural_linked,detail,20747_prince_george_s_county_md__zip,structural_price_level,median_sale_price,insufficient_evidence,,,,,0,,,,,False,False,False,False
price_family_ma9_structural_linked,detail,20748_prince_george_s_county_md__zip,structural_price_level,median_ppsf,insufficient_evidence,,,,,0,,,,,False,False,False,False
price_family_ma9_structural_linked,detail,20748_prince_george_s_county_md__zip,structural_price_level,median_sale_price,insufficient_evidence,,,,,0,,,,,False,False,False,False
price_family_ma9_structural_linked,detail,20757_prince_george_s_county_md__zip,structural_price_level,median_ppsf,insufficient_evidence,,,,,0,,,,,False,False,False,False
price_family_ma9_structural_linked,detail,20757_prince_george_s_county_md__zip,structural_price_level,median_sale_price,insufficient_evidence,,,,,0,,,,,False,False,False,False
price_family_ma9_structural_linked,detail,20768_prince_george_s_county_md__zip,structural_price_level,median_ppsf,insufficient_evidence,,,,,0,,,,,False,False,False,False
price_family_ma9_structural_linked,detail,20768_prince_george_s_county_md__zip,structural_price_level,median_sale_price,insufficient_evidence,,,,,0,,,,,False,False,False,False
price_family_ma9_structural_linked,detail,20769_prince_george_s_county_md__zip,structural_price_level,median_ppsf,insufficient_evidence,,,,,0,,,,,False,False,False,False
price_family_ma9_structural_linked,detail,20769_prince_george_s_county_md__zip,structural_price_level,median_sale_price,insufficient_evidence,,,,,0,,,,,False,False,False,False
price_family_ma9_structural_linked,detail,20770_prince_george_s_county_md__zip,structural_price_level,median_ppsf,insufficient_evidence,,,,,0,,,,,False,False,False,False
price_family_ma9_structural_linked,detail,20770_prince_george_s_county_md__zip,structural_price_level,median_sale_price,insufficient_evidence,,,,,0,,,,,False,False,False,False
price_family_ma9_structural_linked,detail,20772_prince_george_s_county_md__zip,structural_price_level,median_ppsf,insufficient_evidence,,,,,0,,,,,False,False,False,False
price_family_ma9_structural_linked,detail,20772_prince_george_s_county_md__zip,structural_price_level,median_sale_price,insufficient_evidence,,,,,0,,,,,False,False,False,False
price_family_ma9_structural_linked,detail,20774_prince_george_s_county_md__zip,structural_price_level,median_ppsf,insufficient_evidence,,,,,0,,,,,False,False,False,False
price_family_ma9_structural_linked,detail,20774_prince_george_s_county_md__zip,structural_price_level,median_sale_price,insufficient_evidence,,,,,0,,,,,False,False,False,False
price_family_ma9_structural_linked,detail,20781_prince_george_s_county_md__zip,structural_price_level,median_ppsf,insufficient_evidence,,,,,0,,,,,False,False,False,False
price_family_ma9_structural_linked,detail,20781_prince_george_s_county_md__zip,structural_price_level,median_sale_price,insufficient_evidence,,,,,0,,,,,False,False,False,False
price_family_ma9_structural_linked,detail,20782_prince_george_s_county_md__zip,structural_price_level,median_ppsf,insufficient_evidence,,,,,0,,,,,False,False,False,False
price_family_ma9_structural_linked,detail,20782_prince_george_s_county_md__zip,structural_price_level,median_sale_price,insufficient_evidence,,,,,0,,,,,False,False,False,False
price_family_ma9_structural_linked,detail,20783_prince_george_s_county_md__zip,structural_price_level,median_ppsf,insufficient_evidence,,,,,0,,,,,False,False,False,False
price_family_ma9_structural_linked,detail,20783_prince_george_s_county_md__zip,structural_price_level,median_sale_price,insufficient_evidence,,,,,0,,,,,False,False,False,False
price_family_ma9_structural_linked,detail,20784_prince_george_s_county_md__zip,structural_price_level,median_ppsf,insufficient_evidence,,,,,0,,,,,False,False,False,False
price_family_ma9_structural_linked,detail,20784_prince_george_s_county_md__zip,structural_price_level,median_sale_price,insufficient_evidence,,,,,0,,,,,False,False,False,False
price_family_ma9_structural_linked,detail,20785_prince_george_s_county_md__zip,structural_price_level,median_ppsf,insufficient_evidence,,,,,0,,,,,False,False,False,False
price_family_ma9_structural_linked,detail,20785_prince_george_s_county_md__zip,structural_price_level,median_sale_price,insufficient_evidence,,,,,0,,,,,False,False,False,False
price_family_ma9_structural_linked,detail,20812_montgomery_county_md__zip,structural_price_level,median_ppsf,insufficient_evidence,,,,,0,,,,,False,False,False,False
price_family_ma9_structural_linked,detail,20812_montgomery_county_md__zip,structural_price_level,median_sale_price,insufficient_evidence,,,,,0,,,,,False,False,False,False
price_family_ma9_structural_linked,detail,20814_montgomery_county_md__zip,structural_price_level,median_ppsf,insufficient_evidence,,,,,0,,,,,False,False,False,False
price_family_ma9_structural_linked,detail,20814_montgomery_county_md__zip,structural_price_level,median_sale_price,insufficient_evidence,,,,,0,,,,,False,False,False,False
price_family_ma9_structural_linked,detail,20815_montgomery_county_md__zip,structural_price_level,median_ppsf,insufficient_evidence,,,,,0,,,,,False,False,False,False
price_family_ma9_structural_linked,detail,20815_montgomery_county_md__zip,structural_price_level,median_sale_price,insufficient_evidence,,,,,0,,,,,False,False,False,False
price_family_ma9_structural_linked,detail,20816_montgomery_county_md__zip,structural_price_level,median_ppsf,insufficient_evidence,,,,,0,,,,,False,False,False,False
price_family_ma9_structural_linked,detail,20816_montgomery_county_md__zip,structural_price_level,median_sale_price,insufficient_evidence,,,,,0,,,,,False,False,False,False
price_family_ma9_structural_linked,detail,20817_montgomery_county_md__zip,structural_price_level,median_ppsf,insufficient_evidence,,,,,0,,,,,False,False,False,False
price_family_ma9_structural_linked,detail,20817_montgomery_county_md__zip,structural_price_level,median_sale_price,insufficient_evidence,,,,,0,,,,,False,False,False,False
price_family_ma9_structural_linked,detail,20818_montgomery_county_md__zip,structural_price_level,median_ppsf,insufficient_evidence,,,,,0,,,,,False,False,False,False
price_family_ma9_structural_linked,detail,20818_montgomery_county_md__zip,structural_price_level,median_sale_price,insufficient_evidence,,,,,0,,,,,False,False,False,False
price_family_ma9_structural_linked,detail,20824_montgomery_county_md__zip,structural_price_level,median_ppsf,insufficient_evidence,,,,,0,,,,,False,False,False,False
price_family_ma9_structural_linked,detail,20824_montgomery_county_md__zip,structural_price_level,median_sale_price,insufficient_evidence,,,,,0,,,,,False,False,False,False
price_family_ma9_structural_linked,detail,20830_montgomery_county_md__zip,structural_price_level,median_ppsf,insufficient_evidence,,,,,0,,,,,False,False,False,False
price_family_ma9_structural_linked,detail,20830_montgomery_county_md__zip,structural_price_level,median_sale_price,insufficient_evidence,,,,,0,,,,,False,False,False,False
price_family_ma9_structural_linked,detail,20832_montgomery_county_md__zip,structural_price_level,median_ppsf,insufficient_evidence,,,,,0,,,,,False,False,False,False
price_family_ma9_structural_linked,detail,20832_montgomery_county_md__zip,structural_price_level,median_sale_price,insufficient_evidence,,,,,0,,,,,False,False,False,False
price_family_ma9_structural_linked,detail,20833_montgomery_county_md__zip,structural_price_level,median_ppsf,insufficient_evidence,,,,,0,,,,,False,False,False,False
price_family_ma9_structural_linked,detail,20833_montgomery_county_md__zip,structural_price_level,median_sale_price,insufficient_evidence,,,,,0,,,,,False,False,False,False
price_family_ma9_structural_linked,detail,20837_montgomery_county_md__zip,structural_price_level,median_ppsf,insufficient_evidence,,,,,0,,,,,False,False,False,False
price_family_ma9_structural_linked,detail,20837_montgomery_county_md__zip,structural_price_level,median_sale_price,insufficient_evidence,,,,,0,,,,,False,False,False,False
price_family_ma9_structural_linked,detail,20838_montgomery_county_md__zip,structural_price_level,median_ppsf,insufficient_evidence,,,,,0,,,,,False,False,False,False
price_family_ma9_structural_linked,detail,20838_montgomery_county_md__zip,structural_price_level,median_sale_price,insufficient_evidence,,,,,0,,,,,False,False,False,False
price_family_ma9_structural_linked,detail,20839_montgomery_county_md__zip,structural_price_level,median_ppsf,insufficient_evidence,,,,,0,,,,,False,False,False,False
price_family_ma9_structural_linked,detail,20839_montgomery_county_md__zip,structural_price_level,median_sale_price,insufficient_evidence,,,,,0,,,,,False,False,False,False
price_family_ma9_structural_linked,detail,20841_montgomery_county_md__zip,structural_price_level,median_ppsf,insufficient_evidence,,,,,0,,,,,False,False,False,False
price_family_ma9_structural_linked,detail,20841_montgomery_county_md__zip,structural_price_level,median_sale_price,insufficient_evidence,,,,,0,,,,,False,False,False,False
price_family_ma9_structural_linked,detail,20842_montgomery_county_md__zip,structural_price_level,median_ppsf,insufficient_evidence,,,,,0,,,,,False,False,False,False
price_family_ma9_structural_linked,detail,20842_montgomery_county_md__zip,structural_price_level,median_sale_price,insufficient_evidence,,,,,0,,,,,False,False,False,False
price_family_ma9_structural_linked,detail,20848_montgomery_county_md__zip,structural_price_level,median_ppsf,insufficient_evidence,,,,,0,,,,,False,False,False,False
price_family_ma9_structural_linked,detail,20848_montgomery_county_md__zip,structural_price_level,median_sale_price,insufficient_evidence,,,,,0,,,,,False,False,False,False
price_family_ma9_structural_linked,detail,20850_montgomery_county_md__zip,structural_price_level,median_ppsf,insufficient_evidence,,,,,0,,,,,False,False,False,False
price_family_ma9_structural_linked,detail,20850_montgomery_county_md__zip,structural_price_level,median_sale_price,insufficient_evidence,,,,,0,,,,,False,False,False,False
price_family_ma9_structural_linked,detail,20851_montgomery_county_md__zip,structural_price_level,median_ppsf,insufficient_evidence,,,,,0,,,,,False,False,False,False
price_family_ma9_structural_linked,detail,20851_montgomery_county_md__zip,structural_price_level,median_sale_price,insufficient_evidence,,,,,0,,,,,False,False,False,False
price_family_ma9_structural_linked,detail,20852_montgomery_county_md__zip,structural_price_level,median_ppsf,insufficient_evidence,,,,,0,,,,,False,False,False,False
price_family_ma9_structural_linked,detail,20852_montgomery_county_md__zip,structural_price_level,median_sale_price,insufficient_evidence,,,,,0,,,,,False,False,False,False
price_family_ma9_structural_linked,detail,20853_montgomery_county_md__zip,structural_price_level,median_ppsf,insufficient_evidence,,,,,0,,,,,False,False,False,False
price_family_ma9_structural_linked,detail,20853_montgomery_county_md__zip,structural_price_level,median_sale_price,insufficient_evidence,,,,,0,,,,,False,False,False,False
price_family_ma9_structural_linked,detail,20854_montgomery_county_md__zip,structural_price_level,median_ppsf,insufficient_evidence,,,,,0,,,,,False,False,False,False
price_family_ma9_structural_linked,detail,20854_montgomery_county_md__zip,structural_price_level,median_sale_price,insufficient_evidence,,,,,0,,,,,False,False,False,False
price_family_ma9_structural_linked,detail,20855_montgomery_county_md__zip,structural_price_level,median_ppsf,insufficient_evidence,,,,,0,,,,,False,False,False,False
price_family_ma9_structural_linked,detail,20855_montgomery_county_md__zip,structural_price_level,median_sale_price,insufficient_evidence,,,,,0,,,,,False,False,False,False
price_family_ma9_structural_linked,detail,20860_montgomery_county_md__zip,structural_price_level,median_ppsf,insufficient_evidence,,,,,0,,,,,False,False,False,False
price_family_ma9_structural_linked,detail,20860_montgomery_county_md__zip,structural_price_level,median_sale_price,insufficient_evidence,,,,,0,,,,,False,False,False,False
price_family_ma9_structural_linked,detail,20861_montgomery_county_md__zip,structural_price_level,median_ppsf,insufficient_evidence,,,,,0,,,,,False,False,False,False
price_family_ma9_structural_linked,detail,20861_montgomery_county_md__zip,structural_price_level,median_sale_price,insufficient_evidence,,,,,0,,,,,False,False,False,False
price_family_ma9_structural_linked,detail,20862_montgomery_county_md__zip,structural_price_level,median_ppsf,insufficient_evidence,,,,,0,,,,,False,False,False,False
price_family_ma9_structural_linked,detail,20862_montgomery_county_md__zip,structural_price_level,median_sale_price,insufficient_evidence,,,,,0,,,,,False,False,False,False
price_family_ma9_structural_linked,detail,20866_montgomery_county_md__zip,structural_price_level,median_ppsf,insufficient_evidence,,,,,0,,,,,False,False,False,False
price_family_ma9_structural_linked,detail,20866_montgomery_county_md__zip,structural_price_level,median_sale_price,insufficient_evidence,,,,,0,,,,,False,False,False,False
price_family_ma9_structural_linked,detail,20868_montgomery_county_md__zip,structural_price_level,median_ppsf,insufficient_evidence,,,,,0,,,,,False,False,False,False
price_family_ma9_structural_linked,detail,20868_montgomery_county_md__zip,structural_price_level,median_sale_price,insufficient_evidence,,,,,0,,,,,False,False,False,False
price_family_ma9_structural_linked,detail,20871_montgomery_county_md__zip,structural_price_level,median_ppsf,insufficient_evidence,,,,,0,,,,,False,False,False,False
price_family_ma9_structural_linked,detail,20871_montgomery_county_md__zip,structural_price_level,median_sale_price,insufficient_evidence,,,,,0,,,,,False,False,False,False
price_family_ma9_structural_linked,detail,20872_montgomery_county_md__zip,structural_price_level,median_ppsf,insufficient_evidence,,,,,0,,,,,False,False,False,False
price_family_ma9_structural_linked,detail,20872_montgomery_county_md__zip,structural_price_level,median_sale_price,insufficient_evidence,,,,,0,,,,,False,False,False,False
price_family_ma9_structural_linked,detail,20874_montgomery_county_md__zip,structural_price_level,median_ppsf,insufficient_evidence,,,,,0,,,,,False,False,False,False
price_family_ma9_structural_linked,detail,20874_montgomery_county_md__zip,structural_price_level,median_sale_price,insufficient_evidence,,,,,0,,,,,False,False,False,False
price_family_ma9_structural_linked,detail,20876_montgomery_county_md__zip,structural_price_level,median_ppsf,insufficient_evidence,,,,,0,,,,,False,False,False,False
price_family_ma9_structural_linked,detail,20876_montgomery_county_md__zip,structural_price_level,median_sale_price,insufficient_evidence,,,,,0,,,,,False,False,False,False
price_family_ma9_structural_linked,detail,20877_montgomery_county_md__zip,structural_price_level,median_ppsf,insufficient_evidence,,,,,0,,,,,False,False,False,False
price_family_ma9_structural_linked,detail,20877_montgomery_county_md__zip,structural_price_level,median_sale_price,insufficient_evidence,,,,,0,,,,,False,False,False,False
price_family_ma9_structural_linked,detail,20878_montgomery_county_md__zip,structural_price_level,median_ppsf,insufficient_evidence,,,,,0,,,,,False,False,False,False
price_family_ma9_structural_linked,detail,20878_montgomery_county_md__zip,structural_price_level,median_sale_price,insufficient_evidence,,,,,0,,,,,False,False,False,False
price_family_ma9_structural_linked,detail,20879_montgomery_county_md__zip,structural_price_level,median_ppsf,insufficient_evidence,,,,,0,,,,,False,False,False,False
price_family_ma9_structural_linked,detail,20879_montgomery_county_md__zip,structural_price_level,median_sale_price,insufficient_evidence,,,,,0,,,,,False,False,False,False
price_family_ma9_structural_linked,detail,20880_montgomery_county_md__zip,structural_price_level,median_ppsf,insufficient_evidence,,,,,0,,,,,False,False,False,False
price_family_ma9_structural_linked,detail,20880_montgomery_county_md__zip,structural_price_level,median_sale_price,insufficient_evidence,,,,,0,,,,,False,False,False,False
price_family_ma9_structural_linked,detail,20882_montgomery_county_md__zip,structural_price_level,median_ppsf,insufficient_evidence,,,,,0,,,,,False,False,False,False
price_family_ma9_structural_linked,detail,20882_montgomery_county_md__zip,structural_price_level,median_sale_price,insufficient_evidence,,,,,0,,,,,False,False,False,False
price_family_ma9_structural_linked,detail,20884_montgomery_county_md__zip,structural_price_level,median_ppsf,insufficient_evidence,,,,,0,,,,,False,False,False,False
price_family_ma9_structural_linked,detail,20884_montgomery_county_md__zip,structural_price_level,median_sale_price,insufficient_evidence,,,,,0,,,,,False,False,False,False
price_family_ma9_structural_linked,detail,20886_montgomery_county_md__zip,structural_price_level,median_ppsf,insufficient_evidence,,,,,0,,,,,False,False,False,False
price_family_ma9_structural_linked,detail,20886_montgomery_county_md__zip,structural_price_level,median_sale_price,insufficient_evidence,,,,,0,,,,,False,False,False,False
price_family_ma9_structural_linked,detail,20889_montgomery_county_md__zip,structural_price_level,median_ppsf,insufficient_evidence,,,,,0,,,,,False,False,False,False
price_family_ma9_structural_linked,detail,20889_montgomery_county_md__zip,structural_price_level,median_sale_price,insufficient_evidence,,,,,0,,,,,False,False,False,False
price_family_ma9_structural_linked,detail,20894_montgomery_county_md__zip,structural_price_level,median_ppsf,insufficient_evidence,,,,,0,,,,,False,False,False,False
price_family_ma9_structural_linked,detail,20895_montgomery_county_md__zip,structural_price_level,median_ppsf,insufficient_evidence,,,,,0,,,,,False,False,False,False
price_family_ma9_structural_linked,detail,20895_montgomery_county_md__zip,structural_price_level,median_sale_price,insufficient_evidence,,,,,0,,,,,False,False,False,False
price_family_ma9_structural_linked,detail,20896_montgomery_county_md__zip,structural_price_level,median_ppsf,insufficient_evidence,,,,,0,,,,,False,False,False,False
price_family_ma9_structural_linked,detail,20896_montgomery_county_md__zip,structural_price_level,median_sale_price,insufficient_evidence,,,,,0,,,,,False,False,False,False
price_family_ma9_structural_linked,detail,20901_montgomery_county_md__zip,structural_price_level,median_ppsf,insufficient_evidence,,,,,0,,,,,False,False,False,False
price_family_ma9_structural_linked,detail,20901_montgomery_county_md__zip,structural_price_level,median_sale_price,insufficient_evidence,,,,,0,,,,,False,False,False,False
price_family_ma9_structural_linked,detail,20902_montgomery_county_md__zip,structural_price_level,median_ppsf,insufficient_evidence,,,,,0,,,,,False,False,False,False
price_family_ma9_structural_linked,detail,20902_montgomery_county_md__zip,structural_price_level,median_sale_price,insufficient_evidence,,,,,0,,,,,False,False,False,False
price_family_ma9_structural_linked,detail,20903_montgomery_county_md__zip,structural_price_level,median_ppsf,insufficient_evidence,,,,,0,,,,,False,False,False,False
price_family_ma9_structural_linked,detail,20903_montgomery_county_md__zip,structural_price_level,median_sale_price,insufficient_evidence,,,,,0,,,,,False,False,False,False
price_family_ma9_structural_linked,detail,20904_montgomery_county_md__zip,structural_price_level,median_ppsf,insufficient_evidence,,,,,0,,,,,False,False,False,False
price_family_ma9_structural_linked,detail,20904_montgomery_county_md__zip,structural_price_level,median_sale_price,insufficient_evidence,,,,,0,,,,,False,False,False,False
price_family_ma9_structural_linked,detail,20905_montgomery_county_md__zip,structural_price_level,median_ppsf,insufficient_evidence,,,,,0,,,,,False,False,False,False
price_family_ma9_structural_linked,detail,20905_montgomery_county_md__zip,structural_price_level,median_sale_price,insufficient_evidence,,,,,0,,,,,False,False,False,False
price_family_ma9_structural_linked,detail,20906_montgomery_county_md__zip,structural_price_level,median_ppsf,insufficient_evidence,,,,,0,,,,,False,False,False,False
price_family_ma9_structural_linked,detail,20906_montgomery_county_md__zip,structural_price_level,median_sale_price,insufficient_evidence,,,,,0,,,,,False,False,False,False
price_family_ma9_structural_linked,detail,20907_montgomery_county_md__zip,structural_price_level,median_ppsf,insufficient_evidence,,,,,0,,,,,False,False,False,False
price_family_ma9_structural_linked,detail,20907_montgomery_county_md__zip,structural_price_level,median_sale_price,insufficient_evidence,,,,,0,,,,,False,False,False,False
price_family_ma9_structural_linked,detail,20910_montgomery_county_md__zip,structural_price_level,median_ppsf,insufficient_evidence,,,,,0,,,,,False,False,False,False
price_family_ma9_structural_linked,detail,20910_montgomery_county_md__zip,structural_price_level,median_sale_price,insufficient_evidence,,,,,0,,,,,False,False,False,False
price_family_ma9_structural_linked,detail,20912_montgomery_county_md__zip,structural_price_level,median_ppsf,insufficient_evidence,,,,,0,,,,,False,False,False,False
price_family_ma9_structural_linked,detail,20912_montgomery_county_md__zip,structural_price_level,median_sale_price,insufficient_evidence,,,,,0,,,,,False,False,False,False
price_family_ma9_structural_linked,detail,20913_montgomery_county_md__zip,structural_price_level,median_ppsf,insufficient_evidence,,,,,0,,,,,False,False,False,False
price_family_ma9_structural_linked,detail,20913_montgomery_county_md__zip,structural_price_level,median_sale_price,insufficient_evidence,,,,,0,,,,,False,False,False,False
price_family_ma9_structural_linked,detail,20914_montgomery_county_md__zip,structural_price_level,median_ppsf,insufficient_evidence,,,,,0,,,,,False,False,False,False
price_family_ma9_structural_linked,detail,20914_montgomery_county_md__zip,structural_price_level,median_sale_price,insufficient_evidence,,,,,0,,,,,False,False,False,False
price_family_ma9_structural_linked,detail,20918_montgomery_county_md__zip,structural_price_level,median_ppsf,insufficient_evidence,,,,,0,,,,,False,False,False,False
price_family_ma9_structural_linked,detail,20918_montgomery_county_md__zip,structural_price_level,median_sale_price,insufficient_evidence,,,,,0,,,,,False,False,False,False
price_family_ma9_structural_linked,detail,20993_montgomery_county_md__zip,structural_price_level,median_ppsf,insufficient_evidence,,,,,0,,,,,False,False,False,False
price_family_ma9_structural_linked,detail,20993_montgomery_county_md__zip,structural_price_level,median_sale_price,insufficient_evidence,,,,,0,,,,,False,False,False,False
price_family_ma9_structural_linked,detail,21771_montgomery_county_md__zip,structural_price_level,median_ppsf,insufficient_evidence,,,,,0,,,,,False,False,False,False
price_family_ma9_structural_linked,detail,21771_montgomery_county_md__zip,structural_price_level,median_sale_price,insufficient_evidence,,,,,0,,,,,False,False,False,False
price_family_ma9_structural_linked,detail,alameda_county_ca__county,axis,demand,insufficient_evidence,,,,,0,,,,,False,False,False,False
price_family_ma9_structural_linked,detail,alameda_county_ca__county,dimension,affordability,insufficient_evidence,,,,,0,,,,,False,False,False,False
price_family_ma9_structural_linked,detail,alameda_county_ca__county,dimension,price,insufficient_evidence,,,,,0,,,,,False,False,False,False
price_family_ma9_structural_linked,detail,alameda_county_ca__county,metric,median_ppsf,retain_current_reference,,,,,0,,,,,False,False,False,False
price_family_ma9_structural_linked,detail,alameda_county_ca__county,metric,median_sale_price,retain_current_reference,,,,,1,,,,,True,False,False,False
price_family_ma9_structural_linked,detail,alameda_county_ca__county,metric,payment_burden,retain_current_reference,,,,,1,,,,,True,False,False,False
price_family_ma9_structural_linked,detail,alameda_county_ca__county,metric,price_to_income,retain_current_reference,,,,,0,,,,,False,False,False,False
price_family_ma9_structural_linked,detail,alameda_county_ca__county,structural_price_level,median_ppsf,insufficient_evidence,,,,,0,,,,,False,False,False,False
price_family_ma9_structural_linked,detail,alameda_county_ca__county,structural_price_level,median_sale_price,insufficient_evidence,,,,,0,,,,,False,False,False,False
price_family_ma9_structural_linked,detail,albemarle_county_va__county,structural_price_level,median_ppsf,insufficient_evidence,,,,,0,,,,,False,False,False,False
price_family_ma9_structural_linked,detail,albemarle_county_va__county,structural_price_level,median_sale_price,insufficient_evidence,,,,,0,,,,,False,False,False,False
price_family_ma9_structural_linked,detail,alexandria_va__county,structural_price_level,median_ppsf,insufficient_evidence,,,,,0,,,,,False,False,False,False
price_family_ma9_structural_linked,detail,alexandria_va__county,structural_price_level,median_sale_price,insufficient_evidence,,,,,0,,,,,False,False,False,False
price_family_ma9_structural_linked,detail,allegany_county_md__county,structural_price_level,median_ppsf,insufficient_evidence,,,,,0,,,,,False,False,False,False
price_family_ma9_structural_linked,detail,allegany_county_md__county,structural_price_level,median_sale_price,insufficient_evidence,,,,,0,,,,,False,False,False,False
price_family_ma9_structural_linked,detail,amelia_county_va__county,structural_price_level,median_ppsf,insufficient_evidence,,,,,0,,,,,False,False,False,False
price_family_ma9_structural_linked,detail,amelia_county_va__county,structural_price_level,median_sale_price,insufficient_evidence,,,,,0,,,,,False,False,False,False
price_family_ma9_structural_linked,detail,amherst_county_va__county,structural_price_level,median_ppsf,insufficient_evidence,,,,,0,,,,,False,False,False,False
price_family_ma9_structural_linked,detail,amherst_county_va__county,structural_price_level,median_sale_price,insufficient_evidence,,,,,0,,,,,False,False,False,False
price_family_ma9_structural_linked,detail,anaheim_ca_metro_area__cbsa_metro,structural_price_level,median_ppsf,insufficient_evidence,,,,,0,,,,,False,False,False,False
price_family_ma9_structural_linked,detail,anaheim_ca_metro_area__cbsa_metro,structural_price_level,median_sale_price,insufficient_evidence,,,,,0,,,,,False,False,False,False
price_family_ma9_structural_linked,detail,anne_arundel_county_md__county,structural_price_level,median_ppsf,insufficient_evidence,,,,,0,,,,,False,False,False,False
price_family_ma9_structural_linked,detail,anne_arundel_county_md__county,structural_price_level,median_sale_price,insufficient_evidence,,,,,0,,,,,False,False,False,False
price_family_ma9_structural_linked,detail,appomattox_county_va__county,structural_price_level,median_ppsf,insufficient_evidence,,,,,0,,,,,False,False,False,False
price_family_ma9_structural_linked,detail,appomattox_county_va__county,structural_price_level,median_sale_price,insufficient_evidence,,,,,0,,,,,False,False,False,False
price_family_ma9_structural_linked,detail,arlington_county_va__county,structural_price_level,median_ppsf,insufficient_evidence,,,,,0,,,,,False,False,False,False
price_family_ma9_structural_linked,detail,arlington_county_va__county,structural_price_level,median_sale_price,insufficient_evidence,,,,,0,,,,,False,False,False,False
price_family_ma9_structural_linked,detail,atlantic_city_nj_metro_area__cbsa_metro,structural_price_level,median_ppsf,insufficient_evidence,,,,,0,,,,,False,False,False,False
price_family_ma9_structural_linked,detail,atlantic_city_nj_metro_area__cbsa_metro,structural_price_level,median_sale_price,insufficient_evidence,,,,,0,,,,,False,False,False,False
price_family_ma9_structural_linked,detail,atlantic_county_nj__county,structural_price_level,median_ppsf,insufficient_evidence,,,,,0,,,,,False,False,False,False
price_family_ma9_structural_linked,detail,atlantic_county_nj__county,structural_price_level,median_sale_price,insufficient_evidence,,,,,0,,,,,False,False,False,False
price_family_ma9_structural_linked,detail,augusta_county_va__county,structural_price_level,median_ppsf,insufficient_evidence,,,,,0,,,,,False,False,False,False
price_family_ma9_structural_linked,detail,augusta_county_va__county,structural_price_level,median_sale_price,insufficient_evidence,,,,,0,,,,,False,False,False,False
price_family_ma9_structural_linked,detail,bakersfield_ca_metro_area__cbsa_metro,structural_price_level,median_ppsf,insufficient_evidence,,,,,0,,,,,False,False,False,False
price_family_ma9_structural_linked,detail,bakersfield_ca_metro_area__cbsa_metro,structural_price_level,median_sale_price,insufficient_evidence,,,,,0,,,,,False,False,False,False
price_family_ma9_structural_linked,detail,baltimore_city_county_md__county,structural_price_level,median_ppsf,insufficient_evidence,,,,,0,,,,,False,False,False,False
price_family_ma9_structural_linked,detail,baltimore_city_county_md__county,structural_price_level,median_sale_price,insufficient_evidence,,,,,0,,,,,False,False,False,False
price_family_ma9_structural_linked,detail,baltimore_county_md__county,structural_price_level,median_ppsf,insufficient_evidence,,,,,0,,,,,False,False,False,False
price_family_ma9_structural_linked,detail,baltimore_county_md__county,structural_price_level,median_sale_price,insufficient_evidence,,,,,0,,,,,False,False,False,False
price_family_ma9_structural_linked,detail,baltimore_md_metro_area__cbsa_metro,structural_price_level,median_ppsf,insufficient_evidence,,,,,0,,,,,False,False,False,False
price_family_ma9_structural_linked,detail,baltimore_md_metro_area__cbsa_metro,structural_price_level,median_sale_price,insufficient_evidence,,,,,0,,,,,False,False,False,False
price_family_ma9_structural_linked,detail,bedford_county_va__county,structural_price_level,median_ppsf,insufficient_evidence,,,,,0,,,,,False,False,False,False
price_family_ma9_structural_linked,detail,bedford_county_va__county,structural_price_level,median_sale_price,insufficient_evidence,,,,,0,,,,,False,False,False,False
price_family_ma9_structural_linked,detail,big_stone_gap_va_metro_area__cbsa_metro,structural_price_level,median_ppsf,insufficient_evidence,,,,,0,,,,,False,False,False,False
price_family_ma9_structural_linked,detail,big_stone_gap_va_metro_area__cbsa_metro,structural_price_level,median_sale_price,insufficient_evidence,,,,,0,,,,,False,False,False,False
price_family_ma9_structural_linked,detail,blacksburg_va_metro_area__cbsa_metro,structural_price_level,median_ppsf,insufficient_evidence,,,,,0,,,,,False,False,False,False
price_family_ma9_structural_linked,detail,blacksburg_va_metro_area__cbsa_metro,structural_price_level,median_sale_price,insufficient_evidence,,,,,0,,,,,False,False,False,False
price_family_ma9_structural_linked,detail,botetourt_county_va__county,structural_price_level,median_ppsf,insufficient_evidence,,,,,0,,,,,False,False,False,False
price_family_ma9_structural_linked,detail,botetourt_county_va__county,structural_price_level,median_sale_price,insufficient_evidence,,,,,0,,,,,False,False,False,False
price_family_ma9_structural_linked,detail,burlington_county_nj__county,structural_price_level,median_ppsf,insufficient_evidence,,,,,0,,,,,False,False,False,False
price_family_ma9_structural_linked,detail,burlington_county_nj__county,structural_price_level,median_sale_price,insufficient_evidence,,,,,0,,,,,False,False,False,False
price_family_ma9_structural_linked,detail,butte_county_ca__county,structural_price_level,median_ppsf,insufficient_evidence,,,,,0,,,,,False,False,False,False
price_family_ma9_structural_linked,detail,butte_county_ca__county,structural_price_level,median_sale_price,insufficient_evidence,,,,,0,,,,,False,False,False,False
price_family_ma9_structural_linked,detail,california__state,structural_price_level,median_ppsf,insufficient_evidence,,,,,0,,,,,False,False,False,False
price_family_ma9_structural_linked,detail,california__state,structural_price_level,median_sale_price,insufficient_evidence,,,,,0,,,,,False,False,False,False
price_family_ma9_structural_linked,detail,california_md_metro_area__cbsa_metro,structural_price_level,median_ppsf,insufficient_evidence,,,,,0,,,,,False,False,False,False
price_family_ma9_structural_linked,detail,california_md_metro_area__cbsa_metro,structural_price_level,median_sale_price,insufficient_evidence,,,,,0,,,,,False,False,False,False
price_family_ma9_structural_linked,detail,calvert_county_md__county,structural_price_level,median_ppsf,insufficient_evidence,,,,,0,,,,,False,False,False,False
price_family_ma9_structural_linked,detail,calvert_county_md__county,structural_price_level,median_sale_price,insufficient_evidence,,,,,0,,,,,False,False,False,False
price_family_ma9_structural_linked,detail,cambridge_md_metro_area__cbsa_metro,structural_price_level,median_ppsf,insufficient_evidence,,,,,0,,,,,False,False,False,False
price_family_ma9_structural_linked,detail,cambridge_md_metro_area__cbsa_metro,structural_price_level,median_sale_price,insufficient_evidence,,,,,0,,,,,False,False,False,False
price_family_ma9_structural_linked,detail,camden_county_nj__county,structural_price_level,median_ppsf,insufficient_evidence,,,,,0,,,,,False,False,False,False
price_family_ma9_structural_linked,detail,camden_county_nj__county,structural_price_level,median_sale_price,insufficient_evidence,,,,,0,,,,,False,False,False,False
price_family_ma9_structural_linked,detail,camden_nj_metro_area__cbsa_metro,structural_price_level,median_ppsf,insufficient_evidence,,,,,0,,,,,False,False,False,False
price_family_ma9_structural_linked,detail,camden_nj_metro_area__cbsa_metro,structural_price_level,median_sale_price,insufficient_evidence,,,,,0,,,,,False,False,False,False
price_family_ma9_structural_linked,detail,campbell_county_va__county,structural_price_level,median_ppsf,insufficient_evidence,,,,,0,,,,,False,False,False,False
price_family_ma9_structural_linked,detail,campbell_county_va__county,structural_price_level,median_sale_price,insufficient_evidence,,,,,0,,,,,False,False,False,False
price_family_ma9_structural_linked,detail,cape_may_county_nj__county,structural_price_level,median_ppsf,insufficient_evidence,,,,,0,,,,,False,False,False,False
price_family_ma9_structural_linked,detail,cape_may_county_nj__county,structural_price_level,median_sale_price,insufficient_evidence,,,,,0,,,,,False,False,False,False
price_family_ma9_structural_linked,detail,carroll_county_md__county,structural_price_level,median_ppsf,insufficient_evidence,,,,,0,,,,,False,False,False,False
price_family_ma9_structural_linked,detail,carroll_county_md__county,structural_price_level,median_sale_price,insufficient_evidence,,,,,0,,,,,False,False,False,False
price_family_ma9_structural_linked,detail,charles_city_county_va__county,structural_price_level,median_ppsf,insufficient_evidence,,,,,0,,,,,False,False,False,False
price_family_ma9_structural_linked,detail,charles_city_county_va__county,structural_price_level,median_sale_price,insufficient_evidence,,,,,0,,,,,False,False,False,False
price_family_ma9_structural_linked,detail,charles_county_md__county,structural_price_level,median_ppsf,insufficient_evidence,,,,,0,,,,,False,False,False,False
price_family_ma9_structural_linked,detail,charles_county_md__county,structural_price_level,median_sale_price,insufficient_evidence,,,,,0,,,,,False,False,False,False
price_family_ma9_structural_linked,detail,charlottesville_va__county,structural_price_level,median_ppsf,insufficient_evidence,,,,,0,,,,,False,False,False,False
price_family_ma9_structural_linked,detail,charlottesville_va__county,structural_price_level,median_sale_price,insufficient_evidence,,,,,0,,,,,False,False,False,False
price_family_ma9_structural_linked,detail,charlottesville_va_metro_area__cbsa_metro,structural_price_level,median_ppsf,insufficient_evidence,,,,,0,,,,,False,False,False,False
price_family_ma9_structural_linked,detail,charlottesville_va_metro_area__cbsa_metro,structural_price_level,median_sale_price,insufficient_evidence,,,,,0,,,,,False,False,False,False
price_family_ma9_structural_linked,detail,chesapeake_va__county,structural_price_level,median_ppsf,insufficient_evidence,,,,,0,,,,,False,False,False,False
price_family_ma9_structural_linked,detail,chesapeake_va__county,structural_price_level,median_sale_price,insufficient_evidence,,,,,0,,,,,False,False,False,False
price_family_ma9_structural_linked,detail,chesterfield_county_va__county,structural_price_level,median_ppsf,insufficient_evidence,,,,,0,,,,,False,False,False,False
price_family_ma9_structural_linked,detail,chesterfield_county_va__county,structural_price_level,median_sale_price,insufficient_evidence,,,,,0,,,,,False,False,False,False
price_family_ma9_structural_linked,detail,chico_ca_metro_area__cbsa_metro,structural_price_level,median_ppsf,insufficient_evidence,,,,,0,,,,,False,False,False,False
price_family_ma9_structural_linked,detail,chico_ca_metro_area__cbsa_metro,structural_price_level,median_sale_price,insufficient_evidence,,,,,0,,,,,False,False,False,False
price_family_ma9_structural_linked,detail,clarke_county_va__county,structural_price_level,median_ppsf,insufficient_evidence,,,,,0,,,,,False,False,False,False
price_family_ma9_structural_linked,detail,clarke_county_va__county,structural_price_level,median_sale_price,insufficient_evidence,,,,,0,,,,,False,False,False,False
price_family_ma9_structural_linked,detail,clearlake_ca_metro_area__cbsa_metro,structural_price_level,median_ppsf,insufficient_evidence,,,,,0,,,,,False,False,False,False
price_family_ma9_structural_linked,detail,clearlake_ca_metro_area__cbsa_metro,structural_price_level,median_sale_price,insufficient_evidence,,,,,0,,,,,False,False,False,False
price_family_ma9_structural_linked,detail,colonial_heights_va__county,structural_price_level,median_ppsf,insufficient_evidence,,,,,0,,,,,False,False,False,False
price_family_ma9_structural_linked,detail,colonial_heights_va__county,structural_price_level,median_sale_price,insufficient_evidence,,,,,0,,,,,False,False,False,False
price_family_ma9_structural_linked,detail,contra_costa_county_ca__county,structural_price_level,median_ppsf,insufficient_evidence,,,,,0,,,,,False,False,False,False
price_family_ma9_structural_linked,detail,contra_costa_county_ca__county,structural_price_level,median_sale_price,insufficient_evidence,,,,,0,,,,,False,False,False,False
price_family_ma9_structural_linked,detail,craig_county_va__county,structural_price_level,median_ppsf,insufficient_evidence,,,,,0,,,,,False,False,False,False
price_family_ma9_structural_linked,detail,craig_county_va__county,structural_price_level,median_sale_price,insufficient_evidence,,,,,0,,,,,False,False,False,False
price_family_ma9_structural_linked,detail,crescent_city_ca_metro_area__cbsa_metro,structural_price_level,median_ppsf,insufficient_evidence,,,,,0,,,,,False,False,False,False
price_family_ma9_structural_linked,detail,crescent_city_ca_metro_area__cbsa_metro,structural_price_level,median_sale_price,insufficient_evidence,,,,,0,,,,,False,False,False,False
price_family_ma9_structural_linked,detail,culpeper_county_va__county,structural_price_level,median_ppsf,insufficient_evidence,,,,,0,,,,,False,False,False,False
price_family_ma9_structural_linked,detail,culpeper_county_va__county,structural_price_level,median_sale_price,insufficient_evidence,,,,,0,,,,,False,False,False,False
price_family_ma9_structural_linked,detail,cumberland_county_nj__county,structural_price_level,median_ppsf,insufficient_evidence,,,,,0,,,,,False,False,False,False
price_family_ma9_structural_linked,detail,cumberland_county_nj__county,structural_price_level,median_sale_price,insufficient_evidence,,,,,0,,,,,False,False,False,False
price_family_ma9_structural_linked,detail,cumberland_md_metro_area__cbsa_metro,structural_price_level,median_ppsf,insufficient_evidence,,,,,0,,,,,False,False,False,False
price_family_ma9_structural_linked,detail,cumberland_md_metro_area__cbsa_metro,structural_price_level,median_sale_price,insufficient_evidence,,,,,0,,,,,False,False,False,False
price_family_ma9_structural_linked,detail,danville_va__county,structural_price_level,median_ppsf,insufficient_evidence,,,,,0,,,,,False,False,False,False
price_family_ma9_structural_linked,detail,danville_va__county,structural_price_level,median_sale_price,insufficient_evidence,,,,,0,,,,,False,False,False,False
price_family_ma9_structural_linked,detail,danville_va_metro_area__cbsa_metro,structural_price_level,median_ppsf,insufficient_evidence,,,,,0,,,,,False,False,False,False
price_family_ma9_structural_linked,detail,danville_va_metro_area__cbsa_metro,structural_price_level,median_sale_price,insufficient_evidence,,,,,0,,,,,False,False,False,False
price_family_ma9_structural_linked,detail,del_norte_county_ca__county,structural_price_level,median_ppsf,insufficient_evidence,,,,,0,,,,,False,False,False,False
price_family_ma9_structural_linked,detail,del_norte_county_ca__county,structural_price_level,median_sale_price,insufficient_evidence,,,,,0,,,,,False,False,False,False
price_family_ma9_structural_linked,detail,dinwiddie_county_va__county,structural_price_level,median_ppsf,insufficient_evidence,,,,,0,,,,,False,False,False,False
price_family_ma9_structural_linked,detail,dinwiddie_county_va__county,structural_price_level,median_sale_price,insufficient_evidence,,,,,0,,,,,False,False,False,False
price_family_ma9_structural_linked,detail,district_of_columbia__state,structural_price_level,median_ppsf,insufficient_evidence,,,,,0,,,,,False,False,False,False
price_family_ma9_structural_linked,detail,district_of_columbia__state,structural_price_level,median_sale_price,insufficient_evidence,,,,,0,,,,,False,False,False,False
price_family_ma9_structural_linked,detail,district_of_columbia_dc__county,axis,demand,insufficient_evidence,,,,,0,,,,,False,False,False,False
price_family_ma9_structural_linked,detail,district_of_columbia_dc__county,dimension,affordability,insufficient_evidence,,,,,0,,,,,False,False,False,False
price_family_ma9_structural_linked,detail,district_of_columbia_dc__county,dimension,price,insufficient_evidence,,,,,0,,,,,False,False,False,False
price_family_ma9_structural_linked,detail,district_of_columbia_dc__county,metric,median_ppsf,retain_current_reference,,,,,0,,,,,False,False,False,False
price_family_ma9_structural_linked,detail,district_of_columbia_dc__county,metric,median_sale_price,insufficient_evidence,,,,,0,,,,,False,False,False,False
price_family_ma9_structural_linked,detail,district_of_columbia_dc__county,metric,payment_burden,retain_current_reference,,,,,1,,,,,True,False,False,False
price_family_ma9_structural_linked,detail,district_of_columbia_dc__county,metric,price_to_income,retain_current_reference,,,,,0,,,,,False,False,False,False
price_family_ma9_structural_linked,detail,district_of_columbia_dc__county,structural_price_level,median_ppsf,insufficient_evidence,,,,,0,,,,,False,False,False,False
price_family_ma9_structural_linked,detail,district_of_columbia_dc__county,structural_price_level,median_sale_price,insufficient_evidence,,,,,0,,,,,False,False,False,False
price_family_ma9_structural_linked,detail,dorchester_county_md__county,structural_price_level,median_ppsf,insufficient_evidence,,,,,0,,,,,False,False,False,False
price_family_ma9_structural_linked,detail,dorchester_county_md__county,structural_price_level,median_sale_price,insufficient_evidence,,,,,0,,,,,False,False,False,False
price_family_ma9_structural_linked,detail,easton_md_metro_area__cbsa_metro,structural_price_level,median_ppsf,insufficient_evidence,,,,,0,,,,,False,False,False,False
price_family_ma9_structural_linked,detail,easton_md_metro_area__cbsa_metro,structural_price_level,median_sale_price,insufficient_evidence,,,,,0,,,,,False,False,False,False
price_family_ma9_structural_linked,detail,el_centro_ca_metro_area__cbsa_metro,structural_price_level,median_ppsf,insufficient_evidence,,,,,0,,,,,False,False,False,False
price_family_ma9_structural_linked,detail,el_centro_ca_metro_area__cbsa_metro,structural_price_level,median_sale_price,insufficient_evidence,,,,,0,,,,,False,False,False,False
price_family_ma9_structural_linked,detail,el_dorado_county_ca__county,structural_price_level,median_ppsf,insufficient_evidence,,,,,0,,,,,False,False,False,False
price_family_ma9_structural_linked,detail,el_dorado_county_ca__county,structural_price_level,median_sale_price,insufficient_evidence,,,,,0,,,,,False,False,False,False
price_family_ma9_structural_linked,detail,essex_county_nj__county,structural_price_level,median_ppsf,insufficient_evidence,,,,,0,,,,,False,False,False,False
price_family_ma9_structural_linked,detail,essex_county_nj__county,structural_price_level,median_sale_price,insufficient_evidence,,,,,0,,,,,False,False,False,False
price_family_ma9_structural_linked,detail,eureka_ca_metro_area__cbsa_metro,structural_price_level,median_ppsf,insufficient_evidence,,,,,0,,,,,False,False,False,False
price_family_ma9_structural_linked,detail,eureka_ca_metro_area__cbsa_metro,structural_price_level,median_sale_price,insufficient_evidence,,,,,0,,,,,False,False,False,False
price_family_ma9_structural_linked,detail,fairfax_city_county_va__county,structural_price_level,median_ppsf,insufficient_evidence,,,,,0,,,,,False,False,False,False
price_family_ma9_structural_linked,detail,fairfax_city_county_va__county,structural_price_level,median_sale_price,insufficient_evidence,,,,,0,,,,,False,False,False,False
price_family_ma9_structural_linked,detail,fairfax_county_va__county,structural_price_level,median_ppsf,insufficient_evidence,,,,,0,,,,,False,False,False,False
price_family_ma9_structural_linked,detail,fairfax_county_va__county,structural_price_level,median_sale_price,insufficient_evidence,,,,,0,,,,,False,False,False,False
price_family_ma9_structural_linked,detail,falls_church_va__county,structural_price_level,median_ppsf,insufficient_evidence,,,,,0,,,,,False,False,False,False
price_family_ma9_structural_linked,detail,falls_church_va__county,structural_price_level,median_sale_price,insufficient_evidence,,,,,0,,,,,False,False,False,False
price_family_ma9_structural_linked,detail,fauquier_county_va__county,structural_price_level,median_ppsf,insufficient_evidence,,,,,0,,,,,False,False,False,False
price_family_ma9_structural_linked,detail,fauquier_county_va__county,structural_price_level,median_sale_price,insufficient_evidence,,,,,0,,,,,False,False,False,False
price_family_ma9_structural_linked,detail,fluvanna_county_va__county,structural_price_level,median_ppsf,insufficient_evidence,,,,,0,,,,,False,False,False,False
price_family_ma9_structural_linked,detail,fluvanna_county_va__county,structural_price_level,median_sale_price,insufficient_evidence,,,,,0,,,,,False,False,False,False
price_family_ma9_structural_linked,detail,franklin_city_county_va__county,structural_price_level,median_ppsf,insufficient_evidence,,,,,0,,,,,False,False,False,False
price_family_ma9_structural_linked,detail,franklin_city_county_va__county,structural_price_level,median_sale_price,insufficient_evidence,,,,,0,,,,,False,False,False,False
price_family_ma9_structural_linked,detail,franklin_county_va__county,structural_price_level,median_ppsf,insufficient_evidence,,,,,0,,,,,False,False,False,False
price_family_ma9_structural_linked,detail,franklin_county_va__county,structural_price_level,median_sale_price,insufficient_evidence,,,,,0,,,,,False,False,False,False
price_family_ma9_structural_linked,detail,frederick_county_md__county,structural_price_level,median_ppsf,insufficient_evidence,,,,,0,,,,,False,False,False,False
price_family_ma9_structural_linked,detail,frederick_county_md__county,structural_price_level,median_sale_price,insufficient_evidence,,,,,0,,,,,False,False,False,False
price_family_ma9_structural_linked,detail,frederick_county_va__county,structural_price_level,median_ppsf,insufficient_evidence,,,,,0,,,,,False,False,False,False
price_family_ma9_structural_linked,detail,frederick_county_va__county,structural_price_level,median_sale_price,insufficient_evidence,,,,,0,,,,,False,False,False,False
price_family_ma9_structural_linked,detail,frederick_md_metro_area__cbsa_metro,structural_price_level,median_ppsf,insufficient_evidence,,,,,0,,,,,False,False,False,False
price_family_ma9_structural_linked,detail,frederick_md_metro_area__cbsa_metro,structural_price_level,median_sale_price,insufficient_evidence,,,,,0,,,,,False,False,False,False
price_family_ma9_structural_linked,detail,fredericksburg_va__county,structural_price_level,median_ppsf,insufficient_evidence,,,,,0,,,,,False,False,False,False
price_family_ma9_structural_linked,detail,fredericksburg_va__county,structural_price_level,median_sale_price,insufficient_evidence,,,,,0,,,,,False,False,False,False
price_family_ma9_structural_linked,detail,fresno_ca_metro_area__cbsa_metro,structural_price_level,median_ppsf,insufficient_evidence,,,,,0,,,,,False,False,False,False
price_family_ma9_structural_linked,detail,fresno_ca_metro_area__cbsa_metro,structural_price_level,median_sale_price,insufficient_evidence,,,,,0,,,,,False,False,False,False
price_family_ma9_structural_linked,detail,fresno_county_ca__county,structural_price_level,median_ppsf,insufficient_evidence,,,,,0,,,,,False,False,False,False
price_family_ma9_structural_linked,detail,fresno_county_ca__county,structural_price_level,median_sale_price,insufficient_evidence,,,,,0,,,,,False,False,False,False
price_family_ma9_structural_linked,detail,giles_county_va__county,structural_price_level,median_ppsf,insufficient_evidence,,,,,0,,,,,False,False,False,False
price_family_ma9_structural_linked,detail,giles_county_va__county,structural_price_level,median_sale_price,insufficient_evidence,,,,,0,,,,,False,False,False,False
price_family_ma9_structural_linked,detail,gloucester_county_nj__county,structural_price_level,median_ppsf,insufficient_evidence,,,,,0,,,,,False,False,False,False
price_family_ma9_structural_linked,detail,gloucester_county_nj__county,structural_price_level,median_sale_price,insufficient_evidence,,,,,0,,,,,False,False,False,False
price_family_ma9_structural_linked,detail,gloucester_county_va__county,structural_price_level,median_ppsf,insufficient_evidence,,,,,0,,,,,False,False,False,False
price_family_ma9_structural_linked,detail,gloucester_county_va__county,structural_price_level,median_sale_price,insufficient_evidence,,,,,0,,,,,False,False,False,False
price_family_ma9_structural_linked,detail,goochland_county_va__county,structural_price_level,median_ppsf,insufficient_evidence,,,,,0,,,,,False,False,False,False
price_family_ma9_structural_linked,detail,goochland_county_va__county,structural_price_level,median_sale_price,insufficient_evidence,,,,,0,,,,,False,False,False,False
price_family_ma9_structural_linked,detail,greene_county_va__county,structural_price_level,median_ppsf,insufficient_evidence,,,,,0,,,,,False,False,False,False
price_family_ma9_structural_linked,detail,greene_county_va__county,structural_price_level,median_sale_price,insufficient_evidence,,,,,0,,,,,False,False,False,False
price_family_ma9_structural_linked,detail,hagerstown_md_metro_area__cbsa_metro,structural_price_level,median_ppsf,insufficient_evidence,,,,,0,,,,,False,False,False,False
price_family_ma9_structural_linked,detail,hagerstown_md_metro_area__cbsa_metro,structural_price_level,median_sale_price,insufficient_evidence,,,,,0,,,,,False,False,False,False
price_family_ma9_structural_linked,detail,hampton_va__county,structural_price_level,median_ppsf,insufficient_evidence,,,,,0,,,,,False,False,False,False
price_family_ma9_structural_linked,detail,hampton_va__county,structural_price_level,median_sale_price,insufficient_evidence,,,,,0,,,,,False,False,False,False
price_family_ma9_structural_linked,detail,hanford_ca_metro_area__cbsa_metro,structural_price_level,median_ppsf,insufficient_evidence,,,,,0,,,,,False,False,False,False
price_family_ma9_structural_linked,detail,hanford_ca_metro_area__cbsa_metro,structural_price_level,median_sale_price,insufficient_evidence,,,,,0,,,,,False,False,False,False
price_family_ma9_structural_linked,detail,hanover_county_va__county,structural_price_level,median_ppsf,insufficient_evidence,,,,,0,,,,,False,False,False,False
price_family_ma9_structural_linked,detail,hanover_county_va__county,structural_price_level,median_sale_price,insufficient_evidence,,,,,0,,,,,False,False,False,False
price_family_ma9_structural_linked,detail,harford_county_md__county,structural_price_level,median_ppsf,insufficient_evidence,,,,,0,,,,,False,False,False,False
price_family_ma9_structural_linked,detail,harford_county_md__county,structural_price_level,median_sale_price,insufficient_evidence,,,,,0,,,,,False,False,False,False
price_family_ma9_structural_linked,detail,harrisonburg_va__county,structural_price_level,median_ppsf,insufficient_evidence,,,,,0,,,,,False,False,False,False
price_family_ma9_structural_linked,detail,harrisonburg_va__county,structural_price_level,median_sale_price,insufficient_evidence,,,,,0,,,,,False,False,False,False
price_family_ma9_structural_linked,detail,harrisonburg_va_metro_area__cbsa_metro,structural_price_level,median_ppsf,insufficient_evidence,,,,,0,,,,,False,False,False,False
price_family_ma9_structural_linked,detail,harrisonburg_va_metro_area__cbsa_metro,structural_price_level,median_sale_price,insufficient_evidence,,,,,0,,,,,False,False,False,False
price_family_ma9_structural_linked,detail,henrico_county_va__county,structural_price_level,median_ppsf,insufficient_evidence,,,,,0,,,,,False,False,False,False
price_family_ma9_structural_linked,detail,henrico_county_va__county,structural_price_level,median_sale_price,insufficient_evidence,,,,,0,,,,,False,False,False,False
price_family_ma9_structural_linked,detail,henry_county_va__county,structural_price_level,median_ppsf,insufficient_evidence,,,,,0,,,,,False,False,False,False
price_family_ma9_structural_linked,detail,henry_county_va__county,structural_price_level,median_sale_price,insufficient_evidence,,,,,0,,,,,False,False,False,False
price_family_ma9_structural_linked,detail,hopewell_va__county,structural_price_level,median_ppsf,insufficient_evidence,,,,,0,,,,,False,False,False,False
price_family_ma9_structural_linked,detail,hopewell_va__county,structural_price_level,median_sale_price,insufficient_evidence,,,,,0,,,,,False,False,False,False
price_family_ma9_structural_linked,detail,howard_county_md__county,structural_price_level,median_ppsf,insufficient_evidence,,,,,0,,,,,False,False,False,False
price_family_ma9_structural_linked,detail,howard_county_md__county,structural_price_level,median_sale_price,insufficient_evidence,,,,,0,,,,,False,False,False,False
price_family_ma9_structural_linked,detail,humboldt_county_ca__county,structural_price_level,median_ppsf,insufficient_evidence,,,,,0,,,,,False,False,False,False
price_family_ma9_structural_linked,detail,humboldt_county_ca__county,structural_price_level,median_sale_price,insufficient_evidence,,,,,0,,,,,False,False,False,False
price_family_ma9_structural_linked,detail,hunterdon_county_nj__county,structural_price_level,median_ppsf,insufficient_evidence,,,,,0,,,,,False,False,False,False
price_family_ma9_structural_linked,detail,hunterdon_county_nj__county,structural_price_level,median_sale_price,insufficient_evidence,,,,,0,,,,,False,False,False,False
price_family_ma9_structural_linked,detail,imperial_county_ca__county,structural_price_level,median_ppsf,insufficient_evidence,,,,,0,,,,,False,False,False,False
price_family_ma9_structural_linked,detail,imperial_county_ca__county,structural_price_level,median_sale_price,insufficient_evidence,,,,,0,,,,,False,False,False,False
price_family_ma9_structural_linked,detail,isle_of_wight_county_va__county,structural_price_level,median_ppsf,insufficient_evidence,,,,,0,,,,,False,False,False,False
price_family_ma9_structural_linked,detail,isle_of_wight_county_va__county,structural_price_level,median_sale_price,insufficient_evidence,,,,,0,,,,,False,False,False,False
price_family_ma9_structural_linked,detail,james_city_county_va__county,structural_price_level,median_ppsf,insufficient_evidence,,,,,0,,,,,False,False,False,False
price_family_ma9_structural_linked,detail,james_city_county_va__county,structural_price_level,median_sale_price,insufficient_evidence,,,,,0,,,,,False,False,False,False
price_family_ma9_structural_linked,detail,kern_county_ca__county,structural_price_level,median_ppsf,insufficient_evidence,,,,,0,,,,,False,False,False,False
price_family_ma9_structural_linked,detail,kern_county_ca__county,structural_price_level,median_sale_price,insufficient_evidence,,,,,0,,,,,False,False,False,False
price_family_ma9_structural_linked,detail,king_and_queen_county_va__county,structural_price_level,median_ppsf,insufficient_evidence,,,,,0,,,,,False,False,False,False
price_family_ma9_structural_linked,detail,king_and_queen_county_va__county,structural_price_level,median_sale_price,insufficient_evidence,,,,,0,,,,,False,False,False,False
price_family_ma9_structural_linked,detail,king_william_county_va__county,structural_price_level,median_ppsf,insufficient_evidence,,,,,0,,,,,False,False,False,False
price_family_ma9_structural_linked,detail,king_william_county_va__county,structural_price_level,median_sale_price,insufficient_evidence,,,,,0,,,,,False,False,False,False
price_family_ma9_structural_linked,detail,kings_county_ca__county,structural_price_level,median_ppsf,insufficient_evidence,,,,,0,,,,,False,False,False,False
price_family_ma9_structural_linked,detail,kings_county_ca__county,structural_price_level,median_sale_price,insufficient_evidence,,,,,0,,,,,False,False,False,False
price_family_ma9_structural_linked,detail,lake_county_ca__county,structural_price_level,median_ppsf,insufficient_evidence,,,,,0,,,,,False,False,False,False
price_family_ma9_structural_linked,detail,lake_county_ca__county,structural_price_level,median_sale_price,insufficient_evidence,,,,,0,,,,,False,False,False,False
price_family_ma9_structural_linked,detail,lassen_county_ca__county,structural_price_level,median_ppsf,insufficient_evidence,,,,,0,,,,,False,False,False,False
price_family_ma9_structural_linked,detail,lassen_county_ca__county,structural_price_level,median_sale_price,insufficient_evidence,,,,,0,,,,,False,False,False,False
price_family_ma9_structural_linked,detail,los_angeles_ca_metro_area__cbsa_metro,structural_price_level,median_ppsf,insufficient_evidence,,,,,0,,,,,False,False,False,False
price_family_ma9_structural_linked,detail,los_angeles_ca_metro_area__cbsa_metro,structural_price_level,median_sale_price,insufficient_evidence,,,,,0,,,,,False,False,False,False
price_family_ma9_structural_linked,detail,los_angeles_county_ca__county,structural_price_level,median_ppsf,insufficient_evidence,,,,,0,,,,,False,False,False,False
price_family_ma9_structural_linked,detail,los_angeles_county_ca__county,structural_price_level,median_sale_price,insufficient_evidence,,,,,0,,,,,False,False,False,False
price_family_ma9_structural_linked,detail,loudoun_county_va__county,structural_price_level,median_ppsf,insufficient_evidence,,,,,0,,,,,False,False,False,False
price_family_ma9_structural_linked,detail,loudoun_county_va__county,structural_price_level,median_sale_price,insufficient_evidence,,,,,0,,,,,False,False,False,False
price_family_ma9_structural_linked,detail,lynchburg_va__county,structural_price_level,median_ppsf,insufficient_evidence,,,,,0,,,,,False,False,False,False
price_family_ma9_structural_linked,detail,lynchburg_va__county,structural_price_level,median_sale_price,insufficient_evidence,,,,,0,,,,,False,False,False,False
price_family_ma9_structural_linked,detail,lynchburg_va_metro_area__cbsa_metro,structural_price_level,median_ppsf,insufficient_evidence,,,,,0,,,,,False,False,False,False
price_family_ma9_structural_linked,detail,lynchburg_va_metro_area__cbsa_metro,structural_price_level,median_sale_price,insufficient_evidence,,,,,0,,,,,False,False,False,False
price_family_ma9_structural_linked,detail,madera_ca_metro_area__cbsa_metro,structural_price_level,median_ppsf,insufficient_evidence,,,,,0,,,,,False,False,False,False
price_family_ma9_structural_linked,detail,madera_ca_metro_area__cbsa_metro,structural_price_level,median_sale_price,insufficient_evidence,,,,,0,,,,,False,False,False,False
price_family_ma9_structural_linked,detail,madera_county_ca__county,structural_price_level,median_ppsf,insufficient_evidence,,,,,0,,,,,False,False,False,False
price_family_ma9_structural_linked,detail,madera_county_ca__county,structural_price_level,median_sale_price,insufficient_evidence,,,,,0,,,,,False,False,False,False
price_family_ma9_structural_linked,detail,madison_county_va__county,structural_price_level,median_ppsf,insufficient_evidence,,,,,0,,,,,False,False,False,False
price_family_ma9_structural_linked,detail,madison_county_va__county,structural_price_level,median_sale_price,insufficient_evidence,,,,,0,,,,,False,False,False,False
price_family_ma9_structural_linked,detail,manassas_park_va__county,structural_price_level,median_ppsf,insufficient_evidence,,,,,0,,,,,False,False,False,False
price_family_ma9_structural_linked,detail,manassas_park_va__county,structural_price_level,median_sale_price,insufficient_evidence,,,,,0,,,,,False,False,False,False
price_family_ma9_structural_linked,detail,manassas_va__county,structural_price_level,median_ppsf,insufficient_evidence,,,,,0,,,,,False,False,False,False
price_family_ma9_structural_linked,detail,manassas_va__county,structural_price_level,median_sale_price,insufficient_evidence,,,,,0,,,,,False,False,False,False
price_family_ma9_structural_linked,detail,marin_county_ca__county,structural_price_level,median_ppsf,insufficient_evidence,,,,,0,,,,,False,False,False,False
price_family_ma9_structural_linked,detail,marin_county_ca__county,structural_price_level,median_sale_price,insufficient_evidence,,,,,0,,,,,False,False,False,False
price_family_ma9_structural_linked,detail,martinsville_va__county,structural_price_level,median_ppsf,insufficient_evidence,,,,,0,,,,,False,False,False,False
price_family_ma9_structural_linked,detail,martinsville_va__county,structural_price_level,median_sale_price,insufficient_evidence,,,,,0,,,,,False,False,False,False
price_family_ma9_structural_linked,detail,martinsville_va_metro_area__cbsa_metro,structural_price_level,median_ppsf,insufficient_evidence,,,,,0,,,,,False,False,False,False
price_family_ma9_structural_linked,detail,martinsville_va_metro_area__cbsa_metro,structural_price_level,median_sale_price,insufficient_evidence,,,,,0,,,,,False,False,False,False
price_family_ma9_structural_linked,detail,maryland__state,structural_price_level,median_ppsf,insufficient_evidence,,,,,0,,,,,False,False,False,False
price_family_ma9_structural_linked,detail,maryland__state,structural_price_level,median_sale_price,insufficient_evidence,,,,,0,,,,,False,False,False,False
price_family_ma9_structural_linked,detail,mathews_county_va__county,structural_price_level,median_ppsf,insufficient_evidence,,,,,0,,,,,False,False,False,False
price_family_ma9_structural_linked,detail,mathews_county_va__county,structural_price_level,median_sale_price,insufficient_evidence,,,,,0,,,,,False,False,False,False
price_family_ma9_structural_linked,detail,mendocino_county_ca__county,structural_price_level,median_ppsf,insufficient_evidence,,,,,0,,,,,False,False,False,False
price_family_ma9_structural_linked,detail,mendocino_county_ca__county,structural_price_level,median_sale_price,insufficient_evidence,,,,,0,,,,,False,False,False,False
price_family_ma9_structural_linked,detail,merced_ca_metro_area__cbsa_metro,structural_price_level,median_ppsf,insufficient_evidence,,,,,0,,,,,False,False,False,False
price_family_ma9_structural_linked,detail,merced_ca_metro_area__cbsa_metro,structural_price_level,median_sale_price,insufficient_evidence,,,,,0,,,,,False,False,False,False
price_family_ma9_structural_linked,detail,merced_county_ca__county,structural_price_level,median_ppsf,insufficient_evidence,,,,,0,,,,,False,False,False,False
price_family_ma9_structural_linked,detail,merced_county_ca__county,structural_price_level,median_sale_price,insufficient_evidence,,,,,0,,,,,False,False,False,False
price_family_ma9_structural_linked,detail,mercer_county_nj__county,structural_price_level,median_ppsf,insufficient_evidence,,,,,0,,,,,False,False,False,False
price_family_ma9_structural_linked,detail,mercer_county_nj__county,structural_price_level,median_sale_price,insufficient_evidence,,,,,0,,,,,False,False,False,False
price_family_ma9_structural_linked,detail,middlesex_county_nj__county,structural_price_level,median_ppsf,insufficient_evidence,,,,,0,,,,,False,False,False,False
price_family_ma9_structural_linked,detail,middlesex_county_nj__county,structural_price_level,median_sale_price,insufficient_evidence,,,,,0,,,,,False,False,False,False
price_family_ma9_structural_linked,detail,modesto_ca_metro_area__cbsa_metro,structural_price_level,median_ppsf,insufficient_evidence,,,,,0,,,,,False,False,False,False
price_family_ma9_structural_linked,detail,modesto_ca_metro_area__cbsa_metro,structural_price_level,median_sale_price,insufficient_evidence,,,,,0,,,,,False,False,False,False
price_family_ma9_structural_linked,detail,monmouth_county_nj__county,structural_price_level,median_ppsf,insufficient_evidence,,,,,0,,,,,False,False,False,False
price_family_ma9_structural_linked,detail,monmouth_county_nj__county,structural_price_level,median_sale_price,insufficient_evidence,,,,,0,,,,,False,False,False,False
price_family_ma9_structural_linked,detail,monterey_county_ca__county,structural_price_level,median_ppsf,insufficient_evidence,,,,,0,,,,,False,False,False,False
price_family_ma9_structural_linked,detail,monterey_county_ca__county,structural_price_level,median_sale_price,insufficient_evidence,,,,,0,,,,,False,False,False,False
price_family_ma9_structural_linked,detail,montgomery_county_md__county,structural_price_level,median_ppsf,insufficient_evidence,,,,,0,,,,,False,False,False,False
price_family_ma9_structural_linked,detail,montgomery_county_md__county,structural_price_level,median_sale_price,insufficient_evidence,,,,,0,,,,,False,False,False,False
price_family_ma9_structural_linked,detail,montgomery_county_va__county,structural_price_level,median_ppsf,insufficient_evidence,,,,,0,,,,,False,False,False,False
price_family_ma9_structural_linked,detail,montgomery_county_va__county,structural_price_level,median_sale_price,insufficient_evidence,,,,,0,,,,,False,False,False,False
price_family_ma9_structural_linked,detail,morris_county_nj__county,structural_price_level,median_ppsf,insufficient_evidence,,,,,0,,,,,False,False,False,False
price_family_ma9_structural_linked,detail,morris_county_nj__county,structural_price_level,median_sale_price,insufficient_evidence,,,,,0,,,,,False,False,False,False
price_family_ma9_structural_linked,detail,napa_ca_metro_area__cbsa_metro,structural_price_level,median_ppsf,insufficient_evidence,,,,,0,,,,,False,False,False,False
price_family_ma9_structural_linked,detail,napa_ca_metro_area__cbsa_metro,structural_price_level,median_sale_price,insufficient_evidence,,,,,0,,,,,False,False,False,False
price_family_ma9_structural_linked,detail,napa_county_ca__county,structural_price_level,median_ppsf,insufficient_evidence,,,,,0,,,,,False,False,False,False
price_family_ma9_structural_linked,detail,napa_county_ca__county,structural_price_level,median_sale_price,insufficient_evidence,,,,,0,,,,,False,False,False,False
price_family_ma9_structural_linked,detail,nelson_county_va__county,structural_price_level,median_ppsf,insufficient_evidence,,,,,0,,,,,False,False,False,False
price_family_ma9_structural_linked,detail,nelson_county_va__county,structural_price_level,median_sale_price,insufficient_evidence,,,,,0,,,,,False,False,False,False
price_family_ma9_structural_linked,detail,nevada_county_ca__county,structural_price_level,median_ppsf,insufficient_evidence,,,,,0,,,,,False,False,False,False
price_family_ma9_structural_linked,detail,nevada_county_ca__county,structural_price_level,median_sale_price,insufficient_evidence,,,,,0,,,,,False,False,False,False
price_family_ma9_structural_linked,detail,new_brunswick_nj_metro_area__cbsa_metro,structural_price_level,median_ppsf,insufficient_evidence,,,,,0,,,,,False,False,False,False
price_family_ma9_structural_linked,detail,new_brunswick_nj_metro_area__cbsa_metro,structural_price_level,median_sale_price,insufficient_evidence,,,,,0,,,,,False,False,False,False
price_family_ma9_structural_linked,detail,new_jersey__state,structural_price_level,median_ppsf,insufficient_evidence,,,,,0,,,,,False,False,False,False
price_family_ma9_structural_linked,detail,new_jersey__state,structural_price_level,median_sale_price,insufficient_evidence,,,,,0,,,,,False,False,False,False
price_family_ma9_structural_linked,detail,new_kent_county_va__county,structural_price_level,median_ppsf,insufficient_evidence,,,,,0,,,,,False,False,False,False
price_family_ma9_structural_linked,detail,new_kent_county_va__county,structural_price_level,median_sale_price,insufficient_evidence,,,,,0,,,,,False,False,False,False
price_family_ma9_structural_linked,detail,newark_nj_metro_area__cbsa_metro,structural_price_level,median_ppsf,insufficient_evidence,,,,,0,,,,,False,False,False,False
price_family_ma9_structural_linked,detail,newark_nj_metro_area__cbsa_metro,structural_price_level,median_sale_price,insufficient_evidence,,,,,0,,,,,False,False,False,False
price_family_ma9_structural_linked,detail,newport_news_va__county,structural_price_level,median_ppsf,insufficient_evidence,,,,,0,,,,,False,False,False,False
price_family_ma9_structural_linked,detail,newport_news_va__county,structural_price_level,median_sale_price,insufficient_evidence,,,,,0,,,,,False,False,False,False
price_family_ma9_structural_linked,detail,norfolk_va__county,structural_price_level,median_ppsf,insufficient_evidence,,,,,0,,,,,False,False,False,False
price_family_ma9_structural_linked,detail,norfolk_va__county,structural_price_level,median_sale_price,insufficient_evidence,,,,,0,,,,,False,False,False,False
price_family_ma9_structural_linked,detail,norton_va__county,structural_price_level,median_ppsf,insufficient_evidence,,,,,0,,,,,False,False,False,False
price_family_ma9_structural_linked,detail,norton_va__county,structural_price_level,median_sale_price,insufficient_evidence,,,,,0,,,,,False,False,False,False
price_family_ma9_structural_linked,detail,oakland_ca_metro_area__cbsa_metro,structural_price_level,median_ppsf,insufficient_evidence,,,,,0,,,,,False,False,False,False
price_family_ma9_structural_linked,detail,oakland_ca_metro_area__cbsa_metro,structural_price_level,median_sale_price,insufficient_evidence,,,,,0,,,,,False,False,False,False
price_family_ma9_structural_linked,detail,ocean_city_nj_metro_area__cbsa_metro,structural_price_level,median_ppsf,insufficient_evidence,,,,,0,,,,,False,False,False,False
price_family_ma9_structural_linked,detail,ocean_city_nj_metro_area__cbsa_metro,structural_price_level,median_sale_price,insufficient_evidence,,,,,0,,,,,False,False,False,False
price_family_ma9_structural_linked,detail,ocean_county_nj__county,structural_price_level,median_ppsf,insufficient_evidence,,,,,0,,,,,False,False,False,False
price_family_ma9_structural_linked,detail,ocean_county_nj__county,structural_price_level,median_sale_price,insufficient_evidence,,,,,0,,,,,False,False,False,False
price_family_ma9_structural_linked,detail,orange_county_ca__county,structural_price_level,median_ppsf,insufficient_evidence,,,,,0,,,,,False,False,False,False
price_family_ma9_structural_linked,detail,orange_county_ca__county,structural_price_level,median_sale_price,insufficient_evidence,,,,,0,,,,,False,False,False,False
price_family_ma9_structural_linked,detail,oxnard_ca_metro_area__cbsa_metro,structural_price_level,median_ppsf,insufficient_evidence,,,,,0,,,,,False,False,False,False
price_family_ma9_structural_linked,detail,oxnard_ca_metro_area__cbsa_metro,structural_price_level,median_sale_price,insufficient_evidence,,,,,0,,,,,False,False,False,False
price_family_ma9_structural_linked,detail,petersburg_va__county,structural_price_level,median_ppsf,insufficient_evidence,,,,,0,,,,,False,False,False,False
price_family_ma9_structural_linked,detail,petersburg_va__county,structural_price_level,median_sale_price,insufficient_evidence,,,,,0,,,,,False,False,False,False
price_family_ma9_structural_linked,detail,pittsylvania_county_va__county,structural_price_level,median_ppsf,insufficient_evidence,,,,,0,,,,,False,False,False,False
price_family_ma9_structural_linked,detail,pittsylvania_county_va__county,structural_price_level,median_sale_price,insufficient_evidence,,,,,0,,,,,False,False,False,False
price_family_ma9_structural_linked,detail,placer_county_ca__county,structural_price_level,median_ppsf,insufficient_evidence,,,,,0,,,,,False,False,False,False
price_family_ma9_structural_linked,detail,placer_county_ca__county,structural_price_level,median_sale_price,insufficient_evidence,,,,,0,,,,,False,False,False,False
price_family_ma9_structural_linked,detail,poquoson_va__county,structural_price_level,median_ppsf,insufficient_evidence,,,,,0,,,,,False,False,False,False
price_family_ma9_structural_linked,detail,poquoson_va__county,structural_price_level,median_sale_price,insufficient_evidence,,,,,0,,,,,False,False,False,False
price_family_ma9_structural_linked,detail,portsmouth_va__county,structural_price_level,median_ppsf,insufficient_evidence,,,,,0,,,,,False,False,False,False
price_family_ma9_structural_linked,detail,portsmouth_va__county,structural_price_level,median_sale_price,insufficient_evidence,,,,,0,,,,,False,False,False,False
price_family_ma9_structural_linked,detail,powhatan_county_va__county,structural_price_level,median_ppsf,insufficient_evidence,,,,,0,,,,,False,False,False,False
price_family_ma9_structural_linked,detail,powhatan_county_va__county,structural_price_level,median_sale_price,insufficient_evidence,,,,,0,,,,,False,False,False,False
price_family_ma9_structural_linked,detail,prince_george_county_va__county,structural_price_level,median_ppsf,insufficient_evidence,,,,,0,,,,,False,False,False,False
price_family_ma9_structural_linked,detail,prince_george_county_va__county,structural_price_level,median_sale_price,insufficient_evidence,,,,,0,,,,,False,False,False,False
price_family_ma9_structural_linked,detail,prince_george_s_county_md__county,structural_price_level,median_ppsf,insufficient_evidence,,,,,0,,,,,False,False,False,False
price_family_ma9_structural_linked,detail,prince_george_s_county_md__county,structural_price_level,median_sale_price,insufficient_evidence,,,,,0,,,,,False,False,False,False
price_family_ma9_structural_linked,detail,prince_william_county_va__county,structural_price_level,median_ppsf,insufficient_evidence,,,,,0,,,,,False,False,False,False
price_family_ma9_structural_linked,detail,prince_william_county_va__county,structural_price_level,median_sale_price,insufficient_evidence,,,,,0,,,,,False,False,False,False
price_family_ma9_structural_linked,detail,pulaski_county_va__county,structural_price_level,median_ppsf,insufficient_evidence,,,,,0,,,,,False,False,False,False
price_family_ma9_structural_linked,detail,pulaski_county_va__county,structural_price_level,median_sale_price,insufficient_evidence,,,,,0,,,,,False,False,False,False
price_family_ma9_structural_linked,detail,queen_anne_s_county_md__county,structural_price_level,median_ppsf,insufficient_evidence,,,,,0,,,,,False,False,False,False
price_family_ma9_structural_linked,detail,queen_anne_s_county_md__county,structural_price_level,median_sale_price,insufficient_evidence,,,,,0,,,,,False,False,False,False
price_family_ma9_structural_linked,detail,radford_va__county,structural_price_level,median_ppsf,insufficient_evidence,,,,,0,,,,,False,False,False,False
price_family_ma9_structural_linked,detail,radford_va__county,structural_price_level,median_sale_price,insufficient_evidence,,,,,0,,,,,False,False,False,False
price_family_ma9_structural_linked,detail,rappahannock_county_va__county,structural_price_level,median_ppsf,insufficient_evidence,,,,,0,,,,,False,False,False,False
price_family_ma9_structural_linked,detail,rappahannock_county_va__county,structural_price_level,median_sale_price,insufficient_evidence,,,,,0,,,,,False,False,False,False
price_family_ma9_structural_linked,detail,red_bluff_ca_metro_area__cbsa_metro,structural_price_level,median_ppsf,insufficient_evidence,,,,,0,,,,,False,False,False,False
price_family_ma9_structural_linked,detail,red_bluff_ca_metro_area__cbsa_metro,structural_price_level,median_sale_price,insufficient_evidence,,,,,0,,,,,False,False,False,False
price_family_ma9_structural_linked,detail,redding_ca_metro_area__cbsa_metro,structural_price_level,median_ppsf,insufficient_evidence,,,,,0,,,,,False,False,False,False
price_family_ma9_structural_linked,detail,redding_ca_metro_area__cbsa_metro,structural_price_level,median_sale_price,insufficient_evidence,,,,,0,,,,,False,False,False,False
price_family_ma9_structural_linked,detail,richmond_city_county_va__county,structural_price_level,median_ppsf,insufficient_evidence,,,,,0,,,,,False,False,False,False
price_family_ma9_structural_linked,detail,richmond_city_county_va__county,structural_price_level,median_sale_price,insufficient_evidence,,,,,0,,,,,False,False,False,False
price_family_ma9_structural_linked,detail,richmond_va_metro_area__cbsa_metro,structural_price_level,median_ppsf,insufficient_evidence,,,,,0,,,,,False,False,False,False
price_family_ma9_structural_linked,detail,richmond_va_metro_area__cbsa_metro,structural_price_level,median_sale_price,insufficient_evidence,,,,,0,,,,,False,False,False,False
price_family_ma9_structural_linked,detail,riverside_ca_metro_area__cbsa_metro,structural_price_level,median_ppsf,insufficient_evidence,,,,,0,,,,,False,False,False,False
price_family_ma9_structural_linked,detail,riverside_ca_metro_area__cbsa_metro,structural_price_level,median_sale_price,insufficient_evidence,,,,,0,,,,,False,False,False,False
price_family_ma9_structural_linked,detail,riverside_county_ca__county,structural_price_level,median_ppsf,insufficient_evidence,,,,,0,,,,,False,False,False,False
price_family_ma9_structural_linked,detail,riverside_county_ca__county,structural_price_level,median_sale_price,insufficient_evidence,,,,,0,,,,,False,False,False,False
price_family_ma9_structural_linked,detail,roanoke_city_county_va__county,structural_price_level,median_ppsf,insufficient_evidence,,,,,0,,,,,False,False,False,False
price_family_ma9_structural_linked,detail,roanoke_city_county_va__county,structural_price_level,median_sale_price,insufficient_evidence,,,,,0,,,,,False,False,False,False
price_family_ma9_structural_linked,detail,roanoke_county_va__county,structural_price_level,median_ppsf,insufficient_evidence,,,,,0,,,,,False,False,False,False
price_family_ma9_structural_linked,detail,roanoke_county_va__county,structural_price_level,median_sale_price,insufficient_evidence,,,,,0,,,,,False,False,False,False
price_family_ma9_structural_linked,detail,roanoke_va_metro_area__cbsa_metro,structural_price_level,median_ppsf,insufficient_evidence,,,,,0,,,,,False,False,False,False
price_family_ma9_structural_linked,detail,roanoke_va_metro_area__cbsa_metro,structural_price_level,median_sale_price,insufficient_evidence,,,,,0,,,,,False,False,False,False
price_family_ma9_structural_linked,detail,rockingham_county_va__county,structural_price_level,median_ppsf,insufficient_evidence,,,,,0,,,,,False,False,False,False
price_family_ma9_structural_linked,detail,rockingham_county_va__county,structural_price_level,median_sale_price,insufficient_evidence,,,,,0,,,,,False,False,False,False
price_family_ma9_structural_linked,detail,sacramento_ca_metro_area__cbsa_metro,structural_price_level,median_ppsf,insufficient_evidence,,,,,0,,,,,False,False,False,False
price_family_ma9_structural_linked,detail,sacramento_ca_metro_area__cbsa_metro,structural_price_level,median_sale_price,insufficient_evidence,,,,,0,,,,,False,False,False,False
price_family_ma9_structural_linked,detail,sacramento_county_ca__county,structural_price_level,median_ppsf,insufficient_evidence,,,,,0,,,,,False,False,False,False
price_family_ma9_structural_linked,detail,sacramento_county_ca__county,structural_price_level,median_sale_price,insufficient_evidence,,,,,0,,,,,False,False,False,False
price_family_ma9_structural_linked,detail,salem_va__county,structural_price_level,median_ppsf,insufficient_evidence,,,,,0,,,,,False,False,False,False
price_family_ma9_structural_linked,detail,salem_va__county,structural_price_level,median_sale_price,insufficient_evidence,,,,,0,,,,,False,False,False,False
price_family_ma9_structural_linked,detail,salinas_ca_metro_area__cbsa_metro,structural_price_level,median_ppsf,insufficient_evidence,,,,,0,,,,,False,False,False,False
price_family_ma9_structural_linked,detail,salinas_ca_metro_area__cbsa_metro,structural_price_level,median_sale_price,insufficient_evidence,,,,,0,,,,,False,False,False,False
price_family_ma9_structural_linked,detail,san_benito_county_ca__county,structural_price_level,median_ppsf,insufficient_evidence,,,,,0,,,,,False,False,False,False
price_family_ma9_structural_linked,detail,san_benito_county_ca__county,structural_price_level,median_sale_price,insufficient_evidence,,,,,0,,,,,False,False,False,False
price_family_ma9_structural_linked,detail,san_bernardino_county_ca__county,structural_price_level,median_ppsf,insufficient_evidence,,,,,0,,,,,False,False,False,False
price_family_ma9_structural_linked,detail,san_bernardino_county_ca__county,structural_price_level,median_sale_price,insufficient_evidence,,,,,0,,,,,False,False,False,False
price_family_ma9_structural_linked,detail,san_diego_ca_metro_area__cbsa_metro,structural_price_level,median_ppsf,insufficient_evidence,,,,,0,,,,,False,False,False,False
price_family_ma9_structural_linked,detail,san_diego_ca_metro_area__cbsa_metro,structural_price_level,median_sale_price,insufficient_evidence,,,,,0,,,,,False,False,False,False
price_family_ma9_structural_linked,detail,san_diego_county_ca__county,structural_price_level,median_ppsf,insufficient_evidence,,,,,0,,,,,False,False,False,False
price_family_ma9_structural_linked,detail,san_diego_county_ca__county,structural_price_level,median_sale_price,insufficient_evidence,,,,,0,,,,,False,False,False,False
price_family_ma9_structural_linked,detail,san_francisco_ca_metro_area__cbsa_metro,structural_price_level,median_ppsf,insufficient_evidence,,,,,0,,,,,False,False,False,False
price_family_ma9_structural_linked,detail,san_francisco_ca_metro_area__cbsa_metro,structural_price_level,median_sale_price,insufficient_evidence,,,,,0,,,,,False,False,False,False
price_family_ma9_structural_linked,detail,san_francisco_county_ca__county,structural_price_level,median_ppsf,insufficient_evidence,,,,,0,,,,,False,False,False,False
price_family_ma9_structural_linked,detail,san_francisco_county_ca__county,structural_price_level,median_sale_price,insufficient_evidence,,,,,0,,,,,False,False,False,False
price_family_ma9_structural_linked,detail,san_joaquin_county_ca__county,structural_price_level,median_ppsf,insufficient_evidence,,,,,0,,,,,False,False,False,False
price_family_ma9_structural_linked,detail,san_joaquin_county_ca__county,structural_price_level,median_sale_price,insufficient_evidence,,,,,0,,,,,False,False,False,False
price_family_ma9_structural_linked,detail,san_jose_ca_metro_area__cbsa_metro,structural_price_level,median_ppsf,insufficient_evidence,,,,,0,,,,,False,False,False,False
price_family_ma9_structural_linked,detail,san_jose_ca_metro_area__cbsa_metro,structural_price_level,median_sale_price,insufficient_evidence,,,,,0,,,,,False,False,False,False
price_family_ma9_structural_linked,detail,san_luis_obispo_ca_metro_area__cbsa_metro,structural_price_level,median_ppsf,insufficient_evidence,,,,,0,,,,,False,False,False,False
price_family_ma9_structural_linked,detail,san_luis_obispo_ca_metro_area__cbsa_metro,structural_price_level,median_sale_price,insufficient_evidence,,,,,0,,,,,False,False,False,False
price_family_ma9_structural_linked,detail,san_luis_obispo_county_ca__county,structural_price_level,median_ppsf,insufficient_evidence,,,,,0,,,,,False,False,False,False
price_family_ma9_structural_linked,detail,san_luis_obispo_county_ca__county,structural_price_level,median_sale_price,insufficient_evidence,,,,,0,,,,,False,False,False,False
price_family_ma9_structural_linked,detail,san_mateo_county_ca__county,structural_price_level,median_ppsf,insufficient_evidence,,,,,0,,,,,False,False,False,False
price_family_ma9_structural_linked,detail,san_mateo_county_ca__county,structural_price_level,median_sale_price,insufficient_evidence,,,,,0,,,,,False,False,False,False
price_family_ma9_structural_linked,detail,san_rafael_ca_metro_area__cbsa_metro,structural_price_level,median_ppsf,insufficient_evidence,,,,,0,,,,,False,False,False,False
price_family_ma9_structural_linked,detail,san_rafael_ca_metro_area__cbsa_metro,structural_price_level,median_sale_price,insufficient_evidence,,,,,0,,,,,False,False,False,False
price_family_ma9_structural_linked,detail,santa_barbara_county_ca__county,structural_price_level,median_ppsf,insufficient_evidence,,,,,0,,,,,False,False,False,False
price_family_ma9_structural_linked,detail,santa_barbara_county_ca__county,structural_price_level,median_sale_price,insufficient_evidence,,,,,0,,,,,False,False,False,False
price_family_ma9_structural_linked,detail,santa_clara_county_ca__county,structural_price_level,median_ppsf,insufficient_evidence,,,,,0,,,,,False,False,False,False
price_family_ma9_structural_linked,detail,santa_clara_county_ca__county,structural_price_level,median_sale_price,insufficient_evidence,,,,,0,,,,,False,False,False,False
price_family_ma9_structural_linked,detail,santa_cruz_ca_metro_area__cbsa_metro,structural_price_level,median_ppsf,insufficient_evidence,,,,,0,,,,,False,False,False,False
price_family_ma9_structural_linked,detail,santa_cruz_ca_metro_area__cbsa_metro,structural_price_level,median_sale_price,insufficient_evidence,,,,,0,,,,,False,False,False,False
price_family_ma9_structural_linked,detail,santa_cruz_county_ca__county,structural_price_level,median_ppsf,insufficient_evidence,,,,,0,,,,,False,False,False,False
price_family_ma9_structural_linked,detail,santa_cruz_county_ca__county,structural_price_level,median_sale_price,insufficient_evidence,,,,,0,,,,,False,False,False,False
price_family_ma9_structural_linked,detail,santa_maria_ca_metro_area__cbsa_metro,structural_price_level,median_ppsf,insufficient_evidence,,,,,0,,,,,False,False,False,False
price_family_ma9_structural_linked,detail,santa_maria_ca_metro_area__cbsa_metro,structural_price_level,median_sale_price,insufficient_evidence,,,,,0,,,,,False,False,False,False
price_family_ma9_structural_linked,detail,santa_rosa_ca_metro_area__cbsa_metro,structural_price_level,median_ppsf,insufficient_evidence,,,,,0,,,,,False,False,False,False
price_family_ma9_structural_linked,detail,santa_rosa_ca_metro_area__cbsa_metro,structural_price_level,median_sale_price,insufficient_evidence,,,,,0,,,,,False,False,False,False
price_family_ma9_structural_linked,detail,shasta_county_ca__county,structural_price_level,median_ppsf,insufficient_evidence,,,,,0,,,,,False,False,False,False
price_family_ma9_structural_linked,detail,shasta_county_ca__county,structural_price_level,median_sale_price,insufficient_evidence,,,,,0,,,,,False,False,False,False
price_family_ma9_structural_linked,detail,solano_county_ca__county,structural_price_level,median_ppsf,insufficient_evidence,,,,,0,,,,,False,False,False,False
price_family_ma9_structural_linked,detail,solano_county_ca__county,structural_price_level,median_sale_price,insufficient_evidence,,,,,0,,,,,False,False,False,False
price_family_ma9_structural_linked,detail,somerset_county_nj__county,structural_price_level,median_ppsf,insufficient_evidence,,,,,0,,,,,False,False,False,False
price_family_ma9_structural_linked,detail,somerset_county_nj__county,structural_price_level,median_sale_price,insufficient_evidence,,,,,0,,,,,False,False,False,False
price_family_ma9_structural_linked,detail,sonoma_county_ca__county,structural_price_level,median_ppsf,insufficient_evidence,,,,,0,,,,,False,False,False,False
price_family_ma9_structural_linked,detail,sonoma_county_ca__county,structural_price_level,median_sale_price,insufficient_evidence,,,,,0,,,,,False,False,False,False
price_family_ma9_structural_linked,detail,sonora_ca_metro_area__cbsa_metro,structural_price_level,median_ppsf,insufficient_evidence,,,,,0,,,,,False,False,False,False
price_family_ma9_structural_linked,detail,sonora_ca_metro_area__cbsa_metro,structural_price_level,median_sale_price,insufficient_evidence,,,,,0,,,,,False,False,False,False
price_family_ma9_structural_linked,detail,southampton_county_va__county,structural_price_level,median_ppsf,insufficient_evidence,,,,,0,,,,,False,False,False,False
price_family_ma9_structural_linked,detail,southampton_county_va__county,structural_price_level,median_sale_price,insufficient_evidence,,,,,0,,,,,False,False,False,False
price_family_ma9_structural_linked,detail,spotsylvania_county_va__county,structural_price_level,median_ppsf,insufficient_evidence,,,,,0,,,,,False,False,False,False
price_family_ma9_structural_linked,detail,spotsylvania_county_va__county,structural_price_level,median_sale_price,insufficient_evidence,,,,,0,,,,,False,False,False,False
price_family_ma9_structural_linked,detail,st_mary_s_county_md__county,structural_price_level,median_ppsf,insufficient_evidence,,,,,0,,,,,False,False,False,False
price_family_ma9_structural_linked,detail,st_mary_s_county_md__county,structural_price_level,median_sale_price,insufficient_evidence,,,,,0,,,,,False,False,False,False
price_family_ma9_structural_linked,detail,stafford_county_va__county,structural_price_level,median_ppsf,insufficient_evidence,,,,,0,,,,,False,False,False,False
price_family_ma9_structural_linked,detail,stafford_county_va__county,structural_price_level,median_sale_price,insufficient_evidence,,,,,0,,,,,False,False,False,False
price_family_ma9_structural_linked,detail,stanislaus_county_ca__county,structural_price_level,median_ppsf,insufficient_evidence,,,,,0,,,,,False,False,False,False
price_family_ma9_structural_linked,detail,stanislaus_county_ca__county,structural_price_level,median_sale_price,insufficient_evidence,,,,,0,,,,,False,False,False,False
price_family_ma9_structural_linked,detail,staunton_va__county,structural_price_level,median_ppsf,insufficient_evidence,,,,,0,,,,,False,False,False,False
price_family_ma9_structural_linked,detail,staunton_va__county,structural_price_level,median_sale_price,insufficient_evidence,,,,,0,,,,,False,False,False,False
price_family_ma9_structural_linked,detail,staunton_va_metro_area__cbsa_metro,structural_price_level,median_ppsf,insufficient_evidence,,,,,0,,,,,False,False,False,False
price_family_ma9_structural_linked,detail,staunton_va_metro_area__cbsa_metro,structural_price_level,median_sale_price,insufficient_evidence,,,,,0,,,,,False,False,False,False
price_family_ma9_structural_linked,detail,stockton_ca_metro_area__cbsa_metro,structural_price_level,median_ppsf,insufficient_evidence,,,,,0,,,,,False,False,False,False
price_family_ma9_structural_linked,detail,stockton_ca_metro_area__cbsa_metro,structural_price_level,median_sale_price,insufficient_evidence,,,,,0,,,,,False,False,False,False
price_family_ma9_structural_linked,detail,suffolk_va__county,structural_price_level,median_ppsf,insufficient_evidence,,,,,0,,,,,False,False,False,False
price_family_ma9_structural_linked,detail,suffolk_va__county,structural_price_level,median_sale_price,insufficient_evidence,,,,,0,,,,,False,False,False,False
price_family_ma9_structural_linked,detail,susanville_ca_metro_area__cbsa_metro,structural_price_level,median_ppsf,insufficient_evidence,,,,,0,,,,,False,False,False,False
price_family_ma9_structural_linked,detail,susanville_ca_metro_area__cbsa_metro,structural_price_level,median_sale_price,insufficient_evidence,,,,,0,,,,,False,False,False,False
price_family_ma9_structural_linked,detail,sussex_county_nj__county,structural_price_level,median_ppsf,insufficient_evidence,,,,,0,,,,,False,False,False,False
price_family_ma9_structural_linked,detail,sussex_county_nj__county,structural_price_level,median_sale_price,insufficient_evidence,,,,,0,,,,,False,False,False,False
price_family_ma9_structural_linked,detail,sussex_county_va__county,structural_price_level,median_ppsf,insufficient_evidence,,,,,0,,,,,False,False,False,False
price_family_ma9_structural_linked,detail,sussex_county_va__county,structural_price_level,median_sale_price,insufficient_evidence,,,,,0,,,,,False,False,False,False
price_family_ma9_structural_linked,detail,sutter_county_ca__county,structural_price_level,median_ppsf,insufficient_evidence,,,,,0,,,,,False,False,False,False
price_family_ma9_structural_linked,detail,sutter_county_ca__county,structural_price_level,median_sale_price,insufficient_evidence,,,,,0,,,,,False,False,False,False
price_family_ma9_structural_linked,detail,talbot_county_md__county,structural_price_level,median_ppsf,insufficient_evidence,,,,,0,,,,,False,False,False,False
price_family_ma9_structural_linked,detail,talbot_county_md__county,structural_price_level,median_sale_price,insufficient_evidence,,,,,0,,,,,False,False,False,False
price_family_ma9_structural_linked,detail,tehama_county_ca__county,structural_price_level,median_ppsf,insufficient_evidence,,,,,0,,,,,False,False,False,False
price_family_ma9_structural_linked,detail,tehama_county_ca__county,structural_price_level,median_sale_price,insufficient_evidence,,,,,0,,,,,False,False,False,False
price_family_ma9_structural_linked,detail,trenton_nj_metro_area__cbsa_metro,structural_price_level,median_ppsf,insufficient_evidence,,,,,0,,,,,False,False,False,False
price_family_ma9_structural_linked,detail,trenton_nj_metro_area__cbsa_metro,structural_price_level,median_sale_price,insufficient_evidence,,,,,0,,,,,False,False,False,False
price_family_ma9_structural_linked,detail,truckee_ca_metro_area__cbsa_metro,structural_price_level,median_ppsf,insufficient_evidence,,,,,0,,,,,False,False,False,False
price_family_ma9_structural_linked,detail,truckee_ca_metro_area__cbsa_metro,structural_price_level,median_sale_price,insufficient_evidence,,,,,0,,,,,False,False,False,False
price_family_ma9_structural_linked,detail,tulare_county_ca__county,structural_price_level,median_ppsf,insufficient_evidence,,,,,0,,,,,False,False,False,False
price_family_ma9_structural_linked,detail,tulare_county_ca__county,structural_price_level,median_sale_price,insufficient_evidence,,,,,0,,,,,False,False,False,False
price_family_ma9_structural_linked,detail,tuolumne_county_ca__county,structural_price_level,median_ppsf,insufficient_evidence,,,,,0,,,,,False,False,False,False
price_family_ma9_structural_linked,detail,tuolumne_county_ca__county,structural_price_level,median_sale_price,insufficient_evidence,,,,,0,,,,,False,False,False,False
price_family_ma9_structural_linked,detail,ukiah_ca_metro_area__cbsa_metro,structural_price_level,median_ppsf,insufficient_evidence,,,,,0,,,,,False,False,False,False
price_family_ma9_structural_linked,detail,ukiah_ca_metro_area__cbsa_metro,structural_price_level,median_sale_price,insufficient_evidence,,,,,0,,,,,False,False,False,False
price_family_ma9_structural_linked,detail,union_county_nj__county,structural_price_level,median_ppsf,insufficient_evidence,,,,,0,,,,,False,False,False,False
price_family_ma9_structural_linked,detail,union_county_nj__county,structural_price_level,median_sale_price,insufficient_evidence,,,,,0,,,,,False,False,False,False
price_family_ma9_structural_linked,detail,vallejo_ca_metro_area__cbsa_metro,structural_price_level,median_ppsf,insufficient_evidence,,,,,0,,,,,False,False,False,False
price_family_ma9_structural_linked,detail,vallejo_ca_metro_area__cbsa_metro,structural_price_level,median_sale_price,insufficient_evidence,,,,,0,,,,,False,False,False,False
price_family_ma9_structural_linked,detail,ventura_county_ca__county,structural_price_level,median_ppsf,insufficient_evidence,,,,,0,,,,,False,False,False,False
price_family_ma9_structural_linked,detail,ventura_county_ca__county,structural_price_level,median_sale_price,insufficient_evidence,,,,,0,,,,,False,False,False,False
price_family_ma9_structural_linked,detail,vineland_nj_metro_area__cbsa_metro,structural_price_level,median_ppsf,insufficient_evidence,,,,,0,,,,,False,False,False,False
price_family_ma9_structural_linked,detail,vineland_nj_metro_area__cbsa_metro,structural_price_level,median_sale_price,insufficient_evidence,,,,,0,,,,,False,False,False,False
price_family_ma9_structural_linked,detail,virginia__state,structural_price_level,median_ppsf,insufficient_evidence,,,,,0,,,,,False,False,False,False
price_family_ma9_structural_linked,detail,virginia__state,structural_price_level,median_sale_price,insufficient_evidence,,,,,0,,,,,False,False,False,False
price_family_ma9_structural_linked,detail,virginia_beach_va__county,structural_price_level,median_ppsf,insufficient_evidence,,,,,0,,,,,False,False,False,False
price_family_ma9_structural_linked,detail,virginia_beach_va__county,structural_price_level,median_sale_price,insufficient_evidence,,,,,0,,,,,False,False,False,False
price_family_ma9_structural_linked,detail,virginia_beach_va_metro_area__cbsa_metro,structural_price_level,median_ppsf,insufficient_evidence,,,,,0,,,,,False,False,False,False
price_family_ma9_structural_linked,detail,virginia_beach_va_metro_area__cbsa_metro,structural_price_level,median_sale_price,insufficient_evidence,,,,,0,,,,,False,False,False,False
price_family_ma9_structural_linked,detail,visalia_ca_metro_area__cbsa_metro,structural_price_level,median_ppsf,insufficient_evidence,,,,,0,,,,,False,False,False,False
price_family_ma9_structural_linked,detail,visalia_ca_metro_area__cbsa_metro,structural_price_level,median_sale_price,insufficient_evidence,,,,,0,,,,,False,False,False,False
price_family_ma9_structural_linked,detail,warren_county_va__county,structural_price_level,median_ppsf,insufficient_evidence,,,,,0,,,,,False,False,False,False
price_family_ma9_structural_linked,detail,warren_county_va__county,structural_price_level,median_sale_price,insufficient_evidence,,,,,0,,,,,False,False,False,False
price_family_ma9_structural_linked,detail,washington_county_md__county,structural_price_level,median_ppsf,insufficient_evidence,,,,,0,,,,,False,False,False,False
price_family_ma9_structural_linked,detail,washington_county_md__county,structural_price_level,median_sale_price,insufficient_evidence,,,,,0,,,,,False,False,False,False
price_family_ma9_structural_linked,detail,washington_dc_metro_area__cbsa_metro,structural_price_level,median_ppsf,insufficient_evidence,,,,,0,,,,,False,False,False,False
price_family_ma9_structural_linked,detail,washington_dc_metro_area__cbsa_metro,structural_price_level,median_sale_price,insufficient_evidence,,,,,0,,,,,False,False,False,False
price_family_ma9_structural_linked,detail,waynesboro_va__county,structural_price_level,median_ppsf,insufficient_evidence,,,,,0,,,,,False,False,False,False
price_family_ma9_structural_linked,detail,waynesboro_va__county,structural_price_level,median_sale_price,insufficient_evidence,,,,,0,,,,,False,False,False,False
price_family_ma9_structural_linked,detail,williamsburg_va__county,structural_price_level,median_ppsf,insufficient_evidence,,,,,0,,,,,False,False,False,False
price_family_ma9_structural_linked,detail,williamsburg_va__county,structural_price_level,median_sale_price,insufficient_evidence,,,,,0,,,,,False,False,False,False
price_family_ma9_structural_linked,detail,winchester_va__county,structural_price_level,median_ppsf,insufficient_evidence,,,,,0,,,,,False,False,False,False
price_family_ma9_structural_linked,detail,winchester_va__county,structural_price_level,median_sale_price,insufficient_evidence,,,,,0,,,,,False,False,False,False
price_family_ma9_structural_linked,detail,winchester_va_metro_area__cbsa_metro,structural_price_level,median_ppsf,insufficient_evidence,,,,,0,,,,,False,False,False,False
price_family_ma9_structural_linked,detail,winchester_va_metro_area__cbsa_metro,structural_price_level,median_sale_price,insufficient_evidence,,,,,0,,,,,False,False,False,False
price_family_ma9_structural_linked,detail,wise_county_va__county,structural_price_level,median_ppsf,insufficient_evidence,,,,,0,,,,,False,False,False,False
price_family_ma9_structural_linked,detail,wise_county_va__county,structural_price_level,median_sale_price,insufficient_evidence,,,,,0,,,,,False,False,False,False
price_family_ma9_structural_linked,detail,yolo_county_ca__county,structural_price_level,median_ppsf,insufficient_evidence,,,,,0,,,,,False,False,False,False
price_family_ma9_structural_linked,detail,yolo_county_ca__county,structural_price_level,median_sale_price,insufficient_evidence,,,,,0,,,,,False,False,False,False
price_family_ma9_structural_linked,detail,york_county_va__county,structural_price_level,median_ppsf,insufficient_evidence,,,,,0,,,,,False,False,False,False
price_family_ma9_structural_linked,detail,york_county_va__county,structural_price_level,median_sale_price,insufficient_evidence,,,,,0,,,,,False,False,False,False
price_family_ma9_structural_linked,detail,yuba_city_ca_metro_area__cbsa_metro,structural_price_level,median_ppsf,insufficient_evidence,,,,,0,,,,,False,False,False,False
price_family_ma9_structural_linked,detail,yuba_city_ca_metro_area__cbsa_metro,structural_price_level,median_sale_price,insufficient_evidence,,,,,0,,,,,False,False,False,False
price_family_ma9_structural_linked,detail,yuba_county_ca__county,structural_price_level,median_ppsf,insufficient_evidence,,,,,0,,,,,False,False,False,False
price_family_ma9_structural_linked,detail,yuba_county_ca__county,structural_price_level,median_sale_price,insufficient_evidence,,,,,0,,,,,False,False,False,False
