candidate_id,geo_id,review_series_type,review_series_key,matched_turning_point_count,unmatched_turning_point_count,median_absolute_lag_months,p75_absolute_lag_months,p90_absolute_lag_months,maximum_absolute_lag_months,share_matched_turns_lag_ge_3m,share_matched_turns_lag_ge_6m,share_matched_turns_lag_ge_12m,chronology_inversion_count,large_lag_flag_count,baseline_mean_absolute_1m_change,baseline_sign_flip_rate,baseline_near_zero_rate,baseline_challenger_correlation,mean_absolute_baseline_challenger_difference,challenger_mean_absolute_1m_change,challenger_sign_flip_rate,challenger_near_zero_rate,challenger_baseline_volatility_ratio,percent_volatility_reduction,sign_flip_rate_change,near_zero_rate_change,baseline_seasonal_spread,baseline_minimum_month,baseline_maximum_month,challenger_seasonal_spread,challenger_minimum_month,challenger_maximum_month,challenger_baseline_seasonal_spread_ratio,percent_seasonal_spread_reduction,eligible_observation,chronology_delay_trigger,attenuation_trigger,seasonality_overkill_trigger,shock_suppression_trigger,blocking_diagnostic_issue,independent_trigger_family_count,supporting_seasonality_overkill_count,trigger_family_count,recommendation
price_family_ma9_structural_linked,20001_district_of_columbia_dc__zip,structural_price_level,median_ppsf,29,0,0.0,0.0,0.0,0.0,0.0,0.0,0.0,0,0,,,,,,,,,,,,,,,,,,,,,False,False,False,False,False,False,0,0,0,insufficient_evidence
price_family_ma9_structural_linked,20001_district_of_columbia_dc__zip,structural_price_level,median_sale_price,45,0,0.0,0.0,0.0,0.0,0.0,0.0,0.0,0,0,,,,,,,,,,,,,,,,,,,,,False,False,False,False,False,False,0,0,0,insufficient_evidence
price_family_ma9_structural_linked,20002_district_of_columbia_dc__zip,structural_price_level,median_ppsf,30,0,0.0,0.0,0.0,0.0,0.0,0.0,0.0,0,0,,,,,,,,,,,,,,,,,,,,,False,False,False,False,False,False,0,0,0,insufficient_evidence
price_family_ma9_structural_linked,20002_district_of_columbia_dc__zip,structural_price_level,median_sale_price,35,0,0.0,0.0,0.0,0.0,0.0,0.0,0.0,0,0,,,,,,,,,,,,,,,,,,,,,False,False,False,False,False,False,0,0,0,insufficient_evidence
price_family_ma9_structural_linked,20003_district_of_columbia_dc__zip,structural_price_level,median_ppsf,31,0,0.0,0.0,0.0,0.0,0.0,0.0,0.0,0,0,,,,,,,,,,,,,,,,,,,,,False,False,False,False,False,False,0,0,0,insufficient_evidence
price_family_ma9_structural_linked,20003_district_of_columbia_dc__zip,structural_price_level,median_sale_price,32,0,0.0,0.0,0.0,0.0,0.0,0.0,0.0,0,0,,,,,,,,,,,,,,,,,,,,,False,False,False,False,False,False,0,0,0,insufficient_evidence
price_family_ma9_structural_linked,20004_district_of_columbia_dc__zip,structural_price_level,median_ppsf,50,0,0.0,0.0,0.0,0.0,0.0,0.0,0.0,0,0,,,,,,,,,,,,,,,,,,,,,False,False,False,False,False,False,0,0,0,insufficient_evidence
price_family_ma9_structural_linked,20004_district_of_columbia_dc__zip,structural_price_level,median_sale_price,47,0,0.0,0.0,0.0,0.0,0.0,0.0,0.0,0,0,,,,,,,,,,,,,,,,,,,,,False,False,False,False,False,False,0,0,0,insufficient_evidence
price_family_ma9_structural_linked,20005_district_of_columbia_dc__zip,structural_price_level,median_ppsf,43,0,0.0,0.0,0.0,0.0,0.0,0.0,0.0,0,0,,,,,,,,,,,,,,,,,,,,,False,False,False,False,False,False,0,0,0,insufficient_evidence
price_family_ma9_structural_linked,20005_district_of_columbia_dc__zip,structural_price_level,median_sale_price,43,0,0.0,0.0,0.0,0.0,0.0,0.0,0.0,0,0,,,,,,,,,,,,,,,,,,,,,False,False,False,False,False,False,0,0,0,insufficient_evidence
price_family_ma9_structural_linked,20006_district_of_columbia_dc__zip,structural_price_level,median_ppsf,43,0,0.0,0.0,0.0,0.0,0.0,0.0,0.0,0,0,,,,,,,,,,,,,,,,,,,,,False,False,False,False,False,False,0,0,0,insufficient_evidence
price_family_ma9_structural_linked,20006_district_of_columbia_dc__zip,structural_price_level,median_sale_price,43,0,0.0,0.0,0.0,0.0,0.0,0.0,0.0,0,0,,,,,,,,,,,,,,,,,,,,,False,False,False,False,False,False,0,0,0,insufficient_evidence
price_family_ma9_structural_linked,20007_district_of_columbia_dc__zip,structural_price_level,median_ppsf,43,0,0.0,0.0,0.0,0.0,0.0,0.0,0.0,0,0,,,,,,,,,,,,,,,,,,,,,False,False,False,False,False,False,0,0,0,insufficient_evidence
price_family_ma9_structural_linked,20007_district_of_columbia_dc__zip,structural_price_level,median_sale_price,47,0,0.0,0.0,0.0,0.0,0.0,0.0,0.0,0,0,,,,,,,,,,,,,,,,,,,,,False,False,False,False,False,False,0,0,0,insufficient_evidence
price_family_ma9_structural_linked,20008_district_of_columbia_dc__zip,structural_price_level,median_ppsf,46,0,0.0,0.0,0.0,0.0,0.0,0.0,0.0,0,0,,,,,,,,,,,,,,,,,,,,,False,False,False,False,False,False,0,0,0,insufficient_evidence
price_family_ma9_structural_linked,20008_district_of_columbia_dc__zip,structural_price_level,median_sale_price,36,0,0.0,0.0,0.0,0.0,0.0,0.0,0.0,0,0,,,,,,,,,,,,,,,,,,,,,False,False,False,False,False,False,0,0,0,insufficient_evidence
price_family_ma9_structural_linked,20009_district_of_columbia_dc__zip,structural_price_level,median_ppsf,29,0,0.0,0.0,0.0,0.0,0.0,0.0,0.0,0,0,,,,,,,,,,,,,,,,,,,,,False,False,False,False,False,False,0,0,0,insufficient_evidence
price_family_ma9_structural_linked,20009_district_of_columbia_dc__zip,structural_price_level,median_sale_price,44,0,0.0,0.0,0.0,0.0,0.0,0.0,0.0,0,0,,,,,,,,,,,,,,,,,,,,,False,False,False,False,False,False,0,0,0,insufficient_evidence
price_family_ma9_structural_linked,20010_district_of_columbia_dc__zip,structural_price_level,median_ppsf,38,0,0.0,0.0,0.0,0.0,0.0,0.0,0.0,0,0,,,,,,,,,,,,,,,,,,,,,False,False,False,False,False,False,0,0,0,insufficient_evidence
price_family_ma9_structural_linked,20010_district_of_columbia_dc__zip,structural_price_level,median_sale_price,37,0,0.0,0.0,0.0,0.0,0.0,0.0,0.0,0,0,,,,,,,,,,,,,,,,,,,,,False,False,False,False,False,False,0,0,0,insufficient_evidence
price_family_ma9_structural_linked,20011_district_of_columbia_dc__zip,structural_price_level,median_ppsf,22,0,0.0,0.0,0.0,0.0,0.0,0.0,0.0,0,0,,,,,,,,,,,,,,,,,,,,,False,False,False,False,False,False,0,0,0,insufficient_evidence
price_family_ma9_structural_linked,20011_district_of_columbia_dc__zip,structural_price_level,median_sale_price,33,0,0.0,0.0,0.0,0.0,0.0,0.0,0.0,0,0,,,,,,,,,,,,,,,,,,,,,False,False,False,False,False,False,0,0,0,insufficient_evidence
price_family_ma9_structural_linked,20012_district_of_columbia_dc__zip,structural_price_level,median_ppsf,32,0,0.0,0.0,0.0,0.0,0.0,0.0,0.0,0,0,,,,,,,,,,,,,,,,,,,,,False,False,False,False,False,False,0,0,0,insufficient_evidence
price_family_ma9_structural_linked,20012_district_of_columbia_dc__zip,structural_price_level,median_sale_price,41,0,0.0,0.0,0.0,0.0,0.0,0.0,0.0,0,0,,,,,,,,,,,,,,,,,,,,,False,False,False,False,False,False,0,0,0,insufficient_evidence
price_family_ma9_structural_linked,20015_district_of_columbia_dc__zip,structural_price_level,median_ppsf,37,0,0.0,0.0,0.0,0.0,0.0,0.0,0.0,0,0,,,,,,,,,,,,,,,,,,,,,False,False,False,False,False,False,0,0,0,insufficient_evidence
price_family_ma9_structural_linked,20015_district_of_columbia_dc__zip,structural_price_level,median_sale_price,41,0,0.0,0.0,0.0,0.0,0.0,0.0,0.0,0,0,,,,,,,,,,,,,,,,,,,,,False,False,False,False,False,False,0,0,0,insufficient_evidence
price_family_ma9_structural_linked,20016_district_of_columbia_dc__zip,structural_price_level,median_ppsf,45,0,0.0,0.0,0.0,0.0,0.0,0.0,0.0,0,0,,,,,,,,,,,,,,,,,,,,,False,False,False,False,False,False,0,0,0,insufficient_evidence
price_family_ma9_structural_linked,20016_district_of_columbia_dc__zip,structural_price_level,median_sale_price,46,0,0.0,0.0,0.0,0.0,0.0,0.0,0.0,0,0,,,,,,,,,,,,,,,,,,,,,False,False,False,False,False,False,0,0,0,insufficient_evidence
price_family_ma9_structural_linked,20017_district_of_columbia_dc__zip,structural_price_level,median_ppsf,26,0,0.0,0.0,0.0,0.0,0.0,0.0,0.0,0,0,,,,,,,,,,,,,,,,,,,,,False,False,False,False,False,False,0,0,0,insufficient_evidence
price_family_ma9_structural_linked,20017_district_of_columbia_dc__zip,structural_price_level,median_sale_price,43,0,0.0,0.0,0.0,0.0,0.0,0.0,0.0,0,0,,,,,,,,,,,,,,,,,,,,,False,False,False,False,False,False,0,0,0,insufficient_evidence
price_family_ma9_structural_linked,20018_district_of_columbia_dc__zip,structural_price_level,median_ppsf,29,0,0.0,0.0,0.0,0.0,0.0,0.0,0.0,0,0,,,,,,,,,,,,,,,,,,,,,False,False,False,False,False,False,0,0,0,insufficient_evidence
price_family_ma9_structural_linked,20018_district_of_columbia_dc__zip,structural_price_level,median_sale_price,39,0,0.0,0.0,0.0,0.0,0.0,0.0,0.0,0,0,,,,,,,,,,,,,,,,,,,,,False,False,False,False,False,False,0,0,0,insufficient_evidence
price_family_ma9_structural_linked,20019_district_of_columbia_dc__zip,structural_price_level,median_ppsf,19,0,0.0,0.0,0.0,0.0,0.0,0.0,0.0,0,0,,,,,,,,,,,,,,,,,,,,,False,False,False,False,False,False,0,0,0,insufficient_evidence
price_family_ma9_structural_linked,20019_district_of_columbia_dc__zip,structural_price_level,median_sale_price,19,0,0.0,0.0,0.0,0.0,0.0,0.0,0.0,0,0,,,,,,,,,,,,,,,,,,,,,False,False,False,False,False,False,0,0,0,insufficient_evidence
price_family_ma9_structural_linked,20020_district_of_columbia_dc__zip,structural_price_level,median_ppsf,42,0,0.0,0.0,0.0,0.0,0.0,0.0,0.0,0,0,,,,,,,,,,,,,,,,,,,,,False,False,False,False,False,False,0,0,0,insufficient_evidence
price_family_ma9_structural_linked,20020_district_of_columbia_dc__zip,structural_price_level,median_sale_price,29,0,0.0,0.0,0.0,0.0,0.0,0.0,0.0,0,0,,,,,,,,,,,,,,,,,,,,,False,False,False,False,False,False,0,0,0,insufficient_evidence
price_family_ma9_structural_linked,20024_district_of_columbia_dc__zip,structural_price_level,median_ppsf,40,0,0.0,0.0,0.0,0.0,0.0,0.0,0.0,0,0,,,,,,,,,,,,,,,,,,,,,False,False,False,False,False,False,0,0,0,insufficient_evidence
price_family_ma9_structural_linked,20024_district_of_columbia_dc__zip,structural_price_level,median_sale_price,41,0,0.0,0.0,0.0,0.0,0.0,0.0,0.0,0,0,,,,,,,,,,,,,,,,,,,,,False,False,False,False,False,False,0,0,0,insufficient_evidence
price_family_ma9_structural_linked,20027_district_of_columbia_dc__zip,structural_price_level,median_ppsf,18,0,0.0,0.0,0.0,0.0,0.0,0.0,0.0,0,0,,,,,,,,,,,,,,,,,,,,,False,False,False,False,False,False,0,0,0,insufficient_evidence
price_family_ma9_structural_linked,20027_district_of_columbia_dc__zip,structural_price_level,median_sale_price,10,0,0.0,0.0,0.0,0.0,0.0,0.0,0.0,0,0,,,,,,,,,,,,,,,,,,,,,False,False,False,False,False,False,0,0,0,insufficient_evidence
price_family_ma9_structural_linked,20032_district_of_columbia_dc__zip,structural_price_level,median_ppsf,34,0,0.0,0.0,0.0,0.0,0.0,0.0,0.0,0,0,,,,,,,,,,,,,,,,,,,,,False,False,False,False,False,False,0,0,0,insufficient_evidence
price_family_ma9_structural_linked,20032_district_of_columbia_dc__zip,structural_price_level,median_sale_price,35,0,0.0,0.0,0.0,0.0,0.0,0.0,0.0,0,0,,,,,,,,,,,,,,,,,,,,,False,False,False,False,False,False,0,0,0,insufficient_evidence
price_family_ma9_structural_linked,20036_district_of_columbia_dc__zip,structural_price_level,median_ppsf,38,0,0.0,0.0,0.0,0.0,0.0,0.0,0.0,0,0,,,,,,,,,,,,,,,,,,,,,False,False,False,False,False,False,0,0,0,insufficient_evidence
price_family_ma9_structural_linked,20036_district_of_columbia_dc__zip,structural_price_level,median_sale_price,52,0,0.0,0.0,0.0,0.0,0.0,0.0,0.0,0,0,,,,,,,,,,,,,,,,,,,,,False,False,False,False,False,False,0,0,0,insufficient_evidence
price_family_ma9_structural_linked,20037_district_of_columbia_dc__zip,structural_price_level,median_ppsf,46,0,0.0,0.0,0.0,0.0,0.0,0.0,0.0,0,0,,,,,,,,,,,,,,,,,,,,,False,False,False,False,False,False,0,0,0,insufficient_evidence
price_family_ma9_structural_linked,20037_district_of_columbia_dc__zip,structural_price_level,median_sale_price,38,0,0.0,0.0,0.0,0.0,0.0,0.0,0.0,0,0,,,,,,,,,,,,,,,,,,,,,False,False,False,False,False,False,0,0,0,insufficient_evidence
price_family_ma9_structural_linked,20060_district_of_columbia_dc__zip,structural_price_level,median_ppsf,4,0,0.0,0.0,0.0,0.0,0.0,0.0,0.0,0,0,,,,,,,,,,,,,,,,,,,,,False,False,False,False,False,False,0,0,0,insufficient_evidence
price_family_ma9_structural_linked,20060_district_of_columbia_dc__zip,structural_price_level,median_sale_price,5,0,0.0,0.0,0.0,0.0,0.0,0.0,0.0,0,0,,,,,,,,,,,,,,,,,,,,,False,False,False,False,False,False,0,0,0,insufficient_evidence
price_family_ma9_structural_linked,20306_district_of_columbia_dc__zip,structural_price_level,median_ppsf,8,0,0.0,0.0,0.0,0.0,0.0,0.0,0.0,0,0,,,,,,,,,,,,,,,,,,,,,False,False,False,False,False,False,0,0,0,insufficient_evidence
price_family_ma9_structural_linked,20306_district_of_columbia_dc__zip,structural_price_level,median_sale_price,11,0,0.0,0.0,0.0,0.0,0.0,0.0,0.0,0,0,,,,,,,,,,,,,,,,,,,,,False,False,False,False,False,False,0,0,0,insufficient_evidence
price_family_ma9_structural_linked,20391_district_of_columbia_dc__zip,structural_price_level,median_ppsf,45,0,0.0,0.0,0.0,0.0,0.0,0.0,0.0,0,0,,,,,,,,,,,,,,,,,,,,,False,False,False,False,False,False,0,0,0,insufficient_evidence
price_family_ma9_structural_linked,20391_district_of_columbia_dc__zip,structural_price_level,median_sale_price,38,0,0.0,0.0,0.0,0.0,0.0,0.0,0.0,0,0,,,,,,,,,,,,,,,,,,,,,False,False,False,False,False,False,0,0,0,insufficient_evidence
price_family_ma9_structural_linked,20398_district_of_columbia_dc__zip,structural_price_level,median_ppsf,45,0,0.0,0.0,0.0,0.0,0.0,0.0,0.0,0,0,,,,,,,,,,,,,,,,,,,,,False,False,False,False,False,False,0,0,0,insufficient_evidence
price_family_ma9_structural_linked,20398_district_of_columbia_dc__zip,structural_price_level,median_sale_price,38,0,0.0,0.0,0.0,0.0,0.0,0.0,0.0,0,0,,,,,,,,,,,,,,,,,,,,,False,False,False,False,False,False,0,0,0,insufficient_evidence
price_family_ma9_structural_linked,20593_district_of_columbia_dc__zip,structural_price_level,median_ppsf,8,0,0.0,0.0,0.0,0.0,0.0,0.0,0.0,0,0,,,,,,,,,,,,,,,,,,,,,False,False,False,False,False,False,0,0,0,insufficient_evidence
price_family_ma9_structural_linked,20593_district_of_columbia_dc__zip,structural_price_level,median_sale_price,9,0,0.0,0.0,0.0,0.0,0.0,0.0,0.0,0,0,,,,,,,,,,,,,,,,,,,,,False,False,False,False,False,False,0,0,0,insufficient_evidence
price_family_ma9_structural_linked,20601_prince_george_s_county_md__zip,structural_price_level,median_ppsf,28,0,0.0,0.0,0.0,0.0,0.0,0.0,0.0,0,0,,,,,,,,,,,,,,,,,,,,,False,False,False,False,False,False,0,0,0,insufficient_evidence
price_family_ma9_structural_linked,20601_prince_george_s_county_md__zip,structural_price_level,median_sale_price,29,0,0.0,0.0,0.0,0.0,0.0,0.0,0.0,0,0,,,,,,,,,,,,,,,,,,,,,False,False,False,False,False,False,0,0,0,insufficient_evidence
price_family_ma9_structural_linked,20607_prince_george_s_county_md__zip,structural_price_level,median_ppsf,36,0,0.0,0.0,0.0,0.0,0.0,0.0,0.0,0,0,,,,,,,,,,,,,,,,,,,,,False,False,False,False,False,False,0,0,0,insufficient_evidence
price_family_ma9_structural_linked,20607_prince_george_s_county_md__zip,structural_price_level,median_sale_price,30,0,0.0,0.0,0.0,0.0,0.0,0.0,0.0,0,0,,,,,,,,,,,,,,,,,,,,,False,False,False,False,False,False,0,0,0,insufficient_evidence
price_family_ma9_structural_linked,20608_prince_george_s_county_md__zip,structural_price_level,median_ppsf,37,0,0.0,0.0,0.0,0.0,0.0,0.0,0.0,0,0,,,,,,,,,,,,,,,,,,,,,False,False,False,False,False,False,0,0,0,insufficient_evidence
price_family_ma9_structural_linked,20608_prince_george_s_county_md__zip,structural_price_level,median_sale_price,44,0,0.0,0.0,0.0,0.0,0.0,0.0,0.0,0,0,,,,,,,,,,,,,,,,,,,,,False,False,False,False,False,False,0,0,0,insufficient_evidence
price_family_ma9_structural_linked,20613_prince_george_s_county_md__zip,structural_price_level,median_ppsf,42,0,0.0,0.0,0.0,0.0,0.0,0.0,0.0,0,0,,,,,,,,,,,,,,,,,,,,,False,False,False,False,False,False,0,0,0,insufficient_evidence
price_family_ma9_structural_linked,20613_prince_george_s_county_md__zip,structural_price_level,median_sale_price,49,0,0.0,0.0,0.0,0.0,0.0,0.0,0.0,0,0,,,,,,,,,,,,,,,,,,,,,False,False,False,False,False,False,0,0,0,insufficient_evidence
price_family_ma9_structural_linked,20616_prince_george_s_county_md__zip,structural_price_level,median_ppsf,29,0,0.0,0.0,0.0,0.0,0.0,0.0,0.0,0,0,,,,,,,,,,,,,,,,,,,,,False,False,False,False,False,False,0,0,0,insufficient_evidence
price_family_ma9_structural_linked,20616_prince_george_s_county_md__zip,structural_price_level,median_sale_price,35,0,0.0,0.0,0.0,0.0,0.0,0.0,0.0,0,0,,,,,,,,,,,,,,,,,,,,,False,False,False,False,False,False,0,0,0,insufficient_evidence
price_family_ma9_structural_linked,20623_prince_george_s_county_md__zip,structural_price_level,median_ppsf,55,0,0.0,0.0,0.0,0.0,0.0,0.0,0.0,0,0,,,,,,,,,,,,,,,,,,,,,False,False,False,False,False,False,0,0,0,insufficient_evidence
price_family_ma9_structural_linked,20623_prince_george_s_county_md__zip,structural_price_level,median_sale_price,50,0,0.0,0.0,0.0,0.0,0.0,0.0,0.0,0,0,,,,,,,,,,,,,,,,,,,,,False,False,False,False,False,False,0,0,0,insufficient_evidence
price_family_ma9_structural_linked,20705_prince_george_s_county_md__zip,structural_price_level,median_ppsf,39,0,0.0,0.0,0.0,0.0,0.0,0.0,0.0,0,0,,,,,,,,,,,,,,,,,,,,,False,False,False,False,False,False,0,0,0,insufficient_evidence
price_family_ma9_structural_linked,20705_prince_george_s_county_md__zip,structural_price_level,median_sale_price,33,0,0.0,0.0,0.0,0.0,0.0,0.0,0.0,0,0,,,,,,,,,,,,,,,,,,,,,False,False,False,False,False,False,0,0,0,insufficient_evidence
price_family_ma9_structural_linked,20706_prince_george_s_county_md__zip,structural_price_level,median_ppsf,37,0,0.0,0.0,0.0,0.0,0.0,0.0,0.0,0,0,,,,,,,,,,,,,,,,,,,,,False,False,False,False,False,False,0,0,0,insufficient_evidence
price_family_ma9_structural_linked,20706_prince_george_s_county_md__zip,structural_price_level,median_sale_price,32,0,0.0,0.0,0.0,0.0,0.0,0.0,0.0,0,0,,,,,,,,,,,,,,,,,,,,,False,False,False,False,False,False,0,0,0,insufficient_evidence
price_family_ma9_structural_linked,20707_prince_george_s_county_md__zip,structural_price_level,median_ppsf,33,0,0.0,0.0,0.0,0.0,0.0,0.0,0.0,0,0,,,,,,,,,,,,,,,,,,,,,False,False,False,False,False,False,0,0,0,insufficient_evidence
price_family_ma9_structural_linked,20707_prince_george_s_county_md__zip,structural_price_level,median_sale_price,31,0,0.0,0.0,0.0,0.0,0.0,0.0,0.0,0,0,,,,,,,,,,,,,,,,,,,,,False,False,False,False,False,False,0,0,0,insufficient_evidence
price_family_ma9_structural_linked,20708_prince_george_s_county_md__zip,structural_price_level,median_ppsf,35,0,0.0,0.0,0.0,0.0,0.0,0.0,0.0,0,0,,,,,,,,,,,,,,,,,,,,,False,False,False,False,False,False,0,0,0,insufficient_evidence
price_family_ma9_structural_linked,20708_prince_george_s_county_md__zip,structural_price_level,median_sale_price,39,0,0.0,0.0,0.0,0.0,0.0,0.0,0.0,0,0,,,,,,,,,,,,,,,,,,,,,False,False,False,False,False,False,0,0,0,insufficient_evidence
price_family_ma9_structural_linked,20710_prince_george_s_county_md__zip,structural_price_level,median_ppsf,42,0,0.0,0.0,0.0,0.0,0.0,0.0,0.0,0,0,,,,,,,,,,,,,,,,,,,,,False,False,False,False,False,False,0,0,0,insufficient_evidence
price_family_ma9_structural_linked,20710_prince_george_s_county_md__zip,structural_price_level,median_sale_price,45,0,0.0,0.0,0.0,0.0,0.0,0.0,0.0,0,0,,,,,,,,,,,,,,,,,,,,,False,False,False,False,False,False,0,0,0,insufficient_evidence
price_family_ma9_structural_linked,20712_prince_george_s_county_md__zip,structural_price_level,median_ppsf,48,0,0.0,0.0,0.0,0.0,0.0,0.0,0.0,0,0,,,,,,,,,,,,,,,,,,,,,False,False,False,False,False,False,0,0,0,insufficient_evidence
price_family_ma9_structural_linked,20712_prince_george_s_county_md__zip,structural_price_level,median_sale_price,41,0,0.0,0.0,0.0,0.0,0.0,0.0,0.0,0,0,,,,,,,,,,,,,,,,,,,,,False,False,False,False,False,False,0,0,0,insufficient_evidence
price_family_ma9_structural_linked,20715_prince_george_s_county_md__zip,structural_price_level,median_ppsf,26,0,0.0,0.0,0.0,0.0,0.0,0.0,0.0,0,0,,,,,,,,,,,,,,,,,,,,,False,False,False,False,False,False,0,0,0,insufficient_evidence
price_family_ma9_structural_linked,20715_prince_george_s_county_md__zip,structural_price_level,median_sale_price,24,0,0.0,0.0,0.0,0.0,0.0,0.0,0.0,0,0,,,,,,,,,,,,,,,,,,,,,False,False,False,False,False,False,0,0,0,insufficient_evidence
price_family_ma9_structural_linked,20716_prince_george_s_county_md__zip,structural_price_level,median_ppsf,24,0,0.0,0.0,0.0,0.0,0.0,0.0,0.0,0,0,,,,,,,,,,,,,,,,,,,,,False,False,False,False,False,False,0,0,0,insufficient_evidence
price_family_ma9_structural_linked,20716_prince_george_s_county_md__zip,structural_price_level,median_sale_price,24,0,0.0,0.0,0.0,0.0,0.0,0.0,0.0,0,0,,,,,,,,,,,,,,,,,,,,,False,False,False,False,False,False,0,0,0,insufficient_evidence
price_family_ma9_structural_linked,20717_prince_george_s_county_md__zip,structural_price_level,median_ppsf,37,0,0.0,0.0,0.0,0.0,0.0,0.0,0.0,0,0,,,,,,,,,,,,,,,,,,,,,False,False,False,False,False,False,0,0,0,insufficient_evidence
price_family_ma9_structural_linked,20717_prince_george_s_county_md__zip,structural_price_level,median_sale_price,34,0,0.0,0.0,0.0,0.0,0.0,0.0,0.0,0,0,,,,,,,,,,,,,,,,,,,,,False,False,False,False,False,False,0,0,0,insufficient_evidence
price_family_ma9_structural_linked,20720_prince_george_s_county_md__zip,structural_price_level,median_ppsf,29,0,0.0,0.0,0.0,0.0,0.0,0.0,0.0,0,0,,,,,,,,,,,,,,,,,,,,,False,False,False,False,False,False,0,0,0,insufficient_evidence
price_family_ma9_structural_linked,20720_prince_george_s_county_md__zip,structural_price_level,median_sale_price,36,0,0.0,0.0,0.0,0.0,0.0,0.0,0.0,0,0,,,,,,,,,,,,,,,,,,,,,False,False,False,False,False,False,0,0,0,insufficient_evidence
price_family_ma9_structural_linked,20721_prince_george_s_county_md__zip,structural_price_level,median_ppsf,33,0,0.0,0.0,0.0,0.0,0.0,0.0,0.0,0,0,,,,,,,,,,,,,,,,,,,,,False,False,False,False,False,False,0,0,0,insufficient_evidence
price_family_ma9_structural_linked,20721_prince_george_s_county_md__zip,structural_price_level,median_sale_price,35,0,0.0,0.0,0.0,0.0,0.0,0.0,0.0,0,0,,,,,,,,,,,,,,,,,,,,,False,False,False,False,False,False,0,0,0,insufficient_evidence
price_family_ma9_structural_linked,20722_prince_george_s_county_md__zip,structural_price_level,median_ppsf,31,0,0.0,0.0,0.0,0.0,0.0,0.0,0.0,0,0,,,,,,,,,,,,,,,,,,,,,False,False,False,False,False,False,0,0,0,insufficient_evidence
price_family_ma9_structural_linked,20722_prince_george_s_county_md__zip,structural_price_level,median_sale_price,38,0,0.0,0.0,0.0,0.0,0.0,0.0,0.0,0,0,,,,,,,,,,,,,,,,,,,,,False,False,False,False,False,False,0,0,0,insufficient_evidence
price_family_ma9_structural_linked,20731_prince_george_s_county_md__zip,structural_price_level,median_ppsf,14,0,0.0,0.0,0.0,0.0,0.0,0.0,0.0,0,0,,,,,,,,,,,,,,,,,,,,,False,False,False,False,False,False,0,0,0,insufficient_evidence
price_family_ma9_structural_linked,20731_prince_george_s_county_md__zip,structural_price_level,median_sale_price,13,0,0.0,0.0,0.0,0.0,0.0,0.0,0.0,0,0,,,,,,,,,,,,,,,,,,,,,False,False,False,False,False,False,0,0,0,insufficient_evidence
price_family_ma9_structural_linked,20735_prince_george_s_county_md__zip,structural_price_level,median_ppsf,29,0,0.0,0.0,0.0,0.0,0.0,0.0,0.0,0,0,,,,,,,,,,,,,,,,,,,,,False,False,False,False,False,False,0,0,0,insufficient_evidence
price_family_ma9_structural_linked,20735_prince_george_s_county_md__zip,structural_price_level,median_sale_price,16,0,0.0,0.0,0.0,0.0,0.0,0.0,0.0,0,0,,,,,,,,,,,,,,,,,,,,,False,False,False,False,False,False,0,0,0,insufficient_evidence
price_family_ma9_structural_linked,20737_prince_george_s_county_md__zip,structural_price_level,median_ppsf,34,0,0.0,0.0,0.0,0.0,0.0,0.0,0.0,0,0,,,,,,,,,,,,,,,,,,,,,False,False,False,False,False,False,0,0,0,insufficient_evidence
price_family_ma9_structural_linked,20737_prince_george_s_county_md__zip,structural_price_level,median_sale_price,36,0,0.0,0.0,0.0,0.0,0.0,0.0,0.0,0,0,,,,,,,,,,,,,,,,,,,,,False,False,False,False,False,False,0,0,0,insufficient_evidence
price_family_ma9_structural_linked,20740_prince_george_s_county_md__zip,structural_price_level,median_ppsf,43,0,0.0,0.0,0.0,0.0,0.0,0.0,0.0,0,0,,,,,,,,,,,,,,,,,,,,,False,False,False,False,False,False,0,0,0,insufficient_evidence
price_family_ma9_structural_linked,20740_prince_george_s_county_md__zip,structural_price_level,median_sale_price,37,0,0.0,0.0,0.0,0.0,0.0,0.0,0.0,0,0,,,,,,,,,,,,,,,,,,,,,False,False,False,False,False,False,0,0,0,insufficient_evidence
price_family_ma9_structural_linked,20743_prince_george_s_county_md__zip,structural_price_level,median_ppsf,34,0,0.0,0.0,0.0,0.0,0.0,0.0,0.0,0,0,,,,,,,,,,,,,,,,,,,,,False,False,False,False,False,False,0,0,0,insufficient_evidence
price_family_ma9_structural_linked,20743_prince_george_s_county_md__zip,structural_price_level,median_sale_price,22,0,0.0,0.0,0.0,0.0,0.0,0.0,0.0,0,0,,,,,,,,,,,,,,,,,,,,,False,False,False,False,False,False,0,0,0,insufficient_evidence
price_family_ma9_structural_linked,20744_prince_george_s_county_md__zip,structural_price_level,median_ppsf,31,0,0.0,0.0,0.0,0.0,0.0,0.0,0.0,0,0,,,,,,,,,,,,,,,,,,,,,False,False,False,False,False,False,0,0,0,insufficient_evidence
price_family_ma9_structural_linked,20744_prince_george_s_county_md__zip,structural_price_level,median_sale_price,16,0,0.0,0.0,0.0,0.0,0.0,0.0,0.0,0,0,,,,,,,,,,,,,,,,,,,,,False,False,False,False,False,False,0,0,0,insufficient_evidence
price_family_ma9_structural_linked,20745_prince_george_s_county_md__zip,structural_price_level,median_ppsf,35,0,0.0,0.0,0.0,0.0,0.0,0.0,0.0,0,0,,,,,,,,,,,,,,,,,,,,,False,False,False,False,False,False,0,0,0,insufficient_evidence
price_family_ma9_structural_linked,20745_prince_george_s_county_md__zip,structural_price_level,median_sale_price,35,0,0.0,0.0,0.0,0.0,0.0,0.0,0.0,0,0,,,,,,,,,,,,,,,,,,,,,False,False,False,False,False,False,0,0,0,insufficient_evidence
price_family_ma9_structural_linked,20746_prince_george_s_county_md__zip,structural_price_level,median_ppsf,31,0,0.0,0.0,0.0,0.0,0.0,0.0,0.0,0,0,,,,,,,,,,,,,,,,,,,,,False,False,False,False,False,False,0,0,0,insufficient_evidence
price_family_ma9_structural_linked,20746_prince_george_s_county_md__zip,structural_price_level,median_sale_price,28,0,0.0,0.0,0.0,0.0,0.0,0.0,0.0,0,0,,,,,,,,,,,,,,,,,,,,,False,False,False,False,False,False,0,0,0,insufficient_evidence
price_family_ma9_structural_linked,20747_prince_george_s_county_md__zip,structural_price_level,median_ppsf,37,0,0.0,0.0,0.0,0.0,0.0,0.0,0.0,0,0,,,,,,,,,,,,,,,,,,,,,False,False,False,False,False,False,0,0,0,insufficient_evidence
price_family_ma9_structural_linked,20747_prince_george_s_county_md__zip,structural_price_level,median_sale_price,37,0,0.0,0.0,0.0,0.0,0.0,0.0,0.0,0,0,,,,,,,,,,,,,,,,,,,,,False,False,False,False,False,False,0,0,0,insufficient_evidence
price_family_ma9_structural_linked,20748_prince_george_s_county_md__zip,structural_price_level,median_ppsf,29,0,0.0,0.0,0.0,0.0,0.0,0.0,0.0,0,0,,,,,,,,,,,,,,,,,,,,,False,False,False,False,False,False,0,0,0,insufficient_evidence
price_family_ma9_structural_linked,20748_prince_george_s_county_md__zip,structural_price_level,median_sale_price,23,0,0.0,0.0,0.0,0.0,0.0,0.0,0.0,0,0,,,,,,,,,,,,,,,,,,,,,False,False,False,False,False,False,0,0,0,insufficient_evidence
price_family_ma9_structural_linked,20757_prince_george_s_county_md__zip,structural_price_level,median_ppsf,10,0,0.0,0.0,0.0,0.0,0.0,0.0,0.0,0,0,,,,,,,,,,,,,,,,,,,,,False,False,False,False,False,False,0,0,0,insufficient_evidence
price_family_ma9_structural_linked,20757_prince_george_s_county_md__zip,structural_price_level,median_sale_price,6,0,0.0,0.0,0.0,0.0,0.0,0.0,0.0,0,0,,,,,,,,,,,,,,,,,,,,,False,False,False,False,False,False,0,0,0,insufficient_evidence
price_family_ma9_structural_linked,20768_prince_george_s_county_md__zip,structural_price_level,median_ppsf,40,0,0.0,0.0,0.0,0.0,0.0,0.0,0.0,0,0,,,,,,,,,,,,,,,,,,,,,False,False,False,False,False,False,0,0,0,insufficient_evidence
price_family_ma9_structural_linked,20768_prince_george_s_county_md__zip,structural_price_level,median_sale_price,35,0,0.0,0.0,0.0,0.0,0.0,0.0,0.0,0,0,,,,,,,,,,,,,,,,,,,,,False,False,False,False,False,False,0,0,0,insufficient_evidence
price_family_ma9_structural_linked,20769_prince_george_s_county_md__zip,structural_price_level,median_ppsf,38,0,0.0,0.0,0.0,0.0,0.0,0.0,0.0,0,0,,,,,,,,,,,,,,,,,,,,,False,False,False,False,False,False,0,0,0,insufficient_evidence
price_family_ma9_structural_linked,20769_prince_george_s_county_md__zip,structural_price_level,median_sale_price,39,0,0.0,0.0,0.0,0.0,0.0,0.0,0.0,0,0,,,,,,,,,,,,,,,,,,,,,False,False,False,False,False,False,0,0,0,insufficient_evidence
price_family_ma9_structural_linked,20770_prince_george_s_county_md__zip,structural_price_level,median_ppsf,35,0,0.0,0.0,0.0,0.0,0.0,0.0,0.0,0,0,,,,,,,,,,,,,,,,,,,,,False,False,False,False,False,False,0,0,0,insufficient_evidence
price_family_ma9_structural_linked,20770_prince_george_s_county_md__zip,structural_price_level,median_sale_price,43,0,0.0,0.0,0.0,0.0,0.0,0.0,0.0,0,0,,,,,,,,,,,,,,,,,,,,,False,False,False,False,False,False,0,0,0,insufficient_evidence
price_family_ma9_structural_linked,20772_prince_george_s_county_md__zip,structural_price_level,median_ppsf,26,0,0.0,0.0,0.0,0.0,0.0,0.0,0.0,0,0,,,,,,,,,,,,,,,,,,,,,False,False,False,False,False,False,0,0,0,insufficient_evidence
price_family_ma9_structural_linked,20772_prince_george_s_county_md__zip,structural_price_level,median_sale_price,24,0,0.0,0.0,0.0,0.0,0.0,0.0,0.0,0,0,,,,,,,,,,,,,,,,,,,,,False,False,False,False,False,False,0,0,0,insufficient_evidence
price_family_ma9_structural_linked,20774_prince_george_s_county_md__zip,structural_price_level,median_ppsf,31,0,0.0,0.0,0.0,0.0,0.0,0.0,0.0,0,0,,,,,,,,,,,,,,,,,,,,,False,False,False,False,False,False,0,0,0,insufficient_evidence
price_family_ma9_structural_linked,20774_prince_george_s_county_md__zip,structural_price_level,median_sale_price,34,0,0.0,0.0,0.0,0.0,0.0,0.0,0.0,0,0,,,,,,,,,,,,,,,,,,,,,False,False,False,False,False,False,0,0,0,insufficient_evidence
price_family_ma9_structural_linked,20781_prince_george_s_county_md__zip,structural_price_level,median_ppsf,36,0,0.0,0.0,0.0,0.0,0.0,0.0,0.0,0,0,,,,,,,,,,,,,,,,,,,,,False,False,False,False,False,False,0,0,0,insufficient_evidence
price_family_ma9_structural_linked,20781_prince_george_s_county_md__zip,structural_price_level,median_sale_price,37,0,0.0,0.0,0.0,0.0,0.0,0.0,0.0,0,0,,,,,,,,,,,,,,,,,,,,,False,False,False,False,False,False,0,0,0,insufficient_evidence
price_family_ma9_structural_linked,20782_prince_george_s_county_md__zip,structural_price_level,median_ppsf,29,0,0.0,0.0,0.0,0.0,0.0,0.0,0.0,0,0,,,,,,,,,,,,,,,,,,,,,False,False,False,False,False,False,0,0,0,insufficient_evidence
price_family_ma9_structural_linked,20782_prince_george_s_county_md__zip,structural_price_level,median_sale_price,31,0,0.0,0.0,0.0,0.0,0.0,0.0,0.0,0,0,,,,,,,,,,,,,,,,,,,,,False,False,False,False,False,False,0,0,0,insufficient_evidence
price_family_ma9_structural_linked,20783_prince_george_s_county_md__zip,structural_price_level,median_ppsf,39,0,0.0,0.0,0.0,0.0,0.0,0.0,0.0,0,0,,,,,,,,,,,,,,,,,,,,,False,False,False,False,False,False,0,0,0,insufficient_evidence
price_family_ma9_structural_linked,20783_prince_george_s_county_md__zip,structural_price_level,median_sale_price,37,0,0.0,0.0,0.0,0.0,0.0,0.0,0.0,0,0,,,,,,,,,,,,,,,,,,,,,False,False,False,False,False,False,0,0,0,insufficient_evidence
price_family_ma9_structural_linked,20784_prince_george_s_county_md__zip,structural_price_level,median_ppsf,38,0,0.0,0.0,0.0,0.0,0.0,0.0,0.0,0,0,,,,,,,,,,,,,,,,,,,,,False,False,False,False,False,False,0,0,0,insufficient_evidence
price_family_ma9_structural_linked,20784_prince_george_s_county_md__zip,structural_price_level,median_sale_price,35,0,0.0,0.0,0.0,0.0,0.0,0.0,0.0,0,0,,,,,,,,,,,,,,,,,,,,,False,False,False,False,False,False,0,0,0,insufficient_evidence
price_family_ma9_structural_linked,20785_prince_george_s_county_md__zip,structural_price_level,median_ppsf,31,0,0.0,0.0,0.0,0.0,0.0,0.0,0.0,0,0,,,,,,,,,,,,,,,,,,,,,False,False,False,False,False,False,0,0,0,insufficient_evidence
price_family_ma9_structural_linked,20785_prince_george_s_county_md__zip,structural_price_level,median_sale_price,26,0,0.0,0.0,0.0,0.0,0.0,0.0,0.0,0,0,,,,,,,,,,,,,,,,,,,,,False,False,False,False,False,False,0,0,0,insufficient_evidence
price_family_ma9_structural_linked,20812_montgomery_county_md__zip,structural_price_level,median_ppsf,22,0,0.0,0.0,0.0,0.0,0.0,0.0,0.0,0,0,,,,,,,,,,,,,,,,,,,,,False,False,False,False,False,False,0,0,0,insufficient_evidence
price_family_ma9_structural_linked,20812_montgomery_county_md__zip,structural_price_level,median_sale_price,23,0,0.0,0.0,0.0,0.0,0.0,0.0,0.0,0,0,,,,,,,,,,,,,,,,,,,,,False,False,False,False,False,False,0,0,0,insufficient_evidence
price_family_ma9_structural_linked,20814_montgomery_county_md__zip,structural_price_level,median_ppsf,35,0,0.0,0.0,0.0,0.0,0.0,0.0,0.0,0,0,,,,,,,,,,,,,,,,,,,,,False,False,False,False,False,False,0,0,0,insufficient_evidence
price_family_ma9_structural_linked,20814_montgomery_county_md__zip,structural_price_level,median_sale_price,39,0,0.0,0.0,0.0,0.0,0.0,0.0,0.0,0,0,,,,,,,,,,,,,,,,,,,,,False,False,False,False,False,False,0,0,0,insufficient_evidence
price_family_ma9_structural_linked,20815_montgomery_county_md__zip,structural_price_level,median_ppsf,41,0,0.0,0.0,0.0,0.0,0.0,0.0,0.0,0,0,,,,,,,,,,,,,,,,,,,,,False,False,False,False,False,False,0,0,0,insufficient_evidence
price_family_ma9_structural_linked,20815_montgomery_county_md__zip,structural_price_level,median_sale_price,43,0,0.0,0.0,0.0,0.0,0.0,0.0,0.0,0,0,,,,,,,,,,,,,,,,,,,,,False,False,False,False,False,False,0,0,0,insufficient_evidence
price_family_ma9_structural_linked,20816_montgomery_county_md__zip,structural_price_level,median_ppsf,36,0,0.0,0.0,0.0,0.0,0.0,0.0,0.0,0,0,,,,,,,,,,,,,,,,,,,,,False,False,False,False,False,False,0,0,0,insufficient_evidence
price_family_ma9_structural_linked,20816_montgomery_county_md__zip,structural_price_level,median_sale_price,41,0,0.0,0.0,0.0,0.0,0.0,0.0,0.0,0,0,,,,,,,,,,,,,,,,,,,,,False,False,False,False,False,False,0,0,0,insufficient_evidence
price_family_ma9_structural_linked,20817_montgomery_county_md__zip,structural_price_level,median_ppsf,36,0,0.0,0.0,0.0,0.0,0.0,0.0,0.0,0,0,,,,,,,,,,,,,,,,,,,,,False,False,False,False,False,False,0,0,0,insufficient_evidence
price_family_ma9_structural_linked,20817_montgomery_county_md__zip,structural_price_level,median_sale_price,43,0,0.0,0.0,0.0,0.0,0.0,0.0,0.0,0,0,,,,,,,,,,,,,,,,,,,,,False,False,False,False,False,False,0,0,0,insufficient_evidence
price_family_ma9_structural_linked,20818_montgomery_county_md__zip,structural_price_level,median_ppsf,54,0,0.0,0.0,0.0,0.0,0.0,0.0,0.0,0,0,,,,,,,,,,,,,,,,,,,,,False,False,False,False,False,False,0,0,0,insufficient_evidence
price_family_ma9_structural_linked,20818_montgomery_county_md__zip,structural_price_level,median_sale_price,36,0,0.0,0.0,0.0,0.0,0.0,0.0,0.0,0,0,,,,,,,,,,,,,,,,,,,,,False,False,False,False,False,False,0,0,0,insufficient_evidence
price_family_ma9_structural_linked,20824_montgomery_county_md__zip,structural_price_level,median_ppsf,21,0,0.0,0.0,0.0,0.0,0.0,0.0,0.0,0,0,,,,,,,,,,,,,,,,,,,,,False,False,False,False,False,False,0,0,0,insufficient_evidence
price_family_ma9_structural_linked,20824_montgomery_county_md__zip,structural_price_level,median_sale_price,24,0,0.0,0.0,0.0,0.0,0.0,0.0,0.0,0,0,,,,,,,,,,,,,,,,,,,,,False,False,False,False,False,False,0,0,0,insufficient_evidence
price_family_ma9_structural_linked,20830_montgomery_county_md__zip,structural_price_level,median_ppsf,35,0,0.0,0.0,0.0,0.0,0.0,0.0,0.0,0,0,,,,,,,,,,,,,,,,,,,,,False,False,False,False,False,False,0,0,0,insufficient_evidence
price_family_ma9_structural_linked,20830_montgomery_county_md__zip,structural_price_level,median_sale_price,40,0,0.0,0.0,0.0,0.0,0.0,0.0,0.0,0,0,,,,,,,,,,,,,,,,,,,,,False,False,False,False,False,False,0,0,0,insufficient_evidence
price_family_ma9_structural_linked,20832_montgomery_county_md__zip,structural_price_level,median_ppsf,31,0,0.0,0.0,0.0,0.0,0.0,0.0,0.0,0,0,,,,,,,,,,,,,,,,,,,,,False,False,False,False,False,False,0,0,0,insufficient_evidence
price_family_ma9_structural_linked,20832_montgomery_county_md__zip,structural_price_level,median_sale_price,37,0,0.0,0.0,0.0,0.0,0.0,0.0,0.0,0,0,,,,,,,,,,,,,,,,,,,,,False,False,False,False,False,False,0,0,0,insufficient_evidence
price_family_ma9_structural_linked,20833_montgomery_county_md__zip,structural_price_level,median_ppsf,45,0,0.0,0.0,0.0,0.0,0.0,0.0,0.0,0,0,,,,,,,,,,,,,,,,,,,,,False,False,False,False,False,False,0,0,0,insufficient_evidence
price_family_ma9_structural_linked,20833_montgomery_county_md__zip,structural_price_level,median_sale_price,47,0,0.0,0.0,0.0,0.0,0.0,0.0,0.0,0,0,,,,,,,,,,,,,,,,,,,,,False,False,False,False,False,False,0,0,0,insufficient_evidence
price_family_ma9_structural_linked,20837_montgomery_county_md__zip,structural_price_level,median_ppsf,44,0,0.0,0.0,0.0,0.0,0.0,0.0,0.0,0,0,,,,,,,,,,,,,,,,,,,,,False,False,False,False,False,False,0,0,0,insufficient_evidence
price_family_ma9_structural_linked,20837_montgomery_county_md__zip,structural_price_level,median_sale_price,43,0,0.0,0.0,0.0,0.0,0.0,0.0,0.0,0,0,,,,,,,,,,,,,,,,,,,,,False,False,False,False,False,False,0,0,0,insufficient_evidence
price_family_ma9_structural_linked,20838_montgomery_county_md__zip,structural_price_level,median_ppsf,18,0,0.0,0.0,0.0,0.0,0.0,0.0,0.0,0,0,,,,,,,,,,,,,,,,,,,,,False,False,False,False,False,False,0,0,0,insufficient_evidence
price_family_ma9_structural_linked,20838_montgomery_county_md__zip,structural_price_level,median_sale_price,18,0,0.0,0.0,0.0,0.0,0.0,0.0,0.0,0,0,,,,,,,,,,,,,,,,,,,,,False,False,False,False,False,False,0,0,0,insufficient_evidence
price_family_ma9_structural_linked,20839_montgomery_county_md__zip,structural_price_level,median_ppsf,7,0,0.0,0.0,0.0,0.0,0.0,0.0,0.0,0,0,,,,,,,,,,,,,,,,,,,,,False,False,False,False,False,False,0,0,0,insufficient_evidence
price_family_ma9_structural_linked,20839_montgomery_county_md__zip,structural_price_level,median_sale_price,4,0,0.0,0.0,0.0,0.0,0.0,0.0,0.0,0,0,,,,,,,,,,,,,,,,,,,,,False,False,False,False,False,False,0,0,0,insufficient_evidence
price_family_ma9_structural_linked,20841_montgomery_county_md__zip,structural_price_level,median_ppsf,35,0,0.0,0.0,0.0,0.0,0.0,0.0,0.0,0,0,,,,,,,,,,,,,,,,,,,,,False,False,False,False,False,False,0,0,0,insufficient_evidence
price_family_ma9_structural_linked,20841_montgomery_county_md__zip,structural_price_level,median_sale_price,47,0,0.0,0.0,0.0,0.0,0.0,0.0,0.0,0,0,,,,,,,,,,,,,,,,,,,,,False,False,False,False,False,False,0,0,0,insufficient_evidence
price_family_ma9_structural_linked,20842_montgomery_county_md__zip,structural_price_level,median_ppsf,41,0,0.0,0.0,0.0,0.0,0.0,0.0,0.0,0,0,,,,,,,,,,,,,,,,,,,,,False,False,False,False,False,False,0,0,0,insufficient_evidence
price_family_ma9_structural_linked,20842_montgomery_county_md__zip,structural_price_level,median_sale_price,41,0,0.0,0.0,0.0,0.0,0.0,0.0,0.0,0,0,,,,,,,,,,,,,,,,,,,,,False,False,False,False,False,False,0,0,0,insufficient_evidence
price_family_ma9_structural_linked,20848_montgomery_county_md__zip,structural_price_level,median_ppsf,2,0,0.0,0.0,0.0,0.0,0.0,0.0,0.0,0,0,,,,,,,,,,,,,,,,,,,,,False,False,False,False,False,False,0,0,0,insufficient_evidence
price_family_ma9_structural_linked,20848_montgomery_county_md__zip,structural_price_level,median_sale_price,2,0,0.0,0.0,0.0,0.0,0.0,0.0,0.0,0,0,,,,,,,,,,,,,,,,,,,,,False,False,False,False,False,False,0,0,0,insufficient_evidence
price_family_ma9_structural_linked,20850_montgomery_county_md__zip,structural_price_level,median_ppsf,36,0,0.0,0.0,0.0,0.0,0.0,0.0,0.0,0,0,,,,,,,,,,,,,,,,,,,,,False,False,False,False,False,False,0,0,0,insufficient_evidence
price_family_ma9_structural_linked,20850_montgomery_county_md__zip,structural_price_level,median_sale_price,35,0,0.0,0.0,0.0,0.0,0.0,0.0,0.0,0,0,,,,,,,,,,,,,,,,,,,,,False,False,False,False,False,False,0,0,0,insufficient_evidence
price_family_ma9_structural_linked,20851_montgomery_county_md__zip,structural_price_level,median_ppsf,43,0,0.0,0.0,0.0,0.0,0.0,0.0,0.0,0,0,,,,,,,,,,,,,,,,,,,,,False,False,False,False,False,False,0,0,0,insufficient_evidence
price_family_ma9_structural_linked,20851_montgomery_county_md__zip,structural_price_level,median_sale_price,35,0,0.0,0.0,0.0,0.0,0.0,0.0,0.0,0,0,,,,,,,,,,,,,,,,,,,,,False,False,False,False,False,False,0,0,0,insufficient_evidence
price_family_ma9_structural_linked,20852_montgomery_county_md__zip,structural_price_level,median_ppsf,36,0,0.0,0.0,0.0,0.0,0.0,0.0,0.0,0,0,,,,,,,,,,,,,,,,,,,,,False,False,False,False,False,False,0,0,0,insufficient_evidence
price_family_ma9_structural_linked,20852_montgomery_county_md__zip,structural_price_level,median_sale_price,40,0,0.0,0.0,0.0,0.0,0.0,0.0,0.0,0,0,,,,,,,,,,,,,,,,,,,,,False,False,False,False,False,False,0,0,0,insufficient_evidence
price_family_ma9_structural_linked,20853_montgomery_county_md__zip,structural_price_level,median_ppsf,36,0,0.0,0.0,0.0,0.0,0.0,0.0,0.0,0,0,,,,,,,,,,,,,,,,,,,,,False,False,False,False,False,False,0,0,0,insufficient_evidence
price_family_ma9_structural_linked,20853_montgomery_county_md__zip,structural_price_level,median_sale_price,40,0,0.0,0.0,0.0,0.0,0.0,0.0,0.0,0,0,,,,,,,,,,,,,,,,,,,,,False,False,False,False,False,False,0,0,0,insufficient_evidence
price_family_ma9_structural_linked,20854_montgomery_county_md__zip,structural_price_level,median_ppsf,28,0,0.0,0.0,0.0,0.0,0.0,0.0,0.0,0,0,,,,,,,,,,,,,,,,,,,,,False,False,False,False,False,False,0,0,0,insufficient_evidence
price_family_ma9_structural_linked,20854_montgomery_county_md__zip,structural_price_level,median_sale_price,37,0,0.0,0.0,0.0,0.0,0.0,0.0,0.0,0,0,,,,,,,,,,,,,,,,,,,,,False,False,False,False,False,False,0,0,0,insufficient_evidence
price_family_ma9_structural_linked,20855_montgomery_county_md__zip,structural_price_level,median_ppsf,36,0,0.0,0.0,0.0,0.0,0.0,0.0,0.0,0,0,,,,,,,,,,,,,,,,,,,,,False,False,False,False,False,False,0,0,0,insufficient_evidence
price_family_ma9_structural_linked,20855_montgomery_county_md__zip,structural_price_level,median_sale_price,36,0,0.0,0.0,0.0,0.0,0.0,0.0,0.0,0,0,,,,,,,,,,,,,,,,,,,,,False,False,False,False,False,False,0,0,0,insufficient_evidence
price_family_ma9_structural_linked,20860_montgomery_county_md__zip,structural_price_level,median_ppsf,46,0,0.0,0.0,0.0,0.0,0.0,0.0,0.0,0,0,,,,,,,,,,,,,,,,,,,,,False,False,False,False,False,False,0,0,0,insufficient_evidence
price_family_ma9_structural_linked,20860_montgomery_county_md__zip,structural_price_level,median_sale_price,43,0,0.0,0.0,0.0,0.0,0.0,0.0,0.0,0,0,,,,,,,,,,,,,,,,,,,,,False,False,False,False,False,False,0,0,0,insufficient_evidence
price_family_ma9_structural_linked,20861_montgomery_county_md__zip,structural_price_level,median_ppsf,27,0,0.0,0.0,0.0,0.0,0.0,0.0,0.0,0,0,,,,,,,,,,,,,,,,,,,,,False,False,False,False,False,False,0,0,0,insufficient_evidence
price_family_ma9_structural_linked,20861_montgomery_county_md__zip,structural_price_level,median_sale_price,39,0,0.0,0.0,0.0,0.0,0.0,0.0,0.0,0,0,,,,,,,,,,,,,,,,,,,,,False,False,False,False,False,False,0,0,0,insufficient_evidence
price_family_ma9_structural_linked,20862_montgomery_county_md__zip,structural_price_level,median_ppsf,32,0,0.0,0.0,0.0,0.0,0.0,0.0,0.0,0,0,,,,,,,,,,,,,,,,,,,,,False,False,False,False,False,False,0,0,0,insufficient_evidence
price_family_ma9_structural_linked,20862_montgomery_county_md__zip,structural_price_level,median_sale_price,25,0,0.0,0.0,0.0,0.0,0.0,0.0,0.0,0,0,,,,,,,,,,,,,,,,,,,,,False,False,False,False,False,False,0,0,0,insufficient_evidence
price_family_ma9_structural_linked,20866_montgomery_county_md__zip,structural_price_level,median_ppsf,43,0,0.0,0.0,0.0,0.0,0.0,0.0,0.0,0,0,,,,,,,,,,,,,,,,,,,,,False,False,False,False,False,False,0,0,0,insufficient_evidence
price_family_ma9_structural_linked,20866_montgomery_county_md__zip,structural_price_level,median_sale_price,41,0,0.0,0.0,0.0,0.0,0.0,0.0,0.0,0,0,,,,,,,,,,,,,,,,,,,,,False,False,False,False,False,False,0,0,0,insufficient_evidence
price_family_ma9_structural_linked,20868_montgomery_county_md__zip,structural_price_level,median_ppsf,24,0,0.0,0.0,0.0,0.0,0.0,0.0,0.0,0,0,,,,,,,,,,,,,,,,,,,,,False,False,False,False,False,False,0,0,0,insufficient_evidence
price_family_ma9_structural_linked,20868_montgomery_county_md__zip,structural_price_level,median_sale_price,31,0,0.0,0.0,0.0,0.0,0.0,0.0,0.0,0,0,,,,,,,,,,,,,,,,,,,,,False,False,False,False,False,False,0,0,0,insufficient_evidence
price_family_ma9_structural_linked,20871_montgomery_county_md__zip,structural_price_level,median_ppsf,35,0,0.0,0.0,0.0,0.0,0.0,0.0,0.0,0,0,,,,,,,,,,,,,,,,,,,,,False,False,False,False,False,False,0,0,0,insufficient_evidence
price_family_ma9_structural_linked,20871_montgomery_county_md__zip,structural_price_level,median_sale_price,37,0,0.0,0.0,0.0,0.0,0.0,0.0,0.0,0,0,,,,,,,,,,,,,,,,,,,,,False,False,False,False,False,False,0,0,0,insufficient_evidence
price_family_ma9_structural_linked,20872_montgomery_county_md__zip,structural_price_level,median_ppsf,36,0,0.0,0.0,0.0,0.0,0.0,0.0,0.0,0,0,,,,,,,,,,,,,,,,,,,,,False,False,False,False,False,False,0,0,0,insufficient_evidence
price_family_ma9_structural_linked,20872_montgomery_county_md__zip,structural_price_level,median_sale_price,33,0,0.0,0.0,0.0,0.0,0.0,0.0,0.0,0,0,,,,,,,,,,,,,,,,,,,,,False,False,False,False,False,False,0,0,0,insufficient_evidence
price_family_ma9_structural_linked,20874_montgomery_county_md__zip,structural_price_level,median_ppsf,30,0,0.0,0.0,0.0,0.0,0.0,0.0,0.0,0,0,,,,,,,,,,,,,,,,,,,,,False,False,False,False,False,False,0,0,0,insufficient_evidence
price_family_ma9_structural_linked,20874_montgomery_county_md__zip,structural_price_level,median_sale_price,36,0,0.0,0.0,0.0,0.0,0.0,0.0,0.0,0,0,,,,,,,,,,,,,,,,,,,,,False,False,False,False,False,False,0,0,0,insufficient_evidence
price_family_ma9_structural_linked,20876_montgomery_county_md__zip,structural_price_level,median_ppsf,34,0,0.0,0.0,0.0,0.0,0.0,0.0,0.0,0,0,,,,,,,,,,,,,,,,,,,,,False,False,False,False,False,False,0,0,0,insufficient_evidence
price_family_ma9_structural_linked,20876_montgomery_county_md__zip,structural_price_level,median_sale_price,39,0,0.0,0.0,0.0,0.0,0.0,0.0,0.0,0,0,,,,,,,,,,,,,,,,,,,,,False,False,False,False,False,False,0,0,0,insufficient_evidence
price_family_ma9_structural_linked,20877_montgomery_county_md__zip,structural_price_level,median_ppsf,37,0,0.0,0.0,0.0,0.0,0.0,0.0,0.0,0,0,,,,,,,,,,,,,,,,,,,,,False,False,False,False,False,False,0,0,0,insufficient_evidence
price_family_ma9_structural_linked,20877_montgomery_county_md__zip,structural_price_level,median_sale_price,39,0,0.0,0.0,0.0,0.0,0.0,0.0,0.0,0,0,,,,,,,,,,,,,,,,,,,,,False,False,False,False,False,False,0,0,0,insufficient_evidence
price_family_ma9_structural_linked,20878_montgomery_county_md__zip,structural_price_level,median_ppsf,36,0,0.0,0.0,0.0,0.0,0.0,0.0,0.0,0,0,,,,,,,,,,,,,,,,,,,,,False,False,False,False,False,False,0,0,0,insufficient_evidence
price_family_ma9_structural_linked,20878_montgomery_county_md__zip,structural_price_level,median_sale_price,40,0,0.0,0.0,0.0,0.0,0.0,0.0,0.0,0,0,,,,,,,,,,,,,,,,,,,,,False,False,False,False,False,False,0,0,0,insufficient_evidence
price_family_ma9_structural_linked,20879_montgomery_county_md__zip,structural_price_level,median_ppsf,41,0,0.0,0.0,0.0,0.0,0.0,0.0,0.0,0,0,,,,,,,,,,,,,,,,,,,,,False,False,False,False,False,False,0,0,0,insufficient_evidence
price_family_ma9_structural_linked,20879_montgomery_county_md__zip,structural_price_level,median_sale_price,32,0,0.0,0.0,0.0,0.0,0.0,0.0,0.0,0,0,,,,,,,,,,,,,,,,,,,,,False,False,False,False,False,False,0,0,0,insufficient_evidence
price_family_ma9_structural_linked,20880_montgomery_county_md__zip,structural_price_level,median_ppsf,43,0,0.0,0.0,0.0,0.0,0.0,0.0,0.0,0,0,,,,,,,,,,,,,,,,,,,,,False,False,False,False,False,False,0,0,0,insufficient_evidence
price_family_ma9_structural_linked,20880_montgomery_county_md__zip,structural_price_level,median_sale_price,39,0,0.0,0.0,0.0,0.0,0.0,0.0,0.0,0,0,,,,,,,,,,,,,,,,,,,,,False,False,False,False,False,False,0,0,0,insufficient_evidence
price_family_ma9_structural_linked,20882_montgomery_county_md__zip,structural_price_level,median_ppsf,28,0,0.0,0.0,0.0,0.0,0.0,0.0,0.0,0,0,,,,,,,,,,,,,,,,,,,,,False,False,False,False,False,False,0,0,0,insufficient_evidence
price_family_ma9_structural_linked,20882_montgomery_county_md__zip,structural_price_level,median_sale_price,33,0,0.0,0.0,0.0,0.0,0.0,0.0,0.0,0,0,,,,,,,,,,,,,,,,,,,,,False,False,False,False,False,False,0,0,0,insufficient_evidence
price_family_ma9_structural_linked,20884_montgomery_county_md__zip,structural_price_level,median_ppsf,21,0,0.0,0.0,0.0,0.0,0.0,0.0,0.0,0,0,,,,,,,,,,,,,,,,,,,,,False,False,False,False,False,False,0,0,0,insufficient_evidence
price_family_ma9_structural_linked,20884_montgomery_county_md__zip,structural_price_level,median_sale_price,30,0,0.0,0.0,0.0,0.0,0.0,0.0,0.0,0,0,,,,,,,,,,,,,,,,,,,,,False,False,False,False,False,False,0,0,0,insufficient_evidence
price_family_ma9_structural_linked,20886_montgomery_county_md__zip,structural_price_level,median_ppsf,32,0,0.0,0.0,0.0,0.0,0.0,0.0,0.0,0,0,,,,,,,,,,,,,,,,,,,,,False,False,False,False,False,False,0,0,0,insufficient_evidence
price_family_ma9_structural_linked,20886_montgomery_county_md__zip,structural_price_level,median_sale_price,38,0,0.0,0.0,0.0,0.0,0.0,0.0,0.0,0,0,,,,,,,,,,,,,,,,,,,,,False,False,False,False,False,False,0,0,0,insufficient_evidence
price_family_ma9_structural_linked,20889_montgomery_county_md__zip,structural_price_level,median_ppsf,1,0,0.0,0.0,0.0,0.0,0.0,0.0,0.0,0,0,,,,,,,,,,,,,,,,,,,,,False,False,False,False,False,False,0,0,0,insufficient_evidence
price_family_ma9_structural_linked,20889_montgomery_county_md__zip,structural_price_level,median_sale_price,2,0,0.0,0.0,0.0,0.0,0.0,0.0,0.0,0,0,,,,,,,,,,,,,,,,,,,,,False,False,False,False,False,False,0,0,0,insufficient_evidence
price_family_ma9_structural_linked,20894_montgomery_county_md__zip,structural_price_level,median_ppsf,1,0,0.0,0.0,0.0,0.0,0.0,0.0,0.0,0,0,,,,,,,,,,,,,,,,,,,,,False,False,False,False,False,False,0,0,0,insufficient_evidence
price_family_ma9_structural_linked,20895_montgomery_county_md__zip,structural_price_level,median_ppsf,34,0,0.0,0.0,0.0,0.0,0.0,0.0,0.0,0,0,,,,,,,,,,,,,,,,,,,,,False,False,False,False,False,False,0,0,0,insufficient_evidence
price_family_ma9_structural_linked,20895_montgomery_county_md__zip,structural_price_level,median_sale_price,46,0,0.0,0.0,0.0,0.0,0.0,0.0,0.0,0,0,,,,,,,,,,,,,,,,,,,,,False,False,False,False,False,False,0,0,0,insufficient_evidence
price_family_ma9_structural_linked,20896_montgomery_county_md__zip,structural_price_level,median_ppsf,36,0,0.0,0.0,0.0,0.0,0.0,0.0,0.0,0,0,,,,,,,,,,,,,,,,,,,,,False,False,False,False,False,False,0,0,0,insufficient_evidence
price_family_ma9_structural_linked,20896_montgomery_county_md__zip,structural_price_level,median_sale_price,48,0,0.0,0.0,0.0,0.0,0.0,0.0,0.0,0,0,,,,,,,,,,,,,,,,,,,,,False,False,False,False,False,False,0,0,0,insufficient_evidence
price_family_ma9_structural_linked,20901_montgomery_county_md__zip,structural_price_level,median_ppsf,35,0,0.0,0.0,0.0,0.0,0.0,0.0,0.0,0,0,,,,,,,,,,,,,,,,,,,,,False,False,False,False,False,False,0,0,0,insufficient_evidence
price_family_ma9_structural_linked,20901_montgomery_county_md__zip,structural_price_level,median_sale_price,35,0,0.0,0.0,0.0,0.0,0.0,0.0,0.0,0,0,,,,,,,,,,,,,,,,,,,,,False,False,False,False,False,False,0,0,0,insufficient_evidence
price_family_ma9_structural_linked,20902_montgomery_county_md__zip,structural_price_level,median_ppsf,32,0,0.0,0.0,0.0,0.0,0.0,0.0,0.0,0,0,,,,,,,,,,,,,,,,,,,,,False,False,False,False,False,False,0,0,0,insufficient_evidence
price_family_ma9_structural_linked,20902_montgomery_county_md__zip,structural_price_level,median_sale_price,31,0,0.0,0.0,0.0,0.0,0.0,0.0,0.0,0,0,,,,,,,,,,,,,,,,,,,,,False,False,False,False,False,False,0,0,0,insufficient_evidence
price_family_ma9_structural_linked,20903_montgomery_county_md__zip,structural_price_level,median_ppsf,50,0,0.0,0.0,0.0,0.0,0.0,0.0,0.0,0,0,,,,,,,,,,,,,,,,,,,,,False,False,False,False,False,False,0,0,0,insufficient_evidence
price_family_ma9_structural_linked,20903_montgomery_county_md__zip,structural_price_level,median_sale_price,39,0,0.0,0.0,0.0,0.0,0.0,0.0,0.0,0,0,,,,,,,,,,,,,,,,,,,,,False,False,False,False,False,False,0,0,0,insufficient_evidence
price_family_ma9_structural_linked,20904_montgomery_county_md__zip,structural_price_level,median_ppsf,22,0,0.0,0.0,0.0,0.0,0.0,0.0,0.0,0,0,,,,,,,,,,,,,,,,,,,,,False,False,False,False,False,False,0,0,0,insufficient_evidence
price_family_ma9_structural_linked,20904_montgomery_county_md__zip,structural_price_level,median_sale_price,32,0,0.0,0.0,0.0,0.0,0.0,0.0,0.0,0,0,,,,,,,,,,,,,,,,,,,,,False,False,False,False,False,False,0,0,0,insufficient_evidence
price_family_ma9_structural_linked,20905_montgomery_county_md__zip,structural_price_level,median_ppsf,37,0,0.0,0.0,0.0,0.0,0.0,0.0,0.0,0,0,,,,,,,,,,,,,,,,,,,,,False,False,False,False,False,False,0,0,0,insufficient_evidence
price_family_ma9_structural_linked,20905_montgomery_county_md__zip,structural_price_level,median_sale_price,28,0,0.0,0.0,0.0,0.0,0.0,0.0,0.0,0,0,,,,,,,,,,,,,,,,,,,,,False,False,False,False,False,False,0,0,0,insufficient_evidence
price_family_ma9_structural_linked,20906_montgomery_county_md__zip,structural_price_level,median_ppsf,31,0,0.0,0.0,0.0,0.0,0.0,0.0,0.0,0,0,,,,,,,,,,,,,,,,,,,,,False,False,False,False,False,False,0,0,0,insufficient_evidence
price_family_ma9_structural_linked,20906_montgomery_county_md__zip,structural_price_level,median_sale_price,40,0,0.0,0.0,0.0,0.0,0.0,0.0,0.0,0,0,,,,,,,,,,,,,,,,,,,,,False,False,False,False,False,False,0,0,0,insufficient_evidence
price_family_ma9_structural_linked,20907_montgomery_county_md__zip,structural_price_level,median_ppsf,10,0,0.0,0.0,0.0,0.0,0.0,0.0,0.0,0,0,,,,,,,,,,,,,,,,,,,,,False,False,False,False,False,False,0,0,0,insufficient_evidence
price_family_ma9_structural_linked,20907_montgomery_county_md__zip,structural_price_level,median_sale_price,4,0,0.0,0.0,0.0,0.0,0.0,0.0,0.0,0,0,,,,,,,,,,,,,,,,,,,,,False,False,False,False,False,False,0,0,0,insufficient_evidence
price_family_ma9_structural_linked,20910_montgomery_county_md__zip,structural_price_level,median_ppsf,34,0,0.0,0.0,0.0,0.0,0.0,0.0,0.0,0,0,,,,,,,,,,,,,,,,,,,,,False,False,False,False,False,False,0,0,0,insufficient_evidence
price_family_ma9_structural_linked,20910_montgomery_county_md__zip,structural_price_level,median_sale_price,48,0,0.0,0.0,0.0,0.0,0.0,0.0,0.0,0,0,,,,,,,,,,,,,,,,,,,,,False,False,False,False,False,False,0,0,0,insufficient_evidence
price_family_ma9_structural_linked,20912_montgomery_county_md__zip,structural_price_level,median_ppsf,35,0,0.0,0.0,0.0,0.0,0.0,0.0,0.0,0,0,,,,,,,,,,,,,,,,,,,,,False,False,False,False,False,False,0,0,0,insufficient_evidence
price_family_ma9_structural_linked,20912_montgomery_county_md__zip,structural_price_level,median_sale_price,43,0,0.0,0.0,0.0,0.0,0.0,0.0,0.0,0,0,,,,,,,,,,,,,,,,,,,,,False,False,False,False,False,False,0,0,0,insufficient_evidence
price_family_ma9_structural_linked,20913_montgomery_county_md__zip,structural_price_level,median_ppsf,7,0,0.0,0.0,0.0,0.0,0.0,0.0,0.0,0,0,,,,,,,,,,,,,,,,,,,,,False,False,False,False,False,False,0,0,0,insufficient_evidence
price_family_ma9_structural_linked,20913_montgomery_county_md__zip,structural_price_level,median_sale_price,4,0,0.0,0.0,0.0,0.0,0.0,0.0,0.0,0,0,,,,,,,,,,,,,,,,,,,,,False,False,False,False,False,False,0,0,0,insufficient_evidence
price_family_ma9_structural_linked,20914_montgomery_county_md__zip,structural_price_level,median_ppsf,4,0,0.0,0.0,0.0,0.0,0.0,0.0,0.0,0,0,,,,,,,,,,,,,,,,,,,,,False,False,False,False,False,False,0,0,0,insufficient_evidence
price_family_ma9_structural_linked,20914_montgomery_county_md__zip,structural_price_level,median_sale_price,3,0,0.0,0.0,0.0,0.0,0.0,0.0,0.0,0,0,,,,,,,,,,,,,,,,,,,,,False,False,False,False,False,False,0,0,0,insufficient_evidence
price_family_ma9_structural_linked,20918_montgomery_county_md__zip,structural_price_level,median_ppsf,9,0,0.0,0.0,0.0,0.0,0.0,0.0,0.0,0,0,,,,,,,,,,,,,,,,,,,,,False,False,False,False,False,False,0,0,0,insufficient_evidence
price_family_ma9_structural_linked,20918_montgomery_county_md__zip,structural_price_level,median_sale_price,10,0,0.0,0.0,0.0,0.0,0.0,0.0,0.0,0,0,,,,,,,,,,,,,,,,,,,,,False,False,False,False,False,False,0,0,0,insufficient_evidence
price_family_ma9_structural_linked,20993_montgomery_county_md__zip,structural_price_level,median_ppsf,3,0,0.0,0.0,0.0,0.0,0.0,0.0,0.0,0,0,,,,,,,,,,,,,,,,,,,,,False,False,False,False,False,False,0,0,0,insufficient_evidence
price_family_ma9_structural_linked,20993_montgomery_county_md__zip,structural_price_level,median_sale_price,4,0,0.0,0.0,0.0,0.0,0.0,0.0,0.0,0,0,,,,,,,,,,,,,,,,,,,,,False,False,False,False,False,False,0,0,0,insufficient_evidence
price_family_ma9_structural_linked,21771_montgomery_county_md__zip,structural_price_level,median_ppsf,36,0,0.0,0.0,0.0,0.0,0.0,0.0,0.0,0,0,,,,,,,,,,,,,,,,,,,,,False,False,False,False,False,False,0,0,0,insufficient_evidence
price_family_ma9_structural_linked,21771_montgomery_county_md__zip,structural_price_level,median_sale_price,34,0,0.0,0.0,0.0,0.0,0.0,0.0,0.0,0,0,,,,,,,,,,,,,,,,,,,,,False,False,False,False,False,False,0,0,0,insufficient_evidence
price_family_ma9_structural_linked,alameda_county_ca__county,axis,demand,2,1,0.0,0.0,0.0,0.0,0.0,0.0,0.0,0,0,0.1192798686158589,0.138755980861244,0.3253588516746411,0.9871352516609296,0.0281620241923231,0.116104668170466,0.138755980861244,0.2727272727272727,0.9733802486350933,0.026619751364906685,0.0,-0.05263157894736842,0.1049074432802044,11.0,2.0,0.0877267732021629,3.0,1.0,0.8362302088312983,0.16376979116870172,False,False,False,False,False,False,0,0,0,insufficient_evidence
price_family_ma9_structural_linked,alameda_county_ca__county,dimension,affordability,7,8,3.0,3.5,4.800000000000001,6.0,0.7142857142857143,0.14285714285714285,0.0,0,1,0.2482153610994992,0.2325581395348837,0.1627906976744186,0.7361735087375136,0.2568408829294729,0.1021047996774867,0.0542635658914728,0.1472868217054263,0.4113556841333327,0.5886443158666673,-0.1782945736434109,-0.015503875968992276,0.3349838447957198,1.0,12.0,0.3032510598872066,9.0,12.0,0.9052707006576256,0.0947292993423744,False,False,False,False,False,False,0,0,0,insufficient_evidence
price_family_ma9_structural_linked,alameda_county_ca__county,dimension,price,6,8,4.0,5.0,7.0,9.0,1.0,0.16666666666666666,0.0,3,0,0.2634360583149734,0.3428571428571428,0.2,0.4088588099117676,0.3506718633098231,0.1038355004378197,0.1287878787878787,0.1742424242424242,0.39415826786198843,0.6058417321380116,-0.2140692640692641,-0.025757575757575812,0.3459115625549143,8.0,2.0,0.1075278451963933,3.0,12.0,0.3108535730988264,0.6891464269011736,False,False,False,False,False,False,0,0,0,insufficient_evidence
price_family_ma9_structural_linked,alameda_county_ca__county,metric,median_ppsf,6,8,3.5,4.0,5.0,6.0,0.8333333333333334,0.16666666666666666,0.0,0,0,0.2745778396966519,0.2826086956521739,0.1666666666666666,0.4514012169847197,0.3486086554438261,0.0999962338313665,0.1153846153846153,0.2,0.36418173419180633,0.6358182658081937,-0.16722408026755858,0.03333333333333341,0.2878380563732437,3.0,2.0,0.1010483725814668,2.0,8.0,0.3510598072217245,0.6489401927782755,True,False,False,False,False,False,0,0,0,retain_current_reference
price_family_ma9_structural_linked,alameda_county_ca__county,metric,median_sale_price,7,8,4.0,7.0,9.4,10.0,1.0,0.2857142857142857,0.0,5,0,0.3306348971089179,0.4057971014492754,0.1521739130434782,0.3467323247302924,0.3724085809741752,0.1134088274260484,0.1153846153846153,0.1538461538461538,0.34300319905036886,0.6569968009496312,-0.2904124860646601,0.001672240802675612,0.3847788762114099,8.0,2.0,0.1459384700978937,3.0,1.0,0.37927879912438445,0.6207212008756156,True,True,False,False,False,False,1,0,1,retain_current_reference
price_family_ma9_structural_linked,alameda_county_ca__county,metric,payment_burden,5,4,7.0,9.0,9.6,10.0,0.6,0.6,0.0,3,0,0.2381362213386464,0.1259842519685039,0.0944881889763779,0.825654700533594,0.2151645106326279,0.1171892751831312,0.0787401574803149,0.1338582677165354,0.49211024901785033,0.5078897509821496,-0.047244094488189003,0.039370078740157494,0.3089591029174209,9.0,12.0,0.2339604252523306,5.0,12.0,0.7572537045942418,0.2427462954057582,True,True,False,False,False,False,1,0,1,retain_current_reference
price_family_ma9_structural_linked,alameda_county_ca__county,metric,price_to_income,7,6,3.0,3.0,3.4000000000000004,4.0,0.5714285714285714,0.0,0.0,0,0,0.2790874634971916,0.2519685039370078,0.1811023622047244,0.7182915928239041,0.2897959589528985,0.1099338174669939,0.0708661417322834,0.0708661417322834,0.39390453476280973,0.6060954652371903,-0.18110236220472442,-0.110236220472441,0.3737423217361225,1.0,12.0,0.3524112441129927,7.0,12.0,0.9429257100880579,0.05707428991194208,True,False,False,False,False,False,0,0,0,retain_current_reference
price_family_ma9_structural_linked,alameda_county_ca__county,structural_price_level,median_ppsf,22,0,0.0,0.0,0.0,0.0,0.0,0.0,0.0,0,0,,,,,,,,,,,,,,,,,,,,,False,False,False,False,False,False,0,0,0,insufficient_evidence
price_family_ma9_structural_linked,alameda_county_ca__county,structural_price_level,median_sale_price,28,0,0.0,0.0,0.0,0.0,0.0,0.0,0.0,0,0,,,,,,,,,,,,,,,,,,,,,False,False,False,False,False,False,0,0,0,insufficient_evidence
price_family_ma9_structural_linked,albemarle_county_va__county,structural_price_level,median_ppsf,50,0,0.0,0.0,0.0,0.0,0.0,0.0,0.0,0,0,,,,,,,,,,,,,,,,,,,,,False,False,False,False,False,False,0,0,0,insufficient_evidence
price_family_ma9_structural_linked,albemarle_county_va__county,structural_price_level,median_sale_price,65,0,0.0,0.0,0.0,0.0,0.0,0.0,0.0,0,0,,,,,,,,,,,,,,,,,,,,,False,False,False,False,False,False,0,0,0,insufficient_evidence
price_family_ma9_structural_linked,alexandria_va__county,structural_price_level,median_ppsf,64,0,0.0,0.0,0.0,0.0,0.0,0.0,0.0,0,0,,,,,,,,,,,,,,,,,,,,,False,False,False,False,False,False,0,0,0,insufficient_evidence
price_family_ma9_structural_linked,alexandria_va__county,structural_price_level,median_sale_price,70,0,0.0,0.0,0.0,0.0,0.0,0.0,0.0,0,0,,,,,,,,,,,,,,,,,,,,,False,False,False,False,False,False,0,0,0,insufficient_evidence
price_family_ma9_structural_linked,allegany_county_md__county,structural_price_level,median_ppsf,68,0,0.0,0.0,0.0,0.0,0.0,0.0,0.0,0,0,,,,,,,,,,,,,,,,,,,,,False,False,False,False,False,False,0,0,0,insufficient_evidence
price_family_ma9_structural_linked,allegany_county_md__county,structural_price_level,median_sale_price,64,0,0.0,0.0,0.0,0.0,0.0,0.0,0.0,0,0,,,,,,,,,,,,,,,,,,,,,False,False,False,False,False,False,0,0,0,insufficient_evidence
price_family_ma9_structural_linked,amelia_county_va__county,structural_price_level,median_ppsf,70,0,0.0,0.0,0.0,0.0,0.0,0.0,0.0,0,0,,,,,,,,,,,,,,,,,,,,,False,False,False,False,False,False,0,0,0,insufficient_evidence
price_family_ma9_structural_linked,amelia_county_va__county,structural_price_level,median_sale_price,71,0,0.0,0.0,0.0,0.0,0.0,0.0,0.0,0,0,,,,,,,,,,,,,,,,,,,,,False,False,False,False,False,False,0,0,0,insufficient_evidence
price_family_ma9_structural_linked,amherst_county_va__county,structural_price_level,median_ppsf,71,0,0.0,0.0,0.0,0.0,0.0,0.0,0.0,0,0,,,,,,,,,,,,,,,,,,,,,False,False,False,False,False,False,0,0,0,insufficient_evidence
price_family_ma9_structural_linked,amherst_county_va__county,structural_price_level,median_sale_price,78,0,0.0,0.0,0.0,0.0,0.0,0.0,0.0,0,0,,,,,,,,,,,,,,,,,,,,,False,False,False,False,False,False,0,0,0,insufficient_evidence
price_family_ma9_structural_linked,anaheim_ca_metro_area__cbsa_metro,structural_price_level,median_ppsf,6,0,0.0,0.0,0.0,0.0,0.0,0.0,0.0,0,0,,,,,,,,,,,,,,,,,,,,,False,False,False,False,False,False,0,0,0,insufficient_evidence
price_family_ma9_structural_linked,anaheim_ca_metro_area__cbsa_metro,structural_price_level,median_sale_price,18,0,0.0,0.0,0.0,0.0,0.0,0.0,0.0,0,0,,,,,,,,,,,,,,,,,,,,,False,False,False,False,False,False,0,0,0,insufficient_evidence
price_family_ma9_structural_linked,anne_arundel_county_md__county,structural_price_level,median_ppsf,34,0,0.0,0.0,0.0,0.0,0.0,0.0,0.0,0,0,,,,,,,,,,,,,,,,,,,,,False,False,False,False,False,False,0,0,0,insufficient_evidence
price_family_ma9_structural_linked,anne_arundel_county_md__county,structural_price_level,median_sale_price,38,0,0.0,0.0,0.0,0.0,0.0,0.0,0.0,0,0,,,,,,,,,,,,,,,,,,,,,False,False,False,False,False,False,0,0,0,insufficient_evidence
price_family_ma9_structural_linked,appomattox_county_va__county,structural_price_level,median_ppsf,56,0,0.0,0.0,0.0,0.0,0.0,0.0,0.0,0,0,,,,,,,,,,,,,,,,,,,,,False,False,False,False,False,False,0,0,0,insufficient_evidence
price_family_ma9_structural_linked,appomattox_county_va__county,structural_price_level,median_sale_price,63,0,0.0,0.0,0.0,0.0,0.0,0.0,0.0,0,0,,,,,,,,,,,,,,,,,,,,,False,False,False,False,False,False,0,0,0,insufficient_evidence
price_family_ma9_structural_linked,arlington_county_va__county,structural_price_level,median_ppsf,56,0,0.0,0.0,0.0,0.0,0.0,0.0,0.0,0,0,,,,,,,,,,,,,,,,,,,,,False,False,False,False,False,False,0,0,0,insufficient_evidence
price_family_ma9_structural_linked,arlington_county_va__county,structural_price_level,median_sale_price,53,0,0.0,0.0,0.0,0.0,0.0,0.0,0.0,0,0,,,,,,,,,,,,,,,,,,,,,False,False,False,False,False,False,0,0,0,insufficient_evidence
price_family_ma9_structural_linked,atlantic_city_nj_metro_area__cbsa_metro,structural_price_level,median_ppsf,36,0,0.0,0.0,0.0,0.0,0.0,0.0,0.0,0,0,,,,,,,,,,,,,,,,,,,,,False,False,False,False,False,False,0,0,0,insufficient_evidence
price_family_ma9_structural_linked,atlantic_city_nj_metro_area__cbsa_metro,structural_price_level,median_sale_price,45,0,0.0,0.0,0.0,0.0,0.0,0.0,0.0,0,0,,,,,,,,,,,,,,,,,,,,,False,False,False,False,False,False,0,0,0,insufficient_evidence
price_family_ma9_structural_linked,atlantic_county_nj__county,structural_price_level,median_ppsf,38,0,0.0,0.0,0.0,0.0,0.0,0.0,0.0,0,0,,,,,,,,,,,,,,,,,,,,,False,False,False,False,False,False,0,0,0,insufficient_evidence
price_family_ma9_structural_linked,atlantic_county_nj__county,structural_price_level,median_sale_price,46,0,0.0,0.0,0.0,0.0,0.0,0.0,0.0,0,0,,,,,,,,,,,,,,,,,,,,,False,False,False,False,False,False,0,0,0,insufficient_evidence
price_family_ma9_structural_linked,augusta_county_va__county,structural_price_level,median_ppsf,48,0,0.0,0.0,0.0,0.0,0.0,0.0,0.0,0,0,,,,,,,,,,,,,,,,,,,,,False,False,False,False,False,False,0,0,0,insufficient_evidence
price_family_ma9_structural_linked,augusta_county_va__county,structural_price_level,median_sale_price,57,0,0.0,0.0,0.0,0.0,0.0,0.0,0.0,0,0,,,,,,,,,,,,,,,,,,,,,False,False,False,False,False,False,0,0,0,insufficient_evidence
price_family_ma9_structural_linked,bakersfield_ca_metro_area__cbsa_metro,structural_price_level,median_ppsf,8,0,0.0,0.0,0.0,0.0,0.0,0.0,0.0,0,0,,,,,,,,,,,,,,,,,,,,,False,False,False,False,False,False,0,0,0,insufficient_evidence
price_family_ma9_structural_linked,bakersfield_ca_metro_area__cbsa_metro,structural_price_level,median_sale_price,30,0,0.0,0.0,0.0,0.0,0.0,0.0,0.0,0,0,,,,,,,,,,,,,,,,,,,,,False,False,False,False,False,False,0,0,0,insufficient_evidence
price_family_ma9_structural_linked,baltimore_city_county_md__county,structural_price_level,median_ppsf,36,0,0.0,0.0,0.0,0.0,0.0,0.0,0.0,0,0,,,,,,,,,,,,,,,,,,,,,False,False,False,False,False,False,0,0,0,insufficient_evidence
price_family_ma9_structural_linked,baltimore_city_county_md__county,structural_price_level,median_sale_price,37,0,0.0,0.0,0.0,0.0,0.0,0.0,0.0,0,0,,,,,,,,,,,,,,,,,,,,,False,False,False,False,False,False,0,0,0,insufficient_evidence
price_family_ma9_structural_linked,baltimore_county_md__county,structural_price_level,median_ppsf,26,0,0.0,0.0,0.0,0.0,0.0,0.0,0.0,0,0,,,,,,,,,,,,,,,,,,,,,False,False,False,False,False,False,0,0,0,insufficient_evidence
price_family_ma9_structural_linked,baltimore_county_md__county,structural_price_level,median_sale_price,41,0,0.0,0.0,0.0,0.0,0.0,0.0,0.0,0,0,,,,,,,,,,,,,,,,,,,,,False,False,False,False,False,False,0,0,0,insufficient_evidence
price_family_ma9_structural_linked,baltimore_md_metro_area__cbsa_metro,structural_price_level,median_ppsf,20,0,0.0,0.0,0.0,0.0,0.0,0.0,0.0,0,0,,,,,,,,,,,,,,,,,,,,,False,False,False,False,False,False,0,0,0,insufficient_evidence
price_family_ma9_structural_linked,baltimore_md_metro_area__cbsa_metro,structural_price_level,median_sale_price,28,0,0.0,0.0,0.0,0.0,0.0,0.0,0.0,0,0,,,,,,,,,,,,,,,,,,,,,False,False,False,False,False,False,0,0,0,insufficient_evidence
price_family_ma9_structural_linked,bedford_county_va__county,structural_price_level,median_ppsf,55,0,0.0,0.0,0.0,0.0,0.0,0.0,0.0,0,0,,,,,,,,,,,,,,,,,,,,,False,False,False,False,False,False,0,0,0,insufficient_evidence
price_family_ma9_structural_linked,bedford_county_va__county,structural_price_level,median_sale_price,65,0,0.0,0.0,0.0,0.0,0.0,0.0,0.0,0,0,,,,,,,,,,,,,,,,,,,,,False,False,False,False,False,False,0,0,0,insufficient_evidence
price_family_ma9_structural_linked,big_stone_gap_va_metro_area__cbsa_metro,structural_price_level,median_ppsf,58,0,0.0,0.0,0.0,0.0,0.0,0.0,0.0,0,0,,,,,,,,,,,,,,,,,,,,,False,False,False,False,False,False,0,0,0,insufficient_evidence
price_family_ma9_structural_linked,big_stone_gap_va_metro_area__cbsa_metro,structural_price_level,median_sale_price,67,0,0.0,0.0,0.0,0.0,0.0,0.0,0.0,0,0,,,,,,,,,,,,,,,,,,,,,False,False,False,False,False,False,0,0,0,insufficient_evidence
price_family_ma9_structural_linked,blacksburg_va_metro_area__cbsa_metro,structural_price_level,median_ppsf,61,0,0.0,0.0,0.0,0.0,0.0,0.0,0.0,0,0,,,,,,,,,,,,,,,,,,,,,False,False,False,False,False,False,0,0,0,insufficient_evidence
price_family_ma9_structural_linked,blacksburg_va_metro_area__cbsa_metro,structural_price_level,median_sale_price,64,0,0.0,0.0,0.0,0.0,0.0,0.0,0.0,0,0,,,,,,,,,,,,,,,,,,,,,False,False,False,False,False,False,0,0,0,insufficient_evidence
price_family_ma9_structural_linked,botetourt_county_va__county,structural_price_level,median_ppsf,70,0,0.0,0.0,0.0,0.0,0.0,0.0,0.0,0,0,,,,,,,,,,,,,,,,,,,,,False,False,False,False,False,False,0,0,0,insufficient_evidence
price_family_ma9_structural_linked,botetourt_county_va__county,structural_price_level,median_sale_price,69,0,0.0,0.0,0.0,0.0,0.0,0.0,0.0,0,0,,,,,,,,,,,,,,,,,,,,,False,False,False,False,False,False,0,0,0,insufficient_evidence
price_family_ma9_structural_linked,burlington_county_nj__county,structural_price_level,median_ppsf,25,0,0.0,0.0,0.0,0.0,0.0,0.0,0.0,0,0,,,,,,,,,,,,,,,,,,,,,False,False,False,False,False,False,0,0,0,insufficient_evidence
price_family_ma9_structural_linked,burlington_county_nj__county,structural_price_level,median_sale_price,30,0,0.0,0.0,0.0,0.0,0.0,0.0,0.0,0,0,,,,,,,,,,,,,,,,,,,,,False,False,False,False,False,False,0,0,0,insufficient_evidence
price_family_ma9_structural_linked,butte_county_ca__county,structural_price_level,median_ppsf,35,0,0.0,0.0,0.0,0.0,0.0,0.0,0.0,0,0,,,,,,,,,,,,,,,,,,,,,False,False,False,False,False,False,0,0,0,insufficient_evidence
price_family_ma9_structural_linked,butte_county_ca__county,structural_price_level,median_sale_price,38,0,0.0,0.0,0.0,0.0,0.0,0.0,0.0,0,0,,,,,,,,,,,,,,,,,,,,,False,False,False,False,False,False,0,0,0,insufficient_evidence
price_family_ma9_structural_linked,california__state,structural_price_level,median_ppsf,10,0,0.0,0.0,0.0,0.0,0.0,0.0,0.0,0,0,,,,,,,,,,,,,,,,,,,,,False,False,False,False,False,False,0,0,0,insufficient_evidence
price_family_ma9_structural_linked,california__state,structural_price_level,median_sale_price,26,0,0.0,0.0,0.0,0.0,0.0,0.0,0.0,0,0,,,,,,,,,,,,,,,,,,,,,False,False,False,False,False,False,0,0,0,insufficient_evidence
price_family_ma9_structural_linked,california_md_metro_area__cbsa_metro,structural_price_level,median_ppsf,56,0,0.0,0.0,0.0,0.0,0.0,0.0,0.0,0,0,,,,,,,,,,,,,,,,,,,,,False,False,False,False,False,False,0,0,0,insufficient_evidence
price_family_ma9_structural_linked,california_md_metro_area__cbsa_metro,structural_price_level,median_sale_price,49,0,0.0,0.0,0.0,0.0,0.0,0.0,0.0,0,0,,,,,,,,,,,,,,,,,,,,,False,False,False,False,False,False,0,0,0,insufficient_evidence
price_family_ma9_structural_linked,calvert_county_md__county,structural_price_level,median_ppsf,62,0,0.0,0.0,0.0,0.0,0.0,0.0,0.0,0,0,,,,,,,,,,,,,,,,,,,,,False,False,False,False,False,False,0,0,0,insufficient_evidence
price_family_ma9_structural_linked,calvert_county_md__county,structural_price_level,median_sale_price,61,0,0.0,0.0,0.0,0.0,0.0,0.0,0.0,0,0,,,,,,,,,,,,,,,,,,,,,False,False,False,False,False,False,0,0,0,insufficient_evidence
price_family_ma9_structural_linked,cambridge_md_metro_area__cbsa_metro,structural_price_level,median_ppsf,78,0,0.0,0.0,0.0,0.0,0.0,0.0,0.0,0,0,,,,,,,,,,,,,,,,,,,,,False,False,False,False,False,False,0,0,0,insufficient_evidence
price_family_ma9_structural_linked,cambridge_md_metro_area__cbsa_metro,structural_price_level,median_sale_price,68,0,0.0,0.0,0.0,0.0,0.0,0.0,0.0,0,0,,,,,,,,,,,,,,,,,,,,,False,False,False,False,False,False,0,0,0,insufficient_evidence
price_family_ma9_structural_linked,camden_county_nj__county,structural_price_level,median_ppsf,33,0,0.0,0.0,0.0,0.0,0.0,0.0,0.0,0,0,,,,,,,,,,,,,,,,,,,,,False,False,False,False,False,False,0,0,0,insufficient_evidence
price_family_ma9_structural_linked,camden_county_nj__county,structural_price_level,median_sale_price,41,0,0.0,0.0,0.0,0.0,0.0,0.0,0.0,0,0,,,,,,,,,,,,,,,,,,,,,False,False,False,False,False,False,0,0,0,insufficient_evidence
price_family_ma9_structural_linked,camden_nj_metro_area__cbsa_metro,structural_price_level,median_ppsf,19,0,0.0,0.0,0.0,0.0,0.0,0.0,0.0,0,0,,,,,,,,,,,,,,,,,,,,,False,False,False,False,False,False,0,0,0,insufficient_evidence
price_family_ma9_structural_linked,camden_nj_metro_area__cbsa_metro,structural_price_level,median_sale_price,30,0,0.0,0.0,0.0,0.0,0.0,0.0,0.0,0,0,,,,,,,,,,,,,,,,,,,,,False,False,False,False,False,False,0,0,0,insufficient_evidence
price_family_ma9_structural_linked,campbell_county_va__county,structural_price_level,median_ppsf,52,0,0.0,0.0,0.0,0.0,0.0,0.0,0.0,0,0,,,,,,,,,,,,,,,,,,,,,False,False,False,False,False,False,0,0,0,insufficient_evidence
price_family_ma9_structural_linked,campbell_county_va__county,structural_price_level,median_sale_price,55,0,0.0,0.0,0.0,0.0,0.0,0.0,0.0,0,0,,,,,,,,,,,,,,,,,,,,,False,False,False,False,False,False,0,0,0,insufficient_evidence
price_family_ma9_structural_linked,cape_may_county_nj__county,structural_price_level,median_ppsf,61,0,0.0,0.0,0.0,0.0,0.0,0.0,0.0,0,0,,,,,,,,,,,,,,,,,,,,,False,False,False,False,False,False,0,0,0,insufficient_evidence
price_family_ma9_structural_linked,cape_may_county_nj__county,structural_price_level,median_sale_price,69,0,0.0,0.0,0.0,0.0,0.0,0.0,0.0,0,0,,,,,,,,,,,,,,,,,,,,,False,False,False,False,False,False,0,0,0,insufficient_evidence
price_family_ma9_structural_linked,carroll_county_md__county,structural_price_level,median_ppsf,49,0,0.0,0.0,0.0,0.0,0.0,0.0,0.0,0,0,,,,,,,,,,,,,,,,,,,,,False,False,False,False,False,False,0,0,0,insufficient_evidence
price_family_ma9_structural_linked,carroll_county_md__county,structural_price_level,median_sale_price,60,0,0.0,0.0,0.0,0.0,0.0,0.0,0.0,0,0,,,,,,,,,,,,,,,,,,,,,False,False,False,False,False,False,0,0,0,insufficient_evidence
price_family_ma9_structural_linked,charles_city_county_va__county,structural_price_level,median_ppsf,65,0,0.0,0.0,0.0,0.0,0.0,0.0,0.0,0,0,,,,,,,,,,,,,,,,,,,,,False,False,False,False,False,False,0,0,0,insufficient_evidence
price_family_ma9_structural_linked,charles_city_county_va__county,structural_price_level,median_sale_price,72,0,0.0,0.0,0.0,0.0,0.0,0.0,0.0,0,0,,,,,,,,,,,,,,,,,,,,,False,False,False,False,False,False,0,0,0,insufficient_evidence
price_family_ma9_structural_linked,charles_county_md__county,structural_price_level,median_ppsf,42,0,0.0,0.0,0.0,0.0,0.0,0.0,0.0,0,0,,,,,,,,,,,,,,,,,,,,,False,False,False,False,False,False,0,0,0,insufficient_evidence
price_family_ma9_structural_linked,charles_county_md__county,structural_price_level,median_sale_price,43,0,0.0,0.0,0.0,0.0,0.0,0.0,0.0,0,0,,,,,,,,,,,,,,,,,,,,,False,False,False,False,False,False,0,0,0,insufficient_evidence
price_family_ma9_structural_linked,charlottesville_va__county,structural_price_level,median_ppsf,62,0,0.0,0.0,0.0,0.0,0.0,0.0,0.0,0,0,,,,,,,,,,,,,,,,,,,,,False,False,False,False,False,False,0,0,0,insufficient_evidence
price_family_ma9_structural_linked,charlottesville_va__county,structural_price_level,median_sale_price,78,0,0.0,0.0,0.0,0.0,0.0,0.0,0.0,0,0,,,,,,,,,,,,,,,,,,,,,False,False,False,False,False,False,0,0,0,insufficient_evidence
price_family_ma9_structural_linked,charlottesville_va_metro_area__cbsa_metro,structural_price_level,median_ppsf,29,0,0.0,0.0,0.0,0.0,0.0,0.0,0.0,0,0,,,,,,,,,,,,,,,,,,,,,False,False,False,False,False,False,0,0,0,insufficient_evidence
price_family_ma9_structural_linked,charlottesville_va_metro_area__cbsa_metro,structural_price_level,median_sale_price,55,0,0.0,0.0,0.0,0.0,0.0,0.0,0.0,0,0,,,,,,,,,,,,,,,,,,,,,False,False,False,False,False,False,0,0,0,insufficient_evidence
price_family_ma9_structural_linked,chesapeake_va__county,structural_price_level,median_ppsf,24,0,0.0,0.0,0.0,0.0,0.0,0.0,0.0,0,0,,,,,,,,,,,,,,,,,,,,,False,False,False,False,False,False,0,0,0,insufficient_evidence
price_family_ma9_structural_linked,chesapeake_va__county,structural_price_level,median_sale_price,31,0,0.0,0.0,0.0,0.0,0.0,0.0,0.0,0,0,,,,,,,,,,,,,,,,,,,,,False,False,False,False,False,False,0,0,0,insufficient_evidence
price_family_ma9_structural_linked,chesterfield_county_va__county,structural_price_level,median_ppsf,16,0,0.0,0.0,0.0,0.0,0.0,0.0,0.0,0,0,,,,,,,,,,,,,,,,,,,,,False,False,False,False,False,False,0,0,0,insufficient_evidence
price_family_ma9_structural_linked,chesterfield_county_va__county,structural_price_level,median_sale_price,43,0,0.0,0.0,0.0,0.0,0.0,0.0,0.0,0,0,,,,,,,,,,,,,,,,,,,,,False,False,False,False,False,False,0,0,0,insufficient_evidence
price_family_ma9_structural_linked,chico_ca_metro_area__cbsa_metro,structural_price_level,median_ppsf,35,0,0.0,0.0,0.0,0.0,0.0,0.0,0.0,0,0,,,,,,,,,,,,,,,,,,,,,False,False,False,False,False,False,0,0,0,insufficient_evidence
price_family_ma9_structural_linked,chico_ca_metro_area__cbsa_metro,structural_price_level,median_sale_price,39,0,0.0,0.0,0.0,0.0,0.0,0.0,0.0,0,0,,,,,,,,,,,,,,,,,,,,,False,False,False,False,False,False,0,0,0,insufficient_evidence
price_family_ma9_structural_linked,clarke_county_va__county,structural_price_level,median_ppsf,66,0,0.0,0.0,0.0,0.0,0.0,0.0,0.0,0,0,,,,,,,,,,,,,,,,,,,,,False,False,False,False,False,False,0,0,0,insufficient_evidence
price_family_ma9_structural_linked,clarke_county_va__county,structural_price_level,median_sale_price,68,0,0.0,0.0,0.0,0.0,0.0,0.0,0.0,0,0,,,,,,,,,,,,,,,,,,,,,False,False,False,False,False,False,0,0,0,insufficient_evidence
price_family_ma9_structural_linked,clearlake_ca_metro_area__cbsa_metro,structural_price_level,median_ppsf,37,0,0.0,0.0,0.0,0.0,0.0,0.0,0.0,0,0,,,,,,,,,,,,,,,,,,,,,False,False,False,False,False,False,0,0,0,insufficient_evidence
price_family_ma9_structural_linked,clearlake_ca_metro_area__cbsa_metro,structural_price_level,median_sale_price,66,0,0.0,0.0,0.0,0.0,0.0,0.0,0.0,0,0,,,,,,,,,,,,,,,,,,,,,False,False,False,False,False,False,0,0,0,insufficient_evidence
price_family_ma9_structural_linked,colonial_heights_va__county,structural_price_level,median_ppsf,74,0,0.0,0.0,0.0,0.0,0.0,0.0,0.0,0,0,,,,,,,,,,,,,,,,,,,,,False,False,False,False,False,False,0,0,0,insufficient_evidence
price_family_ma9_structural_linked,colonial_heights_va__county,structural_price_level,median_sale_price,73,0,0.0,0.0,0.0,0.0,0.0,0.0,0.0,0,0,,,,,,,,,,,,,,,,,,,,,False,False,False,False,False,False,0,0,0,insufficient_evidence
price_family_ma9_structural_linked,contra_costa_county_ca__county,structural_price_level,median_ppsf,28,0,0.0,0.0,0.0,0.0,0.0,0.0,0.0,0,0,,,,,,,,,,,,,,,,,,,,,False,False,False,False,False,False,0,0,0,insufficient_evidence
price_family_ma9_structural_linked,contra_costa_county_ca__county,structural_price_level,median_sale_price,33,0,0.0,0.0,0.0,0.0,0.0,0.0,0.0,0,0,,,,,,,,,,,,,,,,,,,,,False,False,False,False,False,False,0,0,0,insufficient_evidence
price_family_ma9_structural_linked,craig_county_va__county,structural_price_level,median_ppsf,74,0,0.0,0.0,0.0,0.0,0.0,0.0,0.0,0,0,,,,,,,,,,,,,,,,,,,,,False,False,False,False,False,False,0,0,0,insufficient_evidence
price_family_ma9_structural_linked,craig_county_va__county,structural_price_level,median_sale_price,79,0,0.0,0.0,0.0,0.0,0.0,0.0,0.0,0,0,,,,,,,,,,,,,,,,,,,,,False,False,False,False,False,False,0,0,0,insufficient_evidence
price_family_ma9_structural_linked,crescent_city_ca_metro_area__cbsa_metro,structural_price_level,median_ppsf,62,0,0.0,0.0,0.0,0.0,0.0,0.0,0.0,0,0,,,,,,,,,,,,,,,,,,,,,False,False,False,False,False,False,0,0,0,insufficient_evidence
price_family_ma9_structural_linked,crescent_city_ca_metro_area__cbsa_metro,structural_price_level,median_sale_price,80,0,0.0,0.0,0.0,0.0,0.0,0.0,0.0,0,0,,,,,,,,,,,,,,,,,,,,,False,False,False,False,False,False,0,0,0,insufficient_evidence
price_family_ma9_structural_linked,culpeper_county_va__county,structural_price_level,median_ppsf,62,0,0.0,0.0,0.0,0.0,0.0,0.0,0.0,0,0,,,,,,,,,,,,,,,,,,,,,False,False,False,False,False,False,0,0,0,insufficient_evidence
price_family_ma9_structural_linked,culpeper_county_va__county,structural_price_level,median_sale_price,53,0,0.0,0.0,0.0,0.0,0.0,0.0,0.0,0,0,,,,,,,,,,,,,,,,,,,,,False,False,False,False,False,False,0,0,0,insufficient_evidence
price_family_ma9_structural_linked,cumberland_county_nj__county,structural_price_level,median_ppsf,49,0,0.0,0.0,0.0,0.0,0.0,0.0,0.0,0,0,,,,,,,,,,,,,,,,,,,,,False,False,False,False,False,False,0,0,0,insufficient_evidence
price_family_ma9_structural_linked,cumberland_county_nj__county,structural_price_level,median_sale_price,53,0,0.0,0.0,0.0,0.0,0.0,0.0,0.0,0,0,,,,,,,,,,,,,,,,,,,,,False,False,False,False,False,False,0,0,0,insufficient_evidence
price_family_ma9_structural_linked,cumberland_md_metro_area__cbsa_metro,structural_price_level,median_ppsf,62,0,0.0,0.0,0.0,0.0,0.0,0.0,0.0,0,0,,,,,,,,,,,,,,,,,,,,,False,False,False,False,False,False,0,0,0,insufficient_evidence
price_family_ma9_structural_linked,cumberland_md_metro_area__cbsa_metro,structural_price_level,median_sale_price,67,0,0.0,0.0,0.0,0.0,0.0,0.0,0.0,0,0,,,,,,,,,,,,,,,,,,,,,False,False,False,False,False,False,0,0,0,insufficient_evidence
price_family_ma9_structural_linked,danville_va__county,structural_price_level,median_ppsf,57,0,0.0,0.0,0.0,0.0,0.0,0.0,0.0,0,0,,,,,,,,,,,,,,,,,,,,,False,False,False,False,False,False,0,0,0,insufficient_evidence
price_family_ma9_structural_linked,danville_va__county,structural_price_level,median_sale_price,76,0,0.0,0.0,0.0,0.0,0.0,0.0,0.0,0,0,,,,,,,,,,,,,,,,,,,,,False,False,False,False,False,False,0,0,0,insufficient_evidence
price_family_ma9_structural_linked,danville_va_metro_area__cbsa_metro,structural_price_level,median_ppsf,56,0,0.0,0.0,0.0,0.0,0.0,0.0,0.0,0,0,,,,,,,,,,,,,,,,,,,,,False,False,False,False,False,False,0,0,0,insufficient_evidence
price_family_ma9_structural_linked,danville_va_metro_area__cbsa_metro,structural_price_level,median_sale_price,68,0,0.0,0.0,0.0,0.0,0.0,0.0,0.0,0,0,,,,,,,,,,,,,,,,,,,,,False,False,False,False,False,False,0,0,0,insufficient_evidence
price_family_ma9_structural_linked,del_norte_county_ca__county,structural_price_level,median_ppsf,64,0,0.0,0.0,0.0,0.0,0.0,0.0,0.0,0,0,,,,,,,,,,,,,,,,,,,,,False,False,False,False,False,False,0,0,0,insufficient_evidence
price_family_ma9_structural_linked,del_norte_county_ca__county,structural_price_level,median_sale_price,82,0,0.0,0.0,0.0,0.0,0.0,0.0,0.0,0,0,,,,,,,,,,,,,,,,,,,,,False,False,False,False,False,False,0,0,0,insufficient_evidence
price_family_ma9_structural_linked,dinwiddie_county_va__county,structural_price_level,median_ppsf,78,0,0.0,0.0,0.0,0.0,0.0,0.0,0.0,0,0,,,,,,,,,,,,,,,,,,,,,False,False,False,False,False,False,0,0,0,insufficient_evidence
price_family_ma9_structural_linked,dinwiddie_county_va__county,structural_price_level,median_sale_price,67,0,0.0,0.0,0.0,0.0,0.0,0.0,0.0,0,0,,,,,,,,,,,,,,,,,,,,,False,False,False,False,False,False,0,0,0,insufficient_evidence
price_family_ma9_structural_linked,district_of_columbia__state,structural_price_level,median_ppsf,52,0,0.0,0.0,0.0,0.0,0.0,0.0,0.0,0,0,,,,,,,,,,,,,,,,,,,,,False,False,False,False,False,False,0,0,0,insufficient_evidence
price_family_ma9_structural_linked,district_of_columbia__state,structural_price_level,median_sale_price,48,0,0.0,0.0,0.0,0.0,0.0,0.0,0.0,0,0,,,,,,,,,,,,,,,,,,,,,False,False,False,False,False,False,0,0,0,insufficient_evidence
price_family_ma9_structural_linked,district_of_columbia_dc__county,axis,demand,3,1,0.0,0.0,0.0,0.0,0.0,0.0,0.0,0,0,0.1145252093298042,0.2248803827751196,0.430622009569378,0.9723527179676528,0.0291485444703065,0.1112990377839189,0.2344497607655502,0.4114832535885167,0.9718300314422939,0.02816996855770615,0.009569377990430616,-0.019138755980861344,0.1191926682360432,6.0,8.0,0.102047702298225,6.0,8.0,0.85615754566493,0.14384245433507004,False,False,False,False,False,False,0,0,0,insufficient_evidence
price_family_ma9_structural_linked,district_of_columbia_dc__county,dimension,affordability,4,10,1.5,3.0,3.0,3.0,0.5,0.0,0.0,0,0,0.3889078872620067,0.4186046511627907,0.2325581395348837,0.6276301859654678,0.2891130080300164,0.130213026505895,0.1395348837209302,0.1937984496124031,0.334817139921286,0.665182860078714,-0.2790697674418605,-0.03875968992248058,0.3967317433969762,8.0,2.0,0.4142082765737009,9.0,12.0,1.0440512599951888,-0.044051259995188774,False,False,False,False,False,False,0,0,0,insufficient_evidence
price_family_ma9_structural_linked,district_of_columbia_dc__county,dimension,price,6,10,2.0,2.0,4.0,6.0,0.16666666666666666,0.16666666666666666,0.0,0,0,0.4048414661548564,0.5142857142857142,0.2,0.2915732668322268,0.3658055769881465,0.1326866886855695,0.1439393939393939,0.1969696969696969,0.3277497484282288,0.6722502515717712,-0.3703463203463203,-0.0030303030303031053,0.591547035188478,8.0,2.0,0.1460552405414897,12.0,1.0,0.24690385016460062,0.7530961498353994,False,False,False,False,False,False,0,0,0,insufficient_evidence
price_family_ma9_structural_linked,district_of_columbia_dc__county,metric,median_ppsf,7,8,3.0,4.5,5.4,6.0,0.7142857142857143,0.14285714285714285,0.0,0,0,0.4725209444327296,0.5652173913043478,0.1594202898550724,0.3629714818080682,0.3994060279559676,0.1262358974825083,0.1,0.1846153846153846,0.26715407850133904,0.7328459214986609,-0.4652173913043478,0.025195094760312203,0.4683122059376684,6.0,2.0,0.1174518999526348,4.0,12.0,0.2507982889693621,0.7492017110306379,True,False,False,False,False,False,0,0,0,retain_current_reference
price_family_ma9_structural_linked,district_of_columbia_dc__county,metric,median_sale_price,3,16,1.0,2.0,2.6,3.0,0.3333333333333333,0.0,0.0,0,0,0.5349538966584182,0.5362318840579711,0.1666666666666666,0.2487545113663319,0.4370062221777623,0.1966411833656107,0.2,0.1615384615384615,0.367585290235153,0.6324147097648469,-0.33623188405797105,-0.00512820512820511,0.5567538785475652,8.0,2.0,0.1771903775978466,3.0,1.0,0.31825620696185,0.68174379303815,False,False,False,False,False,False,0,0,0,insufficient_evidence
price_family_ma9_structural_linked,district_of_columbia_dc__county,metric,payment_burden,5,8,3.0,6.0,9.600000000000001,12.0,0.6,0.4,0.2,1,0,0.368120832254225,0.2834645669291338,0.0944881889763779,0.8065756008102614,0.2486942055810447,0.1450573255619096,0.1102362204724409,0.1338582677165354,0.39404812999480754,0.6059518700051925,-0.17322834645669288,0.039370078740157494,0.3998940714972961,8.0,2.0,0.3297213600337074,7.0,12.0,0.8245217509705862,0.17547824902941378,True,True,False,False,False,False,1,0,1,retain_current_reference
price_family_ma9_structural_linked,district_of_columbia_dc__county,metric,price_to_income,6,8,2.0,4.5,8.5,12.0,0.5,0.16666666666666666,0.16666666666666666,2,0,0.4396433993380961,0.4251968503937008,0.1417322834645669,0.6676227407416028,0.3340208515639983,0.1481767574030382,0.0551181102362204,0.0629921259842519,0.3370385126357528,0.6629614873642472,-0.37007874015748043,-0.078740157480315,0.4020681866845439,8.0,10.0,0.4900581559093841,3.0,12.0,1.218843400544584,-0.21884340054458407,True,False,False,False,False,False,0,0,0,retain_current_reference
price_family_ma9_structural_linked,district_of_columbia_dc__county,structural_price_level,median_ppsf,42,0,0.0,0.0,0.0,0.0,0.0,0.0,0.0,0,0,,,,,,,,,,,,,,,,,,,,,False,False,False,False,False,False,0,0,0,insufficient_evidence
price_family_ma9_structural_linked,district_of_columbia_dc__county,structural_price_level,median_sale_price,49,0,0.0,0.0,0.0,0.0,0.0,0.0,0.0,0,0,,,,,,,,,,,,,,,,,,,,,False,False,False,False,False,False,0,0,0,insufficient_evidence
price_family_ma9_structural_linked,dorchester_county_md__county,structural_price_level,median_ppsf,77,0,0.0,0.0,0.0,0.0,0.0,0.0,0.0,0,0,,,,,,,,,,,,,,,,,,,,,False,False,False,False,False,False,0,0,0,insufficient_evidence
price_family_ma9_structural_linked,dorchester_county_md__county,structural_price_level,median_sale_price,69,0,0.0,0.0,0.0,0.0,0.0,0.0,0.0,0,0,,,,,,,,,,,,,,,,,,,,,False,False,False,False,False,False,0,0,0,insufficient_evidence
price_family_ma9_structural_linked,easton_md_metro_area__cbsa_metro,structural_price_level,median_ppsf,77,0,0.0,0.0,0.0,0.0,0.0,0.0,0.0,0,0,,,,,,,,,,,,,,,,,,,,,False,False,False,False,False,False,0,0,0,insufficient_evidence
price_family_ma9_structural_linked,easton_md_metro_area__cbsa_metro,structural_price_level,median_sale_price,69,0,0.0,0.0,0.0,0.0,0.0,0.0,0.0,0,0,,,,,,,,,,,,,,,,,,,,,False,False,False,False,False,False,0,0,0,insufficient_evidence
price_family_ma9_structural_linked,el_centro_ca_metro_area__cbsa_metro,structural_price_level,median_ppsf,33,0,0.0,0.0,0.0,0.0,0.0,0.0,0.0,0,0,,,,,,,,,,,,,,,,,,,,,False,False,False,False,False,False,0,0,0,insufficient_evidence
price_family_ma9_structural_linked,el_centro_ca_metro_area__cbsa_metro,structural_price_level,median_sale_price,60,0,0.0,0.0,0.0,0.0,0.0,0.0,0.0,0,0,,,,,,,,,,,,,,,,,,,,,False,False,False,False,False,False,0,0,0,insufficient_evidence
price_family_ma9_structural_linked,el_dorado_county_ca__county,structural_price_level,median_ppsf,28,0,0.0,0.0,0.0,0.0,0.0,0.0,0.0,0,0,,,,,,,,,,,,,,,,,,,,,False,False,False,False,False,False,0,0,0,insufficient_evidence
price_family_ma9_structural_linked,el_dorado_county_ca__county,structural_price_level,median_sale_price,40,0,0.0,0.0,0.0,0.0,0.0,0.0,0.0,0,0,,,,,,,,,,,,,,,,,,,,,False,False,False,False,False,False,0,0,0,insufficient_evidence
price_family_ma9_structural_linked,essex_county_nj__county,structural_price_level,median_ppsf,27,0,0.0,0.0,0.0,0.0,0.0,0.0,0.0,0,0,,,,,,,,,,,,,,,,,,,,,False,False,False,False,False,False,0,0,0,insufficient_evidence
price_family_ma9_structural_linked,essex_county_nj__county,structural_price_level,median_sale_price,21,0,0.0,0.0,0.0,0.0,0.0,0.0,0.0,0,0,,,,,,,,,,,,,,,,,,,,,False,False,False,False,False,False,0,0,0,insufficient_evidence
price_family_ma9_structural_linked,eureka_ca_metro_area__cbsa_metro,structural_price_level,median_ppsf,41,0,0.0,0.0,0.0,0.0,0.0,0.0,0.0,0,0,,,,,,,,,,,,,,,,,,,,,False,False,False,False,False,False,0,0,0,insufficient_evidence
price_family_ma9_structural_linked,eureka_ca_metro_area__cbsa_metro,structural_price_level,median_sale_price,45,0,0.0,0.0,0.0,0.0,0.0,0.0,0.0,0,0,,,,,,,,,,,,,,,,,,,,,False,False,False,False,False,False,0,0,0,insufficient_evidence
price_family_ma9_structural_linked,fairfax_city_county_va__county,structural_price_level,median_ppsf,73,0,0.0,0.0,0.0,0.0,0.0,0.0,0.0,0,0,,,,,,,,,,,,,,,,,,,,,False,False,False,False,False,False,0,0,0,insufficient_evidence
price_family_ma9_structural_linked,fairfax_city_county_va__county,structural_price_level,median_sale_price,73,0,0.0,0.0,0.0,0.0,0.0,0.0,0.0,0,0,,,,,,,,,,,,,,,,,,,,,False,False,False,False,False,False,0,0,0,insufficient_evidence
price_family_ma9_structural_linked,fairfax_county_va__county,structural_price_level,median_ppsf,22,0,0.0,0.0,0.0,0.0,0.0,0.0,0.0,0,0,,,,,,,,,,,,,,,,,,,,,False,False,False,False,False,False,0,0,0,insufficient_evidence
price_family_ma9_structural_linked,fairfax_county_va__county,structural_price_level,median_sale_price,34,0,0.0,0.0,0.0,0.0,0.0,0.0,0.0,0,0,,,,,,,,,,,,,,,,,,,,,False,False,False,False,False,False,0,0,0,insufficient_evidence
price_family_ma9_structural_linked,falls_church_va__county,structural_price_level,median_ppsf,73,0,0.0,0.0,0.0,0.0,0.0,0.0,0.0,0,0,,,,,,,,,,,,,,,,,,,,,False,False,False,False,False,False,0,0,0,insufficient_evidence
price_family_ma9_structural_linked,falls_church_va__county,structural_price_level,median_sale_price,72,0,0.0,0.0,0.0,0.0,0.0,0.0,0.0,0,0,,,,,,,,,,,,,,,,,,,,,False,False,False,False,False,False,0,0,0,insufficient_evidence
price_family_ma9_structural_linked,fauquier_county_va__county,structural_price_level,median_ppsf,55,0,0.0,0.0,0.0,0.0,0.0,0.0,0.0,0,0,,,,,,,,,,,,,,,,,,,,,False,False,False,False,False,False,0,0,0,insufficient_evidence
price_family_ma9_structural_linked,fauquier_county_va__county,structural_price_level,median_sale_price,60,0,0.0,0.0,0.0,0.0,0.0,0.0,0.0,0,0,,,,,,,,,,,,,,,,,,,,,False,False,False,False,False,False,0,0,0,insufficient_evidence
price_family_ma9_structural_linked,fluvanna_county_va__county,structural_price_level,median_ppsf,50,0,0.0,0.0,0.0,0.0,0.0,0.0,0.0,0,0,,,,,,,,,,,,,,,,,,,,,False,False,False,False,False,False,0,0,0,insufficient_evidence
price_family_ma9_structural_linked,fluvanna_county_va__county,structural_price_level,median_sale_price,65,0,0.0,0.0,0.0,0.0,0.0,0.0,0.0,0,0,,,,,,,,,,,,,,,,,,,,,False,False,False,False,False,False,0,0,0,insufficient_evidence
price_family_ma9_structural_linked,franklin_city_county_va__county,structural_price_level,median_ppsf,55,0,0.0,0.0,0.0,0.0,0.0,0.0,0.0,0,0,,,,,,,,,,,,,,,,,,,,,False,False,False,False,False,False,0,0,0,insufficient_evidence
price_family_ma9_structural_linked,franklin_city_county_va__county,structural_price_level,median_sale_price,72,0,0.0,0.0,0.0,0.0,0.0,0.0,0.0,0,0,,,,,,,,,,,,,,,,,,,,,False,False,False,False,False,False,0,0,0,insufficient_evidence
price_family_ma9_structural_linked,franklin_county_va__county,structural_price_level,median_ppsf,66,0,0.0,0.0,0.0,0.0,0.0,0.0,0.0,0,0,,,,,,,,,,,,,,,,,,,,,False,False,False,False,False,False,0,0,0,insufficient_evidence
price_family_ma9_structural_linked,franklin_county_va__county,structural_price_level,median_sale_price,74,0,0.0,0.0,0.0,0.0,0.0,0.0,0.0,0,0,,,,,,,,,,,,,,,,,,,,,False,False,False,False,False,False,0,0,0,insufficient_evidence
price_family_ma9_structural_linked,frederick_county_md__county,structural_price_level,median_ppsf,39,0,0.0,0.0,0.0,0.0,0.0,0.0,0.0,0,0,,,,,,,,,,,,,,,,,,,,,False,False,False,False,False,False,0,0,0,insufficient_evidence
price_family_ma9_structural_linked,frederick_county_md__county,structural_price_level,median_sale_price,43,0,0.0,0.0,0.0,0.0,0.0,0.0,0.0,0,0,,,,,,,,,,,,,,,,,,,,,False,False,False,False,False,False,0,0,0,insufficient_evidence
price_family_ma9_structural_linked,frederick_county_va__county,structural_price_level,median_ppsf,45,0,0.0,0.0,0.0,0.0,0.0,0.0,0.0,0,0,,,,,,,,,,,,,,,,,,,,,False,False,False,False,False,False,0,0,0,insufficient_evidence
price_family_ma9_structural_linked,frederick_county_va__county,structural_price_level,median_sale_price,49,0,0.0,0.0,0.0,0.0,0.0,0.0,0.0,0,0,,,,,,,,,,,,,,,,,,,,,False,False,False,False,False,False,0,0,0,insufficient_evidence
price_family_ma9_structural_linked,frederick_md_metro_area__cbsa_metro,structural_price_level,median_ppsf,36,0,0.0,0.0,0.0,0.0,0.0,0.0,0.0,0,0,,,,,,,,,,,,,,,,,,,,,False,False,False,False,False,False,0,0,0,insufficient_evidence
price_family_ma9_structural_linked,frederick_md_metro_area__cbsa_metro,structural_price_level,median_sale_price,36,0,0.0,0.0,0.0,0.0,0.0,0.0,0.0,0,0,,,,,,,,,,,,,,,,,,,,,False,False,False,False,False,False,0,0,0,insufficient_evidence
price_family_ma9_structural_linked,fredericksburg_va__county,structural_price_level,median_ppsf,84,0,0.0,0.0,0.0,0.0,0.0,0.0,0.0,0,0,,,,,,,,,,,,,,,,,,,,,False,False,False,False,False,False,0,0,0,insufficient_evidence
price_family_ma9_structural_linked,fredericksburg_va__county,structural_price_level,median_sale_price,79,0,0.0,0.0,0.0,0.0,0.0,0.0,0.0,0,0,,,,,,,,,,,,,,,,,,,,,False,False,False,False,False,False,0,0,0,insufficient_evidence
price_family_ma9_structural_linked,fresno_ca_metro_area__cbsa_metro,structural_price_level,median_ppsf,7,0,0.0,0.0,0.0,0.0,0.0,0.0,0.0,0,0,,,,,,,,,,,,,,,,,,,,,False,False,False,False,False,False,0,0,0,insufficient_evidence
price_family_ma9_structural_linked,fresno_ca_metro_area__cbsa_metro,structural_price_level,median_sale_price,27,0,0.0,0.0,0.0,0.0,0.0,0.0,0.0,0,0,,,,,,,,,,,,,,,,,,,,,False,False,False,False,False,False,0,0,0,insufficient_evidence
price_family_ma9_structural_linked,fresno_county_ca__county,structural_price_level,median_ppsf,13,0,0.0,0.0,0.0,0.0,0.0,0.0,0.0,0,0,,,,,,,,,,,,,,,,,,,,,False,False,False,False,False,False,0,0,0,insufficient_evidence
price_family_ma9_structural_linked,fresno_county_ca__county,structural_price_level,median_sale_price,27,0,0.0,0.0,0.0,0.0,0.0,0.0,0.0,0,0,,,,,,,,,,,,,,,,,,,,,False,False,False,False,False,False,0,0,0,insufficient_evidence
price_family_ma9_structural_linked,giles_county_va__county,structural_price_level,median_ppsf,56,0,0.0,0.0,0.0,0.0,0.0,0.0,0.0,0,0,,,,,,,,,,,,,,,,,,,,,False,False,False,False,False,False,0,0,0,insufficient_evidence
price_family_ma9_structural_linked,giles_county_va__county,structural_price_level,median_sale_price,61,0,0.0,0.0,0.0,0.0,0.0,0.0,0.0,0,0,,,,,,,,,,,,,,,,,,,,,False,False,False,False,False,False,0,0,0,insufficient_evidence
price_family_ma9_structural_linked,gloucester_county_nj__county,structural_price_level,median_ppsf,36,0,0.0,0.0,0.0,0.0,0.0,0.0,0.0,0,0,,,,,,,,,,,,,,,,,,,,,False,False,False,False,False,False,0,0,0,insufficient_evidence
price_family_ma9_structural_linked,gloucester_county_nj__county,structural_price_level,median_sale_price,45,0,0.0,0.0,0.0,0.0,0.0,0.0,0.0,0,0,,,,,,,,,,,,,,,,,,,,,False,False,False,False,False,False,0,0,0,insufficient_evidence
price_family_ma9_structural_linked,gloucester_county_va__county,structural_price_level,median_ppsf,52,0,0.0,0.0,0.0,0.0,0.0,0.0,0.0,0,0,,,,,,,,,,,,,,,,,,,,,False,False,False,False,False,False,0,0,0,insufficient_evidence
price_family_ma9_structural_linked,gloucester_county_va__county,structural_price_level,median_sale_price,58,0,0.0,0.0,0.0,0.0,0.0,0.0,0.0,0,0,,,,,,,,,,,,,,,,,,,,,False,False,False,False,False,False,0,0,0,insufficient_evidence
price_family_ma9_structural_linked,goochland_county_va__county,structural_price_level,median_ppsf,78,0,0.0,0.0,0.0,0.0,0.0,0.0,0.0,0,0,,,,,,,,,,,,,,,,,,,,,False,False,False,False,False,False,0,0,0,insufficient_evidence
price_family_ma9_structural_linked,goochland_county_va__county,structural_price_level,median_sale_price,72,0,0.0,0.0,0.0,0.0,0.0,0.0,0.0,0,0,,,,,,,,,,,,,,,,,,,,,False,False,False,False,False,False,0,0,0,insufficient_evidence
price_family_ma9_structural_linked,greene_county_va__county,structural_price_level,median_ppsf,69,0,0.0,0.0,0.0,0.0,0.0,0.0,0.0,0,0,,,,,,,,,,,,,,,,,,,,,False,False,False,False,False,False,0,0,0,insufficient_evidence
price_family_ma9_structural_linked,greene_county_va__county,structural_price_level,median_sale_price,77,0,0.0,0.0,0.0,0.0,0.0,0.0,0.0,0,0,,,,,,,,,,,,,,,,,,,,,False,False,False,False,False,False,0,0,0,insufficient_evidence
price_family_ma9_structural_linked,hagerstown_md_metro_area__cbsa_metro,structural_price_level,median_ppsf,32,0,0.0,0.0,0.0,0.0,0.0,0.0,0.0,0,0,,,,,,,,,,,,,,,,,,,,,False,False,False,False,False,False,0,0,0,insufficient_evidence
price_family_ma9_structural_linked,hagerstown_md_metro_area__cbsa_metro,structural_price_level,median_sale_price,41,0,0.0,0.0,0.0,0.0,0.0,0.0,0.0,0,0,,,,,,,,,,,,,,,,,,,,,False,False,False,False,False,False,0,0,0,insufficient_evidence
price_family_ma9_structural_linked,hampton_va__county,structural_price_level,median_ppsf,21,0,0.0,0.0,0.0,0.0,0.0,0.0,0.0,0,0,,,,,,,,,,,,,,,,,,,,,False,False,False,False,False,False,0,0,0,insufficient_evidence
price_family_ma9_structural_linked,hampton_va__county,structural_price_level,median_sale_price,45,0,0.0,0.0,0.0,0.0,0.0,0.0,0.0,0,0,,,,,,,,,,,,,,,,,,,,,False,False,False,False,False,False,0,0,0,insufficient_evidence
price_family_ma9_structural_linked,hanford_ca_metro_area__cbsa_metro,structural_price_level,median_ppsf,37,0,0.0,0.0,0.0,0.0,0.0,0.0,0.0,0,0,,,,,,,,,,,,,,,,,,,,,False,False,False,False,False,False,0,0,0,insufficient_evidence
price_family_ma9_structural_linked,hanford_ca_metro_area__cbsa_metro,structural_price_level,median_sale_price,63,0,0.0,0.0,0.0,0.0,0.0,0.0,0.0,0,0,,,,,,,,,,,,,,,,,,,,,False,False,False,False,False,False,0,0,0,insufficient_evidence
price_family_ma9_structural_linked,hanover_county_va__county,structural_price_level,median_ppsf,31,0,0.0,0.0,0.0,0.0,0.0,0.0,0.0,0,0,,,,,,,,,,,,,,,,,,,,,False,False,False,False,False,False,0,0,0,insufficient_evidence
price_family_ma9_structural_linked,hanover_county_va__county,structural_price_level,median_sale_price,48,0,0.0,0.0,0.0,0.0,0.0,0.0,0.0,0,0,,,,,,,,,,,,,,,,,,,,,False,False,False,False,False,False,0,0,0,insufficient_evidence
price_family_ma9_structural_linked,harford_county_md__county,structural_price_level,median_ppsf,46,0,0.0,0.0,0.0,0.0,0.0,0.0,0.0,0,0,,,,,,,,,,,,,,,,,,,,,False,False,False,False,False,False,0,0,0,insufficient_evidence
price_family_ma9_structural_linked,harford_county_md__county,structural_price_level,median_sale_price,49,0,0.0,0.0,0.0,0.0,0.0,0.0,0.0,0,0,,,,,,,,,,,,,,,,,,,,,False,False,False,False,False,False,0,0,0,insufficient_evidence
price_family_ma9_structural_linked,harrisonburg_va__county,structural_price_level,median_ppsf,62,0,0.0,0.0,0.0,0.0,0.0,0.0,0.0,0,0,,,,,,,,,,,,,,,,,,,,,False,False,False,False,False,False,0,0,0,insufficient_evidence
price_family_ma9_structural_linked,harrisonburg_va__county,structural_price_level,median_sale_price,68,0,0.0,0.0,0.0,0.0,0.0,0.0,0.0,0,0,,,,,,,,,,,,,,,,,,,,,False,False,False,False,False,False,0,0,0,insufficient_evidence
price_family_ma9_structural_linked,harrisonburg_va_metro_area__cbsa_metro,structural_price_level,median_ppsf,52,0,0.0,0.0,0.0,0.0,0.0,0.0,0.0,0,0,,,,,,,,,,,,,,,,,,,,,False,False,False,False,False,False,0,0,0,insufficient_evidence
price_family_ma9_structural_linked,harrisonburg_va_metro_area__cbsa_metro,structural_price_level,median_sale_price,61,0,0.0,0.0,0.0,0.0,0.0,0.0,0.0,0,0,,,,,,,,,,,,,,,,,,,,,False,False,False,False,False,False,0,0,0,insufficient_evidence
price_family_ma9_structural_linked,henrico_county_va__county,structural_price_level,median_ppsf,22,0,0.0,0.0,0.0,0.0,0.0,0.0,0.0,0,0,,,,,,,,,,,,,,,,,,,,,False,False,False,False,False,False,0,0,0,insufficient_evidence
price_family_ma9_structural_linked,henrico_county_va__county,structural_price_level,median_sale_price,39,0,0.0,0.0,0.0,0.0,0.0,0.0,0.0,0,0,,,,,,,,,,,,,,,,,,,,,False,False,False,False,False,False,0,0,0,insufficient_evidence
price_family_ma9_structural_linked,henry_county_va__county,structural_price_level,median_ppsf,82,0,0.0,0.0,0.0,0.0,0.0,0.0,0.0,0,0,,,,,,,,,,,,,,,,,,,,,False,False,False,False,False,False,0,0,0,insufficient_evidence
price_family_ma9_structural_linked,henry_county_va__county,structural_price_level,median_sale_price,89,0,0.0,0.0,0.0,0.0,0.0,0.0,0.0,0,0,,,,,,,,,,,,,,,,,,,,,False,False,False,False,False,False,0,0,0,insufficient_evidence
price_family_ma9_structural_linked,hopewell_va__county,structural_price_level,median_ppsf,62,0,0.0,0.0,0.0,0.0,0.0,0.0,0.0,0,0,,,,,,,,,,,,,,,,,,,,,False,False,False,False,False,False,0,0,0,insufficient_evidence
price_family_ma9_structural_linked,hopewell_va__county,structural_price_level,median_sale_price,80,0,0.0,0.0,0.0,0.0,0.0,0.0,0.0,0,0,,,,,,,,,,,,,,,,,,,,,False,False,False,False,False,False,0,0,0,insufficient_evidence
price_family_ma9_structural_linked,howard_county_md__county,structural_price_level,median_ppsf,33,0,0.0,0.0,0.0,0.0,0.0,0.0,0.0,0,0,,,,,,,,,,,,,,,,,,,,,False,False,False,False,False,False,0,0,0,insufficient_evidence
price_family_ma9_structural_linked,howard_county_md__county,structural_price_level,median_sale_price,35,0,0.0,0.0,0.0,0.0,0.0,0.0,0.0,0,0,,,,,,,,,,,,,,,,,,,,,False,False,False,False,False,False,0,0,0,insufficient_evidence
price_family_ma9_structural_linked,humboldt_county_ca__county,structural_price_level,median_ppsf,43,0,0.0,0.0,0.0,0.0,0.0,0.0,0.0,0,0,,,,,,,,,,,,,,,,,,,,,False,False,False,False,False,False,0,0,0,insufficient_evidence
price_family_ma9_structural_linked,humboldt_county_ca__county,structural_price_level,median_sale_price,46,0,0.0,0.0,0.0,0.0,0.0,0.0,0.0,0,0,,,,,,,,,,,,,,,,,,,,,False,False,False,False,False,False,0,0,0,insufficient_evidence
price_family_ma9_structural_linked,hunterdon_county_nj__county,structural_price_level,median_ppsf,23,0,0.0,0.0,0.0,0.0,0.0,0.0,0.0,0,0,,,,,,,,,,,,,,,,,,,,,False,False,False,False,False,False,0,0,0,insufficient_evidence
price_family_ma9_structural_linked,hunterdon_county_nj__county,structural_price_level,median_sale_price,36,0,0.0,0.0,0.0,0.0,0.0,0.0,0.0,0,0,,,,,,,,,,,,,,,,,,,,,False,False,False,False,False,False,0,0,0,insufficient_evidence
price_family_ma9_structural_linked,imperial_county_ca__county,structural_price_level,median_ppsf,34,0,0.0,0.0,0.0,0.0,0.0,0.0,0.0,0,0,,,,,,,,,,,,,,,,,,,,,False,False,False,False,False,False,0,0,0,insufficient_evidence
price_family_ma9_structural_linked,imperial_county_ca__county,structural_price_level,median_sale_price,61,0,0.0,0.0,0.0,0.0,0.0,0.0,0.0,0,0,,,,,,,,,,,,,,,,,,,,,False,False,False,False,False,False,0,0,0,insufficient_evidence
price_family_ma9_structural_linked,isle_of_wight_county_va__county,structural_price_level,median_ppsf,42,0,0.0,0.0,0.0,0.0,0.0,0.0,0.0,0,0,,,,,,,,,,,,,,,,,,,,,False,False,False,False,False,False,0,0,0,insufficient_evidence
price_family_ma9_structural_linked,isle_of_wight_county_va__county,structural_price_level,median_sale_price,67,0,0.0,0.0,0.0,0.0,0.0,0.0,0.0,0,0,,,,,,,,,,,,,,,,,,,,,False,False,False,False,False,False,0,0,0,insufficient_evidence
price_family_ma9_structural_linked,james_city_county_va__county,structural_price_level,median_ppsf,42,0,0.0,0.0,0.0,0.0,0.0,0.0,0.0,0,0,,,,,,,,,,,,,,,,,,,,,False,False,False,False,False,False,0,0,0,insufficient_evidence
price_family_ma9_structural_linked,james_city_county_va__county,structural_price_level,median_sale_price,56,0,0.0,0.0,0.0,0.0,0.0,0.0,0.0,0,0,,,,,,,,,,,,,,,,,,,,,False,False,False,False,False,False,0,0,0,insufficient_evidence
price_family_ma9_structural_linked,kern_county_ca__county,structural_price_level,median_ppsf,14,0,0.0,0.0,0.0,0.0,0.0,0.0,0.0,0,0,,,,,,,,,,,,,,,,,,,,,False,False,False,False,False,False,0,0,0,insufficient_evidence
price_family_ma9_structural_linked,kern_county_ca__county,structural_price_level,median_sale_price,30,0,0.0,0.0,0.0,0.0,0.0,0.0,0.0,0,0,,,,,,,,,,,,,,,,,,,,,False,False,False,False,False,False,0,0,0,insufficient_evidence
price_family_ma9_structural_linked,king_and_queen_county_va__county,structural_price_level,median_ppsf,75,0,0.0,0.0,0.0,0.0,0.0,0.0,0.0,0,0,,,,,,,,,,,,,,,,,,,,,False,False,False,False,False,False,0,0,0,insufficient_evidence
price_family_ma9_structural_linked,king_and_queen_county_va__county,structural_price_level,median_sale_price,91,0,0.0,0.0,0.0,0.0,0.0,0.0,0.0,0,0,,,,,,,,,,,,,,,,,,,,,False,False,False,False,False,False,0,0,0,insufficient_evidence
price_family_ma9_structural_linked,king_william_county_va__county,structural_price_level,median_ppsf,62,0,0.0,0.0,0.0,0.0,0.0,0.0,0.0,0,0,,,,,,,,,,,,,,,,,,,,,False,False,False,False,False,False,0,0,0,insufficient_evidence
price_family_ma9_structural_linked,king_william_county_va__county,structural_price_level,median_sale_price,66,0,0.0,0.0,0.0,0.0,0.0,0.0,0.0,0,0,,,,,,,,,,,,,,,,,,,,,False,False,False,False,False,False,0,0,0,insufficient_evidence
price_family_ma9_structural_linked,kings_county_ca__county,structural_price_level,median_ppsf,38,0,0.0,0.0,0.0,0.0,0.0,0.0,0.0,0,0,,,,,,,,,,,,,,,,,,,,,False,False,False,False,False,False,0,0,0,insufficient_evidence
price_family_ma9_structural_linked,kings_county_ca__county,structural_price_level,median_sale_price,64,0,0.0,0.0,0.0,0.0,0.0,0.0,0.0,0,0,,,,,,,,,,,,,,,,,,,,,False,False,False,False,False,False,0,0,0,insufficient_evidence
price_family_ma9_structural_linked,lake_county_ca__county,structural_price_level,median_ppsf,39,0,0.0,0.0,0.0,0.0,0.0,0.0,0.0,0,0,,,,,,,,,,,,,,,,,,,,,False,False,False,False,False,False,0,0,0,insufficient_evidence
price_family_ma9_structural_linked,lake_county_ca__county,structural_price_level,median_sale_price,68,0,0.0,0.0,0.0,0.0,0.0,0.0,0.0,0,0,,,,,,,,,,,,,,,,,,,,,False,False,False,False,False,False,0,0,0,insufficient_evidence
price_family_ma9_structural_linked,lassen_county_ca__county,structural_price_level,median_ppsf,63,0,0.0,0.0,0.0,0.0,0.0,0.0,0.0,0,0,,,,,,,,,,,,,,,,,,,,,False,False,False,False,False,False,0,0,0,insufficient_evidence
price_family_ma9_structural_linked,lassen_county_ca__county,structural_price_level,median_sale_price,74,0,0.0,0.0,0.0,0.0,0.0,0.0,0.0,0,0,,,,,,,,,,,,,,,,,,,,,False,False,False,False,False,False,0,0,0,insufficient_evidence
price_family_ma9_structural_linked,los_angeles_ca_metro_area__cbsa_metro,structural_price_level,median_ppsf,5,0,0.0,0.0,0.0,0.0,0.0,0.0,0.0,0,0,,,,,,,,,,,,,,,,,,,,,False,False,False,False,False,False,0,0,0,insufficient_evidence
price_family_ma9_structural_linked,los_angeles_ca_metro_area__cbsa_metro,structural_price_level,median_sale_price,12,0,0.0,0.0,0.0,0.0,0.0,0.0,0.0,0,0,,,,,,,,,,,,,,,,,,,,,False,False,False,False,False,False,0,0,0,insufficient_evidence
price_family_ma9_structural_linked,los_angeles_county_ca__county,structural_price_level,median_ppsf,12,0,0.0,0.0,0.0,0.0,0.0,0.0,0.0,0,0,,,,,,,,,,,,,,,,,,,,,False,False,False,False,False,False,0,0,0,insufficient_evidence
price_family_ma9_structural_linked,los_angeles_county_ca__county,structural_price_level,median_sale_price,12,0,0.0,0.0,0.0,0.0,0.0,0.0,0.0,0,0,,,,,,,,,,,,,,,,,,,,,False,False,False,False,False,False,0,0,0,insufficient_evidence
price_family_ma9_structural_linked,loudoun_county_va__county,structural_price_level,median_ppsf,26,0,0.0,0.0,0.0,0.0,0.0,0.0,0.0,0,0,,,,,,,,,,,,,,,,,,,,,False,False,False,False,False,False,0,0,0,insufficient_evidence
price_family_ma9_structural_linked,loudoun_county_va__county,structural_price_level,median_sale_price,41,0,0.0,0.0,0.0,0.0,0.0,0.0,0.0,0,0,,,,,,,,,,,,,,,,,,,,,False,False,False,False,False,False,0,0,0,insufficient_evidence
price_family_ma9_structural_linked,lynchburg_va__county,structural_price_level,median_ppsf,48,0,0.0,0.0,0.0,0.0,0.0,0.0,0.0,0,0,,,,,,,,,,,,,,,,,,,,,False,False,False,False,False,False,0,0,0,insufficient_evidence
price_family_ma9_structural_linked,lynchburg_va__county,structural_price_level,median_sale_price,67,0,0.0,0.0,0.0,0.0,0.0,0.0,0.0,0,0,,,,,,,,,,,,,,,,,,,,,False,False,False,False,False,False,0,0,0,insufficient_evidence
price_family_ma9_structural_linked,lynchburg_va_metro_area__cbsa_metro,structural_price_level,median_ppsf,45,0,0.0,0.0,0.0,0.0,0.0,0.0,0.0,0,0,,,,,,,,,,,,,,,,,,,,,False,False,False,False,False,False,0,0,0,insufficient_evidence
price_family_ma9_structural_linked,lynchburg_va_metro_area__cbsa_metro,structural_price_level,median_sale_price,52,0,0.0,0.0,0.0,0.0,0.0,0.0,0.0,0,0,,,,,,,,,,,,,,,,,,,,,False,False,False,False,False,False,0,0,0,insufficient_evidence
price_family_ma9_structural_linked,madera_ca_metro_area__cbsa_metro,structural_price_level,median_ppsf,17,0,0.0,0.0,0.0,0.0,0.0,0.0,0.0,0,0,,,,,,,,,,,,,,,,,,,,,False,False,False,False,False,False,0,0,0,insufficient_evidence
price_family_ma9_structural_linked,madera_ca_metro_area__cbsa_metro,structural_price_level,median_sale_price,39,0,0.0,0.0,0.0,0.0,0.0,0.0,0.0,0,0,,,,,,,,,,,,,,,,,,,,,False,False,False,False,False,False,0,0,0,insufficient_evidence
price_family_ma9_structural_linked,madera_county_ca__county,structural_price_level,median_ppsf,19,0,0.0,0.0,0.0,0.0,0.0,0.0,0.0,0,0,,,,,,,,,,,,,,,,,,,,,False,False,False,False,False,False,0,0,0,insufficient_evidence
price_family_ma9_structural_linked,madera_county_ca__county,structural_price_level,median_sale_price,36,0,0.0,0.0,0.0,0.0,0.0,0.0,0.0,0,0,,,,,,,,,,,,,,,,,,,,,False,False,False,False,False,False,0,0,0,insufficient_evidence
price_family_ma9_structural_linked,madison_county_va__county,structural_price_level,median_ppsf,78,0,0.0,0.0,0.0,0.0,0.0,0.0,0.0,0,0,,,,,,,,,,,,,,,,,,,,,False,False,False,False,False,False,0,0,0,insufficient_evidence
price_family_ma9_structural_linked,madison_county_va__county,structural_price_level,median_sale_price,92,0,0.0,0.0,0.0,0.0,0.0,0.0,0.0,0,0,,,,,,,,,,,,,,,,,,,,,False,False,False,False,False,False,0,0,0,insufficient_evidence
price_family_ma9_structural_linked,manassas_park_va__county,structural_price_level,median_ppsf,75,0,0.0,0.0,0.0,0.0,0.0,0.0,0.0,0,0,,,,,,,,,,,,,,,,,,,,,False,False,False,False,False,False,0,0,0,insufficient_evidence
price_family_ma9_structural_linked,manassas_park_va__county,structural_price_level,median_sale_price,75,0,0.0,0.0,0.0,0.0,0.0,0.0,0.0,0,0,,,,,,,,,,,,,,,,,,,,,False,False,False,False,False,False,0,0,0,insufficient_evidence
price_family_ma9_structural_linked,manassas_va__county,structural_price_level,median_ppsf,49,0,0.0,0.0,0.0,0.0,0.0,0.0,0.0,0,0,,,,,,,,,,,,,,,,,,,,,False,False,False,False,False,False,0,0,0,insufficient_evidence
price_family_ma9_structural_linked,manassas_va__county,structural_price_level,median_sale_price,69,0,0.0,0.0,0.0,0.0,0.0,0.0,0.0,0,0,,,,,,,,,,,,,,,,,,,,,False,False,False,False,False,False,0,0,0,insufficient_evidence
price_family_ma9_structural_linked,marin_county_ca__county,structural_price_level,median_ppsf,42,0,0.0,0.0,0.0,0.0,0.0,0.0,0.0,0,0,,,,,,,,,,,,,,,,,,,,,False,False,False,False,False,False,0,0,0,insufficient_evidence
price_family_ma9_structural_linked,marin_county_ca__county,structural_price_level,median_sale_price,36,0,0.0,0.0,0.0,0.0,0.0,0.0,0.0,0,0,,,,,,,,,,,,,,,,,,,,,False,False,False,False,False,False,0,0,0,insufficient_evidence
price_family_ma9_structural_linked,martinsville_va__county,structural_price_level,median_ppsf,76,0,0.0,0.0,0.0,0.0,0.0,0.0,0.0,0,0,,,,,,,,,,,,,,,,,,,,,False,False,False,False,False,False,0,0,0,insufficient_evidence
price_family_ma9_structural_linked,martinsville_va__county,structural_price_level,median_sale_price,96,0,0.0,0.0,0.0,0.0,0.0,0.0,0.0,0,0,,,,,,,,,,,,,,,,,,,,,False,False,False,False,False,False,0,0,0,insufficient_evidence
price_family_ma9_structural_linked,martinsville_va_metro_area__cbsa_metro,structural_price_level,median_ppsf,66,0,0.0,0.0,0.0,0.0,0.0,0.0,0.0,0,0,,,,,,,,,,,,,,,,,,,,,False,False,False,False,False,False,0,0,0,insufficient_evidence
price_family_ma9_structural_linked,martinsville_va_metro_area__cbsa_metro,structural_price_level,median_sale_price,80,0,0.0,0.0,0.0,0.0,0.0,0.0,0.0,0,0,,,,,,,,,,,,,,,,,,,,,False,False,False,False,False,False,0,0,0,insufficient_evidence
price_family_ma9_structural_linked,maryland__state,structural_price_level,median_ppsf,24,0,0.0,0.0,0.0,0.0,0.0,0.0,0.0,0,0,,,,,,,,,,,,,,,,,,,,,False,False,False,False,False,False,0,0,0,insufficient_evidence
price_family_ma9_structural_linked,maryland__state,structural_price_level,median_sale_price,27,0,0.0,0.0,0.0,0.0,0.0,0.0,0.0,0,0,,,,,,,,,,,,,,,,,,,,,False,False,False,False,False,False,0,0,0,insufficient_evidence
price_family_ma9_structural_linked,mathews_county_va__county,structural_price_level,median_ppsf,57,0,0.0,0.0,0.0,0.0,0.0,0.0,0.0,0,0,,,,,,,,,,,,,,,,,,,,,False,False,False,False,False,False,0,0,0,insufficient_evidence
price_family_ma9_structural_linked,mathews_county_va__county,structural_price_level,median_sale_price,59,0,0.0,0.0,0.0,0.0,0.0,0.0,0.0,0,0,,,,,,,,,,,,,,,,,,,,,False,False,False,False,False,False,0,0,0,insufficient_evidence
price_family_ma9_structural_linked,mendocino_county_ca__county,structural_price_level,median_ppsf,52,0,0.0,0.0,0.0,0.0,0.0,0.0,0.0,0,0,,,,,,,,,,,,,,,,,,,,,False,False,False,False,False,False,0,0,0,insufficient_evidence
price_family_ma9_structural_linked,mendocino_county_ca__county,structural_price_level,median_sale_price,62,0,0.0,0.0,0.0,0.0,0.0,0.0,0.0,0,0,,,,,,,,,,,,,,,,,,,,,False,False,False,False,False,False,0,0,0,insufficient_evidence
price_family_ma9_structural_linked,merced_ca_metro_area__cbsa_metro,structural_price_level,median_ppsf,24,0,0.0,0.0,0.0,0.0,0.0,0.0,0.0,0,0,,,,,,,,,,,,,,,,,,,,,False,False,False,False,False,False,0,0,0,insufficient_evidence
price_family_ma9_structural_linked,merced_ca_metro_area__cbsa_metro,structural_price_level,median_sale_price,21,0,0.0,0.0,0.0,0.0,0.0,0.0,0.0,0,0,,,,,,,,,,,,,,,,,,,,,False,False,False,False,False,False,0,0,0,insufficient_evidence
price_family_ma9_structural_linked,merced_county_ca__county,structural_price_level,median_ppsf,24,0,0.0,0.0,0.0,0.0,0.0,0.0,0.0,0,0,,,,,,,,,,,,,,,,,,,,,False,False,False,False,False,False,0,0,0,insufficient_evidence
price_family_ma9_structural_linked,merced_county_ca__county,structural_price_level,median_sale_price,21,0,0.0,0.0,0.0,0.0,0.0,0.0,0.0,0,0,,,,,,,,,,,,,,,,,,,,,False,False,False,False,False,False,0,0,0,insufficient_evidence
price_family_ma9_structural_linked,mercer_county_nj__county,structural_price_level,median_ppsf,34,0,0.0,0.0,0.0,0.0,0.0,0.0,0.0,0,0,,,,,,,,,,,,,,,,,,,,,False,False,False,False,False,False,0,0,0,insufficient_evidence
price_family_ma9_structural_linked,mercer_county_nj__county,structural_price_level,median_sale_price,39,0,0.0,0.0,0.0,0.0,0.0,0.0,0.0,0,0,,,,,,,,,,,,,,,,,,,,,False,False,False,False,False,False,0,0,0,insufficient_evidence
price_family_ma9_structural_linked,middlesex_county_nj__county,structural_price_level,median_ppsf,29,0,0.0,0.0,0.0,0.0,0.0,0.0,0.0,0,0,,,,,,,,,,,,,,,,,,,,,False,False,False,False,False,False,0,0,0,insufficient_evidence
price_family_ma9_structural_linked,middlesex_county_nj__county,structural_price_level,median_sale_price,30,0,0.0,0.0,0.0,0.0,0.0,0.0,0.0,0,0,,,,,,,,,,,,,,,,,,,,,False,False,False,False,False,False,0,0,0,insufficient_evidence
price_family_ma9_structural_linked,modesto_ca_metro_area__cbsa_metro,structural_price_level,median_ppsf,9,0,0.0,0.0,0.0,0.0,0.0,0.0,0.0,0,0,,,,,,,,,,,,,,,,,,,,,False,False,False,False,False,False,0,0,0,insufficient_evidence
price_family_ma9_structural_linked,modesto_ca_metro_area__cbsa_metro,structural_price_level,median_sale_price,18,0,0.0,0.0,0.0,0.0,0.0,0.0,0.0,0,0,,,,,,,,,,,,,,,,,,,,,False,False,False,False,False,False,0,0,0,insufficient_evidence
price_family_ma9_structural_linked,monmouth_county_nj__county,structural_price_level,median_ppsf,22,0,0.0,0.0,0.0,0.0,0.0,0.0,0.0,0,0,,,,,,,,,,,,,,,,,,,,,False,False,False,False,False,False,0,0,0,insufficient_evidence
price_family_ma9_structural_linked,monmouth_county_nj__county,structural_price_level,median_sale_price,33,0,0.0,0.0,0.0,0.0,0.0,0.0,0.0,0,0,,,,,,,,,,,,,,,,,,,,,False,False,False,False,False,False,0,0,0,insufficient_evidence
price_family_ma9_structural_linked,monterey_county_ca__county,structural_price_level,median_ppsf,43,0,0.0,0.0,0.0,0.0,0.0,0.0,0.0,0,0,,,,,,,,,,,,,,,,,,,,,False,False,False,False,False,False,0,0,0,insufficient_evidence
price_family_ma9_structural_linked,monterey_county_ca__county,structural_price_level,median_sale_price,37,0,0.0,0.0,0.0,0.0,0.0,0.0,0.0,0,0,,,,,,,,,,,,,,,,,,,,,False,False,False,False,False,False,0,0,0,insufficient_evidence
price_family_ma9_structural_linked,montgomery_county_md__county,structural_price_level,median_ppsf,32,0,0.0,0.0,0.0,0.0,0.0,0.0,0.0,0,0,,,,,,,,,,,,,,,,,,,,,False,False,False,False,False,False,0,0,0,insufficient_evidence
price_family_ma9_structural_linked,montgomery_county_md__county,structural_price_level,median_sale_price,35,0,0.0,0.0,0.0,0.0,0.0,0.0,0.0,0,0,,,,,,,,,,,,,,,,,,,,,False,False,False,False,False,False,0,0,0,insufficient_evidence
price_family_ma9_structural_linked,montgomery_county_va__county,structural_price_level,median_ppsf,70,0,0.0,0.0,0.0,0.0,0.0,0.0,0.0,0,0,,,,,,,,,,,,,,,,,,,,,False,False,False,False,False,False,0,0,0,insufficient_evidence
price_family_ma9_structural_linked,montgomery_county_va__county,structural_price_level,median_sale_price,57,0,0.0,0.0,0.0,0.0,0.0,0.0,0.0,0,0,,,,,,,,,,,,,,,,,,,,,False,False,False,False,False,False,0,0,0,insufficient_evidence
price_family_ma9_structural_linked,morris_county_nj__county,structural_price_level,median_ppsf,25,0,0.0,0.0,0.0,0.0,0.0,0.0,0.0,0,0,,,,,,,,,,,,,,,,,,,,,False,False,False,False,False,False,0,0,0,insufficient_evidence
price_family_ma9_structural_linked,morris_county_nj__county,structural_price_level,median_sale_price,21,0,0.0,0.0,0.0,0.0,0.0,0.0,0.0,0,0,,,,,,,,,,,,,,,,,,,,,False,False,False,False,False,False,0,0,0,insufficient_evidence
price_family_ma9_structural_linked,napa_ca_metro_area__cbsa_metro,structural_price_level,median_ppsf,45,0,0.0,0.0,0.0,0.0,0.0,0.0,0.0,0,0,,,,,,,,,,,,,,,,,,,,,False,False,False,False,False,False,0,0,0,insufficient_evidence
price_family_ma9_structural_linked,napa_ca_metro_area__cbsa_metro,structural_price_level,median_sale_price,52,0,0.0,0.0,0.0,0.0,0.0,0.0,0.0,0,0,,,,,,,,,,,,,,,,,,,,,False,False,False,False,False,False,0,0,0,insufficient_evidence
price_family_ma9_structural_linked,napa_county_ca__county,structural_price_level,median_ppsf,43,0,0.0,0.0,0.0,0.0,0.0,0.0,0.0,0,0,,,,,,,,,,,,,,,,,,,,,False,False,False,False,False,False,0,0,0,insufficient_evidence
price_family_ma9_structural_linked,napa_county_ca__county,structural_price_level,median_sale_price,51,0,0.0,0.0,0.0,0.0,0.0,0.0,0.0,0,0,,,,,,,,,,,,,,,,,,,,,False,False,False,False,False,False,0,0,0,insufficient_evidence
price_family_ma9_structural_linked,nelson_county_va__county,structural_price_level,median_ppsf,75,0,0.0,0.0,0.0,0.0,0.0,0.0,0.0,0,0,,,,,,,,,,,,,,,,,,,,,False,False,False,False,False,False,0,0,0,insufficient_evidence
price_family_ma9_structural_linked,nelson_county_va__county,structural_price_level,median_sale_price,66,0,0.0,0.0,0.0,0.0,0.0,0.0,0.0,0,0,,,,,,,,,,,,,,,,,,,,,False,False,False,False,False,False,0,0,0,insufficient_evidence
price_family_ma9_structural_linked,nevada_county_ca__county,structural_price_level,median_ppsf,37,0,0.0,0.0,0.0,0.0,0.0,0.0,0.0,0,0,,,,,,,,,,,,,,,,,,,,,False,False,False,False,False,False,0,0,0,insufficient_evidence
price_family_ma9_structural_linked,nevada_county_ca__county,structural_price_level,median_sale_price,48,0,0.0,0.0,0.0,0.0,0.0,0.0,0.0,0,0,,,,,,,,,,,,,,,,,,,,,False,False,False,False,False,False,0,0,0,insufficient_evidence
price_family_ma9_structural_linked,new_brunswick_nj_metro_area__cbsa_metro,structural_price_level,median_ppsf,16,0,0.0,0.0,0.0,0.0,0.0,0.0,0.0,0,0,,,,,,,,,,,,,,,,,,,,,False,False,False,False,False,False,0,0,0,insufficient_evidence
price_family_ma9_structural_linked,new_brunswick_nj_metro_area__cbsa_metro,structural_price_level,median_sale_price,23,0,0.0,0.0,0.0,0.0,0.0,0.0,0.0,0,0,,,,,,,,,,,,,,,,,,,,,False,False,False,False,False,False,0,0,0,insufficient_evidence
price_family_ma9_structural_linked,new_jersey__state,structural_price_level,median_ppsf,10,0,0.0,0.0,0.0,0.0,0.0,0.0,0.0,0,0,,,,,,,,,,,,,,,,,,,,,False,False,False,False,False,False,0,0,0,insufficient_evidence
price_family_ma9_structural_linked,new_jersey__state,structural_price_level,median_sale_price,28,0,0.0,0.0,0.0,0.0,0.0,0.0,0.0,0,0,,,,,,,,,,,,,,,,,,,,,False,False,False,False,False,False,0,0,0,insufficient_evidence
price_family_ma9_structural_linked,new_kent_county_va__county,structural_price_level,median_ppsf,54,0,0.0,0.0,0.0,0.0,0.0,0.0,0.0,0,0,,,,,,,,,,,,,,,,,,,,,False,False,False,False,False,False,0,0,0,insufficient_evidence
price_family_ma9_structural_linked,new_kent_county_va__county,structural_price_level,median_sale_price,66,0,0.0,0.0,0.0,0.0,0.0,0.0,0.0,0,0,,,,,,,,,,,,,,,,,,,,,False,False,False,False,False,False,0,0,0,insufficient_evidence
price_family_ma9_structural_linked,newark_nj_metro_area__cbsa_metro,structural_price_level,median_ppsf,24,0,0.0,0.0,0.0,0.0,0.0,0.0,0.0,0,0,,,,,,,,,,,,,,,,,,,,,False,False,False,False,False,False,0,0,0,insufficient_evidence
price_family_ma9_structural_linked,newark_nj_metro_area__cbsa_metro,structural_price_level,median_sale_price,30,0,0.0,0.0,0.0,0.0,0.0,0.0,0.0,0,0,,,,,,,,,,,,,,,,,,,,,False,False,False,False,False,False,0,0,0,insufficient_evidence
price_family_ma9_structural_linked,newport_news_va__county,structural_price_level,median_ppsf,28,0,0.0,0.0,0.0,0.0,0.0,0.0,0.0,0,0,,,,,,,,,,,,,,,,,,,,,False,False,False,False,False,False,0,0,0,insufficient_evidence
price_family_ma9_structural_linked,newport_news_va__county,structural_price_level,median_sale_price,34,0,0.0,0.0,0.0,0.0,0.0,0.0,0.0,0,0,,,,,,,,,,,,,,,,,,,,,False,False,False,False,False,False,0,0,0,insufficient_evidence
price_family_ma9_structural_linked,norfolk_va__county,structural_price_level,median_ppsf,23,0,0.0,0.0,0.0,0.0,0.0,0.0,0.0,0,0,,,,,,,,,,,,,,,,,,,,,False,False,False,False,False,False,0,0,0,insufficient_evidence
price_family_ma9_structural_linked,norfolk_va__county,structural_price_level,median_sale_price,34,0,0.0,0.0,0.0,0.0,0.0,0.0,0.0,0,0,,,,,,,,,,,,,,,,,,,,,False,False,False,False,False,False,0,0,0,insufficient_evidence
price_family_ma9_structural_linked,norton_va__county,structural_price_level,median_ppsf,60,0,0.0,0.0,0.0,0.0,0.0,0.0,0.0,0,0,,,,,,,,,,,,,,,,,,,,,False,False,False,False,False,False,0,0,0,insufficient_evidence
price_family_ma9_structural_linked,norton_va__county,structural_price_level,median_sale_price,46,0,0.0,0.0,0.0,0.0,0.0,0.0,0.0,0,0,,,,,,,,,,,,,,,,,,,,,False,False,False,False,False,False,0,0,0,insufficient_evidence
price_family_ma9_structural_linked,oakland_ca_metro_area__cbsa_metro,structural_price_level,median_ppsf,13,0,0.0,0.0,0.0,0.0,0.0,0.0,0.0,0,0,,,,,,,,,,,,,,,,,,,,,False,False,False,False,False,False,0,0,0,insufficient_evidence
price_family_ma9_structural_linked,oakland_ca_metro_area__cbsa_metro,structural_price_level,median_sale_price,28,0,0.0,0.0,0.0,0.0,0.0,0.0,0.0,0,0,,,,,,,,,,,,,,,,,,,,,False,False,False,False,False,False,0,0,0,insufficient_evidence
price_family_ma9_structural_linked,ocean_city_nj_metro_area__cbsa_metro,structural_price_level,median_ppsf,61,0,0.0,0.0,0.0,0.0,0.0,0.0,0.0,0,0,,,,,,,,,,,,,,,,,,,,,False,False,False,False,False,False,0,0,0,insufficient_evidence
price_family_ma9_structural_linked,ocean_city_nj_metro_area__cbsa_metro,structural_price_level,median_sale_price,68,0,0.0,0.0,0.0,0.0,0.0,0.0,0.0,0,0,,,,,,,,,,,,,,,,,,,,,False,False,False,False,False,False,0,0,0,insufficient_evidence
price_family_ma9_structural_linked,ocean_county_nj__county,structural_price_level,median_ppsf,30,0,0.0,0.0,0.0,0.0,0.0,0.0,0.0,0,0,,,,,,,,,,,,,,,,,,,,,False,False,False,False,False,False,0,0,0,insufficient_evidence
price_family_ma9_structural_linked,ocean_county_nj__county,structural_price_level,median_sale_price,32,0,0.0,0.0,0.0,0.0,0.0,0.0,0.0,0,0,,,,,,,,,,,,,,,,,,,,,False,False,False,False,False,False,0,0,0,insufficient_evidence
price_family_ma9_structural_linked,orange_county_ca__county,structural_price_level,median_ppsf,8,0,0.0,0.0,0.0,0.0,0.0,0.0,0.0,0,0,,,,,,,,,,,,,,,,,,,,,False,False,False,False,False,False,0,0,0,insufficient_evidence
price_family_ma9_structural_linked,orange_county_ca__county,structural_price_level,median_sale_price,18,0,0.0,0.0,0.0,0.0,0.0,0.0,0.0,0,0,,,,,,,,,,,,,,,,,,,,,False,False,False,False,False,False,0,0,0,insufficient_evidence
price_family_ma9_structural_linked,oxnard_ca_metro_area__cbsa_metro,structural_price_level,median_ppsf,12,0,0.0,0.0,0.0,0.0,0.0,0.0,0.0,0,0,,,,,,,,,,,,,,,,,,,,,False,False,False,False,False,False,0,0,0,insufficient_evidence
price_family_ma9_structural_linked,oxnard_ca_metro_area__cbsa_metro,structural_price_level,median_sale_price,32,0,0.0,0.0,0.0,0.0,0.0,0.0,0.0,0,0,,,,,,,,,,,,,,,,,,,,,False,False,False,False,False,False,0,0,0,insufficient_evidence
price_family_ma9_structural_linked,petersburg_va__county,structural_price_level,median_ppsf,72,0,0.0,0.0,0.0,0.0,0.0,0.0,0.0,0,0,,,,,,,,,,,,,,,,,,,,,False,False,False,False,False,False,0,0,0,insufficient_evidence
price_family_ma9_structural_linked,petersburg_va__county,structural_price_level,median_sale_price,68,0,0.0,0.0,0.0,0.0,0.0,0.0,0.0,0,0,,,,,,,,,,,,,,,,,,,,,False,False,False,False,False,False,0,0,0,insufficient_evidence
price_family_ma9_structural_linked,pittsylvania_county_va__county,structural_price_level,median_ppsf,77,0,0.0,0.0,0.0,0.0,0.0,0.0,0.0,0,0,,,,,,,,,,,,,,,,,,,,,False,False,False,False,False,False,0,0,0,insufficient_evidence
price_family_ma9_structural_linked,pittsylvania_county_va__county,structural_price_level,median_sale_price,80,0,0.0,0.0,0.0,0.0,0.0,0.0,0.0,0,0,,,,,,,,,,,,,,,,,,,,,False,False,False,False,False,False,0,0,0,insufficient_evidence
price_family_ma9_structural_linked,placer_county_ca__county,structural_price_level,median_ppsf,24,0,0.0,0.0,0.0,0.0,0.0,0.0,0.0,0,0,,,,,,,,,,,,,,,,,,,,,False,False,False,False,False,False,0,0,0,insufficient_evidence
price_family_ma9_structural_linked,placer_county_ca__county,structural_price_level,median_sale_price,25,0,0.0,0.0,0.0,0.0,0.0,0.0,0.0,0,0,,,,,,,,,,,,,,,,,,,,,False,False,False,False,False,False,0,0,0,insufficient_evidence
price_family_ma9_structural_linked,poquoson_va__county,structural_price_level,median_ppsf,59,0,0.0,0.0,0.0,0.0,0.0,0.0,0.0,0,0,,,,,,,,,,,,,,,,,,,,,False,False,False,False,False,False,0,0,0,insufficient_evidence
price_family_ma9_structural_linked,poquoson_va__county,structural_price_level,median_sale_price,59,0,0.0,0.0,0.0,0.0,0.0,0.0,0.0,0,0,,,,,,,,,,,,,,,,,,,,,False,False,False,False,False,False,0,0,0,insufficient_evidence
price_family_ma9_structural_linked,portsmouth_va__county,structural_price_level,median_ppsf,31,0,0.0,0.0,0.0,0.0,0.0,0.0,0.0,0,0,,,,,,,,,,,,,,,,,,,,,False,False,False,False,False,False,0,0,0,insufficient_evidence
price_family_ma9_structural_linked,portsmouth_va__county,structural_price_level,median_sale_price,38,0,0.0,0.0,0.0,0.0,0.0,0.0,0.0,0,0,,,,,,,,,,,,,,,,,,,,,False,False,False,False,False,False,0,0,0,insufficient_evidence
price_family_ma9_structural_linked,powhatan_county_va__county,structural_price_level,median_ppsf,60,0,0.0,0.0,0.0,0.0,0.0,0.0,0.0,0,0,,,,,,,,,,,,,,,,,,,,,False,False,False,False,False,False,0,0,0,insufficient_evidence
price_family_ma9_structural_linked,powhatan_county_va__county,structural_price_level,median_sale_price,69,0,0.0,0.0,0.0,0.0,0.0,0.0,0.0,0,0,,,,,,,,,,,,,,,,,,,,,False,False,False,False,False,False,0,0,0,insufficient_evidence
price_family_ma9_structural_linked,prince_george_county_va__county,structural_price_level,median_ppsf,56,0,0.0,0.0,0.0,0.0,0.0,0.0,0.0,0,0,,,,,,,,,,,,,,,,,,,,,False,False,False,False,False,False,0,0,0,insufficient_evidence
price_family_ma9_structural_linked,prince_george_county_va__county,structural_price_level,median_sale_price,70,0,0.0,0.0,0.0,0.0,0.0,0.0,0.0,0,0,,,,,,,,,,,,,,,,,,,,,False,False,False,False,False,False,0,0,0,insufficient_evidence
price_family_ma9_structural_linked,prince_george_s_county_md__county,structural_price_level,median_ppsf,25,0,0.0,0.0,0.0,0.0,0.0,0.0,0.0,0,0,,,,,,,,,,,,,,,,,,,,,False,False,False,False,False,False,0,0,0,insufficient_evidence
price_family_ma9_structural_linked,prince_george_s_county_md__county,structural_price_level,median_sale_price,28,0,0.0,0.0,0.0,0.0,0.0,0.0,0.0,0,0,,,,,,,,,,,,,,,,,,,,,False,False,False,False,False,False,0,0,0,insufficient_evidence
price_family_ma9_structural_linked,prince_william_county_va__county,structural_price_level,median_ppsf,20,0,0.0,0.0,0.0,0.0,0.0,0.0,0.0,0,0,,,,,,,,,,,,,,,,,,,,,False,False,False,False,False,False,0,0,0,insufficient_evidence
price_family_ma9_structural_linked,prince_william_county_va__county,structural_price_level,median_sale_price,35,0,0.0,0.0,0.0,0.0,0.0,0.0,0.0,0,0,,,,,,,,,,,,,,,,,,,,,False,False,False,False,False,False,0,0,0,insufficient_evidence
price_family_ma9_structural_linked,pulaski_county_va__county,structural_price_level,median_ppsf,53,0,0.0,0.0,0.0,0.0,0.0,0.0,0.0,0,0,,,,,,,,,,,,,,,,,,,,,False,False,False,False,False,False,0,0,0,insufficient_evidence
price_family_ma9_structural_linked,pulaski_county_va__county,structural_price_level,median_sale_price,58,0,0.0,0.0,0.0,0.0,0.0,0.0,0.0,0,0,,,,,,,,,,,,,,,,,,,,,False,False,False,False,False,False,0,0,0,insufficient_evidence
price_family_ma9_structural_linked,queen_anne_s_county_md__county,structural_price_level,median_ppsf,56,0,0.0,0.0,0.0,0.0,0.0,0.0,0.0,0,0,,,,,,,,,,,,,,,,,,,,,False,False,False,False,False,False,0,0,0,insufficient_evidence
price_family_ma9_structural_linked,queen_anne_s_county_md__county,structural_price_level,median_sale_price,72,0,0.0,0.0,0.0,0.0,0.0,0.0,0.0,0,0,,,,,,,,,,,,,,,,,,,,,False,False,False,False,False,False,0,0,0,insufficient_evidence
price_family_ma9_structural_linked,radford_va__county,structural_price_level,median_ppsf,61,0,0.0,0.0,0.0,0.0,0.0,0.0,0.0,0,0,,,,,,,,,,,,,,,,,,,,,False,False,False,False,False,False,0,0,0,insufficient_evidence
price_family_ma9_structural_linked,radford_va__county,structural_price_level,median_sale_price,57,0,0.0,0.0,0.0,0.0,0.0,0.0,0.0,0,0,,,,,,,,,,,,,,,,,,,,,False,False,False,False,False,False,0,0,0,insufficient_evidence
price_family_ma9_structural_linked,rappahannock_county_va__county,structural_price_level,median_ppsf,76,0,0.0,0.0,0.0,0.0,0.0,0.0,0.0,0,0,,,,,,,,,,,,,,,,,,,,,False,False,False,False,False,False,0,0,0,insufficient_evidence
price_family_ma9_structural_linked,rappahannock_county_va__county,structural_price_level,median_sale_price,74,0,0.0,0.0,0.0,0.0,0.0,0.0,0.0,0,0,,,,,,,,,,,,,,,,,,,,,False,False,False,False,False,False,0,0,0,insufficient_evidence
price_family_ma9_structural_linked,red_bluff_ca_metro_area__cbsa_metro,structural_price_level,median_ppsf,52,0,0.0,0.0,0.0,0.0,0.0,0.0,0.0,0,0,,,,,,,,,,,,,,,,,,,,,False,False,False,False,False,False,0,0,0,insufficient_evidence
price_family_ma9_structural_linked,red_bluff_ca_metro_area__cbsa_metro,structural_price_level,median_sale_price,57,0,0.0,0.0,0.0,0.0,0.0,0.0,0.0,0,0,,,,,,,,,,,,,,,,,,,,,False,False,False,False,False,False,0,0,0,insufficient_evidence
price_family_ma9_structural_linked,redding_ca_metro_area__cbsa_metro,structural_price_level,median_ppsf,44,0,0.0,0.0,0.0,0.0,0.0,0.0,0.0,0,0,,,,,,,,,,,,,,,,,,,,,False,False,False,False,False,False,0,0,0,insufficient_evidence
price_family_ma9_structural_linked,redding_ca_metro_area__cbsa_metro,structural_price_level,median_sale_price,48,0,0.0,0.0,0.0,0.0,0.0,0.0,0.0,0,0,,,,,,,,,,,,,,,,,,,,,False,False,False,False,False,False,0,0,0,insufficient_evidence
price_family_ma9_structural_linked,richmond_city_county_va__county,structural_price_level,median_ppsf,34,0,0.0,0.0,0.0,0.0,0.0,0.0,0.0,0,0,,,,,,,,,,,,,,,,,,,,,False,False,False,False,False,False,0,0,0,insufficient_evidence
price_family_ma9_structural_linked,richmond_city_county_va__county,structural_price_level,median_sale_price,54,0,0.0,0.0,0.0,0.0,0.0,0.0,0.0,0,0,,,,,,,,,,,,,,,,,,,,,False,False,False,False,False,False,0,0,0,insufficient_evidence
price_family_ma9_structural_linked,richmond_va_metro_area__cbsa_metro,structural_price_level,median_ppsf,4,0,0.0,0.0,0.0,0.0,0.0,0.0,0.0,0,0,,,,,,,,,,,,,,,,,,,,,False,False,False,False,False,False,0,0,0,insufficient_evidence
price_family_ma9_structural_linked,richmond_va_metro_area__cbsa_metro,structural_price_level,median_sale_price,30,0,0.0,0.0,0.0,0.0,0.0,0.0,0.0,0,0,,,,,,,,,,,,,,,,,,,,,False,False,False,False,False,False,0,0,0,insufficient_evidence
price_family_ma9_structural_linked,riverside_ca_metro_area__cbsa_metro,structural_price_level,median_ppsf,8,0,0.0,0.0,0.0,0.0,0.0,0.0,0.0,0,0,,,,,,,,,,,,,,,,,,,,,False,False,False,False,False,False,0,0,0,insufficient_evidence
price_family_ma9_structural_linked,riverside_ca_metro_area__cbsa_metro,structural_price_level,median_sale_price,6,0,0.0,0.0,0.0,0.0,0.0,0.0,0.0,0,0,,,,,,,,,,,,,,,,,,,,,False,False,False,False,False,False,0,0,0,insufficient_evidence
price_family_ma9_structural_linked,riverside_county_ca__county,structural_price_level,median_ppsf,14,0,0.0,0.0,0.0,0.0,0.0,0.0,0.0,0,0,,,,,,,,,,,,,,,,,,,,,False,False,False,False,False,False,0,0,0,insufficient_evidence
price_family_ma9_structural_linked,riverside_county_ca__county,structural_price_level,median_sale_price,13,0,0.0,0.0,0.0,0.0,0.0,0.0,0.0,0,0,,,,,,,,,,,,,,,,,,,,,False,False,False,False,False,False,0,0,0,insufficient_evidence
price_family_ma9_structural_linked,roanoke_city_county_va__county,structural_price_level,median_ppsf,56,0,0.0,0.0,0.0,0.0,0.0,0.0,0.0,0,0,,,,,,,,,,,,,,,,,,,,,False,False,False,False,False,False,0,0,0,insufficient_evidence
price_family_ma9_structural_linked,roanoke_city_county_va__county,structural_price_level,median_sale_price,51,0,0.0,0.0,0.0,0.0,0.0,0.0,0.0,0,0,,,,,,,,,,,,,,,,,,,,,False,False,False,False,False,False,0,0,0,insufficient_evidence
price_family_ma9_structural_linked,roanoke_county_va__county,structural_price_level,median_ppsf,42,0,0.0,0.0,0.0,0.0,0.0,0.0,0.0,0,0,,,,,,,,,,,,,,,,,,,,,False,False,False,False,False,False,0,0,0,insufficient_evidence
price_family_ma9_structural_linked,roanoke_county_va__county,structural_price_level,median_sale_price,50,0,0.0,0.0,0.0,0.0,0.0,0.0,0.0,0,0,,,,,,,,,,,,,,,,,,,,,False,False,False,False,False,False,0,0,0,insufficient_evidence
price_family_ma9_structural_linked,roanoke_va_metro_area__cbsa_metro,structural_price_level,median_ppsf,41,0,0.0,0.0,0.0,0.0,0.0,0.0,0.0,0,0,,,,,,,,,,,,,,,,,,,,,False,False,False,False,False,False,0,0,0,insufficient_evidence
price_family_ma9_structural_linked,roanoke_va_metro_area__cbsa_metro,structural_price_level,median_sale_price,37,0,0.0,0.0,0.0,0.0,0.0,0.0,0.0,0,0,,,,,,,,,,,,,,,,,,,,,False,False,False,False,False,False,0,0,0,insufficient_evidence
price_family_ma9_structural_linked,rockingham_county_va__county,structural_price_level,median_ppsf,62,0,0.0,0.0,0.0,0.0,0.0,0.0,0.0,0,0,,,,,,,,,,,,,,,,,,,,,False,False,False,False,False,False,0,0,0,insufficient_evidence
price_family_ma9_structural_linked,rockingham_county_va__county,structural_price_level,median_sale_price,74,0,0.0,0.0,0.0,0.0,0.0,0.0,0.0,0,0,,,,,,,,,,,,,,,,,,,,,False,False,False,False,False,False,0,0,0,insufficient_evidence
price_family_ma9_structural_linked,sacramento_ca_metro_area__cbsa_metro,structural_price_level,median_ppsf,8,0,0.0,0.0,0.0,0.0,0.0,0.0,0.0,0,0,,,,,,,,,,,,,,,,,,,,,False,False,False,False,False,False,0,0,0,insufficient_evidence
price_family_ma9_structural_linked,sacramento_ca_metro_area__cbsa_metro,structural_price_level,median_sale_price,18,0,0.0,0.0,0.0,0.0,0.0,0.0,0.0,0,0,,,,,,,,,,,,,,,,,,,,,False,False,False,False,False,False,0,0,0,insufficient_evidence
price_family_ma9_structural_linked,sacramento_county_ca__county,structural_price_level,median_ppsf,14,0,0.0,0.0,0.0,0.0,0.0,0.0,0.0,0,0,,,,,,,,,,,,,,,,,,,,,False,False,False,False,False,False,0,0,0,insufficient_evidence
price_family_ma9_structural_linked,sacramento_county_ca__county,structural_price_level,median_sale_price,22,0,0.0,0.0,0.0,0.0,0.0,0.0,0.0,0,0,,,,,,,,,,,,,,,,,,,,,False,False,False,False,False,False,0,0,0,insufficient_evidence
price_family_ma9_structural_linked,salem_va__county,structural_price_level,median_ppsf,70,0,0.0,0.0,0.0,0.0,0.0,0.0,0.0,0,0,,,,,,,,,,,,,,,,,,,,,False,False,False,False,False,False,0,0,0,insufficient_evidence
price_family_ma9_structural_linked,salem_va__county,structural_price_level,median_sale_price,86,0,0.0,0.0,0.0,0.0,0.0,0.0,0.0,0,0,,,,,,,,,,,,,,,,,,,,,False,False,False,False,False,False,0,0,0,insufficient_evidence
price_family_ma9_structural_linked,salinas_ca_metro_area__cbsa_metro,structural_price_level,median_ppsf,41,0,0.0,0.0,0.0,0.0,0.0,0.0,0.0,0,0,,,,,,,,,,,,,,,,,,,,,False,False,False,False,False,False,0,0,0,insufficient_evidence
price_family_ma9_structural_linked,salinas_ca_metro_area__cbsa_metro,structural_price_level,median_sale_price,37,0,0.0,0.0,0.0,0.0,0.0,0.0,0.0,0,0,,,,,,,,,,,,,,,,,,,,,False,False,False,False,False,False,0,0,0,insufficient_evidence
price_family_ma9_structural_linked,san_benito_county_ca__county,structural_price_level,median_ppsf,52,0,0.0,0.0,0.0,0.0,0.0,0.0,0.0,0,0,,,,,,,,,,,,,,,,,,,,,False,False,False,False,False,False,0,0,0,insufficient_evidence
price_family_ma9_structural_linked,san_benito_county_ca__county,structural_price_level,median_sale_price,46,0,0.0,0.0,0.0,0.0,0.0,0.0,0.0,0,0,,,,,,,,,,,,,,,,,,,,,False,False,False,False,False,False,0,0,0,insufficient_evidence
price_family_ma9_structural_linked,san_bernardino_county_ca__county,structural_price_level,median_ppsf,17,0,0.0,0.0,0.0,0.0,0.0,0.0,0.0,0,0,,,,,,,,,,,,,,,,,,,,,False,False,False,False,False,False,0,0,0,insufficient_evidence
price_family_ma9_structural_linked,san_bernardino_county_ca__county,structural_price_level,median_sale_price,14,0,0.0,0.0,0.0,0.0,0.0,0.0,0.0,0,0,,,,,,,,,,,,,,,,,,,,,False,False,False,False,False,False,0,0,0,insufficient_evidence
price_family_ma9_structural_linked,san_diego_ca_metro_area__cbsa_metro,structural_price_level,median_ppsf,11,0,0.0,0.0,0.0,0.0,0.0,0.0,0.0,0,0,,,,,,,,,,,,,,,,,,,,,False,False,False,False,False,False,0,0,0,insufficient_evidence
price_family_ma9_structural_linked,san_diego_ca_metro_area__cbsa_metro,structural_price_level,median_sale_price,16,0,0.0,0.0,0.0,0.0,0.0,0.0,0.0,0,0,,,,,,,,,,,,,,,,,,,,,False,False,False,False,False,False,0,0,0,insufficient_evidence
price_family_ma9_structural_linked,san_diego_county_ca__county,structural_price_level,median_ppsf,10,0,0.0,0.0,0.0,0.0,0.0,0.0,0.0,0,0,,,,,,,,,,,,,,,,,,,,,False,False,False,False,False,False,0,0,0,insufficient_evidence
price_family_ma9_structural_linked,san_diego_county_ca__county,structural_price_level,median_sale_price,15,0,0.0,0.0,0.0,0.0,0.0,0.0,0.0,0,0,,,,,,,,,,,,,,,,,,,,,False,False,False,False,False,False,0,0,0,insufficient_evidence
price_family_ma9_structural_linked,san_francisco_ca_metro_area__cbsa_metro,structural_price_level,median_ppsf,22,0,0.0,0.0,0.0,0.0,0.0,0.0,0.0,0,0,,,,,,,,,,,,,,,,,,,,,False,False,False,False,False,False,0,0,0,insufficient_evidence
price_family_ma9_structural_linked,san_francisco_ca_metro_area__cbsa_metro,structural_price_level,median_sale_price,36,0,0.0,0.0,0.0,0.0,0.0,0.0,0.0,0,0,,,,,,,,,,,,,,,,,,,,,False,False,False,False,False,False,0,0,0,insufficient_evidence
price_family_ma9_structural_linked,san_francisco_county_ca__county,structural_price_level,median_ppsf,34,0,0.0,0.0,0.0,0.0,0.0,0.0,0.0,0,0,,,,,,,,,,,,,,,,,,,,,False,False,False,False,False,False,0,0,0,insufficient_evidence
price_family_ma9_structural_linked,san_francisco_county_ca__county,structural_price_level,median_sale_price,42,0,0.0,0.0,0.0,0.0,0.0,0.0,0.0,0,0,,,,,,,,,,,,,,,,,,,,,False,False,False,False,False,False,0,0,0,insufficient_evidence
price_family_ma9_structural_linked,san_joaquin_county_ca__county,structural_price_level,median_ppsf,12,0,0.0,0.0,0.0,0.0,0.0,0.0,0.0,0,0,,,,,,,,,,,,,,,,,,,,,False,False,False,False,False,False,0,0,0,insufficient_evidence
price_family_ma9_structural_linked,san_joaquin_county_ca__county,structural_price_level,median_sale_price,19,0,0.0,0.0,0.0,0.0,0.0,0.0,0.0,0,0,,,,,,,,,,,,,,,,,,,,,False,False,False,False,False,False,0,0,0,insufficient_evidence
price_family_ma9_structural_linked,san_jose_ca_metro_area__cbsa_metro,structural_price_level,median_ppsf,14,0,0.0,0.0,0.0,0.0,0.0,0.0,0.0,0,0,,,,,,,,,,,,,,,,,,,,,False,False,False,False,False,False,0,0,0,insufficient_evidence
price_family_ma9_structural_linked,san_jose_ca_metro_area__cbsa_metro,structural_price_level,median_sale_price,27,0,0.0,0.0,0.0,0.0,0.0,0.0,0.0,0,0,,,,,,,,,,,,,,,,,,,,,False,False,False,False,False,False,0,0,0,insufficient_evidence
price_family_ma9_structural_linked,san_luis_obispo_ca_metro_area__cbsa_metro,structural_price_level,median_ppsf,28,0,0.0,0.0,0.0,0.0,0.0,0.0,0.0,0,0,,,,,,,,,,,,,,,,,,,,,False,False,False,False,False,False,0,0,0,insufficient_evidence
price_family_ma9_structural_linked,san_luis_obispo_ca_metro_area__cbsa_metro,structural_price_level,median_sale_price,43,0,0.0,0.0,0.0,0.0,0.0,0.0,0.0,0,0,,,,,,,,,,,,,,,,,,,,,False,False,False,False,False,False,0,0,0,insufficient_evidence
price_family_ma9_structural_linked,san_luis_obispo_county_ca__county,structural_price_level,median_ppsf,28,0,0.0,0.0,0.0,0.0,0.0,0.0,0.0,0,0,,,,,,,,,,,,,,,,,,,,,False,False,False,False,False,False,0,0,0,insufficient_evidence
price_family_ma9_structural_linked,san_luis_obispo_county_ca__county,structural_price_level,median_sale_price,42,0,0.0,0.0,0.0,0.0,0.0,0.0,0.0,0,0,,,,,,,,,,,,,,,,,,,,,False,False,False,False,False,False,0,0,0,insufficient_evidence
price_family_ma9_structural_linked,san_mateo_county_ca__county,structural_price_level,median_ppsf,26,0,0.0,0.0,0.0,0.0,0.0,0.0,0.0,0,0,,,,,,,,,,,,,,,,,,,,,False,False,False,False,False,False,0,0,0,insufficient_evidence
price_family_ma9_structural_linked,san_mateo_county_ca__county,structural_price_level,median_sale_price,40,0,0.0,0.0,0.0,0.0,0.0,0.0,0.0,0,0,,,,,,,,,,,,,,,,,,,,,False,False,False,False,False,False,0,0,0,insufficient_evidence
price_family_ma9_structural_linked,san_rafael_ca_metro_area__cbsa_metro,structural_price_level,median_ppsf,41,0,0.0,0.0,0.0,0.0,0.0,0.0,0.0,0,0,,,,,,,,,,,,,,,,,,,,,False,False,False,False,False,False,0,0,0,insufficient_evidence
price_family_ma9_structural_linked,san_rafael_ca_metro_area__cbsa_metro,structural_price_level,median_sale_price,35,0,0.0,0.0,0.0,0.0,0.0,0.0,0.0,0,0,,,,,,,,,,,,,,,,,,,,,False,False,False,False,False,False,0,0,0,insufficient_evidence
price_family_ma9_structural_linked,santa_barbara_county_ca__county,structural_price_level,median_ppsf,71,0,0.0,0.0,0.0,0.0,0.0,0.0,0.0,0,0,,,,,,,,,,,,,,,,,,,,,False,False,False,False,False,False,0,0,0,insufficient_evidence
price_family_ma9_structural_linked,santa_barbara_county_ca__county,structural_price_level,median_sale_price,63,0,0.0,0.0,0.0,0.0,0.0,0.0,0.0,0,0,,,,,,,,,,,,,,,,,,,,,False,False,False,False,False,False,0,0,0,insufficient_evidence
price_family_ma9_structural_linked,santa_clara_county_ca__county,structural_price_level,median_ppsf,26,0,0.0,0.0,0.0,0.0,0.0,0.0,0.0,0,0,,,,,,,,,,,,,,,,,,,,,False,False,False,False,False,False,0,0,0,insufficient_evidence
price_family_ma9_structural_linked,santa_clara_county_ca__county,structural_price_level,median_sale_price,30,0,0.0,0.0,0.0,0.0,0.0,0.0,0.0,0,0,,,,,,,,,,,,,,,,,,,,,False,False,False,False,False,False,0,0,0,insufficient_evidence
price_family_ma9_structural_linked,santa_cruz_ca_metro_area__cbsa_metro,structural_price_level,median_ppsf,31,0,0.0,0.0,0.0,0.0,0.0,0.0,0.0,0,0,,,,,,,,,,,,,,,,,,,,,False,False,False,False,False,False,0,0,0,insufficient_evidence
price_family_ma9_structural_linked,santa_cruz_ca_metro_area__cbsa_metro,structural_price_level,median_sale_price,47,0,0.0,0.0,0.0,0.0,0.0,0.0,0.0,0,0,,,,,,,,,,,,,,,,,,,,,False,False,False,False,False,False,0,0,0,insufficient_evidence
price_family_ma9_structural_linked,santa_cruz_county_ca__county,structural_price_level,median_ppsf,32,0,0.0,0.0,0.0,0.0,0.0,0.0,0.0,0,0,,,,,,,,,,,,,,,,,,,,,False,False,False,False,False,False,0,0,0,insufficient_evidence
price_family_ma9_structural_linked,santa_cruz_county_ca__county,structural_price_level,median_sale_price,48,0,0.0,0.0,0.0,0.0,0.0,0.0,0.0,0,0,,,,,,,,,,,,,,,,,,,,,False,False,False,False,False,False,0,0,0,insufficient_evidence
price_family_ma9_structural_linked,santa_maria_ca_metro_area__cbsa_metro,structural_price_level,median_ppsf,69,0,0.0,0.0,0.0,0.0,0.0,0.0,0.0,0,0,,,,,,,,,,,,,,,,,,,,,False,False,False,False,False,False,0,0,0,insufficient_evidence
price_family_ma9_structural_linked,santa_maria_ca_metro_area__cbsa_metro,structural_price_level,median_sale_price,62,0,0.0,0.0,0.0,0.0,0.0,0.0,0.0,0,0,,,,,,,,,,,,,,,,,,,,,False,False,False,False,False,False,0,0,0,insufficient_evidence
price_family_ma9_structural_linked,santa_rosa_ca_metro_area__cbsa_metro,structural_price_level,median_ppsf,19,0,0.0,0.0,0.0,0.0,0.0,0.0,0.0,0,0,,,,,,,,,,,,,,,,,,,,,False,False,False,False,False,False,0,0,0,insufficient_evidence
price_family_ma9_structural_linked,santa_rosa_ca_metro_area__cbsa_metro,structural_price_level,median_sale_price,23,0,0.0,0.0,0.0,0.0,0.0,0.0,0.0,0,0,,,,,,,,,,,,,,,,,,,,,False,False,False,False,False,False,0,0,0,insufficient_evidence
price_family_ma9_structural_linked,shasta_county_ca__county,structural_price_level,median_ppsf,44,0,0.0,0.0,0.0,0.0,0.0,0.0,0.0,0,0,,,,,,,,,,,,,,,,,,,,,False,False,False,False,False,False,0,0,0,insufficient_evidence
price_family_ma9_structural_linked,shasta_county_ca__county,structural_price_level,median_sale_price,50,0,0.0,0.0,0.0,0.0,0.0,0.0,0.0,0,0,,,,,,,,,,,,,,,,,,,,,False,False,False,False,False,False,0,0,0,insufficient_evidence
price_family_ma9_structural_linked,solano_county_ca__county,structural_price_level,median_ppsf,16,0,0.0,0.0,0.0,0.0,0.0,0.0,0.0,0,0,,,,,,,,,,,,,,,,,,,,,False,False,False,False,False,False,0,0,0,insufficient_evidence
price_family_ma9_structural_linked,solano_county_ca__county,structural_price_level,median_sale_price,19,0,0.0,0.0,0.0,0.0,0.0,0.0,0.0,0,0,,,,,,,,,,,,,,,,,,,,,False,False,False,False,False,False,0,0,0,insufficient_evidence
price_family_ma9_structural_linked,somerset_county_nj__county,structural_price_level,median_ppsf,26,0,0.0,0.0,0.0,0.0,0.0,0.0,0.0,0,0,,,,,,,,,,,,,,,,,,,,,False,False,False,False,False,False,0,0,0,insufficient_evidence
price_family_ma9_structural_linked,somerset_county_nj__county,structural_price_level,median_sale_price,35,0,0.0,0.0,0.0,0.0,0.0,0.0,0.0,0,0,,,,,,,,,,,,,,,,,,,,,False,False,False,False,False,False,0,0,0,insufficient_evidence
price_family_ma9_structural_linked,sonoma_county_ca__county,structural_price_level,median_ppsf,20,0,0.0,0.0,0.0,0.0,0.0,0.0,0.0,0,0,,,,,,,,,,,,,,,,,,,,,False,False,False,False,False,False,0,0,0,insufficient_evidence
price_family_ma9_structural_linked,sonoma_county_ca__county,structural_price_level,median_sale_price,26,0,0.0,0.0,0.0,0.0,0.0,0.0,0.0,0,0,,,,,,,,,,,,,,,,,,,,,False,False,False,False,False,False,0,0,0,insufficient_evidence
price_family_ma9_structural_linked,sonora_ca_metro_area__cbsa_metro,structural_price_level,median_ppsf,45,0,0.0,0.0,0.0,0.0,0.0,0.0,0.0,0,0,,,,,,,,,,,,,,,,,,,,,False,False,False,False,False,False,0,0,0,insufficient_evidence
price_family_ma9_structural_linked,sonora_ca_metro_area__cbsa_metro,structural_price_level,median_sale_price,57,0,0.0,0.0,0.0,0.0,0.0,0.0,0.0,0,0,,,,,,,,,,,,,,,,,,,,,False,False,False,False,False,False,0,0,0,insufficient_evidence
price_family_ma9_structural_linked,southampton_county_va__county,structural_price_level,median_ppsf,68,0,0.0,0.0,0.0,0.0,0.0,0.0,0.0,0,0,,,,,,,,,,,,,,,,,,,,,False,False,False,False,False,False,0,0,0,insufficient_evidence
price_family_ma9_structural_linked,southampton_county_va__county,structural_price_level,median_sale_price,63,0,0.0,0.0,0.0,0.0,0.0,0.0,0.0,0,0,,,,,,,,,,,,,,,,,,,,,False,False,False,False,False,False,0,0,0,insufficient_evidence
price_family_ma9_structural_linked,spotsylvania_county_va__county,structural_price_level,median_ppsf,42,0,0.0,0.0,0.0,0.0,0.0,0.0,0.0,0,0,,,,,,,,,,,,,,,,,,,,,False,False,False,False,False,False,0,0,0,insufficient_evidence
price_family_ma9_structural_linked,spotsylvania_county_va__county,structural_price_level,median_sale_price,48,0,0.0,0.0,0.0,0.0,0.0,0.0,0.0,0,0,,,,,,,,,,,,,,,,,,,,,False,False,False,False,False,False,0,0,0,insufficient_evidence
price_family_ma9_structural_linked,st_mary_s_county_md__county,structural_price_level,median_ppsf,57,0,0.0,0.0,0.0,0.0,0.0,0.0,0.0,0,0,,,,,,,,,,,,,,,,,,,,,False,False,False,False,False,False,0,0,0,insufficient_evidence
price_family_ma9_structural_linked,st_mary_s_county_md__county,structural_price_level,median_sale_price,50,0,0.0,0.0,0.0,0.0,0.0,0.0,0.0,0,0,,,,,,,,,,,,,,,,,,,,,False,False,False,False,False,False,0,0,0,insufficient_evidence
price_family_ma9_structural_linked,stafford_county_va__county,structural_price_level,median_ppsf,50,0,0.0,0.0,0.0,0.0,0.0,0.0,0.0,0,0,,,,,,,,,,,,,,,,,,,,,False,False,False,False,False,False,0,0,0,insufficient_evidence
price_family_ma9_structural_linked,stafford_county_va__county,structural_price_level,median_sale_price,48,0,0.0,0.0,0.0,0.0,0.0,0.0,0.0,0,0,,,,,,,,,,,,,,,,,,,,,False,False,False,False,False,False,0,0,0,insufficient_evidence
price_family_ma9_structural_linked,stanislaus_county_ca__county,structural_price_level,median_ppsf,9,0,0.0,0.0,0.0,0.0,0.0,0.0,0.0,0,0,,,,,,,,,,,,,,,,,,,,,False,False,False,False,False,False,0,0,0,insufficient_evidence
price_family_ma9_structural_linked,stanislaus_county_ca__county,structural_price_level,median_sale_price,19,0,0.0,0.0,0.0,0.0,0.0,0.0,0.0,0,0,,,,,,,,,,,,,,,,,,,,,False,False,False,False,False,False,0,0,0,insufficient_evidence
price_family_ma9_structural_linked,staunton_va__county,structural_price_level,median_ppsf,56,0,0.0,0.0,0.0,0.0,0.0,0.0,0.0,0,0,,,,,,,,,,,,,,,,,,,,,False,False,False,False,False,False,0,0,0,insufficient_evidence
price_family_ma9_structural_linked,staunton_va__county,structural_price_level,median_sale_price,64,0,0.0,0.0,0.0,0.0,0.0,0.0,0.0,0,0,,,,,,,,,,,,,,,,,,,,,False,False,False,False,False,False,0,0,0,insufficient_evidence
price_family_ma9_structural_linked,staunton_va_metro_area__cbsa_metro,structural_price_level,median_ppsf,38,0,0.0,0.0,0.0,0.0,0.0,0.0,0.0,0,0,,,,,,,,,,,,,,,,,,,,,False,False,False,False,False,False,0,0,0,insufficient_evidence
price_family_ma9_structural_linked,staunton_va_metro_area__cbsa_metro,structural_price_level,median_sale_price,61,0,0.0,0.0,0.0,0.0,0.0,0.0,0.0,0,0,,,,,,,,,,,,,,,,,,,,,False,False,False,False,False,False,0,0,0,insufficient_evidence
price_family_ma9_structural_linked,stockton_ca_metro_area__cbsa_metro,structural_price_level,median_ppsf,9,0,0.0,0.0,0.0,0.0,0.0,0.0,0.0,0,0,,,,,,,,,,,,,,,,,,,,,False,False,False,False,False,False,0,0,0,insufficient_evidence
price_family_ma9_structural_linked,stockton_ca_metro_area__cbsa_metro,structural_price_level,median_sale_price,19,0,0.0,0.0,0.0,0.0,0.0,0.0,0.0,0,0,,,,,,,,,,,,,,,,,,,,,False,False,False,False,False,False,0,0,0,insufficient_evidence
price_family_ma9_structural_linked,suffolk_va__county,structural_price_level,median_ppsf,30,0,0.0,0.0,0.0,0.0,0.0,0.0,0.0,0,0,,,,,,,,,,,,,,,,,,,,,False,False,False,False,False,False,0,0,0,insufficient_evidence
price_family_ma9_structural_linked,suffolk_va__county,structural_price_level,median_sale_price,47,0,0.0,0.0,0.0,0.0,0.0,0.0,0.0,0,0,,,,,,,,,,,,,,,,,,,,,False,False,False,False,False,False,0,0,0,insufficient_evidence
price_family_ma9_structural_linked,susanville_ca_metro_area__cbsa_metro,structural_price_level,median_ppsf,64,0,0.0,0.0,0.0,0.0,0.0,0.0,0.0,0,0,,,,,,,,,,,,,,,,,,,,,False,False,False,False,False,False,0,0,0,insufficient_evidence
price_family_ma9_structural_linked,susanville_ca_metro_area__cbsa_metro,structural_price_level,median_sale_price,75,0,0.0,0.0,0.0,0.0,0.0,0.0,0.0,0,0,,,,,,,,,,,,,,,,,,,,,False,False,False,False,False,False,0,0,0,insufficient_evidence
price_family_ma9_structural_linked,sussex_county_nj__county,structural_price_level,median_ppsf,20,0,0.0,0.0,0.0,0.0,0.0,0.0,0.0,0,0,,,,,,,,,,,,,,,,,,,,,False,False,False,False,False,False,0,0,0,insufficient_evidence
price_family_ma9_structural_linked,sussex_county_nj__county,structural_price_level,median_sale_price,28,0,0.0,0.0,0.0,0.0,0.0,0.0,0.0,0,0,,,,,,,,,,,,,,,,,,,,,False,False,False,False,False,False,0,0,0,insufficient_evidence
price_family_ma9_structural_linked,sussex_county_va__county,structural_price_level,median_ppsf,80,0,0.0,0.0,0.0,0.0,0.0,0.0,0.0,0,0,,,,,,,,,,,,,,,,,,,,,False,False,False,False,False,False,0,0,0,insufficient_evidence
price_family_ma9_structural_linked,sussex_county_va__county,structural_price_level,median_sale_price,74,0,0.0,0.0,0.0,0.0,0.0,0.0,0.0,0,0,,,,,,,,,,,,,,,,,,,,,False,False,False,False,False,False,0,0,0,insufficient_evidence
price_family_ma9_structural_linked,sutter_county_ca__county,structural_price_level,median_ppsf,28,0,0.0,0.0,0.0,0.0,0.0,0.0,0.0,0,0,,,,,,,,,,,,,,,,,,,,,False,False,False,False,False,False,0,0,0,insufficient_evidence
price_family_ma9_structural_linked,sutter_county_ca__county,structural_price_level,median_sale_price,45,0,0.0,0.0,0.0,0.0,0.0,0.0,0.0,0,0,,,,,,,,,,,,,,,,,,,,,False,False,False,False,False,False,0,0,0,insufficient_evidence
price_family_ma9_structural_linked,talbot_county_md__county,structural_price_level,median_ppsf,79,0,0.0,0.0,0.0,0.0,0.0,0.0,0.0,0,0,,,,,,,,,,,,,,,,,,,,,False,False,False,False,False,False,0,0,0,insufficient_evidence
price_family_ma9_structural_linked,talbot_county_md__county,structural_price_level,median_sale_price,69,0,0.0,0.0,0.0,0.0,0.0,0.0,0.0,0,0,,,,,,,,,,,,,,,,,,,,,False,False,False,False,False,False,0,0,0,insufficient_evidence
price_family_ma9_structural_linked,tehama_county_ca__county,structural_price_level,median_ppsf,53,0,0.0,0.0,0.0,0.0,0.0,0.0,0.0,0,0,,,,,,,,,,,,,,,,,,,,,False,False,False,False,False,False,0,0,0,insufficient_evidence
price_family_ma9_structural_linked,tehama_county_ca__county,structural_price_level,median_sale_price,64,0,0.0,0.0,0.0,0.0,0.0,0.0,0.0,0,0,,,,,,,,,,,,,,,,,,,,,False,False,False,False,False,False,0,0,0,insufficient_evidence
price_family_ma9_structural_linked,trenton_nj_metro_area__cbsa_metro,structural_price_level,median_ppsf,33,0,0.0,0.0,0.0,0.0,0.0,0.0,0.0,0,0,,,,,,,,,,,,,,,,,,,,,False,False,False,False,False,False,0,0,0,insufficient_evidence
price_family_ma9_structural_linked,trenton_nj_metro_area__cbsa_metro,structural_price_level,median_sale_price,38,0,0.0,0.0,0.0,0.0,0.0,0.0,0.0,0,0,,,,,,,,,,,,,,,,,,,,,False,False,False,False,False,False,0,0,0,insufficient_evidence
price_family_ma9_structural_linked,truckee_ca_metro_area__cbsa_metro,structural_price_level,median_ppsf,37,0,0.0,0.0,0.0,0.0,0.0,0.0,0.0,0,0,,,,,,,,,,,,,,,,,,,,,False,False,False,False,False,False,0,0,0,insufficient_evidence
price_family_ma9_structural_linked,truckee_ca_metro_area__cbsa_metro,structural_price_level,median_sale_price,43,0,0.0,0.0,0.0,0.0,0.0,0.0,0.0,0,0,,,,,,,,,,,,,,,,,,,,,False,False,False,False,False,False,0,0,0,insufficient_evidence
price_family_ma9_structural_linked,tulare_county_ca__county,structural_price_level,median_ppsf,13,0,0.0,0.0,0.0,0.0,0.0,0.0,0.0,0,0,,,,,,,,,,,,,,,,,,,,,False,False,False,False,False,False,0,0,0,insufficient_evidence
price_family_ma9_structural_linked,tulare_county_ca__county,structural_price_level,median_sale_price,31,0,0.0,0.0,0.0,0.0,0.0,0.0,0.0,0,0,,,,,,,,,,,,,,,,,,,,,False,False,False,False,False,False,0,0,0,insufficient_evidence
price_family_ma9_structural_linked,tuolumne_county_ca__county,structural_price_level,median_ppsf,49,0,0.0,0.0,0.0,0.0,0.0,0.0,0.0,0,0,,,,,,,,,,,,,,,,,,,,,False,False,False,False,False,False,0,0,0,insufficient_evidence
price_family_ma9_structural_linked,tuolumne_county_ca__county,structural_price_level,median_sale_price,59,0,0.0,0.0,0.0,0.0,0.0,0.0,0.0,0,0,,,,,,,,,,,,,,,,,,,,,False,False,False,False,False,False,0,0,0,insufficient_evidence
price_family_ma9_structural_linked,ukiah_ca_metro_area__cbsa_metro,structural_price_level,median_ppsf,52,0,0.0,0.0,0.0,0.0,0.0,0.0,0.0,0,0,,,,,,,,,,,,,,,,,,,,,False,False,False,False,False,False,0,0,0,insufficient_evidence
price_family_ma9_structural_linked,ukiah_ca_metro_area__cbsa_metro,structural_price_level,median_sale_price,60,0,0.0,0.0,0.0,0.0,0.0,0.0,0.0,0,0,,,,,,,,,,,,,,,,,,,,,False,False,False,False,False,False,0,0,0,insufficient_evidence
price_family_ma9_structural_linked,union_county_nj__county,structural_price_level,median_ppsf,19,0,0.0,0.0,0.0,0.0,0.0,0.0,0.0,0,0,,,,,,,,,,,,,,,,,,,,,False,False,False,False,False,False,0,0,0,insufficient_evidence
price_family_ma9_structural_linked,union_county_nj__county,structural_price_level,median_sale_price,27,0,0.0,0.0,0.0,0.0,0.0,0.0,0.0,0,0,,,,,,,,,,,,,,,,,,,,,False,False,False,False,False,False,0,0,0,insufficient_evidence
price_family_ma9_structural_linked,vallejo_ca_metro_area__cbsa_metro,structural_price_level,median_ppsf,15,0,0.0,0.0,0.0,0.0,0.0,0.0,0.0,0,0,,,,,,,,,,,,,,,,,,,,,False,False,False,False,False,False,0,0,0,insufficient_evidence
price_family_ma9_structural_linked,vallejo_ca_metro_area__cbsa_metro,structural_price_level,median_sale_price,18,0,0.0,0.0,0.0,0.0,0.0,0.0,0.0,0,0,,,,,,,,,,,,,,,,,,,,,False,False,False,False,False,False,0,0,0,insufficient_evidence
price_family_ma9_structural_linked,ventura_county_ca__county,structural_price_level,median_ppsf,16,0,0.0,0.0,0.0,0.0,0.0,0.0,0.0,0,0,,,,,,,,,,,,,,,,,,,,,False,False,False,False,False,False,0,0,0,insufficient_evidence
price_family_ma9_structural_linked,ventura_county_ca__county,structural_price_level,median_sale_price,33,0,0.0,0.0,0.0,0.0,0.0,0.0,0.0,0,0,,,,,,,,,,,,,,,,,,,,,False,False,False,False,False,False,0,0,0,insufficient_evidence
price_family_ma9_structural_linked,vineland_nj_metro_area__cbsa_metro,structural_price_level,median_ppsf,46,0,0.0,0.0,0.0,0.0,0.0,0.0,0.0,0,0,,,,,,,,,,,,,,,,,,,,,False,False,False,False,False,False,0,0,0,insufficient_evidence
price_family_ma9_structural_linked,vineland_nj_metro_area__cbsa_metro,structural_price_level,median_sale_price,52,0,0.0,0.0,0.0,0.0,0.0,0.0,0.0,0,0,,,,,,,,,,,,,,,,,,,,,False,False,False,False,False,False,0,0,0,insufficient_evidence
price_family_ma9_structural_linked,virginia__state,structural_price_level,median_ppsf,20,0,0.0,0.0,0.0,0.0,0.0,0.0,0.0,0,0,,,,,,,,,,,,,,,,,,,,,False,False,False,False,False,False,0,0,0,insufficient_evidence
price_family_ma9_structural_linked,virginia__state,structural_price_level,median_sale_price,38,0,0.0,0.0,0.0,0.0,0.0,0.0,0.0,0,0,,,,,,,,,,,,,,,,,,,,,False,False,False,False,False,False,0,0,0,insufficient_evidence
price_family_ma9_structural_linked,virginia_beach_va__county,structural_price_level,median_ppsf,24,0,0.0,0.0,0.0,0.0,0.0,0.0,0.0,0,0,,,,,,,,,,,,,,,,,,,,,False,False,False,False,False,False,0,0,0,insufficient_evidence
price_family_ma9_structural_linked,virginia_beach_va__county,structural_price_level,median_sale_price,34,0,0.0,0.0,0.0,0.0,0.0,0.0,0.0,0,0,,,,,,,,,,,,,,,,,,,,,False,False,False,False,False,False,0,0,0,insufficient_evidence
price_family_ma9_structural_linked,virginia_beach_va_metro_area__cbsa_metro,structural_price_level,median_ppsf,9,0,0.0,0.0,0.0,0.0,0.0,0.0,0.0,0,0,,,,,,,,,,,,,,,,,,,,,False,False,False,False,False,False,0,0,0,insufficient_evidence
price_family_ma9_structural_linked,virginia_beach_va_metro_area__cbsa_metro,structural_price_level,median_sale_price,27,0,0.0,0.0,0.0,0.0,0.0,0.0,0.0,0,0,,,,,,,,,,,,,,,,,,,,,False,False,False,False,False,False,0,0,0,insufficient_evidence
price_family_ma9_structural_linked,visalia_ca_metro_area__cbsa_metro,structural_price_level,median_ppsf,10,0,0.0,0.0,0.0,0.0,0.0,0.0,0.0,0,0,,,,,,,,,,,,,,,,,,,,,False,False,False,False,False,False,0,0,0,insufficient_evidence
price_family_ma9_structural_linked,visalia_ca_metro_area__cbsa_metro,structural_price_level,median_sale_price,32,0,0.0,0.0,0.0,0.0,0.0,0.0,0.0,0,0,,,,,,,,,,,,,,,,,,,,,False,False,False,False,False,False,0,0,0,insufficient_evidence
price_family_ma9_structural_linked,warren_county_va__county,structural_price_level,median_ppsf,59,0,0.0,0.0,0.0,0.0,0.0,0.0,0.0,0,0,,,,,,,,,,,,,,,,,,,,,False,False,False,False,False,False,0,0,0,insufficient_evidence
price_family_ma9_structural_linked,warren_county_va__county,structural_price_level,median_sale_price,59,0,0.0,0.0,0.0,0.0,0.0,0.0,0.0,0,0,,,,,,,,,,,,,,,,,,,,,False,False,False,False,False,False,0,0,0,insufficient_evidence
price_family_ma9_structural_linked,washington_county_md__county,structural_price_level,median_ppsf,52,0,0.0,0.0,0.0,0.0,0.0,0.0,0.0,0,0,,,,,,,,,,,,,,,,,,,,,False,False,False,False,False,False,0,0,0,insufficient_evidence
price_family_ma9_structural_linked,washington_county_md__county,structural_price_level,median_sale_price,63,0,0.0,0.0,0.0,0.0,0.0,0.0,0.0,0,0,,,,,,,,,,,,,,,,,,,,,False,False,False,False,False,False,0,0,0,insufficient_evidence
price_family_ma9_structural_linked,washington_dc_metro_area__cbsa_metro,structural_price_level,median_ppsf,28,0,0.0,0.0,0.0,0.0,0.0,0.0,0.0,0,0,,,,,,,,,,,,,,,,,,,,,False,False,False,False,False,False,0,0,0,insufficient_evidence
price_family_ma9_structural_linked,washington_dc_metro_area__cbsa_metro,structural_price_level,median_sale_price,36,0,0.0,0.0,0.0,0.0,0.0,0.0,0.0,0,0,,,,,,,,,,,,,,,,,,,,,False,False,False,False,False,False,0,0,0,insufficient_evidence
price_family_ma9_structural_linked,waynesboro_va__county,structural_price_level,median_ppsf,64,0,0.0,0.0,0.0,0.0,0.0,0.0,0.0,0,0,,,,,,,,,,,,,,,,,,,,,False,False,False,False,False,False,0,0,0,insufficient_evidence
price_family_ma9_structural_linked,waynesboro_va__county,structural_price_level,median_sale_price,66,0,0.0,0.0,0.0,0.0,0.0,0.0,0.0,0,0,,,,,,,,,,,,,,,,,,,,,False,False,False,False,False,False,0,0,0,insufficient_evidence
price_family_ma9_structural_linked,williamsburg_va__county,structural_price_level,median_ppsf,69,0,0.0,0.0,0.0,0.0,0.0,0.0,0.0,0,0,,,,,,,,,,,,,,,,,,,,,False,False,False,False,False,False,0,0,0,insufficient_evidence
price_family_ma9_structural_linked,williamsburg_va__county,structural_price_level,median_sale_price,63,0,0.0,0.0,0.0,0.0,0.0,0.0,0.0,0,0,,,,,,,,,,,,,,,,,,,,,False,False,False,False,False,False,0,0,0,insufficient_evidence
price_family_ma9_structural_linked,winchester_va__county,structural_price_level,median_ppsf,72,0,0.0,0.0,0.0,0.0,0.0,0.0,0.0,0,0,,,,,,,,,,,,,,,,,,,,,False,False,False,False,False,False,0,0,0,insufficient_evidence
price_family_ma9_structural_linked,winchester_va__county,structural_price_level,median_sale_price,69,0,0.0,0.0,0.0,0.0,0.0,0.0,0.0,0,0,,,,,,,,,,,,,,,,,,,,,False,False,False,False,False,False,0,0,0,insufficient_evidence
price_family_ma9_structural_linked,winchester_va_metro_area__cbsa_metro,structural_price_level,median_ppsf,47,0,0.0,0.0,0.0,0.0,0.0,0.0,0.0,0,0,,,,,,,,,,,,,,,,,,,,,False,False,False,False,False,False,0,0,0,insufficient_evidence
price_family_ma9_structural_linked,winchester_va_metro_area__cbsa_metro,structural_price_level,median_sale_price,49,0,0.0,0.0,0.0,0.0,0.0,0.0,0.0,0,0,,,,,,,,,,,,,,,,,,,,,False,False,False,False,False,False,0,0,0,insufficient_evidence
price_family_ma9_structural_linked,wise_county_va__county,structural_price_level,median_ppsf,58,0,0.0,0.0,0.0,0.0,0.0,0.0,0.0,0,0,,,,,,,,,,,,,,,,,,,,,False,False,False,False,False,False,0,0,0,insufficient_evidence
price_family_ma9_structural_linked,wise_county_va__county,structural_price_level,median_sale_price,79,0,0.0,0.0,0.0,0.0,0.0,0.0,0.0,0,0,,,,,,,,,,,,,,,,,,,,,False,False,False,False,False,False,0,0,0,insufficient_evidence
price_family_ma9_structural_linked,yolo_county_ca__county,structural_price_level,median_ppsf,36,0,0.0,0.0,0.0,0.0,0.0,0.0,0.0,0,0,,,,,,,,,,,,,,,,,,,,,False,False,False,False,False,False,0,0,0,insufficient_evidence
price_family_ma9_structural_linked,yolo_county_ca__county,structural_price_level,median_sale_price,40,0,0.0,0.0,0.0,0.0,0.0,0.0,0.0,0,0,,,,,,,,,,,,,,,,,,,,,False,False,False,False,False,False,0,0,0,insufficient_evidence
price_family_ma9_structural_linked,york_county_va__county,structural_price_level,median_ppsf,37,0,0.0,0.0,0.0,0.0,0.0,0.0,0.0,0,0,,,,,,,,,,,,,,,,,,,,,False,False,False,False,False,False,0,0,0,insufficient_evidence
price_family_ma9_structural_linked,york_county_va__county,structural_price_level,median_sale_price,47,0,0.0,0.0,0.0,0.0,0.0,0.0,0.0,0,0,,,,,,,,,,,,,,,,,,,,,False,False,False,False,False,False,0,0,0,insufficient_evidence
price_family_ma9_structural_linked,yuba_city_ca_metro_area__cbsa_metro,structural_price_level,median_ppsf,25,0,0.0,0.0,0.0,0.0,0.0,0.0,0.0,0,0,,,,,,,,,,,,,,,,,,,,,False,False,False,False,False,False,0,0,0,insufficient_evidence
price_family_ma9_structural_linked,yuba_city_ca_metro_area__cbsa_metro,structural_price_level,median_sale_price,26,0,0.0,0.0,0.0,0.0,0.0,0.0,0.0,0,0,,,,,,,,,,,,,,,,,,,,,False,False,False,False,False,False,0,0,0,insufficient_evidence
price_family_ma9_structural_linked,yuba_county_ca__county,structural_price_level,median_ppsf,34,0,0.0,0.0,0.0,0.0,0.0,0.0,0.0,0,0,,,,,,,,,,,,,,,,,,,,,False,False,False,False,False,False,0,0,0,insufficient_evidence
price_family_ma9_structural_linked,yuba_county_ca__county,structural_price_level,median_sale_price,44,0,0.0,0.0,0.0,0.0,0.0,0.0,0.0,0,0,,,,,,,,,,,,,,,,,,,,,False,False,False,False,False,False,0,0,0,insufficient_evidence
