date,metric,stage,standardized_value,county_count
2006-05-31,employment,Raw,-1.3933552076067073,7
2006-05-31,labor_force,Raw,-2.1087859072453097,7
2006-05-31,laus_unemployment_rate,Raw,-0.7117215472646418,7
2006-06-30,employment,MA3,-1.3432198055741933,7
2006-06-30,employment,Raw,-1.2635587772705235,7
2006-06-30,labor_force,MA3,-2.027178498658507,7
2006-06-30,labor_force,Raw,-1.88696066943731,7
2006-06-30,laus_unemployment_rate,MA3,-0.629060768932554,7
2006-06-30,laus_unemployment_rate,Raw,-0.5101158516440433,7
2006-07-31,employment,MA3,-1.283838893535376,7
2006-07-31,employment,Raw,-1.1525154132698106,7
2006-07-31,labor_force,MA3,-1.9248204863646659,7
2006-07-31,labor_force,Raw,-1.6952666692034128,7
2006-07-31,laus_unemployment_rate,MA3,-0.5664354195308895,7
2006-07-31,laus_unemployment_rate,Raw,-0.4274456566837828,7
2006-08-31,employment,MA3,-1.243994374888014,7
2006-08-31,employment,MA6,-1.2991354328652212,7
2006-08-31,employment,Raw,-1.275093288577264,7
2006-08-31,labor_force,MA3,-1.859705010809088,7
2006-08-31,labor_force,MA6,-1.9606246063386146,7
2006-08-31,labor_force,Raw,-1.915185423860973,7
2006-08-31,laus_unemployment_rate,MA3,-0.5120494339611795,7
2006-08-31,laus_unemployment_rate,MA6,-0.5900337597268542,7
2006-08-31,laus_unemployment_rate,Raw,-0.5527736908393689,7
2006-09-30,employment,MA3,-1.2708446987386597,7
2006-09-30,employment,MA6,-1.31386873741543,7
2006-09-30,employment,Raw,-1.3430980556113228,7
2006-09-30,labor_force,MA3,-1.9089311311119646,7
2006-09-30,labor_force,MA6,-1.9874824067720165,7
2006-09-30,labor_force,Raw,-2.033593002033248,7
2006-09-30,laus_unemployment_rate,MA3,-0.5736739341721053,7
2006-09-30,laus_unemployment_rate,MA6,-0.6196243178774201,7
2006-09-30,laus_unemployment_rate,Raw,-0.6898164654359645,7
2006-10-31,employment,MA3,-1.2752924972109525,7
2006-10-31,employment,MA6,-1.293347682655261,7
2006-10-31,employment,MA9,-1.3053294196020115,7
2006-10-31,employment,Raw,-1.1654803744820765,7
2006-10-31,labor_force,MA3,-1.9710118714951153,7
2006-10-31,labor_force,MA6,-1.978965511509371,7
2006-10-31,labor_force,MA9,-2.002886844433412,7
2006-10-31,labor_force,Raw,-1.8790037801149142,7
2006-10-31,laus_unemployment_rate,MA3,-0.7116870767061908,7
2006-10-31,laus_unemployment_rate,MA6,-0.6642697421425438,7
2006-10-31,laus_unemployment_rate,MA9,-0.6872745741067673,7
2006-10-31,laus_unemployment_rate,Raw,-0.8307957537855565,7
2006-11-30,employment,MA3,-1.2376372122087216,7
2006-11-30,employment,MA6,-1.2540733224711542,7
2006-11-30,employment,MA9,-1.2901207418566827,7
2006-11-30,employment,Raw,-1.1635264134311918,7
2006-11-30,labor_force,MA3,-1.9469845880608487,7
2006-11-30,labor_force,MA6,-1.9335394238632702,7
2006-11-30,labor_force,MA9,-1.9913437941167849,7
2006-11-30,labor_force,Raw,-1.8457911327912726,7
2006-11-30,laus_unemployment_rate,MA3,-0.7945371504362602,7
2006-11-30,laus_unemployment_rate,MA6,-0.6790308652188565,7
2006-11-30,laus_unemployment_rate,MA9,-0.7143613013903438,7
2006-11-30,laus_unemployment_rate,Raw,-0.7947464528033408,7
2006-12-31,employment,MA3,-1.1588662883132739,7
2006-12-31,employment,MA6,-1.2276799378546757,7
2006-12-31,employment,MA9,-1.2716899721309176,7
2006-12-31,employment,Raw,-1.1097379761254706,7
2006-12-31,labor_force,MA3,-1.8736020216491152,7
2006-12-31,labor_force,MA6,-1.9208562064063197,7
2006-12-31,labor_force,MA9,-1.9788897019278147,7
2006-12-31,labor_force,Raw,-1.817251751278486,7
2006-12-31,laus_unemployment_rate,MA3,-0.8669028058673884,7
2006-12-31,laus_unemployment_rate,MA6,-0.7482422031828225,7
2006-12-31,laus_unemployment_rate,MA9,-0.7492773463213179,7
2006-12-31,laus_unemployment_rate,Raw,-0.901100916299252,7
2007-01-31,employment,MA3,-1.2112677870901851,7
2007-01-31,employment,MA6,-1.2564887863772145,7
2007-01-31,employment,MA9,-1.2818474725412838,7
2007-01-31,employment,Raw,-1.3202578743966984,7
2007-01-31,labor_force,MA3,-1.897937654405545,7
2007-01-31,labor_force,MA6,-1.9644968734236083,7
2007-01-31,labor_force,MA9,-1.9848958026828707,7
2007-01-31,labor_force,Raw,-1.951343497655962,7
2007-01-31,laus_unemployment_rate,MA3,-0.7892586922229023,7
2007-01-31,laus_unemployment_rate,MA6,-0.77929143901835,7
2007-01-31,laus_unemployment_rate,MA9,-0.7404061477264122,7
2007-01-31,laus_unemployment_rate,Raw,-0.6041125225195038,7
2007-02-28,employment,MA3,-1.2475971310669725,7
2007-02-28,employment,MA6,-1.2557518146833115,7
2007-02-28,employment,MA9,-1.2677859148771264,7
2007-02-28,employment,Raw,-1.270661750803742,7
2007-02-28,labor_force,MA3,-1.9225825271791006,7
2007-02-28,labor_force,MA6,-1.9642130851121469,7
2007-02-28,labor_force,MA9,-1.9623574242564792,7
2007-02-28,labor_force,Raw,-1.9192791316618756,7
2007-02-28,laus_unemployment_rate,MA3,-0.7640391166732775,7
2007-02-28,laus_unemployment_rate,MA6,-0.8089876579372506,7
2007-02-28,laus_unemployment_rate,MA9,-0.7416001959561476,7
2007-02-28,laus_unemployment_rate,Raw,-0.7212703990811083,7
2007-03-31,employment,MA3,-1.2673538918992278,7
2007-03-31,employment,MA6,-1.2258418011359449,7
2007-03-31,employment,MA9,-1.256720281088777,7
2007-03-31,employment,Raw,-1.167892094822612,7
2007-03-31,labor_force,MA3,-1.9285479421525547,7
2007-03-31,labor_force,MA6,-1.9296126313070232,7
2007-03-31,labor_force,MA9,-1.9554223920494418,7
2007-03-31,labor_force,Raw,-1.8355654549671208,7
2007-03-31,laus_unemployment_rate,MA3,-0.7373545197444059,7
2007-03-31,laus_unemployment_rate,MA6,-0.8323989349614076,7
2007-03-31,laus_unemployment_rate,MA9,-0.7794206799390165,7
2007-03-31,laus_unemployment_rate,Raw,-0.8236997479402576,7
2007-04-30,employment,MA3,-1.2268684172088573,7
2007-04-30,employment,MA6,-1.2318265490051092,7
2007-04-30,employment,MA9,-1.262160917528232,7
2007-04-30,employment,Raw,-1.2007623753338774,7
2007-04-30,labor_force,MA3,-1.917643224902826,7
2007-04-30,labor_force,MA6,-1.9359600954411664,7
2007-04-30,labor_force,MA9,-1.9806396421665884,7
2007-04-30,labor_force,Raw,-1.920618721883153,7
2007-04-30,laus_unemployment_rate,MA3,-0.8579688933625226,7
2007-04-30,laus_unemployment_rate,MA6,-0.8543042039484082,7
2007-04-30,laus_unemployment_rate,MA9,-0.8429682106138445,7
2007-04-30,laus_unemployment_rate,Raw,-0.957088516949317,7
2007-05-31,employment,MA3,-1.1951726870737627,7
2007-05-31,employment,MA6,-1.2341437562081254,7
2007-05-31,employment,MA9,-1.2507029868039896,7
2007-05-31,employment,Raw,-1.1773433793479178,7
2007-05-31,labor_force,MA3,-1.908967153894493,7
2007-05-31,labor_force,MA6,-1.9439407307386982,7
2007-05-31,labor_force,MA9,-1.9772934528391433,7
2007-05-31,labor_force,Raw,-1.8933472094784132,7
2007-05-31,laus_unemployment_rate,MA3,-0.9248195322793379,7
2007-05-31,laus_unemployment_rate,MA6,-0.8755589040879549,7
2007-05-31,laus_unemployment_rate,MA9,-0.8866875214907042,7
2007-05-31,laus_unemployment_rate,Raw,-0.9170480169220631,7
2007-06-30,employment,MA3,-1.15854762825229,7
2007-06-30,employment,MA6,-1.2255573842990977,7
2007-06-30,employment,MA9,-1.2178996784869647,7
2007-06-30,employment,Raw,-1.0600326492791572,7
2007-06-30,labor_force,MA3,-1.8401824345535778,7
2007-06-30,labor_force,MA6,-1.9118242135752561,7
2007-06-30,labor_force,MA9,-1.9301818756870968,7
2007-06-30,labor_force,Raw,-1.6324181099363335,7
2007-06-30,laus_unemployment_rate,MA3,-0.8656727135414187,7
2007-06-30,laus_unemployment_rate,MA6,-0.8311045908374874,7
2007-06-30,laus_unemployment_rate,MA9,-0.8817225456413428,7
2007-06-30,laus_unemployment_rate,Raw,-0.6511063898103339,7
2007-07-31,employment,MA3,-1.0542028393703478,7
2007-07-31,employment,MA6,-1.1520553241632971,7
2007-07-31,employment,MA9,-1.186232859382819,7
2007-07-31,employment,Raw,-0.89208645268206,7
2007-07-31,labor_force,MA3,-1.6556835198913877,7
2007-07-31,labor_force,MA6,-1.8121088113309156,7
2007-07-31,labor_force,MA9,-1.8708415026890133,7
2007-07-31,labor_force,Raw,-1.3760796090909593,7
2007-07-31,laus_unemployment_rate,MA3,-0.7499826300394364,7
2007-07-31,laus_unemployment_rate,MA6,-0.8335199078964068,7
2007-07-31,laus_unemployment_rate,MA9,-0.8558314525917909,7
2007-07-31,laus_unemployment_rate,Raw,-0.6188045901341921,7
2007-08-31,employment,MA3,-1.016566535644961,7
2007-08-31,employment,MA6,-1.1168661895268996,7
2007-08-31,employment,MA9,-1.1749113892074838,7
2007-08-31,employment,Raw,-1.0658460581456353,7
2007-08-31,labor_force,MA3,-1.5679141330466515,7
2007-08-31,labor_force,MA6,-1.762813568441166,7
2007-08-31,labor_force,MA9,-1.8456199395529558,7
2007-08-31,labor_force,Raw,-1.6357687129019804,7
2007-08-31,laus_unemployment_rate,MA3,-0.6871099907987287,7
2007-08-31,laus_unemployment_rate,MA6,-0.8354175897136848,7
2007-08-31,laus_unemployment_rate,MA9,-0.8480782057806049,7
2007-08-31,laus_unemployment_rate,Raw,-0.7333175077438762,7
2007-09-30,employment,MA3,-1.0317171122818605,7
2007-09-30,employment,MA6,-1.1059441595627564,7
2007-09-30,employment,MA9,-1.174315346929448,7
2007-09-30,employment,Raw,-1.104445912961745,7
2007-09-30,labor_force,MA3,-1.5865368532948578,7
2007-09-30,labor_force,MA6,-1.736960030129889,7
2007-09-30,labor_force,MA9,-1.8298177008221426,7
2007-09-30,labor_force,Raw,-1.6890080185450174,7
2007-09-30,laus_unemployment_rate,MA3,-0.728488231514696,7
2007-09-30,laus_unemployment_rate,MA6,-0.8262238102550253,7
2007-09-30,laus_unemployment_rate,MA9,-0.8321090126444612,7
2007-09-30,laus_unemployment_rate,Raw,-0.7719019452626324,7
2007-10-31,employment,MA3,-1.064625916735436,7
2007-10-31,employment,MA6,-1.0697567824318226,7
2007-10-31,employment,MA9,-1.1359371815157313,7
2007-10-31,employment,Raw,-0.9891170680693825,7
2007-10-31,labor_force,MA3,-1.654262783787858,7
2007-10-31,labor_force,MA6,-1.6774177934306105,7
2007-10-31,labor_force,MA9,-1.785436176786647,7
2007-10-31,labor_force,Raw,-1.576500370285946,7
2007-10-31,laus_unemployment_rate,MA3,-0.7993891445513006,7
2007-10-31,laus_unemployment_rate,MA6,-0.8031353962188754,7
2007-10-31,laus_unemployment_rate,MA9,-0.8586427683378088,7
2007-10-31,laus_unemployment_rate,Raw,-0.8262777585430235,7
2007-11-30,employment,MA3,-1.014222250111341,7
2007-11-30,employment,MA6,-1.0251249178005717,7
2007-11-30,employment,MA9,-1.094913909468884,7
2007-11-30,employment,Raw,-0.9163996897661508,7
2007-11-30,labor_force,MA3,-1.5977709205053858,7
2007-11-30,labor_force,MA6,-1.603429904126994,7
2007-11-30,labor_force,MA9,-1.7323215651889072,7
2007-11-30,labor_force,Raw,-1.4701893929731225,7
2007-11-30,laus_unemployment_rate,MA3,-0.845118349024465,7
2007-11-30,laus_unemployment_rate,MA6,-0.7942137055968874,7
2007-11-30,laus_unemployment_rate,MA9,-0.8758942179672716,7
2007-11-30,laus_unemployment_rate,Raw,-0.8671335157552911,7
2007-12-31,employment,MA3,-0.9653809598765675,7
2007-12-31,employment,MA6,-1.0080883643526735,7
2007-12-31,employment,MA9,-1.0708225584826838,7
2007-12-31,employment,Raw,-0.9597665231463205,7
2007-12-31,labor_force,MA3,-1.538578287660312,7
2007-12-31,labor_force,MA6,-1.582317643835429,7
2007-12-31,labor_force,MA9,-1.6942554446863067,7
2007-12-31,labor_force,Raw,-1.514623539651834,7
2007-12-31,laus_unemployment_rate,MA3,-0.8655925036253068,7
2007-12-31,laus_unemployment_rate,MA6,-0.8258824966803481,7
2007-12-31,laus_unemployment_rate,MA9,-0.8765720255321213,7
2007-12-31,laus_unemployment_rate,Raw,-0.8323789420761719,7
2008-01-31,employment,MA3,-0.9959269702112704,7
2008-01-31,employment,MA6,-1.0404004691009354,7
2008-01-31,employment,MA9,-1.0570314735844548,7
2008-01-31,employment,Raw,-1.0788940536567415,7
2008-01-31,labor_force,MA3,-1.5401789162893,7
2008-01-31,labor_force,MA6,-1.617621447512756,7
2008-01-31,labor_force,MA9,-1.6547053439147195,7
2008-01-31,labor_force,Raw,-1.5799472480291723,7
2008-01-31,laus_unemployment_rate,MA3,-0.7778108939130066,7
2008-01-31,laus_unemployment_rate,MA6,-0.8168970217937811,7
2008-01-31,laus_unemployment_rate,MA9,-0.829519171567048,7
2008-01-31,laus_unemployment_rate,Raw,-0.5705527532186739,7
2008-02-29,employment,MA3,-1.034335360076594,7
2008-02-29,employment,MA6,-1.0344032733577229,7
2008-02-29,employment,MA9,-1.0401568222764657,7
2008-02-29,employment,Raw,-1.0295537684163028,7
2008-02-29,labor_force,MA3,-1.5624437186156253,7
2008-02-29,labor_force,MA6,-1.6001532464980741,7
2008-02-29,labor_force,MA9,-1.6123376316929678,7
2008-02-29,labor_force,Raw,-1.5344821067645877,7
2008-02-29,laus_unemployment_rate,MA3,-0.7089097117494756,7
2008-02-29,laus_unemployment_rate,MA6,-0.8048171741175452,7
2008-02-29,laus_unemployment_rate,MA9,-0.798992983172817,7
2008-02-29,laus_unemployment_rate,Raw,-0.6659974614443777,7
2008-03-31,employment,MA3,-1.0313886299802004,7
2008-03-31,employment,MA6,-1.0082715070127268,7
2008-03-31,employment,MA9,-1.0278071099085262,7
2008-03-31,employment,Raw,-0.9505047308323099,7
2008-03-31,labor_force,MA3,-1.5287192299483447,7
2008-03-31,labor_force,MA6,-1.5529940514400928,7
2008-03-31,labor_force,MA9,-1.5864910680074629,7
2008-03-31,labor_force,Raw,-1.4138020703003236,7
2008-03-31,laus_unemployment_rate,MA3,-0.6357314919504058,7
2008-03-31,laus_unemployment_rate,MA6,-0.7773942535827577,7
2008-03-31,laus_unemployment_rate,MA9,-0.7946644056690398,7
2008-03-31,laus_unemployment_rate,Raw,-0.618649774936477,7
2008-04-30,employment,MA3,-0.9637165866765308,7
2008-04-30,employment,MA6,-0.9895249280558552,7
2008-04-30,employment,MA9,-1.0264562648565476,7
2008-04-30,employment,Raw,-0.8788696194934023,7
2008-04-30,labor_force,MA3,-1.4653861925739062,7
2008-04-30,labor_force,MA6,-1.5215862197826193,7
2008-04-30,labor_force,MA9,-1.5883734648742422,7
2008-04-30,labor_force,Raw,-1.3939325086443133,7
2008-04-30,laus_unemployment_rate,MA3,-0.7067869738811966,7
2008-04-30,laus_unemployment_rate,MA6,-0.768527629614522,7
2008-04-30,laus_unemployment_rate,MA9,-0.8133846723051941,7
2008-04-30,laus_unemployment_rate,Raw,-0.777939394502574,7
2008-05-31,employment,MA3,-0.9276594964424011,7
2008-05-31,employment,MA6,-0.9908527218933382,7
2008-05-31,employment,MA9,-1.0101740099031742,7
2008-05-31,employment,Raw,-0.9231457312711734,7
2008-05-31,labor_force,MA3,-1.394091564438048,7
2008-05-31,labor_force,MA6,-1.4970331374593189,7
2008-05-31,labor_force,MA9,-1.552233531449341,7
2008-05-31,labor_force,Raw,-1.3233672950740285,7
2008-05-31,laus_unemployment_rate,MA3,-0.6411333145463673,7
2008-05-31,laus_unemployment_rate,MA6,-0.6990231037637795,7
2008-05-31,laus_unemployment_rate,MA9,-0.7817369477309281,7
2008-05-31,laus_unemployment_rate,Raw,-0.47427607937820565,7
2008-06-30,employment,MA3,-0.8952923590383545,7
2008-06-30,employment,MA6,-0.973116129952427,7
2008-06-30,employment,MA9,-0.9816077864726254,7
2008-06-30,employment,Raw,-0.8548850868699558,7
2008-06-30,labor_force,MA3,-1.295169569242626,7
2008-06-30,labor_force,MA6,-1.42993458233766,7
2008-06-30,labor_force,MA9,-1.4866183567846263,7
2008-06-30,labor_force,Raw,-1.1210655288947946,7
2008-06-30,laus_unemployment_rate,MA3,-0.5015212079793188,7
2008-06-30,laus_unemployment_rate,MA6,-0.5893856468406131,7
2008-06-30,laus_unemployment_rate,MA9,-0.7136523255580659,7
2008-06-30,laus_unemployment_rate,Raw,-0.2101949592292248,7
2008-07-31,employment,MA3,-0.825002667763789,7
2008-07-31,employment,MA6,-0.9032261469396351,7
2008-07-31,employment,MA9,-0.9451004861813249,7
2008-07-31,employment,Raw,-0.6707820029519093,7
2008-07-31,labor_force,MA3,-1.0921747927277499,7
2008-07-31,labor_force,MA6,-1.2943158697147987,7
2008-07-31,labor_force,MA9,-1.3956813129078,7
2008-07-31,labor_force,Raw,-0.7945272299446648,7
2008-07-31,laus_unemployment_rate,MA3,-0.2567565506508784,7
2008-07-31,laus_unemployment_rate,MA6,-0.49997501993534615,7
2008-07-31,laus_unemployment_rate,MA9,-0.6212407796292322,7
2008-07-31,laus_unemployment_rate,Raw,-0.062053888674395354,7
2008-08-31,employment,MA3,-0.8097122404669462,7
2008-08-31,employment,MA6,-0.8773618025562905,7
2008-08-31,employment,MA9,-0.9410064814908498,7
2008-08-31,employment,Raw,-0.8774445134469389,7
2008-08-31,labor_force,MA3,-0.9937359639881702,7
2008-08-31,labor_force,MA6,-1.2080731168896013,7
2008-08-31,labor_force,MA9,-1.3453415847096102,7
2008-08-31,labor_force,Raw,-1.0329758460375884,7
2008-08-31,laus_unemployment_rate,MA3,-0.09829138796318689,7
2008-08-31,laus_unemployment_rate,MA6,-0.38449296725241394,7
2008-08-31,laus_unemployment_rate,MA9,-0.5177945791248304,7
2008-08-31,laus_unemployment_rate,Raw,-0.010546804297942096,7
2008-09-30,employment,MA3,-0.856239604323691,7
2008-09-30,employment,MA6,-0.8846064214401161,7
2008-09-30,employment,MA9,-0.9450687880180894,7
2008-09-30,employment,Raw,-0.9923891320259772,7
2008-09-30,labor_force,MA3,-1.0114798154115914,7
2008-09-30,labor_force,MA6,-1.16653894241486,7
2008-09-30,labor_force,MA9,-1.3058096013564704,7
2008-09-30,labor_force,Raw,-1.175228834066891,7
2008-09-30,laus_unemployment_rate,MA3,-0.04843801006923577,7
2008-09-30,laus_unemployment_rate,MA6,-0.2870482616994264,7
2008-09-30,laus_unemployment_rate,MA9,-0.4252812898457489,7
2008-09-30,laus_unemployment_rate,Raw,-0.06385180606608513,7
2008-10-31,employment,MA3,-0.942043180275245,7
2008-10-31,employment,MA6,-0.8925384270056302,7
2008-10-31,employment,MA9,-0.9272415379897154,7
2008-10-31,employment,Raw,-0.9247500525854291,7
2008-10-31,labor_force,MA3,-1.093736497608964,7
2008-10-31,labor_force,MA6,-1.104801915687667,7
2008-10-31,labor_force,MA9,-1.2420069388616777,7
2008-10-31,labor_force,Raw,-1.0389307132147336,7
2008-10-31,laus_unemployment_rate,MA3,-0.016687269128048004,7
2008-10-31,laus_unemployment_rate,MA6,-0.1448051593892364,7
2008-10-31,laus_unemployment_rate,MA9,-0.3530809734286421,7
2008-10-31,laus_unemployment_rate,Raw,0.03134105495171617,7
2008-11-30,employment,MA3,-0.9854633546484972,7
2008-11-30,employment,MA6,-0.9068620783490405,7
2008-11-30,employment,MA9,-0.9246726378134342,7
2008-11-30,employment,Raw,-1.0061306022786582,7
2008-11-30,labor_force,MA3,-1.1184597024556686,7
2008-11-30,labor_force,MA6,-1.0667907367447265,7
2008-11-30,labor_force,MA9,-1.1918075152609913,7
2008-11-30,labor_force,Raw,-1.108033914670747,7
2008-11-30,laus_unemployment_rate,MA3,0.020568335044202007,7
2008-11-30,laus_unemployment_rate,MA6,-0.04418986343781639,7
2008-11-30,laus_unemployment_rate,MA9,-0.2610395387071472,7
2008-11-30,laus_unemployment_rate,Raw,0.09885562732961602,7
2008-12-31,employment,MA3,-1.020437253055626,7
2008-12-31,employment,MA6,-0.9482542597958882,7
2008-12-31,employment,MA9,-0.9416476379993733,7
2008-12-31,employment,Raw,-1.0958940695071957,7
2008-12-31,labor_force,MA3,-1.1107923798725647,7
2008-12-31,labor_force,MA6,-1.0714869921993766,7
2008-12-31,labor_force,MA9,-1.1609908989528759,7
2008-12-31,labor_force,Raw,-1.152607390609975,7
2008-12-31,laus_unemployment_rate,MA3,0.13077498855685069,7
2008-12-31,laus_unemployment_rate,MA6,0.03821197446738649,7
2008-12-31,laus_unemployment_rate,MA9,-0.15552978153715105,7
2008-12-31,laus_unemployment_rate,Raw,0.25820075654268904,7
2009-01-31,employment,MA3,-1.16943693088739,7
2009-01-31,employment,MA6,-1.0675270100065708,7
2009-01-31,employment,MA9,-0.9983701679734178,7
2009-01-31,employment,Raw,-1.3649290356678656,7
2009-01-31,labor_force,MA3,-1.188969140020381,7
2009-01-31,labor_force,MA6,-1.1529735413609576,7
2009-01-31,labor_force,MA9,-1.1462781857148536,7
2009-01-31,labor_force,Raw,-1.2685544720227266,7
2009-01-31,laus_unemployment_rate,MA3,0.39174841659024934,7
2009-01-31,laus_unemployment_rate,MA6,0.18923622153364053,7
2009-01-31,laus_unemployment_rate,MA9,0.03417299021431699,7
2009-01-31,laus_unemployment_rate,Raw,0.7930062057576072,7
2009-02-28,employment,MA3,-1.2928060640499515,7
2009-02-28,employment,MA6,-1.152243171257187,7
2009-02-28,employment,MA9,-1.050554607082056,7
2009-02-28,employment,Raw,-1.3706130692791736,7
2009-02-28,labor_force,MA3,-1.2121399785704399,7
2009-02-28,labor_force,MA6,-1.1771059659076235,7
2009-02-28,labor_force,MA9,-1.1285738798117602,7
2009-02-28,labor_force,Raw,-1.1753736002687112,7
2009-02-28,laus_unemployment_rate,MA3,0.6991753801846649,7
2009-02-28,laus_unemployment_rate,MA6,0.3670779478480607,7
2009-02-28,laus_unemployment_rate,MA9,0.21182956382320897,7
2009-02-28,laus_unemployment_rate,Raw,0.9961155153818593,7
2009-03-31,employment,MA3,-1.3831842976908324,7
2009-03-31,employment,MA6,-1.2160676730075042,7
2009-03-31,employment,MA9,-1.1097225095886103,7
2009-03-31,employment,Raw,-1.3628126102228173,7
2009-03-31,labor_force,MA3,-1.2168362807762099,7
2009-03-31,labor_force,MA6,-1.1758270574419083,7
2009-03-31,labor_force,MA9,-1.1334509643305,7
2009-03-31,labor_force,Raw,-1.1653746394744593,7
2009-03-31,laus_unemployment_rate,MA3,0.9575678731848523,7
2009-03-31,laus_unemployment_rate,MA6,0.5575018826227823,7
2009-03-31,laus_unemployment_rate,MA9,0.3599343701191427,7
2009-03-31,laus_unemployment_rate,Raw,1.0117703075838953,7
2009-04-30,employment,MA3,-1.3722621126590357,7
2009-04-30,employment,MA6,-1.2862935216249944,7
2009-04-30,employment,MA9,-1.1865444498121855,7
2009-04-30,employment,Raw,-1.3330290668620357,7
2009-04-30,labor_force,MA3,-1.1905092848254277,7
2009-04-30,labor_force,MA6,-1.202448220966975,7
2009-04-30,labor_force,MA9,-1.1794076483310014,7
2009-04-30,labor_force,Raw,-1.1908739102311483,7
2009-04-30,laus_unemployment_rate,MA3,0.9892292760764791,7
2009-04-30,laus_unemployment_rate,MA6,0.7088551010509873,7
2009-04-30,laus_unemployment_rate,MA9,0.4749211837840332,7
2009-04-30,laus_unemployment_rate,Raw,0.8846565312757237,7
2009-05-31,employment,MA3,-1.3866639833115777,7
2009-05-31,employment,MA6,-1.3563891115153166,7
2009-05-31,employment,MA9,-1.2487796383834755,7
2009-05-31,employment,Raw,-1.4136428283246327,7
2009-05-31,labor_force,MA3,-1.1995701052726289,7
2009-05-31,labor_force,MA6,-1.2194183410749377,7
2009-05-31,labor_force,MA9,-1.1991370646807158,7
2009-05-31,labor_force,Raw,-1.2005746730315678,7
2009-05-31,laus_unemployment_rate,MA3,1.0426004262361654,7
2009-05-31,laus_unemployment_rate,MA6,0.8953033244633246,7
2009-05-31,laus_unemployment_rate,MA9,0.6158532945612766,7
2009-05-31,laus_unemployment_rate,Raw,1.151493531250073,7
2009-06-30,employment,MA3,-1.3810804048846488,7
2009-06-30,employment,MA6,-1.3995913751299276,7
2009-06-30,employment,MA9,-1.290117613434446,7
2009-06-30,employment,Raw,-1.3467132663223833,7
2009-06-30,labor_force,MA3,-1.1350321421273537,7
2009-06-30,labor_force,MA6,-1.1894532712533543,7
2009-06-30,labor_force,MA9,-1.1764629174853631,7
2009-06-30,labor_force,Raw,-0.973950188349117,7
2009-06-30,laus_unemployment_rate,MA3,1.196869161610665,7
2009-06-30,laus_unemployment_rate,MA6,1.1083936739666467,7
2009-06-30,laus_unemployment_rate,MA9,0.800906302545994,7
2009-06-30,laus_unemployment_rate,Raw,1.4625573737491833,7
2009-07-31,employment,MA3,-1.333142650172322,7
2009-07-31,employment,MA6,-1.3699092376618793,7
2009-07-31,employment,MA9,-1.3215228293232566,7
2009-07-31,employment,Raw,-1.1907346868507653,7
2009-07-31,labor_force,MA3,-0.9908878188612207,7
2009-07-31,labor_force,MA6,-1.1032760874055076,7
2009-07-31,labor_force,MA9,-1.1456190809491613,7
2009-07-31,labor_force,Raw,-0.7628527928276286,7
2009-07-31,laus_unemployment_rate,MA3,1.3995180929340667,7
2009-07-31,laus_unemployment_rate,MA6,1.229238923394148,7
2009-07-31,laus_unemployment_rate,MA9,0.9761399260389253,7
2009-07-31,laus_unemployment_rate,Raw,1.4775957753412474,7
2009-08-31,employment,MA3,-1.3360654941085417,7
2009-08-31,employment,MA6,-1.3788684229436616,7
2009-08-31,employment,MA9,-1.3701737376999579,7
2009-08-31,employment,Raw,-1.421917254315267,7
2009-08-31,labor_force,MA3,-0.9468645033854307,7
2009-08-31,labor_force,MA6,-1.0861335249390651,7
2009-08-31,labor_force,MA9,-1.1425172135999284,7
2009-08-31,labor_force,Raw,-1.069210501600708,7
2009-08-31,laus_unemployment_rate,MA3,1.511222858191461,7
2009-08-31,laus_unemployment_rate,MA6,1.314342623440453,7
2009-08-31,laus_unemployment_rate,MA9,1.143294091298966,7
2009-08-31,laus_unemployment_rate,Raw,1.4786474312650586,7
2009-09-30,employment,MA3,-1.4269532369157445,7
2009-09-30,employment,MA6,-1.422225357564231,7
2009-09-30,employment,MA9,-1.4306973777502858,7
2009-09-30,employment,Raw,-1.6152871376754356,7
2009-09-30,labor_force,MA3,-1.0584608698941078,7
2009-09-30,labor_force,MA6,-1.110446912469154,7
2009-09-30,labor_force,MA9,-1.1610036937371304,7
2009-09-30,labor_force,Raw,-1.3024994293207783,7
2009-09-30,laus_unemployment_rate,MA3,1.53295540742429,7
2009-09-30,laus_unemployment_rate,MA6,1.4048591012332199,7
2009-09-30,laus_unemployment_rate,MA9,1.296868539246581,7
2009-09-30,laus_unemployment_rate,Raw,1.5269483035424496,7
2009-10-31,employment,MA3,-1.5453497610604643,7
2009-10-31,employment,MA6,-1.4581504861411616,7
2009-10-31,employment,MA9,-1.4512683062792804,7
2009-10-31,employment,Raw,-1.5411730314948389,7
2009-10-31,labor_force,MA3,-1.2131898118586693,7
2009-10-31,labor_force,MA6,-1.1164840753066059,7
2009-10-31,labor_force,MA9,-1.1563369318714618,7
2009-10-31,labor_force,Raw,-1.2189481336560972,7
2009-10-31,laus_unemployment_rate,MA3,1.554143615377163,7
2009-10-31,laus_unemployment_rate,MA6,1.5198900562400313,7
2009-10-31,laus_unemployment_rate,MA9,1.3868731624562913,7
2009-10-31,laus_unemployment_rate,Raw,1.540180669688972,7
2009-11-30,employment,MA3,-1.5673339540450493,7
2009-11-30,employment,MA6,-1.4709268667340076,7
2009-11-30,employment,MA9,-1.4649539515883383,7
2009-11-30,employment,Raw,-1.4868397555059827,7
2009-11-30,labor_force,MA3,-1.262705861787625,7
2009-11-30,labor_force,MA6,-1.1197296179897527,7
2009-11-30,labor_force,MA9,-1.162256924552779,7
2009-11-30,labor_force,Raw,-1.2145374191849037,7
2009-11-30,laus_unemployment_rate,MA3,1.5298765367857803,7
2009-11-30,laus_unemployment_rate,MA6,1.5646054300010845,7
2009-11-30,laus_unemployment_rate,MA9,1.4362832891226618,7
2009-11-30,laus_unemployment_rate,Raw,1.4084828099214646,7
2009-12-31,employment,MA3,-1.5577960902879258,7
2009-12-31,employment,MA6,-1.5123485455041012,7
2009-12-31,employment,MA9,-1.4911059116480743,7
2009-12-31,employment,Raw,-1.586798358633795,7
2009-12-31,labor_force,MA3,-1.2766867798933401,7
2009-12-31,labor_force,MA6,-1.1841594223064276,7
2009-12-31,labor_force,MA9,-1.1840975734741446,7
2009-12-31,labor_force,Raw,-1.3418421686711208,7
2009-12-31,laus_unemployment_rate,MA3,1.4900745536460245,7
2009-12-31,laus_unemployment_rate,MA6,1.555104341932925,7
2009-12-31,laus_unemployment_rate,MA9,1.4840363584859932,7
2009-12-31,laus_unemployment_rate,Raw,1.4108266397368001,7
2010-01-31,employment,MA3,-1.4863704054097562,7
2010-01-31,employment,MA6,-1.5363365767775774,7
2010-01-31,employment,MA9,-1.4912654024589127,7
2010-01-31,employment,Raw,-1.3289213270121323,7
2010-01-31,labor_force,MA3,-1.1606160171596847,7
2010-01-31,labor_force,MA6,-1.2045671063851349,7
2010-01-31,labor_force,MA9,-1.149254341673032,7
2010-01-31,labor_force,Raw,-0.8728790294724403,7
2010-01-31,laus_unemployment_rate,MA3,1.5620181358805727,7
2010-01-31,laus_unemployment_rate,MA6,1.6031720178026494,7
2010-01-31,laus_unemployment_rate,MA9,1.5882826768522114,7
2010-01-31,laus_unemployment_rate,Raw,1.7494607470329855,7
2010-02-28,employment,MA3,-1.423274739212397,7
2010-02-28,employment,MA6,-1.5156060881831144,7
2010-02-28,employment,MA9,-1.4785205659560796,7
2010-02-28,employment,Raw,-1.2994018280040724,7
2010-02-28,labor_force,MA3,-1.0398704121946154,7
2010-02-28,labor_force,MA6,-1.1688001540524267,7
2010-02-28,labor_force,MA9,-1.1104651269609087,7
2010-02-28,labor_force,Raw,-0.8561530428240173,7
2010-02-28,laus_unemployment_rate,MA3,1.6438945295670835,7
2010-02-28,laus_unemployment_rate,MA6,1.632948085195888,7
2010-02-28,laus_unemployment_rate,MA9,1.6479393740557096,7
2010-02-28,laus_unemployment_rate,Raw,1.6466308521560362,7
2010-03-31,employment,MA3,-1.2883999363560255,7
2010-03-31,employment,MA6,-1.44253591212143,7
2010-03-31,employment,MA9,-1.4605238223614225,7
2010-03-31,employment,Raw,-1.1871283272629662,7
2010-03-31,labor_force,MA3,-0.8343665798842486,7
2010-03-31,labor_force,MA6,-1.0720471608035231,7
2010-03-31,labor_force,MA9,-1.083900646033723,7
2010-03-31,labor_force,Raw,-0.733503352289104,7
2010-03-31,laus_unemployment_rate,MA3,1.7078861834886916,7
2010-03-31,laus_unemployment_rate,MA6,1.645588209231264,7
2010-03-31,laus_unemployment_rate,MA9,1.6641526448771728,7
2010-03-31,laus_unemployment_rate,Raw,1.5971604908917179,7
2010-04-30,employment,MA3,-1.2035220720121487,7
2010-04-30,employment,MA6,-1.3634096796312682,7
2010-04-30,employment,MA9,-1.4476826479027773,7
2010-04-30,employment,Raw,-1.0777645147461428,7
2010-04-30,labor_force,MA3,-0.78458559983106,7
2010-04-30,labor_force,MA6,-0.9881007324335005,7
2010-04-30,labor_force,MA9,-1.0806753976581602,7
2010-04-30,labor_force,Raw,-0.7269210006218172,7
2010-04-30,laus_unemployment_rate,MA3,1.5513124743529272,7
2010-04-30,laus_unemployment_rate,MA6,1.602138502415425,7
2010-04-30,laus_unemployment_rate,MA9,1.6417632440169054,7
2010-04-30,laus_unemployment_rate,Raw,1.292578556185837,7
2010-05-31,employment,MA3,-1.1357774051215768,7
2010-05-31,employment,MA6,-1.2972518691370365,7
2010-05-31,employment,MA9,-1.4106579687309238,7
2010-05-31,employment,Raw,-1.0987964000297745,7
2010-05-31,labor_force,MA3,-0.7564990067327966,7
2010-05-31,labor_force,MA6,-0.9130328660507285,7
2010-05-31,labor_force,MA9,-1.0474532121128086,7
2010-05-31,labor_force,Raw,-0.771778021993369,7
2010-05-31,laus_unemployment_rate,MA3,1.4329916163738516,7
2010-05-31,laus_unemployment_rate,MA6,1.5836716128946404,7
2010-05-31,laus_unemployment_rate,MA9,1.6205166350994147,7
2010-05-31,laus_unemployment_rate,Raw,1.301103159580227,7
2010-06-30,employment,MA3,-1.094323080345045,7
2010-06-30,employment,MA6,-1.207982164536137,7
2010-06-30,employment,MA9,-1.3473172294382674,7
2010-06-30,employment,Raw,-1.0644485476080237,7
2010-06-30,labor_force,MA3,-0.7315134840350621,7
2010-06-30,labor_force,MA6,-0.7963885554148867,7
2010-06-30,labor_force,MA9,-0.9741739826110251,7
2010-06-30,labor_force,Raw,-0.6583236110769899,7
2010-06-30,laus_unemployment_rate,MA3,1.3929826397961171,7
2010-06-30,laus_unemployment_rate,MA6,1.5960309370908292,7
2010-06-30,laus_unemployment_rate,MA9,1.614928111500512,7
2010-06-30,laus_unemployment_rate,Raw,1.4810336846922123,7
2010-07-31,employment,MA3,-1.040407593349381,7
2010-07-31,employment,MA6,-1.1376710035952193,7
2010-07-31,employment,MA9,-1.2757019808980494,7
2010-07-31,employment,Raw,-0.9181530972480776,7
2010-07-31,labor_force,MA3,-0.6316883687711028,7
2010-07-31,labor_force,MA6,-0.7204908170709771,7
2010-07-31,labor_force,MA9,-0.8837956257121371,7
2010-07-31,labor_force,Raw,-0.430473084002609,7
2010-07-31,laus_unemployment_rate,MA3,1.4726510636602648,7
2010-07-31,laus_unemployment_rate,MA6,1.5561209430757243,7
2010-07-31,laus_unemployment_rate,MA9,1.6131498122788341,7
2010-07-31,laus_unemployment_rate,Raw,1.5261323885826705,7
2010-08-31,employment,MA3,-1.035198759192231,7
2010-08-31,employment,MA6,-1.1007301411545376,7
2010-08-31,employment,MA9,-1.2293582999494144,7
2010-08-31,employment,Raw,-1.0836854842686203,7
2010-08-31,labor_force,MA3,-0.5902395694582563,7
2010-08-31,labor_force,MA6,-0.6853238385445823,7
2010-08-31,labor_force,MA9,-0.8189514408018109,7
2010-08-31,labor_force,Raw,-0.6501243905853222,7
2010-08-31,laus_unemployment_rate,MA3,1.5351627984346785,7
2010-08-31,laus_unemployment_rate,MA6,1.5270822861379885,7
2010-08-31,laus_unemployment_rate,MA9,1.6223785689305685,7
2010-08-31,laus_unemployment_rate,Raw,1.4849538639159838,7
2010-09-30,employment,MA3,-1.050070158850434,7
2010-09-30,employment,MA6,-1.087241779238234,7
2010-09-30,employment,MA9,-1.1742020061175766,7
2010-09-30,employment,Raw,-1.1085686050525292,7
2010-09-30,labor_force,MA3,-0.6121901996190292,7
2010-09-30,labor_force,MA6,-0.6836675001054273,7
2010-09-30,labor_force,MA9,-0.7474638483234013,7
2010-09-30,labor_force,Raw,-0.7251736266133257,7
2010-09-30,laus_unemployment_rate,MA3,1.4967738606335914,7
2010-09-30,laus_unemployment_rate,MA6,1.4863344972722747,7
2010-09-30,laus_unemployment_rate,MA9,1.6171174309507936,7
2010-09-30,laus_unemployment_rate,Raw,1.369498866231058,7
2010-10-31,employment,MA3,-1.1032814770339452,7
2010-10-31,employment,MA6,-1.0869052590679875,7
2010-10-31,employment,MA9,-1.1448703361713084,7
2010-10-31,employment,Raw,-1.0759209245759658,7
2010-10-31,labor_force,MA3,-0.71786855645855,7
2010-10-31,labor_force,MA6,-0.6868352448562413,7
2010-10-31,labor_force,MA9,-0.7323686044636787,7
2010-10-31,labor_force,Raw,-0.7434294476226636,7
2010-10-31,laus_unemployment_rate,MA3,1.4231338355783154,7
2010-10-31,laus_unemployment_rate,MA6,1.4891664605739554,7
2010-10-31,laus_unemployment_rate,MA9,1.5635293137448119,7
2010-10-31,laus_unemployment_rate,Raw,1.3111628660823358,7
2010-11-30,employment,MA3,-1.1065028714387735,7
2010-11-30,employment,MA6,-1.0858547012419903,7
2010-11-30,employment,MA9,-1.1210526027312473,7
2010-11-30,employment,Raw,-1.0932698817466868,7
2010-11-30,labor_force,MA3,-0.7397553582234627,7
2010-11-30,labor_force,MA6,-0.6766297034789103,7
2010-11-30,labor_force,MA9,-0.7161152074120046,7
2010-11-30,labor_force,Raw,-0.7153066301299907,7
2010-11-30,laus_unemployment_rate,MA3,1.3772495204540907,7
2010-11-30,laus_unemployment_rate,MA6,1.4973480781063397,7
2010-11-30,laus_unemployment_rate,MA9,1.5271680050922687,7
2010-11-30,laus_unemployment_rate,Raw,1.3512148622694402,7
2010-12-31,employment,MA3,-1.0876486572286395,7
2010-12-31,employment,MA6,-1.0837679756422849,7
2010-12-31,employment,MA9,-1.1054918092831632,7
2010-12-31,employment,Raw,-1.052928819531264,7
2010-12-31,labor_force,MA3,-0.7492683062582115,7
2010-12-31,labor_force,MA6,-0.6923901970215736,7
2010-12-31,labor_force,MA9,-0.7184396489902999,7
2010-12-31,labor_force,Raw,-0.7523149983664835,7
2010-12-31,laus_unemployment_rate,MA3,1.3173085097584063,7
2010-12-31,laus_unemployment_rate,MA6,1.446473483056076,7
2010-12-31,laus_unemployment_rate,MA9,1.4778182873653356,7
2010-12-31,laus_unemployment_rate,Raw,1.1945270218481756,7
2011-01-31,employment,MA3,-1.1180040030292369,7
2011-01-31,employment,MA6,-1.1260587814725045,7
2011-01-31,employment,MA9,-1.1156991891430692,7
2011-01-31,employment,Raw,-1.1656588104712824,7
2011-01-31,labor_force,MA3,-0.7596741875442351,7
2011-01-31,labor_force,MA6,-0.7511832608452087,7
2011-01-31,labor_force,MA9,-0.7241861927107311,7
2011-01-31,labor_force,Raw,-0.7743101954504409,7
2011-01-31,laus_unemployment_rate,MA3,1.3713587201923454,7
2011-01-31,laus_unemployment_rate,MA6,1.4364004429319028,7
2011-01-31,laus_unemployment_rate,MA9,1.4987743014118955,7
2011-01-31,laus_unemployment_rate,Raw,1.468703617884838,7
2011-02-28,employment,MA3,-1.1173084273442355,7
2011-02-28,employment,MA6,-1.1273149811761802,7
2011-02-28,employment,MA9,-1.1147249047710903,7
2011-02-28,employment,Raw,-1.0910340329902184,7
2011-02-28,labor_force,MA3,-0.7632290369096614,7
2011-02-28,labor_force,MA6,-0.764150057187454,7
2011-02-28,labor_force,MA9,-0.7185440099368547,7
2011-02-28,labor_force,Raw,-0.7249814532773108,7
2011-02-28,laus_unemployment_rate,MA3,1.3830258524183165,7
2011-02-28,laus_unemployment_rate,MA6,1.4187631483704,7
2011-02-28,laus_unemployment_rate,MA9,1.508331423629708,7
2011-02-28,laus_unemployment_rate,Raw,1.3848281380791267,7
2011-03-31,employment,MA3,-1.104303004573565,7
2011-03-31,employment,MA6,-1.111182644329297,7
2011-03-31,employment,MA9,-1.1088615018908992,7
2011-03-31,employment,Raw,-1.0143152810771006,7
2011-03-31,labor_force,MA3,-0.7379928991359584,7
2011-03-31,labor_force,MA6,-0.7565470900562558,7
2011-03-31,labor_force,MA9,-0.7206241052343637,7
2011-03-31,labor_force,Raw,-0.676891377530023,7
2011-03-31,laus_unemployment_rate,MA3,1.4235854245670814,7
2011-03-31,laus_unemployment_rate,MA6,1.408805992487196,7
2011-03-31,laus_unemployment_rate,MA9,1.4877671510548185,7
2011-03-31,laus_unemployment_rate,Raw,1.3125960801699246,7
2011-04-30,employment,MA3,-1.0371183186428257,7
2011-04-30,employment,MA6,-1.0924171163666596,7
2011-04-30,employment,MA9,-1.114216486811481,7
2011-04-30,employment,Raw,-0.9672093695557923,7
2011-04-30,labor_force,MA3,-0.7122047426267565,7
2011-04-30,labor_force,MA6,-0.7486376493162231,7
2011-04-30,labor_force,MA9,-0.7513104667371735,7
2011-04-30,labor_force,Raw,-0.6983542574617242,7
2011-04-30,laus_unemployment_rate,MA3,1.2978018983266904,7
2011-04-30,laus_unemployment_rate,MA6,1.371791610849973,7
2011-04-30,laus_unemployment_rate,MA9,1.4362837912530106,7
2011-04-30,laus_unemployment_rate,Raw,1.101649440138207,7
2011-05-31,employment,MA3,-1.0060166543130815,7
2011-05-31,employment,MA6,-1.0762602462947093,7
2011-05-31,employment,MA9,-1.1043640425905399,7
2011-05-31,employment,Raw,-0.9993056707317771,7
2011-05-31,labor_force,MA3,-0.704273284005348,7
2011-05-31,labor_force,MA6,-0.7467521134535803,7
2011-05-31,labor_force,MA9,-0.7575813361853031,7
2011-05-31,labor_force,Raw,-0.700677793778495,7
2011-05-31,laus_unemployment_rate,MA3,1.2435239199119916,7
2011-05-31,laus_unemployment_rate,MA6,1.349779374694877,7
2011-05-31,laus_unemployment_rate,MA9,1.40485486112121,7
2011-05-31,laus_unemployment_rate,Raw,1.2266640100160717,7
2011-06-30,employment,MA3,-1.0035369395064069,7
2011-06-30,employment,MA6,-1.0684116473264047,7
2011-06-30,employment,MA9,-1.092619929253271,7
2011-06-30,employment,Raw,-1.0072995453361198,7
2011-06-30,labor_force,MA3,-0.6703711564321516,7
2011-06-30,labor_force,MA6,-0.7169697268746759,7
2011-06-30,labor_force,MA9,-0.7410838758162671,7
2011-06-30,labor_force,Raw,-0.5763523719432108,7
2011-06-30,laus_unemployment_rate,MA3,1.3223722048216848,7
2011-06-30,laus_unemployment_rate,MA6,1.411231598783786,7
2011-06-30,laus_unemployment_rate,MA9,1.4256233511549024,7
2011-06-30,laus_unemployment_rate,Raw,1.5434143195798689,7
2011-07-31,employment,MA3,-0.9644886853652318,7
2011-07-31,employment,MA6,-1.0145922543854782,7
2011-07-31,employment,MA9,-1.0667457821984787,7
2011-07-31,employment,Raw,-0.8513075310596241,7
2011-07-31,labor_force,MA3,-0.566863053183085,7
2011-07-31,labor_force,MA6,-0.6516247204641814,7
2011-07-31,labor_force,MA9,-0.7006488067614987,7
2011-07-31,labor_force,Raw,-0.39052010872746157,7
2011-07-31,laus_unemployment_rate,MA3,1.455137741133812,7
2011-07-31,laus_unemployment_rate,MA6,1.4145530985298629,7
2011-07-31,laus_unemployment_rate,MA9,1.4468962539117292,7
2011-07-31,laus_unemployment_rate,Raw,1.4899920968214295,7
2011-08-31,employment,MA3,-0.9555903710971461,7
2011-08-31,employment,MA6,-0.9943263545346736,7
2011-08-31,employment,MA9,-1.052837181386447,7
2011-08-31,employment,Raw,-0.972783563185695,7
2011-08-31,labor_force,MA3,-0.5180880547017391,7
2011-08-31,labor_force,MA6,-0.6229768310461757,7
2011-08-31,labor_force,MA9,-0.6827368499385402,7
2011-08-31,labor_force,Raw,-0.556549857945529,7
2011-08-31,laus_unemployment_rate,MA3,1.5309575723785156,7
2011-08-31,laus_unemployment_rate,MA6,1.4254813172880427,7
2011-08-31,laus_unemployment_rate,MA9,1.4584776177317782,7
2011-08-31,laus_unemployment_rate,Raw,1.4483117270910266,7
2011-09-30,employment,MA3,-0.9298443516197628,7
2011-09-30,employment,MA6,-0.9799403394737436,7
2011-09-30,employment,MA9,-1.038663343661304,7
2011-09-30,employment,Raw,-0.9309534719352751,7
2011-09-30,labor_force,MA3,-0.49836429589157355,7
2011-09-30,labor_force,MA6,-0.5954659900839143,7
2011-09-30,labor_force,MA9,-0.6555820662600997,7
2011-09-30,labor_force,Raw,-0.519398411357479,7
2011-09-30,laus_unemployment_rate,MA3,1.4748500928800614,7
2011-09-30,laus_unemployment_rate,MA6,1.4371066780518986,7
2011-09-30,laus_unemployment_rate,MA9,1.4807856282998835,7
2011-09-30,laus_unemployment_rate,Raw,1.3792550907113978,7
2011-10-31,employment,MA3,-0.9199870620780016,7
2011-10-31,employment,MA6,-0.9551745103039695,7
2011-10-31,employment,MA9,-0.9988323306793709,7
2011-10-31,employment,Raw,-0.822286604441457,7
2011-10-31,labor_force,MA3,-0.5241950883037049,7
2011-10-31,labor_force,MA6,-0.556138915661832,7
2011-10-31,labor_force,MA9,-0.6201838975143948,7
2011-10-31,labor_force,Raw,-0.4679764470653554,7
2011-10-31,laus_unemployment_rate,MA3,1.3833990419213402,7
2011-10-31,laus_unemployment_rate,MA6,1.458305958572332,7
2011-10-31,laus_unemployment_rate,MA9,1.4506589195234452,7
2011-10-31,laus_unemployment_rate,Raw,1.2225114325948196,7
2011-11-30,employment,MA3,-0.8652282053994346,7
2011-11-30,employment,MA6,-0.9228900588020965,7
2011-11-30,employment,MA9,-0.9663567160197483,7
2011-11-30,employment,Raw,-0.8107154719686955,7
2011-11-30,labor_force,MA3,-0.51971750851727,7
2011-11-30,labor_force,MA6,-0.529076143671524,7
2011-11-30,labor_force,MA9,-0.5994134776154488,7
2011-11-30,labor_force,Raw,-0.543111997592493,7
2011-11-30,laus_unemployment_rate,MA3,1.242205212426051,7
2011-11-30,laus_unemployment_rate,MA6,1.4245768930510145,7
2011-11-30,laus_unemployment_rate,MA9,1.4082049490249848,7
2011-11-30,laus_unemployment_rate,Raw,1.0356965880928164,7
2011-12-31,employment,MA3,-0.8219986635613103,7
2011-12-31,employment,MA6,-0.887922806647288,7
2011-12-31,employment,MA9,-0.9418752942293035,7
2011-12-31,employment,Raw,-0.8026352797937044,7
2011-12-31,labor_force,MA3,-0.5306069062349489,7
2011-12-31,labor_force,MA6,-0.5246532900186806,7
2011-12-31,labor_force,MA9,-0.5849118676925036,7
2011-12-31,labor_force,Raw,-0.5495612933424053,7
2011-12-31,laus_unemployment_rate,MA3,1.1199314824352393,7
2011-12-31,laus_unemployment_rate,MA6,1.3327319453762627,7
2011-12-31,laus_unemployment_rate,MA9,1.3729801976599554,7
2011-12-31,laus_unemployment_rate,Raw,1.021914830688671,7
2012-01-31,employment,MA3,-0.8701337227564009,7
2012-01-31,employment,MA6,-0.9072918432320817,7
2012-01-31,employment,MA9,-0.9417559863418685,7
2012-01-31,employment,Raw,-0.9642904414810813,7
2012-01-31,labor_force,MA3,-0.599540292619924,7
2012-01-31,labor_force,MA6,-0.572910560699078,7
2012-01-31,labor_force,MA9,-0.5824725128397351,7
2012-01-31,labor_force,Raw,-0.6697587686715354,7
2012-01-31,laus_unemployment_rate,MA3,1.1305997736700235,7
2012-01-31,laus_unemployment_rate,MA6,1.2912998228872365,7
2012-01-31,laus_unemployment_rate,MA9,1.3914340616756102,7
2012-01-31,laus_unemployment_rate,Raw,1.2531111387264229,7
2012-02-29,employment,MA3,-0.8870258736528172,7
2012-02-29,employment,MA6,-0.8880768997308996,7
2012-02-29,employment,MA9,-0.9257817231936788,7
2012-02-29,employment,Raw,-0.8603135324183038,7
2012-02-29,labor_force,MA3,-0.5922253609967234,7
2012-02-29,labor_force,MA6,-0.5670539690365384,7
2012-02-29,labor_force,MA9,-0.5617928676996528,7
2012-02-29,labor_force,Raw,-0.5208143335559315,7
2012-02-29,laus_unemployment_rate,MA3,1.2030064330677124,7
2012-02-29,laus_unemployment_rate,MA6,1.2560486160935553,7
2012-02-29,laus_unemployment_rate,MA9,1.3941442009084295,7
2012-02-29,laus_unemployment_rate,Raw,1.2464873107930106,7
2012-03-31,employment,MA3,-0.8772626568793329,7
2012-03-31,employment,MA6,-0.8613077049586165,7
2012-03-31,employment,MA9,-0.8988828650371692,7
2012-03-31,employment,Raw,-0.773455936505452,7
2012-03-31,labor_force,MA3,-0.5718704434707345,7
2012-03-31,labor_force,MA6,-0.5628414049989999,7
2012-03-31,labor_force,MA9,-0.5520431311321056,7
2012-03-31,labor_force,Raw,-0.48847423544528873,7
2012-03-31,laus_unemployment_rate,MA3,1.235491380576699,7
2012-03-31,laus_unemployment_rate,MA6,1.2099180562917462,7
2012-03-31,laus_unemployment_rate,MA9,1.3429756298104165,7
2012-03-31,laus_unemployment_rate,Raw,1.1163868123920946,7
2012-04-30,employment,MA3,-0.8034264867003165,7
2012-04-30,employment,MA6,-0.8483340794868716,7
2012-04-30,employment,MA9,-0.8866045583856825,7
2012-04-30,employment,Raw,-0.7456062749357117,7
2012-04-30,labor_force,MA3,-0.5494333710993614,7
2012-04-30,labor_force,MA6,-0.5869360265696383,7
2012-04-30,labor_force,MA9,-0.5770618197073027,7
2012-04-30,labor_force,Raw,-0.6028705432078356,7
2012-04-30,laus_unemployment_rate,MA3,1.0811735520641321,7
2012-04-30,laus_unemployment_rate,MA6,1.1360723011418572,7
2012-04-30,laus_unemployment_rate,MA9,1.2603536077780801,7
2012-04-30,laus_unemployment_rate,Raw,0.8021902693215749,7
2012-05-31,employment,MA3,-0.7507024664129481,7
2012-05-31,employment,MA6,-0.8302426885652923,7
2012-05-31,employment,MA9,-0.8556126302087005,7
2012-05-31,employment,Raw,-0.7039990032584483,7
2012-05-31,labor_force,MA3,-0.5345427069577054,7
2012-05-31,labor_force,MA6,-0.5760122892023721,7
2012-05-31,labor_force,MA9,-0.568341033839548,7
2012-05-31,labor_force,Raw,-0.4755754446483881,7
2012-05-31,laus_unemployment_rate,MA3,0.9783319472900395,7
2012-05-31,laus_unemployment_rate,MA6,1.1206249193002586,7
2012-05-31,laus_unemployment_rate,MA9,1.2001350809161255,7
2012-05-31,laus_unemployment_rate,Raw,0.9459798094389908,7
2012-06-30,employment,MA3,-0.7085237752380099,7
2012-06-30,employment,MA6,-0.8039958964140884,7
2012-06-30,employment,MA9,-0.8232203213975534,7
2012-06-30,employment,Raw,-0.6484103778123586,7
2012-06-30,labor_force,MA3,-0.47466707259965213,7
2012-06-30,labor_force,MA6,-0.535659990871857,7
2012-06-30,labor_force,MA9,-0.5454818684854377,7
2012-06-30,labor_force,Raw,-0.3103845309099558,7
2012-06-30,laus_unemployment_rate,MA3,1.004837613224672,7
2012-06-30,laus_unemployment_rate,MA6,1.1511629695735415,7
2012-06-30,laus_unemployment_rate,MA9,1.178027665083564,7
2012-06-30,laus_unemployment_rate,Raw,1.1938422070783734,7
2012-07-31,employment,MA3,-0.6404415750983583,7
2012-07-31,employment,MA6,-0.7321701650784548,7
2012-07-31,employment,MA9,-0.7913943134477485,7
2012-07-31,employment,Raw,-0.543517502802242,7
2012-07-31,labor_force,MA3,-0.3200406918025363,7
2012-07-31,labor_force,MA6,-0.4459735376740196,7
2012-07-31,labor_force,MA9,-0.5091185192467605,7
2012-07-31,labor_force,Raw,-0.14503428615794153,7
2012-07-31,laus_unemployment_rate,MA3,1.1509408199801758,7
2012-07-31,laus_unemployment_rate,MA6,1.1469666673833452,7
2012-07-31,laus_unemployment_rate,MA9,1.1791710155157955,7
2012-07-31,laus_unemployment_rate,Raw,1.229169546067725,7
2012-08-31,employment,MA3,-0.632016128984123,7
2012-08-31,employment,MA6,-0.7012895767011349,7
2012-08-31,employment,MA9,-0.7764444688919314,7
2012-08-31,employment,Raw,-0.6787173184541199,7
2012-08-31,labor_force,MA3,-0.2881904812662513,7
2012-08-31,labor_force,MA6,-0.42266139733205493,7
2012-08-31,labor_force,MA9,-0.49117038161486304,7
2012-08-31,labor_force,Raw,-0.38045069661559683,7
2012-08-31,laus_unemployment_rate,MA3,1.205944294412937,7
2012-08-31,laus_unemployment_rate,MA6,1.1222751981345076,7
2012-08-31,laus_unemployment_rate,MA9,1.1880698267399268,7
2012-08-31,laus_unemployment_rate,Raw,1.1070159017664203,7
2012-09-30,employment,MA3,-0.6057016507205889,7
2012-09-30,employment,MA6,-0.666570038603776,7
2012-09-30,employment,MA9,-0.7497139864602672,7
2012-09-30,employment,Raw,-0.5703001105612129,7
2012-09-30,labor_force,MA3,-0.29961358611459116,7
2012-09-30,labor_force,MA6,-0.3980822568286358,7
2012-09-30,labor_force,MA9,-0.4678056084677723,7
2012-09-30,labor_force,Raw,-0.34480118925482467,7
2012-09-30,laus_unemployment_rate,MA3,1.0916891738237036,7
2012-09-30,laus_unemployment_rate,MA6,1.077064591946415,7
2012-09-30,laus_unemployment_rate,MA9,1.1687725699443,7
2012-09-30,laus_unemployment_rate,Raw,0.859934416731292,7
2012-10-31,employment,MA3,-0.5643631052187905,7
2012-10-31,employment,MA6,-0.6111393421821442,7
2012-10-31,employment,MA9,-0.6870134240852809,7
2012-10-31,employment,Raw,-0.4212878195900343,7
2012-10-31,labor_force,MA3,-0.30750670688095594,7
2012-10-31,labor_force,MA6,-0.3235116640710002,7
2012-10-31,labor_force,MA9,-0.40987606984736713,7
2012-10-31,labor_force,Raw,-0.16922179255493755,7
2012-10-31,laus_unemployment_rate,MA3,0.9599097614971092,7
2012-10-31,laus_unemployment_rate,MA6,1.0844450369465064,7
2012-10-31,laus_unemployment_rate,MA9,1.1194095686593737,7
2012-10-31,laus_unemployment_rate,Raw,0.8439734432484609,7
2012-11-30,employment,MA3,-0.48304795628977715,7
2012-11-30,employment,MA6,-0.5656394747104322,7
2012-11-30,employment,MA9,-0.6382952375012962,7
2012-11-30,employment,Raw,-0.43797324058217457,7
2012-11-30,labor_force,MA3,-0.26144571572779035,7
2012-11-30,labor_force,MA6,-0.28378290501089154,7
2012-11-30,labor_force,MA9,-0.3781774509932445,7
2012-11-30,labor_force,Raw,-0.24586466217240083,7
2012-11-30,laus_unemployment_rate,MA3,0.8195637584890773,7
2012-11-30,laus_unemployment_rate,MA6,1.0403054054524896,7
2012-11-30,laus_unemployment_rate,MA9,1.052873085941509,7
2012-11-30,laus_unemployment_rate,Raw,0.6970486962268968,7
2012-12-31,employment,MA3,-0.440078833138351,7
2012-12-31,employment,MA6,-0.5304923586853328,7
2012-12-31,employment,MA9,-0.600171875997264,7
2012-12-31,employment,Raw,-0.44282954268691155,7
2012-12-31,labor_force,MA3,-0.21925955023884308,7
2012-12-31,labor_force,MA6,-0.26790240733514964,7
2012-12-31,labor_force,MA9,-0.3470681736319608,7
2012-12-31,labor_force,Raw,-0.22042086845056555,7
2012-12-31,laus_unemployment_rate,MA3,0.7886653728212613,7
2012-12-31,laus_unemployment_rate,MA6,0.9653817517353238,7
2012-12-31,laus_unemployment_rate,MA9,1.0108708013748475,7
2012-12-31,laus_unemployment_rate,Raw,0.770073737103459,7
2013-01-31,employment,MA3,-0.5020656479497171,7
2013-01-31,employment,MA6,-0.5408800082570965,7
2013-01-31,employment,MA9,-0.5840313853344821,7
2013-01-31,employment,Raw,-0.6044831187403117,7
2013-01-31,labor_force,MA3,-0.2526712809219167,7
2013-01-31,labor_force,MA6,-0.28854338073316005,7
2013-01-31,labor_force,MA9,-0.3080250296981717,7
2013-01-31,labor_force,Raw,-0.2686111945638121,7
2013-01-31,laus_unemployment_rate,MA3,0.8759394911102822,7
2013-01-31,laus_unemployment_rate,MA6,0.942474949696875,7
2013-01-31,laus_unemployment_rate,MA9,1.0467744250604345,7
2013-01-31,laus_unemployment_rate,Raw,1.098794766339221,7
2013-02-28,employment,MA3,-0.530057272917925,7
2013-02-28,employment,MA6,-0.5137553291878554,7
2013-02-28,employment,MA9,-0.5628861775675966,7
2013-02-28,employment,Raw,-0.5206329598342884,7
2013-02-28,labor_force,MA3,-0.24753026574565104,7
2013-02-28,labor_force,MA6,-0.2620703776703868,7
2013-02-28,labor_force,MA9,-0.2792284163226666,7
2013-02-28,labor_force,Raw,-0.231195304418604,7
2013-02-28,laus_unemployment_rate,MA3,0.9538506770830804,7
2013-02-28,laus_unemployment_rate,MA6,0.9103819038996885,7
2013-02-28,laus_unemployment_rate,MA9,1.044169739653613,7
2013-02-28,laus_unemployment_rate,Raw,0.9240156799553075,7
2013-03-31,employment,MA3,-0.5402116801307972,7
2013-03-31,employment,MA6,-0.49711461811456276,7
2013-03-31,employment,MA9,-0.5425854235894951,7
2013-03-31,employment,Raw,-0.47291877921005415,7
2013-03-31,labor_force,MA3,-0.2625934768684253,7
2013-03-31,labor_force,MA6,-0.2482424179763362,7
2013-03-31,labor_force,MA9,-0.27357394142493624,7
2013-03-31,labor_force,Raw,-0.26490629455366205,7
2013-03-31,laus_unemployment_rate,MA3,0.957753815386548,7
2013-03-31,laus_unemployment_rate,MA6,0.8963774887885464,7
2013-03-31,laus_unemployment_rate,MA9,0.9942330418299692,7
2013-03-31,laus_unemployment_rate,Raw,0.781254443013582,7
2013-04-30,employment,MA3,-0.4761789957855059,7
2013-04-30,employment,MA6,-0.49600484008425677,7
2013-04-30,employment,MA9,-0.5274885159389426,7
2013-04-30,employment,Raw,-0.415216036198331,7
2013-04-30,labor_force,MA3,-0.26802730277949294,7
2013-04-30,labor_force,MA6,-0.267781135388712,7
2013-04-30,labor_force,MA9,-0.28915817953529604,7
2013-04-30,labor_force,Raw,-0.28498091396019026,7
2013-04-30,laus_unemployment_rate,MA3,0.7720035239389659,7
2013-04-30,laus_unemployment_rate,MA6,0.845657783750857,7
2013-04-30,laus_unemployment_rate,MA9,0.9130323936910509,7
2013-04-30,laus_unemployment_rate,Raw,0.5559570791291865,7
2013-05-31,employment,MA3,-0.43263036866183074,7
2013-05-31,employment,MA6,-0.48805411989965325,7
2013-05-31,employment,MA9,-0.49413695601681046,7
2013-05-31,employment,Raw,-0.3920436845557083,7
2013-05-31,labor_force,MA3,-0.24481431982249302,7
2013-05-31,labor_force,MA6,-0.2531951611172742,7
2013-05-31,labor_force,MA9,-0.26308334150503754,7
2013-05-31,labor_force,Raw,-0.1630247773611133,7
2013-05-31,laus_unemployment_rate,MA3,0.7031753301566043,7
2013-05-31,laus_unemployment_rate,MA6,0.8505654789840351,7
2013-05-31,laus_unemployment_rate,MA9,0.8669402260235233,7
2013-05-31,laus_unemployment_rate,Raw,0.7225706931804308,7
2013-06-30,employment,MA3,-0.39985671200637196,7
2013-06-30,employment,MA6,-0.4765206808753502,7
2013-06-30,employment,MA9,-0.47163157405664485,7
2013-06-30,employment,Raw,-0.37610857210653303,7
2013-06-30,labor_force,MA3,-0.15606312199141772,7
2013-06-30,labor_force,MA6,-0.2154348545322657,7
2013-06-30,labor_force,MA9,-0.22293748718562384,7
2013-06-30,labor_force,Raw,-0.00438766597783667,7
2013-06-30,laus_unemployment_rate,MA3,0.7819430785709348,7
2013-06-30,laus_unemployment_rate,MA6,0.8933024669650462,7
2013-06-30,laus_unemployment_rate,MA9,0.8852446240846878,7
2013-06-30,laus_unemployment_rate,Raw,1.0108927668216041,7
2013-07-31,employment,MA3,-0.3513121014197593,7
2013-07-31,employment,MA6,-0.41942984058215443,7
2013-07-31,employment,MA9,-0.4543414350556664,7
2013-07-31,employment,Raw,-0.27121739279171997,7
2013-07-31,labor_force,MA3,-0.0281121276723173,7
2013-07-31,labor_force,MA6,-0.1530271252609394,7
2013-07-31,labor_force,MA9,-0.19204246931109775,7
2013-07-31,labor_force,Raw,0.09259487598414938,7
2013-07-31,laus_unemployment_rate,MA3,0.9094214702112577,7
2013-07-31,laus_unemployment_rate,MA6,0.8633418253491859,7
2013-07-31,laus_unemployment_rate,MA9,0.8956447108958472,7
2013-07-31,laus_unemployment_rate,Raw,0.9280500011261033,7
2013-08-31,employment,MA3,-0.3684844257137064,7
2013-08-31,employment,MA6,-0.40599682962605554,7
2013-08-31,employment,MA9,-0.45481750015109995,7
2013-08-31,employment,Raw,-0.44287769097720814,7
2013-08-31,labor_force,MA3,-0.03375990365568281,7
2013-08-31,labor_force,MA6,-0.1439100772901909,7
2013-08-31,labor_force,MA9,-0.18389042010942247,7
2013-08-31,labor_force,Raw,-0.18035765730949432,7
2013-08-31,laus_unemployment_rate,MA3,0.937303021501067,7
2013-08-31,laus_unemployment_rate,MA6,0.8422432770940959,7
2013-08-31,laus_unemployment_rate,MA9,0.9089031384961269,7
2013-08-31,laus_unemployment_rate,Raw,0.8041459317542122,7
2013-09-30,employment,MA3,-0.3755054908295658,7
2013-09-30,employment,MA6,-0.39278716414037174,7
2013-09-30,employment,MA9,-0.4492536091825157,7
2013-09-30,employment,Raw,-0.397079531372832,7
2013-09-30,labor_force,MA3,-0.08674117949747284,7
2013-09-30,labor_force,MA6,-0.12502873734308453,7
2013-09-30,labor_force,MA9,-0.17600879451112567,7
2013-09-30,labor_force,Raw,-0.16259146095112417,7
2013-09-30,laus_unemployment_rate,MA3,0.8226591524177509,7
2013-09-30,laus_unemployment_rate,MA6,0.8238888164119003,7
2013-09-30,laus_unemployment_rate,MA9,0.8978516900088043,7
2013-09-30,laus_unemployment_rate,Raw,0.6756033601253534,7
2013-10-31,employment,MA3,-0.4455485101471437,7
2013-10-31,employment,MA6,-0.403610690472927,7
2013-10-31,employment,MA9,-0.4344656376774299,7
2013-10-31,employment,Raw,-0.47910748777774126,7
2013-10-31,labor_force,MA3,-0.2092679467724799,7
2013-10-31,labor_force,MA6,-0.12203128822216572,7
2013-10-31,labor_force,MA9,-0.17568341384861702,7
2013-10-31,labor_force,Raw,-0.27016454084546854,7
2013-10-31,laus_unemployment_rate,MA3,0.7663731528830083,7
2013-10-31,laus_unemployment_rate,MA6,0.8605954171055423,7
2013-10-31,laus_unemployment_rate,MA9,0.8574665002235579,7
2013-10-31,laus_unemployment_rate,Raw,0.7635125475363193,7
2013-11-30,employment,MA3,-0.40998600971486493,7
2013-11-30,employment,MA6,-0.39423700221590446,7
2013-11-30,employment,MA9,-0.4131261970890537,7
2013-11-30,employment,Raw,-0.3375536464318835,7
2013-11-30,labor_force,MA3,-0.22983530565079915,7
2013-11-30,labor_force,MA6,-0.13517379669146457,7
2013-11-30,labor_force,MA9,-0.17646138367623773,7
2013-11-30,labor_force,Raw,-0.2411818404793807,7
2013-11-30,laus_unemployment_rate,MA3,0.6239914732541153,7
2013-11-30,laus_unemployment_rate,MA6,0.8015288159295827,7
2013-11-30,laus_unemployment_rate,MA9,0.7928098123283409,7
2013-11-30,laus_unemployment_rate,Raw,0.38792750586439373,7
2013-12-31,employment,MA3,-0.39167883909884893,7
2013-12-31,employment,MA6,-0.3884662188262925,7
2013-12-31,employment,MA9,-0.39792434925285136,7
2013-12-31,employment,Raw,-0.3424706116412764,7
2013-12-31,labor_force,MA3,-0.2919079672910283,7
2013-12-31,labor_force,MA6,-0.1937376521496603,7
2013-12-31,labor_force,MA9,-0.1852218533559465,7
2013-12-31,labor_force,Raw,-0.3436031514721322,7
2013-12-31,laus_unemployment_rate,MA3,0.4735313174918759,7
2013-12-31,laus_unemployment_rate,MA6,0.664963393605474,7
2013-12-31,laus_unemployment_rate,MA9,0.7272851288767421,7
2013-12-31,laus_unemployment_rate,Raw,0.23572546972576894,7
2014-01-31,employment,MA3,-0.37661099612934373,7
2014-01-31,employment,MA6,-0.4162512131219383,7
2014-01-31,employment,MA9,-0.40012104934986503,7
2014-01-31,employment,Raw,-0.43383784341531545,7
2014-01-31,labor_force,MA3,-0.31886903286329005,7
2014-01-31,labor_force,MA6,-0.26971675062173184,7
2014-01-31,labor_force,MA9,-0.19251127510645644,7
2014-01-31,labor_force,Raw,-0.34886401699309333,7
2014-01-31,laus_unemployment_rate,MA3,0.37540417030292045,7
2014-01-31,laus_unemployment_rate,MA6,0.5855100079997964,7
2014-01-31,laus_unemployment_rate,MA9,0.7180719284150066,7
2014-01-31,laus_unemployment_rate,Raw,0.47595592351977695,7
2014-02-28,employment,MA3,-0.37704438620219666,7
2014-02-28,employment,MA6,-0.3984019123063232,7
2014-02-28,employment,MA9,-0.3939185075966974,7
2014-02-28,employment,Raw,-0.33847472007344326,7
2014-02-28,labor_force,MA3,-0.3055517002925506,7
2014-02-28,labor_force,MA6,-0.27338865955005737,7
2014-02-28,labor_force,MA9,-0.19674366995530704,7
2014-02-28,labor_force,Raw,-0.2015646159531092,7
2014-02-28,laus_unemployment_rate,MA3,0.4119792073586152,7
2014-02-28,laus_unemployment_rate,MA6,0.5310758839951273,7
2014-02-28,laus_unemployment_rate,MA9,0.6906243135982949,7
2014-02-28,laus_unemployment_rate,Raw,0.4941959139942694,7
2014-03-31,employment,MA3,-0.3491252416906595,7
2014-03-31,employment,MA6,-0.3749960083799513,7
2014-03-31,employment,MA9,-0.38039056877894334,7
2014-03-31,employment,Raw,-0.25973538646862354,7
2014-03-31,labor_force,MA3,-0.23077208321638962,7
2014-03-31,labor_force,MA6,-0.26718059074606726,7
2014-03-31,labor_force,MA9,-0.21040004353081584,7
2014-03-31,labor_force,Raw,-0.12368619154947989,7
2014-03-31,laus_unemployment_rate,MA3,0.48690931776367624,7
2014-03-31,laus_unemployment_rate,MA6,0.49226241008875576,7
2014-03-31,laus_unemployment_rate,MA9,0.6237256758088299,7
2014-03-31,laus_unemployment_rate,Raw,0.45415166897811926,7
2014-04-30,employment,MA3,-0.2862488925198061,7
2014-04-30,employment,MA6,-0.3354370776429576,7
2014-04-30,employment,MA9,-0.37740671956693317,7
2014-04-30,employment,Raw,-0.24799470551853148,7
2014-04-30,labor_force,MA3,-0.21930949961641502,7
2014-04-30,labor_force,MA6,-0.27507913284682284,7
2014-04-30,labor_force,MA9,-0.25759934527755485,7
2014-04-30,labor_force,Raw,-0.3155833434250858,7
2014-04-30,laus_unemployment_rate,MA3,0.33740042730494774,7
2014-04-30,laus_unemployment_rate,MA6,0.3647303694392292,7
2014-04-30,laus_unemployment_rate,MA9,0.5165430268568539,7
2014-04-30,laus_unemployment_rate,Raw,0.03930668866404382,7
2014-05-31,employment,MA3,-0.23671709781354996,7
2014-05-31,employment,MA6,-0.3105489411527752,7
2014-05-31,employment,MA9,-0.34836233280128936,7
2014-05-31,employment,Raw,-0.19185742764271738,7
2014-05-31,labor_force,MA3,-0.2044722194257988,7
2014-05-31,labor_force,MA6,-0.26092845623984806,7
2014-05-31,labor_force,MA9,-0.2551293916318457,7
2014-05-31,labor_force,Raw,-0.1571631636689125,7
2014-05-31,laus_unemployment_rate,MA3,0.25124540789719485,7
2014-05-31,laus_unemployment_rate,MA6,0.3393699076872471,7
2014-05-31,laus_unemployment_rate,MA9,0.44910048424416527,7
2014-05-31,laus_unemployment_rate,Raw,0.24196190639935358,7
2014-06-30,employment,MA3,-0.19176182287533797,7
2014-06-30,employment,MA6,-0.27364007205025803,7
2014-06-30,employment,MA9,-0.31728046816933375,7
2014-06-30,employment,Raw,-0.12638215392409713,7
2014-06-30,labor_force,MA3,-0.17065220611027496,7
2014-06-30,labor_force,MA6,-0.20582939741843506,7
2014-06-30,labor_force,MA9,-0.23980331806230662,7
2014-06-30,labor_force,Raw,-0.02236128688968578,7
2014-06-30,laus_unemployment_rate,MA3,0.22431599879108793,7
2014-06-30,laus_unemployment_rate,MA6,0.36410388653426334,7
2014-06-30,laus_unemployment_rate,MA9,0.41301007443764887,7
2014-06-30,laus_unemployment_rate,Raw,0.3756559167562841,7
2014-07-31,employment,MA3,-0.12155521505676788,7
2014-07-31,employment,MA6,-0.20623856359834408,7
2014-07-31,employment,MA9,-0.26676735831351595,7
2014-07-31,employment,Raw,-0.03929612267724087,7
2014-07-31,labor_force,MA3,-0.004369181998749662,7
2014-07-31,labor_force,MA6,-0.1154902916379997,7
2014-07-31,labor_force,MA9,-0.18823830818088233,7
2014-07-31,labor_force,Raw,0.1764143786561468,7
2014-07-31,laus_unemployment_rate,MA3,0.3887187553564663,7
2014-07-31,laus_unemployment_rate,MA6,0.37164829721826736,7
2014-07-31,laus_unemployment_rate,MA9,0.3837216248185202,7
2014-07-31,laus_unemployment_rate,Raw,0.5197627147118734,7
2014-08-31,employment,MA3,-0.12806101244809315,7
2014-08-31,employment,MA6,-0.18447334953037614,7
2014-08-31,employment,MA9,-0.25226277428897087,7
2014-08-31,employment,Raw,-0.2106785740809418,7
2014-08-31,labor_force,MA3,0.030070536032972384,7
2014-08-31,labor_force,MA6,-0.09043195087234134,7
2014-08-31,labor_force,MA9,-0.16676958242289494,7
2014-08-31,labor_force,Raw,-0.05594988191573379,7
2014-08-31,laus_unemployment_rate,MA3,0.4575159439233648,7
2014-08-31,laus_unemployment_rate,MA6,0.3626676353378441,7
2014-08-31,laus_unemployment_rate,MA9,0.3905716226799023,7
2014-08-31,laus_unemployment_rate,Raw,0.4434576208557698,7
2014-09-30,employment,MA3,-0.1398881251143113,7
2014-09-30,employment,MA6,-0.16769439331435532,7
2014-09-30,employment,MA9,-0.23134031502320665,7
2014-09-30,employment,Raw,-0.16103346955558692,7
2014-09-30,labor_force,MA3,0.009603143691274494,7
2014-09-30,labor_force,MA6,-0.08337308745945837,7
2014-09-30,labor_force,MA9,-0.135980062752529,7
2014-09-30,labor_force,Raw,-0.08526791701810031,7
2014-09-30,laus_unemployment_rate,MA3,0.3969973134925658,7
2014-09-30,laus_unemployment_rate,MA6,0.3175503481432362,7
2014-09-30,laus_unemployment_rate,MA9,0.38620069694564235,7
2014-09-30,laus_unemployment_rate,Raw,0.1986361571258981,7
2014-10-31,employment,MA3,-0.12869844952156634,7
2014-10-31,employment,MA6,-0.12653149453924606,7
2014-10-31,employment,MA9,-0.18193804410914133,7
2014-10-31,employment,Raw,-0.006144846284453871,7
2014-10-31,labor_force,MA3,-0.03724627755767031,7
2014-10-31,labor_force,MA6,-0.022558723673422758,7
2014-10-31,labor_force,MA9,-0.09078787938610243,7
2014-10-31,labor_force,Raw,0.037040213013185753,7
2014-10-31,laus_unemployment_rate,MA3,0.2504670352921118,7
2014-10-31,laus_unemployment_rate,MA6,0.326735191211092,7
2014-10-31,laus_unemployment_rate,MA9,0.3395829319930958,7
2014-10-31,laus_unemployment_rate,Raw,0.09148871066262676,7
2014-11-30,employment,MA3,-0.06451470919731815,7
2014-11-30,employment,MA6,-0.09731666503589456,7
2014-11-30,employment,MA9,-0.14526458161656405,7
2014-11-30,employment,Raw,-0.020446699457995297,7
2014-11-30,labor_force,MA3,-0.01641129063255201,7
2014-11-30,labor_force,MA6,0.005845358670453231,7
2014-11-30,labor_force,MA9,-0.06654279275487482,7
2014-11-30,labor_force,Raw,0.004978070025714583,7
2014-11-30,laus_unemployment_rate,MA3,0.10639542487456821,7
2014-11-30,laus_unemployment_rate,MA6,0.287768459979626,7
2014-11-30,laus_unemployment_rate,MA9,0.28253213118652853,7
2014-11-30,laus_unemployment_rate,Raw,0.022596634146843746,7
2014-12-31,employment,MA3,-0.026825829343186194,7
2014-12-31,employment,MA6,-0.0841872601429148,7
2014-12-31,employment,MA9,-0.12108056344848274,7
2014-12-31,employment,Raw,-0.04922699527707846,7
2014-12-31,labor_force,MA3,-0.028870155869916227,7
2014-12-31,labor_force,MA6,-0.010600487618413876,7
2014-12-31,labor_force,MA9,-0.06626853735792551,7
2014-12-31,labor_force,Raw,-0.12060474863911416,7
2014-12-31,laus_unemployment_rate,MA3,0.0013587925106531998,7
2014-12-31,laus_unemployment_rate,MA6,0.20236507061534287,7
2014-12-31,laus_unemployment_rate,MA9,0.21438377440635473,7
2014-12-31,laus_unemployment_rate,Raw,-0.10788870094909823,7
2015-01-31,employment,MA3,-0.06921416762002076,7
2015-01-31,employment,MA6,-0.09994643351550418,7
2015-01-31,employment,MA9,-0.1078870499812032,7
2015-01-31,employment,Raw,-0.13132803752018649,7
2015-01-31,labor_force,MA3,-0.0654206212626381,7
2015-01-31,labor_force,MA6,-0.052717490398135496,7
2015-01-31,labor_force,MA9,-0.03768071493255513,7
2015-01-31,labor_force,Raw,-0.07102325160603191,7
2015-01-31,laus_unemployment_rate,MA3,0.03484651120191253,7
2015-01-31,laus_unemployment_rate,MA6,0.14412021831544017,7
2015-01-31,laus_unemployment_rate,MA9,0.23247658200882468,7
2015-01-31,laus_unemployment_rate,Raw,0.18925275653464552,7
2015-02-28,employment,MA3,-0.0847795098483077,7
2015-02-28,employment,MA6,-0.07529470923904531,7
2015-02-28,employment,MA9,-0.09352666930421574,7
2015-02-28,employment,Raw,-0.06608451054971955,7
2015-02-28,labor_force,MA3,-0.0797447107146702,7
2015-02-28,labor_force,MA6,-0.04926810682378692,7
2015-02-28,labor_force,MA9,-0.02330279243556615,7
2015-02-28,labor_force,Raw,-0.03709933316189657,7
2015-02-28,laus_unemployment_rate,MA3,0.053362710623867375,7
2015-02-28,laus_unemployment_rate,MA6,0.07946524766094297,7
2015-02-28,laus_unemployment_rate,MA9,0.21232567801765154,7
2015-02-28,laus_unemployment_rate,Raw,0.07623564788485648,7
2015-03-31,employment,MA3,-0.0750002044784015,7
2015-03-31,employment,MA6,-0.051313966774178175,7
2015-03-31,employment,MA9,-0.08135320677050621,7
2015-03-31,employment,Raw,-0.01984594382842007,7
2015-03-31,labor_force,MA3,-0.05598085016817362,7
2015-03-31,labor_force,MA6,-0.043880611601898094,7
2015-03-31,labor_force,MA9,-0.026184367931045203,7
2015-03-31,labor_force,Raw,-0.05004659693448169,7
2015-03-31,laus_unemployment_rate,MA3,0.07622335425028566,7
2015-03-31,laus_unemployment_rate,MA6,0.03712194234180676,7
2015-03-31,laus_unemployment_rate,MA9,0.162028338205065,7
2015-03-31,laus_unemployment_rate,Raw,-0.04155834907841258,7
2015-04-30,employment,MA3,-0.012697870024279532,7
2015-04-30,employment,MA6,-0.041225528485933464,7
2015-04-30,employment,MA9,-0.0705910171804742,7
2015-04-30,employment,Raw,0.05318235259672199,7
2015-04-30,labor_force,MA3,-0.047600287329612634,7
2015-04-30,labor_force,MA6,-0.058242117764801496,7
2015-04-30,labor_force,MA9,-0.05169755393216301,7
2015-04-30,labor_force,Raw,-0.04590675969647443,7
2015-04-30,laus_unemployment_rate,MA3,-0.06898424564755926,7
2015-04-30,laus_unemployment_rate,MA6,-0.020454059789710797,7
2015-04-30,laus_unemployment_rate,MA9,0.07091115588303991,7
2015-04-30,laus_unemployment_rate,Raw,-0.23491616241445248,7
2015-05-31,employment,MA3,0.033532765389932155,7
2015-05-31,employment,MA6,-0.025663275818538667,7
2015-05-31,employment,MA9,-0.038065400186892084,7
2015-05-31,employment,Raw,0.07049737221155881,7
2015-05-31,labor_force,MA3,-0.014441339007731337,7
2015-05-31,labor_force,MA6,-0.0487434383265019,7
2015-05-31,labor_force,MA9,-0.0379949710339172,7
2015-05-31,labor_force,Raw,0.060987959727421735,7
2015-05-31,laus_unemployment_rate,MA3,-0.11203557369037663,7
2015-05-31,laus_unemployment_rate,MA6,-0.03303616444531824,7
2015-05-31,laus_unemployment_rate,MA9,0.011460268315070346,7
2015-05-31,laus_unemployment_rate,Raw,-0.04944635859586177,7
2015-06-30,employment,MA3,0.07026231057386545,7
2015-06-30,employment,MA6,-0.0021585792296837498,7
2015-06-30,employment,MA9,-0.009390710945053853,7
2015-06-30,employment,Raw,0.0888300352338921,7
2015-06-30,labor_force,MA3,0.025457063001380936,7
2015-06-30,labor_force,MA6,-0.016743925449941997,7
2015-06-30,labor_force,MA9,-0.021169931663040962,7
2015-06-30,labor_force,Raw,0.06914306388184806,7
2015-06-30,laus_unemployment_rate,MA3,-0.0947146353910908,7
2015-06-30,laus_unemployment_rate,MA6,-0.01229191294716828,7
2015-06-30,laus_unemployment_rate,MA9,-0.011524039816241363,7
2015-06-30,laus_unemployment_rate,Raw,0.009257418598986116,7
2015-07-31,employment,MA3,0.11849909639949072,7
2015-07-31,employment,MA6,0.0537867633058498,7
2015-07-31,employment,MA9,0.013773114226594885,7
2015-07-31,employment,Raw,0.19641720539650623,7
2015-07-31,labor_force,MA3,0.11199435924601575,7
2015-07-31,labor_force,MA6,0.031006006376613167,7
2015-07-31,labor_force,MA9,-0.0016664133182707288,7
2015-07-31,labor_force,Raw,0.21189358446057377,7
2015-07-31,laus_unemployment_rate,MA3,-0.011290753167270478,7
2015-07-31,laus_unemployment_rate,MA6,-0.04427822426741861,7
2015-07-31,laus_unemployment_rate,MA9,-0.0216814965898782,7
2015-07-31,laus_unemployment_rate,Raw,0.00922964006633496,7
2015-08-31,employment,MA3,0.10803785821960474,7
2015-08-31,employment,MA6,0.07181845705057213,7
2015-08-31,employment,MA9,0.02052876595167961,7
2015-08-31,employment,Raw,0.040222204251374016,7
2015-08-31,labor_force,MA3,0.06538555532999636,7
2015-08-31,labor_force,MA6,0.023508025323384616,7
2015-08-31,labor_force,MA9,-0.011948273234762472,7
2015-08-31,labor_force,Raw,-0.07353711739284242,7
2015-08-31,laus_unemployment_rate,MA3,-0.03872980088416944,7
2015-08-31,laus_unemployment_rate,MA6,-0.08078306528174385,7
2015-08-31,laus_unemployment_rate,MA9,-0.04012578075438601,7
2015-08-31,laus_unemployment_rate,Raw,-0.12925333426843016,7
2015-09-30,employment,MA3,0.07283313331390727,7
2015-09-30,employment,MA6,0.07259491916493241,7
2015-09-30,employment,MA9,0.024348490401991402,7
2015-09-30,employment,Raw,-0.015106841412605654,7
2015-09-30,labor_force,MA3,-0.023592341253851106,7
2015-09-30,labor_force,MA6,-0.0016910023104331287,7
2015-09-30,labor_force,MA9,-0.02097774807421073,7
2015-09-30,labor_force,Raw,-0.1936736961460482,7
2015-09-30,laus_unemployment_rate,MA3,-0.131062872335361,7
2015-09-30,laus_unemployment_rate,MA6,-0.11957252428409716,7
2015-09-30,laus_unemployment_rate,MA9,-0.0585065138720759,7
2015-09-30,laus_unemployment_rate,Raw,-0.2605979868916865,7
2015-10-31,employment,MA3,0.05324422071347782,7
2015-10-31,employment,MA6,0.08709898354002703,7
2015-10-31,employment,MA9,0.05548021196194673,7
2015-10-31,employment,Raw,0.13830272509608227,7
2015-10-31,labor_force,MA3,-0.1063680952171372,7
2015-10-31,labor_force,MA6,-0.00020310688300969763,7
2015-10-31,labor_force,MA9,-0.017356157487996,7
2015-10-31,labor_force,Raw,-0.03259639063830206,7
2015-10-31,laus_unemployment_rate,MA3,-0.2370227458140308,7
2015-10-31,laus_unemployment_rate,MA6,-0.1313180345032811,7
2015-10-31,laus_unemployment_rate,MA9,-0.11785480060377308,7
2015-10-31,laus_unemployment_rate,Raw,-0.30078030610748535,7
2015-11-30,employment,MA3,0.10130343778469782,7
2015-11-30,employment,MA6,0.10616256396111738,7
2015-11-30,employment,MA9,0.08422453870109828,7
2015-11-30,employment,Raw,0.1821269013905951,7
2015-11-30,labor_force,MA3,-0.0826888278168372,7
2015-11-30,labor_force,MA6,-0.012119404975610688,7
2015-11-30,labor_force,MA9,-0.014198004890398781,7
2015-11-30,labor_force,Raw,-0.0052678928368921395,7
2015-11-30,laus_unemployment_rate,MA3,-0.329263629462893,7
2015-11-30,laus_unemployment_rate,MA6,-0.19317497103953274,7
2015-11-30,laus_unemployment_rate,MA9,-0.17552066264322816,7
2015-11-30,laus_unemployment_rate,Raw,-0.3988657222526217,7
2015-12-31,employment,MA3,0.1738191570990543,7
2015-12-31,employment,MA6,0.12512585640589763,7
2015-12-31,employment,MA9,0.10959544046616797,7
2015-12-31,employment,Raw,0.19949999339283592,7
2015-12-31,labor_force,MA3,-0.038405622679203964,7
2015-12-31,labor_force,MA6,-0.03488538501434678,7
2015-12-31,labor_force,MA9,-0.016220828859608374,7
2015-12-31,labor_force,Raw,-0.06231401811836638,7
2015-12-31,laus_unemployment_rate,MA3,-0.42535496605011086,7
2015-12-31,laus_unemployment_rate,MA6,-0.29037875691186915,7
2015-12-31,laus_unemployment_rate,MA9,-0.23613370743164003,7
2015-12-31,laus_unemployment_rate,Raw,-0.5411944231973521,7
2016-01-31,employment,MA3,0.20644165380544235,7
2016-01-31,employment,MA6,0.13167797373126447,7
2016-01-31,employment,MA9,0.13032712245690245,7
2016-01-31,employment,Raw,0.2354890512448999,7
2016-01-31,labor_force,MA3,-0.0034488050157343813,7
2016-01-31,labor_force,MA6,-0.05925924873504962,7
2016-01-31,labor_force,MA9,-0.00354399014281283,7
2016-01-31,labor_force,Raw,0.07008014538105474,7
2016-01-31,laus_unemployment_rate,MA3,-0.4548845913214489,7
2016-01-31,laus_unemployment_rate,MA6,-0.3600796314352029,7
2016-01-31,laus_unemployment_rate,MA9,-0.2544992188600068,7
2016-01-31,laus_unemployment_rate,Raw,-0.3876103724115746,7
2016-02-29,employment,MA3,0.27238321167537516,7
2016-02-29,employment,MA6,0.1894565173484534,7
2016-02-29,employment,MA9,0.165539365930819,7
2016-02-29,employment,Raw,0.37817627416477606,7
2016-02-29,labor_force,MA3,0.07987953657005262,7
2016-02-29,labor_force,MA6,-0.004639645656732456,7
2016-02-29,labor_force,MA9,0.01670587650786905,7
2016-02-29,labor_force,Raw,0.240610880979445,7
2016-02-29,laus_unemployment_rate,MA3,-0.4720589620904253,7
2016-02-29,laus_unemployment_rate,MA6,-0.4164212546133742,7
2016-02-29,laus_unemployment_rate,MA9,-0.3029126042960983,7
2016-02-29,laus_unemployment_rate,Raw,-0.4494427447605158,7
2016-03-31,employment,MA3,0.3605047008347801,7
2016-03-31,employment,MA6,0.27081144019443526,7
2016-03-31,employment,MA9,0.20837419232379362,7
2016-03-31,employment,Raw,0.4609151180772227,7
2016-03-31,labor_force,MA3,0.21154375398890532,7
2016-03-31,labor_force,MA6,0.0847257632585863,7
2016-03-31,labor_force,MA9,0.04647579983730443,7
2016-03-31,labor_force,Raw,0.32556116244701416,7
2016-03-31,laus_unemployment_rate,MA3,-0.445780129958511,7
2016-03-31,laus_unemployment_rate,MA6,-0.45232449618189063,7
2016-03-31,laus_unemployment_rate,MA9,-0.3600675009102679,7
2016-03-31,laus_unemployment_rate,Raw,-0.4649868376963222,7
2016-04-30,employment,MA3,0.436405096908605,7
2016-04-30,employment,MA6,0.3257745253800981,7
2016-04-30,employment,MA9,0.23884745360147516,7
2016-04-30,employment,Raw,0.45987461821352815,7
2016-04-30,labor_force,MA3,0.26825885897821294,7
2016-04-30,labor_force,MA6,0.1314428894418907,7
2016-04-30,labor_force,MA9,0.049605925895298886,7
2016-04-30,labor_force,Raw,0.2367400046609787,7
2016-04-30,laus_unemployment_rate,MA3,-0.5450223293774329,7
2016-04-30,laus_unemployment_rate,MA6,-0.5185665926395325,7
2016-04-30,laus_unemployment_rate,MA9,-0.44271979397096056,7
2016-04-30,laus_unemployment_rate,Raw,-0.677369406845613,7
2016-05-31,employment,MA3,0.46018232664083486,7
2016-05-31,employment,MA6,0.3711788514752978,7
2016-05-31,employment,MA9,0.28605682034391905,7
2016-05-31,employment,Raw,0.44797849360468583,7
2016-05-31,labor_force,MA3,0.258833472228022,7
2016-05-31,labor_force,MA6,0.16883402823335783,7
2016-05-31,labor_force,MA9,0.08321950263219051,7
2016-05-31,labor_force,Raw,0.21294087531392275,7
2016-05-31,laus_unemployment_rate,MA3,-0.6215200560229983,7
2016-05-31,laus_unemployment_rate,MA6,-0.5665649683620375,7
2016-05-31,laus_unemployment_rate,MA9,-0.5079856747185126,7
2016-05-31,laus_unemployment_rate,Raw,-0.6736245128239157,7
2016-06-30,employment,MA3,0.4803760043836229,7
2016-06-30,employment,MA6,0.4260062561142168,7
2016-06-30,employment,MA9,0.3478176430816341,7
2016-06-30,employment,Raw,0.5202467577024161,7
2016-06-30,labor_force,MA3,0.29398729995579026,7
2016-06-30,labor_force,MA6,0.25360829390371353,7
2016-06-30,labor_force,MA9,0.15546626569134242,7
2016-06-30,labor_force,Raw,0.42943100145709207,7
2016-06-30,laus_unemployment_rate,MA3,-0.5955061118946565,7
2016-06-30,laus_unemployment_rate,MA6,-0.5394829046753987,7
2016-06-30,laus_unemployment_rate,MA9,-0.5233553589264826,7
2016-06-30,laus_unemployment_rate,Raw,-0.3890112831703826,7
2016-07-31,employment,MA3,0.549019953192401,7
2016-07-31,employment,MA6,0.4992954644065025,7
2016-07-31,employment,MA9,0.40822540028031895,7
2016-07-31,employment,Raw,0.6632705540181396,7
2016-07-31,labor_force,MA3,0.4325488004046182,7
2016-07-31,labor_force,MA6,0.35302476696065777,7
2016-07-31,labor_force,MA9,0.23450256795042973,7
2016-07-31,labor_force,Raw,0.6460853167616019,7
2016-07-31,laus_unemployment_rate,MA3,-0.4844172762997398,7
2016-07-31,laus_unemployment_rate,MA6,-0.5333237692290613,7
2016-07-31,laus_unemployment_rate,MA9,-0.5293884933414192,7
2016-07-31,laus_unemployment_rate,Raw,-0.353126436022785,7
2016-08-31,employment,MA3,0.5622885811478195,7
2016-08-31,employment,MA6,0.518053672003567,7
2016-08-31,employment,MA9,0.44319801255341823,7
2016-08-31,employment,Raw,0.4876053650993656,7
2016-08-31,labor_force,MA3,0.4981804626197866,7
2016-08-31,labor_force,MA6,0.38161321214211014,7
2016-08-31,labor_force,MA9,0.2822092810175569,7
2016-08-31,labor_force,Raw,0.40634541171876715,7
2016-08-31,laus_unemployment_rate,MA3,-0.39068587361123147,7
2016-08-31,laus_unemployment_rate,MA6,-0.5243027635001122,7
2016-08-31,laus_unemployment_rate,MA9,-0.529115094315903,7
2016-08-31,laus_unemployment_rate,Raw,-0.3996023831974568,7
2016-09-30,employment,MA3,0.5567773473256926,7
2016-09-30,employment,MA6,0.525551330904493,7
2016-09-30,employment,MA9,0.4782874795457418,7
2016-09-30,employment,Raw,0.5041495492433048,7
2016-09-30,labor_force,MA3,0.5020986496580215,7
2016-09-30,labor_force,MA6,0.4020418799816709,7
2016-09-30,labor_force,MA9,0.34139034032845245,7
2016-09-30,labor_force,Raw,0.43811097098716395,7
2016-09-30,laus_unemployment_rate,MA3,-0.4125648864558021,7
2016-09-30,laus_unemployment_rate,MA6,-0.5220321832962506,7
2016-09-30,laus_unemployment_rate,MA9,-0.5180423542145008,7
2016-09-30,laus_unemployment_rate,Raw,-0.4535426859740866,7
2016-10-31,employment,MA3,0.5406599774103041,7
2016-10-31,employment,MA6,0.5521511541699777,7
2016-10-31,employment,MA9,0.522313628507659,7
2016-10-31,employment,Raw,0.6154826421299291,7
2016-10-31,labor_force,MA3,0.46239699877052365,7
2016-10-31,labor_force,MA6,0.4524690253988452,7
2016-10-31,labor_force,MA9,0.3951823967237762,7
2016-10-31,labor_force,Raw,0.5277796813676291,7
2016-10-31,laus_unemployment_rate,MA3,-0.4619488891940803,7
2016-10-31,laus_unemployment_rate,MA6,-0.49013065944383033,7
2016-10-31,laus_unemployment_rate,MA9,-0.5311635260017382,7
2016-10-31,laus_unemployment_rate,Raw,-0.49774730815399876,7
2016-11-30,employment,MA3,0.5929438351425874,7
2016-11-30,employment,MA6,0.5853546252547407,7
2016-11-30,employment,MA9,0.5529403787387072,7
2016-11-30,employment,Raw,0.6422430100949618,7
2016-11-30,labor_force,MA3,0.4903746154935555,7
2016-11-30,labor_force,MA6,0.5003473969812378,7
2016-11-30,labor_force,MA9,0.42432949450460333,7
2016-11-30,labor_force,Raw,0.48786680492211876,7
2016-11-30,laus_unemployment_rate,MA3,-0.5485388821791376,7
2016-11-30,laus_unemployment_rate,MA6,-0.4865570488731647,7
2016-11-30,laus_unemployment_rate,MA9,-0.5555127676508301,7
2016-11-30,laus_unemployment_rate,Raw,-0.6525165246811626,7
2016-12-31,employment,MA3,0.6308909674456362,7
2016-12-31,employment,MA6,0.6018150471380107,7
2016-12-31,employment,MA9,0.5709883671984094,7
2016-12-31,employment,Raw,0.6164152600076552,7
2016-12-31,labor_force,MA3,0.48057920388621006,7
2016-12-31,labor_force,MA6,0.4975740490563491,7
2016-12-31,labor_force,MA9,0.43455630251913663,7
2016-12-31,labor_force,Raw,0.4110021995903797,7
2016-12-31,laus_unemployment_rate,MA3,-0.6459464633162121,7
2016-12-31,laus_unemployment_rate,MA6,-0.5480492627204098,7
2016-12-31,laus_unemployment_rate,MA9,-0.5884605670005565,7
2016-12-31,laus_unemployment_rate,Raw,-0.7376126460590618,7
2017-01-31,employment,MA3,0.6182262641004431,7
2017-01-31,employment,MA6,0.5872594528529014,7
2017-01-31,employment,MA9,0.5845583450095118,7
2017-01-31,employment,Raw,0.5781781470207003,7
2017-01-31,labor_force,MA3,0.4693588690039286,7
2017-01-31,labor_force,MA6,0.47183466907251376,7
2017-01-31,labor_force,MA9,0.46474719471410353,7
2017-01-31,labor_force,Raw,0.49499046937638086,7
2017-01-31,laus_unemployment_rate,MA3,-0.6278859384220652,7
2017-01-31,laus_unemployment_rate,MA6,-0.5642320601968498,7
2017-01-31,laus_unemployment_rate,MA9,-0.5602940321343673,7
2017-01-31,laus_unemployment_rate,Raw,-0.4448002901942945,7
2017-02-28,employment,MA3,0.6493156013879231,7
2017-02-28,employment,MA6,0.6296028926567533,7
2017-02-28,employment,MA9,0.6175849984691116,7
2017-02-28,employment,Raw,0.7345214913675502,7
2017-02-28,labor_force,MA3,0.5358239108683122,7
2017-02-28,labor_force,MA6,0.5201311959402634,7
2017-02-28,labor_force,MA9,0.5200757984546142,7
2017-02-28,labor_force,Raw,0.6839612918420873,7
2017-02-28,laus_unemployment_rate,MA3,-0.5743775126481404,7
2017-02-28,laus_unemployment_rate,MA6,-0.5814363052101353,7
2017-02-28,laus_unemployment_rate,MA9,-0.5391804918945771,7
2017-02-28,laus_unemployment_rate,Raw,-0.4958955840374967,7
2017-03-31,employment,MA3,0.7347939037770859,7
2017-03-31,employment,MA6,0.6921892232898176,7
2017-03-31,employment,MA9,0.6579914269824433,7
2017-03-31,employment,Raw,0.869548418031279,7
2017-03-31,labor_force,MA3,0.6617080106109176,7
2017-03-31,labor_force,MA6,0.5789632426998167,7
2017-03-31,labor_force,MA9,0.5617379300766664,7
2017-03-31,labor_force,Raw,0.7817339835714388,7
2017-03-31,laus_unemployment_rate,MA3,-0.5399378549232691,7
2017-03-31,laus_unemployment_rate,MA6,-0.6140258211841088,7
2017-03-31,laus_unemployment_rate,MA9,-0.5691067192043427,7
2017-03-31,laus_unemployment_rate,Raw,-0.6371567071140349,7
2017-04-30,employment,MA3,0.8277306186940113,7
2017-04-30,employment,MA6,0.7329575820624162,7
2017-04-30,employment,MA9,0.6801128064671305,7
2017-04-30,employment,Raw,0.8529346512761736,7
2017-04-30,labor_force,MA3,0.7219334916286778,7
2017-04-30,labor_force,MA6,0.6039906733536525,7
2017-04-30,labor_force,MA9,0.5652923670264982,7
2017-04-30,labor_force,Raw,0.6719058552426617,7
2017-04-30,laus_unemployment_rate,MA3,-0.669295429896953,7
2017-04-30,laus_unemployment_rate,MA6,-0.671473451735901,7
2017-04-30,laus_unemployment_rate,MA9,-0.6258501675768493,7
2017-04-30,laus_unemployment_rate,Raw,-0.8227005966635345,7
2017-05-31,employment,MA3,0.8623627546755784,7
2017-05-31,employment,MA6,0.7663280048440606,7
2017-05-31,employment,MA9,0.7206518959176497,7
2017-05-31,employment,Raw,0.8365514687888939,7
2017-05-31,labor_force,MA3,0.7220737263098106,7
2017-05-31,labor_force,MA6,0.6377744233618908,7
2017-05-31,labor_force,MA9,0.5979134810328335,7
2017-05-31,labor_force,Raw,0.6849073435165652,7
2017-05-31,laus_unemployment_rate,MA3,-0.7459646756577988,7
2017-05-31,laus_unemployment_rate,MA6,-0.6834315435805391,7
2017-05-31,laus_unemployment_rate,MA9,-0.6646438229067465,7
2017-05-31,laus_unemployment_rate,Raw,-0.7202195370191095,7
2017-06-30,employment,MA3,0.8816285803335989,7
2017-06-30,employment,MA6,0.8194620871366578,7
2017-06-30,employment,MA9,0.7694739418417166,7
2017-06-30,employment,Raw,0.9261038431980279,7
2017-06-30,labor_force,MA3,0.7536882543149762,7
2017-06-30,labor_force,MA6,0.7177686743601088,7
2017-06-30,labor_force,MA9,0.6480726507024254,7
2017-06-30,labor_force,Raw,0.8762944279422314,7
2017-06-30,laus_unemployment_rate,MA3,-0.7105123313100291,7
2017-06-30,laus_unemployment_rate,MA6,-0.6474872308616596,7
2017-06-30,laus_unemployment_rate,MA9,-0.6746517399029796,7
2017-06-30,laus_unemployment_rate,Raw,-0.5332520484155829,7
2017-07-31,employment,MA3,0.9477288292147891,7
2017-07-31,employment,MA6,0.9001106951459394,7
2017-07-31,employment,MA9,0.8195376763083758,7
2017-07-31,employment,Raw,1.04859387805455,7
2017-07-31,labor_force,MA3,0.8938793976598823,7
2017-07-31,labor_force,MA6,0.8196992753997081,7
2017-07-31,labor_force,MA9,0.7129828758196909,7
2017-07-31,labor_force,Raw,1.0864944979666402,7
2017-07-31,laus_unemployment_rate,MA3,-0.5870893886588184,7
2017-07-31,laus_unemployment_rate,MA6,-0.6506420508494347,7
2017-07-31,laus_unemployment_rate,MA9,-0.6706293003915986,7
2017-07-31,laus_unemployment_rate,Raw,-0.46171459356906575,7
2017-08-31,employment,MA3,0.9507929792389468,7
2017-08-31,employment,MA6,0.919170748103464,7
2017-08-31,employment,MA9,0.8429964459224093,7
2017-08-31,employment,Raw,0.8459406356470147,7
2017-08-31,labor_force,MA3,0.9405160182668851,7
2017-08-31,labor_force,MA6,0.8433344757500905,7
2017-08-31,labor_force,MA9,0.7517610674746315,7
2017-08-31,labor_force,Raw,0.8226232909449028,7
2017-08-31,laus_unemployment_rate,MA3,-0.5081534829774637,7
2017-08-31,laus_unemployment_rate,MA6,-0.6495083738242674,7
2017-08-31,laus_unemployment_rate,MA9,-0.6511564146127949,7
2017-08-31,laus_unemployment_rate,Raw,-0.4889768732115441,7
2017-09-30,employment,MA3,0.957780154828525,7
2017-09-30,employment,MA6,0.9325100210100683,7
2017-09-30,employment,MA9,0.8813006047813149,7
2017-09-30,employment,Raw,0.9471471474606462,7
2017-09-30,labor_force,MA3,0.9494370257450063,7
2017-09-30,labor_force,MA6,0.8642333860048058,7
2017-09-30,labor_force,MA9,0.8094409609850198,7
2017-09-30,labor_force,Raw,0.8999998616317205,7
2017-09-30,laus_unemployment_rate,MA3,-0.5559521511337805,7
2017-09-30,laus_unemployment_rate,MA6,-0.6559511277705135,7
2017-09-30,laus_unemployment_rate,MA9,-0.6434421598180229,7
2017-09-30,laus_unemployment_rate,Raw,-0.6728646106850947,7
2017-10-31,employment,MA3,0.9082268435523959,7
2017-10-31,employment,MA6,0.9409157152521389,7
2017-10-31,employment,MA9,0.9188971840676315,7
2017-10-31,employment,Raw,0.90177602572911,7
2017-10-31,labor_force,MA3,0.8469390330386494,7
2017-10-31,labor_force,MA6,0.8833824571292236,7
2017-10-31,labor_force,MA9,0.8432266833506025,7
2017-10-31,labor_force,Raw,0.7831630220816255,7
2017-10-31,laus_unemployment_rate,MA3,-0.6371913108658128,7
2017-10-31,laus_unemployment_rate,MA6,-0.634363108845597,7
2017-10-31,laus_unemployment_rate,MA9,-0.6744014325398162,7
2017-10-31,laus_unemployment_rate,Raw,-0.6988995292597228,7
2017-11-30,employment,MA3,0.9319024760304446,7
2017-11-30,employment,MA6,0.9544723093941385,7
2017-11-30,employment,MA9,0.9399611933259312,7
2017-11-30,employment,Raw,0.9159081430821784,7
2017-11-30,labor_force,MA3,0.8369154640143124,7
2017-11-30,labor_force,MA6,0.9022006886236656,7
2017-11-30,labor_force,MA9,0.8559032241268273,7
2017-11-30,labor_force,Raw,0.7920193346666596,7
2017-11-30,laus_unemployment_rate,MA3,-0.7268298346502862,7
2017-11-30,laus_unemployment_rate,MA6,-0.6400906922130005,7
2017-11-30,laus_unemployment_rate,MA9,-0.7053781952447876,7
2017-11-30,laus_unemployment_rate,Raw,-0.7505833973106818,7
2017-12-31,employment,MA3,0.9013688304653016,7
2017-12-31,employment,MA6,0.9425420049672076,7
2017-12-31,employment,MA9,0.9385094313317647,7
2017-12-31,employment,Raw,0.8568077308063783,7
2017-12-31,labor_force,MA3,0.75345380293092,7
2017-12-31,labor_force,MA6,0.8645034021731084,7
2017-12-31,labor_force,MA9,0.841066600184324,7
2017-12-31,labor_force,Raw,0.6554142906450251,7
2017-12-31,laus_unemployment_rate,MA3,-0.7872437645477913,7
2017-12-31,laus_unemployment_rate,MA6,-0.6960195669862855,7
2017-12-31,laus_unemployment_rate,MA9,-0.731377285146988,7
2017-12-31,laus_unemployment_rate,Raw,-0.8486101761940141,7
2018-01-31,employment,MA3,0.8518921197042351,7
2018-01-31,employment,MA6,0.8924113425575454,7
2018-01-31,employment,MA9,0.9272455954522746,7
2018-01-31,employment,Raw,0.7554865135036805,7
2018-01-31,labor_force,MA3,0.7143683179398658,7
2018-01-31,labor_force,MA6,0.7927161141349652,7
2018-01-31,labor_force,MA9,0.8406522588801755,7
2018-01-31,labor_force,Raw,0.6675980877819017,7
2018-01-31,laus_unemployment_rate,MA3,-0.7509301583292846,7
2018-01-31,laus_unemployment_rate,MA6,-0.7193240488105335,7
2018-01-31,laus_unemployment_rate,MA9,-0.7039789317203164,7
2018-01-31,laus_unemployment_rate,Raw,-0.5923493859776503,7
2018-02-28,employment,MA3,0.8735858936211242,7
2018-02-28,employment,MA6,0.9155255323495014,7
2018-02-28,employment,MA9,0.9438324901351084,7
2018-02-28,employment,Raw,0.9802199167693465,7
2018-02-28,labor_force,MA3,0.7637703127894658,7
2018-02-28,labor_force,MA6,0.813031223796882,7
2018-02-28,labor_force,MA9,0.8705010194075735,7
2018-02-28,labor_force,Raw,0.937689250823302,7
2018-02-28,laus_unemployment_rate,MA3,-0.7183730723151679,7
2018-02-28,laus_unemployment_rate,MA6,-0.7490070983854357,7
2018-02-28,laus_unemployment_rate,MA9,-0.6967611494589351,7
2018-02-28,laus_unemployment_rate,Raw,-0.6547392664848374,7
2018-03-31,employment,MA3,0.9365554782714013,7
2018-03-31,employment,MA6,0.9319896487110597,7
2018-03-31,employment,MA9,0.9573956423211328,7
2018-03-31,employment,Raw,1.0431579393171069,7
2018-03-31,labor_force,MA3,0.8707277734433186,7
2018-03-31,labor_force,MA6,0.8247927454262316,7
2018-03-31,labor_force,MA9,0.8820767959002305,7
2018-03-31,labor_force,Raw,0.9703907707637901,7
2018-03-31,laus_unemployment_rate,MA3,-0.6726773850296828,7
2018-03-31,laus_unemployment_rate,MA6,-0.7568221729429896,7
2018-03-31,laus_unemployment_rate,MA9,-0.7190834816758285,7
2018-03-31,laus_unemployment_rate,Raw,-0.7149623670061134,7
2018-04-30,employment,MA3,1.024889534701743,7
2018-04-30,employment,MA6,0.9516782055127265,7
2018-04-30,employment,MA9,0.9538517471215355,7
2018-04-30,employment,Raw,1.0169967205312795,7
2018-04-30,labor_force,MA3,0.9211773235273171,7
2018-04-30,labor_force,MA6,0.8306210681413705,7
2018-04-30,labor_force,MA9,0.8509947153110596,7
2018-04-30,labor_force,Raw,0.8166716119717403,7
2018-04-30,laus_unemployment_rate,MA3,-0.8016737002875194,7
2018-04-30,laus_unemployment_rate,MA6,-0.8047535574190826,7
2018-04-30,laus_unemployment_rate,MA9,-0.7807253991673891,7
2018-04-30,laus_unemployment_rate,Raw,-0.9688726079114793,7
2018-05-31,employment,MA3,1.0433482993955956,7
2018-05-31,employment,MA6,0.9720504818064624,7
2018-05-31,employment,MA9,0.975848875611654,7
2018-05-31,employment,Raw,1.034592935602717,7
2018-05-31,labor_force,MA3,0.8849309512279172,7
2018-05-31,labor_force,MA6,0.8371401302437839,7
2018-05-31,labor_force,MA9,0.8521211669092013,7
2018-05-31,labor_force,Raw,0.8318093152114895,7
2018-05-31,laus_unemployment_rate,MA3,-0.9052513578002185,7
2018-05-31,laus_unemployment_rate,MA6,-0.841398512151244,7
2018-05-31,laus_unemployment_rate,MA9,-0.8375613889726328,7
2018-05-31,laus_unemployment_rate,Raw,-0.9579033959862902,7
2018-06-30,employment,MA3,1.0627361319696524,7
2018-06-30,employment,MA6,1.0137979960780874,7
2018-06-30,employment,MA9,0.993537044219786,7
2018-06-30,employment,Raw,1.1003470718112538,7
2018-06-30,labor_force,MA3,0.9147491100617623,7
2018-06-30,labor_force,MA6,0.9065409757127176,7
2018-06-30,labor_force,MA9,0.8698484977636164,7
2018-06-30,labor_force,Raw,1.0599557506527915,7
2018-06-30,laus_unemployment_rate,MA3,-0.8745667028293447,7
2018-06-30,laus_unemployment_rate,MA6,-0.8021921022864706,7
2018-06-30,laus_unemployment_rate,MA9,-0.8323467053797293,7
2018-06-30,laus_unemployment_rate,Raw,-0.6248635514119858,7
2018-07-31,employment,MA3,1.1436208438289666,7
2018-07-31,employment,MA6,1.0994870181626504,7
2018-07-31,employment,MA9,1.0343520963644306,7
2018-07-31,employment,Raw,1.2566540910455914,7
2018-07-31,labor_force,MA3,1.0574635968201045,7
2018-07-31,labor_force,MA6,1.0045008074142934,7
2018-07-31,labor_force,MA9,0.922548806901319,7
2018-07-31,labor_force,Raw,1.2392144044936229,7
2018-07-31,laus_unemployment_rate,MA3,-0.7794247933035222,7
2018-07-31,laus_unemployment_rate,MA6,-0.8197547140770683,7
2018-07-31,laus_unemployment_rate,MA9,-0.8317574230633177,7
2018-07-31,laus_unemployment_rate,Raw,-0.690749138173768,7
2018-08-31,employment,MA3,1.1101606891894864,7
2018-08-31,employment,MA6,1.091754134736717,7
2018-08-31,employment,MA9,1.036482468954413,7
2018-08-31,employment,Raw,0.9359413347204988,7
2018-08-31,labor_force,MA3,1.0451551804294799,7
2018-08-31,labor_force,MA6,0.9793718347202255,7
2018-08-31,labor_force,MA9,0.9224508054808404,7
2018-08-31,labor_force,Raw,0.7963185286204466,7
2018-08-31,laus_unemployment_rate,MA3,-0.7137935957150627,7
2018-08-31,laus_unemployment_rate,MA6,-0.8392909871069758,7
2018-08-31,laus_unemployment_rate,MA9,-0.8338808482203043,7
2018-08-31,laus_unemployment_rate,Raw,-0.7656533212710636,7
2018-09-30,employment,MA3,1.0762081110890498,7
2018-09-30,employment,MA6,1.0843293102263474,7
2018-09-30,employment,MA9,1.0530441281051683,7
2018-09-30,employment,Raw,1.000209376928972,7
2018-09-30,labor_force,MA3,0.9680146535585672,7
2018-09-30,labor_force,MA6,0.9553537859807387,7
2018-09-30,labor_force,MA9,0.9431911003976378,7
2018-09-30,labor_force,Raw,0.8304707833875479,7
2018-09-30,laus_unemployment_rate,MA3,-0.8206389440118615,7
2018-09-30,laus_unemployment_rate,MA6,-0.8785627064500573,7
2018-09-30,laus_unemployment_rate,MA9,-0.844734899666164,7
2018-09-30,laus_unemployment_rate,Raw,-0.9373876748837665,7
2018-10-31,employment,MA3,1.0339446769133307,7
2018-10-31,employment,MA6,1.103838244481482,7
2018-10-31,employment,MA9,1.0963961997552043,7
2018-10-31,employment,Raw,1.1316786114524529,7
2018-10-31,labor_force,MA3,0.8747162283515724,7
2018-10-31,labor_force,MA6,0.9803825565100454,7
2018-10-31,labor_force,MA9,0.977339693164767,7
2018-10-31,labor_force,Raw,0.9630766493755403,7
2018-10-31,laus_unemployment_rate,MA3,-0.910281566197823,7
2018-10-31,laus_unemployment_rate,MA6,-0.8757475330370564,7
2018-10-31,laus_unemployment_rate,MA9,-0.888433774696517,7
2018-10-31,laus_unemployment_rate,Raw,-0.9528893116394391,7
2018-11-30,employment,MA3,1.110949785691315,7
2018-11-30,employment,MA6,1.125833335398042,7
2018-11-30,employment,MA9,1.1175188727593748,7
2018-11-30,employment,Raw,1.1641753079232207,7
2018-11-30,labor_force,MA3,0.9376560616290652,7
2018-11-30,labor_force,MA6,1.0063322408190885,7
2018-11-30,labor_force,MA9,0.9822180792484227,7
2018-11-30,labor_force,Raw,0.980409821963433,7
2018-11-30,laus_unemployment_rate,MA3,-1.0081722786657734,7
2018-11-30,laus_unemployment_rate,MA6,-0.8924742827985513,7
2018-11-30,laus_unemployment_rate,MA9,-0.9363236178875626,7
2018-11-30,laus_unemployment_rate,Raw,-1.0518499133834667,7
2018-12-31,employment,MA3,1.16241331727233,7
2018-12-31,employment,MA6,1.1346428786842666,7
2018-12-31,employment,MA9,1.1299992610829415,7
2018-12-31,employment,Raw,1.1529280095153207,7
2018-12-31,labor_force,MA3,0.9808209942727589,7
2018-12-31,labor_force,MA6,0.9891664450919534,7
2018-12-31,labor_force,MA9,0.9805353933890756,7
2018-12-31,labor_force,Raw,0.9593075778902351,7
2018-12-31,laus_unemployment_rate,MA3,-1.0368662685628638,7
2018-12-31,laus_unemployment_rate,MA6,-0.9623553903114175,7
2018-12-31,laus_unemployment_rate,MA9,-0.9735022223734927,7
2018-12-31,laus_unemployment_rate,Raw,-1.0208517298858952,7
2019-01-31,employment,MA3,1.1280531380639152,7
2019-01-31,employment,MA6,1.0958447592776142,7
2019-01-31,employment,MA9,1.1313822933449964,7
2019-01-31,employment,Raw,1.0299860607471447,7
2019-01-31,labor_force,MA3,0.994247634366967,7
2019-01-31,labor_force,MA6,0.9487464817796287,7
2019-01-31,labor_force,MA9,1.0020574597482366,7
2019-01-31,labor_force,Raw,1.002553648219467,7
2019-01-31,laus_unemployment_rate,MA3,-0.9156177458614511,7
2019-01-31,laus_unemployment_rate,MA6,-0.9460948373671422,7
2019-01-31,laus_unemployment_rate,MA9,-0.9288606856580554,7
2019-01-31,laus_unemployment_rate,Raw,-0.5986294739935604,7
2019-02-28,employment,MA3,1.150102818736551,7
2019-02-28,employment,MA6,1.1461018591385186,7
2019-02-28,employment,MA9,1.1537084158556754,7
2019-02-28,employment,Raw,1.229615564161035,7
2019-02-28,labor_force,MA3,1.049140999501688,7
2019-02-28,labor_force,MA6,1.0088690734206192,7
2019-02-28,labor_force,MA9,1.0383076246697114,7
2019-02-28,labor_force,Raw,1.1435403703728433,7
2019-02-28,laus_unemployment_rate,MA3,-0.8406028064747438,7
2019-02-28,laus_unemployment_rate,MA6,-0.9579790109562597,7
2019-02-28,laus_unemployment_rate,MA9,-0.9140476226092781,7
2019-02-28,laus_unemployment_rate,Raw,-0.8324511279227597,7
2019-03-31,employment,MA3,1.2048000302879083,7
2019-03-31,employment,MA6,1.1998328398774307,7
2019-03-31,employment,MA9,1.1783181696872878,7
2019-03-31,employment,Raw,1.3149865698726468,7
2019-03-31,labor_force,MA3,1.1350881563246082,7
2019-03-31,labor_force,MA6,1.0742129483339542,7
2019-03-31,labor_force,MA9,1.056237354601573,7
2019-03-31,labor_force,Raw,1.2133414835400198,7
2019-03-31,laus_unemployment_rate,MA3,-0.7945484160933531,7
2019-03-31,laus_unemployment_rate,MA6,-0.949072308680587,7
2019-03-31,laus_unemployment_rate,MA9,-0.9455638859556803,7
2019-03-31,laus_unemployment_rate,Raw,-0.8867130604492891,7
2019-04-30,employment,MA3,1.2862763765640666,7
2019-04-30,employment,MA6,1.2236452421001827,7
2019-04-30,employment,MA9,1.179936490273139,7
2019-04-30,employment,Raw,1.2714569382241852,7
2019-04-30,labor_force,MA3,1.1322409870835923,7
2019-04-30,labor_force,MA6,1.0792392405761466,7
2019-04-30,labor_force,MA9,1.027597558977564,7
2019-04-30,labor_force,Raw,0.9960644692538713,7
2019-04-30,laus_unemployment_rate,MA3,-0.9989552236904794,7
2019-04-30,laus_unemployment_rate,MA6,-0.9919164663459655,7
2019-04-30,laus_unemployment_rate,MA9,-1.0064778993725507,7
2019-04-30,laus_unemployment_rate,Raw,-1.195944694848754,7
2019-05-31,employment,MA3,1.312524589566668,7
2019-05-31,employment,MA6,1.2481287687032905,7
2019-05-31,employment,MA9,1.2228769623063314,7
2019-05-31,employment,Raw,1.3069314867352309,7
2019-05-31,labor_force,MA3,1.1158618261873863,7
2019-05-31,labor_force,MA6,1.09848280198246,7
2019-05-31,labor_force,MA9,1.0624891347357626,7
2019-05-31,labor_force,Raw,1.0957337504619376,7
2019-05-31,laus_unemployment_rate,MA3,-1.0862454805691082,7
2019-05-31,laus_unemployment_rate,MA6,-0.9981823566024232,7
2019-05-31,laus_unemployment_rate,MA9,-1.0452472871715,7
2019-05-31,laus_unemployment_rate,Raw,-1.0881145072123164,7
2019-06-30,employment,MA3,1.3461299511121663,7
2019-06-30,employment,MA6,1.2928506371972315,7
2019-06-30,employment,MA9,1.270531127512487,7
2019-06-30,employment,Raw,1.4141048711758575,7
2019-06-30,labor_force,MA3,1.149438074627842,7
2019-06-30,labor_force,MA6,1.158838905255142,7
2019-06-30,labor_force,MA9,1.1175703150920386,7
2019-06-30,labor_force,Raw,1.3140135005843392,7
2019-06-30,laus_unemployment_rate,MA3,-1.0816198228339462,7
2019-06-30,laus_unemployment_rate,MA6,-0.9720990858465128,7
2019-06-30,laus_unemployment_rate,MA9,-1.0376786310196298,7
2019-06-30,laus_unemployment_rate,Raw,-0.872778185468344,7
2019-07-31,employment,MA3,1.4620779730994455,7
2019-07-31,employment,MA6,1.3927833414082158,7
2019-07-31,employment,MA9,1.326128515421979,7
2019-07-31,employment,Raw,1.614802108923247,7
2019-07-31,labor_force,MA3,1.3584746736631599,7
2019-07-31,labor_force,MA6,1.2632169609878834,7
2019-07-31,labor_force,MA9,1.1925131202123527,7
2019-07-31,labor_force,Raw,1.6135199350592317,7
2019-07-31,laus_unemployment_rate,MA3,-0.9471488644013427,7
2019-07-31,laus_unemployment_rate,MA6,-1.0081479317838256,7
2019-07-31,laus_unemployment_rate,MA9,-1.0196571042475433,7
2019-07-31,laus_unemployment_rate,Raw,-0.8027786300321875,7
2019-08-31,employment,MA3,1.4901901583370691,7
2019-08-31,employment,MA6,1.420220961375408,7
2019-08-31,employment,MA9,1.3520869650114664,7
2019-08-31,employment,Raw,1.3907076283517366,7
2019-08-31,labor_force,MA3,1.4286170236900817,7
2019-08-31,labor_force,MA6,1.2902348569176587,7
2019-08-31,labor_force,MA9,1.229260241529915,7
2019-08-31,labor_force,Raw,1.3036900512388994,7
2019-08-31,laus_unemployment_rate,MA3,-0.8780828070710164,7
2019-08-31,laus_unemployment_rate,MA6,-1.0174328033856974,7
2019-08-31,laus_unemployment_rate,MA9,-0.999630601565676,7
2019-08-31,laus_unemployment_rate,Raw,-0.8858723190059072,7
2019-09-30,employment,MA3,1.5191949888211553,7
2019-09-30,employment,MA6,1.4519728003934982,7
2019-09-30,employment,MA9,1.3922153559432893,7
2019-09-30,employment,Raw,1.5004923452909473,7
2019-09-30,labor_force,MA3,1.4604676668694727,7
2019-09-30,labor_force,MA6,1.3238696897464044,7
2019-09-30,labor_force,MA9,1.2815972368834099,7
2019-09-30,labor_force,Raw,1.404717703568538,7
2019-09-30,laus_unemployment_rate,MA3,-0.9492884634987916,7
2019-09-30,laus_unemployment_rate,MA6,-1.0516424240572924,7
2019-09-30,laus_unemployment_rate,MA9,-1.0066445382837617,7
2019-09-30,laus_unemployment_rate,Raw,-1.0814426074532963,7
2019-10-31,employment,MA3,1.5056873426741173,7
2019-10-31,employment,MA6,1.5039433072443948,7
2019-10-31,employment,MA9,1.4550714029215688,7
2019-10-31,employment,Raw,1.5747239872208945,7
2019-10-31,labor_force,MA3,1.416513615288434,7
2019-10-31,labor_force,MA6,1.4082129358584754,7
2019-10-31,labor_force,MA9,1.3372870935681955,7
2019-10-31,labor_force,Raw,1.481586668001379,7
2019-10-31,laus_unemployment_rate,MA3,-1.0394160841454785,7
2019-10-31,laus_unemployment_rate,MA6,-1.0287939885235946,7
2019-10-31,laus_unemployment_rate,MA9,-1.0630620540340412,7
2019-10-31,laus_unemployment_rate,Raw,-1.0662756486131173,7
2019-11-30,employment,MA3,1.5822203757018973,7
2019-11-30,employment,MA6,1.557010501148241,7
2019-11-30,employment,MA9,1.4998890316152125,7
2019-11-30,employment,Raw,1.6171471180090833,7
2019-11-30,labor_force,MA3,1.4990045641663772,7
2019-11-30,labor_force,MA6,1.4864502569957303,7
2019-11-30,labor_force,MA9,1.3845809751970581,7
2019-11-30,labor_force,Raw,1.5435397121682126,7
2019-11-30,laus_unemployment_rate,MA3,-1.1246906572924888,7
2019-11-30,laus_unemployment_rate,MA6,-1.0371370076568371,7
2019-11-30,laus_unemployment_rate,MA9,-1.0993588291090888,7
2019-11-30,laus_unemployment_rate,Raw,-1.1352142396475162,7
2019-12-31,employment,MA3,1.6094013537185374,7
2019-12-31,employment,MA6,1.5855693021369548,7
2019-12-31,employment,MA9,1.5306662809696845,7
2019-12-31,employment,Raw,1.5808447684418845,7
2019-12-31,labor_force,MA3,1.519181915732744,7
2019-12-31,labor_force,MA6,1.513662037111738,7
2019-12-31,labor_force,MA9,1.4143778432987832,7
2019-12-31,labor_force,Raw,1.4643523087399284,7
2019-12-31,laus_unemployment_rate,MA3,-1.1572841932660032,7
2019-12-31,laus_unemployment_rate,MA6,-1.0905678802413117,7
2019-12-31,laus_unemployment_rate,MA9,-1.1344308201582585,7
2019-12-31,laus_unemployment_rate,Raw,-1.1760245140164598,7
2020-01-31,employment,MA3,1.5891073893285825,7
2020-01-31,employment,MA6,1.5685693862316545,7
2020-01-31,employment,MA9,1.558863436461873,7
2020-01-31,employment,Raw,1.5149226417048811,7
2020-01-31,labor_force,MA3,1.5462245105682142,7
2020-01-31,labor_force,MA6,1.506181856354046,7
2020-01-31,labor_force,MA9,1.4815115848064988,7
2020-01-31,labor_force,Raw,1.5584080975720485,7
2020-01-31,laus_unemployment_rate,MA3,-1.100256484878412,7
2020-01-31,laus_unemployment_rate,MA6,-1.1075013124379773,7
2020-01-31,laus_unemployment_rate,MA9,-1.098601882070628,7
2020-01-31,laus_unemployment_rate,Raw,-0.8997524026655823,7
2020-02-29,employment,MA3,1.603348880508873,7
2020-02-29,employment,MA6,1.614715131033798,7
2020-02-29,employment,MA9,1.5995379725230705,7
2020-02-29,employment,Raw,1.6596495527821935,7
2020-02-29,labor_force,MA3,1.6092520864538582,7
2020-02-29,labor_force,MA6,1.5813236299823075,7
2020-02-29,labor_force,MA9,1.5566385092311141,7
2020-02-29,labor_force,Raw,1.7279963991838072,7
2020-02-29,laus_unemployment_rate,MA3,-1.0424598478444547,7
2020-02-29,laus_unemployment_rate,MA6,-1.1217765011112948,7
2020-02-29,laus_unemployment_rate,MA9,-1.084159753082911,7
2020-02-29,laus_unemployment_rate,Raw,-0.9654941750272629,7
2020-03-31,employment,MA3,1.4783107207970758,7
2020-03-31,employment,MA6,1.5645979147363482,7
2020-03-31,employment,MA9,1.5753915003268522,7
2020-03-31,employment,Raw,1.2119073843293013,7
2020-03-31,labor_force,MA3,1.5260171586212983,7
2020-03-31,labor_force,MA6,1.5476352780627691,7
2020-03-31,labor_force,MA9,1.5449402754790227,7
2020-03-31,labor_force,Raw,1.2261747067831739,7
2020-03-31,laus_unemployment_rate,MA3,-0.8054772604449436,7
2020-03-31,laus_unemployment_rate,MA6,-1.0166322170355817,7
2020-03-31,laus_unemployment_rate,MA9,-1.0371680411757043,7
2020-03-31,laus_unemployment_rate,Raw,-0.4829940942988161,7
2020-04-30,employment,MA3,0.5918244615502818,7
2020-04-30,employment,MA6,1.1034245778125382,7
2020-04-30,employment,MA9,1.2588159373741148,7
2020-04-30,employment,Raw,-1.1063040418744738,7
2020-04-30,labor_force,MA3,0.976429027624362,7
2020-04-30,labor_force,MA6,1.2795600956947542,7
2020-04-30,labor_force,MA9,1.3483190060349284,7
2020-04-30,labor_force,Raw,-0.050039085074504906,7
2020-04-30,laus_unemployment_rate,MA3,0.5375199729647218,7
2020-04-30,laus_unemployment_rate,MA6,-0.29151532915149264,7
2020-04-30,laus_unemployment_rate,MA9,-0.5702048759809314,7
2020-04-30,laus_unemployment_rate,Raw,3.0133253826837776,7
2020-05-31,employment,MA3,-0.42577512818423574,7
2020-05-31,employment,MA6,0.5930975223058393,7
2020-05-31,employment,MA9,0.9397982621551976,7
2020-05-31,employment,Raw,-1.3500603032238538,7
2020-05-31,labor_force,MA3,0.2874324589561866,7
2020-05-31,labor_force,MA6,0.9578977007215622,7
2020-05-31,labor_force,MA9,1.1588381939102306,7
2020-05-31,labor_force,Raw,-0.2890759298959627,7
2020-05-31,laus_unemployment_rate,MA3,1.9542660925925266,7
2020-05-31,laus_unemployment_rate,MA6,0.47133965506093317,7
2020-05-31,laus_unemployment_rate,MA9,-0.07601506268862267,7
2020-05-31,laus_unemployment_rate,Raw,3.1663787853679324,7
2020-06-30,employment,MA3,-1.117222346221257,7
2020-06-30,employment,MA6,0.17804442071098303,7
2020-06-30,employment,MA9,0.6683551735802126,7
2020-06-30,employment,Raw,-0.8346345496340383,7
2020-06-30,labor_force,MA3,0.0354339962248591,7
2020-06-30,labor_force,MA6,0.7860458595820853,7
2020-06-30,labor_force,MA9,1.0491414601957374,7
2020-06-30,labor_force,Raw,0.480958398213087,7
2020-06-30,laus_unemployment_rate,MA3,3.1579345157308807,7
2020-06-30,laus_unemployment_rate,MA6,1.2171987781834461,7
2020-06-30,laus_unemployment_rate,MA9,0.42513513942034825,7
2020-06-30,laus_unemployment_rate,Raw,3.024158233032651,7
2020-07-31,employment,MA3,-0.9644256678677037,7
2020-07-31,employment,MA6,-0.19498645693753924,7
2020-07-31,employment,MA9,0.4090548066595748,7
2020-07-31,employment,Raw,-0.6557456902739035,7
2020-07-31,labor_force,MA3,0.3193402160295827,7
2020-07-31,labor_force,MA6,0.6498031362573068,7
2020-07-31,labor_force,MA9,0.9666694639132732,7
2020-07-31,labor_force,Raw,0.7792439581971884,7
2020-07-31,laus_unemployment_rate,MA3,3.134180584748987,7
2020-07-31,laus_unemployment_rate,MA6,1.8996826423305986,7
2020-07-31,laus_unemployment_rate,MA9,0.9142386695300757,7
2020-07-31,laus_unemployment_rate,Raw,2.9491224134409464,7
2020-08-31,employment,MA3,-0.6540261142332403,7
2020-08-31,employment,MA6,-0.5544570607386066,7
2020-08-31,employment,MA9,0.17071818999784139,7
2020-08-31,employment,Raw,-0.43312523049585766,7
2020-08-31,labor_force,MA3,0.6631311039250355,7
2020-08-31,labor_force,MA6,0.47298158554330316,7
2020-08-31,labor_force,MA9,0.8687528336527788,7
2020-08-31,labor_force,Raw,0.7145697167192147,7
2020-08-31,laus_unemployment_rate,MA3,2.832311687663037,7
2020-08-31,laus_unemployment_rate,MA6,2.4763582249662903,7
2020-08-31,laus_unemployment_rate,MA9,1.3305372019280965,7
2020-08-31,laus_unemployment_rate,Raw,2.2876994854957635,7
2020-09-30,employment,MA3,-0.5261075548927402,7
2020-09-30,employment,MA6,-0.8403317097559102,7
2020-09-30,employment,MA9,-0.06580233693643929,7
2020-09-30,employment,Raw,-0.4570417270622296,7
2020-09-30,labor_force,MA3,0.5072823716290548,7
2020-09-30,labor_force,MA6,0.2649257255667097,7
2020-09-30,labor_force,MA9,0.697577411794362,7
2020-09-30,labor_force,Raw,0.02474523287875762,7
2020-09-30,laus_unemployment_rate,MA3,2.3309999418107057,7
2020-09-30,laus_unemployment_rate,MA6,2.839213493630571,7
2020-09-30,laus_unemployment_rate,MA9,1.6631924683720984,7
2020-09-30,laus_unemployment_rate,Raw,1.5667545263101368,7
2020-10-31,employment,MA3,-0.3797723707860654,7
2020-10-31,employment,MA6,-0.6877842216140114,7
2020-10-31,employment,MA9,-0.26754063579382115,7
2020-10-31,employment,Raw,-0.22380030546942192,7
2020-10-31,labor_force,MA3,0.2991522066508611,7
2020-10-31,labor_force,MA6,0.30399946298555225,7
2020-10-31,labor_force,MA9,0.5321193324844635,7
2020-10-31,labor_force,Raw,0.17051829011479094,7
2020-10-31,laus_unemployment_rate,MA3,1.7360999672708808,7
2020-10-31,laus_unemployment_rate,MA6,2.5172558808956382,7
2020-10-31,laus_unemployment_rate,MA9,1.9194122030800174,7
2020-10-31,laus_unemployment_rate,Raw,1.2163157264868365,7
2020-11-30,employment,MA3,-0.32900806087076656,7
2020-11-30,employment,MA6,-0.5035797171172632,7
2020-11-30,employment,MA9,-0.4928197554530434,7
2020-11-30,employment,Raw,-0.28384269613114776,7
2020-11-30,labor_force,MA3,0.08372115980561809,7
2020-11-30,labor_force,MA6,0.3707813892109488,7
2020-11-30,labor_force,MA9,0.33715388306483224,7
2020-11-30,labor_force,Raw,0.0824693166268163,7
2020-11-30,laus_unemployment_rate,MA3,1.3313102015395215,7
2020-11-30,laus_unemployment_rate,MA6,2.1504283438310816,7
2020-11-30,laus_unemployment_rate,MA9,2.170667334717541,7
2020-11-30,laus_unemployment_rate,Raw,1.1087374020615415,7
2020-12-31,employment,MA3,-0.2942147966962444,7
2020-12-31,employment,MA6,-0.4205283023403612,7
2020-12-31,employment,MA9,-0.6737439804006401,7
2020-12-31,employment,Raw,-0.3543522105353817,7
2020-12-31,labor_force,MA3,0.04846525472152615,7
2020-12-31,labor_force,MA6,0.27333752729175986,7
2020-12-31,labor_force,MA9,0.18498268701308898,7
2020-12-31,labor_force,Raw,-0.08238410921170107,7
2020-12-31,laus_unemployment_rate,MA3,1.1105654962384357,7
2020-12-31,laus_unemployment_rate,MA6,1.7751213401731551,7
2020-12-31,laus_unemployment_rate,MA9,2.341061724926296,7
2020-12-31,laus_unemployment_rate,Raw,0.924695995265654,7
2021-01-31,employment,MA3,-0.37696577758942756,7
2021-01-31,employment,MA6,-0.3876670137837748,7
2021-01-31,employment,MA9,-0.5983977244226504,7
2021-01-31,employment,Raw,-0.46929999312513726,7
2021-01-31,labor_force,MA3,-0.06626178723452061,7
2021-01-31,labor_force,MA6,0.10869143599043982,7
2021-01-31,labor_force,MA9,0.17315107223803414,7
2021-01-31,labor_force,Raw,-0.17227517738179096,7
2021-01-31,laus_unemployment_rate,MA3,1.0131215770557631,7
2021-01-31,laus_unemployment_rate,MA6,1.4160383320692542,7
2021-01-31,laus_unemployment_rate,MA9,2.0843152717273172,7
2021-01-31,laus_unemployment_rate,Raw,0.9329547433351505,7
2021-02-28,employment,MA3,-0.38553827778782235,7
2021-02-28,employment,MA6,-0.3656407159795724,7
2021-02-28,employment,MA9,-0.47608132914451534,7
2021-02-28,employment,Raw,-0.309937522710758,7
2021-02-28,labor_force,MA3,-0.08019294010108764,7
2021-02-28,labor_force,MA6,-0.007897878657678634,7
2021-02-28,labor_force,MA9,0.21519444774702096,7
2021-02-28,labor_force,Raw,0.036819307290554826,7
2021-02-28,laus_unemployment_rate,MA3,0.9304677231598134,7
2021-02-28,laus_unemployment_rate,MA6,1.1630380386901327,7
2021-02-28,laus_unemployment_rate,MA9,1.8021901947795933,7
2021-02-28,laus_unemployment_rate,Raw,0.8684174783191627,7
2021-03-31,employment,MA3,-0.32661551070477113,7
2021-03-31,employment,MA6,-0.31768300906963937,7
2021-03-31,employment,MA9,-0.3991867116708918,7
2021-03-31,employment,Raw,-0.18092413427209236,7
2021-03-31,labor_force,MA3,0.006593814192265195,7
2021-03-31,labor_force,MA6,0.01998981600271105,7
2021-03-31,labor_force,MA9,0.18021197106258738,7
2021-03-31,labor_force,Raw,0.1687436679888549,7
2021-03-31,laus_unemployment_rate,MA3,0.8819642022198921,7
2021-03-31,laus_unemployment_rate,MA6,1.0236874250494072,7
2021-03-31,laus_unemployment_rate,MA9,1.5262100369805924,7
2021-03-31,laus_unemployment_rate,Raw,0.7828978107713805,7
2021-04-30,employment,MA3,-0.2181010939591511,7
2021-04-30,employment,MA6,-0.3042092265842667,7
2021-04-30,employment,MA9,-0.3391829455307471,7
2021-04-30,employment,Raw,-0.14903361322329461,7
2021-04-30,labor_force,MA3,0.1178984661660076,7
2021-04-30,labor_force,MA6,0.01990838124548395,7
2021-04-30,labor_force,MA9,0.10791987811956746,7
2021-04-30,labor_force,Raw,0.1524675609976611,7
2021-04-30,laus_unemployment_rate,MA3,0.7735427902533462,7
2021-04-30,laus_unemployment_rate,MA6,0.9171830204132176,7
2021-04-30,laus_unemployment_rate,MA9,1.2403336014302597,7
2021-04-30,laus_unemployment_rate,Raw,0.6171593823190273,7
2021-05-31,employment,MA3,-0.1395371697731113,7
2021-05-31,employment,MA6,-0.2683177208745073,7
2021-05-31,employment,MA9,-0.2968206988244438,7
2021-05-31,employment,Raw,-0.07822729198455945,7
2021-05-31,labor_force,MA3,0.16167854431605053,7
2021-05-31,labor_force,MA6,0.0363399628790934,7
2021-05-31,labor_force,MA9,0.04456622731816081,7
2021-05-31,labor_force,Raw,0.1645944905934274,7
2021-05-31,laus_unemployment_rate,MA3,0.6451381603330816,7
2021-05-31,laus_unemployment_rate,MA6,0.8082244436045052,7
2021-05-31,laus_unemployment_rate,MA9,1.0207041591993313,7
2021-05-31,laus_unemployment_rate,Raw,0.49304033345008796,7
2021-06-30,employment,MA3,-0.07340019898812303,7
2021-06-30,employment,MA6,-0.20455499516038841,7
2021-06-30,employment,MA9,-0.2414661039100011,7
2021-06-30,employment,Raw,0.014436023141550926,7
2021-06-30,labor_force,MA3,0.24846789148023557,7
2021-06-30,labor_force,MA6,0.1256563578953618,7
2021-06-30,labor_force,MA9,0.09394767165852884,7
2021-06-30,labor_force,Raw,0.42499874119843384,7
2021-06-30,laus_unemployment_rate,MA3,0.6590522275141001,7
2021-06-30,laus_unemployment_rate,MA6,0.7904094857034336,7
2021-06-30,laus_unemployment_rate,MA9,0.9297411752204928,7
2021-06-30,laus_unemployment_rate,Raw,0.8230864702810671,7
2021-07-31,employment,MA3,0.0653272682219285,7
2021-07-31,employment,MA6,-0.07896708386855052,7
2021-07-31,employment,MA9,-0.18468764896782713,7
2021-07-31,employment,Raw,0.2619354218588196,7
2021-07-31,labor_force,MA3,0.4156422904817285,7
2021-07-31,labor_force,MA6,0.26788942020660916,7
2021-07-31,labor_force,MA9,0.15184650523724616,7
2021-07-31,labor_force,Raw,0.6471189257965447,7
2021-07-31,laus_unemployment_rate,MA3,0.6604282987902288,7
2021-07-31,laus_unemployment_rate,MA6,0.7349666498412962,7
2021-07-31,laus_unemployment_rate,MA9,0.8570550921285172,7
2021-07-31,laus_unemployment_rate,Raw,0.6203934291310199,7
2021-08-31,employment,MA3,0.12911153904738087,7
2021-08-31,employment,MA6,-0.006627814218047605,7
2021-08-31,employment,MA9,-0.1384203497678234,7
2021-08-31,employment,Raw,0.1109655903965385,7
2021-08-31,labor_force,MA3,0.4846176958115392,7
2021-08-31,labor_force,MA6,0.3254231909628721,7
2021-08-31,labor_force,MA9,0.1870914662262635,7
2021-08-31,labor_force,Raw,0.36896126250511196,7
2021-08-31,laus_unemployment_rate,MA3,0.6475582785357957,7
2021-08-31,laus_unemployment_rate,MA6,0.6618779535392448,7
2021-08-31,laus_unemployment_rate,MA9,0.777425491412089,7
2021-08-31,laus_unemployment_rate,Raw,0.45592631605959005,7
2021-09-30,employment,MA3,0.18327037526254494,7
2021-09-30,employment,MA6,0.054565272102470544,7
2021-09-30,employment,MA9,-0.07647683475431266,7
2021-09-30,employment,Raw,0.1750375423491557,7
2021-09-30,labor_force,MA3,0.4132564023377297,7
2021-09-30,labor_force,MA6,0.333610403112659,7
2021-09-30,labor_force,MA9,0.22375224817012065,7
2021-09-30,labor_force,Raw,0.21312485438645717,7
2021-09-30,laus_unemployment_rate,MA3,0.3461298907453506,7
2021-09-30,laus_unemployment_rate,MA6,0.5134439372276179,7
2021-09-30,laus_unemployment_rate,MA9,0.6584679123867383,7
2021-09-30,laus_unemployment_rate,Raw,-0.05724330572253912,7
2021-10-31,employment,MA3,0.2099007203748075,7
2021-10-31,employment,MA6,0.13856158027450735,7
2021-10-31,employment,MA9,0.017774188618129412,7
2021-10-31,employment,Raw,0.34065406844056084,7
2021-10-31,labor_force,MA3,0.3007714352641016,7
2021-10-31,labor_force,MA6,0.3615448459564011,7
2021-10-31,labor_force,MA9,0.28179909150432286,7
2021-10-31,labor_force,Raw,0.3139312555734509,7
2021-10-31,laus_unemployment_rate,MA3,0.03469407353259677,7
2021-10-31,laus_unemployment_rate,MA6,0.3534080553306927,7
2021-10-31,laus_unemployment_rate,MA9,0.509946313862275,7
2021-10-31,laus_unemployment_rate,Raw,-0.2890956080760981,7
2021-11-30,employment,MA3,0.32858468259514,7
2021-11-30,employment,MA6,0.23122662050678636,7
2021-11-30,employment,MA9,0.10753499978716799,7
2021-11-30,employment,Raw,0.46234271124990595,7
2021-11-30,labor_force,MA3,0.2976247001243536,7
2021-11-30,labor_force,MA6,0.3953289904466943,7
2021-11-30,labor_force,MA9,0.32012433991046685,7
2021-11-30,labor_force,Raw,0.3581021103459516,7
2021-11-30,laus_unemployment_rate,MA3,-0.30386391857913403,7
2021-11-30,laus_unemployment_rate,MA6,0.17156801541421118,7
2021-11-30,laus_unemployment_rate,MA9,0.33952565310679267,7
2021-11-30,laus_unemployment_rate,Raw,-0.5319999909320011,7
2021-12-31,employment,MA3,0.43652079345341077,7
2021-12-31,employment,MA6,0.31364016886372753,7
2021-12-31,employment,MA9,0.18603744877546774,7
2021-12-31,employment,Raw,0.4943954695024611,7
2021-12-31,labor_force,MA3,0.31843149958971945,7
2021-12-31,labor_force,MA6,0.36995866383047143,7
2021-12-31,labor_force,MA9,0.3329904968597691,7
2021-12-31,labor_force,Raw,0.27478906126135166,7
2021-12-31,laus_unemployment_rate,MA3,-0.5501968645700904,7
2021-12-31,laus_unemployment_rate,MA6,-0.11076210909643174,7
2021-12-31,laus_unemployment_rate,MA9,0.1509676709178947,7
2021-12-31,laus_unemployment_rate,Raw,-0.7779632047227307,7
2022-01-31,employment,MA3,0.45158480522830036,7
2022-01-31,employment,MA6,0.33507808640853876,7
2022-01-31,employment,MA9,0.24814541588310055,7
2022-01-31,employment,Raw,0.3850608387498689,7
2022-01-31,labor_force,MA3,0.3086459747627514,7
2022-01-31,labor_force,MA6,0.3083480980664444,7
2022-01-31,labor_force,MA9,0.34888849369499103,7
2022-01-31,labor_force,Raw,0.2840948492183436,7
2022-01-31,laus_unemployment_rate,MA3,-0.6271354149818384,7
2022-01-31,laus_unemployment_rate,MA6,-0.3111400929519918,7
2022-01-31,laus_unemployment_rate,MA9,0.014083027074658487,7
2022-01-31,laus_unemployment_rate,Raw,-0.5142865829008042,7
2022-02-28,employment,MA3,0.49686195826963203,7
2022-02-28,employment,MA6,0.41847918479942925,7
2022-02-28,employment,MA9,0.32642153729551915,7
2022-02-28,employment,Raw,0.5962031286284164,7
2022-02-28,labor_force,MA3,0.34167364346974055,7
2022-02-28,labor_force,MA6,0.3241010696514728,7
2022-02-28,labor_force,MA9,0.38338993073109373,7
2022-02-28,labor_force,Raw,0.4552052433268428,7
2022-02-28,laus_unemployment_rate,MA3,-0.6835465627117175,7
2022-02-28,laus_unemployment_rate,MA6,-0.5146819158131712,7
2022-02-28,laus_unemployment_rate,MA9,-0.13019208195960494,7
2022-02-28,laus_unemployment_rate,Raw,-0.6988571675767489,7
2022-03-31,employment,MA3,0.5887752002363774,7
2022-03-31,employment,MA6,0.5199873827393386,7
2022-03-31,employment,MA9,0.4137534679667879,7
2022-03-31,employment,Raw,0.7665156744047039,7
2022-03-31,labor_force,MA3,0.44018245571825654,7
2022-03-31,labor_force,MA6,0.38486724934328287,7
2022-03-31,labor_force,MA9,0.4003713264185785,7
2022-03-31,labor_force,Raw,0.5654270734052584,7
2022-03-31,laus_unemployment_rate,MA3,-0.7115188713945569,7
2022-03-31,laus_unemployment_rate,MA6,-0.6559160266565597,7
2022-03-31,laus_unemployment_rate,MA9,-0.3334956376884259,7
2022-03-31,laus_unemployment_rate,Raw,-0.8597908753101667,7
2022-04-30,employment,MA3,0.7108698525175793,7
2022-04-30,employment,MA6,0.5896637285573668,7
2022-04-30,employment,MA9,0.47022124449633684,7
2022-04-30,employment,Raw,0.746582905351893,7
2022-04-30,labor_force,MA3,0.4799508329516344,7
2022-04-30,labor_force,MA6,0.40004679445220753,7
2022-04-30,labor_force,MA9,0.3723378205855603,7
2022-04-30,labor_force,Raw,0.4031079581758793,7
2022-04-30,laus_unemployment_rate,MA3,-0.9220456539843511,7
2022-04-30,laus_unemployment_rate,MA6,-0.8037064665512954,7
2022-04-30,laus_unemployment_rate,MA9,-0.5447559844540976,7
2022-04-30,laus_unemployment_rate,Raw,-1.1307711981006257,7
2022-05-31,employment,MA3,0.7787575081240264,7
2022-05-31,employment,MA6,0.6471379794815475,7
2022-05-31,employment,MA9,0.549910995764636,7
2022-05-31,employment,Raw,0.7971092283778191,7
2022-05-31,labor_force,MA3,0.4817381611949451,7
2022-05-31,labor_force,MA6,0.41738281431806007,7
2022-05-31,labor_force,MA9,0.383294875183894,7
2022-05-31,labor_force,Raw,0.46294994775001796,7
2022-05-31,laus_unemployment_rate,MA3,-1.0569670347428284,7
2022-05-31,laus_unemployment_rate,MA6,-0.9013984527171418,7
2022-05-31,laus_unemployment_rate,MA9,-0.7311704354889803,7
2022-05-31,laus_unemployment_rate,Raw,-1.0949367164897676,7
2022-06-30,employment,MA3,0.8002668384525664,7
2022-06-30,employment,MA6,0.7046095761976853,7
2022-06-30,employment,MA9,0.62574916842185,7
2022-06-30,employment,Raw,0.8304250048908169,7
2022-06-30,labor_force,MA3,0.48113792319786286,7
2022-06-30,labor_force,MA6,0.46653104975688586,7
2022-06-30,labor_force,MA9,0.42338247262895246,7
2022-06-30,labor_force,Raw,0.5671001825882397,7
2022-06-30,laus_unemployment_rate,MA3,-1.0656490973261785,7
2022-06-30,laus_unemployment_rate,MA6,-0.9201909971263513,7
2022-06-30,laus_unemployment_rate,MA9,-0.8305971695714456,7
2022-06-30,laus_unemployment_rate,Raw,-0.8859696604413203,7
2022-07-31,employment,MA3,0.8732471720305197,7
2022-07-31,employment,MA6,0.803359513418352,7
2022-07-31,employment,MA9,0.6976125203124528,7
2022-07-31,employment,Raw,0.9632941478039344,7
2022-07-31,labor_force,MA3,0.5783273679097044,7
2022-07-31,labor_force,MA6,0.5351878035777763,7
2022-07-31,labor_force,MA9,0.4662795613744368,7
2022-07-31,labor_force,Raw,0.6933074137511898,7
2022-07-31,laus_unemployment_rate,MA3,-1.005104606106708,7
2022-07-31,laus_unemployment_rate,MA6,-0.9970537462974065,7
2022-07-31,laus_unemployment_rate,MA9,-0.9099754643113152,7
2022-07-31,laus_unemployment_rate,Raw,-0.9546335558469075,7
2022-08-31,employment,MA3,0.8858323609101355,7
2022-08-31,employment,MA6,0.8440475895762624,7
2022-08-31,employment,MA9,0.7406285118686918,7
2022-08-31,employment,Raw,0.8348134255699512,7
2022-08-31,labor_force,MA3,0.6047279320381815,7
2022-08-31,labor_force,MA6,0.5485839214933904,7
2022-08-31,labor_force,MA9,0.4864670969901149,7
2022-08-31,labor_force,Raw,0.5430034974824697,7
2022-08-31,laus_unemployment_rate,MA3,-0.9560838648670212,7
2022-08-31,laus_unemployment_rate,MA6,-1.0408567649799814,7
2022-08-31,laus_unemployment_rate,MA9,-0.9588792584139577,7
2022-08-31,laus_unemployment_rate,Raw,-0.9520549853277457,7
2022-09-30,employment,MA3,0.8905107128768577,7
2022-09-30,employment,MA6,0.8573065364329038,7
2022-09-30,employment,MA9,0.7811220234176102,7
2022-09-30,employment,Raw,0.8442126552108896,7
2022-09-30,labor_force,MA3,0.5748260558044891,7
2022-09-30,labor_force,MA6,0.5327085267544659,7
2022-09-30,labor_force,MA9,0.5095368462924771,7
2022-09-30,labor_force,Raw,0.4772768096739797,7
2022-09-30,laus_unemployment_rate,MA3,-1.058142846752781,7
2022-09-30,laus_unemployment_rate,MA6,-1.097612029698546,7
2022-09-30,laus_unemployment_rate,MA9,-1.007445539157936,7
2022-09-30,laus_unemployment_rate,Raw,-1.1848249294603297,7
2022-10-31,employment,MA3,0.8639466746658407,7
2022-10-31,employment,MA6,0.8808351897721405,7
2022-10-31,employment,MA9,0.838798988517741,7
2022-10-31,employment,Raw,0.8840185306034777,7
2022-10-31,labor_force,MA3,0.5250790917231047,7
2022-10-31,labor_force,MA6,0.556524553915527,7
2022-10-31,labor_force,MA9,0.5387839388249944,7
2022-10-31,labor_force,Raw,0.5448471039260441,7
2022-10-31,laus_unemployment_rate,MA3,-1.117161919165305,7
2022-10-31,laus_unemployment_rate,MA6,-1.0966803975934933,7
2022-10-31,laus_unemployment_rate,MA9,-1.0805762189216979,7
2022-10-31,laus_unemployment_rate,Raw,-1.127136965475594,7
2022-11-30,employment,MA3,0.8747136576860779,7
2022-11-30,employment,MA6,0.8926925623984571,7
2022-11-30,employment,MA9,0.8700369950352934,7
2022-11-30,employment,Raw,0.8663485313469902,7
2022-11-30,labor_force,MA3,0.5217711822256635,7
2022-11-30,labor_force,MA6,0.56842911680888,7
2022-11-30,labor_force,MA9,0.5469432066079688,7
2022-11-30,labor_force,Raw,0.5306004334380395,7
2022-11-30,laus_unemployment_rate,MA3,-1.1999203068719668,7
2022-11-30,laus_unemployment_rate,MA6,-1.1140020899385006,7
2022-11-30,laus_unemployment_rate,MA9,-1.1394404705741694,7
2022-11-30,laus_unemployment_rate,Raw,-1.193775740181783,7
2022-12-31,employment,MA3,0.8925732373030494,7
2022-12-31,employment,MA6,0.9042556304267908,7
2022-12-31,employment,MA9,0.8851376538644841,7
2022-12-31,employment,Raw,0.8968230238208574,7
2022-12-31,labor_force,MA3,0.5301843642676775,7
2022-12-31,labor_force,MA6,0.5579654465156888,7
2022-12-31,labor_force,MA9,0.5390832198617116,7
2022-12-31,labor_force,Raw,0.501740093690469,7
2022-12-31,laus_unemployment_rate,MA3,-1.244917841913779,7
2022-12-31,laus_unemployment_rate,MA6,-1.1896276163924038,7
2022-12-31,laus_unemployment_rate,MA9,-1.1939833263029804,7
2022-12-31,laus_unemployment_rate,Raw,-1.3162004413758897,7
2023-01-31,employment,MA3,0.8872394995415236,7
2023-01-31,employment,MA6,0.8882884104341205,7
2023-01-31,employment,MA9,0.8992325044501628,7
2023-01-31,employment,Raw,0.8680630715949688,7
2023-01-31,labor_force,MA3,0.5506761486534695,7
2023-01-31,labor_force,MA6,0.5437177033206703,7
2023-01-31,labor_force,MA9,0.5624078303596136,7
2023-01-31,labor_force,Raw,0.6042021363890618,7
2023-01-31,laus_unemployment_rate,MA3,-1.2178451429820691,7
2023-01-31,laus_unemployment_rate,MA6,-1.2059497314995735,7
2023-01-31,laus_unemployment_rate,MA9,-1.1835561542549222,7
2023-01-31,laus_unemployment_rate,Raw,-1.0484208895674034,7
2023-02-28,employment,MA3,0.9267966310125761,7
2023-02-28,employment,MA6,0.9139819960185301,7
2023-02-28,employment,MA9,0.9208435284951982,7
2023-02-28,employment,Raw,0.9831214627440098,7
2023-02-28,labor_force,MA3,0.6358783969008746,7
2023-02-28,labor_force,MA6,0.5861156622756629,7
2023-02-28,labor_force,MA9,0.5999900766105724,7
2023-02-28,labor_force,Raw,0.7814935785017572,7
2023-02-28,laus_unemployment_rate,MA3,-1.1545832222521732,7
2023-02-28,laus_unemployment_rate,MA6,-1.2160461796617368,7
2023-02-28,laus_unemployment_rate,MA9,-1.1731926436557127,7
2023-02-28,laus_unemployment_rate,Raw,-1.008597074490495,7
2023-03-31,employment,MA3,0.999703767629751,7
2023-03-31,employment,MA6,0.9601005271231309,7
2023-03-31,employment,MA9,0.95374037772489,7
2023-03-31,employment,Raw,1.1122178410760293,7
2023-03-31,labor_force,MA3,0.7627722488279277,7
2023-03-31,labor_force,MA6,0.6551805707603726,7
2023-03-31,labor_force,MA9,0.6369039047703644,7
2023-03-31,labor_force,Raw,0.8757238966847364,7
2023-03-31,laus_unemployment_rate,MA3,-1.0827739457996135,7
2023-03-31,laus_unemployment_rate,MA6,-1.2021357408591002,7
2023-03-31,laus_unemployment_rate,MA9,-1.199500503988016,7
2023-03-31,laus_unemployment_rate,Raw,-1.1067332236184195,7
2023-04-30,employment,MA3,1.0772174016328389,7
2023-04-30,employment,MA6,0.9967730047898422,7
2023-04-30,employment,MA9,0.969648330291208,7
2023-04-30,employment,Raw,1.0971411158455746,7
2023-04-30,labor_force,MA3,0.8022398934239883,7
2023-04-30,labor_force,MA6,0.6858805940156542,7
2023-04-30,labor_force,MA9,0.6410438304128171,7
2023-04-30,labor_force,Raw,0.7209119654173024,7
2023-04-30,laus_unemployment_rate,MA3,-1.192141413036113,7
2023-04-30,laus_unemployment_rate,MA6,-1.2443286306332006,7
2023-04-30,laus_unemployment_rate,MA9,-1.2491455065662187,7
2023-04-30,laus_unemployment_rate,Raw,-1.3682955956328884,7
2023-05-31,employment,MA3,1.0980840829856622,7
2023-05-31,employment,MA6,1.0274232761417317,7
2023-05-31,employment,MA9,0.9941753141722834,7
2023-05-31,employment,Raw,1.0445984367082326,7
2023-05-31,labor_force,MA3,0.7872431755600131,7
2023-05-31,labor_force,MA6,0.7213663248665355,7
2023-05-31,labor_force,MA9,0.664434556815717,7
2023-05-31,labor_force,Raw,0.7388788509029347,7
2023-05-31,laus_unemployment_rate,MA3,-1.2533611099386772,7
2023-05-31,laus_unemployment_rate,MA6,-1.2430847271664827,7
2023-05-31,laus_unemployment_rate,MA9,-1.277453674842381,7
2023-05-31,laus_unemployment_rate,Raw,-1.1884805807566534,7
2023-06-30,employment,MA3,1.0993277854735013,7
2023-06-30,employment,MA6,1.0650090632462337,7
2023-06-30,employment,MA9,1.0256776723140242,7
2023-06-30,employment,Raw,1.1156704556449153,7
2023-06-30,labor_force,MA3,0.7961568347119986,7
2023-06-30,labor_force,MA6,0.7902692361904242,7
2023-06-30,labor_force,MA9,0.7139019642142951,7
2023-06-30,labor_force,Raw,0.9032564226559028,7
2023-06-30,laus_unemployment_rate,MA3,-1.2185324578847416,7
2023-06-30,laus_unemployment_rate,MA6,-1.1878989382300877,7
2023-06-30,laus_unemployment_rate,MA9,-1.2554950916174477,7
2023-06-30,laus_unemployment_rate,Raw,-1.005487902796137,7
2023-07-31,employment,MA3,1.1317162134950176,7
2023-07-31,employment,MA6,1.1205951979016697,7
2023-07-31,employment,MA9,1.06131758886233,7
2023-07-31,employment,Raw,1.193414580970613,7
2023-07-31,labor_force,MA3,0.8932045122002183,7
2023-07-31,labor_force,MA6,0.8592462425439852,7
2023-07-31,labor_force,MA9,0.7676441510358111,7
2023-07-31,labor_force,Raw,1.009136945443812,7
2023-07-31,laus_unemployment_rate,MA3,-1.0852888844731408,7
2023-07-31,laus_unemployment_rate,MA6,-1.175574362393958,7
2023-07-31,laus_unemployment_rate,MA9,-1.237397469298399,7
2023-07-31,laus_unemployment_rate,Raw,-0.9786144068566902,7
2023-08-31,employment,MA3,1.114454296119909,7
2023-08-31,employment,MA6,1.122312431099658,7
2023-08-31,employment,MA9,1.075993748718791,7
2023-08-31,employment,Raw,0.9936866247974814,7
2023-08-31,labor_force,MA3,0.93158233078541,7
2023-08-31,labor_force,MA6,0.8707870823533665,7
2023-08-31,labor_force,MA9,0.8047438346334159,7
2023-08-31,labor_force,Raw,0.8519401599714544,7
2023-08-31,laus_unemployment_rate,MA3,-0.964729033572357,7
2023-08-31,laus_unemployment_rate,MA6,-1.1447946631740062,7
2023-08-31,laus_unemployment_rate,MA9,-1.1940382982130977,7
2023-08-31,laus_unemployment_rate,Raw,-0.8358733033058892,7
2023-09-30,employment,MA3,1.063647860043955,7
2023-09-30,employment,MA6,1.0971163929407284,7
2023-09-30,employment,MA9,1.0839612672323802,7
2023-09-30,employment,Raw,0.9657108402476035,7
2023-09-30,labor_force,MA3,0.8905903369592579,7
2023-09-30,labor_force,MA6,0.8545656405261306,7
2023-09-30,labor_force,MA9,0.8375833877164596,7
2023-09-30,labor_force,Raw,0.7804617743424557,7
2023-09-30,laus_unemployment_rate,MA3,-0.95389615676359,7
2023-09-30,laus_unemployment_rate,MA6,-1.121222044345534,7
2023-09-30,laus_unemployment_rate,MA9,-1.1524640420105818,7
2023-09-30,laus_unemployment_rate,Raw,-0.9732734964932794,7
2023-10-31,employment,MA3,0.9953484033850362,7
2023-10-31,employment,MA6,1.078837595101304,7
2023-10-31,employment,MA9,1.0981536060690105,7
2023-10-31,employment,Raw,0.9912138592307739,7
2023-10-31,labor_force,MA3,0.8214438564670804,7
2023-10-31,labor_force,MA6,0.8687955888663212,7
2023-10-31,labor_force,MA9,0.8606735597483558,7
2023-10-31,labor_force,Raw,0.8031830907676631,7
2023-10-31,laus_unemployment_rate,MA3,-0.9395488901454379,7
2023-10-31,laus_unemployment_rate,MA6,-1.0452587725717584,7
2023-10-31,laus_unemployment_rate,MA9,-1.1390143878223413,7
2023-10-31,laus_unemployment_rate,Raw,-0.9366009109928791,7
2023-11-30,employment,MA3,1.0136911504490806,7
2023-11-30,employment,MA6,1.079343457457384,7
2023-11-30,employment,MA9,1.1055640646551574,7
2023-11-30,employment,Raw,1.0483754356623305,7
2023-11-30,labor_force,MA3,0.8181875705347271,7
2023-11-30,labor_force,MA6,0.8869335661831054,7
2023-11-30,labor_force,MA9,0.8674502291788232,7
2023-11-30,labor_force,Raw,0.8413478936865376,7
2023-11-30,laus_unemployment_rate,MA3,-1.011684221865759,7
2023-11-30,laus_unemployment_rate,MA6,-1.0204724515809658,7
2023-11-30,laus_unemployment_rate,MA9,-1.1434118994308415,7
2023-11-30,laus_unemployment_rate,Raw,-1.0462317832074153,7
2023-12-31,employment,MA3,1.0021932487362164,7
2023-12-31,employment,MA6,1.0477026210057072,7
2023-12-31,employment,MA9,1.0845271648247914,7
2023-12-31,employment,Raw,0.9319642289546675,7
2023-12-31,labor_force,MA3,0.7799555492213688,7
2023-12-31,labor_force,MA6,0.8467366266175372,7
2023-12-31,labor_force,MA9,0.8430434876803892,7
2023-12-31,labor_force,Raw,0.6691384432845024,7
2023-12-31,laus_unemployment_rate,MA3,-1.036769979632433,7
2023-12-31,laus_unemployment_rate,MA6,-1.0281750300574717,7
2023-12-31,laus_unemployment_rate,MA9,-1.1364128678659187,7
2023-12-31,laus_unemployment_rate,Raw,-1.0455422165093584,7
2024-01-31,employment,MA3,0.9746334808407544,7
2024-01-31,employment,MA6,0.9992278583757,7
2024-01-31,employment,MA9,1.062752626490799,7
2024-01-31,employment,Raw,0.9095278850108139,7
2024-01-31,labor_force,MA3,0.7725288174957392,7
2024-01-31,labor_force,MA6,0.8083988317041232,7
2024-01-31,labor_force,MA9,0.8503261029043037,7
2024-01-31,labor_force,Raw,0.7802645272302613,7
2024-01-31,laus_unemployment_rate,MA3,-0.9891568855857649,7
2024-01-31,laus_unemployment_rate,MA6,-0.9964132414856668,7
2024-01-31,laus_unemployment_rate,MA9,-1.0678144671535619,7
2024-01-31,laus_unemployment_rate,Raw,-0.7968510939168966,7
2024-02-29,employment,MA3,0.953687102742494,7
2024-02-29,employment,MA6,0.9979856448899161,7
2024-02-29,employment,MA9,1.0559699736236028,7
2024-02-29,employment,Raw,0.9861831999438061,7
2024-02-29,labor_force,MA3,0.7945286937717305,7
2024-02-29,labor_force,MA6,0.8182876130905553,7
2024-02-29,labor_force,MA9,0.8703728160646078,7
2024-02-29,labor_force,Raw,0.9056568393676623,7
2024-02-29,laus_unemployment_rate,MA3,-0.8892608133693558,7
2024-02-29,laus_unemployment_rate,MA6,-0.9823653102415578,7
2024-02-29,laus_unemployment_rate,MA9,-1.015843198223609,7
2024-02-29,laus_unemployment_rate,Raw,-0.7537654415159597,7
2024-03-31,employment,MA3,1.0258781294392472,7
2024-03-31,employment,MA6,1.0287774831070835,7
2024-03-31,employment,MA9,1.059389155936343,7
2024-03-31,employment,Raw,1.14540259648111,7
2024-03-31,labor_force,MA3,0.9272505027752935,7
2024-03-31,labor_force,MA6,0.8663150207167745,7
2024-03-31,labor_force,MA9,0.889163643734867,7
2024-03-31,labor_force,Raw,1.059513807003958,7
2024-03-31,laus_unemployment_rate,MA3,-0.8189115268979307,7
2024-03-31,laus_unemployment_rate,MA6,-0.9592911955500086,7
2024-03-31,laus_unemployment_rate,MA9,-0.9964560226909727,7
2024-03-31,laus_unemployment_rate,Raw,-0.8400036929506074,7
2024-04-30,employment,MA3,1.0887745355125402,7
2024-04-30,employment,MA6,1.0467016011337997,7
2024-04-30,employment,MA9,1.0482582605049489,7
2024-04-30,employment,Raw,1.0957017977315722,7
2024-04-30,labor_force,MA3,0.9638236448368401,7
2024-04-30,labor_force,MA6,0.8811377608348128,7
2024-04-30,labor_force,MA9,0.8758740549842796,7
2024-04-30,labor_force,Raw,0.8889473510725617,7
2024-04-30,laus_unemployment_rate,MA3,-0.8965614080857244,7
2024-04-30,laus_unemployment_rate,MA6,-0.9748369797263648,7
2024-04-30,laus_unemployment_rate,MA9,-1.0020791875741781,7
2024-04-30,laus_unemployment_rate,Raw,-1.0239848790638615,7
2024-05-31,employment,MA3,1.0940318870198282,7
2024-05-31,employment,MA6,1.0388041618715464,7
2024-05-31,employment,MA9,1.0492802787401148,7
2024-05-31,employment,Raw,1.001287555105815,7
2024-05-31,labor_force,MA3,0.9422661909225469,7
2024-05-31,labor_force,MA6,0.8813459176028088,7
2024-05-31,labor_force,MA9,0.8751411744439942,7
2024-05-31,labor_force,Raw,0.8423811062465001,7
2024-05-31,laus_unemployment_rate,MA3,-0.944851435753135,7
2024-05-31,laus_unemployment_rate,MA6,-0.9482710340254775,7
2024-05-31,laus_unemployment_rate,MA9,-1.0094673178153266,7
2024-05-31,laus_unemployment_rate,Raw,-0.8953436678298876,7
2024-06-30,employment,MA3,1.0693725054889203,7
2024-06-30,employment,MA6,1.0629281529770214,7
2024-06-30,employment,MA9,1.0615647938866473,7
2024-06-30,employment,Raw,1.072060643494244,7
2024-06-30,labor_force,MA3,0.9463004712293562,7
2024-06-30,labor_force,MA6,0.9509649422968096,7
2024-06-30,labor_force,MA9,0.9086862092389255,7
2024-06-30,labor_force,Raw,1.0720966596572186,7
2024-06-30,laus_unemployment_rate,MA3,-0.8578734644020081,7
2024-06-30,laus_unemployment_rate,MA6,-0.8671580272294708,7
2024-06-30,laus_unemployment_rate,MA9,-0.9630631533772692,7
2024-06-30,laus_unemployment_rate,Raw,-0.5859872147167257,7
2024-07-31,employment,MA3,1.0984813308042265,7
2024-07-31,employment,MA6,1.1094749923774123,7
2024-07-31,employment,MA9,1.083503956229404,7
2024-07-31,employment,Raw,1.1818520433207809,7
2024-07-31,labor_force,MA3,1.0847117153743955,7
2024-07-31,labor_force,MA6,1.0398034743014712,7
2024-07-31,labor_force,MA9,0.9662606981882815,7
2024-07-31,labor_force,Raw,1.2973368980920825,7
2024-07-31,laus_unemployment_rate,MA3,-0.6576692719193317,7
2024-07-31,laus_unemployment_rate,MA6,-0.8039947438580065,7
2024-07-31,laus_unemployment_rate,MA9,-0.9031811629275317,7
2024-07-31,laus_unemployment_rate,Raw,-0.43862315832970017,7
2024-08-31,employment,MA3,1.0783989499108968,7
2024-08-31,employment,MA6,1.1018908800187346,7
2024-08-31,employment,MA9,1.0712214651784282,7
2024-08-31,employment,Raw,0.942046695257352,7
2024-08-31,labor_force,MA3,1.142558478216972,7
2024-08-31,labor_force,MA6,1.0582347684540296,7
2024-08-31,labor_force,MA9,0.9863723542010508,7
2024-08-31,labor_force,Raw,1.012589105581878,7
2024-08-31,laus_unemployment_rate,MA3,-0.5040591554266282,7
2024-08-31,laus_unemployment_rate,MA6,-0.7496805615843067,7
2024-08-31,laus_unemployment_rate,MA9,-0.8309229478185083,7
2024-08-31,laus_unemployment_rate,Raw,-0.44603617567002063,7
2024-09-30,employment,MA3,1.0504842260749974,7
2024-09-30,employment,MA6,1.075266528751311,7
2024-09-30,employment,MA9,1.0780548470508318,7
2024-09-30,employment,Raw,0.9894886536911495,7
2024-09-30,labor_force,MA3,1.1036697777075124,7
2024-09-30,labor_force,MA6,1.0408697753991845,7
2024-09-30,labor_force,MA9,1.020696280863062,7
2024-09-30,labor_force,Raw,0.9546516366958189,7
2024-09-30,laus_unemployment_rate,MA3,-0.5516176175812545,7
2024-09-30,laus_unemployment_rate,MA6,-0.7292525620797415,7
2024-09-30,laus_unemployment_rate,MA9,-0.7920290475783992,7
2024-09-30,laus_unemployment_rate,Raw,-0.725223217093866,7
2024-10-31,employment,MA3,0.9900513675437272,7
2024-10-31,employment,MA6,1.0593945086325245,7
2024-10-31,employment,MA9,1.0888463357811609,7
2024-10-31,employment,Raw,1.0028816927860673,7
2024-10-31,labor_force,MA3,0.9926820435586298,7
2024-10-31,labor_force,MA6,1.0550717630250719,7
2024-10-31,labor_force,MA9,1.0427322710723026,7
2024-10-31,labor_force,Raw,0.9686112281303465,7
2024-10-31,laus_unemployment_rate,MA3,-0.6350373271015892,7
2024-10-31,laus_unemployment_rate,MA6,-0.6691179089400022,7
2024-10-31,laus_unemployment_rate,MA9,-0.778182374061004,7
2024-10-31,laus_unemployment_rate,Raw,-0.6824989894657817,7
2024-11-30,employment,MA3,0.9879973882749477,7
2024-11-30,employment,MA6,1.0480987292377768,7
2024-11-30,employment,MA9,1.0829902014668098,7
2024-11-30,employment,Raw,0.936325342920896,7
2024-11-30,labor_force,MA3,0.9519746887062028,7
2024-11-30,labor_force,MA6,1.0639354302266104,7
2024-11-30,labor_force,MA9,1.041211672486457,7
2024-11-30,labor_force,Raw,0.8922885849185661,7
2024-11-30,laus_unemployment_rate,MA3,-0.711522533913729,7
2024-11-30,laus_unemployment_rate,MA6,-0.6294151560438276,7
2024-11-30,laus_unemployment_rate,MA9,-0.7679021331826856,7
2024-11-30,laus_unemployment_rate,Raw,-0.6697053206119016,7
2024-12-31,employment,MA3,0.9712875347389308,7
2024-12-31,employment,MA6,1.0254720449728383,7
2024-12-31,employment,MA9,1.059221219551392,7
2024-12-31,employment,Raw,0.9402823897924417,7
2024-12-31,labor_force,MA3,0.8985299323738521,7
2024-12-31,labor_force,MA6,1.0170246562586913,7
2024-12-31,labor_force,MA9,1.0106877360678972,7
2024-12-31,labor_force,Raw,0.7994446695130799,7
2024-12-31,laus_unemployment_rate,MA3,-0.7422489448605892,7
2024-12-31,laus_unemployment_rate,MA6,-0.6697565012898907,7
2024-12-31,laus_unemployment_rate,MA9,-0.7647903496579954,7
2024-12-31,laus_unemployment_rate,Raw,-0.8147068650704313,7
2025-01-31,employment,MA3,0.9277126663197147,7
2025-01-31,employment,MA6,0.9728299825898408,7
2025-01-31,employment,MA9,1.0336011809498162,7
2025-01-31,employment,Raw,0.8739098208573706,7
2025-01-31,labor_force,MA3,0.855962583947634,7
2025-01-31,labor_force,MA6,0.9389912327295821,7
2025-01-31,labor_force,MA9,1.0056024274119302,7
2025-01-31,labor_force,Raw,0.8438452233441286,7
2025-01-31,laus_unemployment_rate,MA3,-0.6979514105918553,7
2025-01-31,laus_unemployment_rate,MA6,-0.6899156187045566,7
2025-01-31,laus_unemployment_rate,MA9,-0.7080295031680909,7
2025-01-31,laus_unemployment_rate,Raw,-0.553183310276428,7
2025-02-28,employment,MA3,0.9080818567111324,7
2025-02-28,employment,MA6,0.9618426277857022,7
2025-02-28,employment,MA9,1.0192299327658527,7
2025-02-28,employment,Raw,0.8782138429782123,7
2025-02-28,labor_force,MA3,0.8530481587841774,7
2025-02-28,labor_force,MA6,0.9165484480380341,7
2025-02-28,labor_force,MA9,1.0103293775909397,7
2025-02-28,labor_force,Raw,0.8853170516639717,7
2025-02-28,laus_unemployment_rate,MA3,-0.6231471826308306,7
2025-02-28,laus_unemployment_rate,MA6,-0.6908527845041613,7
2025-02-28,laus_unemployment_rate,MA9,-0.654605973269566,7
2025-02-28,laus_unemployment_rate,Raw,-0.4509304317421989,7
2025-03-31,employment,MA3,0.9086127367752393,7
2025-03-31,employment,MA6,0.9536019205998899,7
2025-03-31,employment,MA9,1.0042033345537908,7
2025-03-31,employment,Raw,0.9417760627875021,7
2025-03-31,labor_force,MA3,0.9039608888473369,7
2025-03-31,labor_force,MA6,0.9146669164859079,7
2025-03-31,labor_force,MA9,0.996097690924313,7
2025-03-31,labor_force,Raw,0.9501741465132508,7
2025-03-31,laus_unemployment_rate,MA3,-0.4988672643825987,7
2025-03-31,laus_unemployment_rate,MA6,-0.6426902714236954,7
2025-03-31,laus_unemployment_rate,MA9,-0.6383328596364842,7
2025-03-31,laus_unemployment_rate,Raw,-0.45197023107774,7
2025-04-30,employment,MA3,0.940736859644257,7
2025-04-30,employment,MA6,0.9479142506240612,7
2025-04-30,employment,MA9,0.979884204403833,7
2025-04-30,employment,Raw,0.9685146414730974,7
2025-04-30,labor_force,MA3,0.9318706128664035,7
2025-04-30,labor_force,MA6,0.9071942982943637,7
2025-04-30,labor_force,MA9,0.953167970660016,7
2025-04-30,labor_force,Raw,0.9254282784423967,7
2025-04-30,laus_unemployment_rate,MA3,-0.5263312388117617,7
2025-04-30,laus_unemployment_rate,MA6,-0.6339639305975323,7
2025-04-30,laus_unemployment_rate,MA9,-0.6617245226695617,7
2025-04-30,laus_unemployment_rate,Raw,-0.6338052766395992,7
2025-05-31,employment,MA3,0.9159669653833568,7
2025-05-31,employment,MA6,0.9255323010898768,7
2025-05-31,employment,MA9,0.9641651872395478,7
2025-05-31,employment,Raw,0.8040656229781626,7
2025-05-31,labor_force,MA3,0.8910433989155316,7
2025-05-31,labor_force,MA6,0.8846944807644622,7
2025-05-31,labor_force,MA9,0.9239255519114027,7
2025-05-31,labor_force,Raw,0.764304054141113,7
2025-05-31,laus_unemployment_rate,MA3,-0.5362233829531161,7
2025-05-31,laus_unemployment_rate,MA6,-0.6005582764585504,7
2025-05-31,laus_unemployment_rate,MA9,-0.665788222508362,7
2025-05-31,laus_unemployment_rate,Raw,-0.4801233517690799,7
2025-06-30,employment,MA3,0.8933589157590512,7
2025-06-30,employment,MA6,0.9143809381694145,7
2025-06-30,employment,MA9,0.9508426633830577,7
2025-06-30,employment,Raw,0.8744916847099299,7
2025-06-30,labor_force,MA3,0.8842563651083332,7
2025-06-30,labor_force,MA6,0.9068407160861242,7
2025-06-30,labor_force,MA9,0.9198039249441224,7
2025-06-30,labor_force,Raw,0.9310144333901595,7
2025-06-30,laus_unemployment_rate,MA3,-0.4713461830365156,7
2025-06-30,laus_unemployment_rate,MA6,-0.5030990227833382,7
2025-06-30,laus_unemployment_rate,MA9,-0.6100020150050074,7
2025-06-30,laus_unemployment_rate,Raw,-0.26218832611502085,7
2025-07-31,employment,MA3,0.8811437561920403,7
2025-07-31,employment,MA6,0.9244368492003961,7
2025-07-31,employment,MA9,0.9426861527389814,7
2025-07-31,employment,Raw,0.9327168604340403,7
2025-07-31,labor_force,MA3,0.9337971130233969,7
2025-07-31,labor_force,MA6,0.9458948459728633,7
2025-07-31,labor_force,MA9,0.9312407281517782,7
2025-07-31,labor_force,Raw,1.0739530279798408,7
2025-07-31,laus_unemployment_rate,MA3,-0.3027768245955342,7
2025-07-31,laus_unemployment_rate,MA6,-0.4304123005489893,7
2025-07-31,laus_unemployment_rate,MA9,-0.5446507566368807,7
2025-07-31,laus_unemployment_rate,Raw,-0.14089389861305118,7
2025-08-31,employment,MA3,0.8406933864348448,7
2025-08-31,employment,MA6,0.8915161388777529,7
2025-08-31,employment,MA9,0.9138317999493415,7
2025-08-31,employment,Raw,0.6842627657386255,7
2025-08-31,labor_force,MA3,0.9557623106092882,7
2025-08-31,labor_force,MA6,0.9365596832127355,7
2025-08-31,labor_force,MA9,0.9237300755491006,7
2025-08-31,labor_force,Raw,0.8281470034933961,7
2025-08-31,laus_unemployment_rate,MA3,-0.1608048908149772,7
2025-08-31,laus_unemployment_rate,MA6,-0.362389845082943,7
2025-08-31,laus_unemployment_rate,MA9,-0.47186833604725936,7
2025-08-31,laus_unemployment_rate,Raw,-0.06494211793042619,7
2025-09-30,employment,MA3,0.7846437799471734,7
2025-09-30,employment,MA6,0.8517911140009949,7
2025-09-30,employment,MA9,0.887349342619097,7
2025-09-30,employment,Raw,0.708378336824491,7
2025-09-30,labor_force,MA3,0.9240587410881324,7
2025-09-30,labor_force,MA6,0.9175442488791025,7
2025-09-30,labor_force,MA9,0.9285526584506351,7
2025-09-30,labor_force,Raw,0.8338026446697768,7
2025-09-30,laus_unemployment_rate,MA3,-0.12410214017559205,7
2025-09-30,laus_unemployment_rate,MA6,-0.3100890142978328,7
2025-09-30,laus_unemployment_rate,MA9,-0.39220543849112793,7
2025-09-30,laus_unemployment_rate,Raw,-0.154994365133134,7
2025-11-30,employment,MA3,0.6971359658167238,7
2025-11-30,employment,MA6,0.7954713303293687,7
2025-11-30,employment,MA9,0.8579596448200607,7
2025-11-30,employment,Raw,0.6690615901315792,7
2025-11-30,labor_force,MA3,0.8325130524388703,7
2025-11-30,labor_force,MA6,0.921009412915503,7
2025-11-30,labor_force,MA9,0.926401393028393,7
2025-11-30,labor_force,Raw,0.8043470703016814,7
2025-11-30,laus_unemployment_rate,MA3,-0.19128302178055248,7
2025-11-30,laus_unemployment_rate,MA6,-0.18142401308785105,7
2025-11-30,laus_unemployment_rate,MA9,-0.333051622804058,7
2025-11-30,laus_unemployment_rate,Raw,-0.21785396018726003,7
2025-12-31,employment,MA3,0.6696644915195049,7
2025-12-31,employment,MA6,0.7505296379485582,7
2025-12-31,employment,MA9,0.821009219075371,7
2025-12-31,employment,Raw,0.6543170258032128,7
2025-12-31,labor_force,MA3,0.735935389518775,7
2025-12-31,labor_force,MA6,0.8636822848781739,7
2025-12-31,labor_force,MA9,0.8877438026032755,7
2025-12-31,labor_force,Raw,0.6426089764892746,7
2025-12-31,laus_unemployment_rate,MA3,-0.3433313943476111,7
2025-12-31,laus_unemployment_rate,MA6,-0.22119295450666482,7
2025-12-31,laus_unemployment_rate,MA9,-0.33275790490285495,7
2025-12-31,laus_unemployment_rate,Raw,-0.4522838552574932,7
2026-01-31,employment,MA3,0.5912612593299645,7
2026-01-31,employment,MA6,0.6476192742446311,7
2026-01-31,employment,MA9,0.7512228977852204,7
2026-01-31,employment,Raw,0.429302852118094,7
2026-01-31,labor_force,MA3,0.650036874251468,7
2026-01-31,labor_force,MA6,0.7412155661197551,7
2026-01-31,labor_force,MA9,0.8293153803192933,7
2026-01-31,labor_force,Raw,0.4702395043936223,7
2026-01-31,laus_unemployment_rate,MA3,-0.30600194156670896,7
2026-01-31,laus_unemployment_rate,MA6,-0.23872630281639043,7
2026-01-31,laus_unemployment_rate,MA9,-0.2770405726831674,7
2026-01-31,laus_unemployment_rate,Raw,-0.22565950091825973,7
2026-02-28,employment,MA3,0.5301271268814667,7
2026-02-28,employment,MA6,0.6073121812975629,7
2026-02-28,employment,MA9,0.7102327625069117,7
2026-02-28,employment,Raw,0.4884345562640248,7
2026-02-28,labor_force,MA3,0.5660003791755274,7
2026-02-28,labor_force,MA6,0.6861116484400719,7
2026-02-28,labor_force,MA9,0.8033334836221272,7
2026-02-28,labor_force,Raw,0.5588980768072187,7
2026-02-28,laus_unemployment_rate,MA3,-0.2825553647068344,7
2026-02-28,laus_unemployment_rate,MA6,-0.2559741328497478,7
2026-02-28,laus_unemployment_rate,MA9,-0.23166217624889565,7
2026-02-28,laus_unemployment_rate,Raw,-0.1489810665269809,7
2026-03-31,employment,MA3,0.5001673988614997,7
2026-03-31,employment,MA6,0.5779476851132573,7
2026-03-31,employment,MA9,0.6703196230696705,7
2026-03-31,employment,Raw,0.565836101733518,7
2026-03-31,labor_force,MA3,0.5292188957060456,7
2026-03-31,labor_force,MA6,0.6241653892532276,7
2026-03-31,labor_force,MA9,0.7527780822080334,7
2026-03-31,labor_force,Raw,0.5360120408254424,7
2026-03-31,laus_unemployment_rate,MA3,-0.2526476930960027,7
2026-03-31,laus_unemployment_rate,MA6,-0.29984984574774626,7
2026-03-31,laus_unemployment_rate,MA9,-0.24500580794273888,7
2026-03-31,laus_unemployment_rate,Raw,-0.36491890991632453,7
2026-04-30,employment,MA3,0.5414361973739658,7
2026-04-30,employment,MA6,0.5761688424804279,7
2026-04-30,employment,MA9,0.6210653273593998,7
2026-04-30,employment,Raw,0.5520194982399028,7
2026-04-30,labor_force,MA3,0.5160138275186424,7
2026-04-30,labor_force,MA6,0.5940134276561164,7
2026-04-30,labor_force,MA9,0.6695648348039154,7
2026-04-30,labor_force,Raw,0.43534749568326825,7
2026-04-30,laus_unemployment_rate,MA3,-0.3365614000950127,7
2026-04-30,laus_unemployment_rate,MA6,-0.333409856399054,7
2026-04-30,laus_unemployment_rate,MA9,-0.28960683083836186,7
2026-04-30,laus_unemployment_rate,Raw,-0.4701404387865769,7
