candidate_id,geo_id,date,series_key,baseline_metric_score,challenger_metric_score,series_type,difference_challenger_minus_baseline,calendar_month
price_family_ma6_structural_linked,alameda_county_ca__county,2008-12-31,demand,0.98,0.98,axis_score,0.0,12
price_family_ma6_structural_linked,alameda_county_ca__county,2009-04-30,demand,-0.07444444444444444,-0.07444444444444444,axis_score,0.0,4
price_family_ma6_structural_linked,alameda_county_ca__county,2009-05-31,demand,-0.15081456456456455,-0.15081456456456455,axis_score,0.0,5
price_family_ma6_structural_linked,alameda_county_ca__county,2009-06-30,demand,0.13347278067541227,0.13347278067541227,axis_score,0.0,6
price_family_ma6_structural_linked,alameda_county_ca__county,2009-07-31,demand,0.45001272324956537,0.45001272324956537,axis_score,0.0,7
price_family_ma6_structural_linked,alameda_county_ca__county,2009-08-31,demand,-0.099821754084912,-0.099821754084912,axis_score,0.0,8
price_family_ma6_structural_linked,alameda_county_ca__county,2009-09-30,demand,0.21947216128971583,0.21947216128971583,axis_score,0.0,9
price_family_ma6_structural_linked,alameda_county_ca__county,2009-10-31,demand,0.158321768565671,0.158321768565671,axis_score,0.0,10
price_family_ma6_structural_linked,alameda_county_ca__county,2009-11-30,demand,0.20845454327190008,0.20845454327190008,axis_score,0.0,11
price_family_ma6_structural_linked,alameda_county_ca__county,2009-12-31,demand,-0.3418655362996212,-0.3418655362996212,axis_score,0.0,12
price_family_ma6_structural_linked,alameda_county_ca__county,2010-01-31,demand,0.07409159931061927,0.07409159931061927,axis_score,0.0,1
price_family_ma6_structural_linked,alameda_county_ca__county,2010-02-28,demand,0.008134101641221608,0.008134101641221608,axis_score,0.0,2
price_family_ma6_structural_linked,alameda_county_ca__county,2010-03-31,demand,0.019669984298144958,0.019669984298144958,axis_score,0.0,3
price_family_ma6_structural_linked,alameda_county_ca__county,2010-04-30,demand,-0.0912827674217321,-0.0912827674217321,axis_score,0.0,4
price_family_ma6_structural_linked,alameda_county_ca__county,2010-05-31,demand,0.12942325506392074,0.12942325506392074,axis_score,0.0,5
price_family_ma6_structural_linked,alameda_county_ca__county,2010-06-30,demand,-0.014807870493807348,-0.014807870493807348,axis_score,0.0,6
price_family_ma6_structural_linked,alameda_county_ca__county,2010-07-31,demand,0.060978616361459535,0.060978616361459535,axis_score,0.0,7
price_family_ma6_structural_linked,alameda_county_ca__county,2010-08-31,demand,0.007068778486053316,0.007068778486053316,axis_score,0.0,8
price_family_ma6_structural_linked,alameda_county_ca__county,2010-09-30,demand,0.38562971018479125,0.38562971018479125,axis_score,0.0,9
price_family_ma6_structural_linked,alameda_county_ca__county,2010-10-31,demand,0.021288580400498653,0.021288580400498653,axis_score,0.0,10
price_family_ma6_structural_linked,alameda_county_ca__county,2010-11-30,demand,0.09797836747157194,0.09797836747157194,axis_score,0.0,11
price_family_ma6_structural_linked,alameda_county_ca__county,2010-12-31,demand,0.41933124638115205,0.41933124638115205,axis_score,0.0,12
price_family_ma6_structural_linked,alameda_county_ca__county,2011-01-31,demand,-0.04362972706117341,-0.04362972706117341,axis_score,0.0,1
price_family_ma6_structural_linked,alameda_county_ca__county,2011-02-28,demand,0.21421507331446044,0.21421507331446044,axis_score,0.0,2
price_family_ma6_structural_linked,alameda_county_ca__county,2011-03-31,demand,0.28459293368582667,0.28459293368582667,axis_score,0.0,3
price_family_ma6_structural_linked,alameda_county_ca__county,2011-04-30,demand,0.21917436919528802,0.21917436919528802,axis_score,0.0,4
price_family_ma6_structural_linked,alameda_county_ca__county,2011-05-31,demand,0.3510322322804422,0.3510322322804422,axis_score,0.0,5
price_family_ma6_structural_linked,alameda_county_ca__county,2011-06-30,demand,0.19440053301455815,0.19440053301455815,axis_score,0.0,6
price_family_ma6_structural_linked,alameda_county_ca__county,2011-07-31,demand,0.42661368181406956,0.42661368181406956,axis_score,0.0,7
price_family_ma6_structural_linked,alameda_county_ca__county,2011-08-31,demand,0.4054836500585947,0.4054836500585947,axis_score,0.0,8
price_family_ma6_structural_linked,alameda_county_ca__county,2011-09-30,demand,0.48083185701440695,0.48083185701440695,axis_score,0.0,9
price_family_ma6_structural_linked,alameda_county_ca__county,2011-10-31,demand,0.4933317793317793,0.4933317793317793,axis_score,0.0,10
price_family_ma6_structural_linked,alameda_county_ca__county,2011-11-30,demand,0.47480198344193814,0.47480198344193814,axis_score,0.0,11
price_family_ma6_structural_linked,alameda_county_ca__county,2011-12-31,demand,0.4348606906945362,0.4348606906945362,axis_score,0.0,12
price_family_ma6_structural_linked,alameda_county_ca__county,2012-01-31,demand,0.20021915484476727,0.20021915484476727,axis_score,0.0,1
price_family_ma6_structural_linked,alameda_county_ca__county,2012-02-29,demand,0.5394781561913554,0.5394781561913554,axis_score,0.0,2
price_family_ma6_structural_linked,alameda_county_ca__county,2012-03-31,demand,0.4439579593853456,0.4439579593853456,axis_score,0.0,3
price_family_ma6_structural_linked,alameda_county_ca__county,2012-04-30,demand,0.3812068279631702,0.3812068279631702,axis_score,0.0,4
price_family_ma6_structural_linked,alameda_county_ca__county,2012-05-31,demand,0.4366844381942034,0.4366844381942034,axis_score,0.0,5
price_family_ma6_structural_linked,alameda_county_ca__county,2012-06-30,demand,0.37818389726752893,0.37818389726752893,axis_score,0.0,6
price_family_ma6_structural_linked,alameda_county_ca__county,2012-07-31,demand,0.5125999292330731,0.5125999292330731,axis_score,0.0,7
price_family_ma6_structural_linked,alameda_county_ca__county,2012-08-31,demand,0.28600729318638823,0.28600729318638823,axis_score,0.0,8
price_family_ma6_structural_linked,alameda_county_ca__county,2012-09-30,demand,0.5261890985654144,0.5261890985654144,axis_score,0.0,9
price_family_ma6_structural_linked,alameda_county_ca__county,2012-10-31,demand,0.4541928482190323,0.4541928482190323,axis_score,0.0,10
price_family_ma6_structural_linked,alameda_county_ca__county,2012-11-30,demand,0.40837573605707583,0.40837573605707583,axis_score,0.0,11
price_family_ma6_structural_linked,alameda_county_ca__county,2012-12-31,demand,0.6637984998260613,0.6637984998260613,axis_score,0.0,12
price_family_ma6_structural_linked,alameda_county_ca__county,2013-01-31,demand,0.4510607653889049,0.4510607653889049,axis_score,0.0,1
price_family_ma6_structural_linked,alameda_county_ca__county,2013-02-28,demand,0.6086963311253083,0.6086963311253083,axis_score,0.0,2
price_family_ma6_structural_linked,alameda_county_ca__county,2013-03-31,demand,0.5840118248030891,0.5840118248030891,axis_score,0.0,3
price_family_ma6_structural_linked,alameda_county_ca__county,2013-04-30,demand,0.5951693431900505,0.5951693431900505,axis_score,0.0,4
price_family_ma6_structural_linked,alameda_county_ca__county,2013-05-31,demand,0.5757000014304763,0.5757000014304763,axis_score,0.0,5
price_family_ma6_structural_linked,alameda_county_ca__county,2013-06-30,demand,0.40178710885141394,0.40178710885141394,axis_score,0.0,6
price_family_ma6_structural_linked,alameda_county_ca__county,2013-07-31,demand,0.5754700394196903,0.5754700394196903,axis_score,0.0,7
price_family_ma6_structural_linked,alameda_county_ca__county,2013-08-31,demand,0.4547010738662725,0.4547010738662725,axis_score,0.0,8
price_family_ma6_structural_linked,alameda_county_ca__county,2013-09-30,demand,0.5743579199895401,0.5743579199895401,axis_score,0.0,9
price_family_ma6_structural_linked,alameda_county_ca__county,2013-10-31,demand,0.3960307528452182,0.3960307528452182,axis_score,0.0,10
price_family_ma6_structural_linked,alameda_county_ca__county,2013-11-30,demand,0.5541283467974929,0.5541283467974929,axis_score,0.0,11
price_family_ma6_structural_linked,alameda_county_ca__county,2013-12-31,demand,0.3485531185098894,0.3485531185098894,axis_score,0.0,12
price_family_ma6_structural_linked,alameda_county_ca__county,2014-01-31,demand,0.34155737482813847,0.34155737482813847,axis_score,0.0,1
price_family_ma6_structural_linked,alameda_county_ca__county,2014-02-28,demand,0.5002016563108637,0.5002016563108637,axis_score,0.0,2
price_family_ma6_structural_linked,alameda_county_ca__county,2014-03-31,demand,0.44956853744233816,0.44956853744233816,axis_score,0.0,3
price_family_ma6_structural_linked,alameda_county_ca__county,2014-04-30,demand,0.39607309718512185,0.39607309718512185,axis_score,0.0,4
price_family_ma6_structural_linked,alameda_county_ca__county,2014-05-31,demand,0.5262091643649327,0.5262091643649327,axis_score,0.0,5
price_family_ma6_structural_linked,alameda_county_ca__county,2014-06-30,demand,0.45236586451868316,0.45236586451868316,axis_score,0.0,6
price_family_ma6_structural_linked,alameda_county_ca__county,2014-07-31,demand,0.5200127913690598,0.5200127913690598,axis_score,0.0,7
price_family_ma6_structural_linked,alameda_county_ca__county,2014-08-31,demand,0.42036064608851603,0.42036064608851603,axis_score,0.0,8
price_family_ma6_structural_linked,alameda_county_ca__county,2014-09-30,demand,0.5409053429327071,0.5409053429327071,axis_score,0.0,9
price_family_ma6_structural_linked,alameda_county_ca__county,2014-10-31,demand,0.6582311479056401,0.6582311479056401,axis_score,0.0,10
price_family_ma6_structural_linked,alameda_county_ca__county,2014-11-30,demand,0.596889293340581,0.596889293340581,axis_score,0.0,11
price_family_ma6_structural_linked,alameda_county_ca__county,2014-12-31,demand,0.6433143197399241,0.6608660725767979,axis_score,0.017551752836873713,12
price_family_ma6_structural_linked,alameda_county_ca__county,2015-01-31,demand,0.45548332646948186,0.5716050167884033,axis_score,0.11612169031892139,1
price_family_ma6_structural_linked,alameda_county_ca__county,2015-02-28,demand,0.598595515641947,0.6750268046404172,axis_score,0.07643128899847018,2
price_family_ma6_structural_linked,alameda_county_ca__county,2015-03-31,demand,0.7035105308155983,0.6503880755752092,axis_score,-0.053122455240389166,3
price_family_ma6_structural_linked,alameda_county_ca__county,2015-04-30,demand,0.6417079858265717,0.6773658223081255,axis_score,0.03565783648155374,4
price_family_ma6_structural_linked,alameda_county_ca__county,2015-05-31,demand,0.6231336012118969,0.715355823434119,axis_score,0.0922222222222221,5
price_family_ma6_structural_linked,alameda_county_ca__county,2015-06-30,demand,0.4089865933773599,0.5422657261686878,axis_score,0.13327913279132797,6
price_family_ma6_structural_linked,alameda_county_ca__county,2015-07-31,demand,0.5158159180635358,0.6584792624710664,axis_score,0.1426633444075306,7
price_family_ma6_structural_linked,alameda_county_ca__county,2015-08-31,demand,0.4778134938276714,0.6015914543110582,axis_score,0.1237779604833868,8
price_family_ma6_structural_linked,alameda_county_ca__county,2015-09-30,demand,0.47498159842013177,0.5505016639401973,axis_score,0.07552006552006552,9
price_family_ma6_structural_linked,alameda_county_ca__county,2015-10-31,demand,0.49790935851377627,0.4829185848709776,axis_score,-0.01499077364279866,10
price_family_ma6_structural_linked,alameda_county_ca__county,2015-11-30,demand,0.3644879600959073,0.2932747863850463,axis_score,-0.071213173710861,11
price_family_ma6_structural_linked,alameda_county_ca__county,2015-12-31,demand,0.439474541930704,0.36149146072799143,axis_score,-0.07798308120271258,12
price_family_ma6_structural_linked,alameda_county_ca__county,2016-01-31,demand,0.5726992382057088,0.47481704264219105,axis_score,-0.09788219556351774,1
price_family_ma6_structural_linked,alameda_county_ca__county,2016-02-29,demand,0.6065722673409485,0.5558669160506348,axis_score,-0.05070535129031373,2
price_family_ma6_structural_linked,alameda_county_ca__county,2016-03-31,demand,0.45029729362764265,0.4561254993646987,axis_score,0.005828205737056058,3
price_family_ma6_structural_linked,alameda_county_ca__county,2016-04-30,demand,0.39077984099386553,0.4274028863740366,axis_score,0.03662304538017108,4
price_family_ma6_structural_linked,alameda_county_ca__county,2016-05-31,demand,0.47559884630963545,0.5285487001723813,axis_score,0.052949853862745866,5
price_family_ma6_structural_linked,alameda_county_ca__county,2016-06-30,demand,0.32832263533519834,0.3669439148307345,axis_score,0.038621279495536176,6
price_family_ma6_structural_linked,alameda_county_ca__county,2016-07-31,demand,0.46784744427248476,0.4696801370842963,axis_score,0.0018326928118115315,7
price_family_ma6_structural_linked,alameda_county_ca__county,2016-08-31,demand,0.35094184782141197,0.3398618754128681,axis_score,-0.011079972408543859,8
price_family_ma6_structural_linked,alameda_county_ca__county,2016-09-30,demand,0.46605529253038014,0.43744902617374015,axis_score,-0.028606266356639987,9
price_family_ma6_structural_linked,alameda_county_ca__county,2016-10-31,demand,0.3900465513310344,0.32116075329109445,axis_score,-0.06888579803993994,10
price_family_ma6_structural_linked,alameda_county_ca__county,2016-11-30,demand,0.3717755508628702,0.35328343724547207,axis_score,-0.01849211361739811,11
price_family_ma6_structural_linked,alameda_county_ca__county,2016-12-31,demand,0.25784099080878403,0.23880672871834893,axis_score,-0.0190342620904351,12
price_family_ma6_structural_linked,alameda_county_ca__county,2017-01-31,demand,0.21622310125487487,0.1467606536555917,axis_score,-0.06946244759928316,1
price_family_ma6_structural_linked,alameda_county_ca__county,2017-02-28,demand,0.34865673971115707,0.2779579866210695,axis_score,-0.07069875309008755,2
price_family_ma6_structural_linked,alameda_county_ca__county,2017-03-31,demand,0.30493900309288346,0.26077201070767236,axis_score,-0.0441669923852111,3
price_family_ma6_structural_linked,alameda_county_ca__county,2017-04-30,demand,0.20597586350508396,0.20924633174627805,axis_score,0.003270468241194091,4
price_family_ma6_structural_linked,alameda_county_ca__county,2017-05-31,demand,0.2846371165468074,0.2905773266226387,axis_score,0.005940210075831287,5
price_family_ma6_structural_linked,alameda_county_ca__county,2017-06-30,demand,0.17601742124975966,0.21295237025971156,axis_score,0.036934949009951895,6
price_family_ma6_structural_linked,alameda_county_ca__county,2017-07-31,demand,0.1945449311293907,0.25370410708581526,axis_score,0.05915917595642456,7
price_family_ma6_structural_linked,alameda_county_ca__county,2017-08-31,demand,0.12030076965333397,0.13716763834198079,axis_score,0.016866868688646813,8
price_family_ma6_structural_linked,alameda_county_ca__county,2017-09-30,demand,0.3669084728922954,0.3364468383260456,axis_score,-0.030461634566249784,9
price_family_ma6_structural_linked,alameda_county_ca__county,2017-10-31,demand,0.23020556485960442,0.1739034213495277,axis_score,-0.05630214351007673,10
price_family_ma6_structural_linked,alameda_county_ca__county,2017-11-30,demand,0.24475943138009146,0.22166700475173168,axis_score,-0.02309242662835978,11
price_family_ma6_structural_linked,alameda_county_ca__county,2017-12-31,demand,0.32093064611778155,0.27955937796341607,axis_score,-0.04137126815436548,12
price_family_ma6_structural_linked,alameda_county_ca__county,2018-01-31,demand,0.13958671373646278,0.12459312170184637,axis_score,-0.014993592034616407,1
price_family_ma6_structural_linked,alameda_county_ca__county,2018-02-28,demand,0.3047299017457108,0.3011971787395735,axis_score,-0.0035327230061372727,2
price_family_ma6_structural_linked,alameda_county_ca__county,2018-03-31,demand,0.28221679274463174,0.268884060257705,axis_score,-0.013332732486926735,3
price_family_ma6_structural_linked,alameda_county_ca__county,2018-04-30,demand,0.20456885981026815,0.19110564701525276,axis_score,-0.013463212795015389,4
price_family_ma6_structural_linked,alameda_county_ca__county,2018-05-31,demand,0.29674407408506787,0.3170439721275289,axis_score,0.020299898042461018,5
price_family_ma6_structural_linked,alameda_county_ca__county,2018-06-30,demand,0.15669916680541673,0.17424229485528875,axis_score,0.017543128049872014,6
price_family_ma6_structural_linked,alameda_county_ca__county,2018-07-31,demand,0.22241441470091994,0.2850217601217222,axis_score,0.06260734542080226,7
price_family_ma6_structural_linked,alameda_county_ca__county,2018-08-31,demand,0.059420269143177516,0.1164546700560339,axis_score,0.05703440091285638,8
price_family_ma6_structural_linked,alameda_county_ca__county,2018-09-30,demand,0.22870011710428215,0.24296470618920485,axis_score,0.014264589084922702,9
price_family_ma6_structural_linked,alameda_county_ca__county,2018-10-31,demand,0.039854581950001335,0.04884756809806622,axis_score,0.008992986148064888,10
price_family_ma6_structural_linked,alameda_county_ca__county,2018-11-30,demand,0.10422233717324292,0.09449084208052425,axis_score,-0.009731495092718673,11
price_family_ma6_structural_linked,alameda_county_ca__county,2018-12-31,demand,0.0551438204691048,0.019083576841741216,axis_score,-0.03606024362736358,12
price_family_ma6_structural_linked,alameda_county_ca__county,2019-01-31,demand,-0.04700043232811688,-0.08865179732167136,axis_score,-0.04165136499355448,1
price_family_ma6_structural_linked,alameda_county_ca__county,2019-02-28,demand,0.22179013592522767,0.1566957591332062,axis_score,-0.06509437679202146,2
price_family_ma6_structural_linked,alameda_county_ca__county,2019-03-31,demand,0.09656936132555025,0.023132807180808734,axis_score,-0.07343655414474151,3
price_family_ma6_structural_linked,alameda_county_ca__county,2019-04-30,demand,0.06779473350886361,0.02508059929813819,axis_score,-0.042714134210725424,4
price_family_ma6_structural_linked,alameda_county_ca__county,2019-05-31,demand,0.07958010407778572,0.06944935604928487,axis_score,-0.01013074802850085,5
price_family_ma6_structural_linked,alameda_county_ca__county,2019-06-30,demand,0.030222683926903544,0.053282076166502296,axis_score,0.023059392239598752,6
price_family_ma6_structural_linked,alameda_county_ca__county,2019-07-31,demand,0.13961647311044556,0.15263170240294383,axis_score,0.013015229292498265,7
price_family_ma6_structural_linked,alameda_county_ca__county,2019-08-31,demand,0.082237970413861,0.10189375514868121,axis_score,0.019655784734820214,8
price_family_ma6_structural_linked,alameda_county_ca__county,2019-09-30,demand,0.21650070849539454,0.20366520840560948,axis_score,-0.012835500089785068,9
price_family_ma6_structural_linked,alameda_county_ca__county,2019-10-31,demand,0.06525457650190596,0.024548305707571137,axis_score,-0.04070627079433482,10
price_family_ma6_structural_linked,alameda_county_ca__county,2019-11-30,demand,0.07599602527411103,0.04355751384757579,axis_score,-0.03243851142653524,11
price_family_ma6_structural_linked,alameda_county_ca__county,2019-12-31,demand,0.14495870246797118,0.11286047266216352,axis_score,-0.03209822980580766,12
price_family_ma6_structural_linked,alameda_county_ca__county,2020-01-31,demand,0.01780085083536833,-0.0016185072860733646,axis_score,-0.019419358121441695,1
price_family_ma6_structural_linked,alameda_county_ca__county,2020-02-29,demand,0.2895460877799339,0.21612182234695665,axis_score,-0.07342426543297725,2
price_family_ma6_structural_linked,alameda_county_ca__county,2020-03-31,demand,-0.049000304714020046,-0.09469704409246676,axis_score,-0.04569673937844672,3
price_family_ma6_structural_linked,alameda_county_ca__county,2020-04-30,demand,-0.10678297942145554,-0.12057773349596747,axis_score,-0.01379475407451193,4
price_family_ma6_structural_linked,alameda_county_ca__county,2020-05-31,demand,-0.09178673050662198,-0.04547701395732755,axis_score,0.04630971654929443,5
price_family_ma6_structural_linked,alameda_county_ca__county,2020-06-30,demand,0.09067939786047799,0.10181377244896221,axis_score,0.011134374588484222,6
price_family_ma6_structural_linked,alameda_county_ca__county,2020-07-31,demand,0.044388729920227354,0.07596099144287272,axis_score,0.03157226152264536,7
price_family_ma6_structural_linked,alameda_county_ca__county,2020-08-31,demand,0.048886375137635975,0.045143201577346276,axis_score,-0.003743173560289699,8
price_family_ma6_structural_linked,alameda_county_ca__county,2020-09-30,demand,0.020882418634924658,-0.0039559701725458,axis_score,-0.024838388807470458,9
price_family_ma6_structural_linked,alameda_county_ca__county,2020-10-31,demand,0.05399190877012498,0.034401145576542794,axis_score,-0.01959076319358219,10
price_family_ma6_structural_linked,alameda_county_ca__county,2020-11-30,demand,-0.022112567316627613,-0.046901390842409366,axis_score,-0.024788823525781753,11
price_family_ma6_structural_linked,alameda_county_ca__county,2020-12-31,demand,-0.21415416638881588,-0.23256966449228686,axis_score,-0.018415498103470984,12
price_family_ma6_structural_linked,alameda_county_ca__county,2021-01-31,demand,-0.2248875192721644,-0.28530089878982534,axis_score,-0.06041337951766093,1
price_family_ma6_structural_linked,alameda_county_ca__county,2021-02-28,demand,-0.0882410959179814,-0.1377244201511002,axis_score,-0.0494833242331188,2
price_family_ma6_structural_linked,alameda_county_ca__county,2021-03-31,demand,-0.11343177674181075,-0.1371822487548451,axis_score,-0.02375047201303436,3
price_family_ma6_structural_linked,alameda_county_ca__county,2021-04-30,demand,-0.0765788547263707,-0.06924772692717274,axis_score,0.0073311277991979645,4
price_family_ma6_structural_linked,alameda_county_ca__county,2021-05-31,demand,0.1240711205499188,0.13328110379614255,axis_score,0.009209983246223755,5
price_family_ma6_structural_linked,alameda_county_ca__county,2021-06-30,demand,-0.07891939208948359,-0.0281691785844356,axis_score,0.05075021350504799,6
price_family_ma6_structural_linked,alameda_county_ca__county,2021-07-31,demand,0.06366067561488417,0.10724521798024451,axis_score,0.04358454236536034,7
price_family_ma6_structural_linked,alameda_county_ca__county,2021-08-31,demand,-0.05117792121033867,-0.0025543755229007342,axis_score,0.04862354568743794,8
price_family_ma6_structural_linked,alameda_county_ca__county,2021-09-30,demand,-0.030721321202386524,0.03789887051318437,axis_score,0.06862019171557089,9
price_family_ma6_structural_linked,alameda_county_ca__county,2021-10-31,demand,-0.02422170439143736,-0.029189675393025284,axis_score,-0.004967971001587926,10
price_family_ma6_structural_linked,alameda_county_ca__county,2021-11-30,demand,0.07881163990737422,0.058213567018713455,axis_score,-0.020598072888660765,11
price_family_ma6_structural_linked,alameda_county_ca__county,2021-12-31,demand,0.13480672360692014,0.14344242179121974,axis_score,0.0086356981842996,12
price_family_ma6_structural_linked,alameda_county_ca__county,2022-01-31,demand,0.06980473879306476,0.04668413791686157,axis_score,-0.023120600876203184,1
price_family_ma6_structural_linked,alameda_county_ca__county,2022-02-28,demand,0.2590135416083273,0.19128403986829923,axis_score,-0.06772950174002806,2
price_family_ma6_structural_linked,alameda_county_ca__county,2022-03-31,demand,0.21416138543481783,0.18346112167771506,axis_score,-0.030700263757102775,3
price_family_ma6_structural_linked,alameda_county_ca__county,2022-04-30,demand,0.05761372696481394,0.0454385831089999,axis_score,-0.012175143855814044,4
price_family_ma6_structural_linked,alameda_county_ca__county,2022-05-31,demand,0.12188150463377365,0.18880973221328484,axis_score,0.0669282275795112,5
price_family_ma6_structural_linked,alameda_county_ca__county,2022-06-30,demand,-0.09230767732490859,0.0189879026979545,axis_score,0.11129558002286309,6
price_family_ma6_structural_linked,alameda_county_ca__county,2022-07-31,demand,-0.01732514780346874,0.08427590302246085,axis_score,0.10160105082592959,7
price_family_ma6_structural_linked,alameda_county_ca__county,2022-08-31,demand,-0.05108764966014952,-0.0056448561726192,axis_score,0.04544279348753032,8
price_family_ma6_structural_linked,alameda_county_ca__county,2022-09-30,demand,-0.014137913979719516,-0.022723356065908952,axis_score,-0.008585442086189436,9
price_family_ma6_structural_linked,alameda_county_ca__county,2022-10-31,demand,-0.10630494095715357,-0.1524674872991898,axis_score,-0.04616254634203623,10
price_family_ma6_structural_linked,alameda_county_ca__county,2022-11-30,demand,-0.13987649661639778,-0.1540131761735108,axis_score,-0.014136679557113008,11
price_family_ma6_structural_linked,alameda_county_ca__county,2022-12-31,demand,-0.05913573387731254,-0.08002762990177736,axis_score,-0.020891896024464826,12
price_family_ma6_structural_linked,alameda_county_ca__county,2023-01-31,demand,-0.15275413773936347,-0.20125110743633315,axis_score,-0.04849696969696968,1
price_family_ma6_structural_linked,alameda_county_ca__county,2023-02-28,demand,-0.03387405175625763,-0.11181098869319456,axis_score,-0.07793693693693693,2
price_family_ma6_structural_linked,alameda_county_ca__county,2023-03-31,demand,-0.015513426098291292,-0.09648128324114846,axis_score,-0.08096785714285717,3
price_family_ma6_structural_linked,alameda_county_ca__county,2023-04-30,demand,-0.0963426129031446,-0.11549984004178765,axis_score,-0.019157227138643054,4
price_family_ma6_structural_linked,alameda_county_ca__county,2023-05-31,demand,-0.11242190641323788,-0.13746927483429053,axis_score,-0.02504736842105265,5
price_family_ma6_structural_linked,alameda_county_ca__county,2023-06-30,demand,-0.20452714936983937,-0.19886845371766548,axis_score,0.00565869565217389,6
price_family_ma6_structural_linked,alameda_county_ca__county,2023-07-31,demand,-0.060906983600436615,-0.03766560429009179,axis_score,0.023241379310344826,7
price_family_ma6_structural_linked,alameda_county_ca__county,2023-08-31,demand,-0.1985225066904928,-0.14422122463921072,axis_score,0.05430128205128207,8
price_family_ma6_structural_linked,alameda_county_ca__county,2023-09-30,demand,-0.05314808600373237,-0.08194610860260243,axis_score,-0.028798022598870057,9
price_family_ma6_structural_linked,alameda_county_ca__county,2023-10-31,demand,-0.21830875459327267,-0.18970231201624188,axis_score,0.028606442577030794,10
price_family_ma6_structural_linked,alameda_county_ca__county,2023-11-30,demand,-0.03228112231515888,-0.04986445564849222,axis_score,-0.01758333333333334,11
price_family_ma6_structural_linked,alameda_county_ca__county,2023-12-31,demand,-0.2631995686790538,-0.27563290201238716,axis_score,-0.012433333333333352,12
price_family_ma6_structural_linked,alameda_county_ca__county,2024-01-31,demand,-0.25742112400955075,-0.2902544573428841,axis_score,-0.032833333333333325,1
price_family_ma6_structural_linked,alameda_county_ca__county,2024-02-29,demand,-0.12417688591546445,-0.22709355258213113,axis_score,-0.10291666666666667,2
price_family_ma6_structural_linked,alameda_county_ca__county,2024-03-31,demand,-0.12005392175226134,-0.198720588418928,axis_score,-0.07866666666666666,3
price_family_ma6_structural_linked,alameda_county_ca__county,2024-04-30,demand,-0.1802165043344452,-0.23654983766777848,axis_score,-0.05633333333333329,4
price_family_ma6_structural_linked,alameda_county_ca__county,2024-05-31,demand,-0.19319687043850203,-0.1772802037718354,axis_score,0.015916666666666635,5
price_family_ma6_structural_linked,alameda_county_ca__county,2024-06-30,demand,-0.2442489712677292,-0.1789156379343959,axis_score,0.0653333333333333,6
price_family_ma6_structural_linked,alameda_county_ca__county,2024-07-31,demand,-0.183762634604483,-0.07914596793781634,axis_score,0.10461666666666666,7
price_family_ma6_structural_linked,alameda_county_ca__county,2024-08-31,demand,-0.2720796475409121,-0.20991298087424545,axis_score,0.06216666666666662,8
price_family_ma6_structural_linked,alameda_county_ca__county,2024-09-30,demand,-0.09598150208007977,-0.10523150208007977,axis_score,-0.009249999999999994,9
price_family_ma6_structural_linked,alameda_county_ca__county,2024-10-31,demand,-0.2502030157808985,-0.2701196824475652,axis_score,-0.019916666666666694,10
price_family_ma6_structural_linked,alameda_county_ca__county,2024-11-30,demand,-0.23974087141140923,-0.2627408714114092,axis_score,-0.022999999999999993,11
price_family_ma6_structural_linked,alameda_county_ca__county,2024-12-31,demand,-0.04189045594053165,-0.053157122607198355,axis_score,-0.011266666666666703,12
price_family_ma6_structural_linked,alameda_county_ca__county,2025-01-31,demand,-0.08477373676043443,-0.08887373676043442,axis_score,-0.0040999999999999925,1
price_family_ma6_structural_linked,alameda_county_ca__county,2025-02-28,demand,0.0680976001360424,-0.009102399863957611,axis_score,-0.0772,2
price_family_ma6_structural_linked,alameda_county_ca__county,2025-03-31,demand,0.07658425996376997,0.035584259963769974,axis_score,-0.040999999999999995,3
price_family_ma6_structural_linked,alameda_county_ca__county,2025-04-30,demand,-0.13140977505234402,-0.09515977505234405,axis_score,0.03624999999999998,4
price_family_ma6_structural_linked,alameda_county_ca__county,2025-05-31,demand,-0.06705265589496455,-0.07455265589496456,axis_score,-0.007500000000000007,5
price_family_ma6_structural_linked,alameda_county_ca__county,2025-06-30,demand,-0.10846595901530269,-0.07213262568196938,axis_score,0.036333333333333315,6
price_family_ma6_structural_linked,alameda_county_ca__county,2025-07-31,demand,-0.030241117145702462,-0.00015778381236911457,axis_score,0.030083333333333347,7
price_family_ma6_structural_linked,alameda_county_ca__county,2025-08-31,demand,-0.09378313264915603,-0.0889497993158227,axis_score,0.004833333333333328,8
price_family_ma6_structural_linked,alameda_county_ca__county,2025-09-30,demand,0.09630380831066727,0.05097047497733394,axis_score,-0.04533333333333334,9
price_family_ma6_structural_linked,alameda_county_ca__county,2025-10-31,demand,0.09488248885120112,0.04296582218453448,axis_score,-0.051916666666666646,10
price_family_ma6_structural_linked,alameda_county_ca__county,2025-11-30,demand,-0.04268682615808024,-0.04822015949141357,axis_score,-0.005533333333333328,11
price_family_ma6_structural_linked,alameda_county_ca__county,2025-12-31,demand,-0.029174055730344553,-0.058257389063677875,axis_score,-0.029083333333333322,12
price_family_ma6_structural_linked,alameda_county_ca__county,2026-01-31,demand,-0.19655622985070864,-0.20663956318404192,axis_score,-0.010083333333333278,1
price_family_ma6_structural_linked,alameda_county_ca__county,2026-02-28,demand,0.06031327763785152,-0.010170055695481843,axis_score,-0.07048333333333337,2
price_family_ma6_structural_linked,alameda_county_ca__county,2026-03-31,demand,-0.05687813288218513,-0.09137813288218512,axis_score,-0.03449999999999999,3
price_family_ma6_structural_linked,alameda_county_ca__county,2026-04-30,demand,-0.09310112812789052,-0.11851779479455717,axis_score,-0.025416666666666643,4
price_family_ma6_structural_linked,alameda_county_ca__county,2026-05-31,demand,-0.13048153350086775,-0.11414820016753441,axis_score,0.01633333333333334,5
price_family_ma6_structural_linked,alameda_county_ca__county,2026-06-30,demand,-0.12300376883135514,-0.10667043549802181,axis_score,0.016333333333333325,6
price_family_ma6_structural_linked,alameda_county_ca__county,2026-07-31,demand,-0.11872529483477154,-0.1023919615014382,axis_score,0.01633333333333334,7
price_family_ma6_structural_linked,alameda_county_ca__county,2015-11-30,affordability,-0.6944444444444445,-0.8888888888888888,dimension_score,-0.1944444444444443,11
price_family_ma6_structural_linked,alameda_county_ca__county,2015-12-31,affordability,0.11776061776061775,-0.43243243243243246,dimension_score,-0.5501930501930502,12
price_family_ma6_structural_linked,alameda_county_ca__county,2016-01-31,affordability,0.2373501320869742,-0.368421052631579,dimension_score,-0.6057711847185532,1
price_family_ma6_structural_linked,alameda_county_ca__county,2016-02-29,affordability,0.1742818584923849,0.12271062271062272,dimension_score,-0.051571235781762176,2
price_family_ma6_structural_linked,alameda_county_ca__county,2016-03-31,affordability,-0.2934981684981685,-0.09073359073359068,dimension_score,0.20276457776457785,3
price_family_ma6_structural_linked,alameda_county_ca__county,2016-04-30,affordability,-0.6458188153310105,-0.21107647166697238,dimension_score,0.4347423436640381,4
price_family_ma6_structural_linked,alameda_county_ca__county,2016-05-31,affordability,-0.7375062220009955,-0.3791208791208791,dimension_score,0.35838534288011636,5
price_family_ma6_structural_linked,alameda_county_ca__county,2016-06-30,affordability,-0.30185097294731844,-0.48421926910298996,dimension_score,-0.18236829615567152,6
price_family_ma6_structural_linked,alameda_county_ca__county,2016-07-31,affordability,-0.34604349139232865,-0.49635730123535005,dimension_score,-0.1503138098430214,7
price_family_ma6_structural_linked,alameda_county_ca__county,2016-08-31,affordability,-0.13997113997113994,-0.5552154195011338,dimension_score,-0.4152442795299939,8
price_family_ma6_structural_linked,alameda_county_ca__county,2016-09-30,affordability,0.1276742581090408,-0.5408132312581251,dimension_score,-0.6684874893671658,9
price_family_ma6_structural_linked,alameda_county_ca__county,2016-10-31,affordability,-0.4039910136117352,-0.5168554849405913,dimension_score,-0.11286447132885613,10
price_family_ma6_structural_linked,alameda_county_ca__county,2016-11-30,affordability,-0.6217641843971631,-0.2491666666666667,dimension_score,0.3725975177304964,11
price_family_ma6_structural_linked,alameda_county_ca__county,2016-12-31,affordability,0.6165126861555433,0.23754046859636926,dimension_score,-0.3789722175591741,12
price_family_ma6_structural_linked,alameda_county_ca__county,2017-01-31,affordability,0.47675617615467236,0.2984098544232923,dimension_score,-0.17834632173138004,1
price_family_ma6_structural_linked,alameda_county_ca__county,2017-02-28,affordability,-0.005441930618401217,0.25469457013574665,dimension_score,0.26013650075414785,2
price_family_ma6_structural_linked,alameda_county_ca__county,2017-03-31,affordability,-0.4240120663650075,0.003700941915227629,dimension_score,0.4277130082802351,3
price_family_ma6_structural_linked,alameda_county_ca__county,2017-04-30,affordability,-0.4296222875146023,-0.038387482742751944,dimension_score,0.39123480477185035,4
price_family_ma6_structural_linked,alameda_county_ca__county,2017-05-31,affordability,0.026684636118598393,-0.07441643323996262,dimension_score,-0.10110106935856102,5
price_family_ma6_structural_linked,alameda_county_ca__county,2017-06-30,affordability,-0.6763049095607235,-0.19884534070580587,dimension_score,0.4774595688549177,6
price_family_ma6_structural_linked,alameda_county_ca__county,2017-07-31,affordability,-0.37535714285714283,-0.44251408968390094,dimension_score,-0.0671569468267581,7
price_family_ma6_structural_linked,alameda_county_ca__county,2017-08-31,affordability,-0.11927318295739345,-0.4998440545808966,dimension_score,-0.3805708716235031,8
price_family_ma6_structural_linked,alameda_county_ca__county,2017-09-30,affordability,0.004138720113627425,-0.38569033664985686,dimension_score,-0.3898290567634843,9
price_family_ma6_structural_linked,alameda_county_ca__county,2017-10-31,affordability,-0.6360558090950919,-0.4047985678223688,dimension_score,0.23125724127272307,10
price_family_ma6_structural_linked,alameda_county_ca__county,2017-11-30,affordability,-0.28541666666666665,-0.3506359649122807,dimension_score,-0.06521929824561407,11
price_family_ma6_structural_linked,alameda_county_ca__county,2017-12-31,affordability,0.08149659863945578,0.03592136685086701,dimension_score,-0.04557523178858877,12
price_family_ma6_structural_linked,alameda_county_ca__county,2018-01-31,affordability,0.24273717609730303,-0.00407326407873157,dimension_score,-0.2468104401760346,1
price_family_ma6_structural_linked,alameda_county_ca__county,2018-02-28,affordability,-0.17760007228697933,-0.16918767507002797,dimension_score,0.008412397216951362,2
price_family_ma6_structural_linked,alameda_county_ca__county,2018-03-31,affordability,-0.5950629578754579,-0.43386861601513244,dimension_score,0.1611943418603255,3
price_family_ma6_structural_linked,alameda_county_ca__county,2018-04-30,affordability,-0.6945917997097242,-0.5124118638513039,dimension_score,0.1821799358584203,4
price_family_ma6_structural_linked,alameda_county_ca__county,2018-05-31,affordability,-0.741025641025641,-0.6484632034632034,dimension_score,0.09256243756243754,5
price_family_ma6_structural_linked,alameda_county_ca__county,2018-06-30,affordability,-0.7287878787878788,-0.7068716078697421,dimension_score,0.021916270918136638,6
price_family_ma6_structural_linked,alameda_county_ca__county,2018-07-31,affordability,-0.3683227768719427,-0.7056318681318682,dimension_score,-0.3373090912599255,7
price_family_ma6_structural_linked,alameda_county_ca__county,2018-08-31,affordability,-0.4640687396239961,-0.7132854864433812,dimension_score,-0.2492167468193851,8
price_family_ma6_structural_linked,alameda_county_ca__county,2018-09-30,affordability,-0.3109231098736346,-0.6433968090581574,dimension_score,-0.33247369918452285,9
price_family_ma6_structural_linked,alameda_county_ca__county,2018-10-31,affordability,-0.3598049312826109,-0.5609254630474773,dimension_score,-0.20112053176486638,10
price_family_ma6_structural_linked,alameda_county_ca__county,2018-11-30,affordability,-0.19985133020344284,-0.4629468599033817,dimension_score,-0.2630955296999389,11
price_family_ma6_structural_linked,alameda_county_ca__county,2018-12-31,affordability,0.4254416498240886,-0.05547463988964099,dimension_score,-0.48091628971372957,12
price_family_ma6_structural_linked,alameda_county_ca__county,2019-01-31,affordability,0.5615417228983292,0.17558419391677002,dimension_score,-0.3859575289815591,1
price_family_ma6_structural_linked,alameda_county_ca__county,2019-02-28,affordability,0.27289575289575296,0.3954761904761905,dimension_score,0.12258043758043752,2
price_family_ma6_structural_linked,alameda_county_ca__county,2019-03-31,affordability,0.11429276315789473,0.41281317591925015,dimension_score,0.29852041276135544,3
price_family_ma6_structural_linked,alameda_county_ca__county,2019-04-30,affordability,0.21916977759083028,0.44054108054108054,dimension_score,0.22137130295025026,4
price_family_ma6_structural_linked,alameda_county_ca__county,2019-05-31,affordability,0.08178488178488177,0.4051142191142191,dimension_score,0.32332933732933733,5
price_family_ma6_structural_linked,alameda_county_ca__county,2019-06-30,affordability,0.18121030679126277,0.3421107321487167,dimension_score,0.1609004253574539,6
price_family_ma6_structural_linked,alameda_county_ca__county,2019-07-31,affordability,0.3150037230081907,0.23492647058823535,dimension_score,-0.08007725241995534,7
price_family_ma6_structural_linked,alameda_county_ca__county,2019-08-31,affordability,0.47900563607085345,0.20080102398942984,dimension_score,-0.2782046120814236,8
price_family_ma6_structural_linked,alameda_county_ca__county,2019-09-30,affordability,0.5724540800963565,0.23448198297534517,dimension_score,-0.3379720971210113,9
price_family_ma6_structural_linked,alameda_county_ca__county,2019-10-31,affordability,0.21573259716985424,0.18352027829628376,dimension_score,-0.032212318873570484,10
price_family_ma6_structural_linked,alameda_county_ca__county,2019-11-30,affordability,0.6134825014343086,0.29080687830687835,dimension_score,-0.32267562312743026,11
price_family_ma6_structural_linked,alameda_county_ca__county,2019-12-31,affordability,0.6974924216261846,0.6693873941156816,dimension_score,-0.028105027510503033,12
price_family_ma6_structural_linked,alameda_county_ca__county,2020-01-31,affordability,0.7247909195104818,0.6948524456089601,dimension_score,-0.02993847390152171,1
price_family_ma6_structural_linked,alameda_county_ca__county,2020-02-29,affordability,0.4704089815557338,0.7216190476190476,dimension_score,0.2512100660633138,2
price_family_ma6_structural_linked,alameda_county_ca__county,2020-03-31,affordability,0.3510339327943683,0.6315402476780185,dimension_score,0.28050631488365024,3
price_family_ma6_structural_linked,alameda_county_ca__county,2020-04-30,affordability,-0.010535531883846483,0.5438721456228641,dimension_score,0.5544076775067106,4
price_family_ma6_structural_linked,alameda_county_ca__county,2020-05-31,affordability,0.6509075194468452,0.47234011199528436,dimension_score,-0.17856740745156086,5
price_family_ma6_structural_linked,alameda_county_ca__county,2020-06-30,affordability,0.17907883958516868,0.3776056222258754,dimension_score,0.19852678264070672,6
price_family_ma6_structural_linked,alameda_county_ca__county,2020-07-31,affordability,0.40225573339703774,0.2756021006350757,dimension_score,-0.12665363276196206,7
price_family_ma6_structural_linked,alameda_county_ca__county,2020-08-31,affordability,0.07850760999428598,0.19029868578255676,dimension_score,0.11179107578827079,8
price_family_ma6_structural_linked,alameda_county_ca__county,2020-09-30,affordability,0.020824893561221136,0.10008582491716903,dimension_score,0.07926093135594789,9
price_family_ma6_structural_linked,alameda_county_ca__county,2020-10-31,affordability,0.2999109540063951,0.17549695348901329,dimension_score,-0.12441400051738183,10
price_family_ma6_structural_linked,alameda_county_ca__county,2020-11-30,affordability,0.0331970551378446,0.13355894777265748,dimension_score,0.10036189263481288,11
price_family_ma6_structural_linked,alameda_county_ca__county,2020-12-31,affordability,-0.2007486860723671,-0.21013018850883192,dimension_score,-0.009381502436464823,12
price_family_ma6_structural_linked,alameda_county_ca__county,2021-01-31,affordability,-0.05895052818538116,-0.2983096445432518,dimension_score,-0.23935911635787066,1
price_family_ma6_structural_linked,alameda_county_ca__county,2021-02-28,affordability,-0.47242232316123944,-0.36070184604667366,dimension_score,0.11172047711456579,2
price_family_ma6_structural_linked,alameda_county_ca__county,2021-03-31,affordability,-0.7712373737373737,-0.4765463917525773,dimension_score,0.2946909819847964,3
price_family_ma6_structural_linked,alameda_county_ca__county,2021-04-30,affordability,-0.90410846590277,-0.6689720429277507,dimension_score,0.23513642297501935,4
price_family_ma6_structural_linked,alameda_county_ca__county,2021-05-31,affordability,-0.8549295282469422,-0.7753208556149733,dimension_score,0.07960867263196891,5
price_family_ma6_structural_linked,alameda_county_ca__county,2021-06-30,affordability,-0.7219482849151609,-0.8657805398485011,dimension_score,-0.14383225493334018,6
price_family_ma6_structural_linked,alameda_county_ca__county,2021-07-31,affordability,-0.6988542715199533,-0.8847591807675751,dimension_score,-0.18590490924762182,7
price_family_ma6_structural_linked,alameda_county_ca__county,2021-08-31,affordability,-0.6712170625073851,-0.8993010752688172,dimension_score,-0.2280840127614321,8
price_family_ma6_structural_linked,alameda_county_ca__county,2021-09-30,affordability,-0.5332199728546577,-0.8707055496876133,dimension_score,-0.33748557683295555,9
price_family_ma6_structural_linked,alameda_county_ca__county,2021-10-31,affordability,-0.736023721797882,-0.8335990767717281,dimension_score,-0.09757535497384606,10
price_family_ma6_structural_linked,alameda_county_ca__county,2021-11-30,affordability,-0.548937781239183,-0.7076488095238096,dimension_score,-0.15871102828462658,11
price_family_ma6_structural_linked,alameda_county_ca__county,2021-12-31,affordability,-0.16638958072798982,-0.48397466669283995,dimension_score,-0.31758508596485013,12
price_family_ma6_structural_linked,alameda_county_ca__county,2022-01-31,affordability,-0.5601274871917075,-0.48032788306486573,dimension_score,0.07979960412684173,1
price_family_ma6_structural_linked,alameda_county_ca__county,2022-02-28,affordability,-0.887972972972973,-0.5577304577304577,dimension_score,0.33024251524251524,2
price_family_ma6_structural_linked,alameda_county_ca__county,2022-03-31,affordability,-0.8951711711711712,-0.7284252948885976,dimension_score,0.16674587628257354,3
price_family_ma6_structural_linked,alameda_county_ca__county,2022-04-30,affordability,-0.9243917963224894,-0.8248616410313597,dimension_score,0.09953015529112963,4
price_family_ma6_structural_linked,alameda_county_ca__county,2022-05-31,affordability,-0.7311957313899011,-0.876285666471425,dimension_score,-0.1450899350815239,5
price_family_ma6_structural_linked,alameda_county_ca__county,2022-06-30,affordability,-0.5517616804781054,-0.8786608876560333,dimension_score,-0.326899207177928,6
price_family_ma6_structural_linked,alameda_county_ca__county,2022-07-31,affordability,-0.3037608119017414,-0.852214431586113,dimension_score,-0.5484536196843716,7
price_family_ma6_structural_linked,alameda_county_ca__county,2022-08-31,affordability,-0.20322470632815462,-0.6942725403251718,dimension_score,-0.49104783399701724,8
price_family_ma6_structural_linked,alameda_county_ca__county,2022-09-30,affordability,-0.3754022095944066,-0.5746613923610628,dimension_score,-0.19925918276665622,9
price_family_ma6_structural_linked,alameda_county_ca__county,2022-10-31,affordability,-0.6458962551597544,-0.5275010196150649,dimension_score,0.11839523554468945,10
price_family_ma6_structural_linked,alameda_county_ca__county,2022-11-30,affordability,-0.24589169000933703,-0.4475641025641026,dimension_score,-0.2016724125547656,11
price_family_ma6_structural_linked,alameda_county_ca__county,2022-12-31,affordability,0.15645565749235468,-0.050463302752293604,dimension_score,-0.2069189602446483,12
price_family_ma6_structural_linked,alameda_county_ca__county,2023-01-31,affordability,0.2004848484848485,0.05701515151515146,dimension_score,-0.14346969696969702,1
price_family_ma6_structural_linked,alameda_county_ca__county,2023-02-28,affordability,0.1947027027027027,0.14283333333333337,dimension_score,-0.05186936936936934,2
price_family_ma6_structural_linked,alameda_county_ca__county,2023-03-31,affordability,-0.21978571428571428,0.05503571428571419,dimension_score,0.27482142857142844,3
price_family_ma6_structural_linked,alameda_county_ca__county,2023-04-30,affordability,-0.0920132743362832,0.1804144542772861,dimension_score,0.27242772861356934,4
price_family_ma6_structural_linked,alameda_county_ca__county,2023-05-31,affordability,-0.27846491228070175,0.04156140350877194,dimension_score,0.3200263157894737,5
price_family_ma6_structural_linked,alameda_county_ca__county,2023-06-30,affordability,-0.06010869565217386,-0.059521739130434764,dimension_score,0.000586956521739096,6
price_family_ma6_structural_linked,alameda_county_ca__county,2023-07-31,affordability,-0.25215517241379315,-0.21724137931034485,dimension_score,0.034913793103448304,7
price_family_ma6_structural_linked,alameda_county_ca__county,2023-08-31,affordability,-0.265,-0.3494871794871794,dimension_score,-0.08448717948717938,8
price_family_ma6_structural_linked,alameda_county_ca__county,2023-09-30,affordability,-0.5084180790960452,-0.3188983050847458,dimension_score,0.18951977401129938,9
price_family_ma6_structural_linked,alameda_county_ca__county,2023-10-31,affordability,-0.14932072829131648,-0.30075630252100843,dimension_score,-0.15143557422969195,10
price_family_ma6_structural_linked,alameda_county_ca__county,2023-11-30,affordability,-0.31500000000000006,-0.2333333333333334,dimension_score,0.08166666666666667,11
price_family_ma6_structural_linked,alameda_county_ca__county,2023-12-31,affordability,-0.08249999999999995,-0.4133333333333333,dimension_score,-0.3308333333333333,12
price_family_ma6_structural_linked,alameda_county_ca__county,2024-01-31,affordability,0.04166666666666666,-0.32666666666666666,dimension_score,-0.3683333333333333,1
price_family_ma6_structural_linked,alameda_county_ca__county,2024-02-29,affordability,-0.8321666666666667,-0.3858333333333333,dimension_score,0.4463333333333334,2
price_family_ma6_structural_linked,alameda_county_ca__county,2024-03-31,affordability,-0.8325,-0.4666666666666667,dimension_score,0.36583333333333334,3
price_family_ma6_structural_linked,alameda_county_ca__county,2024-04-30,affordability,-0.8291666666666666,-0.7,dimension_score,0.12916666666666665,4
price_family_ma6_structural_linked,alameda_county_ca__county,2024-05-31,affordability,-0.5808333333333333,-0.7541666666666667,dimension_score,-0.17333333333333334,5
price_family_ma6_structural_linked,alameda_county_ca__county,2024-06-30,affordability,-0.6583333333333332,-0.78,dimension_score,-0.12166666666666681,6
price_family_ma6_structural_linked,alameda_county_ca__county,2024-07-31,affordability,-0.35,-0.7808333333333334,dimension_score,-0.4308333333333334,7
price_family_ma6_structural_linked,alameda_county_ca__county,2024-08-31,affordability,-0.04333333333333328,-0.5666666666666667,dimension_score,-0.5233333333333334,8
price_family_ma6_structural_linked,alameda_county_ca__county,2024-09-30,affordability,-0.2558333333333334,-0.32083333333333336,dimension_score,-0.06499999999999995,9
price_family_ma6_structural_linked,alameda_county_ca__county,2024-10-31,affordability,-0.29000000000000004,-0.2216666666666667,dimension_score,0.06833333333333333,10
price_family_ma6_structural_linked,alameda_county_ca__county,2024-11-30,affordability,-0.46,-0.30500000000000005,dimension_score,0.15499999999999997,11
price_family_ma6_structural_linked,alameda_county_ca__county,2024-12-31,affordability,0.3916666666666667,0.20249999999999996,dimension_score,-0.18916666666666676,12
price_family_ma6_structural_linked,alameda_county_ca__county,2025-01-31,affordability,0.5549999999999999,0.28500000000000003,dimension_score,-0.2699999999999999,1
price_family_ma6_structural_linked,alameda_county_ca__county,2025-02-28,affordability,-0.20016666666666666,0.2958333333333333,dimension_score,0.49599999999999994,2
price_family_ma6_structural_linked,alameda_county_ca__county,2025-03-31,affordability,-0.29500000000000004,0.17250000000000004,dimension_score,0.4675000000000001,3
price_family_ma6_structural_linked,alameda_county_ca__county,2025-04-30,affordability,0.04166666666666666,0.08916666666666667,dimension_score,0.047500000000000014,4
price_family_ma6_structural_linked,alameda_county_ca__county,2025-05-31,affordability,-0.009166666666666684,0.06083333333333327,dimension_score,0.06999999999999995,5
price_family_ma6_structural_linked,alameda_county_ca__county,2025-06-30,affordability,0.19999999999999998,0.01083333333333332,dimension_score,-0.18916666666666665,6
price_family_ma6_structural_linked,alameda_county_ca__county,2025-07-31,affordability,0.4141666666666667,-0.07999999999999999,dimension_score,-0.49416666666666664,7
price_family_ma6_structural_linked,alameda_county_ca__county,2025-08-31,affordability,0.385,0.028333333333333308,dimension_score,-0.3566666666666667,8
price_family_ma6_structural_linked,alameda_county_ca__county,2025-09-30,affordability,0.21583333333333332,0.21499999999999997,dimension_score,-0.0008333333333333526,9
price_family_ma6_structural_linked,alameda_county_ca__county,2025-10-31,affordability,-0.0633333333333334,0.29500000000000004,dimension_score,0.35833333333333345,10
price_family_ma6_structural_linked,alameda_county_ca__county,2025-11-30,affordability,0.5845,0.3916666666666667,dimension_score,-0.1928333333333333,11
price_family_ma6_structural_linked,alameda_county_ca__county,2025-12-31,affordability,0.5291666666666668,0.3808333333333334,dimension_score,-0.14833333333333337,12
price_family_ma6_structural_linked,alameda_county_ca__county,2026-01-31,affordability,0.3799999999999999,0.45916666666666667,dimension_score,0.07916666666666677,1
price_family_ma6_structural_linked,alameda_county_ca__county,2026-02-28,affordability,0.06666666666666668,0.43833333333333335,dimension_score,0.3716666666666667,2
price_family_ma6_structural_linked,alameda_county_ca__county,2026-03-31,affordability,-0.049166666666666706,0.31833333333333336,dimension_score,0.36750000000000005,3
price_family_ma6_structural_linked,alameda_county_ca__county,2026-04-30,affordability,0.0674999999999999,0.25083333333333335,dimension_score,0.18333333333333346,4
price_family_ma6_structural_linked,alameda_county_ca__county,2026-05-31,affordability,-0.6091666666666666,-0.020833333333333343,dimension_score,0.5883333333333333,5
price_family_ma6_structural_linked,alameda_county_ca__county,2026-06-30,affordability,-0.6091666666666666,-0.020833333333333343,dimension_score,0.5883333333333333,6
price_family_ma6_structural_linked,alameda_county_ca__county,2026-07-31,affordability,-0.6091666666666666,-0.020833333333333343,dimension_score,0.5883333333333333,7
price_family_ma6_structural_linked,alameda_county_ca__county,2014-12-31,price,0.5555555555555556,,dimension_score,,12
price_family_ma6_structural_linked,alameda_county_ca__county,2015-01-31,price,-0.12512512512512514,,dimension_score,,1
price_family_ma6_structural_linked,alameda_county_ca__county,2015-02-28,price,0.21643907064959692,,dimension_score,,2
price_family_ma6_structural_linked,alameda_county_ca__county,2015-03-31,price,0.9691228070175437,,dimension_score,,3
price_family_ma6_structural_linked,alameda_county_ca__county,2015-04-30,price,0.46341880341880337,,dimension_score,,4
price_family_ma6_structural_linked,alameda_county_ca__county,2015-05-31,price,0.42666666666666664,0.98,dimension_score,0.5533333333333333,5
price_family_ma6_structural_linked,alameda_county_ca__county,2015-06-30,price,0.18032520325203252,0.98,dimension_score,0.7996747967479675,6
price_family_ma6_structural_linked,alameda_county_ca__county,2015-07-31,price,0.12401993355481723,0.98,dimension_score,0.8559800664451828,7
price_family_ma6_structural_linked,alameda_county_ca__county,2015-08-31,price,-0.04563072586328398,0.6970370370370369,dimension_score,0.7426677629003209,8
price_family_ma6_structural_linked,alameda_county_ca__county,2015-09-30,price,-0.036363636363636404,0.4167567567567568,dimension_score,0.4531203931203932,9
price_family_ma6_structural_linked,alameda_county_ca__county,2015-10-31,price,0.2012882447665056,0.1113436029097133,dimension_score,-0.08994464185679228,10
price_family_ma6_structural_linked,alameda_county_ca__county,2015-11-30,price,0.2581529448041936,-0.08697191697191697,dimension_score,-0.34512486177611057,11
price_family_ma6_structural_linked,alameda_county_ca__county,2015-12-31,price,-0.002334515366430298,-0.15542635658914727,dimension_score,-0.15309184122271696,12
price_family_ma6_structural_linked,alameda_county_ca__county,2016-01-31,price,0.033622908622908634,-0.21507760532150777,dimension_score,-0.2487005139444164,1
price_family_ma6_structural_linked,alameda_county_ca__county,2016-02-29,price,0.09413104189044036,-0.20952380952380953,dimension_score,-0.30365485141424986,2
price_family_ma6_structural_linked,alameda_county_ca__county,2016-03-31,price,0.04900452488687779,-0.047317155375800495,dimension_score,-0.09632168026267829,3
price_family_ma6_structural_linked,alameda_county_ca__county,2016-04-30,price,0.19482352941176465,0.1491489361702128,dimension_score,-0.04567459324155185,4
price_family_ma6_structural_linked,alameda_county_ca__county,2016-05-31,price,-0.04696435272045027,0.0671111111111111,dimension_score,0.11407546383156136,5
price_family_ma6_structural_linked,alameda_county_ca__county,2016-06-30,price,-0.4617849655585505,-0.08273090481786138,dimension_score,0.3790540607406891,6
price_family_ma6_structural_linked,alameda_county_ca__county,2016-07-31,price,-0.2698426121681936,-0.15741545352743566,dimension_score,0.11242715864075795,7
price_family_ma6_structural_linked,alameda_county_ca__county,2016-08-31,price,-0.40311688311688315,-0.20015384615384613,dimension_score,0.20296303696303702,8
price_family_ma6_structural_linked,alameda_county_ca__county,2016-09-30,price,-0.5387552213868003,-0.2838053375196232,dimension_score,0.2549498838671771,9
price_family_ma6_structural_linked,alameda_county_ca__county,2016-10-31,price,0.027699308240616505,-0.35629636447307866,dimension_score,-0.38399567271369517,10
price_family_ma6_structural_linked,alameda_county_ca__county,2016-11-30,price,-0.0774338759217578,-0.4491129785247432,dimension_score,-0.3716791026029854,11
price_family_ma6_structural_linked,alameda_county_ca__county,2016-12-31,price,-0.6196610169491525,-0.49390795251260367,dimension_score,0.12575306443654888,12
price_family_ma6_structural_linked,alameda_county_ca__county,2017-01-31,price,-0.23520686963309914,-0.5793923058074002,dimension_score,-0.3441854361743011,1
price_family_ma6_structural_linked,alameda_county_ca__county,2017-02-28,price,0.15024643046007408,-0.49450292397660817,dimension_score,-0.6447493544366822,2
price_family_ma6_structural_linked,alameda_county_ca__county,2017-03-31,price,0.32161669829222006,-0.2579719231293444,dimension_score,-0.5795886214215644,3
price_family_ma6_structural_linked,alameda_county_ca__county,2017-04-30,price,0.10857631257631253,-0.1304437689969605,dimension_score,-0.23902008157327304,4
price_family_ma6_structural_linked,alameda_county_ca__county,2017-05-31,price,-0.13951088534107403,-0.0325087719298246,dimension_score,0.10700211341124943,5
price_family_ma6_structural_linked,alameda_county_ca__county,2017-06-30,price,0.1761662781662782,0.10409289232934549,dimension_score,-0.07207338583693271,6
price_family_ma6_structural_linked,alameda_county_ca__county,2017-07-31,price,-0.282894617819991,0.15627118644067794,dimension_score,0.4391658042606689,7
price_family_ma6_structural_linked,alameda_county_ca__county,2017-08-31,price,-0.21525774488900037,0.15090196078431378,dimension_score,0.36615970567331413,8
price_family_ma6_structural_linked,alameda_county_ca__county,2017-09-30,price,-0.05311616637501683,0.0036923076923076475,dimension_score,0.05680847406732448,9
price_family_ma6_structural_linked,alameda_county_ca__county,2017-10-31,price,0.47780152780752483,-0.05171758977480222,dimension_score,-0.5295191175823271,10
price_family_ma6_structural_linked,alameda_county_ca__county,2017-11-30,price,0.0641419363639464,-0.046328042328042336,dimension_score,-0.11046997869198874,11
price_family_ma6_structural_linked,alameda_county_ca__county,2017-12-31,price,0.2613489827856025,0.01592401628222522,dimension_score,-0.24542496650337725,12
price_family_ma6_structural_linked,alameda_county_ca__county,2018-01-31,price,-0.01911694987149741,0.0454660633484163,dimension_score,0.0645830132199137,1
price_family_ma6_structural_linked,alameda_county_ca__county,2018-02-28,price,0.1070571234071013,0.07789737188821855,dimension_score,-0.029159751518882754,2
price_family_ma6_structural_linked,alameda_county_ca__county,2018-03-31,price,0.40346460746460755,0.20711682964487907,dimension_score,-0.19634777781972848,3
price_family_ma6_structural_linked,alameda_county_ca__county,2018-04-30,price,0.4876666666666667,0.2764586241276171,dimension_score,-0.21120804253904957,4
price_family_ma6_structural_linked,alameda_county_ca__county,2018-05-31,price,0.40150607287449397,0.47513043478260875,dimension_score,0.07362436190811478,5
price_family_ma6_structural_linked,alameda_county_ca__county,2018-06-30,price,0.36916017316017313,0.4715035128805621,dimension_score,0.10234333972038895,6
price_family_ma6_structural_linked,alameda_county_ca__county,2018-07-31,price,-0.2151782470316383,0.42707678328032717,dimension_score,0.6422550303119654,7
price_family_ma6_structural_linked,alameda_county_ca__county,2018-08-31,price,-0.175770662695458,0.3706031746031746,dimension_score,0.5463738372986326,8
price_family_ma6_structural_linked,alameda_county_ca__county,2018-09-30,price,-0.069975845410628,0.24677054794520548,dimension_score,0.3167463933558335,9
price_family_ma6_structural_linked,alameda_county_ca__county,2018-10-31,price,-0.2801626016260163,-0.08612900612900612,dimension_score,0.1940335954970102,10
price_family_ma6_structural_linked,alameda_county_ca__county,2018-11-30,price,-0.44459031591843157,-0.3340699300699301,dimension_score,0.11052038584850149,11
price_family_ma6_structural_linked,alameda_county_ca__county,2018-12-31,price,-0.6027156244023715,-0.5225063887756423,dimension_score,0.08020923562672921,12
price_family_ma6_structural_linked,alameda_county_ca__county,2019-01-31,price,-0.5897801312305744,-0.6101508785332315,dimension_score,-0.02037074730265709,1
price_family_ma6_structural_linked,alameda_county_ca__county,2019-02-28,price,-0.1017828224941768,-0.6174656261612783,dimension_score,-0.5156828036671015,2
price_family_ma6_structural_linked,alameda_county_ca__county,2019-03-31,price,0.09680834001603847,-0.591782296123142,dimension_score,-0.6885906361391805,3
price_family_ma6_structural_linked,alameda_county_ca__county,2019-04-30,price,-0.0995834020788649,-0.5319251654505346,dimension_score,-0.4323417633716697,4
price_family_ma6_structural_linked,alameda_county_ca__county,2019-05-31,price,-0.10923683058514516,-0.3923280423280423,dimension_score,-0.28309121174289714,5
price_family_ma6_structural_linked,alameda_county_ca__county,2019-06-30,price,-0.32210314030538745,-0.27564080894636506,dimension_score,0.04646233135902239,6
price_family_ma6_structural_linked,alameda_county_ca__county,2019-07-31,price,-0.3331528106211651,-0.19299978039120658,dimension_score,0.1401530302299585,7
price_family_ma6_structural_linked,alameda_county_ca__county,2019-08-31,price,-0.46938843764930727,-0.15288013136289003,dimension_score,0.31650830628641724,8
price_family_ma6_structural_linked,alameda_county_ca__county,2019-09-30,price,-0.4082558481810469,-0.26851111736560657,dimension_score,0.1397447308154403,9
price_family_ma6_structural_linked,alameda_county_ca__county,2019-10-31,price,-0.13062702624280875,-0.3805272856226606,dimension_score,-0.24990025937985183,10
price_family_ma6_structural_linked,alameda_county_ca__county,2019-11-30,price,-0.47644949338226367,-0.4775891541408783,dimension_score,-0.0011396607586146579,11
price_family_ma6_structural_linked,alameda_county_ca__county,2019-12-31,price,-0.3211434837092732,-0.5163949974076557,dimension_score,-0.1952515136983825,12
price_family_ma6_structural_linked,alameda_county_ca__county,2020-01-31,price,-0.4256236102688499,-0.5351270151441134,dimension_score,-0.10950340487526355,1
price_family_ma6_structural_linked,alameda_county_ca__county,2020-02-29,price,0.17629942410913052,-0.4806690561529271,dimension_score,-0.6569684802620577,2
price_family_ma6_structural_linked,alameda_county_ca__county,2020-03-31,price,0.11618080879164622,-0.37546833032043203,dimension_score,-0.49164913911207825,3
price_family_ma6_structural_linked,alameda_county_ca__county,2020-04-30,price,0.29802020202020196,-0.16354994348101792,dimension_score,-0.4615701455012199,4
price_family_ma6_structural_linked,alameda_county_ca__county,2020-05-31,price,-0.4774595616865057,-0.049683179723502266,dimension_score,0.42777638196300344,5
price_family_ma6_structural_linked,alameda_county_ca__county,2020-06-30,price,0.07248430725425486,0.014362282750345165,dimension_score,-0.0581220245039097,6
price_family_ma6_structural_linked,alameda_county_ca__county,2020-07-31,price,-0.23174491603960476,0.06317258261933906,dimension_score,0.2949174986589438,7
price_family_ma6_structural_linked,alameda_county_ca__county,2020-08-31,price,0.19476348345618086,0.09528160919540234,dimension_score,-0.09948187426077852,8
price_family_ma6_structural_linked,alameda_county_ca__county,2020-09-30,price,0.2708966087675765,0.05246672914714151,dimension_score,-0.21842987962043497,9
price_family_ma6_structural_linked,alameda_county_ca__county,2020-10-31,price,-0.008389860641165335,-0.05605228158679203,dimension_score,-0.04766242094562669,10
price_family_ma6_structural_linked,alameda_county_ca__county,2020-11-30,price,0.23099503475670308,-0.001171717171717171,dimension_score,-0.23216675192842023,11
price_family_ma6_structural_linked,alameda_county_ca__county,2020-12-31,price,0.12139477327795081,0.004879120879120909,dimension_score,-0.11651565239882991,12
price_family_ma6_structural_linked,alameda_county_ca__county,2021-01-31,price,0.3631607343653121,0.11997761515281966,dimension_score,-0.24318311921249244,1
price_family_ma6_structural_linked,alameda_county_ca__county,2021-02-28,price,0.6275671222617487,0.2231979759645794,dimension_score,-0.4043691462971693,2
price_family_ma6_structural_linked,alameda_county_ca__county,2021-03-31,price,0.7467070707070707,0.3919099359636439,dimension_score,-0.3547971347434268,3
price_family_ma6_structural_linked,alameda_county_ca__county,2021-04-30,price,0.7242882882882884,0.6164048582995952,dimension_score,-0.10788342998869316,4
price_family_ma6_structural_linked,alameda_county_ca__county,2021-05-31,price,0.7716011315417257,0.7799285714285714,dimension_score,0.0083274398868457,5
price_family_ma6_structural_linked,alameda_county_ca__county,2021-06-30,price,0.3859357973277807,0.8201587239836609,dimension_score,0.43422292665588014,6
price_family_ma6_structural_linked,alameda_county_ca__county,2021-07-31,price,0.4342558337591551,0.8487560556933054,dimension_score,0.41450022193415026,7
price_family_ma6_structural_linked,alameda_county_ca__county,2021-08-31,price,0.3521102525660247,0.8283232323232325,dimension_score,0.4762129797572078,8
price_family_ma6_structural_linked,alameda_county_ca__county,2021-09-30,price,0.05174350553660895,0.7342018348623853,dimension_score,0.6824583293257764,9
price_family_ma6_structural_linked,alameda_county_ca__county,2021-10-31,price,0.5305142144924685,0.5624446444644464,dimension_score,0.031930429971977925,10
price_family_ma6_structural_linked,alameda_county_ca__county,2021-11-30,price,0.35997362518585757,0.3284604914512036,dimension_score,-0.031513133734653975,11
price_family_ma6_structural_linked,alameda_county_ca__county,2021-12-31,price,-0.08265483971366325,0.1866398721582343,dimension_score,0.2692947118718976,12
price_family_ma6_structural_linked,alameda_county_ca__county,2022-01-31,price,0.32545871559633033,0.11812164033708128,dimension_score,-0.20733707525924905,1
price_family_ma6_structural_linked,alameda_county_ca__county,2022-02-28,price,0.8335757575757576,0.1618840691472271,dimension_score,-0.6716916884285306,2
price_family_ma6_structural_linked,alameda_county_ca__county,2022-03-31,price,0.6874414414414414,0.37160909887237387,dimension_score,-0.3158323425690675,3
price_family_ma6_structural_linked,alameda_county_ca__county,2022-04-30,price,0.7724285714285715,0.6249075088623912,dimension_score,-0.14752106256618025,4
price_family_ma6_structural_linked,alameda_county_ca__county,2022-05-31,price,0.14824188790560475,0.6911566951566952,dimension_score,0.5429148072510904,5
price_family_ma6_structural_linked,alameda_county_ca__county,2022-06-30,price,-0.27026315789473687,0.6896401803763024,dimension_score,0.9599033382710392,6
price_family_ma6_structural_linked,alameda_county_ca__county,2022-07-31,price,-0.5026521739130435,0.540323911382735,dimension_score,1.0429760852957783,7
price_family_ma6_structural_linked,alameda_county_ca__county,2022-08-31,price,-0.6104252873563218,0.019891891891891895,dimension_score,0.6303171792482137,8
price_family_ma6_structural_linked,alameda_county_ca__county,2022-09-30,price,-0.41155555555555556,-0.335952380952381,dimension_score,0.07560317460317456,9
price_family_ma6_structural_linked,alameda_county_ca__county,2022-10-31,price,-0.10771186440677966,-0.49439233038348085,dimension_score,-0.3866804659767012,10
price_family_ma6_structural_linked,alameda_county_ca__county,2022-11-30,price,-0.6058879551820728,-0.5656842105263158,dimension_score,0.040203744655757045,11
price_family_ma6_structural_linked,alameda_county_ca__county,2022-12-31,price,-0.6393333333333333,-0.6406666666666667,dimension_score,-0.0013333333333334085,12
price_family_ma6_structural_linked,alameda_county_ca__county,2023-01-31,price,-0.41700000000000004,-0.6446666666666667,dimension_score,-0.22766666666666668,1
price_family_ma6_structural_linked,alameda_county_ca__county,2023-02-28,price,-0.15033333333333332,-0.6353333333333333,dimension_score,-0.485,2
price_family_ma6_structural_linked,alameda_county_ca__county,2023-03-31,price,0.11933333333333335,-0.6036666666666667,dimension_score,-0.7230000000000001,3
price_family_ma6_structural_linked,alameda_county_ca__county,2023-04-30,price,-0.20766666666666667,-0.517,dimension_score,-0.30933333333333335,4
price_family_ma6_structural_linked,alameda_county_ca__county,2023-05-31,price,0.06833333333333336,-0.31200000000000006,dimension_score,-0.3803333333333334,5
price_family_ma6_structural_linked,alameda_county_ca__county,2023-06-30,price,-0.1916666666666667,-0.15433333333333335,dimension_score,0.03733333333333336,6
price_family_ma6_structural_linked,alameda_county_ca__county,2023-07-31,price,-0.09500000000000001,0.03666666666666665,dimension_score,0.13166666666666665,7
price_family_ma6_structural_linked,alameda_county_ca__county,2023-08-31,price,-0.33,0.08833333333333332,dimension_score,0.41833333333333333,8
price_family_ma6_structural_linked,alameda_county_ca__county,2023-09-30,price,0.36333333333333334,0.044999999999999984,dimension_score,-0.31833333333333336,9
price_family_ma6_structural_linked,alameda_county_ca__county,2023-10-31,price,-0.36333333333333334,-0.07166666666666668,dimension_score,0.29166666666666663,10
price_family_ma6_structural_linked,alameda_county_ca__county,2023-11-30,price,0.023333333333333345,-0.14833333333333337,dimension_score,-0.17166666666666672,11
price_family_ma6_structural_linked,alameda_county_ca__county,2023-12-31,price,-0.41600000000000004,-0.2783333333333334,dimension_score,0.13766666666666666,12
price_family_ma6_structural_linked,alameda_county_ca__county,2024-01-31,price,-0.3983333333333334,-0.3716666666666667,dimension_score,0.026666666666666672,1
price_family_ma6_structural_linked,alameda_county_ca__county,2024-02-29,price,0.7053333333333334,-0.2783333333333333,dimension_score,-0.9836666666666667,2
price_family_ma6_structural_linked,alameda_county_ca__county,2024-03-31,price,0.5983333333333334,-0.17,dimension_score,-0.7683333333333334,3
price_family_ma6_structural_linked,alameda_county_ca__county,2024-04-30,price,0.6733333333333333,0.21166666666666667,dimension_score,-0.46166666666666667,4
price_family_ma6_structural_linked,alameda_county_ca__county,2024-05-31,price,0.20833333333333337,0.43000000000000005,dimension_score,0.22166666666666668,5
price_family_ma6_structural_linked,alameda_county_ca__county,2024-06-30,price,0.08000000000000002,0.5966666666666667,dimension_score,0.5166666666666666,6
price_family_ma6_structural_linked,alameda_county_ca__county,2024-07-31,price,-0.37,0.6146666666666667,dimension_score,0.9846666666666667,7
price_family_ma6_structural_linked,alameda_county_ca__county,2024-08-31,price,-0.4316666666666667,0.33166666666666667,dimension_score,0.7633333333333334,8
price_family_ma6_structural_linked,alameda_county_ca__county,2024-09-30,price,0.03666666666666671,0.018333333333333313,dimension_score,-0.018333333333333396,9
price_family_ma6_structural_linked,alameda_county_ca__county,2024-10-31,price,-0.10666666666666667,-0.28500000000000003,dimension_score,-0.17833333333333334,10
price_family_ma6_structural_linked,alameda_county_ca__county,2024-11-30,price,-0.12166666666666669,-0.3783333333333333,dimension_score,-0.2566666666666666,11
price_family_ma6_structural_linked,alameda_county_ca__county,2024-12-31,price,-0.5126666666666666,-0.4616666666666667,dimension_score,0.05099999999999988,12
price_family_ma6_structural_linked,alameda_county_ca__county,2025-01-31,price,-0.671,-0.5183333333333333,dimension_score,0.15266666666666673,1
price_family_ma6_structural_linked,alameda_county_ca__county,2025-02-28,price,0.35533333333333333,-0.49000000000000005,dimension_score,-0.8453333333333334,2
price_family_ma6_structural_linked,alameda_county_ca__county,2025-03-31,price,0.225,-0.36,dimension_score,-0.585,3
price_family_ma6_structural_linked,alameda_county_ca__county,2025-04-30,price,-0.395,-0.18500000000000008,dimension_score,0.20999999999999994,4
price_family_ma6_structural_linked,alameda_county_ca__county,2025-05-31,price,-0.09500000000000003,-0.19166666666666665,dimension_score,-0.09666666666666662,5
price_family_ma6_structural_linked,alameda_county_ca__county,2025-06-30,price,-0.515,-0.14666666666666667,dimension_score,0.36833333333333335,6
price_family_ma6_structural_linked,alameda_county_ca__county,2025-07-31,price,-0.5633333333333335,-0.033333333333333354,dimension_score,0.5300000000000001,7
price_family_ma6_structural_linked,alameda_county_ca__county,2025-08-31,price,-0.48,-0.21,dimension_score,0.27,8
price_family_ma6_structural_linked,alameda_county_ca__county,2025-09-30,price,-0.1,-0.4016666666666667,dimension_score,-0.30166666666666675,9
price_family_ma6_structural_linked,alameda_county_ca__county,2025-10-31,price,0.06,-0.525,dimension_score,-0.585,10
price_family_ma6_structural_linked,alameda_county_ca__county,2025-11-30,price,-0.6916666666666668,-0.6000000000000001,dimension_score,0.09166666666666667,11
price_family_ma6_structural_linked,alameda_county_ca__county,2025-12-31,price,-0.53,-0.625,dimension_score,-0.09499999999999997,12
price_family_ma6_structural_linked,alameda_county_ca__county,2026-01-31,price,-0.5166666666666667,-0.6366666666666667,dimension_score,-0.12,1
price_family_ma6_structural_linked,alameda_county_ca__county,2026-02-28,price,0.14433333333333337,-0.5733333333333335,dimension_score,-0.7176666666666669,2
price_family_ma6_structural_linked,alameda_county_ca__county,2026-03-31,price,0.018333333333333313,-0.4566666666666667,dimension_score,-0.47500000000000003,3
price_family_ma6_structural_linked,alameda_county_ca__county,2026-04-30,price,-0.03666666666666665,-0.3283333333333333,dimension_score,-0.29166666666666663,4
price_family_ma6_structural_linked,alameda_county_ca__county,2026-05-31,price,0.18833333333333335,-0.09500000000000003,dimension_score,-0.2833333333333334,5
price_family_ma6_structural_linked,alameda_county_ca__county,2026-06-30,price,0.18833333333333335,-0.09500000000000003,dimension_score,-0.2833333333333334,6
price_family_ma6_structural_linked,alameda_county_ca__county,2026-07-31,price,0.18833333333333335,-0.09500000000000003,dimension_score,-0.2833333333333334,7
price_family_ma6_structural_linked,alameda_county_ca__county,2014-12-31,median_ppsf,0.5555555555555556,,metric_score,,12
price_family_ma6_structural_linked,alameda_county_ca__county,2015-01-31,median_ppsf,0.15215215215215214,,metric_score,,1
price_family_ma6_structural_linked,alameda_county_ca__county,2015-02-28,median_ppsf,0.705045045045045,,metric_score,,2
price_family_ma6_structural_linked,alameda_county_ca__county,2015-03-31,median_ppsf,0.9582456140350876,,metric_score,,3
price_family_ma6_structural_linked,alameda_county_ca__county,2015-04-30,median_ppsf,0.3095726495726495,,metric_score,,4
price_family_ma6_structural_linked,alameda_county_ca__county,2015-05-31,median_ppsf,0.45999999999999996,0.98,metric_score,0.52,5
price_family_ma6_structural_linked,alameda_county_ca__county,2015-06-30,median_ppsf,0.18032520325203252,0.98,metric_score,0.7996747967479675,6
price_family_ma6_structural_linked,alameda_county_ca__county,2015-07-31,median_ppsf,0.29492063492063486,0.98,metric_score,0.6850793650793652,7
price_family_ma6_structural_linked,alameda_county_ca__county,2015-08-31,median_ppsf,0.023608174770965436,0.6599999999999999,metric_score,0.6363918252290345,8
price_family_ma6_structural_linked,alameda_county_ca__county,2015-09-30,median_ppsf,-0.028956228956229,0.3807207207207207,metric_score,0.40967694967694973,9
price_family_ma6_structural_linked,alameda_county_ca__county,2015-10-31,median_ppsf,0.1861513687600644,0.045964912280701764,metric_score,-0.14018645647936265,10
price_family_ma6_structural_linked,alameda_county_ca__county,2015-11-30,median_ppsf,0.41362318840579704,-0.0664957264957265,metric_score,-0.48011891490152353,11
price_family_ma6_structural_linked,alameda_county_ca__county,2015-12-31,median_ppsf,-0.1628250591016549,-0.14883720930232555,metric_score,0.01398784979932935,12
price_family_ma6_structural_linked,alameda_county_ca__county,2016-01-31,median_ppsf,0.11999448428019857,-0.18366592756836653,metric_score,-0.30366041184856507,1
price_family_ma6_structural_linked,alameda_county_ca__county,2016-02-29,median_ppsf,0.06112137486573577,-0.18730158730158733,metric_score,-0.2484229621673231,2
price_family_ma6_structural_linked,alameda_county_ca__county,2016-03-31,median_ppsf,0.10451282051282051,-0.029922480620155064,metric_score,-0.13443530113297558,3
price_family_ma6_structural_linked,alameda_county_ca__county,2016-04-30,median_ppsf,0.2077647058823529,0.11454545454545452,metric_score,-0.09321925133689839,4
price_family_ma6_structural_linked,alameda_county_ca__county,2016-05-31,median_ppsf,-0.14546341463414636,0.035999999999999976,metric_score,0.18146341463414634,5
price_family_ma6_structural_linked,alameda_county_ca__county,2016-06-30,median_ppsf,-0.5052011580313467,-0.08273090481786138,metric_score,0.4224702532134853,6
price_family_ma6_structural_linked,alameda_county_ca__county,2016-07-31,median_ppsf,-0.36617649361835414,-0.19145800671892504,metric_score,0.1747184868994291,7
price_family_ma6_structural_linked,alameda_county_ca__county,2016-08-31,median_ppsf,-0.49402597402597404,-0.23348717948717945,metric_score,0.2605387945387946,8
price_family_ma6_structural_linked,alameda_county_ca__county,2016-09-30,median_ppsf,-0.5957560568086884,-0.3427943485086342,metric_score,0.25296170830005416,9
price_family_ma6_structural_linked,alameda_county_ca__county,2016-10-31,median_ppsf,0.01741760698598066,-0.46758214450069024,metric_score,-0.4849997514866709,10
price_family_ma6_structural_linked,alameda_county_ca__county,2016-11-30,median_ppsf,-0.3997388611860676,-0.5635231870525987,metric_score,-0.16378432586653113,11
price_family_ma6_structural_linked,alameda_county_ca__county,2016-12-31,median_ppsf,-0.6162146892655368,-0.6023743698162303,metric_score,0.013840319449306526,12
price_family_ma6_structural_linked,alameda_county_ca__county,2017-01-31,median_ppsf,-0.09381956061112967,-0.6095809850526832,metric_score,-0.5157614244415536,1
price_family_ma6_structural_linked,alameda_county_ca__county,2017-02-28,median_ppsf,0.13149021681649925,-0.48506822612085765,metric_score,-0.616558442937357,2
price_family_ma6_structural_linked,alameda_county_ca__county,2017-03-31,median_ppsf,0.13527893738140412,-0.28930625596292764,metric_score,-0.42458519334433176,3
price_family_ma6_structural_linked,alameda_county_ca__county,2017-04-30,median_ppsf,-0.009128205128205169,-0.18150759878419456,metric_score,-0.1723793936559894,4
price_family_ma6_structural_linked,alameda_county_ca__county,2017-05-31,median_ppsf,0.10684905660377353,-0.026807017543859724,metric_score,-0.13365607414763325,5
price_family_ma6_structural_linked,alameda_county_ca__county,2017-06-30,median_ppsf,-0.1698212898212898,0.09212948627726947,metric_score,0.26195077609855927,6
price_family_ma6_structural_linked,alameda_county_ca__county,2017-07-31,median_ppsf,-0.43254635911352335,0.12305084745762707,metric_score,0.5555972065711504,7
price_family_ma6_structural_linked,alameda_county_ca__county,2017-08-31,median_ppsf,-0.2371754672018061,0.057176470588235384,metric_score,0.2943519377900415,8
price_family_ma6_structural_linked,alameda_county_ca__county,2017-09-30,median_ppsf,-5.384304751648861e-05,-0.0652862547288777,metric_score,-0.06523241168136121,9
price_family_ma6_structural_linked,alameda_county_ca__county,2017-10-31,median_ppsf,0.5330314842578711,-0.10661716372489352,metric_score,-0.6396486479827646,10
price_family_ma6_structural_linked,alameda_county_ca__county,2017-11-30,median_ppsf,0.1969685230024213,-0.09817989417989417,metric_score,-0.29514841718231544,11
price_family_ma6_structural_linked,alameda_county_ca__county,2017-12-31,median_ppsf,0.3657652582159624,-0.02149999999999999,metric_score,-0.38726525821596236,12
price_family_ma6_structural_linked,alameda_county_ca__county,2018-01-31,median_ppsf,0.14896823614542004,0.09929670329670327,metric_score,-0.04967153284871677,1
price_family_ma6_structural_linked,alameda_county_ca__county,2018-02-28,median_ppsf,0.10073688359150132,0.22024242424242424,metric_score,0.11950554065092292,2
price_family_ma6_structural_linked,alameda_county_ca__county,2018-03-31,median_ppsf,0.36210896610896615,0.32796088522902733,metric_score,-0.034148080879938814,3
price_family_ma6_structural_linked,alameda_county_ca__county,2018-04-30,median_ppsf,0.625,0.40078564307078757,metric_score,-0.22421435692921243,4
price_family_ma6_structural_linked,alameda_county_ca__county,2018-05-31,median_ppsf,0.40409716599190293,0.5241159420289856,metric_score,0.12001877603708266,5
price_family_ma6_structural_linked,alameda_county_ca__county,2018-06-30,median_ppsf,0.3241385281385281,0.49033255269320847,metric_score,0.16619402455468035,6
price_family_ma6_structural_linked,alameda_county_ca__county,2018-07-31,median_ppsf,-0.0881212244522276,0.43516401635620183,metric_score,0.5232852408084294,7
price_family_ma6_structural_linked,alameda_county_ca__county,2018-08-31,median_ppsf,-0.26020848845867467,0.31187301587301586,metric_score,0.5720815043316905,8
price_family_ma6_structural_linked,alameda_county_ca__county,2018-09-30,median_ppsf,0.14285560923242083,0.2591849315068493,metric_score,0.11632932227442846,9
price_family_ma6_structural_linked,alameda_county_ca__county,2018-10-31,median_ppsf,-0.40267217275347356,-0.12452952452952452,metric_score,0.278142648223949,10
price_family_ma6_structural_linked,alameda_county_ca__county,2018-11-30,median_ppsf,-0.5249063585154773,-0.3383310023310024,metric_score,0.1865753561844749,11
price_family_ma6_structural_linked,alameda_county_ca__county,2018-12-31,median_ppsf,-0.5931918148785619,-0.4646295504489545,metric_score,0.1285622644296074,12
price_family_ma6_structural_linked,alameda_county_ca__county,2019-01-31,median_ppsf,-0.6405817121369095,-0.6178456837280366,metric_score,0.0227360284088729,1
price_family_ma6_structural_linked,alameda_county_ca__county,2019-02-28,median_ppsf,-0.15419233186675052,-0.6123374210330732,metric_score,-0.4581450891663227,2
price_family_ma6_structural_linked,alameda_county_ca__county,2019-03-31,median_ppsf,0.11609516172146489,-0.5968455872623826,metric_score,-0.7129407489838475,3
price_family_ma6_structural_linked,alameda_county_ca__county,2019-04-30,median_ppsf,-0.03754055986360888,-0.5569251654505346,metric_score,-0.5193846055869258,4
price_family_ma6_structural_linked,alameda_county_ca__county,2019-05-31,median_ppsf,-0.14395155406391358,-0.4440917107583774,metric_score,-0.3001401566944638,5
price_family_ma6_structural_linked,alameda_county_ca__county,2019-06-30,median_ppsf,-0.49501200422548736,-0.3195432479707553,metric_score,0.17546875625473207,6
price_family_ma6_structural_linked,alameda_county_ca__county,2019-07-31,median_ppsf,-0.3292295327738366,-0.26512082269997655,metric_score,0.06410871007386004,7
price_family_ma6_structural_linked,alameda_county_ca__county,2019-08-31,median_ppsf,-0.5461920688007644,-0.24089326765188837,metric_score,0.3052988011488761,8
price_family_ma6_structural_linked,alameda_county_ca__county,2019-09-30,median_ppsf,-0.3665021730472876,-0.31556994089501833,metric_score,0.050932232152269274,9
price_family_ma6_structural_linked,alameda_county_ca__county,2019-10-31,median_ppsf,-0.22254325906333874,-0.4626179673475205,metric_score,-0.24007470828418173,10
price_family_ma6_structural_linked,alameda_county_ca__county,2019-11-30,median_ppsf,-0.4327683859739069,-0.5537518420277041,metric_score,-0.12098345605379723,11
price_family_ma6_structural_linked,alameda_county_ca__county,2019-12-31,median_ppsf,-0.4312468671679198,-0.5698466090871155,metric_score,-0.13859974191919566,12
price_family_ma6_structural_linked,alameda_county_ca__county,2020-01-31,median_ppsf,-0.3507095209217708,-0.5533170493404984,metric_score,-0.2026075284187276,1
price_family_ma6_structural_linked,alameda_county_ca__county,2020-02-29,median_ppsf,0.3050479745962158,-0.4765750696933493,metric_score,-0.7816230442895651,2
price_family_ma6_structural_linked,alameda_county_ca__county,2020-03-31,median_ppsf,0.13393185905501176,-0.3360481760066607,metric_score,-0.46998003506167246,3
price_family_ma6_structural_linked,alameda_county_ca__county,2020-04-30,median_ppsf,0.12327272727272726,-0.13746298695927878,metric_score,-0.26073571423200603,4
price_family_ma6_structural_linked,alameda_county_ca__county,2020-05-31,median_ppsf,-0.45197641561909,-0.013460061443932358,metric_score,0.43851635417515766,5
price_family_ma6_structural_linked,alameda_county_ca__county,2020-06-30,median_ppsf,-0.0497405034621109,0.0233234842522225,metric_score,0.0730639877143334,6
price_family_ma6_structural_linked,alameda_county_ca__county,2020-07-31,median_ppsf,-0.2943301891331588,0.0425605875152999,metric_score,0.3368907766484587,7
price_family_ma6_structural_linked,alameda_county_ca__county,2020-08-31,median_ppsf,0.17562911971945327,0.028183908045977035,metric_score,-0.14744521167347624,8
price_family_ma6_structural_linked,alameda_county_ca__county,2020-09-30,median_ppsf,0.2373564929693962,-0.05929522024367384,metric_score,-0.29665171321307005,9
price_family_ma6_structural_linked,alameda_county_ca__county,2020-10-31,median_ppsf,0.053750759878419443,-0.1376849346480165,metric_score,-0.19143569452643594,10
price_family_ma6_structural_linked,alameda_county_ca__county,2020-11-30,median_ppsf,0.09018073485600797,-0.07147474747474747,metric_score,-0.16165548233075544,11
price_family_ma6_structural_linked,alameda_county_ca__county,2020-12-31,median_ppsf,0.12754205607476635,-0.024307692307692266,metric_score,-0.15184974838245863,12
price_family_ma6_structural_linked,alameda_county_ca__county,2021-01-31,median_ppsf,0.5552974417716686,0.10103659061558329,metric_score,-0.45426085115608533,1
price_family_ma6_structural_linked,alameda_county_ca__county,2021-02-28,median_ppsf,0.6238599513199775,0.22307147375079062,metric_score,-0.4007884775691869,2
price_family_ma6_structural_linked,alameda_county_ca__county,2021-03-31,median_ppsf,0.7543838383838384,0.40851807477793844,metric_score,-0.34586576360589993,3
price_family_ma6_structural_linked,alameda_county_ca__county,2021-04-30,median_ppsf,0.6494054054054055,0.6799676113360325,metric_score,0.030562205930626973,4
price_family_ma6_structural_linked,alameda_county_ca__county,2021-05-31,median_ppsf,0.7557595473833097,0.8024285714285714,metric_score,0.04666902404526163,5
price_family_ma6_structural_linked,alameda_county_ca__county,2021-06-30,median_ppsf,0.35369564462953323,0.8277058937949816,metric_score,0.47401024916544837,6
price_family_ma6_structural_linked,alameda_county_ca__county,2021-07-31,median_ppsf,0.40230216317492756,0.845017737936296,metric_score,0.4427155747613684,7
price_family_ma6_structural_linked,alameda_county_ca__county,2021-08-31,median_ppsf,0.33985930111867135,0.8094680134680137,metric_score,0.4696087123493423,8
price_family_ma6_structural_linked,alameda_county_ca__county,2021-09-30,median_ppsf,0.009641699296871642,0.6938348623853212,metric_score,0.6841931630884496,9
price_family_ma6_structural_linked,alameda_county_ca__county,2021-10-31,median_ppsf,0.6303690766114816,0.5221206120612061,metric_score,-0.10824846455027548,10
price_family_ma6_structural_linked,alameda_county_ca__county,2021-11-30,median_ppsf,0.596316806589577,0.3378124006359301,metric_score,-0.2585044059536469,11
price_family_ma6_structural_linked,alameda_county_ca__county,2021-12-31,median_ppsf,0.04392779333955804,0.26396116504854367,metric_score,0.22003337170898563,12
price_family_ma6_structural_linked,alameda_county_ca__county,2022-01-31,median_ppsf,0.4398470948012233,0.20208915283678786,metric_score,-0.23775794196443545,1
price_family_ma6_structural_linked,alameda_county_ca__county,2022-02-28,median_ppsf,0.8372121212121213,0.260561403508772,metric_score,-0.5766507177033493,2
price_family_ma6_structural_linked,alameda_county_ca__county,2022-03-31,median_ppsf,0.6235675675675676,0.511143560295324,metric_score,-0.11242400727224355,3
price_family_ma6_structural_linked,alameda_county_ca__county,2022-04-30,median_ppsf,0.7255238095238095,0.7223293586851435,metric_score,-0.0031944508386659853,4
price_family_ma6_structural_linked,alameda_county_ca__county,2022-05-31,median_ppsf,0.00951032448377579,0.6945754985754986,metric_score,0.6850651740917229,5
price_family_ma6_structural_linked,alameda_county_ca__county,2022-06-30,median_ppsf,-0.28157894736842104,0.6763607526045716,metric_score,0.9579396999729927,6
price_family_ma6_structural_linked,alameda_county_ca__county,2022-07-31,median_ppsf,-0.48344927536231885,0.45292895339954165,metric_score,0.9363782287618605,7
price_family_ma6_structural_linked,alameda_county_ca__county,2022-08-31,median_ppsf,-0.6213103448275863,-0.11117117117117119,metric_score,0.5101391736564151,8
price_family_ma6_structural_linked,alameda_county_ca__county,2022-09-30,median_ppsf,-0.2211111111111111,-0.3585714285714286,metric_score,-0.1374603174603175,9
price_family_ma6_structural_linked,alameda_county_ca__county,2022-10-31,median_ppsf,-0.3495480225988701,-0.4774867256637168,metric_score,-0.12793870306484673,10
price_family_ma6_structural_linked,alameda_county_ca__county,2022-11-30,median_ppsf,-0.6386666666666667,-0.5551578947368422,metric_score,0.08350877192982453,11
price_family_ma6_structural_linked,alameda_county_ca__county,2022-12-31,median_ppsf,-0.642,-0.6406666666666667,metric_score,0.0013333333333332975,12
price_family_ma6_structural_linked,alameda_county_ca__county,2023-01-31,median_ppsf,-0.2686666666666667,-0.642,metric_score,-0.3733333333333333,1
price_family_ma6_structural_linked,alameda_county_ca__county,2023-02-28,median_ppsf,-0.01533333333333331,-0.632,metric_score,-0.6166666666666667,2
price_family_ma6_structural_linked,alameda_county_ca__county,2023-03-31,median_ppsf,0.08666666666666667,-0.6086666666666667,metric_score,-0.6953333333333334,3
price_family_ma6_structural_linked,alameda_county_ca__county,2023-04-30,median_ppsf,-0.362,-0.49866666666666665,metric_score,-0.13666666666666666,4
price_family_ma6_structural_linked,alameda_county_ca__county,2023-05-31,median_ppsf,0.043333333333333446,-0.3653333333333334,metric_score,-0.40866666666666684,5
price_family_ma6_structural_linked,alameda_county_ca__county,2023-06-30,median_ppsf,0.06666666666666665,-0.13,metric_score,-0.19666666666666666,6
price_family_ma6_structural_linked,alameda_county_ca__county,2023-07-31,median_ppsf,-0.10666666666666666,0.05666666666666664,metric_score,0.1633333333333333,7
price_family_ma6_structural_linked,alameda_county_ca__county,2023-08-31,median_ppsf,-0.42666666666666664,0.07999999999999996,metric_score,0.5066666666666666,8
price_family_ma6_structural_linked,alameda_county_ca__county,2023-09-30,median_ppsf,0.3466666666666667,0.010000000000000009,metric_score,-0.33666666666666667,9
price_family_ma6_structural_linked,alameda_county_ca__county,2023-10-31,median_ppsf,-0.45666666666666667,-0.12000000000000005,metric_score,0.3366666666666666,10
price_family_ma6_structural_linked,alameda_county_ca__county,2023-11-30,median_ppsf,-0.15333333333333332,-0.19333333333333336,metric_score,-0.040000000000000036,11
price_family_ma6_structural_linked,alameda_county_ca__county,2023-12-31,median_ppsf,-0.4266666666666667,-0.3400000000000001,metric_score,0.08666666666666661,12
price_family_ma6_structural_linked,alameda_county_ca__county,2024-01-31,median_ppsf,-0.3733333333333334,-0.3933333333333333,metric_score,-0.019999999999999907,1
price_family_ma6_structural_linked,alameda_county_ca__county,2024-02-29,median_ppsf,0.5053333333333333,-0.3533333333333333,metric_score,-0.8586666666666666,2
price_family_ma6_structural_linked,alameda_county_ca__county,2024-03-31,median_ppsf,0.38,-0.3,metric_score,-0.6799999999999999,3
price_family_ma6_structural_linked,alameda_county_ca__county,2024-04-30,median_ppsf,0.62,0.023333333333333345,metric_score,-0.5966666666666667,4
price_family_ma6_structural_linked,alameda_county_ca__county,2024-05-31,median_ppsf,0.3666666666666667,0.27999999999999997,metric_score,-0.08666666666666673,5
price_family_ma6_structural_linked,alameda_county_ca__county,2024-06-30,median_ppsf,-0.32333333333333336,0.44,metric_score,0.7633333333333334,6
price_family_ma6_structural_linked,alameda_county_ca__county,2024-07-31,median_ppsf,-0.46,0.43333333333333324,metric_score,0.8933333333333333,7
price_family_ma6_structural_linked,alameda_county_ca__county,2024-08-31,median_ppsf,-0.3466666666666668,0.21333333333333332,metric_score,0.56,8
price_family_ma6_structural_linked,alameda_county_ca__county,2024-09-30,median_ppsf,0.003333333333333355,-0.046666666666666703,metric_score,-0.05000000000000006,9
price_family_ma6_structural_linked,alameda_county_ca__county,2024-10-31,median_ppsf,-0.10666666666666663,-0.29000000000000004,metric_score,-0.1833333333333334,10
price_family_ma6_structural_linked,alameda_county_ca__county,2024-11-30,median_ppsf,-0.3433333333333334,-0.41,metric_score,-0.0666666666666666,11
price_family_ma6_structural_linked,alameda_county_ca__county,2024-12-31,median_ppsf,-0.5333333333333333,-0.4766666666666668,metric_score,0.05666666666666653,12
price_family_ma6_structural_linked,alameda_county_ca__county,2025-01-31,median_ppsf,-0.6233333333333334,-0.51,metric_score,0.1133333333333334,1
price_family_ma6_structural_linked,alameda_county_ca__county,2025-02-28,median_ppsf,0.3486666666666667,-0.4766666666666667,metric_score,-0.8253333333333334,2
price_family_ma6_structural_linked,alameda_county_ca__county,2025-03-31,median_ppsf,0.15666666666666668,-0.3766666666666667,metric_score,-0.5333333333333334,3
price_family_ma6_structural_linked,alameda_county_ca__county,2025-04-30,median_ppsf,-0.45000000000000007,-0.29666666666666675,metric_score,0.15333333333333332,4
price_family_ma6_structural_linked,alameda_county_ca__county,2025-05-31,median_ppsf,0.03666666666666668,-0.26999999999999996,metric_score,-0.30666666666666664,5
price_family_ma6_structural_linked,alameda_county_ca__county,2025-06-30,median_ppsf,-0.5866666666666667,-0.18333333333333332,metric_score,0.4033333333333333,6
price_family_ma6_structural_linked,alameda_county_ca__county,2025-07-31,median_ppsf,-0.5466666666666669,-0.07666666666666672,metric_score,0.47000000000000014,7
price_family_ma6_structural_linked,alameda_county_ca__county,2025-08-31,median_ppsf,-0.5,-0.2866666666666667,metric_score,0.21333333333333332,8
price_family_ma6_structural_linked,alameda_county_ca__county,2025-09-30,median_ppsf,-0.09666666666666662,-0.4633333333333334,metric_score,-0.36666666666666675,9
price_family_ma6_structural_linked,alameda_county_ca__county,2025-10-31,median_ppsf,-0.14000000000000007,-0.54,metric_score,-0.39999999999999997,10
price_family_ma6_structural_linked,alameda_county_ca__county,2025-11-30,median_ppsf,-0.6700000000000002,-0.6166666666666667,metric_score,0.053333333333333455,11
price_family_ma6_structural_linked,alameda_county_ca__county,2025-12-31,median_ppsf,-0.4733333333333333,-0.6066666666666667,metric_score,-0.13333333333333341,12
price_family_ma6_structural_linked,alameda_county_ca__county,2026-01-31,median_ppsf,-0.7066666666666668,-0.65,metric_score,0.056666666666666754,1
price_family_ma6_structural_linked,alameda_county_ca__county,2026-02-28,median_ppsf,0.16866666666666674,-0.5766666666666668,metric_score,-0.7453333333333335,2
price_family_ma6_structural_linked,alameda_county_ca__county,2026-03-31,median_ppsf,-0.08333333333333337,-0.46666666666666673,metric_score,-0.38333333333333336,3
price_family_ma6_structural_linked,alameda_county_ca__county,2026-04-30,median_ppsf,0.14,-0.2933333333333333,metric_score,-0.4333333333333333,4
price_family_ma6_structural_linked,alameda_county_ca__county,2026-05-31,median_ppsf,-0.20666666666666664,-0.1733333333333334,metric_score,0.03333333333333324,5
price_family_ma6_structural_linked,alameda_county_ca__county,2014-12-31,median_sale_price,0.5555555555555556,,metric_score,,12
price_family_ma6_structural_linked,alameda_county_ca__county,2015-01-31,median_sale_price,-0.4024024024024024,,metric_score,,1
price_family_ma6_structural_linked,alameda_county_ca__county,2015-02-28,median_sale_price,-0.2721669037458511,,metric_score,,2
price_family_ma6_structural_linked,alameda_county_ca__county,2015-03-31,median_sale_price,0.98,,metric_score,,3
price_family_ma6_structural_linked,alameda_county_ca__county,2015-04-30,median_sale_price,0.6172649572649572,,metric_score,,4
price_family_ma6_structural_linked,alameda_county_ca__county,2015-05-31,median_sale_price,0.39333333333333337,0.98,metric_score,0.5866666666666667,5
price_family_ma6_structural_linked,alameda_county_ca__county,2015-06-30,median_sale_price,0.18032520325203252,0.98,metric_score,0.7996747967479675,6
price_family_ma6_structural_linked,alameda_county_ca__county,2015-07-31,median_sale_price,-0.046880767811000396,0.98,metric_score,1.0268807678110004,7
price_family_ma6_structural_linked,alameda_county_ca__county,2015-08-31,median_sale_price,-0.1148696264975334,0.734074074074074,metric_score,0.8489437005716074,8
price_family_ma6_structural_linked,alameda_county_ca__county,2015-09-30,median_sale_price,-0.043771043771043815,0.45279279279279283,metric_score,0.4965638365638366,9
price_family_ma6_structural_linked,alameda_county_ca__county,2015-10-31,median_sale_price,0.2164251207729468,0.17672229353872485,metric_score,-0.039702827234221943,10
price_family_ma6_structural_linked,alameda_county_ca__county,2015-11-30,median_sale_price,0.10268270120259017,-0.10744810744810743,metric_score,-0.2101308086506976,11
price_family_ma6_structural_linked,alameda_county_ca__county,2015-12-31,median_sale_price,0.1581560283687943,-0.162015503875969,metric_score,-0.3201715322447633,12
price_family_ma6_structural_linked,alameda_county_ca__county,2016-01-31,median_sale_price,-0.052748667034381296,-0.24648928307464898,metric_score,-0.19374061604026768,1
price_family_ma6_structural_linked,alameda_county_ca__county,2016-02-29,median_sale_price,0.12714070891514495,-0.23174603174603173,metric_score,-0.35888674066117665,2
price_family_ma6_structural_linked,alameda_county_ca__county,2016-03-31,median_sale_price,-0.00650377073906494,-0.06471183013144592,metric_score,-0.05820805939238098,3
price_family_ma6_structural_linked,alameda_county_ca__county,2016-04-30,median_sale_price,0.18188235294117638,0.18375241779497106,metric_score,0.0018700648537946785,4
price_family_ma6_structural_linked,alameda_county_ca__county,2016-05-31,median_sale_price,0.05153470919324582,0.09822222222222222,metric_score,0.046687513028976405,5
price_family_ma6_structural_linked,alameda_county_ca__county,2016-06-30,median_sale_price,-0.41836877308575426,-0.08273090481786138,metric_score,0.3356378682678929,6
price_family_ma6_structural_linked,alameda_county_ca__county,2016-07-31,median_sale_price,-0.17350873071803305,-0.12337290033594628,metric_score,0.05013583038208677,7
price_family_ma6_structural_linked,alameda_county_ca__county,2016-08-31,median_sale_price,-0.31220779220779227,-0.16682051282051277,metric_score,0.1453872793872795,8
price_family_ma6_structural_linked,alameda_county_ca__county,2016-09-30,median_sale_price,-0.4817543859649124,-0.22481632653061223,metric_score,0.25693805943430015,9
price_family_ma6_structural_linked,alameda_county_ca__county,2016-10-31,median_sale_price,0.03798100949525235,-0.2450105844454671,metric_score,-0.2829915939407195,10
price_family_ma6_structural_linked,alameda_county_ca__county,2016-11-30,median_sale_price,0.24487110934255202,-0.3347027699968877,metric_score,-0.5795738793394397,11
price_family_ma6_structural_linked,alameda_county_ca__county,2016-12-31,median_sale_price,-0.6231073446327684,-0.38544153520897706,metric_score,0.23766580942379134,12
price_family_ma6_structural_linked,alameda_county_ca__county,2017-01-31,median_sale_price,-0.3765941786550686,-0.5492036265621172,metric_score,-0.17260944790704857,1
price_family_ma6_structural_linked,alameda_county_ca__county,2017-02-28,median_sale_price,0.1690026441036489,-0.5039376218323587,metric_score,-0.6729402659360075,2
price_family_ma6_structural_linked,alameda_county_ca__county,2017-03-31,median_sale_price,0.507954459203036,-0.2266375902957612,metric_score,-0.7345920494987972,3
price_family_ma6_structural_linked,alameda_county_ca__county,2017-04-30,median_sale_price,0.22628083028083024,-0.07937993920972644,metric_score,-0.30566076949055665,4
price_family_ma6_structural_linked,alameda_county_ca__county,2017-05-31,median_sale_price,-0.3858708272859216,-0.03821052631578947,metric_score,0.3476603009701321,5
price_family_ma6_structural_linked,alameda_county_ca__county,2017-06-30,median_sale_price,0.5221538461538462,0.11605629838142151,metric_score,-0.4060975477724247,6
price_family_ma6_structural_linked,alameda_county_ca__county,2017-07-31,median_sale_price,-0.1332428765264586,0.18949152542372882,metric_score,0.32273440195018743,7
price_family_ma6_structural_linked,alameda_county_ca__county,2017-08-31,median_sale_price,-0.19334002257619465,0.2446274509803922,metric_score,0.43796747355658683,8
price_family_ma6_structural_linked,alameda_county_ca__county,2017-09-30,median_sale_price,-0.10617848970251717,0.07267087011349299,metric_score,0.17884935981601016,9
price_family_ma6_structural_linked,alameda_county_ca__county,2017-10-31,median_sale_price,0.4225715713571786,0.0031819841752890876,metric_score,-0.4193895871818895,10
price_family_ma6_structural_linked,alameda_county_ca__county,2017-11-30,median_sale_price,-0.0686846502745285,0.0055238095238095,metric_score,0.074208459798338,11
price_family_ma6_structural_linked,alameda_county_ca__county,2017-12-31,median_sale_price,0.1569327073552426,0.053348032564450434,metric_score,-0.10358467479079216,12
price_family_ma6_structural_linked,alameda_county_ca__county,2018-01-31,median_sale_price,-0.18720213588841486,-0.00836457659987068,metric_score,0.17883755928854417,1
price_family_ma6_structural_linked,alameda_county_ca__county,2018-02-28,median_sale_price,0.11337736322270128,-0.06444768046598714,metric_score,-0.17782504368868843,2
price_family_ma6_structural_linked,alameda_county_ca__county,2018-03-31,median_sale_price,0.4448202488202489,0.0862727740607308,metric_score,-0.3585474747595181,3
price_family_ma6_structural_linked,alameda_county_ca__county,2018-04-30,median_sale_price,0.35033333333333333,0.15213160518444668,metric_score,-0.19820172814888665,4
price_family_ma6_structural_linked,alameda_county_ca__county,2018-05-31,median_sale_price,0.398914979757085,0.4261449275362319,metric_score,0.02722994777914689,5
price_family_ma6_structural_linked,alameda_county_ca__county,2018-06-30,median_sale_price,0.41418181818181815,0.4526744730679157,metric_score,0.038492654886097544,6
price_family_ma6_structural_linked,alameda_county_ca__county,2018-07-31,median_sale_price,-0.342235269611049,0.4189895502044525,metric_score,0.7612248198155015,7
price_family_ma6_structural_linked,alameda_county_ca__county,2018-08-31,median_sale_price,-0.09133283693224131,0.4293333333333334,metric_score,0.5206661702655747,8
price_family_ma6_structural_linked,alameda_county_ca__county,2018-09-30,median_sale_price,-0.2828073000536768,0.23435616438356163,metric_score,0.5171634644372385,9
price_family_ma6_structural_linked,alameda_county_ca__county,2018-10-31,median_sale_price,-0.15765303049855903,-0.04772848772848773,metric_score,0.1099245427700713,10
price_family_ma6_structural_linked,alameda_county_ca__county,2018-11-30,median_sale_price,-0.36427427332138584,-0.32980885780885777,metric_score,0.034465415512528075,11
price_family_ma6_structural_linked,alameda_county_ca__county,2018-12-31,median_sale_price,-0.612239433926181,-0.5803832271023299,metric_score,0.03185620682385104,12
price_family_ma6_structural_linked,alameda_county_ca__county,2019-01-31,median_sale_price,-0.5389785503242392,-0.6024560733384263,metric_score,-0.06347752301418708,1
price_family_ma6_structural_linked,alameda_county_ca__county,2019-02-28,median_sale_price,-0.04937331312160309,-0.6225938312894834,metric_score,-0.5732205181678803,2
price_family_ma6_structural_linked,alameda_county_ca__county,2019-03-31,median_sale_price,0.07752151831061205,-0.5867190049839015,metric_score,-0.6642405232945136,3
price_family_ma6_structural_linked,alameda_county_ca__county,2019-04-30,median_sale_price,-0.16162624429412092,-0.5069251654505346,metric_score,-0.34529892115641364,4
price_family_ma6_structural_linked,alameda_county_ca__county,2019-05-31,median_sale_price,-0.07452210710637674,-0.3405643738977072,metric_score,-0.2660422667913305,5
price_family_ma6_structural_linked,alameda_county_ca__county,2019-06-30,median_sale_price,-0.1491942763852876,-0.23173836992197483,metric_score,-0.08254409353668724,6
price_family_ma6_structural_linked,alameda_county_ca__county,2019-07-31,median_sale_price,-0.3370760884684936,-0.1208787380824366,metric_score,0.21619735038605697,7
price_family_ma6_structural_linked,alameda_county_ca__county,2019-08-31,median_sale_price,-0.39258480649785005,-0.06486699507389165,metric_score,0.3277178114239584,8
price_family_ma6_structural_linked,alameda_county_ca__county,2019-09-30,median_sale_price,-0.4500095233148062,-0.2214522938361948,metric_score,0.2285572294786114,9
price_family_ma6_structural_linked,alameda_county_ca__county,2019-10-31,median_sale_price,-0.03871079342227879,-0.2984366038978007,metric_score,-0.2597258104755219,10
price_family_ma6_structural_linked,alameda_county_ca__county,2019-11-30,median_sale_price,-0.5201306007906205,-0.4014264662540525,metric_score,0.11870413453656797,11
price_family_ma6_structural_linked,alameda_county_ca__county,2019-12-31,median_sale_price,-0.21104010025062658,-0.46294338572819593,metric_score,-0.25190328547756935,12
price_family_ma6_structural_linked,alameda_county_ca__county,2020-01-31,median_sale_price,-0.5005376996159289,-0.5169369809477284,metric_score,-0.016399281331799576,1
price_family_ma6_structural_linked,alameda_county_ca__county,2020-02-29,median_sale_price,0.04755087362204524,-0.48476304261250497,metric_score,-0.5323139162345503,2
price_family_ma6_structural_linked,alameda_county_ca__county,2020-03-31,median_sale_price,0.09842975852828068,-0.41488848463420336,metric_score,-0.5133182431624841,3
price_family_ma6_structural_linked,alameda_county_ca__county,2020-04-30,median_sale_price,0.4727676767676767,-0.18963690000275704,metric_score,-0.6624045767704337,4
price_family_ma6_structural_linked,alameda_county_ca__county,2020-05-31,median_sale_price,-0.5029427077539215,-0.08590629800307217,metric_score,0.4170364097508493,5
price_family_ma6_structural_linked,alameda_county_ca__county,2020-06-30,median_sale_price,0.19470911797062063,0.005401081248467832,metric_score,-0.1893080367221528,6
price_family_ma6_structural_linked,alameda_county_ca__county,2020-07-31,median_sale_price,-0.16915964294605074,0.08378457772337822,metric_score,0.25294422066942895,7
price_family_ma6_structural_linked,alameda_county_ca__county,2020-08-31,median_sale_price,0.21389784719290844,0.16237931034482764,metric_score,-0.051518536848080804,8
price_family_ma6_structural_linked,alameda_county_ca__county,2020-09-30,median_sale_price,0.30443672456575677,0.16422867853795686,metric_score,-0.1402080460277999,9
price_family_ma6_structural_linked,alameda_county_ca__county,2020-10-31,median_sale_price,-0.07053048116075011,0.025580371474432456,metric_score,0.09611085263518257,10
price_family_ma6_structural_linked,alameda_county_ca__county,2020-11-30,median_sale_price,0.3718093346573982,0.06913131313131313,metric_score,-0.30267802152608503,11
price_family_ma6_structural_linked,alameda_county_ca__county,2020-12-31,median_sale_price,0.11524749048113528,0.034065934065934084,metric_score,-0.0811815564152012,12
price_family_ma6_structural_linked,alameda_county_ca__county,2021-01-31,median_sale_price,0.17102402695895555,0.13891863969005602,metric_score,-0.03210538726889953,1
price_family_ma6_structural_linked,alameda_county_ca__county,2021-02-28,median_sale_price,0.63127429320352,0.22332447817836817,metric_score,-0.4079498150251518,2
price_family_ma6_structural_linked,alameda_county_ca__county,2021-03-31,median_sale_price,0.7390303030303029,0.3753017971493493,metric_score,-0.3637285058809536,3
price_family_ma6_structural_linked,alameda_county_ca__county,2021-04-30,median_sale_price,0.7991711711711713,0.552842105263158,metric_score,-0.2463290659080133,4
price_family_ma6_structural_linked,alameda_county_ca__county,2021-05-31,median_sale_price,0.7874427157001416,0.7574285714285715,metric_score,-0.03001414427157012,5
price_family_ma6_structural_linked,alameda_county_ca__county,2021-06-30,median_sale_price,0.41817595002602814,0.8126115541723401,metric_score,0.39443560414631196,6
price_family_ma6_structural_linked,alameda_county_ca__county,2021-07-31,median_sale_price,0.4662095043433827,0.8524943734503148,metric_score,0.38628486910693205,7
price_family_ma6_structural_linked,alameda_county_ca__county,2021-08-31,median_sale_price,0.36436120401337796,0.8471784511784513,metric_score,0.4828172471650733,8
price_family_ma6_structural_linked,alameda_county_ca__county,2021-09-30,median_sale_price,0.09384531177634625,0.7745688073394495,metric_score,0.6807234955631033,9
price_family_ma6_structural_linked,alameda_county_ca__county,2021-10-31,median_sale_price,0.4306593523734554,0.6027686768676869,metric_score,0.1721093244942315,10
price_family_ma6_structural_linked,alameda_county_ca__county,2021-11-30,median_sale_price,0.1236304437821382,0.3191085822664771,metric_score,0.1954781384843389,11
price_family_ma6_structural_linked,alameda_county_ca__county,2021-12-31,median_sale_price,-0.20923747276688454,0.10931857926792493,metric_score,0.31855605203480947,12
price_family_ma6_structural_linked,alameda_county_ca__county,2022-01-31,median_sale_price,0.21107033639143732,0.034154127837374704,metric_score,-0.17691620855406262,1
price_family_ma6_structural_linked,alameda_county_ca__county,2022-02-28,median_sale_price,0.829939393939394,0.06320673478568223,metric_score,-0.7667326591537118,2
price_family_ma6_structural_linked,alameda_county_ca__county,2022-03-31,median_sale_price,0.7513153153153153,0.23207463744942372,metric_score,-0.5192406778658916,3
price_family_ma6_structural_linked,alameda_county_ca__county,2022-04-30,median_sale_price,0.8193333333333334,0.5274856590396391,metric_score,-0.2918476742936943,4
price_family_ma6_structural_linked,alameda_county_ca__county,2022-05-31,median_sale_price,0.2869734513274337,0.6877378917378918,metric_score,0.4007644404104581,5
price_family_ma6_structural_linked,alameda_county_ca__county,2022-06-30,median_sale_price,-0.25894736842105265,0.702919608148033,metric_score,0.9618669765690857,6
price_family_ma6_structural_linked,alameda_county_ca__county,2022-07-31,median_sale_price,-0.5218550724637682,0.6277188693659282,metric_score,1.1495739418296964,7
price_family_ma6_structural_linked,alameda_county_ca__county,2022-08-31,median_sale_price,-0.5995402298850575,0.15095495495495498,metric_score,0.7504951848400125,8
price_family_ma6_structural_linked,alameda_county_ca__county,2022-09-30,median_sale_price,-0.6020000000000001,-0.31333333333333335,metric_score,0.28866666666666674,9
price_family_ma6_structural_linked,alameda_county_ca__county,2022-10-31,median_sale_price,0.13412429378531077,-0.511297935103245,metric_score,-0.6454222288885557,10
price_family_ma6_structural_linked,alameda_county_ca__county,2022-11-30,median_sale_price,-0.573109243697479,-0.5762105263157895,metric_score,-0.0031012826183105524,11
price_family_ma6_structural_linked,alameda_county_ca__county,2022-12-31,median_sale_price,-0.6366666666666667,-0.6406666666666667,metric_score,-0.0040000000000000036,12
price_family_ma6_structural_linked,alameda_county_ca__county,2023-01-31,median_sale_price,-0.5653333333333334,-0.6473333333333333,metric_score,-0.08199999999999996,1
price_family_ma6_structural_linked,alameda_county_ca__county,2023-02-28,median_sale_price,-0.2853333333333333,-0.6386666666666667,metric_score,-0.3533333333333334,2
price_family_ma6_structural_linked,alameda_county_ca__county,2023-03-31,median_sale_price,0.15200000000000002,-0.5986666666666667,metric_score,-0.7506666666666667,3
price_family_ma6_structural_linked,alameda_county_ca__county,2023-04-30,median_sale_price,-0.053333333333333344,-0.5353333333333334,metric_score,-0.4820000000000001,4
price_family_ma6_structural_linked,alameda_county_ca__county,2023-05-31,median_sale_price,0.09333333333333327,-0.25866666666666666,metric_score,-0.3519999999999999,5
price_family_ma6_structural_linked,alameda_county_ca__county,2023-06-30,median_sale_price,-0.45000000000000007,-0.1786666666666667,metric_score,0.27133333333333337,6
price_family_ma6_structural_linked,alameda_county_ca__county,2023-07-31,median_sale_price,-0.08333333333333337,0.016666666666666663,metric_score,0.10000000000000003,7
price_family_ma6_structural_linked,alameda_county_ca__county,2023-08-31,median_sale_price,-0.23333333333333336,0.09666666666666668,metric_score,0.33000000000000007,8
price_family_ma6_structural_linked,alameda_county_ca__county,2023-09-30,median_sale_price,0.38,0.07999999999999996,metric_score,-0.30000000000000004,9
price_family_ma6_structural_linked,alameda_county_ca__county,2023-10-31,median_sale_price,-0.27,-0.023333333333333317,metric_score,0.2466666666666667,10
price_family_ma6_structural_linked,alameda_county_ca__county,2023-11-30,median_sale_price,0.2,-0.10333333333333336,metric_score,-0.30333333333333334,11
price_family_ma6_structural_linked,alameda_county_ca__county,2023-12-31,median_sale_price,-0.4053333333333333,-0.21666666666666667,metric_score,0.18866666666666665,12
price_family_ma6_structural_linked,alameda_county_ca__county,2024-01-31,median_sale_price,-0.42333333333333334,-0.35000000000000003,metric_score,0.0733333333333333,1
price_family_ma6_structural_linked,alameda_county_ca__county,2024-02-29,median_sale_price,0.9053333333333333,-0.20333333333333334,metric_score,-1.1086666666666667,2
price_family_ma6_structural_linked,alameda_county_ca__county,2024-03-31,median_sale_price,0.8166666666666667,-0.040000000000000056,metric_score,-0.8566666666666667,3
price_family_ma6_structural_linked,alameda_county_ca__county,2024-04-30,median_sale_price,0.7266666666666668,0.4,metric_score,-0.32666666666666677,4
price_family_ma6_structural_linked,alameda_county_ca__county,2024-05-31,median_sale_price,0.05000000000000002,0.5800000000000001,metric_score,0.53,5
price_family_ma6_structural_linked,alameda_county_ca__county,2024-06-30,median_sale_price,0.4833333333333334,0.7533333333333334,metric_score,0.27,6
price_family_ma6_structural_linked,alameda_county_ca__county,2024-07-31,median_sale_price,-0.28,0.796,metric_score,1.076,7
price_family_ma6_structural_linked,alameda_county_ca__county,2024-08-31,median_sale_price,-0.5166666666666666,0.45000000000000007,metric_score,0.9666666666666667,8
price_family_ma6_structural_linked,alameda_county_ca__county,2024-09-30,median_sale_price,0.07000000000000006,0.08333333333333333,metric_score,0.013333333333333267,9
price_family_ma6_structural_linked,alameda_county_ca__county,2024-10-31,median_sale_price,-0.10666666666666672,-0.2800000000000001,metric_score,-0.17333333333333337,10
price_family_ma6_structural_linked,alameda_county_ca__county,2024-11-30,median_sale_price,0.1,-0.3466666666666667,metric_score,-0.44666666666666666,11
price_family_ma6_structural_linked,alameda_county_ca__county,2024-12-31,median_sale_price,-0.492,-0.44666666666666666,metric_score,0.04533333333333334,12
price_family_ma6_structural_linked,alameda_county_ca__county,2025-01-31,median_sale_price,-0.7186666666666667,-0.5266666666666667,metric_score,0.19199999999999995,1
price_family_ma6_structural_linked,alameda_county_ca__county,2025-02-28,median_sale_price,0.362,-0.5033333333333334,metric_score,-0.8653333333333334,2
price_family_ma6_structural_linked,alameda_county_ca__county,2025-03-31,median_sale_price,0.29333333333333333,-0.3433333333333333,metric_score,-0.6366666666666667,3
price_family_ma6_structural_linked,alameda_county_ca__county,2025-04-30,median_sale_price,-0.34,-0.07333333333333342,metric_score,0.2666666666666666,4
price_family_ma6_structural_linked,alameda_county_ca__county,2025-05-31,median_sale_price,-0.22666666666666674,-0.11333333333333334,metric_score,0.1133333333333334,5
price_family_ma6_structural_linked,alameda_county_ca__county,2025-06-30,median_sale_price,-0.44333333333333336,-0.10999999999999999,metric_score,0.33333333333333337,6
price_family_ma6_structural_linked,alameda_county_ca__county,2025-07-31,median_sale_price,-0.5800000000000001,0.010000000000000009,metric_score,0.5900000000000001,7
price_family_ma6_structural_linked,alameda_county_ca__county,2025-08-31,median_sale_price,-0.46,-0.1333333333333333,metric_score,0.3266666666666667,8
price_family_ma6_structural_linked,alameda_county_ca__county,2025-09-30,median_sale_price,-0.10333333333333339,-0.34,metric_score,-0.23666666666666664,9
price_family_ma6_structural_linked,alameda_county_ca__county,2025-10-31,median_sale_price,0.26000000000000006,-0.51,metric_score,-0.77,10
price_family_ma6_structural_linked,alameda_county_ca__county,2025-11-30,median_sale_price,-0.7133333333333334,-0.5833333333333335,metric_score,0.1299999999999999,11
price_family_ma6_structural_linked,alameda_county_ca__county,2025-12-31,median_sale_price,-0.5866666666666667,-0.6433333333333333,metric_score,-0.05666666666666664,12
price_family_ma6_structural_linked,alameda_county_ca__county,2026-01-31,median_sale_price,-0.32666666666666666,-0.6233333333333334,metric_score,-0.29666666666666675,1
price_family_ma6_structural_linked,alameda_county_ca__county,2026-02-28,median_sale_price,0.12,-0.5700000000000001,metric_score,-0.6900000000000001,2
price_family_ma6_structural_linked,alameda_county_ca__county,2026-03-31,median_sale_price,0.12,-0.4466666666666667,metric_score,-0.5666666666666667,3
price_family_ma6_structural_linked,alameda_county_ca__county,2026-04-30,median_sale_price,-0.21333333333333332,-0.36333333333333334,metric_score,-0.15000000000000002,4
price_family_ma6_structural_linked,alameda_county_ca__county,2026-05-31,median_sale_price,0.5833333333333334,-0.016666666666666663,metric_score,-0.6000000000000001,5
price_family_ma6_structural_linked,alameda_county_ca__county,2015-11-30,payment_burden,-0.6666666666666667,-0.9444444444444444,metric_score,-0.2777777777777777,11
price_family_ma6_structural_linked,alameda_county_ca__county,2015-12-31,payment_burden,0.14843414843414843,-0.4054054054054055,metric_score,-0.553839553839554,12
price_family_ma6_structural_linked,alameda_county_ca__county,2016-01-31,payment_burden,0.3655761024182076,-0.3157894736842106,metric_score,-0.6813655761024182,1
price_family_ma6_structural_linked,alameda_county_ca__county,2016-02-29,payment_burden,0.3734335839598999,0.2771672771672771,metric_score,-0.09626630679262277,2
price_family_ma6_structural_linked,alameda_county_ca__county,2016-03-31,payment_burden,-0.16849816849816848,0.03957528957528967,metric_score,0.20807345807345815,3
price_family_ma6_structural_linked,alameda_county_ca__county,2016-04-30,payment_burden,-0.46759581881533097,-0.051531267192371145,metric_score,0.4160645516229598,4
price_family_ma6_structural_linked,alameda_county_ca__county,2016-05-31,payment_burden,-0.6286709805873568,-0.3087388801674516,metric_score,0.3199321004199052,5
price_family_ma6_structural_linked,alameda_county_ca__county,2016-06-30,payment_burden,-0.1523493118177503,-0.3441860465116279,metric_score,-0.19183673469387758,6
price_family_ma6_structural_linked,alameda_county_ca__county,2016-07-31,payment_burden,-0.03609181516158264,-0.34558124802027246,metric_score,-0.3094894328586898,7
price_family_ma6_structural_linked,alameda_county_ca__county,2016-08-31,payment_burden,0.0822510822510823,-0.3832199546485261,metric_score,-0.4654710368996084,8
price_family_ma6_structural_linked,alameda_county_ca__county,2016-09-30,payment_burden,0.28861283643892355,-0.401560017333526,metric_score,-0.6901728537724495,9
price_family_ma6_structural_linked,alameda_county_ca__county,2016-10-31,payment_burden,-0.20021144442976085,-0.40176844432163583,metric_score,-0.20155699989187498,10
price_family_ma6_structural_linked,alameda_county_ca__county,2016-11-30,payment_burden,-0.6661347517730497,-0.34888888888888886,metric_score,0.31724586288416085,11
price_family_ma6_structural_linked,alameda_county_ca__county,2016-12-31,payment_burden,0.563697370840228,0.01889253938943386,metric_score,-0.5448048314507941,12
price_family_ma6_structural_linked,alameda_county_ca__county,2017-01-31,payment_burden,0.4038668098818474,0.12963045912653984,metric_score,-0.2742363507553076,1
price_family_ma6_structural_linked,alameda_county_ca__county,2017-02-28,payment_burden,-0.19797285067873302,0.027413273001508382,metric_score,0.2253861236802414,2
price_family_ma6_structural_linked,alameda_county_ca__county,2017-03-31,payment_burden,-0.6647812971342383,-0.22796703296703297,metric_score,0.4368142641672053,3
price_family_ma6_structural_linked,alameda_county_ca__county,2017-04-30,payment_burden,-0.6258664023505257,-0.21869857340082832,metric_score,0.4071678289496974,4
price_family_ma6_structural_linked,alameda_county_ca__county,2017-05-31,payment_burden,-0.1347609064590196,-0.20824774354186112,metric_score,-0.07348683708284151,5
price_family_ma6_structural_linked,alameda_county_ca__county,2017-06-30,payment_burden,-0.7484840654608096,-0.2958204586111563,metric_score,0.4526636068496533,6
price_family_ma6_structural_linked,alameda_county_ca__county,2017-07-31,payment_burden,-0.5524675324675324,-0.6423119333496691,metric_score,-0.08984440088213663,7
price_family_ma6_structural_linked,alameda_county_ca__county,2017-08-31,payment_burden,-0.2537593984962406,-0.631345029239766,metric_score,-0.3775856307435254,8
price_family_ma6_structural_linked,alameda_county_ca__county,2017-09-30,payment_burden,-0.07194560614429622,-0.4902276134659943,metric_score,-0.41828200732169807,9
price_family_ma6_structural_linked,alameda_county_ca__county,2017-10-31,payment_burden,-0.7366054441225113,-0.5244984802431611,metric_score,0.21210696387935013,10
price_family_ma6_structural_linked,alameda_county_ca__county,2017-11-30,payment_burden,-0.3627824858757063,-0.420921052631579,metric_score,-0.0581385667558727,11
price_family_ma6_structural_linked,alameda_county_ca__county,2017-12-31,payment_burden,0.1100345712055314,0.057636621635652655,metric_score,-0.05239794956987874,12
price_family_ma6_structural_linked,alameda_county_ca__county,2018-01-31,payment_burden,0.25690111052353254,-0.023785675232367437,metric_score,-0.2806867857559,1
price_family_ma6_structural_linked,alameda_county_ca__county,2018-02-28,payment_burden,-0.3956326616668173,-0.35402427637721756,metric_score,0.04160838528959976,2
price_family_ma6_structural_linked,alameda_county_ca__county,2018-03-31,payment_burden,-0.7863369963369964,-0.7556864754098361,metric_score,0.030650520927160252,3
price_family_ma6_structural_linked,alameda_county_ca__county,2018-04-30,payment_burden,-0.7830424528301887,-0.8413694461351187,metric_score,-0.058326993304929964,4
price_family_ma6_structural_linked,alameda_county_ca__county,2018-05-31,payment_burden,-0.8064102564102563,-0.8312698412698413,metric_score,-0.02485958485958495,5
price_family_ma6_structural_linked,alameda_county_ca__county,2018-06-30,payment_burden,-0.7875757575757575,-0.8386363636363636,metric_score,-0.05106060606060614,6
price_family_ma6_structural_linked,alameda_county_ca__county,2018-07-31,payment_burden,-0.47783770224507705,-0.8028571428571428,metric_score,-0.3250194406120658,7
price_family_ma6_structural_linked,alameda_county_ca__county,2018-08-31,payment_burden,-0.6054381477991655,-0.7966985645933015,metric_score,-0.19126041679413597,8
price_family_ma6_structural_linked,alameda_county_ca__county,2018-09-30,payment_burden,-0.5410651816948668,-0.7802727740607308,metric_score,-0.23920759236586397,9
price_family_ma6_structural_linked,alameda_county_ca__county,2018-10-31,payment_burden,-0.6725164546601643,-0.783519441674975,metric_score,-0.1110029870148107,10
price_family_ma6_structural_linked,alameda_county_ca__county,2018-11-30,payment_burden,-0.5534585289514866,-0.6990096618357489,metric_score,-0.14555113288426225,11
price_family_ma6_structural_linked,alameda_county_ca__county,2018-12-31,payment_burden,0.18303640492052803,-0.37530396843219654,metric_score,-0.5583403733527246,12
price_family_ma6_structural_linked,alameda_county_ca__county,2019-01-31,payment_burden,0.44285151258195893,-0.08941758660068516,metric_score,-0.5322690991826441,1
price_family_ma6_structural_linked,alameda_county_ca__county,2019-02-28,payment_burden,0.22023166023166035,0.2592063492063492,metric_score,0.038974688974688865,2
price_family_ma6_structural_linked,alameda_county_ca__county,2019-03-31,payment_burden,0.046962719298245637,0.32836833093006484,metric_score,0.2814056116318192,3
price_family_ma6_structural_linked,alameda_county_ca__county,2019-04-30,payment_burden,0.19616909406383093,0.4010184410184411,metric_score,0.20484934695461016,4
price_family_ma6_structural_linked,alameda_county_ca__county,2019-05-31,payment_burden,0.03399933399933397,0.39706293706293705,metric_score,0.3630636030636031,5
price_family_ma6_structural_linked,alameda_county_ca__county,2019-06-30,payment_burden,0.2832875544381307,0.46806009923732433,metric_score,0.18477254479919364,6
price_family_ma6_structural_linked,alameda_county_ca__county,2019-07-31,payment_burden,0.38583395383469843,0.37072192513368984,metric_score,-0.015112028701008584,7
price_family_ma6_structural_linked,alameda_county_ca__county,2019-08-31,payment_burden,0.613966720343532,0.42074404393244985,metric_score,-0.1932226764110821,8
price_family_ma6_structural_linked,alameda_county_ca__county,2019-09-30,payment_burden,0.6790932163289887,0.40464252635293085,metric_score,-0.2744506899760578,9
price_family_ma6_structural_linked,alameda_county_ca__county,2019-10-31,payment_burden,0.31923861712738966,0.2823324283047684,metric_score,-0.036906188822621255,10
price_family_ma6_structural_linked,alameda_county_ca__county,2019-11-30,payment_burden,0.7050917957544464,0.3763227513227514,metric_score,-0.32876904443169497,11
price_family_ma6_structural_linked,alameda_county_ca__county,2019-12-31,payment_burden,0.7832661831856029,0.740539690650734,metric_score,-0.04272649253486893,12
price_family_ma6_structural_linked,alameda_county_ca__county,2020-01-31,payment_burden,0.7834251488150257,0.7618653116551688,metric_score,-0.021559837159856876,1
price_family_ma6_structural_linked,alameda_county_ca__county,2020-02-29,payment_burden,0.5871970061480888,0.8202364532019705,metric_score,0.2330394470538817,2
price_family_ma6_structural_linked,alameda_county_ca__county,2020-03-31,payment_burden,0.47647115437496557,0.7274162679425837,metric_score,0.25094511356761817,3
price_family_ma6_structural_linked,alameda_county_ca__county,2020-04-30,payment_burden,0.28807091784619876,0.7034678412781366,metric_score,0.4153969234319378,4
price_family_ma6_structural_linked,alameda_county_ca__county,2020-05-31,payment_burden,0.7890521463555171,0.6624815797229591,metric_score,-0.12657056663255806,5
price_family_ma6_structural_linked,alameda_county_ca__county,2020-06-30,payment_burden,0.4114242438293071,0.5735410159460793,metric_score,0.16211677211677222,6
price_family_ma6_structural_linked,alameda_county_ca__county,2020-07-31,payment_burden,0.6525967510750119,0.5450732779677576,metric_score,-0.1075234731072543,7
price_family_ma6_structural_linked,alameda_county_ca__county,2020-08-31,payment_burden,0.39666510830606194,0.506857825567503,metric_score,0.11019271726144109,8
price_family_ma6_structural_linked,alameda_county_ca__county,2020-09-30,payment_burden,0.4084938982540134,0.4599445702196092,metric_score,0.05145067196559583,9
price_family_ma6_structural_linked,alameda_county_ca__county,2020-10-31,payment_burden,0.6126067540036968,0.5274930385156186,metric_score,-0.08511371548807822,10
price_family_ma6_structural_linked,alameda_county_ca__county,2020-11-30,payment_burden,0.4709335839598997,0.5319316436251921,metric_score,0.06099805966529237,11
price_family_ma6_structural_linked,alameda_county_ca__county,2020-12-31,payment_burden,0.2710693349504751,0.31818432834858,metric_score,0.04711499339810493,12
price_family_ma6_structural_linked,alameda_county_ca__county,2021-01-31,payment_burden,0.3023931030096046,0.1600264781555217,metric_score,-0.14236662485408288,1
price_family_ma6_structural_linked,alameda_county_ca__county,2021-02-28,payment_burden,-0.11573013740501426,0.0020855102751653753,metric_score,0.11781564768017963,2
price_family_ma6_structural_linked,alameda_county_ca__county,2021-03-31,payment_burden,-0.6133333333333333,-0.28174789128397376,metric_score,0.3315854420493595,3
price_family_ma6_structural_linked,alameda_county_ca__county,2021-04-30,payment_burden,-0.8504416509066637,-0.5461555052547218,metric_score,0.3042861456519419,4
price_family_ma6_structural_linked,alameda_county_ca__county,2021-05-31,payment_burden,-0.78130460104834,-0.6465002970885324,metric_score,0.13480430395980758,5
price_family_ma6_structural_linked,alameda_county_ca__county,2021-06-30,payment_burden,-0.68669122615439,-0.7959347060706286,metric_score,-0.1092434799162385,6
price_family_ma6_structural_linked,alameda_county_ca__county,2021-07-31,payment_burden,-0.6122885345975257,-0.8149251630848704,metric_score,-0.20263662848734465,7
price_family_ma6_structural_linked,alameda_county_ca__county,2021-08-31,payment_burden,-0.6167021150892118,-0.8514864010120177,metric_score,-0.23478428592280587,8
price_family_ma6_structural_linked,alameda_county_ca__county,2021-09-30,payment_burden,-0.49171378868689186,-0.8274284511620474,metric_score,-0.3357146624751556,9
price_family_ma6_structural_linked,alameda_county_ca__county,2021-10-31,payment_burden,-0.7322310183853213,-0.8422993681183548,metric_score,-0.11006834973303348,10
price_family_ma6_structural_linked,alameda_county_ca__county,2021-11-30,payment_burden,-0.51750822083766,-0.7504828042328043,metric_score,-0.23297458339514432,11
price_family_ma6_structural_linked,alameda_county_ca__county,2021-12-31,payment_burden,-0.02001674425773539,-0.47579327193331544,metric_score,-0.4557765276755801,12
price_family_ma6_structural_linked,alameda_county_ca__county,2022-01-31,payment_burden,-0.6015591223979166,-0.5239869609696045,metric_score,0.07757216142831214,1
price_family_ma6_structural_linked,alameda_county_ca__county,2022-02-28,payment_burden,-0.9524242424242424,-0.681890981890982,metric_score,0.27053326053326043,2
price_family_ma6_structural_linked,alameda_county_ca__county,2022-03-31,payment_burden,-0.9575855855855855,-0.923651376146789,metric_score,0.03393420943879644,3
price_family_ma6_structural_linked,alameda_county_ca__county,2022-04-30,payment_burden,-0.98,-0.9708460846084608,metric_score,0.009153915391539202,4
price_family_ma6_structural_linked,alameda_county_ca__county,2022-05-31,payment_burden,-0.8530265486725663,-0.98,metric_score,-0.12697345132743365,5
price_family_ma6_structural_linked,alameda_county_ca__county,2022-06-30,payment_burden,-0.7432617952648612,-0.9732857142857143,metric_score,-0.23002391902085306,6
price_family_ma6_structural_linked,alameda_county_ca__county,2022-07-31,payment_burden,-0.5569138507669242,-0.952141592920354,metric_score,-0.3952277421534298,7
price_family_ma6_structural_linked,alameda_county_ca__county,2022-08-31,payment_burden,-0.48364447812723677,-0.8012518475676369,metric_score,-0.31760736944040013,8
price_family_ma6_structural_linked,alameda_county_ca__county,2022-09-30,payment_burden,-0.8512653781921451,-0.8587826086956523,metric_score,-0.007517230503507166,9
price_family_ma6_structural_linked,alameda_county_ca__county,2022-10-31,payment_burden,-0.9738305084745762,-0.9426206896551723,metric_score,0.03120981881940388,10
price_family_ma6_structural_linked,alameda_county_ca__county,2022-11-30,payment_burden,-0.5758636788048552,-0.9075213675213676,metric_score,-0.33165768871651236,11
price_family_ma6_structural_linked,alameda_county_ca__county,2022-12-31,payment_burden,-0.43542201834862393,-0.4492599388379205,metric_score,-0.013837920489296551,12
price_family_ma6_structural_linked,alameda_county_ca__county,2023-01-31,payment_burden,-0.39303030303030306,-0.39263636363636367,metric_score,0.0003939393939393909,1
price_family_ma6_structural_linked,alameda_county_ca__county,2023-02-28,payment_burden,-0.2779279279279279,-0.32333333333333325,metric_score,-0.04540540540540533,2
price_family_ma6_structural_linked,alameda_county_ca__county,2023-03-31,payment_burden,-0.5911904761904762,-0.3739285714285715,metric_score,0.21726190476190466,3
price_family_ma6_structural_linked,alameda_county_ca__county,2023-04-30,payment_burden,-0.23007374631268435,-0.14317109144542778,metric_score,0.08690265486725657,4
price_family_ma6_structural_linked,alameda_county_ca__county,2023-05-31,payment_burden,-0.38421052631578945,-0.26254385964912286,metric_score,0.12166666666666659,5
price_family_ma6_structural_linked,alameda_county_ca__county,2023-06-30,payment_burden,-0.26579710144927526,-0.29471014492753617,metric_score,-0.028913043478260902,6
price_family_ma6_structural_linked,alameda_county_ca__county,2023-07-31,payment_burden,-0.46293103448275863,-0.43396551724137933,metric_score,0.0289655172413793,7
price_family_ma6_structural_linked,alameda_county_ca__county,2023-08-31,payment_burden,-0.6085897435897436,-0.5366666666666665,metric_score,0.07192307692307709,8
price_family_ma6_structural_linked,alameda_county_ca__county,2023-09-30,payment_burden,-0.7084463276836158,-0.4587853107344633,metric_score,0.2496610169491525,9
price_family_ma6_structural_linked,alameda_county_ca__county,2023-10-31,payment_burden,-0.4064705882352941,-0.4777170868347339,metric_score,-0.07124649859943982,10
price_family_ma6_structural_linked,alameda_county_ca__county,2023-11-30,payment_burden,-0.43000000000000005,-0.42000000000000004,metric_score,0.010000000000000009,11
price_family_ma6_structural_linked,alameda_county_ca__county,2023-12-31,payment_burden,-0.32833333333333325,-0.42999999999999994,metric_score,-0.10166666666666668,12
price_family_ma6_structural_linked,alameda_county_ca__county,2024-01-31,payment_burden,-0.2833333333333334,-0.35333333333333333,metric_score,-0.06999999999999995,1
price_family_ma6_structural_linked,alameda_county_ca__county,2024-02-29,payment_burden,-0.8766666666666667,-0.43333333333333324,metric_score,0.44333333333333347,2
price_family_ma6_structural_linked,alameda_county_ca__county,2024-03-31,payment_burden,-0.8600000000000001,-0.5016666666666667,metric_score,0.3583333333333334,3
price_family_ma6_structural_linked,alameda_county_ca__county,2024-04-30,payment_burden,-0.8816666666666667,-0.7883333333333332,metric_score,0.09333333333333349,4
price_family_ma6_structural_linked,alameda_county_ca__county,2024-05-31,payment_burden,-0.6516666666666666,-0.825,metric_score,-0.17333333333333334,5
price_family_ma6_structural_linked,alameda_county_ca__county,2024-06-30,payment_burden,-0.6533333333333332,-0.8083333333333332,metric_score,-0.15500000000000003,6
price_family_ma6_structural_linked,alameda_county_ca__county,2024-07-31,payment_burden,-0.3699999999999999,-0.75,metric_score,-0.3800000000000001,7
price_family_ma6_structural_linked,alameda_county_ca__county,2024-08-31,payment_burden,-0.02166666666666664,-0.41500000000000004,metric_score,-0.3933333333333334,8
price_family_ma6_structural_linked,alameda_county_ca__county,2024-09-30,payment_burden,-0.12833333333333338,-0.14166666666666672,metric_score,-0.013333333333333336,9
price_family_ma6_structural_linked,alameda_county_ca__county,2024-10-31,payment_burden,-0.23333333333333342,-0.08500000000000008,metric_score,0.14833333333333334,10
price_family_ma6_structural_linked,alameda_county_ca__county,2024-11-30,payment_burden,-0.4516666666666667,-0.2833333333333333,metric_score,0.1683333333333334,11
price_family_ma6_structural_linked,alameda_county_ca__county,2024-12-31,payment_burden,0.09499999999999997,0.02333333333333326,metric_score,-0.07166666666666671,12
price_family_ma6_structural_linked,alameda_county_ca__county,2025-01-31,payment_burden,0.18500000000000003,-0.003333333333333355,metric_score,-0.18833333333333338,1
price_family_ma6_structural_linked,alameda_county_ca__county,2025-02-28,payment_burden,-0.3676666666666666,0.061666666666666675,metric_score,0.42933333333333323,2
price_family_ma6_structural_linked,alameda_county_ca__county,2025-03-31,payment_burden,-0.3233333333333333,0.006666666666666682,metric_score,0.32999999999999996,3
price_family_ma6_structural_linked,alameda_county_ca__county,2025-04-30,payment_burden,-0.038333333333333275,-0.06166666666666662,metric_score,-0.023333333333333345,4
price_family_ma6_structural_linked,alameda_county_ca__county,2025-05-31,payment_burden,-0.10999999999999999,-0.11333333333333337,metric_score,-0.0033333333333333826,5
price_family_ma6_structural_linked,alameda_county_ca__county,2025-06-30,payment_burden,0.06833333333333325,-0.15333333333333338,metric_score,-0.22166666666666662,6
price_family_ma6_structural_linked,alameda_county_ca__county,2025-07-31,payment_burden,0.17666666666666658,-0.15333333333333335,metric_score,-0.32999999999999996,7
price_family_ma6_structural_linked,alameda_county_ca__county,2025-08-31,payment_burden,0.11333333333333337,-0.04833333333333337,metric_score,-0.16166666666666674,8
price_family_ma6_structural_linked,alameda_county_ca__county,2025-09-30,payment_burden,0.004999999999999977,0.11999999999999997,metric_score,0.11499999999999999,9
price_family_ma6_structural_linked,alameda_county_ca__county,2025-10-31,payment_burden,-0.1683333333333334,0.21499999999999997,metric_score,0.38333333333333336,10
price_family_ma6_structural_linked,alameda_county_ca__county,2025-11-30,payment_burden,0.32399999999999995,0.27,metric_score,-0.05399999999999994,11
price_family_ma6_structural_linked,alameda_county_ca__county,2025-12-31,payment_burden,0.27333333333333343,0.20000000000000004,metric_score,-0.07333333333333339,12
price_family_ma6_structural_linked,alameda_county_ca__county,2026-01-31,payment_burden,0.23666666666666664,0.2666666666666666,metric_score,0.02999999999999997,1
price_family_ma6_structural_linked,alameda_county_ca__county,2026-02-28,payment_burden,-0.10666666666666663,0.25500000000000006,metric_score,0.3616666666666667,2
price_family_ma6_structural_linked,alameda_county_ca__county,2026-03-31,payment_burden,-0.17333333333333342,0.08000000000000003,metric_score,0.25333333333333347,3
price_family_ma6_structural_linked,alameda_county_ca__county,2026-04-30,payment_burden,-0.08166666666666678,-0.04000000000000001,metric_score,0.04166666666666677,4
price_family_ma6_structural_linked,alameda_county_ca__county,2026-05-31,payment_burden,-0.5566666666666666,-0.24166666666666664,metric_score,0.315,5
price_family_ma6_structural_linked,alameda_county_ca__county,2015-11-30,price_to_income,-0.7222222222222223,-0.8333333333333333,metric_score,-0.11111111111111094,11
price_family_ma6_structural_linked,alameda_county_ca__county,2015-12-31,price_to_income,0.08708708708708705,-0.45945945945945943,metric_score,-0.5465465465465464,12
price_family_ma6_structural_linked,alameda_county_ca__county,2016-01-31,price_to_income,0.10912416175574077,-0.42105263157894735,metric_score,-0.5301767933346881,1
price_family_ma6_structural_linked,alameda_county_ca__county,2016-02-29,price_to_income,-0.024869866975130127,-0.031746031746031675,metric_score,-0.006876164770901548,2
price_family_ma6_structural_linked,alameda_county_ca__county,2016-03-31,price_to_income,-0.41849816849816857,-0.22104247104247102,metric_score,0.19745569745569755,3
price_family_ma6_structural_linked,alameda_county_ca__county,2016-04-30,price_to_income,-0.82404181184669,-0.3706216761415736,metric_score,0.4534201357051164,4
price_family_ma6_structural_linked,alameda_county_ca__county,2016-05-31,price_to_income,-0.8463414634146341,-0.44950287807430667,metric_score,0.39683858534032745,5
price_family_ma6_structural_linked,alameda_county_ca__county,2016-06-30,price_to_income,-0.4513526340768866,-0.624252491694352,metric_score,-0.17289985761746546,6
price_family_ma6_structural_linked,alameda_county_ca__county,2016-07-31,price_to_income,-0.6559951676230746,-0.6471333544504276,metric_score,0.008861813172647004,7
price_family_ma6_structural_linked,alameda_county_ca__county,2016-08-31,price_to_income,-0.3621933621933622,-0.7272108843537416,metric_score,-0.3650175221603794,8
price_family_ma6_structural_linked,alameda_county_ca__county,2016-09-30,price_to_income,-0.03326432022084198,-0.6800664451827243,metric_score,-0.6468021249618823,9
price_family_ma6_structural_linked,alameda_county_ca__county,2016-10-31,price_to_income,-0.6077705827937095,-0.6319425255595469,metric_score,-0.02417194276583734,10
price_family_ma6_structural_linked,alameda_county_ca__county,2016-11-30,price_to_income,-0.5773936170212766,-0.14944444444444455,metric_score,0.427949172576832,11
price_family_ma6_structural_linked,alameda_county_ca__county,2016-12-31,price_to_income,0.6693280014708587,0.45618839780330467,metric_score,-0.21313960366755402,12
price_family_ma6_structural_linked,alameda_county_ca__county,2017-01-31,price_to_income,0.5496455424274973,0.46718924972004483,metric_score,-0.08245629270745247,1
price_family_ma6_structural_linked,alameda_county_ca__county,2017-02-28,price_to_income,0.1870889894419306,0.4819758672699849,metric_score,0.29488687782805434,2
price_family_ma6_structural_linked,alameda_county_ca__county,2017-03-31,price_to_income,-0.18324283559577673,0.23536891679748823,metric_score,0.418611752393265,3
price_family_ma6_structural_linked,alameda_county_ca__county,2017-04-30,price_to_income,-0.2333781726786789,0.14192360791532443,metric_score,0.3753017805940033,4
price_family_ma6_structural_linked,alameda_county_ca__county,2017-05-31,price_to_income,0.1881301786962164,0.05941487706193588,metric_score,-0.12871530163428052,5
price_family_ma6_structural_linked,alameda_county_ca__county,2017-06-30,price_to_income,-0.6041257536606375,-0.10187022280045543,metric_score,0.502255530860182,6
price_family_ma6_structural_linked,alameda_county_ca__county,2017-07-31,price_to_income,-0.1982467532467532,-0.24271624601813285,metric_score,-0.044469492771379654,7
price_family_ma6_structural_linked,alameda_county_ca__county,2017-08-31,price_to_income,0.015213032581453678,-0.3683430799220272,metric_score,-0.3835561125034809,8
price_family_ma6_structural_linked,alameda_county_ca__county,2017-09-30,price_to_income,0.08022304637155107,-0.28115305983371947,metric_score,-0.36137610620527055,9
price_family_ma6_structural_linked,alameda_county_ca__county,2017-10-31,price_to_income,-0.5355061740676723,-0.2850986554015764,metric_score,0.2504075186660959,10
price_family_ma6_structural_linked,alameda_county_ca__county,2017-11-30,price_to_income,-0.20805084745762709,-0.28035087719298246,metric_score,-0.07230002973535538,11
price_family_ma6_structural_linked,alameda_county_ca__county,2017-12-31,price_to_income,0.05295862607338017,0.014206112066081373,metric_score,-0.0387525140072988,12
price_family_ma6_structural_linked,alameda_county_ca__county,2018-01-31,price_to_income,0.2285732416710735,0.015639147074904297,metric_score,-0.21293409459616922,1
price_family_ma6_structural_linked,alameda_county_ca__county,2018-02-28,price_to_income,0.040432517092858694,0.01564892623716161,metric_score,-0.024783590855697084,2
price_family_ma6_structural_linked,alameda_county_ca__county,2018-03-31,price_to_income,-0.4037889194139195,-0.11205075662042875,metric_score,0.29173816279349074,3
price_family_ma6_structural_linked,alameda_county_ca__county,2018-04-30,price_to_income,-0.6061411465892598,-0.1834542815674891,metric_score,0.42268686502177066,4
price_family_ma6_structural_linked,alameda_county_ca__county,2018-05-31,price_to_income,-0.6756410256410256,-0.46565656565656566,metric_score,0.20998445998445991,5
price_family_ma6_structural_linked,alameda_county_ca__county,2018-06-30,price_to_income,-0.67,-0.5751068521031207,metric_score,0.0948931478968793,6
price_family_ma6_structural_linked,alameda_county_ca__county,2018-07-31,price_to_income,-0.2588078514988084,-0.6084065934065935,metric_score,-0.3495987419077851,7
price_family_ma6_structural_linked,alameda_county_ca__county,2018-08-31,price_to_income,-0.3226993314488266,-0.6298724082934609,metric_score,-0.3071730768446343,8
price_family_ma6_structural_linked,alameda_county_ca__county,2018-09-30,price_to_income,-0.08078103805240229,-0.5065208440555842,metric_score,-0.4257398060031819,9
price_family_ma6_structural_linked,alameda_county_ca__county,2018-10-31,price_to_income,-0.04709340790505745,-0.3383314844199795,metric_score,-0.29123807651492206,10
price_family_ma6_structural_linked,alameda_county_ca__county,2018-11-30,price_to_income,0.15375586854460094,-0.22688405797101452,metric_score,-0.38063992651561546,11
price_family_ma6_structural_linked,alameda_county_ca__county,2018-12-31,price_to_income,0.6678468947276492,0.26435468865291456,metric_score,-0.4034922060747347,12
price_family_ma6_structural_linked,alameda_county_ca__county,2019-01-31,price_to_income,0.6802319332146993,0.4405859744342252,metric_score,-0.23964595878047412,1
price_family_ma6_structural_linked,alameda_county_ca__county,2019-02-28,price_to_income,0.3255598455598455,0.5317460317460317,metric_score,0.20618618618618623,2
price_family_ma6_structural_linked,alameda_county_ca__county,2019-03-31,price_to_income,0.18162280701754382,0.49725802090843546,metric_score,0.31563521389089166,3
price_family_ma6_structural_linked,alameda_county_ca__county,2019-04-30,price_to_income,0.2421704611178296,0.48006372006372006,metric_score,0.23789325894589045,4
price_family_ma6_structural_linked,alameda_county_ca__county,2019-05-31,price_to_income,0.12957042957042958,0.4131655011655011,metric_score,0.2835950715950715,5
price_family_ma6_structural_linked,alameda_county_ca__county,2019-06-30,price_to_income,0.07913305914439481,0.21616136506010908,metric_score,0.13702830591571427,6
price_family_ma6_structural_linked,alameda_county_ca__county,2019-07-31,price_to_income,0.24417349218168288,0.09913101604278082,metric_score,-0.14504247613890206,7
price_family_ma6_structural_linked,alameda_county_ca__county,2019-08-31,price_to_income,0.34404455179817495,-0.019141995953590174,metric_score,-0.3631865477517651,8
price_family_ma6_structural_linked,alameda_county_ca__county,2019-09-30,price_to_income,0.46581494386372435,0.06432143959775949,metric_score,-0.40149350426596486,9
price_family_ma6_structural_linked,alameda_county_ca__county,2019-10-31,price_to_income,0.11222657721231884,0.08470812828779908,metric_score,-0.027518448924519753,10
price_family_ma6_structural_linked,alameda_county_ca__county,2019-11-30,price_to_income,0.521873207114171,0.20529100529100525,metric_score,-0.3165822018231657,11
price_family_ma6_structural_linked,alameda_county_ca__county,2019-12-31,price_to_income,0.6117186600667665,0.5982350975806293,metric_score,-0.013483562486137135,12
price_family_ma6_structural_linked,alameda_county_ca__county,2020-01-31,price_to_income,0.6661566902059378,0.6278395795627514,metric_score,-0.038317110643186436,1
price_family_ma6_structural_linked,alameda_county_ca__county,2020-02-29,price_to_income,0.3536209569633788,0.6230016420361247,metric_score,0.26938068507274593,2
price_family_ma6_structural_linked,alameda_county_ca__county,2020-03-31,price_to_income,0.225596711213771,0.5356642274134534,metric_score,0.3100675161996824,3
price_family_ma6_structural_linked,alameda_county_ca__county,2020-04-30,price_to_income,-0.3091419816138917,0.3842764499675918,metric_score,0.6934184315814835,4
price_family_ma6_structural_linked,alameda_county_ca__county,2020-05-31,price_to_income,0.5127628925381734,0.28219864426760966,metric_score,-0.23056424827056377,5
price_family_ma6_structural_linked,alameda_county_ca__county,2020-06-30,price_to_income,-0.053266564658969756,0.18167022850567152,metric_score,0.23493679316464128,6
price_family_ma6_structural_linked,alameda_county_ca__county,2020-07-31,price_to_income,0.15191471571906356,0.006130923302393759,metric_score,-0.1457837924166698,7
price_family_ma6_structural_linked,alameda_county_ca__county,2020-08-31,price_to_income,-0.23964988831748998,-0.12626045400238953,metric_score,0.11338943431510046,8
price_family_ma6_structural_linked,alameda_county_ca__county,2020-09-30,price_to_income,-0.3668441111315711,-0.25977292038527117,metric_score,0.10707119074629995,9
price_family_ma6_structural_linked,alameda_county_ca__county,2020-10-31,price_to_income,-0.01278484599090652,-0.176499131537592,metric_score,-0.1637142855466855,10
price_family_ma6_structural_linked,alameda_county_ca__county,2020-11-30,price_to_income,-0.4045394736842105,-0.2648137480798771,metric_score,0.13972572560433338,11
price_family_ma6_structural_linked,alameda_county_ca__county,2020-12-31,price_to_income,-0.6725667070952093,-0.7384447053662438,metric_score,-0.06587799827103458,12
price_family_ma6_structural_linked,alameda_county_ca__county,2021-01-31,price_to_income,-0.4202941593803669,-0.7566457672420254,metric_score,-0.33635160786165846,1
price_family_ma6_structural_linked,alameda_county_ca__county,2021-02-28,price_to_income,-0.8291145089174646,-0.7234892023685127,metric_score,0.10562530654895197,2
price_family_ma6_structural_linked,alameda_county_ca__county,2021-03-31,price_to_income,-0.9291414141414142,-0.6713448922211809,metric_score,0.2577965219202333,3
price_family_ma6_structural_linked,alameda_county_ca__county,2021-04-30,price_to_income,-0.9577752808988764,-0.7917885806007796,metric_score,0.1659867002980968,4
price_family_ma6_structural_linked,alameda_county_ca__county,2021-05-31,price_to_income,-0.9285544554455445,-0.9041414141414141,metric_score,0.024413041304130356,5
price_family_ma6_structural_linked,alameda_county_ca__county,2021-06-30,price_to_income,-0.7572053436759318,-0.9356263736263737,metric_score,-0.17842102995044185,6
price_family_ma6_structural_linked,alameda_county_ca__county,2021-07-31,price_to_income,-0.7854200084423807,-0.9545931984502798,metric_score,-0.1691731900078991,7
price_family_ma6_structural_linked,alameda_county_ca__county,2021-08-31,price_to_income,-0.7257320099255584,-0.9471157495256167,metric_score,-0.2213837396000583,8
price_family_ma6_structural_linked,alameda_county_ca__county,2021-09-30,price_to_income,-0.5747261570224236,-0.9139826482131791,metric_score,-0.3392564911907555,9
price_family_ma6_structural_linked,alameda_county_ca__county,2021-10-31,price_to_income,-0.7398164252104428,-0.8248987854251013,metric_score,-0.08508236021465854,10
price_family_ma6_structural_linked,alameda_county_ca__county,2021-11-30,price_to_income,-0.580367341640706,-0.6648148148148147,metric_score,-0.08444747317410872,11
price_family_ma6_structural_linked,alameda_county_ca__county,2021-12-31,price_to_income,-0.31276241719824427,-0.49215606145236446,metric_score,-0.1793936442541202,12
price_family_ma6_structural_linked,alameda_county_ca__county,2022-01-31,price_to_income,-0.5186958519854982,-0.4366688051601269,metric_score,0.08202704682537126,1
price_family_ma6_structural_linked,alameda_county_ca__county,2022-02-28,price_to_income,-0.8235217035217035,-0.4335699335699335,metric_score,0.38995176995177,2
price_family_ma6_structural_linked,alameda_county_ca__county,2022-03-31,price_to_income,-0.8327567567567568,-0.5331992136304062,metric_score,0.2995575431263505,3
price_family_ma6_structural_linked,alameda_county_ca__county,2022-04-30,price_to_income,-0.8687835926449787,-0.6788771974542587,metric_score,0.18990639519072006,4
price_family_ma6_structural_linked,alameda_county_ca__county,2022-05-31,price_to_income,-0.6093649141072358,-0.7725713329428501,metric_score,-0.16320641883561426,5
price_family_ma6_structural_linked,alameda_county_ca__county,2022-06-30,price_to_income,-0.3602615656913495,-0.7840360610263523,metric_score,-0.4237744953350028,6
price_family_ma6_structural_linked,alameda_county_ca__county,2022-07-31,price_to_income,-0.05060777303655867,-0.7522872702518719,metric_score,-0.7016794972153133,7
price_family_ma6_structural_linked,alameda_county_ca__county,2022-08-31,price_to_income,0.07719506547092753,-0.5872932330827068,metric_score,-0.6644882985536342,8
price_family_ma6_structural_linked,alameda_county_ca__county,2022-09-30,price_to_income,0.10046095900333182,-0.2905401760264734,metric_score,-0.39100113502980527,9
price_family_ma6_structural_linked,alameda_county_ca__county,2022-10-31,price_to_income,-0.3179620018449325,-0.11238134957495738,metric_score,0.20558065226997513,10
price_family_ma6_structural_linked,alameda_county_ca__county,2022-11-30,price_to_income,0.08408029878618117,0.01239316239316235,metric_score,-0.07168713639301882,11
price_family_ma6_structural_linked,alameda_county_ca__county,2022-12-31,price_to_income,0.7483333333333333,0.3483333333333333,metric_score,-0.4,12
price_family_ma6_structural_linked,alameda_county_ca__county,2023-01-31,price_to_income,0.794,0.5066666666666666,metric_score,-0.28733333333333344,1
price_family_ma6_structural_linked,alameda_county_ca__county,2023-02-28,price_to_income,0.6673333333333333,0.609,metric_score,-0.05833333333333335,2
price_family_ma6_structural_linked,alameda_county_ca__county,2023-03-31,price_to_income,0.1516190476190476,0.4839999999999999,metric_score,0.3323809523809523,3
price_family_ma6_structural_linked,alameda_county_ca__county,2023-04-30,price_to_income,0.04604719764011794,0.504,metric_score,0.45795280235988206,4
price_family_ma6_structural_linked,alameda_county_ca__county,2023-05-31,price_to_income,-0.17271929824561405,0.34566666666666673,metric_score,0.5183859649122808,5
price_family_ma6_structural_linked,alameda_county_ca__county,2023-06-30,price_to_income,0.14557971014492754,0.17566666666666664,metric_score,0.030086956521739094,6
price_family_ma6_structural_linked,alameda_county_ca__county,2023-07-31,price_to_income,-0.04137931034482767,-0.0005172413793103625,metric_score,0.040862068965517306,7
price_family_ma6_structural_linked,alameda_county_ca__county,2023-08-31,price_to_income,0.0785897435897436,-0.16230769230769226,metric_score,-0.24089743589743587,8
price_family_ma6_structural_linked,alameda_county_ca__county,2023-09-30,price_to_income,-0.30838983050847457,-0.1790112994350283,metric_score,0.12937853107344627,9
price_family_ma6_structural_linked,alameda_county_ca__county,2023-10-31,price_to_income,0.10782913165266114,-0.12379551820728293,metric_score,-0.23162464985994408,10
price_family_ma6_structural_linked,alameda_county_ca__county,2023-11-30,price_to_income,-0.2,-0.046666666666666745,metric_score,0.15333333333333327,11
price_family_ma6_structural_linked,alameda_county_ca__county,2023-12-31,price_to_income,0.16333333333333336,-0.3966666666666666,metric_score,-0.5599999999999999,12
price_family_ma6_structural_linked,alameda_county_ca__county,2024-01-31,price_to_income,0.3666666666666667,-0.29999999999999993,metric_score,-0.6666666666666666,1
price_family_ma6_structural_linked,alameda_county_ca__county,2024-02-29,price_to_income,-0.7876666666666666,-0.3383333333333334,metric_score,0.44933333333333325,2
price_family_ma6_structural_linked,alameda_county_ca__county,2024-03-31,price_to_income,-0.8049999999999999,-0.43166666666666664,metric_score,0.3733333333333333,3
price_family_ma6_structural_linked,alameda_county_ca__county,2024-04-30,price_to_income,-0.7766666666666666,-0.6116666666666666,metric_score,0.16500000000000004,4
price_family_ma6_structural_linked,alameda_county_ca__county,2024-05-31,price_to_income,-0.51,-0.6833333333333333,metric_score,-0.17333333333333334,5
price_family_ma6_structural_linked,alameda_county_ca__county,2024-06-30,price_to_income,-0.6633333333333333,-0.7516666666666667,metric_score,-0.08833333333333337,6
price_family_ma6_structural_linked,alameda_county_ca__county,2024-07-31,price_to_income,-0.33000000000000007,-0.8116666666666668,metric_score,-0.4816666666666667,7
price_family_ma6_structural_linked,alameda_county_ca__county,2024-08-31,price_to_income,-0.06499999999999992,-0.7183333333333333,metric_score,-0.6533333333333333,8
price_family_ma6_structural_linked,alameda_county_ca__county,2024-09-30,price_to_income,-0.3833333333333334,-0.5,metric_score,-0.11666666666666659,9
price_family_ma6_structural_linked,alameda_county_ca__county,2024-10-31,price_to_income,-0.3466666666666666,-0.35833333333333334,metric_score,-0.011666666666666714,10
price_family_ma6_structural_linked,alameda_county_ca__county,2024-11-30,price_to_income,-0.4683333333333333,-0.32666666666666677,metric_score,0.14166666666666655,11
price_family_ma6_structural_linked,alameda_county_ca__county,2024-12-31,price_to_income,0.6883333333333335,0.38166666666666665,metric_score,-0.3066666666666668,12
price_family_ma6_structural_linked,alameda_county_ca__county,2025-01-31,price_to_income,0.9249999999999999,0.5733333333333334,metric_score,-0.35166666666666657,1
price_family_ma6_structural_linked,alameda_county_ca__county,2025-02-28,price_to_income,-0.032666666666666705,0.5299999999999999,metric_score,0.5626666666666666,2
price_family_ma6_structural_linked,alameda_county_ca__county,2025-03-31,price_to_income,-0.2666666666666667,0.3383333333333334,metric_score,0.6050000000000001,3
price_family_ma6_structural_linked,alameda_county_ca__county,2025-04-30,price_to_income,0.12166666666666659,0.23999999999999996,metric_score,0.11833333333333337,4
price_family_ma6_structural_linked,alameda_county_ca__county,2025-05-31,price_to_income,0.09166666666666662,0.2349999999999999,metric_score,0.14333333333333328,5
price_family_ma6_structural_linked,alameda_county_ca__county,2025-06-30,price_to_income,0.3316666666666667,0.17500000000000002,metric_score,-0.1566666666666667,6
price_family_ma6_structural_linked,alameda_county_ca__county,2025-07-31,price_to_income,0.6516666666666667,-0.006666666666666626,metric_score,-0.6583333333333333,7
price_family_ma6_structural_linked,alameda_county_ca__county,2025-08-31,price_to_income,0.6566666666666666,0.10499999999999998,metric_score,-0.5516666666666666,8
price_family_ma6_structural_linked,alameda_county_ca__county,2025-09-30,price_to_income,0.42666666666666664,0.31,metric_score,-0.11666666666666664,9
price_family_ma6_structural_linked,alameda_county_ca__county,2025-10-31,price_to_income,0.0416666666666666,0.37500000000000006,metric_score,0.3333333333333335,10
price_family_ma6_structural_linked,alameda_county_ca__county,2025-11-30,price_to_income,0.845,0.5133333333333334,metric_score,-0.33166666666666655,11
price_family_ma6_structural_linked,alameda_county_ca__county,2025-12-31,price_to_income,0.785,0.5616666666666668,metric_score,-0.22333333333333327,12
price_family_ma6_structural_linked,alameda_county_ca__county,2026-01-31,price_to_income,0.5233333333333332,0.6516666666666667,metric_score,0.12833333333333352,1
price_family_ma6_structural_linked,alameda_county_ca__county,2026-02-28,price_to_income,0.24,0.6216666666666667,metric_score,0.3816666666666667,2
price_family_ma6_structural_linked,alameda_county_ca__county,2026-03-31,price_to_income,0.07500000000000001,0.5566666666666666,metric_score,0.48166666666666663,3
price_family_ma6_structural_linked,alameda_county_ca__county,2026-04-30,price_to_income,0.21666666666666656,0.5416666666666667,metric_score,0.3250000000000002,4
price_family_ma6_structural_linked,alameda_county_ca__county,2026-05-31,price_to_income,-0.6616666666666666,0.19999999999999996,metric_score,0.8616666666666666,5
price_family_ma6_structural_linked,district_of_columbia_dc__county,2008-12-31,demand,0.98,0.98,axis_score,0.0,12
price_family_ma6_structural_linked,district_of_columbia_dc__county,2009-04-30,demand,-0.03277777777777778,-0.03277777777777778,axis_score,0.0,4
price_family_ma6_structural_linked,district_of_columbia_dc__county,2009-05-31,demand,0.10171921921921921,0.10171921921921921,axis_score,0.0,5
price_family_ma6_structural_linked,district_of_columbia_dc__county,2009-06-30,demand,0.36246756493335447,0.36246756493335447,axis_score,0.0,6
price_family_ma6_structural_linked,district_of_columbia_dc__county,2009-07-31,demand,0.5915088246140878,0.5915088246140878,axis_score,0.0,7
price_family_ma6_structural_linked,district_of_columbia_dc__county,2009-08-31,demand,-0.07748379112194904,-0.07748379112194904,axis_score,0.0,8
price_family_ma6_structural_linked,district_of_columbia_dc__county,2009-09-30,demand,0.030351226330366233,0.030351226330366233,axis_score,0.0,9
price_family_ma6_structural_linked,district_of_columbia_dc__county,2009-10-31,demand,0.31845210796430307,0.31845210796430307,axis_score,0.0,10
price_family_ma6_structural_linked,district_of_columbia_dc__county,2009-11-30,demand,0.3646560936594969,0.3646560936594969,axis_score,0.0,11
price_family_ma6_structural_linked,district_of_columbia_dc__county,2009-12-31,demand,-0.06562444319806296,-0.06562444319806296,axis_score,0.0,12
price_family_ma6_structural_linked,district_of_columbia_dc__county,2010-01-31,demand,0.03882308079210076,0.03882308079210076,axis_score,0.0,1
price_family_ma6_structural_linked,district_of_columbia_dc__county,2010-02-28,demand,-0.011901459282020452,-0.011901459282020452,axis_score,0.0,2
price_family_ma6_structural_linked,district_of_columbia_dc__county,2010-03-31,demand,0.23104915139308455,0.23104915139308455,axis_score,0.0,3
price_family_ma6_structural_linked,district_of_columbia_dc__county,2010-04-30,demand,0.31064542406762957,0.31064542406762957,axis_score,0.0,4
price_family_ma6_structural_linked,district_of_columbia_dc__county,2010-05-31,demand,0.3132762981580352,0.3132762981580352,axis_score,0.0,5
price_family_ma6_structural_linked,district_of_columbia_dc__county,2010-06-30,demand,0.2141492445159392,0.2141492445159392,axis_score,0.0,6
price_family_ma6_structural_linked,district_of_columbia_dc__county,2010-07-31,demand,0.09557425906298454,0.09557425906298454,axis_score,0.0,7
price_family_ma6_structural_linked,district_of_columbia_dc__county,2010-08-31,demand,-0.1291708729300687,-0.1291708729300687,axis_score,0.0,8
price_family_ma6_structural_linked,district_of_columbia_dc__county,2010-09-30,demand,0.16091876099353833,0.16091876099353833,axis_score,0.0,9
price_family_ma6_structural_linked,district_of_columbia_dc__county,2010-10-31,demand,0.07798486338608983,0.07798486338608983,axis_score,0.0,10
price_family_ma6_structural_linked,district_of_columbia_dc__county,2010-11-30,demand,-0.05816041048891148,-0.05816041048891148,axis_score,0.0,11
price_family_ma6_structural_linked,district_of_columbia_dc__county,2010-12-31,demand,0.2052439447938504,0.2052439447938504,axis_score,0.0,12
price_family_ma6_structural_linked,district_of_columbia_dc__county,2011-01-31,demand,0.20901500978093188,0.20901500978093188,axis_score,0.0,1
price_family_ma6_structural_linked,district_of_columbia_dc__county,2011-02-28,demand,0.3656704530807177,0.3656704530807177,axis_score,0.0,2
price_family_ma6_structural_linked,district_of_columbia_dc__county,2011-03-31,demand,0.10856030411468848,0.10856030411468848,axis_score,0.0,3
price_family_ma6_structural_linked,district_of_columbia_dc__county,2011-04-30,demand,0.21384951043822586,0.21384951043822586,axis_score,0.0,4
price_family_ma6_structural_linked,district_of_columbia_dc__county,2011-05-31,demand,0.04619525595985941,0.04619525595985941,axis_score,0.0,5
price_family_ma6_structural_linked,district_of_columbia_dc__county,2011-06-30,demand,0.022629964826062863,0.022629964826062863,axis_score,0.0,6
price_family_ma6_structural_linked,district_of_columbia_dc__county,2011-07-31,demand,0.2956417783573464,0.2956417783573464,axis_score,0.0,7
price_family_ma6_structural_linked,district_of_columbia_dc__county,2011-08-31,demand,0.10871571024377984,0.10871571024377984,axis_score,0.0,8
price_family_ma6_structural_linked,district_of_columbia_dc__county,2011-09-30,demand,0.3569140438592708,0.3569140438592708,axis_score,0.0,9
price_family_ma6_structural_linked,district_of_columbia_dc__county,2011-10-31,demand,0.23600686350686342,0.23600686350686342,axis_score,0.0,10
price_family_ma6_structural_linked,district_of_columbia_dc__county,2011-11-30,demand,0.35508487956737156,0.35508487956737156,axis_score,0.0,11
price_family_ma6_structural_linked,district_of_columbia_dc__county,2011-12-31,demand,0.22933087548487027,0.22933087548487027,axis_score,0.0,12
price_family_ma6_structural_linked,district_of_columbia_dc__county,2012-01-31,demand,0.18151429924882942,0.18151429924882942,axis_score,0.0,1
price_family_ma6_structural_linked,district_of_columbia_dc__county,2012-02-29,demand,0.303011571626495,0.303011571626495,axis_score,0.0,2
price_family_ma6_structural_linked,district_of_columbia_dc__county,2012-03-31,demand,0.3651078957265567,0.3651078957265567,axis_score,0.0,3
price_family_ma6_structural_linked,district_of_columbia_dc__county,2012-04-30,demand,0.47481360939248685,0.47481360939248685,axis_score,0.0,4
price_family_ma6_structural_linked,district_of_columbia_dc__county,2012-05-31,demand,0.4716476192789485,0.4716476192789485,axis_score,0.0,5
price_family_ma6_structural_linked,district_of_columbia_dc__county,2012-06-30,demand,0.4627322320141182,0.4627322320141182,axis_score,0.0,6
price_family_ma6_structural_linked,district_of_columbia_dc__county,2012-07-31,demand,0.4537402123733563,0.4537402123733563,axis_score,0.0,7
price_family_ma6_structural_linked,district_of_columbia_dc__county,2012-08-31,demand,0.2568200124846339,0.2568200124846339,axis_score,0.0,8
price_family_ma6_structural_linked,district_of_columbia_dc__county,2012-09-30,demand,0.5198675332885861,0.5198675332885861,axis_score,0.0,9
price_family_ma6_structural_linked,district_of_columbia_dc__county,2012-10-31,demand,0.47101658559276977,0.47101658559276977,axis_score,0.0,10
price_family_ma6_structural_linked,district_of_columbia_dc__county,2012-11-30,demand,0.4601802923893386,0.4601802923893386,axis_score,0.0,11
price_family_ma6_structural_linked,district_of_columbia_dc__county,2012-12-31,demand,0.4882515602975755,0.4882515602975755,axis_score,0.0,12
price_family_ma6_structural_linked,district_of_columbia_dc__county,2013-01-31,demand,0.4460695994352188,0.4460695994352188,axis_score,0.0,1
price_family_ma6_structural_linked,district_of_columbia_dc__county,2013-02-28,demand,0.5924463076835956,0.5924463076835956,axis_score,0.0,2
price_family_ma6_structural_linked,district_of_columbia_dc__county,2013-03-31,demand,0.513291375227158,0.513291375227158,axis_score,0.0,3
price_family_ma6_structural_linked,district_of_columbia_dc__county,2013-04-30,demand,0.5433889442494105,0.5433889442494105,axis_score,0.0,4
price_family_ma6_structural_linked,district_of_columbia_dc__county,2013-05-31,demand,0.4524408033072438,0.4524408033072438,axis_score,0.0,5
price_family_ma6_structural_linked,district_of_columbia_dc__county,2013-06-30,demand,0.3961266539347803,0.3961266539347803,axis_score,0.0,6
price_family_ma6_structural_linked,district_of_columbia_dc__county,2013-07-31,demand,0.4298897638852314,0.4298897638852314,axis_score,0.0,7
price_family_ma6_structural_linked,district_of_columbia_dc__county,2013-08-31,demand,0.217419296829928,0.217419296829928,axis_score,0.0,8
price_family_ma6_structural_linked,district_of_columbia_dc__county,2013-09-30,demand,0.41162115119584247,0.41162115119584247,axis_score,0.0,9
price_family_ma6_structural_linked,district_of_columbia_dc__county,2013-10-31,demand,0.15999359474738592,0.15999359474738592,axis_score,0.0,10
price_family_ma6_structural_linked,district_of_columbia_dc__county,2013-11-30,demand,0.45577763311049235,0.45577763311049235,axis_score,0.0,11
price_family_ma6_structural_linked,district_of_columbia_dc__county,2013-12-31,demand,0.0440665645646398,0.0440665645646398,axis_score,0.0,12
price_family_ma6_structural_linked,district_of_columbia_dc__county,2014-01-31,demand,0.0227931777782498,0.0227931777782498,axis_score,0.0,1
price_family_ma6_structural_linked,district_of_columbia_dc__county,2014-02-28,demand,0.12808667028260026,0.12808667028260026,axis_score,0.0,2
price_family_ma6_structural_linked,district_of_columbia_dc__county,2014-03-31,demand,0.03561560741939701,0.03561560741939701,axis_score,0.0,3
price_family_ma6_structural_linked,district_of_columbia_dc__county,2014-04-30,demand,0.056596795319346214,0.056596795319346214,axis_score,0.0,4
price_family_ma6_structural_linked,district_of_columbia_dc__county,2014-05-31,demand,0.1858034285654583,0.1858034285654583,axis_score,0.0,5
price_family_ma6_structural_linked,district_of_columbia_dc__county,2014-06-30,demand,0.18140687928736,0.18140687928736,axis_score,0.0,6
price_family_ma6_structural_linked,district_of_columbia_dc__county,2014-07-31,demand,0.2127050149181798,0.2127050149181798,axis_score,0.0,7
price_family_ma6_structural_linked,district_of_columbia_dc__county,2014-08-31,demand,0.10801704339491329,0.10801704339491329,axis_score,0.0,8
price_family_ma6_structural_linked,district_of_columbia_dc__county,2014-09-30,demand,0.3321008339237538,0.3321008339237538,axis_score,0.0,9
price_family_ma6_structural_linked,district_of_columbia_dc__county,2014-10-31,demand,0.4078964423108977,0.4078964423108977,axis_score,0.0,10
price_family_ma6_structural_linked,district_of_columbia_dc__county,2014-11-30,demand,0.2153343093405086,0.2153343093405086,axis_score,0.0,11
price_family_ma6_structural_linked,district_of_columbia_dc__county,2014-12-31,demand,0.3047263267656611,0.28233825878546,axis_score,-0.0223880679802011,12
price_family_ma6_structural_linked,district_of_columbia_dc__county,2015-01-31,demand,0.2857809495728099,0.41921341576364823,axis_score,0.13343246619083832,1
price_family_ma6_structural_linked,district_of_columbia_dc__county,2015-02-28,demand,0.4551853510769937,0.4552314303014014,axis_score,4.60792244076913e-05,2
price_family_ma6_structural_linked,district_of_columbia_dc__county,2015-03-31,demand,0.35092116203720575,0.37639104446713906,axis_score,0.02546988242993331,3
price_family_ma6_structural_linked,district_of_columbia_dc__county,2015-04-30,demand,0.5514151508683682,0.5055528818967427,axis_score,-0.045862268971625486,4
price_family_ma6_structural_linked,district_of_columbia_dc__county,2015-05-31,demand,0.2660281302984108,0.2968275882929907,axis_score,0.030799457994579893,5
price_family_ma6_structural_linked,district_of_columbia_dc__county,2015-06-30,demand,0.3035401770368649,0.42603512843425534,axis_score,0.12249495139739042,6
price_family_ma6_structural_linked,district_of_columbia_dc__county,2015-07-31,demand,0.3322096555765671,0.505878906222562,axis_score,0.17366925064599492,7
price_family_ma6_structural_linked,district_of_columbia_dc__county,2015-08-31,demand,0.2705786134341455,0.40414111180284545,axis_score,0.13356249836869993,8
price_family_ma6_structural_linked,district_of_columbia_dc__county,2015-09-30,demand,0.24113040341999156,0.301250220206475,axis_score,0.060119816786483454,9
price_family_ma6_structural_linked,district_of_columbia_dc__county,2015-10-31,demand,0.27677372797444916,0.3607966608811238,axis_score,0.08402293290667462,10
price_family_ma6_structural_linked,district_of_columbia_dc__county,2015-11-30,demand,0.2758658758619265,0.17812136782602161,axis_score,-0.0977445080359049,11
price_family_ma6_structural_linked,district_of_columbia_dc__county,2015-12-31,demand,0.25402283353286975,0.24385661430770697,axis_score,-0.010166219225162781,12
price_family_ma6_structural_linked,district_of_columbia_dc__county,2016-01-31,demand,0.1748985201629503,0.1790354706933998,axis_score,0.004136950530449518,1
price_family_ma6_structural_linked,district_of_columbia_dc__county,2016-02-29,demand,0.33109220266580935,0.30881969539029464,axis_score,-0.02227250727551472,2
price_family_ma6_structural_linked,district_of_columbia_dc__county,2016-03-31,demand,0.31131472759717294,0.28002539216953376,axis_score,-0.031289335427639176,3
price_family_ma6_structural_linked,district_of_columbia_dc__county,2016-04-30,demand,0.2711547941090147,0.3185418769171646,axis_score,0.047387082808149905,4
price_family_ma6_structural_linked,district_of_columbia_dc__county,2016-05-31,demand,0.18075890595673355,0.18622694050638836,axis_score,0.005468034549654804,5
price_family_ma6_structural_linked,district_of_columbia_dc__county,2016-06-30,demand,0.18139617858372353,0.23518555861572116,axis_score,0.053789380031997625,6
price_family_ma6_structural_linked,district_of_columbia_dc__county,2016-07-31,demand,0.2631133463003055,0.24725512879961078,axis_score,-0.015858217500694688,7
price_family_ma6_structural_linked,district_of_columbia_dc__county,2016-08-31,demand,0.038825072929636995,0.07373808769265176,axis_score,0.03491301476301477,8
price_family_ma6_structural_linked,district_of_columbia_dc__county,2016-09-30,demand,0.22494016599000072,0.20122542049802672,axis_score,-0.023714745491974,9
price_family_ma6_structural_linked,district_of_columbia_dc__county,2016-10-31,demand,0.3433677403692407,0.3011403607362328,axis_score,-0.04222737963300793,10
price_family_ma6_structural_linked,district_of_columbia_dc__county,2016-11-30,demand,0.12100996383804508,0.10843559136799061,axis_score,-0.012574372470054468,11
price_family_ma6_structural_linked,district_of_columbia_dc__county,2016-12-31,demand,-0.041560151452562234,-0.04360942593467458,axis_score,-0.002049274482112347,12
price_family_ma6_structural_linked,district_of_columbia_dc__county,2017-01-31,demand,0.07321039564169468,0.02832329505333523,axis_score,-0.04488710058835945,1
price_family_ma6_structural_linked,district_of_columbia_dc__county,2017-02-28,demand,0.12248758733080974,0.05492837600652613,axis_score,-0.06755921132428361,2
price_family_ma6_structural_linked,district_of_columbia_dc__county,2017-03-31,demand,0.11789969132411254,0.06804328732849636,axis_score,-0.04985640399561618,3
price_family_ma6_structural_linked,district_of_columbia_dc__county,2017-04-30,demand,0.090747423106001,0.091309459904842,axis_score,0.0005620367988410091,4
price_family_ma6_structural_linked,district_of_columbia_dc__county,2017-05-31,demand,0.036146357201331,0.10417347176862898,axis_score,0.06802711456729799,5
price_family_ma6_structural_linked,district_of_columbia_dc__county,2017-06-30,demand,-0.012791633444469416,0.03382816919696398,axis_score,0.046619802641433394,6
price_family_ma6_structural_linked,district_of_columbia_dc__county,2017-07-31,demand,0.008401112882960485,0.06716994071824492,axis_score,0.058768827835284435,7
price_family_ma6_structural_linked,district_of_columbia_dc__county,2017-08-31,demand,0.030105060040487935,0.040647557465398367,axis_score,0.010542497424910431,8
price_family_ma6_structural_linked,district_of_columbia_dc__county,2017-09-30,demand,0.21385054676166043,0.19421684079412155,axis_score,-0.019633705967538884,9
price_family_ma6_structural_linked,district_of_columbia_dc__county,2017-10-31,demand,-0.02953541016522932,-0.08384710076947255,axis_score,-0.05431169060424323,10
price_family_ma6_structural_linked,district_of_columbia_dc__county,2017-11-30,demand,0.1266226030827952,0.10730161779950262,axis_score,-0.01932098528329257,11
price_family_ma6_structural_linked,district_of_columbia_dc__county,2017-12-31,demand,0.2686571106557248,0.1987435911423213,axis_score,-0.0699135195134035,12
price_family_ma6_structural_linked,district_of_columbia_dc__county,2018-01-31,demand,0.09436017285760845,0.10116003372327549,axis_score,0.006799860865667043,1
price_family_ma6_structural_linked,district_of_columbia_dc__county,2018-02-28,demand,0.3149276342693294,0.23906227324801002,axis_score,-0.07586536102131938,2
price_family_ma6_structural_linked,district_of_columbia_dc__county,2018-03-31,demand,0.21487417608951506,0.14753840900232973,axis_score,-0.06733576708718533,3
price_family_ma6_structural_linked,district_of_columbia_dc__county,2018-04-30,demand,0.2406769260874755,0.23266374416864127,axis_score,-0.008013181918834239,4
price_family_ma6_structural_linked,district_of_columbia_dc__county,2018-05-31,demand,0.11205342715889466,0.14720556789890726,axis_score,0.035152140740012605,5
price_family_ma6_structural_linked,district_of_columbia_dc__county,2018-06-30,demand,0.07566294976789378,0.14503868634984213,axis_score,0.06937573658194834,6
price_family_ma6_structural_linked,district_of_columbia_dc__county,2018-07-31,demand,0.28163406558902837,0.30344034770505646,axis_score,0.021806282116028086,7
price_family_ma6_structural_linked,district_of_columbia_dc__county,2018-08-31,demand,0.07089119294009252,0.06450929302650354,axis_score,-0.006381899913588979,8
price_family_ma6_structural_linked,district_of_columbia_dc__county,2018-09-30,demand,0.1566678102418404,0.18931004572730936,axis_score,0.03264223548546896,9
price_family_ma6_structural_linked,district_of_columbia_dc__county,2018-10-31,demand,0.23583116773359275,0.1620488077418417,axis_score,-0.07378235999175106,10
price_family_ma6_structural_linked,district_of_columbia_dc__county,2018-11-30,demand,0.11631662904275436,0.13577313665792762,axis_score,0.019456507615173257,11
price_family_ma6_structural_linked,district_of_columbia_dc__county,2018-12-31,demand,0.046567137578868545,0.06206502759770026,axis_score,0.015497890018831714,12
price_family_ma6_structural_linked,district_of_columbia_dc__county,2019-01-31,demand,0.029064564516059085,-0.03572979754231128,axis_score,-0.06479436205837036,1
price_family_ma6_structural_linked,district_of_columbia_dc__county,2019-02-28,demand,0.19204897200894402,0.19038313002578805,axis_score,-0.0016658419831559745,2
price_family_ma6_structural_linked,district_of_columbia_dc__county,2019-03-31,demand,0.18981714250787762,0.21137633373544756,axis_score,0.02155919122756994,3
price_family_ma6_structural_linked,district_of_columbia_dc__county,2019-04-30,demand,0.13475456128369484,0.1287380741154603,axis_score,-0.006016487168234552,4
price_family_ma6_structural_linked,district_of_columbia_dc__county,2019-05-31,demand,0.03444817623842232,0.07376837156535923,axis_score,0.03932019532693691,5
price_family_ma6_structural_linked,district_of_columbia_dc__county,2019-06-30,demand,0.11214119244059909,0.15077731980324652,axis_score,0.03863612736264743,6
price_family_ma6_structural_linked,district_of_columbia_dc__county,2019-07-31,demand,0.21994511066487427,0.2295479844177934,axis_score,0.009602873752919128,7
price_family_ma6_structural_linked,district_of_columbia_dc__county,2019-08-31,demand,0.19977949433269737,0.21561099924568655,axis_score,0.01583150491298918,8
price_family_ma6_structural_linked,district_of_columbia_dc__county,2019-09-30,demand,0.39973937267946635,0.33959327471924616,axis_score,-0.06014609796022019,9
price_family_ma6_structural_linked,district_of_columbia_dc__county,2019-10-31,demand,0.12087438684309695,0.10215565745792918,axis_score,-0.018718729385167776,10
price_family_ma6_structural_linked,district_of_columbia_dc__county,2019-11-30,demand,0.33788091576170287,0.3259591041643284,axis_score,-0.011921811597374488,11
price_family_ma6_structural_linked,district_of_columbia_dc__county,2019-12-31,demand,0.12828156659399492,0.14496082738299276,axis_score,0.01667926078899784,12
price_family_ma6_structural_linked,district_of_columbia_dc__county,2020-01-31,demand,0.28067141411498764,0.3344820643144578,axis_score,0.05381065019947018,1
price_family_ma6_structural_linked,district_of_columbia_dc__county,2020-02-29,demand,0.37606021921757293,0.34688638555946194,axis_score,-0.029173833658110992,2
price_family_ma6_structural_linked,district_of_columbia_dc__county,2020-03-31,demand,0.06490827504320507,0.003114092441536584,axis_score,-0.06179418260166848,3
price_family_ma6_structural_linked,district_of_columbia_dc__county,2020-04-30,demand,-0.11441171008010183,-0.06488599130294073,axis_score,0.049525718777161096,4
price_family_ma6_structural_linked,district_of_columbia_dc__county,2020-05-31,demand,-0.03421411073852301,-0.005774927684106687,axis_score,0.028439183054416325,5
price_family_ma6_structural_linked,district_of_columbia_dc__county,2020-06-30,demand,0.02170298346430142,0.06207214229189829,axis_score,0.04036915882759687,6
price_family_ma6_structural_linked,district_of_columbia_dc__county,2020-07-31,demand,0.09522718051928339,0.1012540041225509,axis_score,0.006026823603267506,7
price_family_ma6_structural_linked,district_of_columbia_dc__county,2020-08-31,demand,0.053262545198479526,0.09629316941478631,axis_score,0.04303062421630679,8
price_family_ma6_structural_linked,district_of_columbia_dc__county,2020-09-30,demand,-0.030617154088145408,-0.014643826749017926,axis_score,0.015973327339127482,9
price_family_ma6_structural_linked,district_of_columbia_dc__county,2020-10-31,demand,0.0683005778742742,0.10965154339247969,axis_score,0.041350965518205496,10
price_family_ma6_structural_linked,district_of_columbia_dc__county,2020-11-30,demand,-0.039887424258670236,0.025630008209554203,axis_score,0.06551743246822445,11
price_family_ma6_structural_linked,district_of_columbia_dc__county,2020-12-31,demand,-0.20527691624962943,-0.1524721668876462,axis_score,0.05280474936198323,12
price_family_ma6_structural_linked,district_of_columbia_dc__county,2021-01-31,demand,-0.13969771776701848,-0.17076564444605918,axis_score,-0.031067926679040708,1
price_family_ma6_structural_linked,district_of_columbia_dc__county,2021-02-28,demand,-0.1484318344858696,-0.17171478619066768,axis_score,-0.023282951704798077,2
price_family_ma6_structural_linked,district_of_columbia_dc__county,2021-03-31,demand,-0.2238440522297247,-0.2239265730166794,axis_score,-8.252078695469844e-05,3
price_family_ma6_structural_linked,district_of_columbia_dc__county,2021-04-30,demand,-0.11916685141444695,-0.1185670941046639,axis_score,0.0005997573097830527,4
price_family_ma6_structural_linked,district_of_columbia_dc__county,2021-05-31,demand,-0.037337789304191356,-0.004654336883318986,axis_score,0.032683452420872366,5
price_family_ma6_structural_linked,district_of_columbia_dc__county,2021-06-30,demand,-0.01580398475122869,0.04233090114449631,axis_score,0.058134885895725,6
price_family_ma6_structural_linked,district_of_columbia_dc__county,2021-07-31,demand,0.12082871760349466,0.18588953255987073,axis_score,0.06506081495637607,7
price_family_ma6_structural_linked,district_of_columbia_dc__county,2021-08-31,demand,-0.19260247714381953,-0.12349383018332126,axis_score,0.06910864696049827,8
price_family_ma6_structural_linked,district_of_columbia_dc__county,2021-09-30,demand,-0.025201170872324673,-0.01652797908226003,axis_score,0.008673191790064642,9
price_family_ma6_structural_linked,district_of_columbia_dc__county,2021-10-31,demand,-0.057666726390296526,-0.05514876681167408,axis_score,0.0025179595786224487,10
price_family_ma6_structural_linked,district_of_columbia_dc__county,2021-11-30,demand,0.027852200105817737,0.032322403174085995,axis_score,0.004470203068268258,11
price_family_ma6_structural_linked,district_of_columbia_dc__county,2021-12-31,demand,0.020183031509201838,-0.012843674204106273,axis_score,-0.03302670571330811,12
price_family_ma6_structural_linked,district_of_columbia_dc__county,2022-01-31,demand,-0.0873080396307874,-0.14172329479643767,axis_score,-0.05441525516565027,1
price_family_ma6_structural_linked,district_of_columbia_dc__county,2022-02-28,demand,0.15429884361201168,0.06851978635927024,axis_score,-0.08577905725274144,2
price_family_ma6_structural_linked,district_of_columbia_dc__county,2022-03-31,demand,0.07590337984519463,0.04566258855880222,axis_score,-0.030240791286392413,3
price_family_ma6_structural_linked,district_of_columbia_dc__county,2022-04-30,demand,0.02438849316075753,-0.018865631855164364,axis_score,-0.04325412501592189,4
price_family_ma6_structural_linked,district_of_columbia_dc__county,2022-05-31,demand,-0.04940193972130111,-0.05957679475060283,axis_score,-0.010174855029301724,5
price_family_ma6_structural_linked,district_of_columbia_dc__county,2022-06-30,demand,0.030128801127936047,-0.019295265000958052,axis_score,-0.0494240661288941,6
price_family_ma6_structural_linked,district_of_columbia_dc__county,2022-07-31,demand,0.06738631564305621,0.09040060470303751,axis_score,0.023014289059981305,7
price_family_ma6_structural_linked,district_of_columbia_dc__county,2022-08-31,demand,-0.10033794379637165,-0.08342247242264256,axis_score,0.01691547137372909,8
price_family_ma6_structural_linked,district_of_columbia_dc__county,2022-09-30,demand,-0.020717122876630932,-0.06513174405090506,axis_score,-0.04441462117427413,9
price_family_ma6_structural_linked,district_of_columbia_dc__county,2022-10-31,demand,-0.16413074814839693,-0.19793955739026312,axis_score,-0.03380880924186619,10
price_family_ma6_structural_linked,district_of_columbia_dc__county,2022-11-30,demand,-0.07370271043525872,-0.15410802197957957,axis_score,-0.08040531154432085,11
price_family_ma6_structural_linked,district_of_columbia_dc__county,2022-12-31,demand,0.0034694319689059193,-0.01281085542976763,axis_score,-0.01628028739867355,12
price_family_ma6_structural_linked,district_of_columbia_dc__county,2023-01-31,demand,0.013362562024008151,0.0064269820867040445,axis_score,-0.006935579937304107,1
price_family_ma6_structural_linked,district_of_columbia_dc__county,2023-02-28,demand,0.03638163927110524,-0.04292879038932443,axis_score,-0.07931042966042967,2
price_family_ma6_structural_linked,district_of_columbia_dc__county,2023-03-31,demand,-0.09507960873030209,-0.12269123100633114,axis_score,-0.02761162227602905,3
price_family_ma6_structural_linked,district_of_columbia_dc__county,2023-04-30,demand,-0.01396847034903375,-0.050521057047429915,axis_score,-0.036552586698396165,4
price_family_ma6_structural_linked,district_of_columbia_dc__county,2023-05-31,demand,-0.03955809739946756,-0.06405897459245001,axis_score,-0.024500877192982454,5
price_family_ma6_structural_linked,district_of_columbia_dc__county,2023-06-30,demand,-0.08010113911020077,-0.05868737099425874,axis_score,0.021413768115942027,6
price_family_ma6_structural_linked,district_of_columbia_dc__county,2023-07-31,demand,-0.014386439357789532,-0.01931172671411138,axis_score,-0.0049252873563218474,7
price_family_ma6_structural_linked,district_of_columbia_dc__county,2023-08-31,demand,-0.17033034072665493,-0.1718944432907575,axis_score,-0.0015641025641025819,8
price_family_ma6_structural_linked,district_of_columbia_dc__county,2023-09-30,demand,0.0049792711813136156,0.025414299429901185,axis_score,0.020435028248587568,9
price_family_ma6_structural_linked,district_of_columbia_dc__county,2023-10-31,demand,0.06374046893718147,-0.010117374200073439,axis_score,-0.07385784313725491,10
price_family_ma6_structural_linked,district_of_columbia_dc__county,2023-11-30,demand,0.03898721886235415,0.048237218862354145,axis_score,0.009249999999999994,11
price_family_ma6_structural_linked,district_of_columbia_dc__county,2023-12-31,demand,0.03248769430163022,0.06377102763496356,axis_score,0.031283333333333344,12
price_family_ma6_structural_linked,district_of_columbia_dc__county,2024-01-31,demand,0.14622586119335557,0.045642527860022236,axis_score,-0.10058333333333333,1
price_family_ma6_structural_linked,district_of_columbia_dc__county,2024-02-29,demand,0.033917321509664,0.05490065484299733,axis_score,0.020983333333333333,2
price_family_ma6_structural_linked,district_of_columbia_dc__county,2024-03-31,demand,0.2442847301173116,0.15263473011731163,axis_score,-0.09164999999999998,3
price_family_ma6_structural_linked,district_of_columbia_dc__county,2024-04-30,demand,0.07783325864623887,0.04324992531290553,axis_score,-0.03458333333333334,4
price_family_ma6_structural_linked,district_of_columbia_dc__county,2024-05-31,demand,-0.028313774124484655,-0.06598044079115133,axis_score,-0.03766666666666667,5
price_family_ma6_structural_linked,district_of_columbia_dc__county,2024-06-30,demand,0.10915912504628815,0.10817579171295483,axis_score,-0.0009833333333333222,6
price_family_ma6_structural_linked,district_of_columbia_dc__county,2024-07-31,demand,0.06548157282064548,0.1401649061539788,axis_score,0.07468333333333332,7
price_family_ma6_structural_linked,district_of_columbia_dc__county,2024-08-31,demand,-0.039884051226894736,0.028865948773105263,axis_score,0.06875,8
price_family_ma6_structural_linked,district_of_columbia_dc__county,2024-09-30,demand,0.0722057609006043,0.1495890942339376,axis_score,0.0773833333333333,9
price_family_ma6_structural_linked,district_of_columbia_dc__county,2024-10-31,demand,0.07460230275534104,0.07701896942200773,axis_score,0.002416666666666692,10
price_family_ma6_structural_linked,district_of_columbia_dc__county,2024-11-30,demand,-0.02460777509739182,-0.010774441764058486,axis_score,0.013833333333333333,11
price_family_ma6_structural_linked,district_of_columbia_dc__county,2024-12-31,demand,-0.013683449346894982,-0.026183449346894965,axis_score,-0.012499999999999983,12
price_family_ma6_structural_linked,district_of_columbia_dc__county,2025-01-31,demand,-0.05982367461124216,-0.08882367461124216,axis_score,-0.028999999999999998,1
price_family_ma6_structural_linked,district_of_columbia_dc__county,2025-02-28,demand,0.1332268289519013,0.013193495618567991,axis_score,-0.12003333333333331,2
price_family_ma6_structural_linked,district_of_columbia_dc__county,2025-03-31,demand,-0.015018455664815555,-0.09026845566481556,axis_score,-0.07525000000000001,3
price_family_ma6_structural_linked,district_of_columbia_dc__county,2025-04-30,demand,0.02021528709684821,-0.028401379569818464,axis_score,-0.04861666666666667,4
price_family_ma6_structural_linked,district_of_columbia_dc__county,2025-05-31,demand,-0.08129426041243898,-0.07746092707910565,axis_score,0.0038333333333333275,5
price_family_ma6_structural_linked,district_of_columbia_dc__county,2025-06-30,demand,0.011667436467222871,0.05916743646722289,axis_score,0.047500000000000014,6
price_family_ma6_structural_linked,district_of_columbia_dc__county,2025-07-31,demand,-0.01996883277428798,0.007731167225711998,axis_score,0.027699999999999978,7
price_family_ma6_structural_linked,district_of_columbia_dc__county,2025-08-31,demand,-0.15767751494440818,-0.0994775149444082,axis_score,0.05819999999999999,8
price_family_ma6_structural_linked,district_of_columbia_dc__county,2025-09-30,demand,-0.044535018429029356,-0.015668351762362684,axis_score,0.028866666666666672,9
price_family_ma6_structural_linked,district_of_columbia_dc__county,2025-10-31,demand,-0.051289671221828814,-0.05295633788849549,axis_score,-0.0016666666666666774,10
price_family_ma6_structural_linked,district_of_columbia_dc__county,2025-11-30,demand,-0.004774264008887995,-0.032940930675554675,axis_score,-0.02816666666666668,11
price_family_ma6_structural_linked,district_of_columbia_dc__county,2025-12-31,demand,-0.036672604692263425,-0.03392260469226342,axis_score,0.0027500000000000024,12
price_family_ma6_structural_linked,district_of_columbia_dc__county,2026-01-31,demand,-0.03927144547929416,-0.10180477881262749,axis_score,-0.06253333333333333,1
price_family_ma6_structural_linked,district_of_columbia_dc__county,2026-02-28,demand,0.00939389534259931,0.017810562009265958,axis_score,0.008416666666666649,2
price_family_ma6_structural_linked,district_of_columbia_dc__county,2026-03-31,demand,0.03722470704478492,-0.034341959621881746,axis_score,-0.07156666666666667,3
price_family_ma6_structural_linked,district_of_columbia_dc__county,2026-04-30,demand,0.017164211799079516,-0.019169121534253816,axis_score,-0.03633333333333333,4
price_family_ma6_structural_linked,district_of_columbia_dc__county,2026-05-31,demand,-0.05750924912945324,-0.09004258246278657,axis_score,-0.03253333333333333,5
price_family_ma6_structural_linked,district_of_columbia_dc__county,2026-06-30,demand,-0.05003148445994064,-0.08256481779327396,axis_score,-0.03253333333333332,6
price_family_ma6_structural_linked,district_of_columbia_dc__county,2026-07-31,demand,-0.04575301046335703,-0.07828634379669036,axis_score,-0.03253333333333333,7
price_family_ma6_structural_linked,district_of_columbia_dc__county,2015-11-30,affordability,-0.4722222222222222,-0.38888888888888895,dimension_score,0.08333333333333326,11
price_family_ma6_structural_linked,district_of_columbia_dc__county,2015-12-31,affordability,0.7207207207207207,0.3783783783783783,dimension_score,-0.3423423423423424,12
price_family_ma6_structural_linked,district_of_columbia_dc__county,2016-01-31,affordability,0.698536882747409,0.6052631578947368,dimension_score,-0.09327372485267216,1
price_family_ma6_structural_linked,district_of_columbia_dc__county,2016-02-29,affordability,-0.15982263350684406,0.5726495726495728,dimension_score,0.7324722061564168,2
price_family_ma6_structural_linked,district_of_columbia_dc__county,2016-03-31,affordability,0.891941391941392,0.6008687258687259,dimension_score,-0.29107266607266613,3
price_family_ma6_structural_linked,district_of_columbia_dc__county,2016-04-30,affordability,0.025609756097560922,0.4608472400513479,dimension_score,0.435237483953787,4
price_family_ma6_structural_linked,district_of_columbia_dc__county,2016-05-31,affordability,-0.6430695204911233,0.1894296180010466,dimension_score,0.8324991384921699,5
price_family_ma6_structural_linked,district_of_columbia_dc__county,2016-06-30,affordability,0.033380794178136386,0.05913621262458474,dimension_score,0.025755418446448353,6
price_family_ma6_structural_linked,district_of_columbia_dc__county,2016-07-31,affordability,-0.2509060706735125,-0.15101362052581574,dimension_score,0.09989245014769677,7
price_family_ma6_structural_linked,district_of_columbia_dc__county,2016-08-31,affordability,-0.30519480519480513,-0.253968253968254,dimension_score,0.05122655122655112,8
price_family_ma6_structural_linked,district_of_columbia_dc__county,2016-09-30,affordability,0.47066942719116645,-0.3458038422649141,dimension_score,-0.8164732694560806,9
price_family_ma6_structural_linked,district_of_columbia_dc__county,2016-10-31,affordability,0.08365270252411791,-0.2993920972644377,dimension_score,-0.38304479978855566,10
price_family_ma6_structural_linked,district_of_columbia_dc__county,2016-11-30,affordability,-0.04135638297872334,-0.21402777777777776,dimension_score,-0.1726713947990544,11
price_family_ma6_structural_linked,district_of_columbia_dc__county,2016-12-31,affordability,-0.5353411472697186,-0.6132521163577064,dimension_score,-0.07791096908798778,12
price_family_ma6_structural_linked,district_of_columbia_dc__county,2017-01-31,affordability,-0.2799752953813105,-0.5066528555431131,dimension_score,-0.22667756016180263,1
price_family_ma6_structural_linked,district_of_columbia_dc__county,2017-02-28,affordability,0.36170135746606336,-0.17677224736048255,dimension_score,-0.5384736048265459,2
price_family_ma6_structural_linked,district_of_columbia_dc__county,2017-03-31,affordability,-0.6019811463046756,-0.22872841444270017,dimension_score,0.3732527318619754,3
price_family_ma6_structural_linked,district_of_columbia_dc__county,2017-04-30,affordability,0.07091578462954438,-0.0657266451909802,dimension_score,-0.1366424298205246,4
price_family_ma6_structural_linked,district_of_columbia_dc__county,2017-05-31,affordability,-0.7743851452530698,-0.2582944288826642,dimension_score,0.5160907163704056,5
price_family_ma6_structural_linked,district_of_columbia_dc__county,2017-06-30,affordability,-0.42728055751311567,-0.2594974792649211,dimension_score,0.16778307824819455,6
price_family_ma6_structural_linked,district_of_columbia_dc__county,2017-07-31,affordability,-0.2799675324675325,-0.39966613575104143,dimension_score,-0.11969860328350895,7
price_family_ma6_structural_linked,district_of_columbia_dc__county,2017-08-31,affordability,0.26547619047619053,-0.36810916179337233,dimension_score,-0.6335853522695629,8
price_family_ma6_structural_linked,district_of_columbia_dc__county,2017-09-30,affordability,0.6718377653278624,-0.06498568897369494,dimension_score,-0.7368234543015574,9
price_family_ma6_structural_linked,district_of_columbia_dc__county,2017-10-31,affordability,-0.4510377159058408,-0.21505975992993664,dimension_score,0.23597795597590415,10
price_family_ma6_structural_linked,district_of_columbia_dc__county,2017-11-30,affordability,-0.07549435028248583,0.055043859649122805,dimension_score,0.13053820993160864,11
price_family_ma6_structural_linked,district_of_columbia_dc__county,2017-12-31,affordability,0.6644719527155123,0.8441146271962714,dimension_score,0.1796426744807591,12
price_family_ma6_structural_linked,district_of_columbia_dc__county,2018-01-31,affordability,0.940855631940772,0.9073143794423183,dimension_score,-0.033541252498453744,1
price_family_ma6_structural_linked,district_of_columbia_dc__county,2018-02-28,affordability,0.3120478298846421,0.7491129785247432,dimension_score,0.43706514864010115,2
price_family_ma6_structural_linked,district_of_columbia_dc__county,2018-03-31,affordability,0.2936336233211233,0.4347611916771753,dimension_score,0.141127568356052,3
price_family_ma6_structural_linked,district_of_columbia_dc__county,2018-04-30,affordability,-0.45617289550072576,0.2455732946298984,dimension_score,0.7017461901306241,4
price_family_ma6_structural_linked,district_of_columbia_dc__county,2018-05-31,affordability,-0.20685314685314682,0.06204906204906202,dimension_score,0.26890220890220884,5
price_family_ma6_structural_linked,district_of_columbia_dc__county,2018-06-30,affordability,-0.2873722297602894,-0.032819708276797865,dimension_score,0.25455252148349156,6
price_family_ma6_structural_linked,district_of_columbia_dc__county,2018-07-31,affordability,0.17721058572682813,-0.23770038784744663,dimension_score,-0.41491097357427476,7
price_family_ma6_structural_linked,district_of_columbia_dc__county,2018-08-31,affordability,0.30944945483914393,-0.2182511615005894,dimension_score,-0.5277006163397333,8
price_family_ma6_structural_linked,district_of_columbia_dc__county,2018-09-30,affordability,0.5332012565145998,-0.11821557238438349,dimension_score,-0.6514168288989833,9
price_family_ma6_structural_linked,district_of_columbia_dc__county,2018-10-31,affordability,-0.4431734133615251,-0.13752194121859773,dimension_score,0.30565147214292737,10
price_family_ma6_structural_linked,district_of_columbia_dc__county,2018-11-30,affordability,-0.0992957746478873,-0.07365942028985506,dimension_score,0.025636354358032243,11
price_family_ma6_structural_linked,district_of_columbia_dc__county,2018-12-31,affordability,0.01771652069765703,0.23530140194411475,dimension_score,0.21758488124645772,12
price_family_ma6_structural_linked,district_of_columbia_dc__county,2019-01-31,affordability,0.419152404724654,0.3360978425040215,dimension_score,-0.08305456222063246,1
price_family_ma6_structural_linked,district_of_columbia_dc__county,2019-02-28,affordability,-0.1558043758043758,0.34539682539682537,dimension_score,0.5012012012012012,2
price_family_ma6_structural_linked,district_of_columbia_dc__county,2019-03-31,affordability,0.29593311403508776,0.24117362112472968,dimension_score,-0.05475949291035809,3
price_family_ma6_structural_linked,district_of_columbia_dc__county,2019-04-30,affordability,0.21075398285924596,0.2689710289710289,dimension_score,0.058217046111782966,4
price_family_ma6_structural_linked,district_of_columbia_dc__county,2019-05-31,affordability,0.2531468531468531,0.339030303030303,dimension_score,0.08588344988344992,5
price_family_ma6_structural_linked,district_of_columbia_dc__county,2019-06-30,affordability,0.1637198622273249,0.5023332703570753,dimension_score,0.3386134081297504,6
price_family_ma6_structural_linked,district_of_columbia_dc__county,2019-07-31,affordability,0.5321062918838422,0.3774780366692132,dimension_score,-0.15462825521462897,7
price_family_ma6_structural_linked,district_of_columbia_dc__county,2019-08-31,affordability,0.49430622651637146,0.48785664147982993,dimension_score,-0.0064495850365415275,8
price_family_ma6_structural_linked,district_of_columbia_dc__county,2019-09-30,affordability,0.28196068309889455,0.3856207824284391,dimension_score,0.10366009932954456,9
price_family_ma6_structural_linked,district_of_columbia_dc__county,2019-10-31,affordability,0.5731570735018396,0.4564831155608349,dimension_score,-0.11667395794100477,10
price_family_ma6_structural_linked,district_of_columbia_dc__county,2019-11-30,affordability,-0.22745983935742978,0.2639550264550265,dimension_score,0.4914148658124563,11
price_family_ma6_structural_linked,district_of_columbia_dc__county,2019-12-31,affordability,0.44078316258010053,0.8552858630923135,dimension_score,0.41450270051221294,12
price_family_ma6_structural_linked,district_of_columbia_dc__county,2020-01-31,affordability,0.9066391836432877,0.8490007799898527,dimension_score,-0.05763840365343498,1
price_family_ma6_structural_linked,district_of_columbia_dc__county,2020-02-29,affordability,0.5793456295108259,0.8925681444991791,dimension_score,0.3132225149883532,2
price_family_ma6_structural_linked,district_of_columbia_dc__county,2020-03-31,affordability,0.43538607490513126,0.7513270475654377,dimension_score,0.3159409726603064,3
price_family_ma6_structural_linked,district_of_columbia_dc__county,2020-04-30,affordability,0.5452356632131912,0.6134359760960231,dimension_score,0.0682003128828319,4
price_family_ma6_structural_linked,district_of_columbia_dc__county,2020-05-31,affordability,0.10944972630365885,0.5336133215443559,dimension_score,0.4241635952406971,5
price_family_ma6_structural_linked,district_of_columbia_dc__county,2020-06-30,affordability,0.7430871238466176,0.6341816411436665,dimension_score,-0.10890548270295108,6
price_family_ma6_structural_linked,district_of_columbia_dc__county,2020-07-31,affordability,0.18936813186813192,0.4982462139716658,dimension_score,0.30887808210353385,7
price_family_ma6_structural_linked,district_of_columbia_dc__county,2020-08-31,affordability,0.06817827645317118,0.3012425328554362,dimension_score,0.233064256402265,8
price_family_ma6_structural_linked,district_of_columbia_dc__county,2020-09-30,affordability,0.2180588803142664,0.13454182040066837,dimension_score,-0.08351705991359804,9
price_family_ma6_structural_linked,district_of_columbia_dc__county,2020-10-31,affordability,-0.21512702545905907,0.051742438863003504,dimension_score,0.2668694643220626,10
price_family_ma6_structural_linked,district_of_columbia_dc__county,2020-11-30,affordability,0.08237468671679193,0.0830741167434716,dimension_score,0.0006994300266796594,11
price_family_ma6_structural_linked,district_of_columbia_dc__county,2020-12-31,affordability,0.3766098140287043,-0.1765496948505219,dimension_score,-0.5531595088792263,12
price_family_ma6_structural_linked,district_of_columbia_dc__county,2021-01-31,affordability,0.21613393254688593,-0.1159710988434541,dimension_score,-0.33210503139034003,1
price_family_ma6_structural_linked,district_of_columbia_dc__county,2021-02-28,affordability,-0.07855188052232388,-0.13330067920585165,dimension_score,-0.05474879868352776,2
price_family_ma6_structural_linked,district_of_columbia_dc__county,2021-03-31,affordability,-0.032020202020202046,-0.1719657919400187,dimension_score,-0.13994558991981665,3
price_family_ma6_structural_linked,district_of_columbia_dc__county,2021-04-30,affordability,-0.19177839581710981,-0.1257525637911188,dimension_score,0.06602583202599102,4
price_family_ma6_structural_linked,district_of_columbia_dc__county,2021-05-31,affordability,-0.44667443214909736,-0.07701128936423055,dimension_score,0.3696631427848668,5
price_family_ma6_structural_linked,district_of_columbia_dc__county,2021-06-30,affordability,-0.543848373404627,-0.2243571962018564,dimension_score,0.3194911772027706,6
price_family_ma6_structural_linked,district_of_columbia_dc__county,2021-07-31,affordability,-0.06242856447056533,-0.34253162356369415,dimension_score,-0.2801030590931288,7
price_family_ma6_structural_linked,district_of_columbia_dc__county,2021-08-31,affordability,-5.317263381782178e-05,-0.39442486672088184,dimension_score,-0.394371694087064,8
price_family_ma6_structural_linked,district_of_columbia_dc__county,2021-09-30,affordability,0.5892737665118235,-0.2615510985177708,dimension_score,-0.8508248650295943,9
price_family_ma6_structural_linked,district_of_columbia_dc__county,2021-10-31,affordability,-0.6383216920806689,-0.4659304173445836,dimension_score,0.1723912747360853,10
price_family_ma6_structural_linked,district_of_columbia_dc__county,2021-11-30,affordability,-0.6873297421253028,-0.5196130952380953,dimension_score,0.16771664688720755,11
price_family_ma6_structural_linked,district_of_columbia_dc__county,2021-12-31,affordability,-0.18226527388070943,-0.5032952483095959,dimension_score,-0.3210299744288865,12
price_family_ma6_structural_linked,district_of_columbia_dc__county,2022-01-31,affordability,-0.16606355636499803,-0.5435099613337264,dimension_score,-0.3774464049687284,1
price_family_ma6_structural_linked,district_of_columbia_dc__county,2022-02-28,affordability,-0.5142178542178543,-0.6189416689416689,dimension_score,-0.10472381472381465,2
price_family_ma6_structural_linked,district_of_columbia_dc__county,2022-03-31,affordability,-0.6437168597168597,-0.8208990825688074,dimension_score,-0.17718222285194773,3
price_family_ma6_structural_linked,district_of_columbia_dc__county,2022-04-30,affordability,-0.9115840269867695,-0.8505085508550855,dimension_score,0.06107547613168407,4
price_family_ma6_structural_linked,district_of_columbia_dc__county,2022-05-31,affordability,-0.2261657762313123,-0.7089623183555073,dimension_score,-0.482796542124195,5
price_family_ma6_structural_linked,district_of_columbia_dc__county,2022-06-30,affordability,-0.8756901720320218,-0.7314048121570282,dimension_score,0.14428535987499358,6
price_family_ma6_structural_linked,district_of_columbia_dc__county,2022-07-31,affordability,-0.1932083958020989,-0.6828423511185183,dimension_score,-0.4896339553164194,7
price_family_ma6_structural_linked,district_of_columbia_dc__county,2022-08-31,affordability,-0.3978400909435392,-0.6304234946340208,dimension_score,-0.23258340369048158,8
price_family_ma6_structural_linked,district_of_columbia_dc__county,2022-09-30,affordability,-0.33249606542411153,-0.6074847680093436,dimension_score,-0.27498870258523206,9
price_family_ma6_structural_linked,district_of_columbia_dc__county,2022-10-31,affordability,-0.494992491151379,-0.453183403429048,dimension_score,0.041809087722330995,10
price_family_ma6_structural_linked,district_of_columbia_dc__county,2022-11-30,affordability,-0.23178804855275448,-0.42212820512820515,dimension_score,-0.19034015657545067,11
price_family_ma6_structural_linked,district_of_columbia_dc__county,2022-12-31,affordability,0.23035168195718653,0.24196185144871196,dimension_score,0.011610169491525435,12
price_family_ma6_structural_linked,district_of_columbia_dc__county,2023-01-31,affordability,0.47745454545454546,0.2664090909090909,dimension_score,-0.2110454545454546,1
price_family_ma6_structural_linked,district_of_columbia_dc__county,2023-02-28,affordability,-0.07574324324324322,0.30263963963963963,dimension_score,0.37838288288288285,2
price_family_ma6_structural_linked,district_of_columbia_dc__county,2023-03-31,affordability,-0.08779761904761907,0.2099166666666666,dimension_score,0.2977142857142857,3
price_family_ma6_structural_linked,district_of_columbia_dc__county,2023-04-30,affordability,-0.0733997050147493,0.2324483775811209,dimension_score,0.3058480825958702,4
price_family_ma6_structural_linked,district_of_columbia_dc__county,2023-05-31,affordability,0.028684210526315757,0.12517543859649122,dimension_score,0.09649122807017546,5
price_family_ma6_structural_linked,district_of_columbia_dc__county,2023-06-30,affordability,0.4615652173913044,0.16670289855072468,dimension_score,-0.29486231884057973,6
price_family_ma6_structural_linked,district_of_columbia_dc__county,2023-07-31,affordability,0.1493390804597701,0.03758620689655168,dimension_score,-0.11175287356321842,7
price_family_ma6_structural_linked,district_of_columbia_dc__county,2023-08-31,affordability,0.02397435897435901,-0.026666666666666616,dimension_score,-0.05064102564102563,8
price_family_ma6_structural_linked,district_of_columbia_dc__county,2023-09-30,affordability,0.10199152542372883,0.07384180790960454,dimension_score,-0.02814971751412429,9
price_family_ma6_structural_linked,district_of_columbia_dc__county,2023-10-31,affordability,-0.1355952380952381,0.12082633053221287,dimension_score,0.25642156862745097,10
price_family_ma6_structural_linked,district_of_columbia_dc__county,2023-11-30,affordability,0.3175,0.23749999999999993,dimension_score,-0.08000000000000007,11
price_family_ma6_structural_linked,district_of_columbia_dc__county,2023-12-31,affordability,0.5146666666666666,0.41250000000000003,dimension_score,-0.10216666666666657,12
price_family_ma6_structural_linked,district_of_columbia_dc__county,2024-01-31,affordability,-0.024166666666666642,0.38,dimension_score,0.4041666666666667,1
price_family_ma6_structural_linked,district_of_columbia_dc__county,2024-02-29,affordability,0.445,0.3633333333333334,dimension_score,-0.08166666666666661,2
price_family_ma6_structural_linked,district_of_columbia_dc__county,2024-03-31,affordability,0.015833333333333394,0.2808333333333334,dimension_score,0.265,3
price_family_ma6_structural_linked,district_of_columbia_dc__county,2024-04-30,affordability,-0.22916666666666666,0.12,dimension_score,0.3491666666666666,4
price_family_ma6_structural_linked,district_of_columbia_dc__county,2024-05-31,affordability,0.013333333333333364,-0.01333333333333342,dimension_score,-0.026666666666666783,5
price_family_ma6_structural_linked,district_of_columbia_dc__county,2024-06-30,affordability,-0.39416666666666667,-0.08250000000000002,dimension_score,0.31166666666666665,6
price_family_ma6_structural_linked,district_of_columbia_dc__county,2024-07-31,affordability,0.035833333333333384,-0.06633333333333338,dimension_score,-0.10216666666666677,7
price_family_ma6_structural_linked,district_of_columbia_dc__county,2024-08-31,affordability,0.47000000000000003,0.04699999999999997,dimension_score,-0.42300000000000004,8
price_family_ma6_structural_linked,district_of_columbia_dc__county,2024-09-30,affordability,0.5836666666666667,0.2775,dimension_score,-0.30616666666666664,9
price_family_ma6_structural_linked,district_of_columbia_dc__county,2024-10-31,affordability,0.12033333333333329,0.377,dimension_score,0.2566666666666667,10
price_family_ma6_structural_linked,district_of_columbia_dc__county,2024-11-30,affordability,-0.23333333333333336,0.18999999999999995,dimension_score,0.42333333333333334,11
price_family_ma6_structural_linked,district_of_columbia_dc__county,2024-12-31,affordability,0.1658333333333333,0.04583333333333334,dimension_score,-0.11999999999999997,12
price_family_ma6_structural_linked,district_of_columbia_dc__county,2025-01-31,affordability,0.6808333333333333,0.1958333333333333,dimension_score,-0.485,1
price_family_ma6_structural_linked,district_of_columbia_dc__county,2025-02-28,affordability,-0.3751666666666666,0.18750000000000006,dimension_score,0.5626666666666666,2
price_family_ma6_structural_linked,district_of_columbia_dc__county,2025-03-31,affordability,0.045833333333333365,0.13083333333333336,dimension_score,0.08499999999999999,3
price_family_ma6_structural_linked,district_of_columbia_dc__county,2025-04-30,affordability,-0.4641666666666667,-0.12333333333333338,dimension_score,0.3408333333333333,4
price_family_ma6_structural_linked,district_of_columbia_dc__county,2025-05-31,affordability,0.03583333333333327,-0.11833333333333333,dimension_score,-0.15416666666666662,5
price_family_ma6_structural_linked,district_of_columbia_dc__county,2025-06-30,affordability,-0.08416666666666672,-0.17416666666666666,dimension_score,-0.08999999999999994,6
price_family_ma6_structural_linked,district_of_columbia_dc__county,2025-07-31,affordability,0.14916666666666667,-0.3083333333333334,dimension_score,-0.4575000000000001,7
price_family_ma6_structural_linked,district_of_columbia_dc__county,2025-08-31,affordability,-0.0025000000000000022,-0.2725000000000001,dimension_score,-0.2700000000000001,8
price_family_ma6_structural_linked,district_of_columbia_dc__county,2025-09-30,affordability,-0.22666666666666668,-0.21000000000000002,dimension_score,0.016666666666666663,9
price_family_ma6_structural_linked,district_of_columbia_dc__county,2025-10-31,affordability,0.003333333333333355,0.04166666666666666,dimension_score,0.0383333333333333,10
price_family_ma6_structural_linked,district_of_columbia_dc__county,2025-11-30,affordability,-0.019999999999999962,0.1358333333333334,dimension_score,0.15583333333333335,11
price_family_ma6_structural_linked,district_of_columbia_dc__county,2025-12-31,affordability,-0.3416666666666667,0.023333333333333338,dimension_score,0.365,12
price_family_ma6_structural_linked,district_of_columbia_dc__county,2026-01-31,affordability,0.07966666666666672,0.033333333333333354,dimension_score,-0.046333333333333365,1
price_family_ma6_structural_linked,district_of_columbia_dc__county,2026-02-28,affordability,0.7474999999999999,0.1791666666666667,dimension_score,-0.5683333333333332,2
price_family_ma6_structural_linked,district_of_columbia_dc__county,2026-03-31,affordability,-0.16583333333333336,0.14,dimension_score,0.3058333333333334,3
price_family_ma6_structural_linked,district_of_columbia_dc__county,2026-04-30,affordability,0.4158333333333333,0.18499999999999991,dimension_score,-0.23083333333333336,4
price_family_ma6_structural_linked,district_of_columbia_dc__county,2026-05-31,affordability,-0.5458333333333334,-0.07416666666666662,dimension_score,0.4716666666666668,5
price_family_ma6_structural_linked,district_of_columbia_dc__county,2026-06-30,affordability,-0.5458333333333334,-0.07416666666666662,dimension_score,0.4716666666666668,6
price_family_ma6_structural_linked,district_of_columbia_dc__county,2026-07-31,affordability,-0.5458333333333334,-0.07416666666666662,dimension_score,0.4716666666666668,7
price_family_ma6_structural_linked,district_of_columbia_dc__county,2014-12-31,price,0.41666666666666674,,dimension_score,,12
price_family_ma6_structural_linked,district_of_columbia_dc__county,2015-01-31,price,-0.38138138138138145,,dimension_score,,1
price_family_ma6_structural_linked,district_of_columbia_dc__county,2015-02-28,price,0.454954954954955,,dimension_score,,2
price_family_ma6_structural_linked,district_of_columbia_dc__county,2015-03-31,price,0.22357174988753936,,dimension_score,,3
price_family_ma6_structural_linked,district_of_columbia_dc__county,2015-04-30,price,0.7807264957264957,,dimension_score,,4
price_family_ma6_structural_linked,district_of_columbia_dc__county,2015-05-31,price,0.6385365853658536,0.8233333333333334,dimension_score,0.1847967479674798,5
price_family_ma6_structural_linked,district_of_columbia_dc__county,2015-06-30,price,0.14692218350754932,0.8818918918918919,dimension_score,0.7349697083843425,6
price_family_ma6_structural_linked,district_of_columbia_dc__county,2015-07-31,price,-0.062015503875969005,0.98,dimension_score,1.042015503875969,7
price_family_ma6_structural_linked,district_of_columbia_dc__county,2015-08-31,price,-0.06730091613812543,0.7340740740740741,dimension_score,0.8013749902121995,8
price_family_ma6_structural_linked,district_of_columbia_dc__county,2015-09-30,price,0.14612794612794613,0.5068468468468469,dimension_score,0.3607189007189008,9
price_family_ma6_structural_linked,district_of_columbia_dc__county,2015-10-31,price,-0.24782608695652172,0.25631151048352585,dimension_score,0.5041375974400476,10
price_family_ma6_structural_linked,district_of_columbia_dc__county,2015-11-30,price,0.719395621338267,0.012210012210012234,dimension_score,-0.7071856091282547,11
price_family_ma6_structural_linked,district_of_columbia_dc__county,2015-12-31,price,-0.40463947990543736,-0.2441860465116279,dimension_score,0.16045343339380946,12
price_family_ma6_structural_linked,district_of_columbia_dc__county,2016-01-31,price,-0.4456379849236992,-0.3558758314855876,dimension_score,0.08976215343811161,1
price_family_ma6_structural_linked,district_of_columbia_dc__county,2016-02-29,price,0.34473469387755096,-0.292063492063492,dimension_score,-0.636798185941043,2
price_family_ma6_structural_linked,district_of_columbia_dc__county,2016-03-31,price,-0.20638310708898938,-0.22093023255813954,dimension_score,-0.014547125469150157,3
price_family_ma6_structural_linked,district_of_columbia_dc__county,2016-04-30,price,0.051613876319758625,0.07736943907156674,dimension_score,0.02575556275180811,4
price_family_ma6_structural_linked,district_of_columbia_dc__county,2016-05-31,price,0.41382363977485925,-0.1047222222222222,dimension_score,-0.5185458619970814,5
price_family_ma6_structural_linked,district_of_columbia_dc__county,2016-06-30,price,-0.37431366676649697,-0.032888078850811825,dimension_score,0.3414255879156851,6
price_family_ma6_structural_linked,district_of_columbia_dc__county,2016-07-31,price,0.3945359016521807,0.22221948488241874,dimension_score,-0.17231641676976198,7
price_family_ma6_structural_linked,district_of_columbia_dc__county,2016-08-31,price,0.05701298701298696,0.25561538461538463,dimension_score,0.19860239760239767,8
price_family_ma6_structural_linked,district_of_columbia_dc__county,2016-09-30,price,-0.1716457811194654,0.21457142857142864,dimension_score,0.386217209690894,9
price_family_ma6_structural_linked,district_of_columbia_dc__county,2016-10-31,price,0.2506404692390647,0.22448780487804876,dimension_score,-0.02615266436101593,10
price_family_ma6_structural_linked,district_of_columbia_dc__county,2016-11-30,price,0.014964497556486808,0.04624961095549327,dimension_score,0.03128511339900646,11
price_family_ma6_structural_linked,district_of_columbia_dc__county,2016-12-31,price,0.08796610169491527,0.12624491787282482,dimension_score,0.038278816177909555,12
price_family_ma6_structural_linked,district_of_columbia_dc__county,2017-01-31,price,0.19566633210661316,0.047537368292085255,dimension_score,-0.1481289638145279,1
price_family_ma6_structural_linked,district_of_columbia_dc__county,2017-02-28,price,-0.06679428873611845,-0.15820662768031188,dimension_score,-0.09141233894419343,2
price_family_ma6_structural_linked,district_of_columbia_dc__county,2017-03-31,price,0.5984879973494774,0.017276816137385867,dimension_score,-0.5812111812120916,3
price_family_ma6_structural_linked,district_of_columbia_dc__county,2017-04-30,price,-0.06719001831501833,0.02765184689093811,dimension_score,0.09484186520595644,4
price_family_ma6_structural_linked,district_of_columbia_dc__county,2017-05-31,price,0.12205515239477509,0.2315087719298246,dimension_score,0.10945361953504952,5
price_family_ma6_structural_linked,district_of_columbia_dc__county,2017-06-30,price,-0.011665371665371647,0.1872779271120546,dimension_score,0.19894329877742625,6
price_family_ma6_structural_linked,district_of_columbia_dc__county,2017-07-31,price,-0.30322930800542736,0.1683619464188081,dimension_score,0.47159125442423544,7
price_family_ma6_structural_linked,district_of_columbia_dc__county,2017-08-31,price,-0.4641226639909696,0.028550887021475263,dimension_score,0.4926735510124448,8
price_family_ma6_structural_linked,district_of_columbia_dc__county,2017-09-30,price,-0.6779826804863822,-0.31765841740226985,dimension_score,0.36032426308411236,9
price_family_ma6_structural_linked,district_of_columbia_dc__county,2017-10-31,price,0.1466038409366745,-0.37279273374221644,dimension_score,-0.5193965746788909,10
price_family_ma6_structural_linked,district_of_columbia_dc__county,2017-11-30,price,-0.34713092111994004,-0.562962962962963,dimension_score,-0.21583204184302296,11
price_family_ma6_structural_linked,district_of_columbia_dc__county,2017-12-31,price,0.07633020344287952,-0.50952170963365,dimension_score,-0.5858519130765295,12
price_family_ma6_structural_linked,district_of_columbia_dc__county,2018-01-31,price,-0.7033622776155901,-0.6356690368455074,dimension_score,0.06769324077008276,1
price_family_ma6_structural_linked,district_of_columbia_dc__county,2018-02-28,price,0.2556854689422078,-0.5414603702933223,dimension_score,-0.7971458392355301,2
price_family_ma6_structural_linked,district_of_columbia_dc__county,2018-03-31,price,0.2602359502359502,-0.28275420924931993,dimension_score,-0.5429901594852702,3
price_family_ma6_structural_linked,district_of_columbia_dc__county,2018-04-30,price,0.5221184210526316,0.0008664148399870897,dimension_score,-0.5212520062126446,4
price_family_ma6_structural_linked,district_of_columbia_dc__county,2018-05-31,price,0.2581862348178137,0.3132657004830918,dimension_score,0.055079465665278105,5
price_family_ma6_structural_linked,district_of_columbia_dc__county,2018-06-30,price,-0.048653346653346696,0.24414988290398132,dimension_score,0.292803229557328,6
price_family_ma6_structural_linked,district_of_columbia_dc__county,2018-07-31,price,0.03462628435233761,0.45660881417537474,dimension_score,0.42198252982303713,7
price_family_ma6_structural_linked,district_of_columbia_dc__county,2018-08-31,price,0.06690431868950114,0.37615873015873025,dimension_score,0.3092544114692291,8
price_family_ma6_structural_linked,district_of_columbia_dc__county,2018-09-30,price,-0.39326355340848096,0.25862923576063446,dimension_score,0.6518927891691154,9
price_family_ma6_structural_linked,district_of_columbia_dc__county,2018-10-31,price,0.7553449477351917,0.05969489969489972,dimension_score,-0.695650048040292,10
price_family_ma6_structural_linked,district_of_columbia_dc__county,2018-11-30,price,-0.22975667699999588,-0.11713752913752914,dimension_score,0.11261914786246674,11
price_family_ma6_structural_linked,district_of_columbia_dc__county,2018-12-31,price,-0.13832472748135394,-0.18006204818678095,dimension_score,-0.04173732070542702,12
price_family_ma6_structural_linked,district_of_columbia_dc__county,2019-01-31,price,0.22829438624764975,-0.14829831932773108,dimension_score,-0.3765927055753808,1
price_family_ma6_structural_linked,district_of_columbia_dc__county,2019-02-28,price,0.25294857100602663,-0.09229117634914742,dimension_score,-0.34523974735517404,2
price_family_ma6_structural_linked,district_of_columbia_dc__county,2019-03-31,price,-0.13811280406308477,0.042121466060953544,dimension_score,0.1802342701240383,3
price_family_ma6_structural_linked,district_of_columbia_dc__county,2019-04-30,price,0.03126134301270417,-0.04765993551671471,dimension_score,-0.07892127852941888,4
price_family_ma6_structural_linked,district_of_columbia_dc__county,2019-05-31,price,-0.301087115132059,-0.09620811287477957,dimension_score,0.20487900225727942,5
price_family_ma6_structural_linked,district_of_columbia_dc__county,2019-06-30,price,-0.1531322385479689,-0.12130032821681962,dimension_score,0.03183191033114928,6
price_family_ma6_structural_linked,district_of_columbia_dc__county,2019-07-31,price,-0.2334356501445109,-0.06633098831529763,dimension_score,0.16710466182921327,7
price_family_ma6_structural_linked,district_of_columbia_dc__county,2019-08-31,price,-0.2677544194935499,-0.15791133004926108,dimension_score,0.1098430894442888,8
price_family_ma6_structural_linked,district_of_columbia_dc__county,2019-09-30,price,0.3208699115197479,-0.14921080776808332,dimension_score,-0.47008071928783124,9
price_family_ma6_structural_linked,district_of_columbia_dc__county,2019-10-31,price,-0.216599985491962,-0.26360887609907735,dimension_score,-0.047008890607115356,10
price_family_ma6_structural_linked,district_of_columbia_dc__county,2019-11-30,price,0.27788558939003494,-0.1292030651340996,dimension_score,-0.40708865452413456,11
price_family_ma6_structural_linked,district_of_columbia_dc__county,2019-12-31,price,0.12239536340852131,-0.04274469833963501,dimension_score,-0.16514006174815632,12
price_family_ma6_structural_linked,district_of_columbia_dc__county,2020-01-31,price,-0.4817773398019002,-0.08461406936980947,dimension_score,0.3971632704320907,1
price_family_ma6_structural_linked,district_of_columbia_dc__county,2020-02-29,price,0.3321642634517245,-0.07114297092791719,dimension_score,-0.40330723437964167,2
price_family_ma6_structural_linked,district_of_columbia_dc__county,2020-03-31,price,0.5916760852721444,-0.03091244717918304,dimension_score,-0.6225885324513275,3
price_family_ma6_structural_linked,district_of_columbia_dc__county,2020-04-30,price,-0.03648484848484848,0.2482197347743376,dimension_score,0.2847045832591861,4
price_family_ma6_structural_linked,district_of_columbia_dc__county,2020-05-31,price,0.41558593836911784,0.32240476190476197,dimension_score,-0.09318117646435586,5
price_family_ma6_structural_linked,district_of_columbia_dc__county,2020-06-30,price,-0.18045039798097462,0.16128098267163854,dimension_score,0.34173138065261316,6
price_family_ma6_structural_linked,district_of_columbia_dc__county,2020-07-31,price,0.6600074766276937,0.49426757924712117,dimension_score,-0.1657398973805725,7
price_family_ma6_structural_linked,district_of_columbia_dc__county,2020-08-31,price,0.5028210864694613,0.6343157436433299,dimension_score,0.13149465717386855,8
price_family_ma6_structural_linked,district_of_columbia_dc__county,2020-09-30,price,0.5801292685808814,0.7422961574507967,dimension_score,0.16216688886991526,9
price_family_ma6_structural_linked,district_of_columbia_dc__county,2020-10-31,price,0.6634772036474164,0.7612373308874113,dimension_score,0.09776012723999494,10
price_family_ma6_structural_linked,district_of_columbia_dc__county,2020-11-30,price,0.28008744396699736,0.7164040404040405,dimension_score,0.4363165964370431,11
price_family_ma6_structural_linked,district_of_columbia_dc__county,2020-12-31,price,-0.03755192107995847,0.6832527472527473,dimension_score,0.7208046683327058,12
price_family_ma6_structural_linked,district_of_columbia_dc__county,2021-01-31,price,0.55300818647078,0.5672920295374019,dimension_score,0.014283843066621893,1
price_family_ma6_structural_linked,district_of_columbia_dc__county,2021-02-28,price,0.6197980970536672,0.5010776181440318,dimension_score,-0.11872047890963533,2
price_family_ma6_structural_linked,district_of_columbia_dc__county,2021-03-31,price,0.38538738738738737,0.47813430875423374,dimension_score,0.09274692136684637,3
price_family_ma6_structural_linked,district_of_columbia_dc__county,2021-04-30,price,0.5345366795366795,0.4945178402512392,dimension_score,-0.04001883928544031,4
price_family_ma6_structural_linked,district_of_columbia_dc__county,2021-05-31,price,0.5375841584158416,0.5090317460317462,dimension_score,-0.02855241238409545,5
price_family_ma6_structural_linked,district_of_columbia_dc__county,2021-06-30,price,0.5524992100240189,0.7270709978603385,dimension_score,0.17457178783631955,6
price_family_ma6_structural_linked,district_of_columbia_dc__county,2021-07-31,price,0.17461035450593557,0.7950844936105285,dimension_score,0.6204741391045929,7
price_family_ma6_structural_linked,district_of_columbia_dc__county,2021-08-31,price,-0.053228001383923404,0.6704107744107745,dimension_score,0.7236387757946978,8
price_family_ma6_structural_linked,district_of_columbia_dc__county,2021-09-30,price,-0.30161845817018235,0.32341939711664486,dimension_score,0.6250378552868272,9
price_family_ma6_structural_linked,district_of_columbia_dc__county,2021-10-31,price,0.2974863157664565,0.1993451964665493,dimension_score,-0.09814111929990721,10
price_family_ma6_structural_linked,district_of_columbia_dc__county,2021-11-30,price,0.2536437496589004,0.1716340055225504,dimension_score,-0.08200974413635001,11
price_family_ma6_structural_linked,district_of_columbia_dc__county,2021-12-31,price,-0.019839713663243084,-0.02599776879937281,dimension_score,-0.006158055136129725,12
price_family_ma6_structural_linked,district_of_columbia_dc__county,2022-01-31,price,-0.1141131498470948,-0.22525058097227765,dimension_score,-0.11113743112518286,1
price_family_ma6_structural_linked,district_of_columbia_dc__county,2022-02-28,price,0.25636363636363635,-0.24568086883876356,dimension_score,-0.5020445052023998,2
price_family_ma6_structural_linked,district_of_columbia_dc__county,2022-03-31,price,0.060585585585585605,-0.022898207755731995,dimension_score,-0.0834837933413176,3
price_family_ma6_structural_linked,district_of_columbia_dc__county,2022-04-30,price,0.4863333333333333,0.15725551580606456,dimension_score,-0.3290778175272687,4
price_family_ma6_structural_linked,district_of_columbia_dc__county,2022-05-31,price,-0.32351917404129793,-0.06948717948717945,dimension_score,0.2540319945541185,5
price_family_ma6_structural_linked,district_of_columbia_dc__county,2022-06-30,price,0.4068771929824563,-0.018806821126833545,dimension_score,-0.4256840141092898,6
price_family_ma6_structural_linked,district_of_columbia_dc__county,2022-07-31,price,-0.5542028985507248,-0.0743516679399032,dimension_score,0.4798512306108216,7
price_family_ma6_structural_linked,district_of_columbia_dc__county,2022-08-31,price,-0.3549425287356322,-0.08711711711711716,dimension_score,0.26782541161851503,8
price_family_ma6_structural_linked,district_of_columbia_dc__county,2022-09-30,price,-0.2050854700854701,-0.3178571428571429,dimension_score,-0.1127716727716728,9
price_family_ma6_structural_linked,district_of_columbia_dc__county,2022-10-31,price,-0.2607175141242938,-0.5139823008849558,dimension_score,-0.253264786760662,10
price_family_ma6_structural_linked,district_of_columbia_dc__county,2022-11-30,price,-0.14677030812324926,-0.5559122807017544,dimension_score,-0.4091419725785051,11
price_family_ma6_structural_linked,district_of_columbia_dc__county,2022-12-31,price,-0.5316666666666666,-0.6479420289855072,dimension_score,-0.11627536231884061,12
price_family_ma6_structural_linked,district_of_columbia_dc__county,2023-01-31,price,-0.7603333333333333,-0.6658735632183909,dimension_score,0.09445977011494244,1
price_family_ma6_structural_linked,district_of_columbia_dc__county,2023-02-28,price,0.11933333333333335,-0.6616581196581197,dimension_score,-0.780991452991453,2
price_family_ma6_structural_linked,district_of_columbia_dc__county,2023-03-31,price,-0.21666666666666673,-0.5992203389830508,dimension_score,-0.3825536723163841,3
price_family_ma6_structural_linked,district_of_columbia_dc__county,2023-04-30,price,0.08333333333333331,-0.36424929971988795,dimension_score,-0.44758263305322127,4
price_family_ma6_structural_linked,district_of_columbia_dc__county,2023-05-31,price,-0.0050000000000000044,-0.2326666666666667,dimension_score,-0.22766666666666668,5
price_family_ma6_structural_linked,district_of_columbia_dc__county,2023-06-30,price,-0.5403333333333333,-0.201,dimension_score,0.3393333333333333,6
price_family_ma6_structural_linked,district_of_columbia_dc__county,2023-07-31,price,-0.10833333333333331,-0.06666666666666668,dimension_score,0.04166666666666663,7
price_family_ma6_structural_linked,district_of_columbia_dc__county,2023-08-31,price,-0.09499999999999997,-0.07166666666666668,dimension_score,0.02333333333333329,8
price_family_ma6_structural_linked,district_of_columbia_dc__county,2023-09-30,price,-0.24333333333333335,-0.08833333333333332,dimension_score,0.15500000000000003,9
price_family_ma6_structural_linked,district_of_columbia_dc__county,2023-10-31,price,0.44333333333333336,-0.22000000000000003,dimension_score,-0.6633333333333333,10
price_family_ma6_structural_linked,district_of_columbia_dc__county,2023-11-30,price,-0.45833333333333337,-0.3433333333333334,dimension_score,0.11499999999999999,11
price_family_ma6_structural_linked,district_of_columbia_dc__county,2023-12-31,price,-0.6616666666666666,-0.385,dimension_score,0.2766666666666666,12
price_family_ma6_structural_linked,district_of_columbia_dc__county,2024-01-31,price,0.54,-0.4,dimension_score,-0.9400000000000001,1
price_family_ma6_structural_linked,district_of_columbia_dc__county,2024-02-29,price,-0.6876666666666666,-0.49333333333333335,dimension_score,0.1943333333333333,2
price_family_ma6_structural_linked,district_of_columbia_dc__county,2024-03-31,price,0.41600000000000004,-0.3716666666666667,dimension_score,-0.7876666666666667,3
price_family_ma6_structural_linked,district_of_columbia_dc__county,2024-04-30,price,0.13333333333333336,-0.33,dimension_score,-0.4633333333333334,4
price_family_ma6_structural_linked,district_of_columbia_dc__county,2024-05-31,price,0.20666666666666667,-0.026666666666666672,dimension_score,-0.23333333333333334,5
price_family_ma6_structural_linked,district_of_columbia_dc__county,2024-06-30,price,0.6126666666666667,0.3983333333333333,dimension_score,-0.21433333333333338,6
price_family_ma6_structural_linked,district_of_columbia_dc__county,2024-07-31,price,-0.13500000000000004,0.431,dimension_score,0.5660000000000001,7
price_family_ma6_structural_linked,district_of_columbia_dc__county,2024-08-31,price,-0.13833333333333334,0.6020000000000001,dimension_score,0.7403333333333334,8
price_family_ma6_structural_linked,district_of_columbia_dc__county,2024-09-30,price,-0.43333333333333335,0.2866666666666666,dimension_score,0.72,9
price_family_ma6_structural_linked,district_of_columbia_dc__county,2024-10-31,price,0.24499999999999997,0.09,dimension_score,-0.15499999999999997,10
price_family_ma6_structural_linked,district_of_columbia_dc__county,2024-11-30,price,0.08833333333333332,-0.10166666666666668,dimension_score,-0.19,11
price_family_ma6_structural_linked,district_of_columbia_dc__county,2024-12-31,price,-0.4000000000000001,-0.4033333333333333,dimension_score,-0.0033333333333332438,12
price_family_ma6_structural_linked,district_of_columbia_dc__county,2025-01-31,price,-0.7416666666666667,-0.6116666666666667,dimension_score,0.13,1
price_family_ma6_structural_linked,district_of_columbia_dc__county,2025-02-28,price,0.6176666666666667,-0.5576666666666666,dimension_score,-1.1753333333333333,2
price_family_ma6_structural_linked,district_of_columbia_dc__county,2025-03-31,price,0.15,-0.4083333333333333,dimension_score,-0.5583333333333333,3
price_family_ma6_structural_linked,district_of_columbia_dc__county,2025-04-30,price,0.6013333333333334,0.04999999999999999,dimension_score,-0.5513333333333335,4
price_family_ma6_structural_linked,district_of_columbia_dc__county,2025-05-31,price,-0.051666666666666645,0.07666666666666666,dimension_score,0.1283333333333333,5
price_family_ma6_structural_linked,district_of_columbia_dc__county,2025-06-30,price,-0.22666666666666668,0.15000000000000002,dimension_score,0.3766666666666667,6
price_family_ma6_structural_linked,district_of_columbia_dc__county,2025-07-31,price,-0.05,0.43966666666666665,dimension_score,0.48966666666666664,7
price_family_ma6_structural_linked,district_of_columbia_dc__county,2025-08-31,price,-0.2566666666666667,0.31133333333333335,dimension_score,0.5680000000000001,8
price_family_ma6_structural_linked,district_of_columbia_dc__county,2025-09-30,price,0.06833333333333336,0.24966666666666676,dimension_score,0.1813333333333334,9
price_family_ma6_structural_linked,district_of_columbia_dc__county,2025-10-31,price,-0.14666666666666664,-0.18333333333333335,dimension_score,-0.03666666666666671,10
price_family_ma6_structural_linked,district_of_columbia_dc__county,2025-11-30,price,-0.05000000000000002,-0.34166666666666673,dimension_score,-0.29166666666666674,11
price_family_ma6_structural_linked,district_of_columbia_dc__county,2025-12-31,price,0.003333333333333355,-0.22166666666666668,dimension_score,-0.22500000000000003,12
price_family_ma6_structural_linked,district_of_columbia_dc__county,2026-01-31,price,0.251,-0.13500000000000006,dimension_score,-0.38600000000000007,1
price_family_ma6_structural_linked,district_of_columbia_dc__county,2026-02-28,price,-0.76,-0.32500000000000007,dimension_score,0.43499999999999994,2
price_family_ma6_structural_linked,district_of_columbia_dc__county,2026-03-31,price,0.36933333333333335,-0.3116666666666667,dimension_score,-0.681,3
price_family_ma6_structural_linked,district_of_columbia_dc__county,2026-04-30,price,-0.2833333333333334,-0.37166666666666665,dimension_score,-0.08833333333333326,4
price_family_ma6_structural_linked,district_of_columbia_dc__county,2026-05-31,price,0.518,-0.013333333333333308,dimension_score,-0.5313333333333333,5
price_family_ma6_structural_linked,district_of_columbia_dc__county,2026-06-30,price,0.518,-0.013333333333333308,dimension_score,-0.5313333333333333,6
price_family_ma6_structural_linked,district_of_columbia_dc__county,2026-07-31,price,0.518,-0.013333333333333308,dimension_score,-0.5313333333333333,7
price_family_ma6_structural_linked,district_of_columbia_dc__county,2014-12-31,median_ppsf,0.1666666666666667,,metric_score,,12
price_family_ma6_structural_linked,district_of_columbia_dc__county,2015-01-31,median_ppsf,-0.4714714714714715,,metric_score,,1
price_family_ma6_structural_linked,district_of_columbia_dc__county,2015-02-28,median_ppsf,0.8060692271218588,,metric_score,,2
price_family_ma6_structural_linked,district_of_columbia_dc__county,2015-03-31,median_ppsf,0.02294197031039134,,metric_score,,3
price_family_ma6_structural_linked,district_of_columbia_dc__county,2015-04-30,median_ppsf,0.97,,metric_score,,4
price_family_ma6_structural_linked,district_of_columbia_dc__county,2015-05-31,median_ppsf,0.41707317073170724,0.6666666666666667,metric_score,0.2495934959349595,5
price_family_ma6_structural_linked,district_of_columbia_dc__county,2015-06-30,median_ppsf,0.12272551296941536,0.7837837837837838,metric_score,0.6610582708143684,6
price_family_ma6_structural_linked,district_of_columbia_dc__county,2015-07-31,median_ppsf,-0.10889627168696943,0.98,metric_score,1.0888962716869695,7
price_family_ma6_structural_linked,district_of_columbia_dc__county,2015-08-31,median_ppsf,0.1649048625792812,0.7711111111111111,metric_score,0.6062062485318299,8
price_family_ma6_structural_linked,district_of_columbia_dc__county,2015-09-30,median_ppsf,0.28888888888888886,0.5248648648648649,metric_score,0.23597597597597608,9
price_family_ma6_structural_linked,district_of_columbia_dc__county,2015-10-31,median_ppsf,-0.4473429951690821,0.24689773213521607,metric_score,0.6942407273042982,10
price_family_ma6_structural_linked,district_of_columbia_dc__county,2015-11-30,median_ppsf,0.597286463151403,-0.004884004884004866,metric_score,-0.6021704680354079,11
price_family_ma6_structural_linked,district_of_columbia_dc__county,2015-12-31,median_ppsf,-0.23882978723404252,-0.2108527131782945,metric_score,0.027977074055748036,12
price_family_ma6_structural_linked,district_of_columbia_dc__county,2016-01-31,median_ppsf,-0.45244530244530246,-0.36991869918699194,metric_score,0.08252660325831052,1
price_family_ma6_structural_linked,district_of_columbia_dc__county,2016-02-29,median_ppsf,-0.12396133190118158,-0.3841269841269841,metric_score,-0.2601656522258025,2
price_family_ma6_structural_linked,district_of_columbia_dc__county,2016-03-31,median_ppsf,0.31511312217194576,-0.30266262217728346,metric_score,-0.6177757443492292,3
price_family_ma6_structural_linked,district_of_columbia_dc__county,2016-04-30,median_ppsf,-0.05218702865761696,-0.04900064474532563,metric_score,0.0031863839122913268,4
price_family_ma6_structural_linked,district_of_columbia_dc__county,2016-05-31,median_ppsf,0.2916848030018761,-0.03444444444444447,metric_score,-0.32612924744632055,5
price_family_ma6_structural_linked,district_of_columbia_dc__county,2016-06-30,median_ppsf,-0.3572127383448138,-0.03575625314755754,metric_score,0.3214564851972563,6
price_family_ma6_structural_linked,district_of_columbia_dc__county,2016-07-31,median_ppsf,0.5353626184323859,0.22828219484882412,metric_score,-0.30708042358356175,7
price_family_ma6_structural_linked,district_of_columbia_dc__county,2016-08-31,median_ppsf,-0.40974025974025974,0.30882051282051287,metric_score,0.7185607725607726,8
price_family_ma6_structural_linked,district_of_columbia_dc__county,2016-09-30,median_ppsf,0.03161236424394315,0.1037551020408164,metric_score,0.07214273779687325,9
price_family_ma6_structural_linked,district_of_columbia_dc__county,2016-10-31,median_ppsf,0.15752123938030982,0.12068292682926832,metric_score,-0.0368383125510415,10
price_family_ma6_structural_linked,district_of_columbia_dc__county,2016-11-30,median_ppsf,0.0689331857691782,0.04176781823840643,metric_score,-0.02716536753077177,11
price_family_ma6_structural_linked,district_of_columbia_dc__county,2016-12-31,median_ppsf,-0.11661016949152544,0.048189949585298375,metric_score,0.16480011907682382,12
price_family_ma6_structural_linked,district_of_columbia_dc__county,2017-01-31,median_ppsf,0.2787019069923051,0.00385934819897088,metric_score,-0.27484255879333425,1
price_family_ma6_structural_linked,district_of_columbia_dc__county,2017-02-28,median_ppsf,0.48742887361184556,0.14900584795321642,metric_score,-0.33842302565862914,2
price_family_ma6_structural_linked,district_of_columbia_dc__county,2017-03-31,median_ppsf,0.44233005029968986,0.28251328881014043,metric_score,-0.15981676148954943,3
price_family_ma6_structural_linked,district_of_columbia_dc__county,2017-04-30,median_ppsf,0.32005372405372406,0.42777806398433876,metric_score,0.1077243399306147,4
price_family_ma6_structural_linked,district_of_columbia_dc__county,2017-05-31,median_ppsf,-0.1099274310595065,0.4872280701754386,metric_score,0.5971555012349451,5
price_family_ma6_structural_linked,district_of_columbia_dc__county,2017-06-30,median_ppsf,0.057373737373737396,0.46398029556650255,metric_score,0.40660655819276514,6
price_family_ma6_structural_linked,district_of_columbia_dc__county,2017-07-31,median_ppsf,-0.2626684758028041,0.37769491525423726,metric_score,0.6403633910570414,7
price_family_ma6_structural_linked,district_of_columbia_dc__county,2017-08-31,median_ppsf,-0.35570048915088426,0.1654154995331466,metric_score,0.5211159886840309,8
price_family_ma6_structural_linked,district_of_columbia_dc__county,2017-09-30,median_ppsf,-0.6597927042670615,-0.35418505674653217,metric_score,0.3056076475205293,9
price_family_ma6_structural_linked,district_of_columbia_dc__county,2017-10-31,median_ppsf,0.03945455843506818,-0.4860470995833138,metric_score,-0.525501658018382,10
price_family_ma6_structural_linked,district_of_columbia_dc__county,2017-11-30,median_ppsf,-0.41445281860655464,-0.5817219817219818,metric_score,-0.1672691631154271,11
price_family_ma6_structural_linked,district_of_columbia_dc__county,2017-12-31,median_ppsf,0.10768388106416277,-0.543476933514247,metric_score,-0.6511608145784098,12
price_family_ma6_structural_linked,district_of_columbia_dc__county,2018-01-31,median_ppsf,-0.6338423534695712,-0.592049127343245,metric_score,0.04179322612632619,1
price_family_ma6_structural_linked,district_of_columbia_dc__county,2018-02-28,median_ppsf,0.1622242658035853,-0.5016434366548783,metric_score,-0.6638677024584636,2
price_family_ma6_structural_linked,district_of_columbia_dc__county,2018-03-31,median_ppsf,0.42508622908622906,-0.22709212557900155,metric_score,-0.6521783546652307,3
price_family_ma6_structural_linked,district_of_columbia_dc__county,2018-04-30,median_ppsf,0.25800000000000006,0.06674624015278108,metric_score,-0.19125375984721898,4
price_family_ma6_structural_linked,district_of_columbia_dc__county,2018-05-31,median_ppsf,0.5236113360323886,0.45628985507246383,metric_score,-0.0673214809599248,5
price_family_ma6_structural_linked,district_of_columbia_dc__county,2018-06-30,median_ppsf,-0.30889110889110893,0.2949227166276347,metric_score,0.6038138255187436,6
price_family_ma6_structural_linked,district_of_columbia_dc__county,2018-07-31,median_ppsf,0.4280786912564733,0.5154911403907314,metric_score,0.08741244913425811,7
price_family_ma6_structural_linked,district_of_columbia_dc__county,2018-08-31,median_ppsf,0.4402717795979152,0.530920634920635,metric_score,0.09064885532271982,8
price_family_ma6_structural_linked,district_of_columbia_dc__county,2018-09-30,median_ppsf,-0.3654159957058508,0.439428622927181,metric_score,0.8048446186330318,9
price_family_ma6_structural_linked,district_of_columbia_dc__county,2018-10-31,median_ppsf,0.789630662020906,0.29389313389313393,metric_score,-0.4957375281277721,10
price_family_ma6_structural_linked,district_of_columbia_dc__county,2018-11-30,median_ppsf,-0.5543054388629751,-0.0510955710955711,metric_score,0.5032098677674041,11
price_family_ma6_structural_linked,district_of_columbia_dc__county,2018-12-31,median_ppsf,-0.3943966341556703,-0.15114699652967672,metric_score,0.24324963762599355,12
price_family_ma6_structural_linked,district_of_columbia_dc__county,2019-01-31,median_ppsf,0.6178657764475654,-0.12971352177234527,metric_score,-0.7475792982199106,1
price_family_ma6_structural_linked,district_of_columbia_dc__county,2019-02-28,median_ppsf,-0.1682907531334344,-0.2858004046409844,metric_score,-0.11750965150755,2
price_family_ma6_structural_linked,district_of_columbia_dc__county,2019-03-31,median_ppsf,-0.2847345629510826,-0.257402196445111,metric_score,0.02733236650597165,3
price_family_ma6_structural_linked,district_of_columbia_dc__county,2019-04-30,median_ppsf,0.01263817851839627,-0.3704089597827931,metric_score,-0.38304713830118936,4
price_family_ma6_structural_linked,district_of_columbia_dc__county,2019-05-31,median_ppsf,-0.4977819932876113,-0.2557319223985891,metric_score,0.2420500708890222,5
price_family_ma6_structural_linked,district_of_columbia_dc__county,2019-06-30,median_ppsf,-0.34795736099106883,-0.2408058017727639,metric_score,0.10715155921830494,6
price_family_ma6_structural_linked,district_of_columbia_dc__county,2019-07-31,median_ppsf,-0.11570083924514307,-0.2066170401278275,metric_score,-0.09091620088268443,7
price_family_ma6_structural_linked,district_of_columbia_dc__county,2019-08-31,median_ppsf,-0.6004013377926422,-0.28227257799671596,metric_score,0.3181287597959262,8
price_family_ma6_structural_linked,district_of_columbia_dc__county,2019-09-30,median_ppsf,0.2224126885183454,-0.29466929355474253,metric_score,-0.5170819820730879,9
price_family_ma6_structural_linked,district_of_columbia_dc__county,2019-10-31,median_ppsf,-0.2150035433092835,-0.3858578317423366,metric_score,-0.17085428843305311,10
price_family_ma6_structural_linked,district_of_columbia_dc__county,2019-11-30,median_ppsf,-0.15384071560598495,-0.3525493663424698,metric_score,-0.19870865073648486,11
price_family_ma6_structural_linked,district_of_columbia_dc__county,2019-12-31,median_ppsf,-0.3136152882205514,-0.4070360019727108,metric_score,-0.09342071375215938,12
price_family_ma6_structural_linked,district_of_columbia_dc__county,2020-01-31,median_ppsf,-0.6317303416211846,-0.5210942843185149,metric_score,0.11063605730266968,1
price_family_ma6_structural_linked,district_of_columbia_dc__county,2020-02-29,median_ppsf,0.42117830109747095,-0.3725527678215851,metric_score,-0.793731068919056,2
price_family_ma6_structural_linked,district_of_columbia_dc__county,2020-03-31,median_ppsf,0.6080410011444495,-0.22995032989843578,metric_score,-0.8379913310428853,3
price_family_ma6_structural_linked,district_of_columbia_dc__county,2020-04-30,median_ppsf,-0.37103030303030304,-0.056501337156405984,metric_score,0.31452896587389706,4
price_family_ma6_structural_linked,district_of_columbia_dc__county,2020-05-31,median_ppsf,0.14600333741239296,-0.0028033794162826697,metric_score,-0.14880671682867563,5
price_family_ma6_structural_linked,district_of_columbia_dc__county,2020-06-30,median_ppsf,-0.08229858279945643,0.02475826742190626,metric_score,0.10705685022136269,6
price_family_ma6_structural_linked,district_of_columbia_dc__county,2020-07-31,median_ppsf,0.6491173018871477,0.3882267129618065,metric_score,-0.26089058892534117,7
price_family_ma6_structural_linked,district_of_columbia_dc__county,2020-08-31,median_ppsf,0.38617235445010883,0.48699930337861375,metric_score,0.10082694892850491,8
price_family_ma6_structural_linked,district_of_columbia_dc__county,2020-09-30,median_ppsf,0.7117981803143093,0.5926223055295221,metric_score,-0.1191758747847872,9
price_family_ma6_structural_linked,district_of_columbia_dc__county,2020-10-31,median_ppsf,0.5147031408308004,0.6840531988076131,metric_score,0.16935005797681268,10
price_family_ma6_structural_linked,district_of_columbia_dc__county,2020-11-30,median_ppsf,0.09978561285951609,0.6735757575757577,metric_score,0.5737901447162417,11
price_family_ma6_structural_linked,district_of_columbia_dc__county,2020-12-31,median_ppsf,0.348208722741433,0.6864615384615385,metric_score,0.33825281572010546,12
price_family_ma6_structural_linked,district_of_columbia_dc__county,2021-01-31,median_ppsf,0.8584872018523774,0.62776926388291,metric_score,-0.23071793796946738,1
price_family_ma6_structural_linked,district_of_columbia_dc__county,2021-02-28,median_ppsf,0.703994757536042,0.6792384566729919,metric_score,-0.02475630086305014,2
price_family_ma6_structural_linked,district_of_columbia_dc__county,2021-03-31,median_ppsf,0.6533737373737374,0.690112786614336,metric_score,0.036739049240598565,3
price_family_ma6_structural_linked,district_of_columbia_dc__county,2021-04-30,median_ppsf,0.670882882882883,0.7707368421052632,metric_score,0.09985395922238016,4
price_family_ma6_structural_linked,district_of_columbia_dc__county,2021-05-31,median_ppsf,0.5008090523338048,0.8276666666666668,metric_score,0.326857614332862,5
price_family_ma6_structural_linked,district_of_columbia_dc__county,2021-06-30,median_ppsf,0.4313999470305122,0.9351698113207548,metric_score,0.5037698642902426,6
price_family_ma6_structural_linked,district_of_columbia_dc__county,2021-07-31,median_ppsf,0.446969555590115,0.8967438489414459,metric_score,0.4497742933513309,7
price_family_ma6_structural_linked,district_of_columbia_dc__county,2021-08-31,median_ppsf,0.11894591165955487,0.7111515151515152,metric_score,0.5922056034919603,8
price_family_ma6_structural_linked,district_of_columbia_dc__county,2021-09-30,median_ppsf,-0.04186265841438255,0.4731507208387943,metric_score,0.5150133792531768,9
price_family_ma6_structural_linked,district_of_columbia_dc__county,2021-10-31,median_ppsf,0.014519801344233668,0.2554716710609114,metric_score,0.24095186971667773,10
price_family_ma6_structural_linked,district_of_columbia_dc__county,2021-11-30,median_ppsf,-0.032511011691228095,0.12522243605834935,metric_score,0.15773344774957743,11
price_family_ma6_structural_linked,district_of_columbia_dc__county,2021-12-31,median_ppsf,0.041724245253657026,-0.032530905143821925,metric_score,-0.07425515039747896,12
price_family_ma6_structural_linked,district_of_columbia_dc__county,2022-01-31,median_ppsf,-0.1518960244648318,-0.24948240651627895,metric_score,-0.09758638205144715,1
price_family_ma6_structural_linked,district_of_columbia_dc__county,2022-02-28,median_ppsf,0.3433333333333334,-0.23197223828802774,metric_score,-0.5753055716213611,2
price_family_ma6_structural_linked,district_of_columbia_dc__county,2022-03-31,median_ppsf,-0.0952252252252252,-0.20589813823500785,metric_score,-0.11067291300978266,3
price_family_ma6_structural_linked,district_of_columbia_dc__county,2022-04-30,median_ppsf,0.324095238095238,-0.016503952531705557,metric_score,-0.34059919062694355,4
price_family_ma6_structural_linked,district_of_columbia_dc__county,2022-05-31,median_ppsf,-0.08494395280235986,0.10754985754985757,metric_score,0.19249381035221744,5
price_family_ma6_structural_linked,district_of_columbia_dc__county,2022-06-30,median_ppsf,0.40617543859649136,0.25089255170269015,metric_score,-0.1552828868938012,6
price_family_ma6_structural_linked,district_of_columbia_dc__county,2022-07-31,median_ppsf,-0.5337681159420291,0.194655462184874,metric_score,0.7284235781269031,7
price_family_ma6_structural_linked,district_of_columbia_dc__county,2022-08-31,median_ppsf,-0.5188505747126437,-0.0285585585585586,metric_score,0.49029201615408513,8
price_family_ma6_structural_linked,district_of_columbia_dc__county,2022-09-30,median_ppsf,-0.013247863247863256,-0.22571428571428578,metric_score,-0.21246642246642253,9
price_family_ma6_structural_linked,district_of_columbia_dc__county,2022-10-31,median_ppsf,-0.5361016949152543,-0.4521238938053098,metric_score,0.08397780110994446,10
price_family_ma6_structural_linked,district_of_columbia_dc__county,2022-11-30,median_ppsf,0.09179271708683479,-0.533157894736842,metric_score,-0.6249506118236768,11
price_family_ma6_structural_linked,district_of_columbia_dc__county,2022-12-31,median_ppsf,-0.6233333333333333,-0.6305507246376811,metric_score,-0.007217391304347842,12
price_family_ma6_structural_linked,district_of_columbia_dc__county,2023-01-31,median_ppsf,-0.742,-0.651080459770115,metric_score,0.09091954022988502,1
price_family_ma6_structural_linked,district_of_columbia_dc__county,2023-02-28,median_ppsf,0.14200000000000002,-0.635982905982906,metric_score,-0.777982905982906,2
price_family_ma6_structural_linked,district_of_columbia_dc__county,2023-03-31,median_ppsf,-0.44000000000000006,-0.5731073446327684,metric_score,-0.1331073446327683,3
price_family_ma6_structural_linked,district_of_columbia_dc__county,2023-04-30,median_ppsf,-0.013333333333333364,-0.3986666666666667,metric_score,-0.38533333333333336,4
price_family_ma6_structural_linked,district_of_columbia_dc__county,2023-05-31,median_ppsf,-0.09666666666666668,-0.332,metric_score,-0.23533333333333334,5
price_family_ma6_structural_linked,district_of_columbia_dc__county,2023-06-30,median_ppsf,-0.422,-0.182,metric_score,0.24,6
price_family_ma6_structural_linked,district_of_columbia_dc__county,2023-07-31,median_ppsf,0.036666666666666736,-0.01666666666666672,metric_score,-0.053333333333333455,7
price_family_ma6_structural_linked,district_of_columbia_dc__county,2023-08-31,median_ppsf,-0.05666666666666663,0.009999999999999953,metric_score,0.06666666666666658,8
price_family_ma6_structural_linked,district_of_columbia_dc__county,2023-09-30,median_ppsf,-0.31666666666666665,-0.013333333333333308,metric_score,0.30333333333333334,9
price_family_ma6_structural_linked,district_of_columbia_dc__county,2023-10-31,median_ppsf,0.4,-0.1333333333333333,metric_score,-0.5333333333333333,10
price_family_ma6_structural_linked,district_of_columbia_dc__county,2023-11-30,median_ppsf,-0.4666666666666667,-0.20666666666666672,metric_score,0.25999999999999995,11
price_family_ma6_structural_linked,district_of_columbia_dc__county,2023-12-31,median_ppsf,-0.77,-0.32333333333333336,metric_score,0.44666666666666666,12
price_family_ma6_structural_linked,district_of_columbia_dc__county,2024-01-31,median_ppsf,0.63,-0.40333333333333343,metric_score,-1.0333333333333334,1
price_family_ma6_structural_linked,district_of_columbia_dc__county,2024-02-29,median_ppsf,-0.8653333333333334,-0.5700000000000001,metric_score,0.29533333333333334,2
price_family_ma6_structural_linked,district_of_columbia_dc__county,2024-03-31,median_ppsf,0.5720000000000001,-0.4233333333333334,metric_score,-0.9953333333333334,3
price_family_ma6_structural_linked,district_of_columbia_dc__county,2024-04-30,median_ppsf,-0.21,-0.43000000000000005,metric_score,-0.22000000000000006,4
price_family_ma6_structural_linked,district_of_columbia_dc__county,2024-05-31,median_ppsf,0.43333333333333335,-0.14333333333333337,metric_score,-0.5766666666666667,5
price_family_ma6_structural_linked,district_of_columbia_dc__county,2024-06-30,median_ppsf,0.43999999999999995,0.22666666666666666,metric_score,-0.2133333333333333,6
price_family_ma6_structural_linked,district_of_columbia_dc__county,2024-07-31,median_ppsf,-0.45333333333333337,0.24000000000000002,metric_score,0.6933333333333334,7
price_family_ma6_structural_linked,district_of_columbia_dc__county,2024-08-31,median_ppsf,0.14999999999999997,0.4586666666666668,metric_score,0.3086666666666668,8
price_family_ma6_structural_linked,district_of_columbia_dc__county,2024-09-30,median_ppsf,-0.41000000000000003,0.17333333333333328,metric_score,0.5833333333333333,9
price_family_ma6_structural_linked,district_of_columbia_dc__county,2024-10-31,median_ppsf,0.25,0.18666666666666668,metric_score,-0.06333333333333332,10
price_family_ma6_structural_linked,district_of_columbia_dc__county,2024-11-30,median_ppsf,-0.56,-0.19000000000000006,metric_score,0.37,11
price_family_ma6_structural_linked,district_of_columbia_dc__county,2024-12-31,median_ppsf,-0.6333333333333334,-0.4633333333333333,metric_score,0.1700000000000001,12
price_family_ma6_structural_linked,district_of_columbia_dc__county,2025-01-31,median_ppsf,-0.64,-0.6366666666666667,metric_score,0.0033333333333332993,1
price_family_ma6_structural_linked,district_of_columbia_dc__county,2025-02-28,median_ppsf,0.41000000000000003,-0.622,metric_score,-1.032,2
price_family_ma6_structural_linked,district_of_columbia_dc__county,2025-03-31,median_ppsf,0.20666666666666667,-0.58,metric_score,-0.7866666666666666,3
price_family_ma6_structural_linked,district_of_columbia_dc__county,2025-04-30,median_ppsf,0.45333333333333337,-0.37,metric_score,-0.8233333333333334,4
price_family_ma6_structural_linked,district_of_columbia_dc__county,2025-05-31,median_ppsf,0.010000000000000037,-0.1233333333333333,metric_score,-0.13333333333333333,5
price_family_ma6_structural_linked,district_of_columbia_dc__county,2025-06-30,median_ppsf,-0.46666666666666673,-0.01666666666666669,metric_score,0.45000000000000007,6
price_family_ma6_structural_linked,district_of_columbia_dc__county,2025-07-31,median_ppsf,0.13666666666666663,0.35,metric_score,0.21333333333333335,7
price_family_ma6_structural_linked,district_of_columbia_dc__county,2025-08-31,median_ppsf,-0.6433333333333334,0.16000000000000003,metric_score,0.8033333333333335,8
price_family_ma6_structural_linked,district_of_columbia_dc__county,2025-09-30,median_ppsf,-0.4766666666666667,-0.06333333333333327,metric_score,0.41333333333333344,9
price_family_ma6_structural_linked,district_of_columbia_dc__county,2025-10-31,median_ppsf,-0.47333333333333333,-0.42333333333333334,metric_score,0.04999999999999999,10
price_family_ma6_structural_linked,district_of_columbia_dc__county,2025-11-30,median_ppsf,-0.2566666666666667,-0.6366666666666667,metric_score,-0.38,11
price_family_ma6_structural_linked,district_of_columbia_dc__county,2025-12-31,median_ppsf,-0.6833333333333333,-0.68,metric_score,0.0033333333333332993,12
price_family_ma6_structural_linked,district_of_columbia_dc__county,2026-01-31,median_ppsf,0.35999999999999993,-0.7066666666666668,metric_score,-1.0666666666666667,1
price_family_ma6_structural_linked,district_of_columbia_dc__county,2026-02-28,median_ppsf,-0.7566666666666667,-0.7733333333333334,metric_score,-0.01666666666666672,2
price_family_ma6_structural_linked,district_of_columbia_dc__county,2026-03-31,median_ppsf,0.20199999999999999,-0.6000000000000001,metric_score,-0.802,3
price_family_ma6_structural_linked,district_of_columbia_dc__county,2026-04-30,median_ppsf,-0.13999999999999999,-0.3833333333333333,metric_score,-0.24333333333333332,4
price_family_ma6_structural_linked,district_of_columbia_dc__county,2026-05-31,median_ppsf,0.2666666666666667,-0.0933333333333333,metric_score,-0.36,5
price_family_ma6_structural_linked,district_of_columbia_dc__county,2014-12-31,median_sale_price,0.6666666666666667,,metric_score,,12
price_family_ma6_structural_linked,district_of_columbia_dc__county,2015-01-31,median_sale_price,-0.29129129129129133,,metric_score,,1
price_family_ma6_structural_linked,district_of_columbia_dc__county,2015-02-28,median_sale_price,0.10384068278805121,,metric_score,,2
price_family_ma6_structural_linked,district_of_columbia_dc__county,2015-03-31,median_sale_price,0.42420152946468737,,metric_score,,3
price_family_ma6_structural_linked,district_of_columbia_dc__county,2015-04-30,median_sale_price,0.5914529914529915,,metric_score,,4
price_family_ma6_structural_linked,district_of_columbia_dc__county,2015-05-31,median_sale_price,0.8599999999999999,0.98,metric_score,0.1200000000000001,5
price_family_ma6_structural_linked,district_of_columbia_dc__county,2015-06-30,median_sale_price,0.17111885404568328,0.98,metric_score,0.8088811459543167,6
price_family_ma6_structural_linked,district_of_columbia_dc__county,2015-07-31,median_sale_price,-0.015134736064968584,0.98,metric_score,0.9951347360649686,7
price_family_ma6_structural_linked,district_of_columbia_dc__county,2015-08-31,median_sale_price,-0.29950669485553205,0.697037037037037,metric_score,0.9965437318925691,8
price_family_ma6_structural_linked,district_of_columbia_dc__county,2015-09-30,median_sale_price,0.003367003367003388,0.4888288288288288,metric_score,0.48546182546182537,9
price_family_ma6_structural_linked,district_of_columbia_dc__county,2015-10-31,median_sale_price,-0.04830917874396135,0.2657252888318356,metric_score,0.31403446757579695,10
price_family_ma6_structural_linked,district_of_columbia_dc__county,2015-11-30,median_sale_price,0.8415047795251309,0.029304029304029335,metric_score,-0.8122007502211016,11
price_family_ma6_structural_linked,district_of_columbia_dc__county,2015-12-31,median_sale_price,-0.5704491725768321,-0.2775193798449613,metric_score,0.29292979273187086,12
price_family_ma6_structural_linked,district_of_columbia_dc__county,2016-01-31,median_sale_price,-0.438830667402096,-0.34183296378418326,metric_score,0.09699770361791271,1
price_family_ma6_structural_linked,district_of_columbia_dc__county,2016-02-29,median_sale_price,0.8134307196562836,-0.2,metric_score,-1.0134307196562835,2
price_family_ma6_structural_linked,district_of_columbia_dc__county,2016-03-31,median_sale_price,-0.7278793363499245,-0.13919784293899565,metric_score,0.5886814934109289,3
price_family_ma6_structural_linked,district_of_columbia_dc__county,2016-04-30,median_sale_price,0.1554147812971342,0.2037395228884591,metric_score,0.04832474159132488,4
price_family_ma6_structural_linked,district_of_columbia_dc__county,2016-05-31,median_sale_price,0.5359624765478423,-0.17499999999999993,metric_score,-0.7109624765478423,5
price_family_ma6_structural_linked,district_of_columbia_dc__county,2016-06-30,median_sale_price,-0.3914145951881801,-0.030019904554066112,metric_score,0.361394690634114,6
price_family_ma6_structural_linked,district_of_columbia_dc__county,2016-07-31,median_sale_price,0.2537091848719756,0.21615677491601337,metric_score,-0.03755240995596221,7
price_family_ma6_structural_linked,district_of_columbia_dc__county,2016-08-31,median_sale_price,0.5237662337662337,0.2024102564102564,metric_score,-0.32135597735597726,8
price_family_ma6_structural_linked,district_of_columbia_dc__county,2016-09-30,median_sale_price,-0.37490392648287396,0.3253877551020409,metric_score,0.7002916815849148,9
price_family_ma6_structural_linked,district_of_columbia_dc__county,2016-10-31,median_sale_price,0.3437596990978195,0.3282926829268292,metric_score,-0.015467016170990278,10
price_family_ma6_structural_linked,district_of_columbia_dc__county,2016-11-30,median_sale_price,-0.039004190656204585,0.05073140367258011,metric_score,0.0897355943287847,11
price_family_ma6_structural_linked,district_of_columbia_dc__county,2016-12-31,median_sale_price,0.292542372881356,0.20429988616035125,metric_score,-0.08824248672100474,12
price_family_ma6_structural_linked,district_of_columbia_dc__county,2017-01-31,median_sale_price,0.1126307572209212,0.09121538838519963,metric_score,-0.021415368835721565,1
price_family_ma6_structural_linked,district_of_columbia_dc__county,2017-02-28,median_sale_price,-0.6210174510840825,-0.4654191033138402,metric_score,0.15559834777024228,2
price_family_ma6_structural_linked,district_of_columbia_dc__county,2017-03-31,median_sale_price,0.754645944399265,-0.2479596565353687,metric_score,-1.0026056009346338,3
price_family_ma6_structural_linked,district_of_columbia_dc__county,2017-04-30,median_sale_price,-0.45443376068376073,-0.37247437020246255,metric_score,0.08195939048129819,4
price_family_ma6_structural_linked,district_of_columbia_dc__county,2017-05-31,median_sale_price,0.3540377358490567,-0.024210526315789432,metric_score,-0.3782482621648461,5
price_family_ma6_structural_linked,district_of_columbia_dc__county,2017-06-30,median_sale_price,-0.08070448070448069,-0.08942444134239336,metric_score,-0.008719960637912666,6
price_family_ma6_structural_linked,district_of_columbia_dc__county,2017-07-31,median_sale_price,-0.34379014020805065,-0.04097102241662104,metric_score,0.3028191177914296,7
price_family_ma6_structural_linked,district_of_columbia_dc__county,2017-08-31,median_sale_price,-0.5725448388310549,-0.10831372549019608,metric_score,0.4642311133408588,8
price_family_ma6_structural_linked,district_of_columbia_dc__county,2017-09-30,median_sale_price,-0.6961726567057029,-0.2811317780580076,metric_score,0.41504087864769534,9
price_family_ma6_structural_linked,district_of_columbia_dc__county,2017-10-31,median_sale_price,0.2537531234382808,-0.259538367901119,metric_score,-0.5132914913393998,10
price_family_ma6_structural_linked,district_of_columbia_dc__county,2017-11-30,median_sale_price,-0.2798090236333254,-0.5442039442039442,metric_score,-0.26439492057061886,11
price_family_ma6_structural_linked,district_of_columbia_dc__county,2017-12-31,median_sale_price,0.04497652582159628,-0.475566485753053,metric_score,-0.5205430115746492,12
price_family_ma6_structural_linked,district_of_columbia_dc__county,2018-01-31,median_sale_price,-0.7728822017616089,-0.6792889463477698,metric_score,0.09359325541383912,1
price_family_ma6_structural_linked,district_of_columbia_dc__county,2018-02-28,median_sale_price,0.3491466720808303,-0.5812773039317662,metric_score,-0.9304239760125965,2
price_family_ma6_structural_linked,district_of_columbia_dc__county,2018-03-31,median_sale_price,0.09538567138567136,-0.33841629291963826,metric_score,-0.4338019643053096,3
price_family_ma6_structural_linked,district_of_columbia_dc__county,2018-04-30,median_sale_price,0.7862368421052632,-0.0650134104728069,metric_score,-0.8512502525780701,4
price_family_ma6_structural_linked,district_of_columbia_dc__county,2018-05-31,median_sale_price,-0.00723886639676119,0.17024154589371981,metric_score,0.177480412290481,5
price_family_ma6_structural_linked,district_of_columbia_dc__county,2018-06-30,median_sale_price,0.21158441558441554,0.19337704918032791,metric_score,-0.018207366404087627,6
price_family_ma6_structural_linked,district_of_columbia_dc__county,2018-07-31,median_sale_price,-0.3588261225517981,0.3977264879600181,metric_score,0.7565526105118161,7
price_family_ma6_structural_linked,district_of_columbia_dc__county,2018-08-31,median_sale_price,-0.3064631422189129,0.22139682539682543,metric_score,0.5278599676157383,8
price_family_ma6_structural_linked,district_of_columbia_dc__county,2018-09-30,median_sale_price,-0.42111111111111116,0.07782984859408795,metric_score,0.49894095970519914,9
price_family_ma6_structural_linked,district_of_columbia_dc__county,2018-10-31,median_sale_price,0.7210592334494774,-0.1745033345033345,metric_score,-0.8955625679528119,10
price_family_ma6_structural_linked,district_of_columbia_dc__county,2018-11-30,median_sale_price,0.09479208486298336,-0.18317948717948718,metric_score,-0.2779715720424705,11
price_family_ma6_structural_linked,district_of_columbia_dc__county,2018-12-31,median_sale_price,0.1177471791929624,-0.2089770998438852,metric_score,-0.32672427903684764,12
price_family_ma6_structural_linked,district_of_columbia_dc__county,2019-01-31,median_sale_price,-0.16127700395226582,-0.16688311688311686,metric_score,-0.005606112930851032,1
price_family_ma6_structural_linked,district_of_columbia_dc__county,2019-02-28,median_sale_price,0.6741878951454876,0.10121805194268954,metric_score,-0.5729698432027981,2
price_family_ma6_structural_linked,district_of_columbia_dc__county,2019-03-31,median_sale_price,0.008508954824913081,0.34164512856701806,metric_score,0.33313617374210497,3
price_family_ma6_structural_linked,district_of_columbia_dc__county,2019-04-30,median_sale_price,0.049884507507012066,0.27508908874936366,metric_score,0.2252045812423516,4
price_family_ma6_structural_linked,district_of_columbia_dc__county,2019-05-31,median_sale_price,-0.10439223697650662,0.06331569664902997,metric_score,0.1677079336255366,5
price_family_ma6_structural_linked,district_of_columbia_dc__county,2019-06-30,median_sale_price,0.04169288389513104,-0.001794854660875339,metric_score,-0.04348773855600638,6
price_family_ma6_structural_linked,district_of_columbia_dc__county,2019-07-31,median_sale_price,-0.3511704610438787,0.07395506349723224,metric_score,0.42512552454111097,7
price_family_ma6_structural_linked,district_of_columbia_dc__county,2019-08-31,median_sale_price,0.06489249880554233,-0.03355008210180621,metric_score,-0.09844258090734855,8
price_family_ma6_structural_linked,district_of_columbia_dc__county,2019-09-30,median_sale_price,0.41932713452115045,-0.0037523219814241116,metric_score,-0.42307945650257456,9
price_family_ma6_structural_linked,district_of_columbia_dc__county,2019-10-31,median_sale_price,-0.21819642767464048,-0.14135992045581802,metric_score,0.07683650721882246,10
price_family_ma6_structural_linked,district_of_columbia_dc__county,2019-11-30,median_sale_price,0.7096118943860548,0.0941432360742706,metric_score,-0.6154686583117842,11
price_family_ma6_structural_linked,district_of_columbia_dc__county,2019-12-31,median_sale_price,0.558406015037594,0.32154660529344076,metric_score,-0.23685940974415326,12
price_family_ma6_structural_linked,district_of_columbia_dc__county,2020-01-31,median_sale_price,-0.33182433798261574,0.35186614557889595,metric_score,0.6836904835615116,1
price_family_ma6_structural_linked,district_of_columbia_dc__county,2020-02-29,median_sale_price,0.2431502258059781,0.2302668259657507,metric_score,-0.012883399840227377,2
price_family_ma6_structural_linked,district_of_columbia_dc__county,2020-03-31,median_sale_price,0.5753111693998394,0.1681254355400697,metric_score,-0.4071857338597697,3
price_family_ma6_structural_linked,district_of_columbia_dc__county,2020-04-30,median_sale_price,0.2980606060606061,0.5529408067050812,metric_score,0.2548802006444751,4
price_family_ma6_structural_linked,district_of_columbia_dc__county,2020-05-31,median_sale_price,0.6851685393258428,0.6476129032258066,metric_score,-0.037555636100036205,5
price_family_ma6_structural_linked,district_of_columbia_dc__county,2020-06-30,median_sale_price,-0.2786022131624928,0.29780369792137085,metric_score,0.5764059110838636,6
price_family_ma6_structural_linked,district_of_columbia_dc__county,2020-07-31,median_sale_price,0.6708976513682396,0.6003084455324359,metric_score,-0.07058920583580375,7
price_family_ma6_structural_linked,district_of_columbia_dc__county,2020-08-31,median_sale_price,0.6194698184888139,0.781632183908046,metric_score,0.16216236541923212,8
price_family_ma6_structural_linked,district_of_columbia_dc__county,2020-09-30,median_sale_price,0.4484603568474536,0.8919700093720713,metric_score,0.44350965252461766,9
price_family_ma6_structural_linked,district_of_columbia_dc__county,2020-10-31,median_sale_price,0.8122512664640325,0.8384214629672095,metric_score,0.02617019650317709,10
price_family_ma6_structural_linked,district_of_columbia_dc__county,2020-11-30,median_sale_price,0.4603892750744787,0.7592323232323233,metric_score,0.29884304815784457,11
price_family_ma6_structural_linked,district_of_columbia_dc__county,2020-12-31,median_sale_price,-0.42331256490134994,0.6800439560439562,metric_score,1.1033565209453062,12
price_family_ma6_structural_linked,district_of_columbia_dc__county,2021-01-31,median_sale_price,0.24752917108918251,0.5068147951918938,metric_score,0.2592856241027113,1
price_family_ma6_structural_linked,district_of_columbia_dc__county,2021-02-28,median_sale_price,0.5356014365712924,0.3229167796150718,metric_score,-0.21268465695622063,2
price_family_ma6_structural_linked,district_of_columbia_dc__county,2021-03-31,median_sale_price,0.11740103740103737,0.26615583089413153,metric_score,0.14875479349309417,3
price_family_ma6_structural_linked,district_of_columbia_dc__county,2021-04-30,median_sale_price,0.3981904761904761,0.2182988383972152,metric_score,-0.1798916377932609,4
price_family_ma6_structural_linked,district_of_columbia_dc__county,2021-05-31,median_sale_price,0.5743592644978784,0.19039682539682545,metric_score,-0.383962439101053,5
price_family_ma6_structural_linked,district_of_columbia_dc__county,2021-06-30,median_sale_price,0.6735984730175256,0.5189721843999222,metric_score,-0.1546262886176034,6
price_family_ma6_structural_linked,district_of_columbia_dc__county,2021-07-31,median_sale_price,-0.09774884657824386,0.693425138279611,metric_score,0.791173984857855,7
price_family_ma6_structural_linked,district_of_columbia_dc__county,2021-08-31,median_sale_price,-0.22540191442740168,0.6296700336700337,metric_score,0.8550719480974354,8
price_family_ma6_structural_linked,district_of_columbia_dc__county,2021-09-30,median_sale_price,-0.5613742579259822,0.17368807339449543,metric_score,0.7350623313204776,9
price_family_ma6_structural_linked,district_of_columbia_dc__county,2021-10-31,median_sale_price,0.5804528301886793,0.1432187218721872,metric_score,-0.4372341083164921,10
price_family_ma6_structural_linked,district_of_columbia_dc__county,2021-11-30,median_sale_price,0.5397985110090289,0.21804557498675145,metric_score,-0.3217529360222774,11
price_family_ma6_structural_linked,district_of_columbia_dc__county,2021-12-31,median_sale_price,-0.0814036725801432,-0.01946463245492369,metric_score,0.0619390401252195,12
price_family_ma6_structural_linked,district_of_columbia_dc__county,2022-01-31,median_sale_price,-0.07633027522935779,-0.20101875542827635,metric_score,-0.12468848019891857,1
price_family_ma6_structural_linked,district_of_columbia_dc__county,2022-02-28,median_sale_price,0.16939393939393937,-0.2593894993894994,metric_score,-0.4287834387834388,2
price_family_ma6_structural_linked,district_of_columbia_dc__county,2022-03-31,median_sale_price,0.2163963963963964,0.16010172272354387,metric_score,-0.05629467367285254,3
price_family_ma6_structural_linked,district_of_columbia_dc__county,2022-04-30,median_sale_price,0.6485714285714286,0.3310149841438347,metric_score,-0.3175564444275939,4
price_family_ma6_structural_linked,district_of_columbia_dc__county,2022-05-31,median_sale_price,-0.562094395280236,-0.24652421652421647,metric_score,0.3155701787560195,5
price_family_ma6_structural_linked,district_of_columbia_dc__county,2022-06-30,median_sale_price,0.40757894736842115,-0.28850619395635724,metric_score,-0.6960851413247784,6
price_family_ma6_structural_linked,district_of_columbia_dc__county,2022-07-31,median_sale_price,-0.5746376811594204,-0.3433587980646804,metric_score,0.23127888309473998,7
price_family_ma6_structural_linked,district_of_columbia_dc__county,2022-08-31,median_sale_price,-0.1910344827586207,-0.14567567567567571,metric_score,0.045358807082944985,8
price_family_ma6_structural_linked,district_of_columbia_dc__county,2022-09-30,median_sale_price,-0.39692307692307693,-0.41000000000000003,metric_score,-0.013076923076923097,9
price_family_ma6_structural_linked,district_of_columbia_dc__county,2022-10-31,median_sale_price,0.014666666666666661,-0.5758407079646017,metric_score,-0.5905073746312683,10
price_family_ma6_structural_linked,district_of_columbia_dc__county,2022-11-30,median_sale_price,-0.3853333333333333,-0.5786666666666667,metric_score,-0.19333333333333336,11
price_family_ma6_structural_linked,district_of_columbia_dc__county,2022-12-31,median_sale_price,-0.44,-0.6653333333333333,metric_score,-0.22533333333333333,12
price_family_ma6_structural_linked,district_of_columbia_dc__county,2023-01-31,median_sale_price,-0.7786666666666667,-0.6806666666666668,metric_score,0.09799999999999998,1
price_family_ma6_structural_linked,district_of_columbia_dc__county,2023-02-28,median_sale_price,0.09666666666666668,-0.6873333333333334,metric_score,-0.784,2
price_family_ma6_structural_linked,district_of_columbia_dc__county,2023-03-31,median_sale_price,0.006666666666666599,-0.6253333333333334,metric_score,-0.632,3
price_family_ma6_structural_linked,district_of_columbia_dc__county,2023-04-30,median_sale_price,0.18,-0.32983193277310924,metric_score,-0.5098319327731092,4
price_family_ma6_structural_linked,district_of_columbia_dc__county,2023-05-31,median_sale_price,0.08666666666666667,-0.13333333333333333,metric_score,-0.22,5
price_family_ma6_structural_linked,district_of_columbia_dc__county,2023-06-30,median_sale_price,-0.6586666666666667,-0.22,metric_score,0.43866666666666676,6
price_family_ma6_structural_linked,district_of_columbia_dc__county,2023-07-31,median_sale_price,-0.25333333333333335,-0.11666666666666664,metric_score,0.13666666666666671,7
price_family_ma6_structural_linked,district_of_columbia_dc__county,2023-08-31,median_sale_price,-0.13333333333333333,-0.15333333333333332,metric_score,-0.01999999999999999,8
price_family_ma6_structural_linked,district_of_columbia_dc__county,2023-09-30,median_sale_price,-0.17000000000000004,-0.16333333333333333,metric_score,0.00666666666666671,9
price_family_ma6_structural_linked,district_of_columbia_dc__county,2023-10-31,median_sale_price,0.4866666666666667,-0.30666666666666675,metric_score,-0.7933333333333334,10
price_family_ma6_structural_linked,district_of_columbia_dc__county,2023-11-30,median_sale_price,-0.45000000000000007,-0.48,metric_score,-0.029999999999999916,11
price_family_ma6_structural_linked,district_of_columbia_dc__county,2023-12-31,median_sale_price,-0.5533333333333333,-0.4466666666666667,metric_score,0.10666666666666663,12
price_family_ma6_structural_linked,district_of_columbia_dc__county,2024-01-31,median_sale_price,0.45000000000000007,-0.3966666666666666,metric_score,-0.8466666666666667,1
price_family_ma6_structural_linked,district_of_columbia_dc__county,2024-02-29,median_sale_price,-0.51,-0.41666666666666663,metric_score,0.09333333333333338,2
price_family_ma6_structural_linked,district_of_columbia_dc__county,2024-03-31,median_sale_price,0.26,-0.32000000000000006,metric_score,-0.5800000000000001,3
price_family_ma6_structural_linked,district_of_columbia_dc__county,2024-04-30,median_sale_price,0.4766666666666667,-0.22999999999999998,metric_score,-0.7066666666666667,4
price_family_ma6_structural_linked,district_of_columbia_dc__county,2024-05-31,median_sale_price,-0.02000000000000003,0.09000000000000002,metric_score,0.11000000000000006,5
price_family_ma6_structural_linked,district_of_columbia_dc__county,2024-06-30,median_sale_price,0.7853333333333333,0.57,metric_score,-0.21533333333333338,6
price_family_ma6_structural_linked,district_of_columbia_dc__county,2024-07-31,median_sale_price,0.1833333333333333,0.622,metric_score,0.4386666666666667,7
price_family_ma6_structural_linked,district_of_columbia_dc__county,2024-08-31,median_sale_price,-0.42666666666666664,0.7453333333333334,metric_score,1.1720000000000002,8
price_family_ma6_structural_linked,district_of_columbia_dc__county,2024-09-30,median_sale_price,-0.4566666666666667,0.4,metric_score,0.8566666666666667,9
price_family_ma6_structural_linked,district_of_columbia_dc__county,2024-10-31,median_sale_price,0.23999999999999994,-0.00666666666666667,metric_score,-0.24666666666666662,10
price_family_ma6_structural_linked,district_of_columbia_dc__county,2024-11-30,median_sale_price,0.7366666666666667,-0.013333333333333308,metric_score,-0.75,11
price_family_ma6_structural_linked,district_of_columbia_dc__county,2024-12-31,median_sale_price,-0.1666666666666667,-0.3433333333333333,metric_score,-0.1766666666666666,12
price_family_ma6_structural_linked,district_of_columbia_dc__county,2025-01-31,median_sale_price,-0.8433333333333334,-0.5866666666666667,metric_score,0.2566666666666667,1
price_family_ma6_structural_linked,district_of_columbia_dc__county,2025-02-28,median_sale_price,0.8253333333333334,-0.49333333333333335,metric_score,-1.3186666666666667,2
price_family_ma6_structural_linked,district_of_columbia_dc__county,2025-03-31,median_sale_price,0.09333333333333334,-0.23666666666666664,metric_score,-0.32999999999999996,3
price_family_ma6_structural_linked,district_of_columbia_dc__county,2025-04-30,median_sale_price,0.7493333333333334,0.47,metric_score,-0.27933333333333343,4
price_family_ma6_structural_linked,district_of_columbia_dc__county,2025-05-31,median_sale_price,-0.11333333333333333,0.2766666666666666,metric_score,0.38999999999999996,5
price_family_ma6_structural_linked,district_of_columbia_dc__county,2025-06-30,median_sale_price,0.013333333333333364,0.31666666666666676,metric_score,0.3033333333333334,6
price_family_ma6_structural_linked,district_of_columbia_dc__county,2025-07-31,median_sale_price,-0.23666666666666664,0.5293333333333333,metric_score,0.766,7
price_family_ma6_structural_linked,district_of_columbia_dc__county,2025-08-31,median_sale_price,0.13000000000000003,0.46266666666666667,metric_score,0.33266666666666667,8
price_family_ma6_structural_linked,district_of_columbia_dc__county,2025-09-30,median_sale_price,0.6133333333333334,0.5626666666666668,metric_score,-0.05066666666666664,9
price_family_ma6_structural_linked,district_of_columbia_dc__county,2025-10-31,median_sale_price,0.18000000000000005,0.056666666666666636,metric_score,-0.1233333333333334,10
price_family_ma6_structural_linked,district_of_columbia_dc__county,2025-11-30,median_sale_price,0.15666666666666668,-0.046666666666666703,metric_score,-0.20333333333333337,11
price_family_ma6_structural_linked,district_of_columbia_dc__county,2025-12-31,median_sale_price,0.6900000000000001,0.2366666666666667,metric_score,-0.45333333333333337,12
price_family_ma6_structural_linked,district_of_columbia_dc__county,2026-01-31,median_sale_price,0.14200000000000002,0.43666666666666665,metric_score,0.29466666666666663,1
price_family_ma6_structural_linked,district_of_columbia_dc__county,2026-02-28,median_sale_price,-0.7633333333333334,0.12333333333333327,metric_score,0.8866666666666667,2
price_family_ma6_structural_linked,district_of_columbia_dc__county,2026-03-31,median_sale_price,0.5366666666666667,-0.023333333333333317,metric_score,-0.56,3
price_family_ma6_structural_linked,district_of_columbia_dc__county,2026-04-30,median_sale_price,-0.42666666666666675,-0.36,metric_score,0.06666666666666676,4
price_family_ma6_structural_linked,district_of_columbia_dc__county,2026-05-31,median_sale_price,0.7693333333333334,0.06666666666666668,metric_score,-0.7026666666666668,5
price_family_ma6_structural_linked,district_of_columbia_dc__county,2015-11-30,payment_burden,-0.38888888888888884,-0.16666666666666674,metric_score,0.2222222222222221,11
price_family_ma6_structural_linked,district_of_columbia_dc__county,2015-12-31,payment_burden,0.6435006435006435,0.3513513513513513,metric_score,-0.2921492921492922,12
price_family_ma6_structural_linked,district_of_columbia_dc__county,2016-01-31,payment_burden,0.6797398902662061,0.5263157894736843,metric_score,-0.15342410079252178,1
price_family_ma6_structural_linked,district_of_columbia_dc__county,2016-02-29,payment_burden,0.064198958935801,0.6434676434676436,metric_score,0.5792686845318427,2
price_family_ma6_structural_linked,district_of_columbia_dc__county,2016-03-31,payment_burden,0.8846153846153847,0.6061776061776062,metric_score,-0.2784377784377785,3
price_family_ma6_structural_linked,district_of_columbia_dc__county,2016-04-30,payment_burden,0.13728222996515677,0.5756464331560609,metric_score,0.43836420319090413,4
price_family_ma6_structural_linked,district_of_columbia_dc__county,2016-05-31,payment_burden,-0.4959349593495935,0.2987964416535846,metric_score,0.7947314010031781,5
price_family_ma6_structural_linked,district_of_columbia_dc__county,2016-06-30,payment_burden,0.19949375098876768,0.2681063122923588,metric_score,0.06861256130359114,6
price_family_ma6_structural_linked,district_of_columbia_dc__county,2016-07-31,payment_burden,-0.019933554817275722,0.09027557808045608,metric_score,0.1102091328977318,7
price_family_ma6_structural_linked,district_of_columbia_dc__county,2016-08-31,payment_burden,-0.12409812409812401,0.06122448979591831,metric_score,0.1853226138940423,8
price_family_ma6_structural_linked,district_of_columbia_dc__county,2016-09-30,payment_burden,0.6259489302967565,-0.06413404593384374,metric_score,-0.6900829762306002,9
price_family_ma6_structural_linked,district_of_columbia_dc__county,2016-10-31,payment_burden,0.27500991145764514,-0.07129041171594369,metric_score,-0.34630032317358883,10
price_family_ma6_structural_linked,district_of_columbia_dc__county,2016-11-30,payment_burden,-0.09441489361702123,-0.21277777777777776,metric_score,-0.11836288416075653,11
price_family_ma6_structural_linked,district_of_columbia_dc__county,2016-12-31,payment_burden,-0.6032129067843353,-0.7454711144152137,metric_score,-0.14225820763087849,12
price_family_ma6_structural_linked,district_of_columbia_dc__county,2017-01-31,payment_burden,-0.30350161117078417,-0.6341993281075028,metric_score,-0.3306977169367186,1
price_family_ma6_structural_linked,district_of_columbia_dc__county,2017-02-28,payment_burden,0.06946606334841632,-0.2834841628959275,metric_score,-0.3529502262443438,2
price_family_ma6_structural_linked,district_of_columbia_dc__county,2017-03-31,payment_burden,-0.6687104072398189,-0.28919937205651497,metric_score,0.3795110351833039,3
price_family_ma6_structural_linked,district_of_columbia_dc__county,2017-04-30,payment_burden,-0.032298488442068785,-0.0577266451909802,metric_score,-0.025428156748911412,4
price_family_ma6_structural_linked,district_of_columbia_dc__county,2017-05-31,payment_burden,-0.771288809024658,-0.21444133208839083,metric_score,0.5568474769362672,5
price_family_ma6_structural_linked,district_of_columbia_dc__county,2017-06-30,payment_burden,-0.39630412653668473,-0.13185883883558291,metric_score,0.2644452877011018,6
price_family_ma6_structural_linked,district_of_columbia_dc__county,2017-07-31,payment_burden,-0.38116883116883116,-0.36951727517765254,metric_score,0.01165155599117862,7
price_family_ma6_structural_linked,district_of_columbia_dc__county,2017-08-31,payment_burden,0.15536340852130337,-0.23009746588693955,metric_score,-0.38546087440824295,8
price_family_ma6_structural_linked,district_of_columbia_dc__county,2017-09-30,payment_burden,0.5414029827191668,-0.01682158920539724,metric_score,-0.558224571924564,9
price_family_ma6_structural_linked,district_of_columbia_dc__county,2017-10-31,payment_burden,-0.44905430443811634,-0.18296584410901037,metric_score,0.26608846032910594,10
price_family_ma6_structural_linked,district_of_columbia_dc__county,2017-11-30,payment_burden,-0.14971751412429374,0.015131578947368413,metric_score,0.16484909307166215,11
price_family_ma6_structural_linked,district_of_columbia_dc__county,2017-12-31,payment_burden,0.6496085647373703,0.7729444745676677,metric_score,0.12333590983029741,12
price_family_ma6_structural_linked,district_of_columbia_dc__county,2018-01-31,payment_burden,0.9229550502379693,0.8495374521596502,metric_score,-0.07341759807831916,1
price_family_ma6_structural_linked,district_of_columbia_dc__county,2018-02-28,payment_burden,0.12477937411523751,0.5627264239028945,metric_score,0.437947049787657,2
price_family_ma6_structural_linked,district_of_columbia_dc__county,2018-03-31,payment_burden,0.04822191697191694,0.13150614754098358,metric_score,0.08328423056906664,3
price_family_ma6_structural_linked,district_of_columbia_dc__county,2018-04-30,payment_burden,-0.6449201741654573,-0.07507842127440426,metric_score,0.5698417528910531,4
price_family_ma6_structural_linked,district_of_columbia_dc__county,2018-05-31,payment_burden,-0.4675524475524475,-0.3060606060606061,metric_score,0.16149184149184143,5
price_family_ma6_structural_linked,district_of_columbia_dc__county,2018-06-30,payment_burden,-0.5310538218000904,-0.4317198100407056,metric_score,0.09933401175938483,6
price_family_ma6_structural_linked,district_of_columbia_dc__county,2018-07-31,payment_burden,-0.11014047410008777,-0.6025371687136393,metric_score,-0.4923966946135515,7
price_family_ma6_structural_linked,district_of_columbia_dc__county,2018-08-31,payment_burden,-0.06248934356351234,-0.5939255252756397,metric_score,-0.5314361817121274,8
price_family_ma6_structural_linked,district_of_columbia_dc__county,2018-09-30,payment_burden,0.24604840436924397,-0.5426880376442909,metric_score,-0.7887364420135348,9
price_family_ma6_structural_linked,district_of_columbia_dc__county,2018-10-31,payment_burden,-0.7939992497357024,-0.6781121424459018,metric_score,0.11588710728980056,10
price_family_ma6_structural_linked,district_of_columbia_dc__county,2018-11-30,payment_burden,-0.507112676056338,-0.5996376811594203,metric_score,-0.09252500510308226,11
price_family_ma6_structural_linked,district_of_columbia_dc__county,2018-12-31,payment_burden,-0.2574805998452978,0.032369830932597654,metric_score,0.28985043077789546,12
price_family_ma6_structural_linked,district_of_columbia_dc__county,2019-01-31,payment_burden,0.34336983912768276,0.19287547429301177,metric_score,-0.150494364834671,1
price_family_ma6_structural_linked,district_of_columbia_dc__county,2019-02-28,payment_burden,-0.24468468468468474,0.28476190476190466,metric_score,0.5294465894465894,2
price_family_ma6_structural_linked,district_of_columbia_dc__county,2019-03-31,payment_burden,0.2817521929824562,0.279598503965393,metric_score,-0.0021536890170631984,3
price_family_ma6_structural_linked,district_of_columbia_dc__county,2019-04-30,payment_burden,0.22778484673221508,0.3506957906957907,metric_score,0.12291094396357563,4
price_family_ma6_structural_linked,district_of_columbia_dc__county,2019-05-31,payment_burden,0.31248751248751244,0.4360372960372959,metric_score,0.12354978354978347,5
price_family_ma6_structural_linked,district_of_columbia_dc__county,2019-06-30,payment_burden,0.4204537197168975,0.6953583183350402,metric_score,0.27490459861814276,6
price_family_ma6_structural_linked,district_of_columbia_dc__county,2019-07-31,payment_burden,0.6898268801191363,0.6030748663101605,metric_score,-0.08675201380897579,7
price_family_ma6_structural_linked,district_of_columbia_dc__county,2019-08-31,payment_burden,0.7511433172302737,0.7421528551963334,metric_score,-0.008990462033940272,8
price_family_ma6_structural_linked,district_of_columbia_dc__county,2019-09-30,payment_burden,0.5394218608852756,0.6435972301856834,metric_score,0.10417536930040783,9
price_family_ma6_structural_linked,district_of_columbia_dc__county,2019-10-31,payment_burden,0.6610174121425586,0.6167300186662141,metric_score,-0.04428739347634447,10
price_family_ma6_structural_linked,district_of_columbia_dc__county,2019-11-30,payment_burden,0.13980206540447498,0.5328924162257496,metric_score,0.3930903508212746,11
price_family_ma6_structural_linked,district_of_columbia_dc__county,2019-12-31,payment_burden,0.6674916541959248,0.877966234940351,metric_score,0.21047458074442615,12
price_family_ma6_structural_linked,district_of_columbia_dc__county,2020-01-31,payment_burden,0.9593418863459903,0.8568779202289991,metric_score,-0.10246396611699116,1
price_family_ma6_structural_linked,district_of_columbia_dc__county,2020-02-29,payment_burden,0.6438428227746592,0.9486962233169131,metric_score,0.30485340054225385,2
price_family_ma6_structural_linked,district_of_columbia_dc__county,2020-03-31,payment_burden,0.5823021503602267,0.829563748944554,metric_score,0.24726159858432728,3
price_family_ma6_structural_linked,district_of_columbia_dc__county,2020-04-30,payment_burden,0.7094046403035166,0.7321641515004462,metric_score,0.02275951119692965,4
price_family_ma6_structural_linked,district_of_columbia_dc__county,2020-05-31,payment_burden,0.4768750600211274,0.6739758325965222,metric_score,0.19710077257539477,5
price_family_ma6_structural_linked,district_of_columbia_dc__county,2020-06-30,payment_burden,0.8425137169440968,0.7448222663412537,metric_score,-0.09769145060284312,6
price_family_ma6_structural_linked,district_of_columbia_dc__county,2020-07-31,payment_burden,0.5311287625418061,0.6875024425989252,metric_score,0.15637368005711916,7
price_family_ma6_structural_linked,district_of_columbia_dc__county,2020-08-31,payment_burden,0.4564905719183418,0.592162485065711,metric_score,0.1356719131473692,8
price_family_ma6_structural_linked,district_of_columbia_dc__county,2020-09-30,payment_burden,0.5987099006199396,0.5389063453412182,metric_score,-0.05980355527872139,9
price_family_ma6_structural_linked,district_of_columbia_dc__county,2020-10-31,payment_burden,0.262629015502098,0.4831628573791734,metric_score,0.22053384187707542,10
price_family_ma6_structural_linked,district_of_columbia_dc__county,2020-11-30,payment_burden,0.5848433583959899,0.5479070660522274,metric_score,-0.0369362923437625,11
price_family_ma6_structural_linked,district_of_columbia_dc__county,2020-12-31,payment_burden,0.8256746513038206,0.3011769866972892,metric_score,-0.5244976646065314,12
price_family_ma6_structural_linked,district_of_columbia_dc__county,2021-01-31,payment_burden,0.41919864565341836,0.2586850848050359,metric_score,-0.16051356084838247,1
price_family_ma6_structural_linked,district_of_columbia_dc__county,2021-02-28,payment_burden,0.20568528351779589,0.1678378613723441,metric_score,-0.03784742214545178,2
price_family_ma6_structural_linked,district_of_columbia_dc__county,2021-03-31,payment_burden,0.1521212121212121,-0.01716963448922204,metric_score,-0.16929084661043414,3
price_family_ma6_structural_linked,district_of_columbia_dc__county,2021-04-30,payment_burden,0.09703637779508292,0.03977469060824912,metric_score,-0.057261687186833804,4
price_family_ma6_structural_linked,district_of_columbia_dc__county,2021-05-31,payment_burden,-0.1112250048534266,0.15554367201426028,metric_score,0.2667686768676869,5
price_family_ma6_structural_linked,district_of_columbia_dc__county,2021-06-30,payment_burden,-0.2542906931256446,0.08048479675664144,metric_score,0.33477548988228606,6
price_family_ma6_structural_linked,district_of_columbia_dc__county,2021-07-31,payment_burden,0.28797610156833453,0.05662356369416205,metric_score,-0.23135253787417248,7
price_family_ma6_structural_linked,district_of_columbia_dc__county,2021-08-31,payment_burden,0.2707550514002126,0.0018433179723502668,metric_score,-0.26891173342786234,8
price_family_ma6_structural_linked,district_of_columbia_dc__county,2021-09-30,payment_burden,0.6370361874175604,0.0646178670397898,metric_score,-0.5724183203777706,9
price_family_ma6_structural_linked,district_of_columbia_dc__county,2021-10-31,payment_burden,-0.4188234136743729,-0.23265768663210876,metric_score,0.18616572704226417,10
price_family_ma6_structural_linked,district_of_columbia_dc__county,2021-11-30,payment_burden,-0.5180706992038768,-0.2994642857142858,metric_score,0.21860641348959103,11
price_family_ma6_structural_linked,district_of_columbia_dc__county,2021-12-31,payment_burden,0.02148589523979677,-0.32112268879970157,metric_score,-0.34260858403949834,12
price_family_ma6_structural_linked,district_of_columbia_dc__county,2022-01-31,payment_burden,-0.12751953158244117,-0.5026078060791012,metric_score,-0.37508827449666,1
price_family_ma6_structural_linked,district_of_columbia_dc__county,2022-02-28,payment_burden,-0.5812940212940214,-0.6863772863772863,metric_score,-0.10508326508326493,2
price_family_ma6_structural_linked,district_of_columbia_dc__county,2022-03-31,payment_burden,-0.797088803088803,-0.9766605504587156,metric_score,-0.17957174736991255,3
price_family_ma6_structural_linked,district_of_columbia_dc__county,2022-04-30,payment_burden,-0.9732857142857143,-0.98,metric_score,-0.006714285714285673,4
price_family_ma6_structural_linked,district_of_columbia_dc__county,2022-05-31,payment_burden,-0.6831150442477876,-0.9731891891891893,metric_score,-0.2900741449414017,5
price_family_ma6_structural_linked,district_of_columbia_dc__county,2022-06-30,payment_burden,-0.9699649122807017,-0.9697142857142858,metric_score,0.0002506265664159457,6
price_family_ma6_structural_linked,district_of_columbia_dc__county,2022-07-31,payment_burden,-0.578176680890324,-0.8990442477876106,metric_score,-0.32086756689728657,7
price_family_ma6_structural_linked,district_of_columbia_dc__county,2022-08-31,payment_burden,-0.7026592564523599,-0.7657631257631257,metric_score,-0.06310386931076573,8
price_family_ma6_structural_linked,district_of_columbia_dc__county,2022-09-30,payment_burden,-0.901948717948718,-0.9213913043478261,metric_score,-0.01944258639910812,9
price_family_ma6_structural_linked,district_of_columbia_dc__county,2022-10-31,payment_burden,-0.9670508474576271,-0.9633103448275862,metric_score,0.0037405026300409983,10
price_family_ma6_structural_linked,district_of_columbia_dc__county,2022-11-30,payment_burden,-0.7178711484593838,-0.966905982905983,metric_score,-0.24903483444659913,11
price_family_ma6_structural_linked,district_of_columbia_dc__county,2022-12-31,payment_burden,-0.4932966360856269,-0.49607629710257606,metric_score,-0.002779661016949153,12
price_family_ma6_structural_linked,district_of_columbia_dc__county,2023-01-31,payment_burden,-0.019090909090909033,-0.44718181818181824,metric_score,-0.4280909090909092,1
price_family_ma6_structural_linked,district_of_columbia_dc__county,2023-02-28,payment_burden,-0.7152702702702702,-0.3747207207207207,metric_score,0.3405495495495495,2
price_family_ma6_structural_linked,district_of_columbia_dc__county,2023-03-31,payment_burden,-0.7788095238095238,-0.4841666666666667,metric_score,0.29464285714285715,3
price_family_ma6_structural_linked,district_of_columbia_dc__county,2023-04-30,payment_burden,-0.5816076696165192,-0.30917404129793513,metric_score,0.2724336283185841,4
price_family_ma6_structural_linked,district_of_columbia_dc__county,2023-05-31,payment_burden,-0.5666666666666667,-0.4230701754385965,metric_score,0.14359649122807017,5
price_family_ma6_structural_linked,district_of_columbia_dc__county,2023-06-30,payment_burden,0.004130434782608716,-0.37884057971014495,metric_score,-0.38297101449275367,6
price_family_ma6_structural_linked,district_of_columbia_dc__county,2023-07-31,payment_burden,-0.42212643678160927,-0.5736206896551725,metric_score,-0.15149425287356327,7
price_family_ma6_structural_linked,district_of_columbia_dc__county,2023-08-31,payment_burden,-0.611153846153846,-0.6988461538461539,metric_score,-0.08769230769230785,8
price_family_ma6_structural_linked,district_of_columbia_dc__county,2023-09-30,payment_burden,-0.49508474576271183,-0.513135593220339,metric_score,-0.01805084745762714,9
price_family_ma6_structural_linked,district_of_columbia_dc__county,2023-10-31,payment_burden,-0.6456022408963585,-0.4845518207282913,metric_score,0.16105042016806725,10
price_family_ma6_structural_linked,district_of_columbia_dc__county,2023-11-30,payment_burden,-0.15166666666666667,-0.31666666666666676,metric_score,-0.1650000000000001,11
price_family_ma6_structural_linked,district_of_columbia_dc__county,2023-12-31,payment_burden,0.11433333333333326,-0.05833333333333328,metric_score,-0.17266666666666652,12
price_family_ma6_structural_linked,district_of_columbia_dc__county,2024-01-31,payment_burden,-0.35666666666666663,-0.09499999999999997,metric_score,0.26166666666666666,1
price_family_ma6_structural_linked,district_of_columbia_dc__county,2024-02-29,payment_burden,0.06500000000000002,-0.1333333333333333,metric_score,-0.1983333333333333,2
price_family_ma6_structural_linked,district_of_columbia_dc__county,2024-03-31,payment_burden,-0.4266666666666666,-0.18833333333333324,metric_score,0.23833333333333334,3
price_family_ma6_structural_linked,district_of_columbia_dc__county,2024-04-30,payment_burden,-0.715,-0.45999999999999996,metric_score,0.255,4
price_family_ma6_structural_linked,district_of_columbia_dc__county,2024-05-31,payment_burden,-0.495,-0.5516666666666667,metric_score,-0.056666666666666754,5
price_family_ma6_structural_linked,district_of_columbia_dc__county,2024-06-30,payment_burden,-0.7133333333333334,-0.5366666666666666,metric_score,0.17666666666666675,6
price_family_ma6_structural_linked,district_of_columbia_dc__county,2024-07-31,payment_burden,-0.31499999999999995,-0.4683333333333334,metric_score,-0.15333333333333343,7
price_family_ma6_structural_linked,district_of_columbia_dc__county,2024-08-31,payment_burden,0.17166666666666675,-0.15333333333333335,metric_score,-0.32500000000000007,8
price_family_ma6_structural_linked,district_of_columbia_dc__county,2024-09-30,payment_burden,0.38899999999999996,0.10500000000000004,metric_score,-0.2839999999999999,9
price_family_ma6_structural_linked,district_of_columbia_dc__county,2024-10-31,payment_burden,-0.19433333333333336,0.11233333333333331,metric_score,0.30666666666666664,10
price_family_ma6_structural_linked,district_of_columbia_dc__county,2024-11-30,payment_burden,-0.5116666666666667,-0.21333333333333346,metric_score,0.29833333333333323,11
price_family_ma6_structural_linked,district_of_columbia_dc__county,2024-12-31,payment_burden,-0.14166666666666666,-0.345,metric_score,-0.2033333333333333,12
price_family_ma6_structural_linked,district_of_columbia_dc__county,2025-01-31,payment_burden,0.4466666666666666,-0.2666666666666667,metric_score,-0.7133333333333334,1
price_family_ma6_structural_linked,district_of_columbia_dc__county,2025-02-28,payment_burden,-0.6993333333333333,-0.1433333333333333,metric_score,0.5559999999999999,2
price_family_ma6_structural_linked,district_of_columbia_dc__county,2025-03-31,payment_burden,-0.22833333333333328,-0.13333333333333328,metric_score,0.095,3
price_family_ma6_structural_linked,district_of_columbia_dc__county,2025-04-30,payment_burden,-0.6933333333333335,-0.3350000000000001,metric_score,0.3583333333333334,4
price_family_ma6_structural_linked,district_of_columbia_dc__county,2025-05-31,payment_burden,-0.26000000000000006,-0.38,metric_score,-0.11999999999999994,5
price_family_ma6_structural_linked,district_of_columbia_dc__county,2025-06-30,payment_burden,-0.3766666666666667,-0.4866666666666666,metric_score,-0.10999999999999988,6
price_family_ma6_structural_linked,district_of_columbia_dc__county,2025-07-31,payment_burden,-0.14833333333333332,-0.5683333333333335,metric_score,-0.42000000000000015,7
price_family_ma6_structural_linked,district_of_columbia_dc__county,2025-08-31,payment_burden,-0.2983333333333333,-0.5133333333333334,metric_score,-0.21500000000000014,8
price_family_ma6_structural_linked,district_of_columbia_dc__county,2025-09-30,payment_burden,-0.45333333333333337,-0.3533333333333334,metric_score,0.09999999999999998,9
price_family_ma6_structural_linked,district_of_columbia_dc__county,2025-10-31,payment_burden,-0.20833333333333337,-0.12666666666666668,metric_score,0.08166666666666669,10
price_family_ma6_structural_linked,district_of_columbia_dc__county,2025-11-30,payment_burden,-0.19333333333333333,6.938893903907228e-17,metric_score,0.1933333333333334,11
price_family_ma6_structural_linked,district_of_columbia_dc__county,2025-12-31,payment_burden,-0.505,-0.10166666666666672,metric_score,0.40333333333333327,12
price_family_ma6_structural_linked,district_of_columbia_dc__county,2026-01-31,payment_burden,-0.11833333333333323,-0.023333333333333317,metric_score,0.09499999999999992,1
price_family_ma6_structural_linked,district_of_columbia_dc__county,2026-02-28,payment_burden,0.6299999999999999,0.07833333333333338,metric_score,-0.5516666666666665,2
price_family_ma6_structural_linked,district_of_columbia_dc__county,2026-03-31,payment_burden,-0.33,-0.006666666666666654,metric_score,0.32333333333333336,3
price_family_ma6_structural_linked,district_of_columbia_dc__county,2026-04-30,payment_burden,0.14833333333333323,-0.05666666666666674,metric_score,-0.20499999999999996,4
price_family_ma6_structural_linked,district_of_columbia_dc__county,2026-05-31,payment_burden,-0.6633333333333333,-0.3283333333333333,metric_score,0.335,5
price_family_ma6_structural_linked,district_of_columbia_dc__county,2015-11-30,price_to_income,-0.5555555555555556,-0.6111111111111112,metric_score,-0.05555555555555558,11
price_family_ma6_structural_linked,district_of_columbia_dc__county,2015-12-31,price_to_income,0.797940797940798,0.40540540540540526,metric_score,-0.3925353925353927,12
price_family_ma6_structural_linked,district_of_columbia_dc__county,2016-01-31,price_to_income,0.717333875228612,0.6842105263157894,metric_score,-0.03312334891282265,1
price_family_ma6_structural_linked,district_of_columbia_dc__county,2016-02-29,price_to_income,-0.38384422594948914,0.5018315018315019,metric_score,0.885675727780991,2
price_family_ma6_structural_linked,district_of_columbia_dc__county,2016-03-31,price_to_income,0.8992673992673993,0.5955598455598455,metric_score,-0.30370755370755376,3
price_family_ma6_structural_linked,district_of_columbia_dc__county,2016-04-30,price_to_income,-0.08606271777003492,0.34604804694663494,metric_score,0.43211076471666987,4
price_family_ma6_structural_linked,district_of_columbia_dc__county,2016-05-31,price_to_income,-0.7902040816326531,0.08006279434850862,metric_score,0.8702668759811617,5
price_family_ma6_structural_linked,district_of_columbia_dc__county,2016-06-30,price_to_income,-0.1327321626324949,-0.14983388704318934,metric_score,-0.017101724410694435,6
price_family_ma6_structural_linked,district_of_columbia_dc__county,2016-07-31,price_to_income,-0.4818785865297493,-0.39230281913208753,metric_score,0.08957576739766177,7
price_family_ma6_structural_linked,district_of_columbia_dc__county,2016-08-31,price_to_income,-0.4862914862914863,-0.5691609977324263,metric_score,-0.08286951144094007,8
price_family_ma6_structural_linked,district_of_columbia_dc__county,2016-09-30,price_to_income,0.31538992408557637,-0.6274736385959845,metric_score,-0.9428635626815609,9
price_family_ma6_structural_linked,district_of_columbia_dc__county,2016-10-31,price_to_income,-0.1077045064094093,-0.5274937828129318,metric_score,-0.4197892764035225,10
price_family_ma6_structural_linked,district_of_columbia_dc__county,2016-11-30,price_to_income,0.01170212765957454,-0.2152777777777778,metric_score,-0.22697990543735233,11
price_family_ma6_structural_linked,district_of_columbia_dc__county,2016-12-31,price_to_income,-0.467469387755102,-0.48103311830019907,metric_score,-0.013563730545097075,12
price_family_ma6_structural_linked,district_of_columbia_dc__county,2017-01-31,price_to_income,-0.25644897959183677,-0.37910638297872334,metric_score,-0.12265740338688658,1
price_family_ma6_structural_linked,district_of_columbia_dc__county,2017-02-28,price_to_income,0.6539366515837104,-0.07006033182503764,metric_score,-0.7239969834087481,2
price_family_ma6_structural_linked,district_of_columbia_dc__county,2017-03-31,price_to_income,-0.5352518853695324,-0.16825745682888538,metric_score,0.366994428540647,3
price_family_ma6_structural_linked,district_of_columbia_dc__county,2017-04-30,price_to_income,0.17413005770115755,-0.07372664519098021,metric_score,-0.24785670289213776,4
price_family_ma6_structural_linked,district_of_columbia_dc__county,2017-05-31,price_to_income,-0.7774814814814816,-0.3021475256769375,metric_score,0.4753339558045441,5
price_family_ma6_structural_linked,district_of_columbia_dc__county,2017-06-30,price_to_income,-0.45825698848954655,-0.3871361196942593,metric_score,0.07112086879528723,6
price_family_ma6_structural_linked,district_of_columbia_dc__county,2017-07-31,price_to_income,-0.17876623376623382,-0.4298149963244303,metric_score,-0.2510487625581965,7
price_family_ma6_structural_linked,district_of_columbia_dc__county,2017-08-31,price_to_income,0.37558897243107775,-0.5061208576998051,metric_score,-0.8817098301308828,8
price_family_ma6_structural_linked,district_of_columbia_dc__county,2017-09-30,price_to_income,0.8022725479365581,-0.11314978874199265,metric_score,-0.9154223366785508,9
price_family_ma6_structural_linked,district_of_columbia_dc__county,2017-10-31,price_to_income,-0.45302112737356526,-0.2471536757508629,metric_score,0.20586745162270237,10
price_family_ma6_structural_linked,district_of_columbia_dc__county,2017-11-30,price_to_income,-0.0012711864406779183,0.0949561403508772,metric_score,0.09622732679155512,11
price_family_ma6_structural_linked,district_of_columbia_dc__county,2017-12-31,price_to_income,0.6793353406936544,0.9152847798248751,metric_score,0.23594943913122068,12
price_family_ma6_structural_linked,district_of_columbia_dc__county,2018-01-31,price_to_income,0.9587562136435748,0.9650913067249864,metric_score,0.006335093081411669,1
price_family_ma6_structural_linked,district_of_columbia_dc__county,2018-02-28,price_to_income,0.4993162856540466,0.9354995331465921,metric_score,0.43618324749254545,2
price_family_ma6_structural_linked,district_of_columbia_dc__county,2018-03-31,price_to_income,0.5390453296703297,0.7380162358133671,metric_score,0.19897090614303736,3
price_family_ma6_structural_linked,district_of_columbia_dc__county,2018-04-30,price_to_income,-0.2674256168359942,0.566225010534201,metric_score,0.8336506273701952,4
price_family_ma6_structural_linked,district_of_columbia_dc__county,2018-05-31,price_to_income,0.05384615384615388,0.43015873015873013,metric_score,0.37631257631257625,5
price_family_ma6_structural_linked,district_of_columbia_dc__county,2018-06-30,price_to_income,-0.04369063772048845,0.36608039348710986,metric_score,0.4097710312075983,6
price_family_ma6_structural_linked,district_of_columbia_dc__county,2018-07-31,price_to_income,0.464561645553744,0.12713639301874602,metric_score,-0.337425252534998,7
price_family_ma6_structural_linked,district_of_columbia_dc__county,2018-08-31,price_to_income,0.6813882532418002,0.15742320227446088,metric_score,-0.5239650509673393,8
price_family_ma6_structural_linked,district_of_columbia_dc__county,2018-09-30,price_to_income,0.8203541086599557,0.3062568928755239,metric_score,-0.5140972157844319,9
price_family_ma6_structural_linked,district_of_columbia_dc__county,2018-10-31,price_to_income,-0.09234757698734783,0.4030682600087063,metric_score,0.4954158369960542,10
price_family_ma6_structural_linked,district_of_columbia_dc__county,2018-11-30,price_to_income,0.3085211267605634,0.45231884057971017,metric_score,0.14379771381914674,11
price_family_ma6_structural_linked,district_of_columbia_dc__county,2018-12-31,price_to_income,0.29291364124061187,0.43823297295563185,metric_score,0.14531933171501998,12
price_family_ma6_structural_linked,district_of_columbia_dc__county,2019-01-31,price_to_income,0.49493497032162526,0.47932021071503134,metric_score,-0.01561475960659392,1
price_family_ma6_structural_linked,district_of_columbia_dc__county,2019-02-28,price_to_income,-0.06692406692406688,0.406031746031746,metric_score,0.4729558129558129,2
price_family_ma6_structural_linked,district_of_columbia_dc__county,2019-03-31,price_to_income,0.31011403508771934,0.20274873828406637,metric_score,-0.10736529680365298,3
price_family_ma6_structural_linked,district_of_columbia_dc__county,2019-04-30,price_to_income,0.19372311898627687,0.18724626724626717,metric_score,-0.006476851740009698,4
price_family_ma6_structural_linked,district_of_columbia_dc__county,2019-05-31,price_to_income,0.19380619380619377,0.2420233100233101,metric_score,0.04821711621711633,5
price_family_ma6_structural_linked,district_of_columbia_dc__county,2019-06-30,price_to_income,-0.09301399526224767,0.3093082223791104,metric_score,0.40232221764135806,6
price_family_ma6_structural_linked,district_of_columbia_dc__county,2019-07-31,price_to_income,0.374385703648548,0.15188120702826585,metric_score,-0.22250449662028216,7
price_family_ma6_structural_linked,district_of_columbia_dc__county,2019-08-31,price_to_income,0.2374691358024692,0.2335604277633264,metric_score,-0.003908708039142811,8
price_family_ma6_structural_linked,district_of_columbia_dc__county,2019-09-30,price_to_income,0.024499505312513492,0.12764433467119485,metric_score,0.10314482935868136,9
price_family_ma6_structural_linked,district_of_columbia_dc__county,2019-10-31,price_to_income,0.4852967348611208,0.29623621245545556,metric_score,-0.18906052240566523,10
price_family_ma6_structural_linked,district_of_columbia_dc__county,2019-11-30,price_to_income,-0.5947217441193345,-0.004982363315696611,metric_score,0.589739380803638,11
price_family_ma6_structural_linked,district_of_columbia_dc__county,2019-12-31,price_to_income,0.21407467096427618,0.8326054912442759,metric_score,0.6185308202799997,12
price_family_ma6_structural_linked,district_of_columbia_dc__county,2020-01-31,price_to_income,0.8539364809405849,0.8411236397507061,metric_score,-0.012812841189878799,1
price_family_ma6_structural_linked,district_of_columbia_dc__county,2020-02-29,price_to_income,0.5148484362469927,0.836440065681445,metric_score,0.3215916294344523,2
price_family_ma6_structural_linked,district_of_columbia_dc__county,2020-03-31,price_to_income,0.28846999945003576,0.6730903461863215,metric_score,0.3846203467362857,3
price_family_ma6_structural_linked,district_of_columbia_dc__county,2020-04-30,price_to_income,0.38106668612286587,0.4947078006915999,metric_score,0.11364111456873405,4
price_family_ma6_structural_linked,district_of_columbia_dc__county,2020-05-31,price_to_income,-0.2579756074138097,0.3932508104921898,metric_score,0.6512264179059994,5
price_family_ma6_structural_linked,district_of_columbia_dc__county,2020-06-30,price_to_income,0.6436605307491383,0.5235410159460793,metric_score,-0.12011951480305905,6
price_family_ma6_structural_linked,district_of_columbia_dc__county,2020-07-31,price_to_income,-0.15239249880554223,0.30898998534440636,metric_score,0.4613824841499486,7
price_family_ma6_structural_linked,district_of_columbia_dc__county,2020-08-31,price_to_income,-0.32013401901199945,0.01032258064516133,metric_score,0.3304565996571608,8
price_family_ma6_structural_linked,district_of_columbia_dc__county,2020-09-30,price_to_income,-0.16259213999140676,-0.26982270453988144,metric_score,-0.10723056454847468,9
price_family_ma6_structural_linked,district_of_columbia_dc__county,2020-10-31,price_to_income,-0.6928830664202161,-0.3796779796531664,metric_score,0.3132050867670497,10
price_family_ma6_structural_linked,district_of_columbia_dc__county,2020-11-30,price_to_income,-0.420093984962406,-0.3817588325652842,metric_score,0.03833515239712182,11
price_family_ma6_structural_linked,district_of_columbia_dc__county,2020-12-31,price_to_income,-0.07245502324641194,-0.654276376398333,metric_score,-0.5818213531519211,12
price_family_ma6_structural_linked,district_of_columbia_dc__county,2021-01-31,price_to_income,0.013069219440353497,-0.4906272824919441,metric_score,-0.5036965019322976,1
price_family_ma6_structural_linked,district_of_columbia_dc__county,2021-02-28,price_to_income,-0.36278904456244365,-0.4344392197840474,metric_score,-0.07165017522160377,2
price_family_ma6_structural_linked,district_of_columbia_dc__county,2021-03-31,price_to_income,-0.2161616161616162,-0.3267619493908154,metric_score,-0.11060033322919918,3
price_family_ma6_structural_linked,district_of_columbia_dc__county,2021-04-30,price_to_income,-0.4805931694293025,-0.2912798181904867,metric_score,0.18931335123881582,4
price_family_ma6_structural_linked,district_of_columbia_dc__county,2021-05-31,price_to_income,-0.7821238594447681,-0.30956625074272137,metric_score,0.47255760870204677,5
price_family_ma6_structural_linked,district_of_columbia_dc__county,2021-06-30,price_to_income,-0.8334060536836094,-0.5291991891603542,metric_score,0.3042068645232552,6
price_family_ma6_structural_linked,district_of_columbia_dc__county,2021-07-31,price_to_income,-0.4128332305094652,-0.7416868108215504,metric_score,-0.3288535803120852,7
price_family_ma6_structural_linked,district_of_columbia_dc__county,2021-08-31,price_to_income,-0.27086139666784825,-0.790693051414114,metric_score,-0.5198316547462657,8
price_family_ma6_structural_linked,district_of_columbia_dc__county,2021-09-30,price_to_income,0.5415113456060866,-0.5877200640753314,metric_score,-1.129231409681418,9
price_family_ma6_structural_linked,district_of_columbia_dc__county,2021-10-31,price_to_income,-0.857819970486965,-0.6992031480570585,metric_score,0.1586168224299065,10
price_family_ma6_structural_linked,district_of_columbia_dc__county,2021-11-30,price_to_income,-0.856588785046729,-0.7397619047619047,metric_score,0.11682688028482424,11
price_family_ma6_structural_linked,district_of_columbia_dc__county,2021-12-31,price_to_income,-0.3860164430012156,-0.6854678078194903,metric_score,-0.2994513648182747,12
price_family_ma6_structural_linked,district_of_columbia_dc__county,2022-01-31,price_to_income,-0.20460758114755492,-0.5844121165883516,metric_score,-0.3798045354407966,1
price_family_ma6_structural_linked,district_of_columbia_dc__county,2022-02-28,price_to_income,-0.44714168714168717,-0.5515060515060515,metric_score,-0.1043643643643643,2
price_family_ma6_structural_linked,district_of_columbia_dc__county,2022-03-31,price_to_income,-0.4903449163449164,-0.6651376146788991,metric_score,-0.1747926983339827,3
price_family_ma6_structural_linked,district_of_columbia_dc__county,2022-04-30,price_to_income,-0.8498823396878248,-0.721017101710171,metric_score,0.1288652379776538,4
price_family_ma6_structural_linked,district_of_columbia_dc__county,2022-05-31,price_to_income,0.23078349178516303,-0.44473544752182526,metric_score,-0.6755189393069883,5
price_family_ma6_structural_linked,district_of_columbia_dc__county,2022-06-30,price_to_income,-0.7814154317833419,-0.49309533859977084,metric_score,0.2883200931835711,6
price_family_ma6_structural_linked,district_of_columbia_dc__county,2022-07-31,price_to_income,0.19175988928612625,-0.4666404544494261,metric_score,-0.6584003437355523,7
price_family_ma6_structural_linked,district_of_columbia_dc__county,2022-08-31,price_to_income,-0.09302092543471856,-0.49508386350491607,metric_score,-0.4020629380701975,8
price_family_ma6_structural_linked,district_of_columbia_dc__county,2022-09-30,price_to_income,0.23695658710049494,-0.2935782316708611,metric_score,-0.5305348187713561,9
price_family_ma6_structural_linked,district_of_columbia_dc__county,2022-10-31,price_to_income,-0.02293413484513085,0.05694353796949014,metric_score,0.07987767281462099,10
price_family_ma6_structural_linked,district_of_columbia_dc__county,2022-11-30,price_to_income,0.25429505135387487,0.12264957264957263,metric_score,-0.13164547870430224,11
price_family_ma6_structural_linked,district_of_columbia_dc__county,2022-12-31,price_to_income,0.954,0.98,metric_score,0.026000000000000023,12
price_family_ma6_structural_linked,district_of_columbia_dc__county,2023-01-31,price_to_income,0.974,0.98,metric_score,0.006000000000000005,1
price_family_ma6_structural_linked,district_of_columbia_dc__county,2023-02-28,price_to_income,0.5637837837837838,0.98,metric_score,0.4162162162162162,2
price_family_ma6_structural_linked,district_of_columbia_dc__county,2023-03-31,price_to_income,0.6032142857142857,0.9039999999999999,metric_score,0.3007857142857142,3
price_family_ma6_structural_linked,district_of_columbia_dc__county,2023-04-30,price_to_income,0.43480825958702063,0.774070796460177,metric_score,0.33926253687315633,4
price_family_ma6_structural_linked,district_of_columbia_dc__county,2023-05-31,price_to_income,0.6240350877192982,0.6734210526315789,metric_score,0.049385964912280755,5
price_family_ma6_structural_linked,district_of_columbia_dc__county,2023-06-30,price_to_income,0.919,0.7122463768115943,metric_score,-0.20675362318840573,6
price_family_ma6_structural_linked,district_of_columbia_dc__county,2023-07-31,price_to_income,0.7208045977011495,0.6487931034482759,metric_score,-0.07201149425287356,7
price_family_ma6_structural_linked,district_of_columbia_dc__county,2023-08-31,price_to_income,0.6591025641025641,0.6455128205128207,metric_score,-0.013589743589743408,8
price_family_ma6_structural_linked,district_of_columbia_dc__county,2023-09-30,price_to_income,0.6990677966101695,0.660819209039548,metric_score,-0.03824858757062144,9
price_family_ma6_structural_linked,district_of_columbia_dc__county,2023-10-31,price_to_income,0.37441176470588233,0.726204481792717,metric_score,0.3517927170868347,10
price_family_ma6_structural_linked,district_of_columbia_dc__county,2023-11-30,price_to_income,0.7866666666666667,0.7916666666666666,metric_score,0.004999999999999893,11
price_family_ma6_structural_linked,district_of_columbia_dc__county,2023-12-31,price_to_income,0.9149999999999999,0.8833333333333333,metric_score,-0.03166666666666662,12
price_family_ma6_structural_linked,district_of_columbia_dc__county,2024-01-31,price_to_income,0.30833333333333335,0.855,metric_score,0.5466666666666666,1
price_family_ma6_structural_linked,district_of_columbia_dc__county,2024-02-29,price_to_income,0.825,0.8600000000000001,metric_score,0.03500000000000014,2
price_family_ma6_structural_linked,district_of_columbia_dc__county,2024-03-31,price_to_income,0.45833333333333337,0.75,metric_score,0.29166666666666663,3
price_family_ma6_structural_linked,district_of_columbia_dc__county,2024-04-30,price_to_income,0.25666666666666665,0.7,metric_score,0.4433333333333333,4
price_family_ma6_structural_linked,district_of_columbia_dc__county,2024-05-31,price_to_income,0.5216666666666667,0.5249999999999999,metric_score,0.0033333333333331883,5
price_family_ma6_structural_linked,district_of_columbia_dc__county,2024-06-30,price_to_income,-0.07499999999999998,0.3716666666666666,metric_score,0.44666666666666655,6
price_family_ma6_structural_linked,district_of_columbia_dc__county,2024-07-31,price_to_income,0.3866666666666667,0.3356666666666666,metric_score,-0.0510000000000001,7
price_family_ma6_structural_linked,district_of_columbia_dc__county,2024-08-31,price_to_income,0.7683333333333333,0.2473333333333333,metric_score,-0.521,8
price_family_ma6_structural_linked,district_of_columbia_dc__county,2024-09-30,price_to_income,0.7783333333333333,0.45,metric_score,-0.3283333333333333,9
price_family_ma6_structural_linked,district_of_columbia_dc__county,2024-10-31,price_to_income,0.43499999999999994,0.6416666666666667,metric_score,0.20666666666666678,10
price_family_ma6_structural_linked,district_of_columbia_dc__county,2024-11-30,price_to_income,0.044999999999999984,0.5933333333333334,metric_score,0.5483333333333333,11
price_family_ma6_structural_linked,district_of_columbia_dc__county,2024-12-31,price_to_income,0.4733333333333333,0.43666666666666665,metric_score,-0.036666666666666625,12
price_family_ma6_structural_linked,district_of_columbia_dc__county,2025-01-31,price_to_income,0.9149999999999999,0.6583333333333333,metric_score,-0.2566666666666666,1
price_family_ma6_structural_linked,district_of_columbia_dc__county,2025-02-28,price_to_income,-0.050999999999999934,0.5183333333333334,metric_score,0.5693333333333334,2
price_family_ma6_structural_linked,district_of_columbia_dc__county,2025-03-31,price_to_income,0.32,0.395,metric_score,0.07500000000000001,3
price_family_ma6_structural_linked,district_of_columbia_dc__county,2025-04-30,price_to_income,-0.235,0.08833333333333332,metric_score,0.3233333333333333,4
price_family_ma6_structural_linked,district_of_columbia_dc__county,2025-05-31,price_to_income,0.3316666666666666,0.14333333333333334,metric_score,-0.18833333333333327,5
price_family_ma6_structural_linked,district_of_columbia_dc__county,2025-06-30,price_to_income,0.20833333333333326,0.13833333333333325,metric_score,-0.07,6
price_family_ma6_structural_linked,district_of_columbia_dc__county,2025-07-31,price_to_income,0.44666666666666666,-0.04833333333333331,metric_score,-0.495,7
price_family_ma6_structural_linked,district_of_columbia_dc__county,2025-08-31,price_to_income,0.2933333333333333,-0.031666666666666746,metric_score,-0.325,8
price_family_ma6_structural_linked,district_of_columbia_dc__county,2025-09-30,price_to_income,0.0,-0.06666666666666662,metric_score,-0.06666666666666662,9
price_family_ma6_structural_linked,district_of_columbia_dc__county,2025-10-31,price_to_income,0.21500000000000008,0.21,metric_score,-0.005000000000000088,10
price_family_ma6_structural_linked,district_of_columbia_dc__county,2025-11-30,price_to_income,0.1533333333333334,0.2716666666666667,metric_score,0.11833333333333332,11
price_family_ma6_structural_linked,district_of_columbia_dc__county,2025-12-31,price_to_income,-0.1783333333333333,0.1483333333333334,metric_score,0.32666666666666666,12
price_family_ma6_structural_linked,district_of_columbia_dc__county,2026-01-31,price_to_income,0.2776666666666667,0.09000000000000002,metric_score,-0.18766666666666665,1
price_family_ma6_structural_linked,district_of_columbia_dc__county,2026-02-28,price_to_income,0.865,0.28,metric_score,-0.585,2
price_family_ma6_structural_linked,district_of_columbia_dc__county,2026-03-31,price_to_income,-0.0016666666666667052,0.2866666666666667,metric_score,0.2883333333333334,3
price_family_ma6_structural_linked,district_of_columbia_dc__county,2026-04-30,price_to_income,0.6833333333333333,0.4266666666666666,metric_score,-0.25666666666666677,4
price_family_ma6_structural_linked,district_of_columbia_dc__county,2026-05-31,price_to_income,-0.42833333333333334,0.18000000000000008,metric_score,0.6083333333333334,5
