candidate_id,run_role,geo_id,canonical_metric_key,feature_component,rows,first_date,last_date,mean_value,value_std,mean_absolute_change_1m,p90_absolute_change_1m,maximum_absolute_change_1m,sign_flip_rate,near_zero_rate,overlap_rows,baseline_challenger_correlation,mean_absolute_baseline_challenger_difference,feature_origin,series_variant
price_family_ma9_structural_linked,raw_source,20001_district_of_columbia_dc__zip,median_ppsf,level,163,2012-03-31,2026-05-31,572.2601655107792,47.47436889038311,2.632602758991088,4.959919171444483,9.933089071111112,0.0,0.0,163.0,1.0,0.0,raw_source,raw_level
price_family_ma9_structural_linked,structural_ma9,20001_district_of_columbia_dc__zip,median_ppsf,level,163,2012-03-31,2026-05-31,572.2601655107792,47.47436889038311,2.632602758991088,4.959919171444483,9.933089071111112,0.0,0.0,163.0,1.0,0.0,structural_ma9,ma9_level
price_family_ma9_structural_linked,raw_source,20001_district_of_columbia_dc__zip,median_sale_price,level,163,2012-03-31,2026-05-31,657664.7505112474,77908.41139094792,4170.414609053496,8994.444444444438,16938.888888888876,0.0,0.0,163.0,1.0,0.0,raw_source,raw_level
price_family_ma9_structural_linked,structural_ma9,20001_district_of_columbia_dc__zip,median_sale_price,level,163,2012-03-31,2026-05-31,657664.7505112474,77908.41139094792,4170.414609053496,8994.444444444438,16938.888888888876,0.0,0.0,163.0,1.0,0.0,structural_ma9,ma9_level
price_family_ma9_structural_linked,raw_source,20002_district_of_columbia_dc__zip,median_ppsf,level,163,2012-03-31,2026-05-31,467.9657546685045,54.71467790167094,2.606529447988339,4.907657125333316,9.518066234444461,0.0,0.0,163.0,1.0,0.0,raw_source,raw_level
price_family_ma9_structural_linked,structural_ma9,20002_district_of_columbia_dc__zip,median_ppsf,level,163,2012-03-31,2026-05-31,467.9657546685045,54.71467790167094,2.606529447988339,4.907657125333316,9.518066234444461,0.0,0.0,163.0,1.0,0.0,structural_ma9,ma9_level
price_family_ma9_structural_linked,raw_source,20002_district_of_columbia_dc__zip,median_sale_price,level,163,2012-03-31,2026-05-31,631575.8214042264,91754.72238126765,4143.943758573388,8322.222222222155,17222.222222222248,0.0,0.0,163.0,1.0,0.0,raw_source,raw_level
price_family_ma9_structural_linked,structural_ma9,20002_district_of_columbia_dc__zip,median_sale_price,level,163,2012-03-31,2026-05-31,631575.8214042264,91754.72238126765,4143.943758573388,8322.222222222155,17222.222222222248,0.0,0.0,163.0,1.0,0.0,structural_ma9,ma9_level
price_family_ma9_structural_linked,raw_source,20003_district_of_columbia_dc__zip,median_ppsf,level,163,2012-03-31,2026-05-31,570.1859282106741,59.32625190913325,2.601139917918378,5.212830214155407,7.8366666666667015,0.0,0.0,163.0,0.9999999999999999,0.0,raw_source,raw_level
price_family_ma9_structural_linked,structural_ma9,20003_district_of_columbia_dc__zip,median_ppsf,level,163,2012-03-31,2026-05-31,570.1859282106741,59.32625190913325,2.601139917918378,5.212830214155407,7.8366666666667015,0.0,0.0,163.0,0.9999999999999999,0.0,structural_ma9,ma9_level
price_family_ma9_structural_linked,raw_source,20003_district_of_columbia_dc__zip,median_sale_price,level,163,2012-03-31,2026-05-31,747397.5177232447,103349.86877500312,5717.261316872428,11461.666666666677,23893.222222222248,0.0,0.0,163.0,0.9999999999999999,0.0,raw_source,raw_level
price_family_ma9_structural_linked,structural_ma9,20003_district_of_columbia_dc__zip,median_sale_price,level,163,2012-03-31,2026-05-31,747397.5177232447,103349.86877500312,5717.261316872428,11461.666666666677,23893.222222222248,0.0,0.0,163.0,0.9999999999999999,0.0,structural_ma9,ma9_level
price_family_ma9_structural_linked,raw_source,20004_district_of_columbia_dc__zip,median_ppsf,level,163,2012-03-31,2026-05-31,592.6616868312535,27.30071456036812,2.879331648086419,5.489045846811075,10.870000000000005,0.0,0.0,163.0,0.9999999999999999,0.0,raw_source,raw_level
price_family_ma9_structural_linked,structural_ma9,20004_district_of_columbia_dc__zip,median_ppsf,level,163,2012-03-31,2026-05-31,592.6616868312535,27.30071456036812,2.879331648086419,5.489045846811075,10.870000000000005,0.0,0.0,163.0,0.9999999999999999,0.0,structural_ma9,ma9_level
price_family_ma9_structural_linked,raw_source,20004_district_of_columbia_dc__zip,median_sale_price,level,163,2012-03-31,2026-05-31,485815.6561008862,27201.602555742524,5671.336076817559,13394.444444444449,35000.0,0.0,0.0,163.0,0.9999999999999999,0.0,raw_source,raw_level
price_family_ma9_structural_linked,structural_ma9,20004_district_of_columbia_dc__zip,median_sale_price,level,163,2012-03-31,2026-05-31,485815.6561008862,27201.602555742524,5671.336076817559,13394.444444444449,35000.0,0.0,0.0,163.0,0.9999999999999999,0.0,structural_ma9,ma9_level
price_family_ma9_structural_linked,raw_source,20005_district_of_columbia_dc__zip,median_ppsf,level,163,2012-03-31,2026-05-31,657.662236777471,41.4123475216979,3.6452176391104207,8.68544444444455,14.58054657411094,0.0,0.0,163.0,1.0,0.0,raw_source,raw_level
price_family_ma9_structural_linked,structural_ma9,20005_district_of_columbia_dc__zip,median_ppsf,level,163,2012-03-31,2026-05-31,657.662236777471,41.4123475216979,3.6452176391104207,8.68544444444455,14.58054657411094,0.0,0.0,163.0,1.0,0.0,structural_ma9,ma9_level
price_family_ma9_structural_linked,raw_source,20005_district_of_columbia_dc__zip,median_sale_price,level,163,2012-03-31,2026-05-31,538660.1025903204,45756.02303269316,5978.818930041151,11363.888888888852,21161.111111111124,0.0,0.0,163.0,0.9999999999999999,0.0,raw_source,raw_level
price_family_ma9_structural_linked,structural_ma9,20005_district_of_columbia_dc__zip,median_sale_price,level,163,2012-03-31,2026-05-31,538660.1025903204,45756.02303269316,5978.818930041151,11363.888888888852,21161.111111111124,0.0,0.0,163.0,0.9999999999999999,0.0,structural_ma9,ma9_level
price_family_ma9_structural_linked,raw_source,20006_district_of_columbia_dc__zip,median_ppsf,level,149,2012-03-31,2026-05-31,508.0448559776473,35.97391761903877,5.991526468154658,12.99926168133331,24.161313347555563,0.0,0.0,149.0,1.0,0.0,raw_source,raw_level
price_family_ma9_structural_linked,structural_ma9,20006_district_of_columbia_dc__zip,median_ppsf,level,149,2012-03-31,2026-05-31,508.0448559776473,35.97391761903877,5.991526468154658,12.99926168133331,24.161313347555563,0.0,0.0,149.0,1.0,0.0,structural_ma9,ma9_level
price_family_ma9_structural_linked,raw_source,20006_district_of_columbia_dc__zip,median_sale_price,level,151,2012-03-31,2026-05-31,309329.95584988967,102501.99709614662,15267.42148148148,50391.66666666667,107944.4444444445,0.0,0.0,151.0,1.0,0.0,raw_source,raw_level
price_family_ma9_structural_linked,structural_ma9,20006_district_of_columbia_dc__zip,median_sale_price,level,151,2012-03-31,2026-05-31,309329.95584988967,102501.99709614662,15267.42148148148,50391.66666666667,107944.4444444445,0.0,0.0,151.0,1.0,0.0,structural_ma9,ma9_level
price_family_ma9_structural_linked,raw_source,20007_district_of_columbia_dc__zip,median_ppsf,level,163,2012-03-31,2026-05-31,611.1211603674165,54.27582625188704,3.512002058501372,7.470940654800008,12.527777777777715,0.0,0.0,163.0,1.0,0.0,raw_source,raw_level
price_family_ma9_structural_linked,structural_ma9,20007_district_of_columbia_dc__zip,median_ppsf,level,163,2012-03-31,2026-05-31,611.1211603674165,54.27582625188704,3.512002058501372,7.470940654800008,12.527777777777715,0.0,0.0,163.0,1.0,0.0,structural_ma9,ma9_level
price_family_ma9_structural_linked,raw_source,20007_district_of_columbia_dc__zip,median_sale_price,level,163,2012-03-31,2026-05-31,1063219.0538513975,170462.63421738037,10999.444101508914,25222.222222222204,46944.44444444426,0.0,0.0,163.0,1.0,0.0,raw_source,raw_level
price_family_ma9_structural_linked,structural_ma9,20007_district_of_columbia_dc__zip,median_sale_price,level,163,2012-03-31,2026-05-31,1063219.0538513975,170462.63421738037,10999.444101508914,25222.222222222204,46944.44444444426,0.0,0.0,163.0,1.0,0.0,structural_ma9,ma9_level
price_family_ma9_structural_linked,raw_source,20008_district_of_columbia_dc__zip,median_ppsf,level,163,2012-03-31,2026-05-31,505.2884285277089,32.73858993983078,2.175173977165296,4.487480894566591,6.83359807222223,0.0,0.0,163.0,1.0,0.0,raw_source,raw_level
price_family_ma9_structural_linked,structural_ma9,20008_district_of_columbia_dc__zip,median_ppsf,level,163,2012-03-31,2026-05-31,505.2884285277089,32.73858993983078,2.175173977165296,4.487480894566591,6.83359807222223,0.0,0.0,163.0,1.0,0.0,structural_ma9,ma9_level
price_family_ma9_structural_linked,raw_source,20008_district_of_columbia_dc__zip,median_sale_price,level,163,2012-03-31,2026-05-31,565373.5272665303,62986.72814645066,11680.038751714677,27327.77777777781,40555.55555555562,0.0,0.0,163.0,1.0,0.0,raw_source,raw_level
price_family_ma9_structural_linked,structural_ma9,20008_district_of_columbia_dc__zip,median_sale_price,level,163,2012-03-31,2026-05-31,565373.5272665303,62986.72814645066,11680.038751714677,27327.77777777781,40555.55555555562,0.0,0.0,163.0,1.0,0.0,structural_ma9,ma9_level
price_family_ma9_structural_linked,raw_source,20009_district_of_columbia_dc__zip,median_ppsf,level,163,2012-03-31,2026-05-31,621.232182343394,43.27412226746807,2.164807573851169,4.407507977777806,7.073508418000074,0.0,0.0,163.0,0.9999999999999999,0.0,raw_source,raw_level
price_family_ma9_structural_linked,structural_ma9,20009_district_of_columbia_dc__zip,median_ppsf,level,163,2012-03-31,2026-05-31,621.232182343394,43.27412226746807,2.164807573851169,4.407507977777806,7.073508418000074,0.0,0.0,163.0,0.9999999999999999,0.0,structural_ma9,ma9_level
price_family_ma9_structural_linked,raw_source,20009_district_of_columbia_dc__zip,median_sale_price,level,163,2012-03-31,2026-05-31,576002.4785276074,58287.65576358938,3820.386831275721,8627.36111111113,14065.777777777752,0.0,0.0,163.0,1.0,0.0,raw_source,raw_level
price_family_ma9_structural_linked,structural_ma9,20009_district_of_columbia_dc__zip,median_sale_price,level,163,2012-03-31,2026-05-31,576002.4785276074,58287.65576358938,3820.386831275721,8627.36111111113,14065.777777777752,0.0,0.0,163.0,1.0,0.0,structural_ma9,ma9_level
price_family_ma9_structural_linked,raw_source,20010_district_of_columbia_dc__zip,median_ppsf,level,163,2012-03-31,2026-05-31,489.7135474363108,36.41459833174366,3.2037072002599456,6.45202316545554,9.970501236222162,0.0,0.0,163.0,1.0,0.0,raw_source,raw_level
price_family_ma9_structural_linked,structural_ma9,20010_district_of_columbia_dc__zip,median_ppsf,level,163,2012-03-31,2026-05-31,489.7135474363108,36.41459833174366,3.2037072002599456,6.45202316545554,9.970501236222162,0.0,0.0,163.0,1.0,0.0,structural_ma9,ma9_level
price_family_ma9_structural_linked,raw_source,20010_district_of_columbia_dc__zip,median_sale_price,level,163,2012-03-31,2026-05-31,673475.8554873893,89246.93858151173,4859.695473251025,9488.888888888889,20555.555555555504,0.0,0.0,163.0,0.9999999999999999,0.0,raw_source,raw_level
price_family_ma9_structural_linked,structural_ma9,20010_district_of_columbia_dc__zip,median_sale_price,level,163,2012-03-31,2026-05-31,673475.8554873893,89246.93858151173,4859.695473251025,9488.888888888889,20555.555555555504,0.0,0.0,163.0,0.9999999999999999,0.0,structural_ma9,ma9_level
price_family_ma9_structural_linked,raw_source,20011_district_of_columbia_dc__zip,median_ppsf,level,163,2012-03-31,2026-05-31,372.6347974987716,47.38255097185666,2.439683817955416,4.4981850015666565,7.8822222222222535,0.0,0.0,163.0,1.0,0.0,raw_source,raw_level
price_family_ma9_structural_linked,structural_ma9,20011_district_of_columbia_dc__zip,median_ppsf,level,163,2012-03-31,2026-05-31,372.6347974987716,47.38255097185666,2.439683817955416,4.4981850015666565,7.8822222222222535,0.0,0.0,163.0,1.0,0.0,structural_ma9,ma9_level
price_family_ma9_structural_linked,raw_source,20011_district_of_columbia_dc__zip,median_sale_price,level,163,2012-03-31,2026-05-31,599678.4853442399,101301.01957248851,4035.8491083676286,8649.999999999965,11666.666666666628,0.0,0.0,163.0,1.0,0.0,raw_source,raw_level
price_family_ma9_structural_linked,structural_ma9,20011_district_of_columbia_dc__zip,median_sale_price,level,163,2012-03-31,2026-05-31,599678.4853442399,101301.01957248851,4035.8491083676286,8649.999999999965,11666.666666666628,0.0,0.0,163.0,1.0,0.0,structural_ma9,ma9_level
price_family_ma9_structural_linked,raw_source,20012_district_of_columbia_dc__zip,median_ppsf,level,163,2012-03-31,2026-05-31,363.2904244182917,42.41121448950744,2.8600485740658423,5.595120822322168,13.150000000000034,0.0,0.0,163.0,0.9999999999999998,0.0,raw_source,raw_level
price_family_ma9_structural_linked,structural_ma9,20012_district_of_columbia_dc__zip,median_ppsf,level,163,2012-03-31,2026-05-31,363.2904244182917,42.41121448950744,2.8600485740658423,5.595120822322168,13.150000000000034,0.0,0.0,163.0,0.9999999999999998,0.0,structural_ma9,ma9_level
price_family_ma9_structural_linked,raw_source,20012_district_of_columbia_dc__zip,median_sale_price,level,163,2012-03-31,2026-05-31,662735.1710974779,105808.71527913025,10381.344993141285,21794.444444444474,32116.666666666744,0.0,0.0,163.0,1.0,0.0,raw_source,raw_level
price_family_ma9_structural_linked,structural_ma9,20012_district_of_columbia_dc__zip,median_sale_price,level,163,2012-03-31,2026-05-31,662735.1710974779,105808.71527913025,10381.344993141285,21794.444444444474,32116.666666666744,0.0,0.0,163.0,1.0,0.0,structural_ma9,ma9_level
price_family_ma9_structural_linked,raw_source,20015_district_of_columbia_dc__zip,median_ppsf,level,163,2012-03-31,2026-05-31,492.1312089557498,42.40765619610731,3.572379176133742,6.799222222222228,10.565064530666632,0.0,0.0,163.0,1.0,0.0,raw_source,raw_level
price_family_ma9_structural_linked,structural_ma9,20015_district_of_columbia_dc__zip,median_ppsf,level,163,2012-03-31,2026-05-31,492.1312089557498,42.40765619610731,3.572379176133742,6.799222222222228,10.565064530666632,0.0,0.0,163.0,1.0,0.0,structural_ma9,ma9_level
price_family_ma9_structural_linked,raw_source,20015_district_of_columbia_dc__zip,median_sale_price,level,163,2012-03-31,2026-05-31,1103711.1254260396,200125.5877302354,10853.378600823044,24236.11111111107,47222.22222222225,0.0,0.0,163.0,1.0,0.0,raw_source,raw_level
price_family_ma9_structural_linked,structural_ma9,20015_district_of_columbia_dc__zip,median_sale_price,level,163,2012-03-31,2026-05-31,1103711.1254260396,200125.5877302354,10853.378600823044,24236.11111111107,47222.22222222225,0.0,0.0,163.0,1.0,0.0,structural_ma9,ma9_level
price_family_ma9_structural_linked,raw_source,20016_district_of_columbia_dc__zip,median_ppsf,level,163,2012-03-31,2026-05-31,476.8757423873961,46.76670904537944,2.640258513091225,5.404544338555621,10.151111111111163,0.0,0.0,163.0,1.0,0.0,raw_source,raw_level
price_family_ma9_structural_linked,structural_ma9,20016_district_of_columbia_dc__zip,median_ppsf,level,163,2012-03-31,2026-05-31,476.8757423873961,46.76670904537944,2.640258513091225,5.404544338555621,10.151111111111163,0.0,0.0,163.0,1.0,0.0,structural_ma9,ma9_level
price_family_ma9_structural_linked,raw_source,20016_district_of_columbia_dc__zip,median_sale_price,level,163,2012-03-31,2026-05-31,871462.0725971371,163657.0537589396,15230.242112482854,33537.7777777778,69444.4444444445,0.0,0.0,163.0,1.0,0.0,raw_source,raw_level
price_family_ma9_structural_linked,structural_ma9,20016_district_of_columbia_dc__zip,median_sale_price,level,163,2012-03-31,2026-05-31,871462.0725971371,163657.0537589396,15230.242112482854,33537.7777777778,69444.4444444445,0.0,0.0,163.0,1.0,0.0,structural_ma9,ma9_level
price_family_ma9_structural_linked,raw_source,20017_district_of_columbia_dc__zip,median_ppsf,level,163,2012-03-31,2026-05-31,372.32794701011727,51.04188679346781,3.13880612734568,5.8374372759889015,8.816197419222249,0.0,0.0,163.0,1.0,0.0,raw_source,raw_level
price_family_ma9_structural_linked,structural_ma9,20017_district_of_columbia_dc__zip,median_ppsf,level,163,2012-03-31,2026-05-31,372.32794701011727,51.04188679346781,3.13880612734568,5.8374372759889015,8.816197419222249,0.0,0.0,163.0,1.0,0.0,structural_ma9,ma9_level
price_family_ma9_structural_linked,raw_source,20017_district_of_columbia_dc__zip,median_sale_price,level,163,2012-03-31,2026-05-31,552341.1209952284,100377.5801117217,5477.022633744859,11006.888888888889,20272.222222222248,0.0,0.0,163.0,0.9999999999999999,0.0,raw_source,raw_level
price_family_ma9_structural_linked,structural_ma9,20017_district_of_columbia_dc__zip,median_sale_price,level,163,2012-03-31,2026-05-31,552341.1209952284,100377.5801117217,5477.022633744859,11006.888888888889,20272.222222222248,0.0,0.0,163.0,0.9999999999999999,0.0,structural_ma9,ma9_level
price_family_ma9_structural_linked,raw_source,20018_district_of_columbia_dc__zip,median_ppsf,level,163,2012-03-31,2026-05-31,310.54291947219565,42.16397994771013,2.413540599847737,5.140888888888878,8.836666666666645,0.0,0.0,163.0,1.0,0.0,raw_source,raw_level
price_family_ma9_structural_linked,structural_ma9,20018_district_of_columbia_dc__zip,median_ppsf,level,163,2012-03-31,2026-05-31,310.54291947219565,42.16397994771013,2.413540599847737,5.140888888888878,8.836666666666645,0.0,0.0,163.0,1.0,0.0,structural_ma9,ma9_level
price_family_ma9_structural_linked,raw_source,20018_district_of_columbia_dc__zip,median_sale_price,level,163,2012-03-31,2026-05-31,535753.142467621,98914.29613775463,5317.417009602196,10533.888888888854,18166.666666666744,0.0,0.0,163.0,1.0,0.0,raw_source,raw_level
price_family_ma9_structural_linked,structural_ma9,20018_district_of_columbia_dc__zip,median_sale_price,level,163,2012-03-31,2026-05-31,535753.142467621,98914.29613775463,5317.417009602196,10533.888888888854,18166.666666666744,0.0,0.0,163.0,1.0,0.0,structural_ma9,ma9_level
price_family_ma9_structural_linked,raw_source,20019_district_of_columbia_dc__zip,median_ppsf,level,163,2012-03-31,2026-05-31,229.2961133317744,48.308792051426565,1.8327571804231837,3.4995624627777944,6.253333333333302,0.0,0.0,163.0,0.9999999999999999,0.0,raw_source,raw_level
price_family_ma9_structural_linked,structural_ma9,20019_district_of_columbia_dc__zip,median_ppsf,level,163,2012-03-31,2026-05-31,229.2961133317744,48.308792051426565,1.8327571804231837,3.4995624627777944,6.253333333333302,0.0,0.0,163.0,0.9999999999999999,0.0,structural_ma9,ma9_level
price_family_ma9_structural_linked,raw_source,20019_district_of_columbia_dc__zip,median_sale_price,level,163,2012-03-31,2026-05-31,324539.26346284937,90804.45923573726,2714.44718792867,4994.444444444444,7500.0,0.0,0.0,163.0,1.0,0.0,raw_source,raw_level
price_family_ma9_structural_linked,structural_ma9,20019_district_of_columbia_dc__zip,median_sale_price,level,163,2012-03-31,2026-05-31,324539.26346284937,90804.45923573726,2714.44718792867,4994.444444444444,7500.0,0.0,0.0,163.0,1.0,0.0,structural_ma9,ma9_level
price_family_ma9_structural_linked,raw_source,20020_district_of_columbia_dc__zip,median_ppsf,level,163,2012-03-31,2026-05-31,221.94375112596592,43.60856962540224,1.8850810753648852,4.011444444444428,5.927039391222223,0.0,0.0,163.0,0.9999999999999999,0.0,raw_source,raw_level
price_family_ma9_structural_linked,structural_ma9,20020_district_of_columbia_dc__zip,median_ppsf,level,163,2012-03-31,2026-05-31,221.94375112596592,43.60856962540224,1.8850810753648852,4.011444444444428,5.927039391222223,0.0,0.0,163.0,0.9999999999999999,0.0,structural_ma9,ma9_level
price_family_ma9_structural_linked,raw_source,20020_district_of_columbia_dc__zip,median_sale_price,level,163,2012-03-31,2026-05-31,334554.1220177232,77417.67882488448,3250.672496570645,6645.555555555563,12777.77777777781,0.0,0.0,163.0,1.0,0.0,raw_source,raw_level
price_family_ma9_structural_linked,structural_ma9,20020_district_of_columbia_dc__zip,median_sale_price,level,163,2012-03-31,2026-05-31,334554.1220177232,77417.67882488448,3250.672496570645,6645.555555555563,12777.77777777781,0.0,0.0,163.0,1.0,0.0,structural_ma9,ma9_level
price_family_ma9_structural_linked,raw_source,20024_district_of_columbia_dc__zip,median_ppsf,level,163,2012-03-31,2026-05-31,445.7776320564901,55.112351494197185,3.203833377311383,6.491736596211126,11.503333333333444,0.0,0.0,163.0,1.0,0.0,raw_source,raw_level
price_family_ma9_structural_linked,structural_ma9,20024_district_of_columbia_dc__zip,median_ppsf,level,163,2012-03-31,2026-05-31,445.7776320564901,55.112351494197185,3.203833377311383,6.491736596211126,11.503333333333444,0.0,0.0,163.0,1.0,0.0,structural_ma9,ma9_level
price_family_ma9_structural_linked,raw_source,20024_district_of_columbia_dc__zip,median_sale_price,level,163,2012-03-31,2026-05-31,386415.1983640082,64133.669844597884,5672.3758573388195,13527.77777777774,30555.555555555562,0.0,0.0,163.0,0.9999999999999999,0.0,raw_source,raw_level
price_family_ma9_structural_linked,structural_ma9,20024_district_of_columbia_dc__zip,median_sale_price,level,163,2012-03-31,2026-05-31,386415.1983640082,64133.669844597884,5672.3758573388195,13527.77777777774,30555.555555555562,0.0,0.0,163.0,0.9999999999999999,0.0,structural_ma9,ma9_level
price_family_ma9_structural_linked,raw_source,20027_district_of_columbia_dc__zip,median_ppsf,level,68,2012-05-31,2026-01-31,865.6040174552206,96.08938771629613,24.92192688528856,57.5382222222222,84.73000000000002,0.0,0.0,68.0,0.9999999999999999,0.0,raw_source,raw_level
price_family_ma9_structural_linked,structural_ma9,20027_district_of_columbia_dc__zip,median_ppsf,level,68,2012-05-31,2026-01-31,865.6040174552206,96.08938771629613,24.92192688528856,57.5382222222222,84.73000000000002,0.0,0.0,68.0,0.9999999999999999,0.0,structural_ma9,ma9_level
price_family_ma9_structural_linked,raw_source,20027_district_of_columbia_dc__zip,median_sale_price,level,68,2012-05-31,2026-01-31,3014090.541666667,876414.8961453086,246995.6102819237,466666.6666666668,569444.4444444445,0.0,0.0,68.0,1.0,0.0,raw_source,raw_level
price_family_ma9_structural_linked,structural_ma9,20027_district_of_columbia_dc__zip,median_sale_price,level,68,2012-05-31,2026-01-31,3014090.541666667,876414.8961453086,246995.6102819237,466666.6666666668,569444.4444444445,0.0,0.0,68.0,1.0,0.0,structural_ma9,ma9_level
price_family_ma9_structural_linked,raw_source,20030_district_of_columbia_dc__zip,median_ppsf,level,0,2020-10-31,2022-07-31,,,,,,0.0,0.0,,,,raw_source,raw_level
price_family_ma9_structural_linked,structural_ma9,20030_district_of_columbia_dc__zip,median_ppsf,level,0,2020-10-31,2022-07-31,,,,,,0.0,0.0,,,,structural_ma9,ma9_level
price_family_ma9_structural_linked,raw_source,20030_district_of_columbia_dc__zip,median_sale_price,level,0,2020-10-31,2022-07-31,,,,,,0.0,0.0,,,,raw_source,raw_level
price_family_ma9_structural_linked,structural_ma9,20030_district_of_columbia_dc__zip,median_sale_price,level,0,2020-10-31,2022-07-31,,,,,,0.0,0.0,,,,structural_ma9,ma9_level
price_family_ma9_structural_linked,raw_source,20032_district_of_columbia_dc__zip,median_ppsf,level,163,2012-03-31,2026-05-31,199.67339532629583,53.512836080991285,2.505364302615227,4.887462462555543,10.275962236666686,0.0,0.0,163.0,1.0,0.0,raw_source,raw_level
price_family_ma9_structural_linked,structural_ma9,20032_district_of_columbia_dc__zip,median_ppsf,level,163,2012-03-31,2026-05-31,199.67339532629583,53.512836080991285,2.505364302615227,4.887462462555543,10.275962236666686,0.0,0.0,163.0,1.0,0.0,structural_ma9,ma9_level
price_family_ma9_structural_linked,raw_source,20032_district_of_columbia_dc__zip,median_sale_price,level,163,2012-03-31,2026-05-31,310158.2706203136,96639.912220598,4170.056927297669,8639.444444444456,15555.555555555562,0.0,0.0,163.0,0.9999999999999999,0.0,raw_source,raw_level
price_family_ma9_structural_linked,structural_ma9,20032_district_of_columbia_dc__zip,median_sale_price,level,163,2012-03-31,2026-05-31,310158.2706203136,96639.912220598,4170.056927297669,8639.444444444456,15555.555555555562,0.0,0.0,163.0,0.9999999999999999,0.0,structural_ma9,ma9_level
price_family_ma9_structural_linked,raw_source,20036_district_of_columbia_dc__zip,median_ppsf,level,163,2012-03-31,2026-05-31,591.4503580057593,36.21251325217247,3.5578635849122064,7.405649918100017,10.935555555555538,0.0,0.0,163.0,1.0,0.0,raw_source,raw_level
price_family_ma9_structural_linked,structural_ma9,20036_district_of_columbia_dc__zip,median_ppsf,level,163,2012-03-31,2026-05-31,591.4503580057593,36.21251325217247,3.5578635849122064,7.405649918100017,10.935555555555538,0.0,0.0,163.0,1.0,0.0,structural_ma9,ma9_level
price_family_ma9_structural_linked,raw_source,20036_district_of_columbia_dc__zip,median_sale_price,level,163,2012-03-31,2026-05-31,385334.4042263122,37159.16997457779,4747.795610425239,10663.888888888883,25000.0,0.0,0.0,163.0,1.0,0.0,raw_source,raw_level
price_family_ma9_structural_linked,structural_ma9,20036_district_of_columbia_dc__zip,median_sale_price,level,163,2012-03-31,2026-05-31,385334.4042263122,37159.16997457779,4747.795610425239,10663.888888888883,25000.0,0.0,0.0,163.0,1.0,0.0,structural_ma9,ma9_level
price_family_ma9_structural_linked,raw_source,20037_district_of_columbia_dc__zip,median_ppsf,level,163,2012-03-31,2026-05-31,624.839115322289,39.33028307944805,5.012956211737316,10.245647069044367,21.129418051555604,0.0,0.0,163.0,1.0,0.0,raw_source,raw_level
price_family_ma9_structural_linked,structural_ma9,20037_district_of_columbia_dc__zip,median_ppsf,level,163,2012-03-31,2026-05-31,624.839115322289,39.33028307944805,5.012956211737316,10.245647069044367,21.129418051555604,0.0,0.0,163.0,1.0,0.0,structural_ma9,ma9_level
price_family_ma9_structural_linked,raw_source,20037_district_of_columbia_dc__zip,median_sale_price,level,163,2012-03-31,2026-05-31,582084.7777777778,56580.47899238286,11234.43484224966,22750.000000000084,32822.22222222225,0.0,0.0,163.0,1.0,0.0,raw_source,raw_level
price_family_ma9_structural_linked,structural_ma9,20037_district_of_columbia_dc__zip,median_sale_price,level,163,2012-03-31,2026-05-31,582084.7777777778,56580.47899238286,11234.43484224966,22750.000000000084,32822.22222222225,0.0,0.0,163.0,1.0,0.0,structural_ma9,ma9_level
price_family_ma9_structural_linked,raw_source,20040_district_of_columbia_dc__zip,median_ppsf,level,0,2018-08-31,2018-10-31,,,,,,0.0,0.0,,,,raw_source,raw_level
price_family_ma9_structural_linked,structural_ma9,20040_district_of_columbia_dc__zip,median_ppsf,level,0,2018-08-31,2018-10-31,,,,,,0.0,0.0,,,,structural_ma9,ma9_level
price_family_ma9_structural_linked,raw_source,20040_district_of_columbia_dc__zip,median_sale_price,level,0,2018-08-31,2018-10-31,,,,,,0.0,0.0,,,,raw_source,raw_level
price_family_ma9_structural_linked,structural_ma9,20040_district_of_columbia_dc__zip,median_sale_price,level,0,2018-08-31,2018-10-31,,,,,,0.0,0.0,,,,structural_ma9,ma9_level
price_family_ma9_structural_linked,raw_source,20059_district_of_columbia_dc__zip,median_ppsf,level,0,2012-03-31,2012-05-31,,,,,,0.0,0.0,,,,raw_source,raw_level
price_family_ma9_structural_linked,structural_ma9,20059_district_of_columbia_dc__zip,median_ppsf,level,0,2012-03-31,2012-05-31,,,,,,0.0,0.0,,,,structural_ma9,ma9_level
price_family_ma9_structural_linked,raw_source,20059_district_of_columbia_dc__zip,median_sale_price,level,0,2012-03-31,2012-05-31,,,,,,0.0,0.0,,,,raw_source,raw_level
price_family_ma9_structural_linked,structural_ma9,20059_district_of_columbia_dc__zip,median_sale_price,level,0,2012-03-31,2012-05-31,,,,,,0.0,0.0,,,,structural_ma9,ma9_level
price_family_ma9_structural_linked,raw_source,20060_district_of_columbia_dc__zip,median_ppsf,level,32,2012-03-31,2023-03-31,505.6701340703368,82.89239424907723,17.26707444650896,33.113876863888834,38.36044541799993,0.0,0.0,32.0,1.0,0.0,raw_source,raw_level
price_family_ma9_structural_linked,structural_ma9,20060_district_of_columbia_dc__zip,median_ppsf,level,32,2012-03-31,2023-03-31,505.6701340703368,82.89239424907723,17.26707444650896,33.113876863888834,38.36044541799993,0.0,0.0,32.0,1.0,0.0,structural_ma9,ma9_level
price_family_ma9_structural_linked,raw_source,20060_district_of_columbia_dc__zip,median_sale_price,level,32,2012-03-31,2023-03-31,849763.1944444445,62322.346889730354,18370.967741935485,30611.111111111124,70000.0,0.0,0.0,32.0,1.0,0.0,raw_source,raw_level
price_family_ma9_structural_linked,structural_ma9,20060_district_of_columbia_dc__zip,median_sale_price,level,32,2012-03-31,2023-03-31,849763.1944444445,62322.346889730354,18370.967741935485,30611.111111111124,70000.0,0.0,0.0,32.0,1.0,0.0,structural_ma9,ma9_level
price_family_ma9_structural_linked,raw_source,20216_district_of_columbia_dc__zip,median_ppsf,level,0,2014-11-30,2015-01-31,,,,,,0.0,0.0,,,,raw_source,raw_level
price_family_ma9_structural_linked,structural_ma9,20216_district_of_columbia_dc__zip,median_ppsf,level,0,2014-11-30,2015-01-31,,,,,,0.0,0.0,,,,structural_ma9,ma9_level
price_family_ma9_structural_linked,raw_source,20216_district_of_columbia_dc__zip,median_sale_price,level,0,2014-11-30,2015-01-31,,,,,,0.0,0.0,,,,raw_source,raw_level
price_family_ma9_structural_linked,structural_ma9,20216_district_of_columbia_dc__zip,median_sale_price,level,0,2014-11-30,2015-01-31,,,,,,0.0,0.0,,,,structural_ma9,ma9_level
price_family_ma9_structural_linked,raw_source,20226_district_of_columbia_dc__zip,median_ppsf,level,0,2012-07-31,2019-11-30,,,,,,0.0,0.0,,,,raw_source,raw_level
price_family_ma9_structural_linked,structural_ma9,20226_district_of_columbia_dc__zip,median_ppsf,level,0,2012-07-31,2019-11-30,,,,,,0.0,0.0,,,,structural_ma9,ma9_level
price_family_ma9_structural_linked,raw_source,20226_district_of_columbia_dc__zip,median_sale_price,level,0,2012-07-31,2019-11-30,,,,,,0.0,0.0,,,,raw_source,raw_level
price_family_ma9_structural_linked,structural_ma9,20226_district_of_columbia_dc__zip,median_sale_price,level,0,2012-07-31,2019-11-30,,,,,,0.0,0.0,,,,structural_ma9,ma9_level
price_family_ma9_structural_linked,raw_source,20227_district_of_columbia_dc__zip,median_ppsf,level,0,2012-03-31,2020-06-30,,,,,,0.0,0.0,,,,raw_source,raw_level
price_family_ma9_structural_linked,structural_ma9,20227_district_of_columbia_dc__zip,median_ppsf,level,0,2012-03-31,2020-06-30,,,,,,0.0,0.0,,,,structural_ma9,ma9_level
price_family_ma9_structural_linked,raw_source,20227_district_of_columbia_dc__zip,median_sale_price,level,0,2012-03-31,2020-06-30,,,,,,0.0,0.0,,,,raw_source,raw_level
price_family_ma9_structural_linked,structural_ma9,20227_district_of_columbia_dc__zip,median_sale_price,level,0,2012-03-31,2020-06-30,,,,,,0.0,0.0,,,,structural_ma9,ma9_level
price_family_ma9_structural_linked,raw_source,20306_district_of_columbia_dc__zip,median_ppsf,level,27,2023-06-30,2026-05-31,608.1078189300412,39.01369982486711,11.580512820512826,28.08777777777783,34.76888888888891,0.0,0.0,27.0,1.0,0.0,raw_source,raw_level
price_family_ma9_structural_linked,structural_ma9,20306_district_of_columbia_dc__zip,median_ppsf,level,27,2023-06-30,2026-05-31,608.1078189300412,39.01369982486711,11.580512820512826,28.08777777777783,34.76888888888891,0.0,0.0,27.0,1.0,0.0,structural_ma9,ma9_level
price_family_ma9_structural_linked,raw_source,20306_district_of_columbia_dc__zip,median_sale_price,level,27,2023-06-30,2026-05-31,599545.4855967079,54228.277712052884,13910.982905982908,32149.111111111124,43454.444444444496,0.0,0.0,27.0,0.9999999999999999,0.0,raw_source,raw_level
price_family_ma9_structural_linked,structural_ma9,20306_district_of_columbia_dc__zip,median_sale_price,level,27,2023-06-30,2026-05-31,599545.4855967079,54228.277712052884,13910.982905982908,32149.111111111124,43454.444444444496,0.0,0.0,27.0,0.9999999999999999,0.0,structural_ma9,ma9_level
price_family_ma9_structural_linked,raw_source,20391_district_of_columbia_dc__zip,median_ppsf,level,163,2012-03-31,2026-05-31,583.4253483008057,76.647006946918,4.228730701762691,8.306751802188908,15.271111111111054,0.0,0.0,163.0,1.0,0.0,raw_source,raw_level
price_family_ma9_structural_linked,structural_ma9,20391_district_of_columbia_dc__zip,median_ppsf,level,163,2012-03-31,2026-05-31,583.4253483008057,76.647006946918,4.228730701762691,8.306751802188908,15.271111111111054,0.0,0.0,163.0,1.0,0.0,structural_ma9,ma9_level
price_family_ma9_structural_linked,raw_source,20391_district_of_columbia_dc__zip,median_sale_price,level,163,2012-03-31,2026-05-31,575268.4042263123,81844.0583925198,11246.262002743488,26069.44444444446,40333.333333333314,0.0,0.0,163.0,1.0,0.0,raw_source,raw_level
price_family_ma9_structural_linked,structural_ma9,20391_district_of_columbia_dc__zip,median_sale_price,level,163,2012-03-31,2026-05-31,575268.4042263123,81844.0583925198,11246.262002743488,26069.44444444446,40333.333333333314,0.0,0.0,163.0,1.0,0.0,structural_ma9,ma9_level
price_family_ma9_structural_linked,raw_source,20398_district_of_columbia_dc__zip,median_ppsf,level,163,2012-03-31,2026-05-31,583.4253483008057,76.647006946918,4.228730701762691,8.306751802188908,15.271111111111054,0.0,0.0,163.0,1.0,0.0,raw_source,raw_level
price_family_ma9_structural_linked,structural_ma9,20398_district_of_columbia_dc__zip,median_ppsf,level,163,2012-03-31,2026-05-31,583.4253483008057,76.647006946918,4.228730701762691,8.306751802188908,15.271111111111054,0.0,0.0,163.0,1.0,0.0,structural_ma9,ma9_level
price_family_ma9_structural_linked,raw_source,20398_district_of_columbia_dc__zip,median_sale_price,level,163,2012-03-31,2026-05-31,575268.4042263123,81844.0583925198,11246.262002743488,26069.44444444446,40333.333333333314,0.0,0.0,163.0,1.0,0.0,raw_source,raw_level
price_family_ma9_structural_linked,structural_ma9,20398_district_of_columbia_dc__zip,median_sale_price,level,163,2012-03-31,2026-05-31,575268.4042263123,81844.0583925198,11246.262002743488,26069.44444444446,40333.333333333314,0.0,0.0,163.0,1.0,0.0,structural_ma9,ma9_level
price_family_ma9_structural_linked,raw_source,20422_district_of_columbia_dc__zip,median_ppsf,level,1,2025-03-31,2026-01-31,629.9044444444445,,,,,0.0,0.0,1.0,,0.0,raw_source,raw_level
price_family_ma9_structural_linked,structural_ma9,20422_district_of_columbia_dc__zip,median_ppsf,level,1,2025-03-31,2026-01-31,629.9044444444445,,,,,0.0,0.0,1.0,,0.0,structural_ma9,ma9_level
price_family_ma9_structural_linked,raw_source,20422_district_of_columbia_dc__zip,median_sale_price,level,6,2025-03-31,2026-04-30,1023305.8333333334,66470.5180559838,37372.62222222223,68594.9333333333,83654.88888888876,0.0,0.0,6.0,1.0,0.0,raw_source,raw_level
price_family_ma9_structural_linked,structural_ma9,20422_district_of_columbia_dc__zip,median_sale_price,level,6,2025-03-31,2026-04-30,1023305.8333333334,66470.5180559838,37372.62222222223,68594.9333333333,83654.88888888876,0.0,0.0,6.0,1.0,0.0,structural_ma9,ma9_level
price_family_ma9_structural_linked,raw_source,20515_district_of_columbia_dc__zip,median_ppsf,level,0,2013-06-30,2025-08-31,,,,,,0.0,0.0,,,,raw_source,raw_level
price_family_ma9_structural_linked,structural_ma9,20515_district_of_columbia_dc__zip,median_ppsf,level,0,2013-06-30,2025-08-31,,,,,,0.0,0.0,,,,structural_ma9,ma9_level
price_family_ma9_structural_linked,raw_source,20515_district_of_columbia_dc__zip,median_sale_price,level,0,2013-06-30,2025-08-31,,,,,,0.0,0.0,,,,raw_source,raw_level
price_family_ma9_structural_linked,structural_ma9,20515_district_of_columbia_dc__zip,median_sale_price,level,0,2013-06-30,2025-08-31,,,,,,0.0,0.0,,,,structural_ma9,ma9_level
price_family_ma9_structural_linked,raw_source,20529_district_of_columbia_dc__zip,median_ppsf,level,0,2013-01-31,2013-03-31,,,,,,0.0,0.0,,,,raw_source,raw_level
price_family_ma9_structural_linked,structural_ma9,20529_district_of_columbia_dc__zip,median_ppsf,level,0,2013-01-31,2013-03-31,,,,,,0.0,0.0,,,,structural_ma9,ma9_level
price_family_ma9_structural_linked,raw_source,20529_district_of_columbia_dc__zip,median_sale_price,level,0,2013-01-31,2013-03-31,,,,,,0.0,0.0,,,,raw_source,raw_level
price_family_ma9_structural_linked,structural_ma9,20529_district_of_columbia_dc__zip,median_sale_price,level,0,2013-01-31,2013-03-31,,,,,,0.0,0.0,,,,structural_ma9,ma9_level
price_family_ma9_structural_linked,raw_source,20560_district_of_columbia_dc__zip,median_sale_price,level,0,2016-04-30,2016-06-30,,,,,,0.0,0.0,,,,raw_source,raw_level
price_family_ma9_structural_linked,structural_ma9,20560_district_of_columbia_dc__zip,median_sale_price,level,0,2016-04-30,2016-06-30,,,,,,0.0,0.0,,,,structural_ma9,ma9_level
price_family_ma9_structural_linked,raw_source,20593_district_of_columbia_dc__zip,median_ppsf,level,45,2020-06-30,2026-05-31,905.8174074074074,67.79836058433625,19.281994949494933,43.47733333333333,86.51999999999998,0.0,0.0,45.0,0.9999999999999998,0.0,raw_source,raw_level
price_family_ma9_structural_linked,structural_ma9,20593_district_of_columbia_dc__zip,median_ppsf,level,45,2020-06-30,2026-05-31,905.8174074074074,67.79836058433625,19.281994949494933,43.47733333333333,86.51999999999998,0.0,0.0,45.0,0.9999999999999998,0.0,structural_ma9,ma9_level
price_family_ma9_structural_linked,raw_source,20593_district_of_columbia_dc__zip,median_sale_price,level,45,2020-06-30,2026-05-31,883209.7259259259,150801.64791780972,53636.73232323232,119081.11111111111,162444.44444444438,0.0,0.0,45.0,1.0,0.0,raw_source,raw_level
price_family_ma9_structural_linked,structural_ma9,20593_district_of_columbia_dc__zip,median_sale_price,level,45,2020-06-30,2026-05-31,883209.7259259259,150801.64791780972,53636.73232323232,119081.11111111111,162444.44444444438,0.0,0.0,45.0,1.0,0.0,structural_ma9,ma9_level
price_family_ma9_structural_linked,raw_source,20601_prince_george_s_county_md__zip,median_ppsf,level,163,2012-03-31,2026-05-31,161.3931651479598,35.69228531499323,0.9662327112187935,2.125654178233322,4.382222222222225,0.0,0.0,163.0,0.9999999999999998,0.0,raw_source,raw_level
price_family_ma9_structural_linked,structural_ma9,20601_prince_george_s_county_md__zip,median_ppsf,level,163,2012-03-31,2026-05-31,161.3931651479598,35.69228531499323,0.9662327112187935,2.125654178233322,4.382222222222225,0.0,0.0,163.0,0.9999999999999998,0.0,structural_ma9,ma9_level
price_family_ma9_structural_linked,raw_source,20601_prince_george_s_county_md__zip,median_sale_price,level,163,2012-03-31,2026-05-31,323413.48432174505,81036.9119112712,2169.357338820302,4416.666666666681,6228.888888888876,0.0,0.0,163.0,1.0,0.0,raw_source,raw_level
price_family_ma9_structural_linked,structural_ma9,20601_prince_george_s_county_md__zip,median_sale_price,level,163,2012-03-31,2026-05-31,323413.48432174505,81036.9119112712,2169.357338820302,4416.666666666681,6228.888888888876,0.0,0.0,163.0,1.0,0.0,structural_ma9,ma9_level
price_family_ma9_structural_linked,raw_source,20607_prince_george_s_county_md__zip,median_ppsf,level,163,2012-03-31,2026-05-31,156.37183493771167,35.24785167097776,1.2779670644540462,2.8461095949777846,4.611111111111114,0.0,0.0,163.0,0.9999999999999998,0.0,raw_source,raw_level
price_family_ma9_structural_linked,structural_ma9,20607_prince_george_s_county_md__zip,median_ppsf,level,163,2012-03-31,2026-05-31,156.37183493771167,35.24785167097776,1.2779670644540462,2.8461095949777846,4.611111111111114,0.0,0.0,163.0,0.9999999999999998,0.0,structural_ma9,ma9_level
price_family_ma9_structural_linked,raw_source,20607_prince_george_s_county_md__zip,median_sale_price,level,163,2012-03-31,2026-05-31,407563.73108384456,85954.3412342211,4044.329903978051,8092.138888888912,13958.333333333372,0.0,0.0,163.0,0.9999999999999998,0.0,raw_source,raw_level
price_family_ma9_structural_linked,structural_ma9,20607_prince_george_s_county_md__zip,median_sale_price,level,163,2012-03-31,2026-05-31,407563.73108384456,85954.3412342211,4044.329903978051,8092.138888888912,13958.333333333372,0.0,0.0,163.0,0.9999999999999998,0.0,structural_ma9,ma9_level
price_family_ma9_structural_linked,raw_source,20608_prince_george_s_county_md__zip,median_ppsf,level,151,2012-03-31,2026-05-31,156.2327429659404,45.64744802519946,5.371868280373332,8.501333333333342,45.892222222222216,0.0,0.0,151.0,1.0,0.0,raw_source,raw_level
price_family_ma9_structural_linked,structural_ma9,20608_prince_george_s_county_md__zip,median_ppsf,level,151,2012-03-31,2026-05-31,156.2327429659404,45.64744802519946,5.371868280373332,8.501333333333342,45.892222222222216,0.0,0.0,151.0,1.0,0.0,structural_ma9,ma9_level
price_family_ma9_structural_linked,raw_source,20608_prince_george_s_county_md__zip,median_sale_price,level,151,2012-03-31,2026-05-31,359326.75680647534,180958.06051426474,17537.82814814815,39511.11111111111,79262.4444444445,0.0,0.0,151.0,1.0,0.0,raw_source,raw_level
price_family_ma9_structural_linked,structural_ma9,20608_prince_george_s_county_md__zip,median_sale_price,level,151,2012-03-31,2026-05-31,359326.75680647534,180958.06051426474,17537.82814814815,39511.11111111111,79262.4444444445,0.0,0.0,151.0,1.0,0.0,structural_ma9,ma9_level
price_family_ma9_structural_linked,raw_source,20613_prince_george_s_county_md__zip,median_ppsf,level,163,2012-03-31,2026-05-31,167.78491093100612,41.17086593049591,1.1374769362167336,2.421444444444444,4.27555555555557,0.0,0.0,163.0,1.0,0.0,raw_source,raw_level
price_family_ma9_structural_linked,structural_ma9,20613_prince_george_s_county_md__zip,median_ppsf,level,163,2012-03-31,2026-05-31,167.78491093100612,41.17086593049591,1.1374769362167336,2.421444444444444,4.27555555555557,0.0,0.0,163.0,1.0,0.0,structural_ma9,ma9_level
price_family_ma9_structural_linked,raw_source,20613_prince_george_s_county_md__zip,median_sale_price,level,163,2012-03-31,2026-05-31,396734.5773687798,93770.90074111742,4111.220850480108,9304.394444444435,20476.111111111124,0.0,0.0,163.0,1.0,0.0,raw_source,raw_level
price_family_ma9_structural_linked,structural_ma9,20613_prince_george_s_county_md__zip,median_sale_price,level,163,2012-03-31,2026-05-31,396734.5773687798,93770.90074111742,4111.220850480108,9304.394444444435,20476.111111111124,0.0,0.0,163.0,1.0,0.0,structural_ma9,ma9_level
price_family_ma9_structural_linked,raw_source,20616_prince_george_s_county_md__zip,median_ppsf,level,163,2012-03-31,2026-05-31,149.6513441697287,29.232998350172835,1.0593847012887518,2.4406666666666754,3.964444444444439,0.0,0.0,163.0,1.0,0.0,raw_source,raw_level
price_family_ma9_structural_linked,structural_ma9,20616_prince_george_s_county_md__zip,median_ppsf,level,163,2012-03-31,2026-05-31,149.6513441697287,29.232998350172835,1.0593847012887518,2.4406666666666754,3.964444444444439,0.0,0.0,163.0,1.0,0.0,structural_ma9,ma9_level
price_family_ma9_structural_linked,raw_source,20616_prince_george_s_county_md__zip,median_sale_price,level,163,2012-03-31,2026-05-31,306412.0361281527,84032.14205258466,3203.093278463649,5988.17777777777,10595.777777777752,0.0,0.0,163.0,1.0,0.0,raw_source,raw_level
price_family_ma9_structural_linked,structural_ma9,20616_prince_george_s_county_md__zip,median_sale_price,level,163,2012-03-31,2026-05-31,306412.0361281527,84032.14205258466,3203.093278463649,5988.17777777777,10595.777777777752,0.0,0.0,163.0,1.0,0.0,structural_ma9,ma9_level
price_family_ma9_structural_linked,raw_source,20623_prince_george_s_county_md__zip,median_ppsf,level,162,2012-03-31,2026-05-31,168.2301931411982,39.47057551170764,2.9666174558081453,7.034444444444432,16.27222222222224,0.0,0.0,162.0,1.0,0.0,raw_source,raw_level
price_family_ma9_structural_linked,structural_ma9,20623_prince_george_s_county_md__zip,median_ppsf,level,162,2012-03-31,2026-05-31,168.2301931411982,39.47057551170764,2.9666174558081453,7.034444444444432,16.27222222222224,0.0,0.0,162.0,1.0,0.0,structural_ma9,ma9_level
price_family_ma9_structural_linked,raw_source,20623_prince_george_s_county_md__zip,median_sale_price,level,162,2012-03-31,2026-05-31,374116.5658436214,88899.84365999079,6554.881297446513,14000.0,28444.444444444438,0.0,0.0,162.0,1.0,0.0,raw_source,raw_level
price_family_ma9_structural_linked,structural_ma9,20623_prince_george_s_county_md__zip,median_sale_price,level,162,2012-03-31,2026-05-31,374116.5658436214,88899.84365999079,6554.881297446513,14000.0,28444.444444444438,0.0,0.0,162.0,1.0,0.0,structural_ma9,ma9_level
price_family_ma9_structural_linked,raw_source,20703_prince_george_s_county_md__zip,median_ppsf,level,0,2022-04-30,2022-06-30,,,,,,0.0,0.0,,,,raw_source,raw_level
price_family_ma9_structural_linked,structural_ma9,20703_prince_george_s_county_md__zip,median_ppsf,level,0,2022-04-30,2022-06-30,,,,,,0.0,0.0,,,,structural_ma9,ma9_level
price_family_ma9_structural_linked,raw_source,20703_prince_george_s_county_md__zip,median_sale_price,level,0,2022-04-30,2022-06-30,,,,,,0.0,0.0,,,,raw_source,raw_level
price_family_ma9_structural_linked,structural_ma9,20703_prince_george_s_county_md__zip,median_sale_price,level,0,2022-04-30,2022-06-30,,,,,,0.0,0.0,,,,structural_ma9,ma9_level
price_family_ma9_structural_linked,raw_source,20704_prince_george_s_county_md__zip,median_ppsf,level,0,2012-04-30,2012-06-30,,,,,,0.0,0.0,,,,raw_source,raw_level
price_family_ma9_structural_linked,structural_ma9,20704_prince_george_s_county_md__zip,median_ppsf,level,0,2012-04-30,2012-06-30,,,,,,0.0,0.0,,,,structural_ma9,ma9_level
price_family_ma9_structural_linked,raw_source,20704_prince_george_s_county_md__zip,median_sale_price,level,0,2012-04-30,2012-06-30,,,,,,0.0,0.0,,,,raw_source,raw_level
price_family_ma9_structural_linked,structural_ma9,20704_prince_george_s_county_md__zip,median_sale_price,level,0,2012-04-30,2012-06-30,,,,,,0.0,0.0,,,,structural_ma9,ma9_level
price_family_ma9_structural_linked,raw_source,20705_prince_george_s_county_md__zip,median_ppsf,level,163,2012-03-31,2026-05-31,184.39962315219836,31.65598231964858,1.822191727825788,3.7238324866666774,6.542222222222165,0.0,0.0,163.0,1.0,0.0,raw_source,raw_level
price_family_ma9_structural_linked,structural_ma9,20705_prince_george_s_county_md__zip,median_ppsf,level,163,2012-03-31,2026-05-31,184.39962315219836,31.65598231964858,1.822191727825788,3.7238324866666774,6.542222222222165,0.0,0.0,163.0,1.0,0.0,structural_ma9,ma9_level
price_family_ma9_structural_linked,raw_source,20705_prince_george_s_county_md__zip,median_sale_price,level,163,2012-03-31,2026-05-31,337753.8766189502,82997.26787074975,3245.0366941015086,6666.666666666683,10222.222222222248,0.0,0.0,163.0,1.0,0.0,raw_source,raw_level
price_family_ma9_structural_linked,structural_ma9,20705_prince_george_s_county_md__zip,median_sale_price,level,163,2012-03-31,2026-05-31,337753.8766189502,82997.26787074975,3245.0366941015086,6666.666666666683,10222.222222222248,0.0,0.0,163.0,1.0,0.0,structural_ma9,ma9_level
price_family_ma9_structural_linked,raw_source,20706_prince_george_s_county_md__zip,median_ppsf,level,163,2012-03-31,2026-05-31,187.56323488474368,40.45501684003911,1.2295094143744885,2.7237754354777737,4.91609068377781,0.0,0.0,163.0,1.0,0.0,raw_source,raw_level
price_family_ma9_structural_linked,structural_ma9,20706_prince_george_s_county_md__zip,median_ppsf,level,163,2012-03-31,2026-05-31,187.56323488474368,40.45501684003911,1.2295094143744885,2.7237754354777737,4.91609068377781,0.0,0.0,163.0,1.0,0.0,structural_ma9,ma9_level
price_family_ma9_structural_linked,raw_source,20706_prince_george_s_county_md__zip,median_sale_price,level,163,2012-03-31,2026-05-31,331136.3128834356,89178.01949303364,2039.8871742112485,4166.666666666654,6666.666666666686,0.0,0.0,163.0,0.9999999999999999,0.0,raw_source,raw_level
price_family_ma9_structural_linked,structural_ma9,20706_prince_george_s_county_md__zip,median_sale_price,level,163,2012-03-31,2026-05-31,331136.3128834356,89178.01949303364,2039.8871742112485,4166.666666666654,6666.666666666686,0.0,0.0,163.0,0.9999999999999999,0.0,structural_ma9,ma9_level
price_family_ma9_structural_linked,raw_source,20707_prince_george_s_county_md__zip,median_ppsf,level,163,2012-03-31,2026-05-31,186.17807858793864,45.938297921432444,1.151022156207818,2.5402222222222237,4.781111111111102,0.0,0.0,163.0,1.0,0.0,raw_source,raw_level
price_family_ma9_structural_linked,structural_ma9,20707_prince_george_s_county_md__zip,median_ppsf,level,163,2012-03-31,2026-05-31,186.17807858793864,45.938297921432444,1.151022156207818,2.5402222222222237,4.781111111111102,0.0,0.0,163.0,1.0,0.0,structural_ma9,ma9_level
price_family_ma9_structural_linked,raw_source,20707_prince_george_s_county_md__zip,median_sale_price,level,163,2012-03-31,2026-05-31,305922.5831629175,78914.56949169961,2372.932098765432,4656.111111111121,9833.333333333314,0.0,0.0,163.0,1.0,0.0,raw_source,raw_level
price_family_ma9_structural_linked,structural_ma9,20707_prince_george_s_county_md__zip,median_sale_price,level,163,2012-03-31,2026-05-31,305922.5831629175,78914.56949169961,2372.932098765432,4656.111111111121,9833.333333333314,0.0,0.0,163.0,1.0,0.0,structural_ma9,ma9_level
price_family_ma9_structural_linked,raw_source,20708_prince_george_s_county_md__zip,median_ppsf,level,163,2012-03-31,2026-05-31,179.76960024872528,40.972557521424676,1.4071204744190673,2.8983333333332673,5.200000000000017,0.0,0.0,163.0,1.0,0.0,raw_source,raw_level
price_family_ma9_structural_linked,structural_ma9,20708_prince_george_s_county_md__zip,median_ppsf,level,163,2012-03-31,2026-05-31,179.76960024872528,40.972557521424676,1.4071204744190673,2.8983333333332673,5.200000000000017,0.0,0.0,163.0,1.0,0.0,structural_ma9,ma9_level
price_family_ma9_structural_linked,raw_source,20708_prince_george_s_county_md__zip,median_sale_price,level,163,2012-03-31,2026-05-31,366653.2286980232,95433.6351737453,3649.65500685871,8318.888888888907,13333.333333333314,0.0,0.0,163.0,1.0,0.0,raw_source,raw_level
price_family_ma9_structural_linked,structural_ma9,20708_prince_george_s_county_md__zip,median_sale_price,level,163,2012-03-31,2026-05-31,366653.2286980232,95433.6351737453,3649.65500685871,8318.888888888907,13333.333333333314,0.0,0.0,163.0,1.0,0.0,structural_ma9,ma9_level
price_family_ma9_structural_linked,raw_source,20710_prince_george_s_county_md__zip,median_ppsf,level,163,2012-03-31,2026-05-31,167.23572232166464,43.34026489089781,4.785340409937586,9.24126933584441,18.493888888888904,0.0,0.0,163.0,1.0,0.0,raw_source,raw_level
price_family_ma9_structural_linked,structural_ma9,20710_prince_george_s_county_md__zip,median_ppsf,level,163,2012-03-31,2026-05-31,167.23572232166464,43.34026489089781,4.785340409937586,9.24126933584441,18.493888888888904,0.0,0.0,163.0,1.0,0.0,structural_ma9,ma9_level
price_family_ma9_structural_linked,raw_source,20710_prince_george_s_county_md__zip,median_sale_price,level,163,2012-03-31,2026-05-31,219597.90184049078,66488.40387745498,6688.817558299042,14672.222222222248,24444.444444444438,0.0,0.0,163.0,1.0,0.0,raw_source,raw_level
price_family_ma9_structural_linked,structural_ma9,20710_prince_george_s_county_md__zip,median_sale_price,level,163,2012-03-31,2026-05-31,219597.90184049078,66488.40387745498,6688.817558299042,14672.222222222248,24444.444444444438,0.0,0.0,163.0,1.0,0.0,structural_ma9,ma9_level
price_family_ma9_structural_linked,raw_source,20712_prince_george_s_county_md__zip,median_ppsf,level,163,2012-03-31,2026-05-31,245.30123451184184,49.10845146627766,3.578562354152264,6.91180123662222,11.017777777777837,0.0,0.0,163.0,1.0,0.0,raw_source,raw_level
price_family_ma9_structural_linked,structural_ma9,20712_prince_george_s_county_md__zip,median_ppsf,level,163,2012-03-31,2026-05-31,245.30123451184184,49.10845146627766,3.578562354152264,6.91180123662222,11.017777777777837,0.0,0.0,163.0,1.0,0.0,structural_ma9,ma9_level
price_family_ma9_structural_linked,raw_source,20712_prince_george_s_county_md__zip,median_sale_price,level,163,2012-03-31,2026-05-31,394364.6714383095,112252.58454915216,6342.032921810697,13983.888888888883,38444.44444444444,0.0,0.0,163.0,1.0,0.0,raw_source,raw_level
price_family_ma9_structural_linked,structural_ma9,20712_prince_george_s_county_md__zip,median_sale_price,level,163,2012-03-31,2026-05-31,394364.6714383095,112252.58454915216,6342.032921810697,13983.888888888883,38444.44444444444,0.0,0.0,163.0,1.0,0.0,structural_ma9,ma9_level
price_family_ma9_structural_linked,raw_source,20715_prince_george_s_county_md__zip,median_ppsf,level,163,2012-03-31,2026-05-31,192.0622715328855,44.53775073483436,1.1874277683415648,2.561444444444462,4.068888888888864,0.0,0.0,163.0,1.0,0.0,raw_source,raw_level
price_family_ma9_structural_linked,structural_ma9,20715_prince_george_s_county_md__zip,median_ppsf,level,163,2012-03-31,2026-05-31,192.0622715328855,44.53775073483436,1.1874277683415648,2.561444444444462,4.068888888888864,0.0,0.0,163.0,1.0,0.0,structural_ma9,ma9_level
price_family_ma9_structural_linked,raw_source,20715_prince_george_s_county_md__zip,median_sale_price,level,163,2012-03-31,2026-05-31,369188.57702794817,84925.82510906053,2173.037722908093,4444.444444444438,6455.555555555562,0.0,0.0,163.0,0.9999999999999998,0.0,raw_source,raw_level
price_family_ma9_structural_linked,structural_ma9,20715_prince_george_s_county_md__zip,median_sale_price,level,163,2012-03-31,2026-05-31,369188.57702794817,84925.82510906053,2173.037722908093,4444.444444444438,6455.555555555562,0.0,0.0,163.0,0.9999999999999998,0.0,structural_ma9,ma9_level
price_family_ma9_structural_linked,raw_source,20716_prince_george_s_county_md__zip,median_ppsf,level,163,2012-03-31,2026-05-31,191.30041932888616,46.01567272715448,1.1222656627578853,2.2821237356110724,5.083333333333343,0.0,0.0,163.0,1.0,0.0,raw_source,raw_level
price_family_ma9_structural_linked,structural_ma9,20716_prince_george_s_county_md__zip,median_ppsf,level,163,2012-03-31,2026-05-31,191.30041932888616,46.01567272715448,1.1222656627578853,2.2821237356110724,5.083333333333343,0.0,0.0,163.0,1.0,0.0,structural_ma9,ma9_level
price_family_ma9_structural_linked,raw_source,20716_prince_george_s_county_md__zip,median_sale_price,level,163,2012-03-31,2026-05-31,338393.9700068166,97798.84992807399,2825.603566529492,5378.666666666646,9888.888888888876,0.0,0.0,163.0,1.0,0.0,raw_source,raw_level
price_family_ma9_structural_linked,structural_ma9,20716_prince_george_s_county_md__zip,median_sale_price,level,163,2012-03-31,2026-05-31,338393.9700068166,97798.84992807399,2825.603566529492,5378.666666666646,9888.888888888876,0.0,0.0,163.0,1.0,0.0,structural_ma9,ma9_level
price_family_ma9_structural_linked,raw_source,20717_prince_george_s_county_md__zip,median_ppsf,level,132,2012-03-31,2026-05-31,189.28345460648822,45.255035238754616,3.018674832685324,6.479071784888902,11.29666666666671,0.0,0.0,132.0,1.0,0.0,raw_source,raw_level
price_family_ma9_structural_linked,structural_ma9,20717_prince_george_s_county_md__zip,median_ppsf,level,132,2012-03-31,2026-05-31,189.28345460648822,45.255035238754616,3.018674832685324,6.479071784888902,11.29666666666671,0.0,0.0,132.0,1.0,0.0,structural_ma9,ma9_level
price_family_ma9_structural_linked,raw_source,20717_prince_george_s_county_md__zip,median_sale_price,level,132,2012-03-31,2026-05-31,274854.7285353535,73402.01905656143,7455.805767599659,15944.444444444438,23333.333333333372,0.0,0.0,132.0,1.0,0.0,raw_source,raw_level
price_family_ma9_structural_linked,structural_ma9,20717_prince_george_s_county_md__zip,median_sale_price,level,132,2012-03-31,2026-05-31,274854.7285353535,73402.01905656143,7455.805767599659,15944.444444444438,23333.333333333372,0.0,0.0,132.0,1.0,0.0,structural_ma9,ma9_level
price_family_ma9_structural_linked,raw_source,20720_prince_george_s_county_md__zip,median_ppsf,level,163,2012-03-31,2026-05-31,172.36489078132038,35.58555004688756,1.313296078137175,2.7511592320778027,6.895555555555575,0.0,0.0,163.0,0.9999999999999998,0.0,raw_source,raw_level
price_family_ma9_structural_linked,structural_ma9,20720_prince_george_s_county_md__zip,median_ppsf,level,163,2012-03-31,2026-05-31,172.36489078132038,35.58555004688756,1.313296078137175,2.7511592320778027,6.895555555555575,0.0,0.0,163.0,0.9999999999999998,0.0,structural_ma9,ma9_level
price_family_ma9_structural_linked,raw_source,20720_prince_george_s_county_md__zip,median_sale_price,level,163,2012-03-31,2026-05-31,430658.2321063394,94564.91581507755,4813.267489711935,10944.944444444443,18277.77777777781,0.0,0.0,163.0,0.9999999999999999,0.0,raw_source,raw_level
price_family_ma9_structural_linked,structural_ma9,20720_prince_george_s_county_md__zip,median_sale_price,level,163,2012-03-31,2026-05-31,430658.2321063394,94564.91581507755,4813.267489711935,10944.944444444443,18277.77777777781,0.0,0.0,163.0,0.9999999999999999,0.0,structural_ma9,ma9_level
price_family_ma9_structural_linked,raw_source,20721_prince_george_s_county_md__zip,median_ppsf,level,163,2012-03-31,2026-05-31,175.00856431559237,39.858638075915884,1.2413935807565164,2.5404444444444354,5.133333333333326,0.0,0.0,163.0,1.0,0.0,raw_source,raw_level
price_family_ma9_structural_linked,structural_ma9,20721_prince_george_s_county_md__zip,median_ppsf,level,163,2012-03-31,2026-05-31,175.00856431559237,39.858638075915884,1.2413935807565164,2.5404444444444354,5.133333333333326,0.0,0.0,163.0,1.0,0.0,structural_ma9,ma9_level
price_family_ma9_structural_linked,raw_source,20721_prince_george_s_county_md__zip,median_sale_price,level,163,2012-03-31,2026-05-31,426063.25698704843,100442.16324521572,3190.801097393691,6722.777777777752,10861.111111111124,0.0,0.0,163.0,1.0,0.0,raw_source,raw_level
price_family_ma9_structural_linked,structural_ma9,20721_prince_george_s_county_md__zip,median_sale_price,level,163,2012-03-31,2026-05-31,426063.25698704843,100442.16324521572,3190.801097393691,6722.777777777752,10861.111111111124,0.0,0.0,163.0,1.0,0.0,structural_ma9,ma9_level
price_family_ma9_structural_linked,raw_source,20722_prince_george_s_county_md__zip,median_ppsf,level,163,2012-03-31,2026-05-31,227.86045459837968,61.17975387726843,3.704800870646775,7.398111111111109,14.28222222222223,0.0,0.0,163.0,0.9999999999999999,0.0,raw_source,raw_level
price_family_ma9_structural_linked,structural_ma9,20722_prince_george_s_county_md__zip,median_ppsf,level,163,2012-03-31,2026-05-31,227.86045459837968,61.17975387726843,3.704800870646775,7.398111111111109,14.28222222222223,0.0,0.0,163.0,0.9999999999999999,0.0,structural_ma9,ma9_level
price_family_ma9_structural_linked,raw_source,20722_prince_george_s_county_md__zip,median_sale_price,level,163,2012-03-31,2026-05-31,302462.56578050443,91484.7473286869,4724.340192043896,9874.999999999989,23888.888888888876,0.0,0.0,163.0,1.0,0.0,raw_source,raw_level
price_family_ma9_structural_linked,structural_ma9,20722_prince_george_s_county_md__zip,median_sale_price,level,163,2012-03-31,2026-05-31,302462.56578050443,91484.7473286869,4724.340192043896,9874.999999999989,23888.888888888876,0.0,0.0,163.0,1.0,0.0,structural_ma9,ma9_level
price_family_ma9_structural_linked,raw_source,20731_prince_george_s_county_md__zip,median_ppsf,level,59,2012-05-31,2026-05-31,171.68844413618078,57.49091890273233,5.802182353791183,11.679878055211134,14.582931688222232,0.0,0.0,59.0,1.0,0.0,raw_source,raw_level
price_family_ma9_structural_linked,structural_ma9,20731_prince_george_s_county_md__zip,median_ppsf,level,59,2012-05-31,2026-05-31,171.68844413618078,57.49091890273233,5.802182353791183,11.679878055211134,14.582931688222232,0.0,0.0,59.0,1.0,0.0,structural_ma9,ma9_level
price_family_ma9_structural_linked,raw_source,20731_prince_george_s_county_md__zip,median_sale_price,level,59,2012-05-31,2026-05-31,239849.23352165727,94227.47050722383,8553.335249042144,18647.00000000003,26111.111111111124,0.0,0.0,59.0,1.0,0.0,raw_source,raw_level
price_family_ma9_structural_linked,structural_ma9,20731_prince_george_s_county_md__zip,median_sale_price,level,59,2012-05-31,2026-05-31,239849.23352165727,94227.47050722383,8553.335249042144,18647.00000000003,26111.111111111124,0.0,0.0,59.0,1.0,0.0,structural_ma9,ma9_level
price_family_ma9_structural_linked,raw_source,20735_prince_george_s_county_md__zip,median_ppsf,level,163,2012-03-31,2026-05-31,175.69217188862712,43.11240018780057,1.2575675034451304,2.9197777777777674,5.555555555555571,0.0,0.0,163.0,1.0,0.0,raw_source,raw_level
price_family_ma9_structural_linked,structural_ma9,20735_prince_george_s_county_md__zip,median_ppsf,level,163,2012-03-31,2026-05-31,175.69217188862712,43.11240018780057,1.2575675034451304,2.9197777777777674,5.555555555555571,0.0,0.0,163.0,1.0,0.0,structural_ma9,ma9_level
price_family_ma9_structural_linked,raw_source,20735_prince_george_s_county_md__zip,median_sale_price,level,163,2012-03-31,2026-05-31,322791.00749829586,85500.1519899233,2038.2551440329228,4211.111111111084,6060.444444444438,0.0,0.0,163.0,0.9999999999999998,0.0,raw_source,raw_level
price_family_ma9_structural_linked,structural_ma9,20735_prince_george_s_county_md__zip,median_sale_price,level,163,2012-03-31,2026-05-31,322791.00749829586,85500.1519899233,2038.2551440329228,4211.111111111084,6060.444444444438,0.0,0.0,163.0,0.9999999999999998,0.0,structural_ma9,ma9_level
price_family_ma9_structural_linked,raw_source,20737_prince_george_s_county_md__zip,median_ppsf,level,163,2012-03-31,2026-05-31,218.53436133755895,55.208253038390815,2.2225430734965697,4.464537008900024,9.23111111111109,0.0,0.0,163.0,1.0,0.0,raw_source,raw_level
price_family_ma9_structural_linked,structural_ma9,20737_prince_george_s_county_md__zip,median_ppsf,level,163,2012-03-31,2026-05-31,218.53436133755895,55.208253038390815,2.2225430734965697,4.464537008900024,9.23111111111109,0.0,0.0,163.0,1.0,0.0,structural_ma9,ma9_level
price_family_ma9_structural_linked,raw_source,20737_prince_george_s_county_md__zip,median_sale_price,level,163,2012-03-31,2026-05-31,305485.9775051125,94633.98116389298,3141.113854595336,6538.888888888871,11888.888888888934,0.0,0.0,163.0,1.0,0.0,raw_source,raw_level
price_family_ma9_structural_linked,structural_ma9,20737_prince_george_s_county_md__zip,median_sale_price,level,163,2012-03-31,2026-05-31,305485.9775051125,94633.98116389298,3141.113854595336,6538.888888888871,11888.888888888934,0.0,0.0,163.0,1.0,0.0,structural_ma9,ma9_level
price_family_ma9_structural_linked,raw_source,20740_prince_george_s_county_md__zip,median_ppsf,level,163,2012-03-31,2026-05-31,224.27225051295298,29.698821274255764,1.8419117563326475,3.5268098318555534,7.405555555555509,0.0,0.0,163.0,1.0,0.0,raw_source,raw_level
price_family_ma9_structural_linked,structural_ma9,20740_prince_george_s_county_md__zip,median_ppsf,level,163,2012-03-31,2026-05-31,224.27225051295298,29.698821274255764,1.8419117563326475,3.5268098318555534,7.405555555555509,0.0,0.0,163.0,1.0,0.0,structural_ma9,ma9_level
price_family_ma9_structural_linked,raw_source,20740_prince_george_s_county_md__zip,median_sale_price,level,163,2012-03-31,2026-05-31,334870.4253578732,84543.50836916707,3259.922496570643,5869.444444444489,21611.111111111124,0.0,0.0,163.0,1.0,0.0,raw_source,raw_level
price_family_ma9_structural_linked,structural_ma9,20740_prince_george_s_county_md__zip,median_sale_price,level,163,2012-03-31,2026-05-31,334870.4253578732,84543.50836916707,3259.922496570643,5869.444444444489,21611.111111111124,0.0,0.0,163.0,1.0,0.0,structural_ma9,ma9_level
price_family_ma9_structural_linked,raw_source,20741_prince_george_s_county_md__zip,median_ppsf,level,11,2014-11-30,2022-02-28,264.6697934946667,20.499193991618753,5.795982688166665,8.183097594000007,8.183097594000031,0.0,0.0,11.0,0.9999999999999998,0.0,raw_source,raw_level
price_family_ma9_structural_linked,structural_ma9,20741_prince_george_s_county_md__zip,median_ppsf,level,11,2014-11-30,2022-02-28,264.6697934946667,20.499193991618753,5.795982688166665,8.183097594000007,8.183097594000031,0.0,0.0,11.0,0.9999999999999998,0.0,structural_ma9,ma9_level
price_family_ma9_structural_linked,raw_source,20741_prince_george_s_county_md__zip,median_sale_price,level,11,2014-11-30,2022-02-28,318464.64646464644,36248.893322632626,10155.555555555557,15555.555555555562,15555.555555555562,0.0,0.0,11.0,1.0,0.0,raw_source,raw_level
price_family_ma9_structural_linked,structural_ma9,20741_prince_george_s_county_md__zip,median_sale_price,level,11,2014-11-30,2022-02-28,318464.64646464644,36248.893322632626,10155.555555555557,15555.555555555562,15555.555555555562,0.0,0.0,11.0,1.0,0.0,structural_ma9,ma9_level
price_family_ma9_structural_linked,raw_source,20743_prince_george_s_county_md__zip,median_ppsf,level,163,2012-03-31,2026-05-31,178.4999855146217,54.98981764316273,1.4533551742599453,2.6940018405111106,5.436666666666667,0.0,0.0,163.0,0.9999999999999999,0.0,raw_source,raw_level
price_family_ma9_structural_linked,structural_ma9,20743_prince_george_s_county_md__zip,median_ppsf,level,163,2012-03-31,2026-05-31,178.4999855146217,54.98981764316273,1.4533551742599453,2.6940018405111106,5.436666666666667,0.0,0.0,163.0,0.9999999999999999,0.0,structural_ma9,ma9_level
price_family_ma9_structural_linked,raw_source,20743_prince_george_s_county_md__zip,median_sale_price,level,163,2012-03-31,2026-05-31,241041.2464212679,83047.23031556685,1870.8559670781883,3664.4444444444352,6333.333333333314,0.0,0.0,163.0,1.0,0.0,raw_source,raw_level
price_family_ma9_structural_linked,structural_ma9,20743_prince_george_s_county_md__zip,median_sale_price,level,163,2012-03-31,2026-05-31,241041.2464212679,83047.23031556685,1870.8559670781883,3664.4444444444352,6333.333333333314,0.0,0.0,163.0,1.0,0.0,structural_ma9,ma9_level
price_family_ma9_structural_linked,raw_source,20744_prince_george_s_county_md__zip,median_ppsf,level,163,2012-03-31,2026-05-31,169.66590595508657,39.06233044143456,1.0620648155740744,2.2383388888888973,4.412222222222226,0.0,0.0,163.0,1.0,0.0,raw_source,raw_level
price_family_ma9_structural_linked,structural_ma9,20744_prince_george_s_county_md__zip,median_ppsf,level,163,2012-03-31,2026-05-31,169.66590595508657,39.06233044143456,1.0620648155740744,2.2383388888888973,4.412222222222226,0.0,0.0,163.0,1.0,0.0,structural_ma9,ma9_level
price_family_ma9_structural_linked,raw_source,20744_prince_george_s_county_md__zip,median_sale_price,level,163,2012-03-31,2026-05-31,336569.34969325154,88678.17642548731,2253.0480109739374,4108.1888888889,6116.666666666686,0.0,0.0,163.0,1.0,0.0,raw_source,raw_level
price_family_ma9_structural_linked,structural_ma9,20744_prince_george_s_county_md__zip,median_sale_price,level,163,2012-03-31,2026-05-31,336569.34969325154,88678.17642548731,2253.0480109739374,4108.1888888889,6116.666666666686,0.0,0.0,163.0,1.0,0.0,structural_ma9,ma9_level
price_family_ma9_structural_linked,raw_source,20745_prince_george_s_county_md__zip,median_ppsf,level,163,2012-03-31,2026-05-31,201.93188423009818,61.44010789647822,2.405004076002059,4.866111111111099,8.166666666666686,0.0,0.0,163.0,1.0,0.0,raw_source,raw_level
price_family_ma9_structural_linked,structural_ma9,20745_prince_george_s_county_md__zip,median_ppsf,level,163,2012-03-31,2026-05-31,201.93188423009818,61.44010789647822,2.405004076002059,4.866111111111099,8.166666666666686,0.0,0.0,163.0,1.0,0.0,structural_ma9,ma9_level
price_family_ma9_structural_linked,raw_source,20745_prince_george_s_county_md__zip,median_sale_price,level,163,2012-03-31,2026-05-31,272539.82242672116,87315.81702876303,2833.7023319615914,5533.888888888882,8658.333333333314,0.0,0.0,163.0,1.0,0.0,raw_source,raw_level
price_family_ma9_structural_linked,structural_ma9,20745_prince_george_s_county_md__zip,median_sale_price,level,163,2012-03-31,2026-05-31,272539.82242672116,87315.81702876303,2833.7023319615914,5533.888888888882,8658.333333333314,0.0,0.0,163.0,1.0,0.0,structural_ma9,ma9_level
price_family_ma9_structural_linked,raw_source,20746_prince_george_s_county_md__zip,median_ppsf,level,163,2012-03-31,2026-05-31,166.96003422829855,43.05827225468778,1.8251448049842247,3.6077131922555425,6.871111111111077,0.0,0.0,163.0,1.0,0.0,raw_source,raw_level
price_family_ma9_structural_linked,structural_ma9,20746_prince_george_s_county_md__zip,median_ppsf,level,163,2012-03-31,2026-05-31,166.96003422829855,43.05827225468778,1.8251448049842247,3.6077131922555425,6.871111111111077,0.0,0.0,163.0,1.0,0.0,structural_ma9,ma9_level
price_family_ma9_structural_linked,raw_source,20746_prince_george_s_county_md__zip,median_sale_price,level,163,2012-03-31,2026-05-31,248467.75971370144,75290.02827789218,2349.971193415637,4936.805555555551,7777.777777777752,0.0,0.0,163.0,1.0,0.0,raw_source,raw_level
price_family_ma9_structural_linked,structural_ma9,20746_prince_george_s_county_md__zip,median_sale_price,level,163,2012-03-31,2026-05-31,248467.75971370144,75290.02827789218,2349.971193415637,4936.805555555551,7777.777777777752,0.0,0.0,163.0,1.0,0.0,structural_ma9,ma9_level
price_family_ma9_structural_linked,raw_source,20747_prince_george_s_county_md__zip,median_ppsf,level,163,2012-03-31,2026-05-31,178.83449000533744,48.39197407412862,1.639696460788067,3.524634205888876,5.286666666666662,0.0,0.0,163.0,0.9999999999999999,0.0,raw_source,raw_level
price_family_ma9_structural_linked,structural_ma9,20747_prince_george_s_county_md__zip,median_ppsf,level,163,2012-03-31,2026-05-31,178.83449000533744,48.39197407412862,1.639696460788067,3.524634205888876,5.286666666666662,0.0,0.0,163.0,0.9999999999999999,0.0,structural_ma9,ma9_level
price_family_ma9_structural_linked,raw_source,20747_prince_george_s_county_md__zip,median_sale_price,level,163,2012-03-31,2026-05-31,246301.0282890252,74887.9420805364,1847.0342935528122,3611.111111111104,6161.111111111124,0.0,0.0,163.0,1.0,0.0,raw_source,raw_level
price_family_ma9_structural_linked,structural_ma9,20747_prince_george_s_county_md__zip,median_sale_price,level,163,2012-03-31,2026-05-31,246301.0282890252,74887.9420805364,1847.0342935528122,3611.111111111104,6161.111111111124,0.0,0.0,163.0,1.0,0.0,structural_ma9,ma9_level
price_family_ma9_structural_linked,raw_source,20748_prince_george_s_county_md__zip,median_ppsf,level,163,2012-03-31,2026-05-31,163.54490899220656,43.41754977687191,1.4332736067887515,2.880444444444445,5.385555555555555,0.0,0.0,163.0,1.0,0.0,raw_source,raw_level
price_family_ma9_structural_linked,structural_ma9,20748_prince_george_s_county_md__zip,median_ppsf,level,163,2012-03-31,2026-05-31,163.54490899220656,43.41754977687191,1.4332736067887515,2.880444444444445,5.385555555555555,0.0,0.0,163.0,1.0,0.0,structural_ma9,ma9_level
price_family_ma9_structural_linked,raw_source,20748_prince_george_s_county_md__zip,median_sale_price,level,163,2012-03-31,2026-05-31,258907.957736878,79211.88819335084,2058.255144032921,3572.638888888871,6666.666666666628,0.0,0.0,163.0,0.9999999999999998,0.0,raw_source,raw_level
price_family_ma9_structural_linked,structural_ma9,20748_prince_george_s_county_md__zip,median_sale_price,level,163,2012-03-31,2026-05-31,258907.957736878,79211.88819335084,2058.255144032921,3572.638888888871,6666.666666666628,0.0,0.0,163.0,0.9999999999999998,0.0,structural_ma9,ma9_level
price_family_ma9_structural_linked,raw_source,20752_prince_george_s_county_md__zip,median_ppsf,level,0,2013-12-31,2014-07-31,,,,,,0.0,0.0,,,,raw_source,raw_level
price_family_ma9_structural_linked,structural_ma9,20752_prince_george_s_county_md__zip,median_ppsf,level,0,2013-12-31,2014-07-31,,,,,,0.0,0.0,,,,structural_ma9,ma9_level
price_family_ma9_structural_linked,raw_source,20752_prince_george_s_county_md__zip,median_sale_price,level,0,2013-12-31,2014-07-31,,,,,,0.0,0.0,,,,raw_source,raw_level
price_family_ma9_structural_linked,structural_ma9,20752_prince_george_s_county_md__zip,median_sale_price,level,0,2013-12-31,2014-07-31,,,,,,0.0,0.0,,,,structural_ma9,ma9_level
price_family_ma9_structural_linked,raw_source,20757_prince_george_s_county_md__zip,median_ppsf,level,53,2013-05-31,2026-03-31,156.40589147119496,23.694841547114144,7.18010464108547,13.07989925434442,18.73657337433329,0.0,0.0,53.0,0.9999999999999999,0.0,raw_source,raw_level
price_family_ma9_structural_linked,structural_ma9,20757_prince_george_s_county_md__zip,median_ppsf,level,53,2013-05-31,2026-03-31,156.40589147119496,23.694841547114144,7.18010464108547,13.07989925434442,18.73657337433329,0.0,0.0,53.0,0.9999999999999999,0.0,structural_ma9,ma9_level
price_family_ma9_structural_linked,raw_source,20757_prince_george_s_county_md__zip,median_sale_price,level,53,2013-05-31,2026-03-31,262974.6037735849,76414.51416744143,8491.576923076924,19194.99999999999,21611.111111111124,0.0,0.0,53.0,1.0,0.0,raw_source,raw_level
price_family_ma9_structural_linked,structural_ma9,20757_prince_george_s_county_md__zip,median_sale_price,level,53,2013-05-31,2026-03-31,262974.6037735849,76414.51416744143,8491.576923076924,19194.99999999999,21611.111111111124,0.0,0.0,53.0,1.0,0.0,structural_ma9,ma9_level
price_family_ma9_structural_linked,raw_source,20768_prince_george_s_county_md__zip,median_ppsf,level,128,2012-03-31,2026-01-31,196.04759231178818,33.08974456204493,4.197045145732286,9.23133333333334,13.704444444444391,0.0,0.0,128.0,1.0,0.0,raw_source,raw_level
price_family_ma9_structural_linked,structural_ma9,20768_prince_george_s_county_md__zip,median_ppsf,level,128,2012-03-31,2026-01-31,196.04759231178818,33.08974456204493,4.197045145732286,9.23133333333334,13.704444444444391,0.0,0.0,128.0,1.0,0.0,structural_ma9,ma9_level
price_family_ma9_structural_linked,raw_source,20768_prince_george_s_county_md__zip,median_sale_price,level,128,2012-03-31,2026-01-31,303734.8841145833,63393.65847602289,4025.894138232722,9283.333333333338,12027.77777777781,0.0,0.0,128.0,1.0,0.0,raw_source,raw_level
price_family_ma9_structural_linked,structural_ma9,20768_prince_george_s_county_md__zip,median_sale_price,level,128,2012-03-31,2026-01-31,303734.8841145833,63393.65847602289,4025.894138232722,9283.333333333338,12027.77777777781,0.0,0.0,128.0,1.0,0.0,structural_ma9,ma9_level
price_family_ma9_structural_linked,raw_source,20769_prince_george_s_county_md__zip,median_ppsf,level,163,2012-03-31,2026-05-31,170.25684961877573,35.631525377505525,1.8930913269170084,4.324447087188875,6.816666666666691,0.0,0.0,163.0,1.0,0.0,raw_source,raw_level
price_family_ma9_structural_linked,structural_ma9,20769_prince_george_s_county_md__zip,median_ppsf,level,163,2012-03-31,2026-05-31,170.25684961877573,35.631525377505525,1.8930913269170084,4.324447087188875,6.816666666666691,0.0,0.0,163.0,1.0,0.0,structural_ma9,ma9_level
price_family_ma9_structural_linked,raw_source,20769_prince_george_s_county_md__zip,median_sale_price,level,163,2012-03-31,2026-05-31,459662.899795501,127102.34305345836,7472.102537722907,17056.555555555515,38611.111111111124,0.0,0.0,163.0,1.0,0.0,raw_source,raw_level
price_family_ma9_structural_linked,structural_ma9,20769_prince_george_s_county_md__zip,median_sale_price,level,163,2012-03-31,2026-05-31,459662.899795501,127102.34305345836,7472.102537722907,17056.555555555515,38611.111111111124,0.0,0.0,163.0,1.0,0.0,structural_ma9,ma9_level
price_family_ma9_structural_linked,raw_source,20770_prince_george_s_county_md__zip,median_ppsf,level,163,2012-03-31,2026-05-31,171.86222494907975,39.647071333745416,1.17032519229561,2.6600261907333422,4.26791932433332,0.0,0.0,163.0,1.0,0.0,raw_source,raw_level
price_family_ma9_structural_linked,structural_ma9,20770_prince_george_s_county_md__zip,median_ppsf,level,163,2012-03-31,2026-05-31,171.86222494907975,39.647071333745416,1.17032519229561,2.6600261907333422,4.26791932433332,0.0,0.0,163.0,1.0,0.0,structural_ma9,ma9_level
price_family_ma9_structural_linked,raw_source,20770_prince_george_s_county_md__zip,median_sale_price,level,163,2012-03-31,2026-05-31,197384.53953646898,49355.663690824265,3337.895061728396,7255.55555555556,14166.666666666686,0.0,0.0,163.0,1.0,0.0,raw_source,raw_level
price_family_ma9_structural_linked,structural_ma9,20770_prince_george_s_county_md__zip,median_sale_price,level,163,2012-03-31,2026-05-31,197384.53953646898,49355.663690824265,3337.895061728396,7255.55555555556,14166.666666666686,0.0,0.0,163.0,1.0,0.0,structural_ma9,ma9_level
price_family_ma9_structural_linked,raw_source,20771_prince_george_s_county_md__zip,median_ppsf,level,0,2017-04-30,2017-06-30,,,,,,0.0,0.0,,,,raw_source,raw_level
price_family_ma9_structural_linked,structural_ma9,20771_prince_george_s_county_md__zip,median_ppsf,level,0,2017-04-30,2017-06-30,,,,,,0.0,0.0,,,,structural_ma9,ma9_level
price_family_ma9_structural_linked,raw_source,20771_prince_george_s_county_md__zip,median_sale_price,level,0,2017-04-30,2017-06-30,,,,,,0.0,0.0,,,,raw_source,raw_level
price_family_ma9_structural_linked,structural_ma9,20771_prince_george_s_county_md__zip,median_sale_price,level,0,2017-04-30,2017-06-30,,,,,,0.0,0.0,,,,structural_ma9,ma9_level
price_family_ma9_structural_linked,raw_source,20772_prince_george_s_county_md__zip,median_ppsf,level,163,2012-03-31,2026-05-31,176.80462041928834,37.98124394481838,0.8872600522174199,1.9606824880666667,2.839999999999975,0.0,0.0,163.0,1.0,0.0,raw_source,raw_level
price_family_ma9_structural_linked,structural_ma9,20772_prince_george_s_county_md__zip,median_ppsf,level,163,2012-03-31,2026-05-31,176.80462041928834,37.98124394481838,0.8872600522174199,1.9606824880666667,2.839999999999975,0.0,0.0,163.0,1.0,0.0,structural_ma9,ma9_level
price_family_ma9_structural_linked,raw_source,20772_prince_george_s_county_md__zip,median_sale_price,level,163,2012-03-31,2026-05-31,350868.24164962507,94896.96191722785,2378.8449931412906,4552.411111111086,8977.388888888876,0.0,0.0,163.0,1.0,0.0,raw_source,raw_level
price_family_ma9_structural_linked,structural_ma9,20772_prince_george_s_county_md__zip,median_sale_price,level,163,2012-03-31,2026-05-31,350868.24164962507,94896.96191722785,2378.8449931412906,4552.411111111086,8977.388888888876,0.0,0.0,163.0,1.0,0.0,structural_ma9,ma9_level
price_family_ma9_structural_linked,raw_source,20774_prince_george_s_county_md__zip,median_ppsf,level,163,2012-03-31,2026-05-31,171.76707172237082,41.93096369661467,1.1402372592613164,2.333629785722235,3.5003665707777714,0.0,0.0,163.0,1.0,0.0,raw_source,raw_level
price_family_ma9_structural_linked,structural_ma9,20774_prince_george_s_county_md__zip,median_ppsf,level,163,2012-03-31,2026-05-31,171.76707172237082,41.93096369661467,1.1402372592613164,2.333629785722235,3.5003665707777714,0.0,0.0,163.0,1.0,0.0,structural_ma9,ma9_level
price_family_ma9_structural_linked,raw_source,20774_prince_george_s_county_md__zip,median_sale_price,level,163,2012-03-31,2026-05-31,344273.33912747103,79690.49353301644,2889.3082990397806,5547.644444444424,10083.333333333314,0.0,0.0,163.0,1.0,0.0,raw_source,raw_level
price_family_ma9_structural_linked,structural_ma9,20774_prince_george_s_county_md__zip,median_sale_price,level,163,2012-03-31,2026-05-31,344273.33912747103,79690.49353301644,2889.3082990397806,5547.644444444424,10083.333333333314,0.0,0.0,163.0,1.0,0.0,structural_ma9,ma9_level
price_family_ma9_structural_linked,raw_source,20781_prince_george_s_county_md__zip,median_ppsf,level,163,2012-03-31,2026-05-31,242.70786894330197,48.22848546549736,2.9270853825569274,5.967666666666605,12.406643213444426,0.0,0.0,163.0,1.0,0.0,raw_source,raw_level
price_family_ma9_structural_linked,structural_ma9,20781_prince_george_s_county_md__zip,median_ppsf,level,163,2012-03-31,2026-05-31,242.70786894330197,48.22848546549736,2.9270853825569274,5.967666666666605,12.406643213444426,0.0,0.0,163.0,1.0,0.0,structural_ma9,ma9_level
price_family_ma9_structural_linked,raw_source,20781_prince_george_s_county_md__zip,median_sale_price,level,163,2012-03-31,2026-05-31,357112.35446489434,98953.9682266571,5367.654320987655,10338.333333333378,17611.111111111066,0.0,0.0,163.0,1.0,0.0,raw_source,raw_level
price_family_ma9_structural_linked,structural_ma9,20781_prince_george_s_county_md__zip,median_sale_price,level,163,2012-03-31,2026-05-31,357112.35446489434,98953.9682266571,5367.654320987655,10338.333333333378,17611.111111111066,0.0,0.0,163.0,1.0,0.0,structural_ma9,ma9_level
price_family_ma9_structural_linked,raw_source,20782_prince_george_s_county_md__zip,median_ppsf,level,163,2012-03-31,2026-05-31,231.6939626632754,45.79586310236445,1.9881629770514415,4.227981083677782,6.576045570333349,0.0,0.0,163.0,1.0,0.0,raw_source,raw_level
price_family_ma9_structural_linked,structural_ma9,20782_prince_george_s_county_md__zip,median_ppsf,level,163,2012-03-31,2026-05-31,231.6939626632754,45.79586310236445,1.9881629770514415,4.227981083677782,6.576045570333349,0.0,0.0,163.0,1.0,0.0,structural_ma9,ma9_level
price_family_ma9_structural_linked,raw_source,20782_prince_george_s_county_md__zip,median_sale_price,level,163,2012-03-31,2026-05-31,345450.42229038855,105400.01697172252,3879.677297668037,7909.999999999996,13901.111111111124,0.0,0.0,163.0,1.0,0.0,raw_source,raw_level
price_family_ma9_structural_linked,structural_ma9,20782_prince_george_s_county_md__zip,median_sale_price,level,163,2012-03-31,2026-05-31,345450.42229038855,105400.01697172252,3879.677297668037,7909.999999999996,13901.111111111124,0.0,0.0,163.0,1.0,0.0,structural_ma9,ma9_level
price_family_ma9_structural_linked,raw_source,20783_prince_george_s_county_md__zip,median_ppsf,level,163,2012-03-31,2026-05-31,185.85940724177846,34.502300988879426,2.3028697511694074,4.642748475633308,8.067777777777792,0.0,0.0,163.0,1.0,0.0,raw_source,raw_level
price_family_ma9_structural_linked,structural_ma9,20783_prince_george_s_county_md__zip,median_ppsf,level,163,2012-03-31,2026-05-31,185.85940724177846,34.502300988879426,2.3028697511694074,4.642748475633308,8.067777777777792,0.0,0.0,163.0,1.0,0.0,structural_ma9,ma9_level
price_family_ma9_structural_linked,raw_source,20783_prince_george_s_county_md__zip,median_sale_price,level,163,2012-03-31,2026-05-31,309264.3817314247,79010.17419259915,3225.978052126202,6388.888888888876,10944.444444444438,0.0,0.0,163.0,1.0,0.0,raw_source,raw_level
price_family_ma9_structural_linked,structural_ma9,20783_prince_george_s_county_md__zip,median_sale_price,level,163,2012-03-31,2026-05-31,309264.3817314247,79010.17419259915,3225.978052126202,6388.888888888876,10944.444444444438,0.0,0.0,163.0,1.0,0.0,structural_ma9,ma9_level
price_family_ma9_structural_linked,raw_source,20784_prince_george_s_county_md__zip,median_ppsf,level,163,2012-03-31,2026-05-31,198.20099002981937,44.35646387390338,1.9011132736920415,3.9209999999999807,6.012222222222249,0.0,0.0,163.0,1.0,0.0,raw_source,raw_level
price_family_ma9_structural_linked,structural_ma9,20784_prince_george_s_county_md__zip,median_ppsf,level,163,2012-03-31,2026-05-31,198.20099002981937,44.35646387390338,1.9011132736920415,3.9209999999999807,6.012222222222249,0.0,0.0,163.0,1.0,0.0,structural_ma9,ma9_level
price_family_ma9_structural_linked,raw_source,20784_prince_george_s_county_md__zip,median_sale_price,level,163,2012-03-31,2026-05-31,283305.77573278797,78436.75980558193,2269.3333333333367,4555.000000000012,7944.444444444438,0.0,0.0,163.0,1.0,0.0,raw_source,raw_level
price_family_ma9_structural_linked,structural_ma9,20784_prince_george_s_county_md__zip,median_sale_price,level,163,2012-03-31,2026-05-31,283305.77573278797,78436.75980558193,2269.3333333333367,4555.000000000012,7944.444444444438,0.0,0.0,163.0,1.0,0.0,structural_ma9,ma9_level
price_family_ma9_structural_linked,raw_source,20785_prince_george_s_county_md__zip,median_ppsf,level,163,2012-03-31,2026-05-31,187.7288357642038,52.49910667075856,1.5709362466310022,2.942551379133335,5.28333333333336,0.0,0.0,163.0,1.0,0.0,raw_source,raw_level
price_family_ma9_structural_linked,structural_ma9,20785_prince_george_s_county_md__zip,median_ppsf,level,163,2012-03-31,2026-05-31,187.7288357642038,52.49910667075856,1.5709362466310022,2.942551379133335,5.28333333333336,0.0,0.0,163.0,1.0,0.0,structural_ma9,ma9_level
price_family_ma9_structural_linked,raw_source,20785_prince_george_s_county_md__zip,median_sale_price,level,163,2012-03-31,2026-05-31,247639.90490797546,77813.26532995667,2301.6104252400532,4444.444444444438,8619.444444444438,0.0,0.0,163.0,0.9999999999999998,0.0,raw_source,raw_level
price_family_ma9_structural_linked,structural_ma9,20785_prince_george_s_county_md__zip,median_sale_price,level,163,2012-03-31,2026-05-31,247639.90490797546,77813.26532995667,2301.6104252400532,4444.444444444438,8619.444444444438,0.0,0.0,163.0,0.9999999999999998,0.0,structural_ma9,ma9_level
price_family_ma9_structural_linked,raw_source,20812_montgomery_county_md__zip,median_ppsf,level,105,2012-04-30,2026-05-31,439.79091342443496,76.34199738652589,14.470504717584411,32.393218091222195,54.51777777777784,0.0,0.0,105.0,0.9999999999999998,0.0,raw_source,raw_level
price_family_ma9_structural_linked,structural_ma9,20812_montgomery_county_md__zip,median_ppsf,level,105,2012-04-30,2026-05-31,439.79091342443496,76.34199738652589,14.470504717584411,32.393218091222195,54.51777777777784,0.0,0.0,105.0,0.9999999999999998,0.0,structural_ma9,ma9_level
price_family_ma9_structural_linked,raw_source,20812_montgomery_county_md__zip,median_sale_price,level,105,2012-04-30,2026-05-31,981092.5343915343,188339.0606887998,34588.553418803414,70494.44444444442,153784.77777777775,0.0,0.0,105.0,0.9999999999999999,0.0,raw_source,raw_level
price_family_ma9_structural_linked,structural_ma9,20812_montgomery_county_md__zip,median_sale_price,level,105,2012-04-30,2026-05-31,981092.5343915343,188339.0606887998,34588.553418803414,70494.44444444442,153784.77777777775,0.0,0.0,105.0,0.9999999999999999,0.0,structural_ma9,ma9_level
price_family_ma9_structural_linked,raw_source,20814_montgomery_county_md__zip,median_ppsf,level,163,2012-03-31,2026-05-31,355.65181068309886,35.89851032905715,3.276554647464337,6.230444444444385,9.904444444444437,0.0,0.0,163.0,0.9999999999999998,0.0,raw_source,raw_level
price_family_ma9_structural_linked,structural_ma9,20814_montgomery_county_md__zip,median_ppsf,level,163,2012-03-31,2026-05-31,355.65181068309886,35.89851032905715,3.276554647464337,6.230444444444385,9.904444444444437,0.0,0.0,163.0,0.9999999999999998,0.0,structural_ma9,ma9_level
price_family_ma9_structural_linked,raw_source,20814_montgomery_county_md__zip,median_sale_price,level,163,2012-03-31,2026-05-31,703810.915473756,101800.47821857926,10834.688614540464,24420.822222222178,45777.77777777787,0.0,0.0,163.0,1.0,0.0,raw_source,raw_level
price_family_ma9_structural_linked,structural_ma9,20814_montgomery_county_md__zip,median_sale_price,level,163,2012-03-31,2026-05-31,703810.915473756,101800.47821857926,10834.688614540464,24420.822222222178,45777.77777777787,0.0,0.0,163.0,1.0,0.0,structural_ma9,ma9_level
price_family_ma9_structural_linked,raw_source,20815_montgomery_county_md__zip,median_ppsf,level,163,2012-03-31,2026-05-31,452.39985210910083,31.692463462196727,3.1820342471639256,6.368509475244446,9.460000000000036,0.0,0.0,163.0,1.0,0.0,raw_source,raw_level
price_family_ma9_structural_linked,structural_ma9,20815_montgomery_county_md__zip,median_ppsf,level,163,2012-03-31,2026-05-31,452.39985210910083,31.692463462196727,3.1820342471639256,6.368509475244446,9.460000000000036,0.0,0.0,163.0,1.0,0.0,structural_ma9,ma9_level
price_family_ma9_structural_linked,raw_source,20815_montgomery_county_md__zip,median_sale_price,level,163,2012-03-31,2026-05-31,1021453.1881390592,154478.21934228687,14975.152949245541,33331.11111111103,80694.4444444445,0.0,0.0,163.0,1.0,0.0,raw_source,raw_level
price_family_ma9_structural_linked,structural_ma9,20815_montgomery_county_md__zip,median_sale_price,level,163,2012-03-31,2026-05-31,1021453.1881390592,154478.21934228687,14975.152949245541,33331.11111111103,80694.4444444445,0.0,0.0,163.0,1.0,0.0,structural_ma9,ma9_level
price_family_ma9_structural_linked,raw_source,20816_montgomery_county_md__zip,median_ppsf,level,163,2012-03-31,2026-05-31,408.1441185407717,45.89257407376875,3.097343914186556,6.748430000633346,11.74555555555554,0.0,0.0,163.0,1.0,0.0,raw_source,raw_level
price_family_ma9_structural_linked,structural_ma9,20816_montgomery_county_md__zip,median_ppsf,level,163,2012-03-31,2026-05-31,408.1441185407717,45.89257407376875,3.097343914186556,6.748430000633346,11.74555555555554,0.0,0.0,163.0,1.0,0.0,structural_ma9,ma9_level
price_family_ma9_structural_linked,raw_source,20816_montgomery_county_md__zip,median_sale_price,level,163,2012-03-31,2026-05-31,1048328.9533060668,185031.96032531947,10406.657064471881,21115.65555555548,49888.88888888899,0.0,0.0,163.0,1.0,0.0,raw_source,raw_level
price_family_ma9_structural_linked,structural_ma9,20816_montgomery_county_md__zip,median_sale_price,level,163,2012-03-31,2026-05-31,1048328.9533060668,185031.96032531947,10406.657064471881,21115.65555555548,49888.88888888899,0.0,0.0,163.0,1.0,0.0,structural_ma9,ma9_level
price_family_ma9_structural_linked,raw_source,20817_montgomery_county_md__zip,median_ppsf,level,163,2012-03-31,2026-05-31,345.7511289534308,41.32082923996541,2.2714325529410138,4.755674592288841,8.113333333333344,0.0,0.0,163.0,1.0,0.0,raw_source,raw_level
price_family_ma9_structural_linked,structural_ma9,20817_montgomery_county_md__zip,median_ppsf,level,163,2012-03-31,2026-05-31,345.7511289534308,41.32082923996541,2.2714325529410138,4.755674592288841,8.113333333333344,0.0,0.0,163.0,1.0,0.0,structural_ma9,ma9_level
price_family_ma9_structural_linked,raw_source,20817_montgomery_county_md__zip,median_sale_price,level,163,2012-03-31,2026-05-31,1030276.3251533742,220575.2049222367,8336.873113854594,18961.111111111128,36944.44444444426,0.0,0.0,163.0,0.9999999999999999,0.0,raw_source,raw_level
price_family_ma9_structural_linked,structural_ma9,20817_montgomery_county_md__zip,median_sale_price,level,163,2012-03-31,2026-05-31,1030276.3251533742,220575.2049222367,8336.873113854594,18961.111111111128,36944.44444444426,0.0,0.0,163.0,0.9999999999999999,0.0,structural_ma9,ma9_level
price_family_ma9_structural_linked,raw_source,20818_montgomery_county_md__zip,median_ppsf,level,160,2012-03-31,2026-05-31,391.2879274891535,51.01648604479509,6.84266032206569,13.453371415199967,33.5,0.0,0.0,160.0,1.0,0.0,raw_source,raw_level
price_family_ma9_structural_linked,structural_ma9,20818_montgomery_county_md__zip,median_ppsf,level,160,2012-03-31,2026-05-31,391.2879274891535,51.01648604479509,6.84266032206569,13.453371415199967,33.5,0.0,0.0,160.0,1.0,0.0,structural_ma9,ma9_level
price_family_ma9_structural_linked,raw_source,20818_montgomery_county_md__zip,median_sale_price,level,160,2012-03-31,2026-05-31,995649.6722222222,289612.549736171,39200.031097134866,86377.77777777791,205555.5555555555,0.0,0.0,160.0,1.0,0.0,raw_source,raw_level
price_family_ma9_structural_linked,structural_ma9,20818_montgomery_county_md__zip,median_sale_price,level,160,2012-03-31,2026-05-31,995649.6722222222,289612.549736171,39200.031097134866,86377.77777777791,205555.5555555555,0.0,0.0,160.0,1.0,0.0,structural_ma9,ma9_level
price_family_ma9_structural_linked,raw_source,20824_montgomery_county_md__zip,median_ppsf,level,135,2012-03-31,2026-05-31,595.7430898361761,34.800832339524135,6.875337355788556,14.17124361031116,17.86828957800003,0.0,0.0,135.0,0.9999999999999998,0.0,raw_source,raw_level
price_family_ma9_structural_linked,structural_ma9,20824_montgomery_county_md__zip,median_ppsf,level,135,2012-03-31,2026-05-31,595.7430898361761,34.800832339524135,6.875337355788556,14.17124361031116,17.86828957800003,0.0,0.0,135.0,0.9999999999999998,0.0,structural_ma9,ma9_level
price_family_ma9_structural_linked,raw_source,20824_montgomery_county_md__zip,median_sale_price,level,135,2012-03-31,2026-05-31,868878.621399177,243882.7120807614,43852.33084577113,75177.7777777778,303504.6666666665,0.0,0.0,135.0,1.0,0.0,raw_source,raw_level
price_family_ma9_structural_linked,structural_ma9,20824_montgomery_county_md__zip,median_sale_price,level,135,2012-03-31,2026-05-31,868878.621399177,243882.7120807614,43852.33084577113,75177.7777777778,303504.6666666665,0.0,0.0,135.0,1.0,0.0,structural_ma9,ma9_level
price_family_ma9_structural_linked,raw_source,20830_montgomery_county_md__zip,median_ppsf,level,148,2012-04-30,2026-05-31,232.9413731348994,36.9773692650472,3.8392733165411936,8.598948455511124,16.939999999999998,0.0,0.0,148.0,1.0,0.0,raw_source,raw_level
price_family_ma9_structural_linked,structural_ma9,20830_montgomery_county_md__zip,median_ppsf,level,148,2012-04-30,2026-05-31,232.9413731348994,36.9773692650472,3.8392733165411936,8.598948455511124,16.939999999999998,0.0,0.0,148.0,1.0,0.0,structural_ma9,ma9_level
price_family_ma9_structural_linked,raw_source,20830_montgomery_county_md__zip,median_sale_price,level,148,2012-04-30,2026-05-31,306445.0840840841,52312.836389482145,6817.836734693877,15833.333333333338,26166.666666666628,0.0,0.0,148.0,1.0,0.0,raw_source,raw_level
price_family_ma9_structural_linked,structural_ma9,20830_montgomery_county_md__zip,median_sale_price,level,148,2012-04-30,2026-05-31,306445.0840840841,52312.836389482145,6817.836734693877,15833.333333333338,26166.666666666628,0.0,0.0,148.0,1.0,0.0,structural_ma9,ma9_level
price_family_ma9_structural_linked,raw_source,20832_montgomery_county_md__zip,median_ppsf,level,163,2012-03-31,2026-05-31,229.34218593784323,27.627806971661837,1.282151037792868,2.4970262371888885,4.0291079743333285,0.0,0.0,163.0,1.0,0.0,raw_source,raw_level
price_family_ma9_structural_linked,structural_ma9,20832_montgomery_county_md__zip,median_ppsf,level,163,2012-03-31,2026-05-31,229.34218593784323,27.627806971661837,1.282151037792868,2.4970262371888885,4.0291079743333285,0.0,0.0,163.0,1.0,0.0,structural_ma9,ma9_level
price_family_ma9_structural_linked,raw_source,20832_montgomery_county_md__zip,median_sale_price,level,163,2012-03-31,2026-05-31,494413.77743694617,83601.58700555177,4314.301783264746,8111.111111111124,16111.111111111124,0.0,0.0,163.0,1.0,0.0,raw_source,raw_level
price_family_ma9_structural_linked,structural_ma9,20832_montgomery_county_md__zip,median_sale_price,level,163,2012-03-31,2026-05-31,494413.77743694617,83601.58700555177,4314.301783264746,8111.111111111124,16111.111111111124,0.0,0.0,163.0,1.0,0.0,structural_ma9,ma9_level
price_family_ma9_structural_linked,raw_source,20833_montgomery_county_md__zip,median_ppsf,level,163,2012-03-31,2026-05-31,219.55197761953715,26.08425178598506,2.477669712462962,5.5962222222222096,10.358888888888828,0.0,0.0,163.0,1.0,0.0,raw_source,raw_level
price_family_ma9_structural_linked,structural_ma9,20833_montgomery_county_md__zip,median_ppsf,level,163,2012-03-31,2026-05-31,219.55197761953715,26.08425178598506,2.477669712462962,5.5962222222222096,10.358888888888828,0.0,0.0,163.0,1.0,0.0,structural_ma9,ma9_level
price_family_ma9_structural_linked,raw_source,20833_montgomery_county_md__zip,median_sale_price,level,163,2012-03-31,2026-05-31,636648.1428084526,130995.95397125416,9448.341563786009,22349.4444444445,58966.22222222225,0.0,0.0,163.0,1.0,0.0,raw_source,raw_level
price_family_ma9_structural_linked,structural_ma9,20833_montgomery_county_md__zip,median_sale_price,level,163,2012-03-31,2026-05-31,636648.1428084526,130995.95397125416,9448.341563786009,22349.4444444445,58966.22222222225,0.0,0.0,163.0,1.0,0.0,structural_ma9,ma9_level
price_family_ma9_structural_linked,raw_source,20837_montgomery_county_md__zip,median_ppsf,level,163,2012-03-31,2026-05-31,207.64632167629995,34.46902712357936,2.1014075684334688,4.748333333333338,8.72888888888886,0.0,0.0,163.0,1.0,0.0,raw_source,raw_level
price_family_ma9_structural_linked,structural_ma9,20837_montgomery_county_md__zip,median_ppsf,level,163,2012-03-31,2026-05-31,207.64632167629995,34.46902712357936,2.1014075684334688,4.748333333333338,8.72888888888886,0.0,0.0,163.0,1.0,0.0,structural_ma9,ma9_level
price_family_ma9_structural_linked,raw_source,20837_montgomery_county_md__zip,median_sale_price,level,163,2012-03-31,2026-05-31,535456.9280845262,122689.9620211546,11559.1316872428,24883.333333333332,52104.22222222225,0.0,0.0,163.0,1.0,0.0,raw_source,raw_level
price_family_ma9_structural_linked,structural_ma9,20837_montgomery_county_md__zip,median_sale_price,level,163,2012-03-31,2026-05-31,535456.9280845262,122689.9620211546,11559.1316872428,24883.333333333332,52104.22222222225,0.0,0.0,163.0,1.0,0.0,structural_ma9,ma9_level
price_family_ma9_structural_linked,raw_source,20838_montgomery_county_md__zip,median_ppsf,level,83,2012-04-30,2026-05-31,261.5905355868501,42.36224377323882,8.649208235047425,16.45777777777778,37.24317417177781,0.0,0.0,83.0,1.0,0.0,raw_source,raw_level
price_family_ma9_structural_linked,structural_ma9,20838_montgomery_county_md__zip,median_ppsf,level,83,2012-04-30,2026-05-31,261.5905355868501,42.36224377323882,8.649208235047425,16.45777777777778,37.24317417177781,0.0,0.0,83.0,1.0,0.0,structural_ma9,ma9_level
price_family_ma9_structural_linked,raw_source,20838_montgomery_county_md__zip,median_sale_price,level,84,2012-04-30,2026-05-31,694460.7718253968,289920.3663288765,51057.82463186077,111944.44444444445,224851.33333333337,0.0,0.0,84.0,1.0,0.0,raw_source,raw_level
price_family_ma9_structural_linked,structural_ma9,20838_montgomery_county_md__zip,median_sale_price,level,84,2012-04-30,2026-05-31,694460.7718253968,289920.3663288765,51057.82463186077,111944.44444444445,224851.33333333337,0.0,0.0,84.0,1.0,0.0,structural_ma9,ma9_level
price_family_ma9_structural_linked,raw_source,20839_montgomery_county_md__zip,median_ppsf,level,35,2012-08-31,2025-09-30,218.94522551017462,28.535082411273233,6.662642206558821,14.38855753085553,20.000904755444452,0.0,0.0,35.0,1.0,0.0,raw_source,raw_level
price_family_ma9_structural_linked,structural_ma9,20839_montgomery_county_md__zip,median_ppsf,level,35,2012-08-31,2025-09-30,218.94522551017462,28.535082411273233,6.662642206558821,14.38855753085553,20.000904755444452,0.0,0.0,35.0,1.0,0.0,structural_ma9,ma9_level
price_family_ma9_structural_linked,raw_source,20839_montgomery_county_md__zip,median_sale_price,level,35,2012-08-31,2025-09-30,686816.4444444445,177689.01850129894,42961.06209150326,71766.66666666667,92166.11111111112,0.0,0.0,35.0,1.0,0.0,raw_source,raw_level
price_family_ma9_structural_linked,structural_ma9,20839_montgomery_county_md__zip,median_sale_price,level,35,2012-08-31,2025-09-30,686816.4444444445,177689.01850129894,42961.06209150326,71766.66666666667,92166.11111111112,0.0,0.0,35.0,1.0,0.0,structural_ma9,ma9_level
price_family_ma9_structural_linked,raw_source,20841_montgomery_county_md__zip,median_ppsf,level,163,2012-03-31,2026-05-31,204.0642686541759,39.530598087550345,2.311467485903977,4.487533847511111,11.428888888888878,0.0,0.0,163.0,1.0,0.0,raw_source,raw_level
price_family_ma9_structural_linked,structural_ma9,20841_montgomery_county_md__zip,median_ppsf,level,163,2012-03-31,2026-05-31,204.0642686541759,39.530598087550345,2.311467485903977,4.487533847511111,11.428888888888878,0.0,0.0,163.0,1.0,0.0,structural_ma9,ma9_level
price_family_ma9_structural_linked,raw_source,20841_montgomery_county_md__zip,median_sale_price,level,163,2012-03-31,2026-05-31,639961.030334015,99552.7745552051,8131.4403292181105,17039.333333333274,30166.111111111124,0.0,0.0,163.0,0.9999999999999999,0.0,raw_source,raw_level
price_family_ma9_structural_linked,structural_ma9,20841_montgomery_county_md__zip,median_sale_price,level,163,2012-03-31,2026-05-31,639961.030334015,99552.7745552051,8131.4403292181105,17039.333333333274,30166.111111111124,0.0,0.0,163.0,0.9999999999999999,0.0,structural_ma9,ma9_level
price_family_ma9_structural_linked,raw_source,20842_montgomery_county_md__zip,median_ppsf,level,162,2012-03-31,2026-05-31,260.34272256466596,99.41352828179645,12.848618547541063,19.63206852877775,119.54021689999996,0.0,0.0,162.0,1.0,0.0,raw_source,raw_level
price_family_ma9_structural_linked,structural_ma9,20842_montgomery_county_md__zip,median_ppsf,level,162,2012-03-31,2026-05-31,260.34272256466596,99.41352828179645,12.848618547541063,19.63206852877775,119.54021689999996,0.0,0.0,162.0,1.0,0.0,structural_ma9,ma9_level
price_family_ma9_structural_linked,raw_source,20842_montgomery_county_md__zip,median_sale_price,level,162,2012-03-31,2026-05-31,700903.4866255143,234628.65934600207,31799.009661835746,67111.11111111112,146555.55555555556,0.0,0.0,162.0,0.9999999999999999,0.0,raw_source,raw_level
price_family_ma9_structural_linked,structural_ma9,20842_montgomery_county_md__zip,median_sale_price,level,162,2012-03-31,2026-05-31,700903.4866255143,234628.65934600207,31799.009661835746,67111.11111111112,146555.55555555556,0.0,0.0,162.0,0.9999999999999999,0.0,structural_ma9,ma9_level
price_family_ma9_structural_linked,raw_source,20848_montgomery_county_md__zip,median_ppsf,level,9,2013-04-30,2024-10-31,291.9854183811852,29.813544010633034,12.667191358041677,28.737407407444454,28.737407407444493,0.0,0.0,9.0,1.0,0.0,raw_source,raw_level
price_family_ma9_structural_linked,structural_ma9,20848_montgomery_county_md__zip,median_ppsf,level,9,2013-04-30,2024-10-31,291.9854183811852,29.813544010633034,12.667191358041677,28.737407407444454,28.737407407444493,0.0,0.0,9.0,1.0,0.0,structural_ma9,ma9_level
price_family_ma9_structural_linked,raw_source,20848_montgomery_county_md__zip,median_sale_price,level,9,2013-04-30,2024-10-31,399185.18518518517,28604.691836510447,15680.555555555555,27888.888888888876,27888.888888888876,0.0,0.0,9.0,1.0,0.0,raw_source,raw_level
price_family_ma9_structural_linked,structural_ma9,20848_montgomery_county_md__zip,median_sale_price,level,9,2013-04-30,2024-10-31,399185.18518518517,28604.691836510447,15680.555555555555,27888.888888888876,27888.888888888876,0.0,0.0,9.0,1.0,0.0,structural_ma9,ma9_level
price_family_ma9_structural_linked,raw_source,20849_montgomery_county_md__zip,median_ppsf,level,9,2013-07-31,2023-09-30,247.9706715964074,23.662379887553517,8.530049269194443,11.470552887222235,11.470552887222254,0.0,0.0,9.0,1.0,0.0,raw_source,raw_level
price_family_ma9_structural_linked,structural_ma9,20849_montgomery_county_md__zip,median_ppsf,level,9,2013-07-31,2023-09-30,247.9706715964074,23.662379887553517,8.530049269194443,11.470552887222235,11.470552887222254,0.0,0.0,9.0,1.0,0.0,structural_ma9,ma9_level
price_family_ma9_structural_linked,raw_source,20849_montgomery_county_md__zip,median_sale_price,level,9,2013-07-31,2023-09-30,465135.18518518517,35364.1336972998,12925.694444444445,17422.222222222208,17422.222222222248,0.0,0.0,9.0,1.0,0.0,raw_source,raw_level
price_family_ma9_structural_linked,structural_ma9,20849_montgomery_county_md__zip,median_sale_price,level,9,2013-07-31,2023-09-30,465135.18518518517,35364.1336972998,12925.694444444445,17422.222222222208,17422.222222222248,0.0,0.0,9.0,1.0,0.0,structural_ma9,ma9_level
price_family_ma9_structural_linked,raw_source,20850_montgomery_county_md__zip,median_ppsf,level,163,2012-03-31,2026-05-31,280.1789662010232,31.20499539022791,1.3508063448319616,2.5493333333333283,4.641111111111115,0.0,0.0,163.0,0.9999999999999999,0.0,raw_source,raw_level
price_family_ma9_structural_linked,structural_ma9,20850_montgomery_county_md__zip,median_ppsf,level,163,2012-03-31,2026-05-31,280.1789662010232,31.20499539022791,1.3508063448319616,2.5493333333333283,4.641111111111115,0.0,0.0,163.0,0.9999999999999999,0.0,structural_ma9,ma9_level
price_family_ma9_structural_linked,raw_source,20850_montgomery_county_md__zip,median_sale_price,level,163,2012-03-31,2026-05-31,569568.6404226313,79810.77960030426,5452.336076817559,11444.444444444438,25555.55555555562,0.0,0.0,163.0,1.0,0.0,raw_source,raw_level
price_family_ma9_structural_linked,structural_ma9,20850_montgomery_county_md__zip,median_sale_price,level,163,2012-03-31,2026-05-31,569568.6404226313,79810.77960030426,5452.336076817559,11444.444444444438,25555.55555555562,0.0,0.0,163.0,1.0,0.0,structural_ma9,ma9_level
price_family_ma9_structural_linked,raw_source,20851_montgomery_county_md__zip,median_ppsf,level,163,2012-03-31,2026-05-31,292.1946064933838,44.111710895881245,2.458741243811387,4.905666666666656,9.661111111111097,0.0,0.0,163.0,0.9999999999999999,0.0,raw_source,raw_level
price_family_ma9_structural_linked,structural_ma9,20851_montgomery_county_md__zip,median_ppsf,level,163,2012-03-31,2026-05-31,292.1946064933838,44.111710895881245,2.458741243811387,4.905666666666656,9.661111111111097,0.0,0.0,163.0,0.9999999999999999,0.0,structural_ma9,ma9_level
price_family_ma9_structural_linked,raw_source,20851_montgomery_county_md__zip,median_sale_price,level,163,2012-03-31,2026-05-31,424720.05010224954,84233.91347229473,2634.5912208504783,5280.277777777728,8333.333333333314,0.0,0.0,163.0,0.9999999999999998,0.0,raw_source,raw_level
price_family_ma9_structural_linked,structural_ma9,20851_montgomery_county_md__zip,median_sale_price,level,163,2012-03-31,2026-05-31,424720.05010224954,84233.91347229473,2634.5912208504783,5280.277777777728,8333.333333333314,0.0,0.0,163.0,0.9999999999999998,0.0,structural_ma9,ma9_level
price_family_ma9_structural_linked,raw_source,20852_montgomery_county_md__zip,median_ppsf,level,163,2012-03-31,2026-05-31,318.2499834001636,21.678112693330622,1.3590280265562413,2.923618162866689,4.082222222222185,0.0,0.0,163.0,0.9999999999999999,0.0,raw_source,raw_level
price_family_ma9_structural_linked,structural_ma9,20852_montgomery_county_md__zip,median_ppsf,level,163,2012-03-31,2026-05-31,318.2499834001636,21.678112693330622,1.3590280265562413,2.923618162866689,4.082222222222185,0.0,0.0,163.0,0.9999999999999999,0.0,structural_ma9,ma9_level
price_family_ma9_structural_linked,raw_source,20852_montgomery_county_md__zip,median_sale_price,level,163,2012-03-31,2026-05-31,456104.76346284937,63295.670789493925,4996.442386831275,10999.444444444398,24444.444444444496,0.0,0.0,163.0,1.0,0.0,raw_source,raw_level
price_family_ma9_structural_linked,structural_ma9,20852_montgomery_county_md__zip,median_sale_price,level,163,2012-03-31,2026-05-31,456104.76346284937,63295.670789493925,4996.442386831275,10999.444444444398,24444.444444444496,0.0,0.0,163.0,1.0,0.0,structural_ma9,ma9_level
price_family_ma9_structural_linked,raw_source,20853_montgomery_county_md__zip,median_ppsf,level,163,2012-03-31,2026-05-31,246.6213577956203,27.41886397023258,1.5047308090624139,3.0642222222222157,5.124444444444521,0.0,0.0,163.0,1.0,0.0,raw_source,raw_level
price_family_ma9_structural_linked,structural_ma9,20853_montgomery_county_md__zip,median_ppsf,level,163,2012-03-31,2026-05-31,246.6213577956203,27.41886397023258,1.5047308090624139,3.0642222222222157,5.124444444444521,0.0,0.0,163.0,1.0,0.0,structural_ma9,ma9_level
price_family_ma9_structural_linked,raw_source,20853_montgomery_county_md__zip,median_sale_price,level,163,2012-03-31,2026-05-31,492517.932856169,100994.82516896693,3467.504801097392,7810.822222222157,12777.777777777752,0.0,0.0,163.0,1.0,0.0,raw_source,raw_level
price_family_ma9_structural_linked,structural_ma9,20853_montgomery_county_md__zip,median_sale_price,level,163,2012-03-31,2026-05-31,492517.932856169,100994.82516896693,3467.504801097392,7810.822222222157,12777.777777777752,0.0,0.0,163.0,1.0,0.0,structural_ma9,ma9_level
price_family_ma9_structural_linked,raw_source,20854_montgomery_county_md__zip,median_ppsf,level,163,2012-03-31,2026-05-31,298.4723968944172,33.707756030908584,1.5513343194876534,3.3193333333333728,5.677777777777806,0.0,0.0,163.0,1.0,0.0,raw_source,raw_level
price_family_ma9_structural_linked,structural_ma9,20854_montgomery_county_md__zip,median_ppsf,level,163,2012-03-31,2026-05-31,298.4723968944172,33.707756030908584,1.5513343194876534,3.3193333333333728,5.677777777777806,0.0,0.0,163.0,1.0,0.0,structural_ma9,ma9_level
price_family_ma9_structural_linked,raw_source,20854_montgomery_county_md__zip,median_sale_price,level,163,2012-03-31,2026-05-31,1016422.8486707567,178077.1977987423,7202.222222222219,16218.811111111077,25000.0,0.0,0.0,163.0,1.0,0.0,raw_source,raw_level
price_family_ma9_structural_linked,structural_ma9,20854_montgomery_county_md__zip,median_sale_price,level,163,2012-03-31,2026-05-31,1016422.8486707567,178077.1977987423,7202.222222222219,16218.811111111077,25000.0,0.0,0.0,163.0,1.0,0.0,structural_ma9,ma9_level
price_family_ma9_structural_linked,raw_source,20855_montgomery_county_md__zip,median_ppsf,level,163,2012-03-31,2026-05-31,230.8311193701834,32.377068154239026,1.5964899306330589,3.557111111111121,5.476685943111107,0.0,0.0,163.0,1.0,0.0,raw_source,raw_level
price_family_ma9_structural_linked,structural_ma9,20855_montgomery_county_md__zip,median_ppsf,level,163,2012-03-31,2026-05-31,230.8311193701834,32.377068154239026,1.5964899306330589,3.557111111111121,5.476685943111107,0.0,0.0,163.0,1.0,0.0,structural_ma9,ma9_level
price_family_ma9_structural_linked,raw_source,20855_montgomery_county_md__zip,median_sale_price,level,163,2012-03-31,2026-05-31,523758.3865030675,97583.02614037377,3897.661179698217,7611.111111111124,12836.111111111124,0.0,0.0,163.0,1.0,0.0,raw_source,raw_level
price_family_ma9_structural_linked,structural_ma9,20855_montgomery_county_md__zip,median_sale_price,level,163,2012-03-31,2026-05-31,523758.3865030675,97583.02614037377,3897.661179698217,7611.111111111124,12836.111111111124,0.0,0.0,163.0,1.0,0.0,structural_ma9,ma9_level
price_family_ma9_structural_linked,raw_source,20860_montgomery_county_md__zip,median_ppsf,level,160,2012-03-31,2026-05-31,199.92688361976874,32.05021570867135,4.191188868528301,8.670236945777772,24.788176893222243,0.0,0.0,160.0,1.0,0.0,raw_source,raw_level
price_family_ma9_structural_linked,structural_ma9,20860_montgomery_county_md__zip,median_ppsf,level,160,2012-03-31,2026-05-31,199.92688361976874,32.05021570867135,4.191188868528301,8.670236945777772,24.788176893222243,0.0,0.0,160.0,1.0,0.0,structural_ma9,ma9_level
price_family_ma9_structural_linked,raw_source,20860_montgomery_county_md__zip,median_sale_price,level,162,2012-03-31,2026-05-31,734697.1930727023,136239.7867923801,29853.437543133194,65388.888888888876,98855.5555555555,0.0,0.0,162.0,0.9999999999999998,0.0,raw_source,raw_level
price_family_ma9_structural_linked,structural_ma9,20860_montgomery_county_md__zip,median_sale_price,level,162,2012-03-31,2026-05-31,734697.1930727023,136239.7867923801,29853.437543133194,65388.888888888876,98855.5555555555,0.0,0.0,162.0,0.9999999999999998,0.0,structural_ma9,ma9_level
price_family_ma9_structural_linked,raw_source,20861_montgomery_county_md__zip,median_ppsf,level,163,2012-03-31,2026-05-31,206.06807972311384,33.10078040586681,3.854884568997258,7.138222222222229,23.107777777777784,0.0,0.0,163.0,1.0,0.0,raw_source,raw_level
price_family_ma9_structural_linked,structural_ma9,20861_montgomery_county_md__zip,median_ppsf,level,163,2012-03-31,2026-05-31,206.06807972311384,33.10078040586681,3.854884568997258,7.138222222222229,23.107777777777784,0.0,0.0,163.0,1.0,0.0,structural_ma9,ma9_level
price_family_ma9_structural_linked,raw_source,20861_montgomery_county_md__zip,median_sale_price,level,163,2012-03-31,2026-05-31,709128.9822767553,105704.57046266207,13475.482853223593,29419.322222222167,51950.0,0.0,0.0,163.0,1.0,0.0,raw_source,raw_level
price_family_ma9_structural_linked,structural_ma9,20861_montgomery_county_md__zip,median_sale_price,level,163,2012-03-31,2026-05-31,709128.9822767553,105704.57046266207,13475.482853223593,29419.322222222167,51950.0,0.0,0.0,163.0,1.0,0.0,structural_ma9,ma9_level
price_family_ma9_structural_linked,raw_source,20862_montgomery_county_md__zip,median_ppsf,level,117,2012-07-31,2026-05-31,207.66641710359258,40.470876849881186,6.140529731245211,11.88968359777779,44.23555555555555,0.0,0.0,117.0,1.0,0.0,raw_source,raw_level
price_family_ma9_structural_linked,structural_ma9,20862_montgomery_county_md__zip,median_ppsf,level,117,2012-07-31,2026-05-31,207.66641710359258,40.470876849881186,6.140529731245211,11.88968359777779,44.23555555555555,0.0,0.0,117.0,1.0,0.0,structural_ma9,ma9_level
price_family_ma9_structural_linked,raw_source,20862_montgomery_county_md__zip,median_sale_price,level,117,2012-07-31,2026-05-31,733134.4491927825,119868.69438263579,23319.531609195405,47211.111111111124,143333.33333333326,0.0,0.0,117.0,1.0,0.0,raw_source,raw_level
price_family_ma9_structural_linked,structural_ma9,20862_montgomery_county_md__zip,median_sale_price,level,117,2012-07-31,2026-05-31,733134.4491927825,119868.69438263579,23319.531609195405,47211.111111111124,143333.33333333326,0.0,0.0,117.0,1.0,0.0,structural_ma9,ma9_level
price_family_ma9_structural_linked,raw_source,20866_montgomery_county_md__zip,median_ppsf,level,163,2012-03-31,2026-05-31,211.47022596239196,30.451158089134818,1.6761941469444435,3.9964219410000235,6.831111111111113,0.0,0.0,163.0,1.0,0.0,raw_source,raw_level
price_family_ma9_structural_linked,structural_ma9,20866_montgomery_county_md__zip,median_ppsf,level,163,2012-03-31,2026-05-31,211.47022596239196,30.451158089134818,1.6761941469444435,3.9964219410000235,6.831111111111113,0.0,0.0,163.0,1.0,0.0,structural_ma9,ma9_level
price_family_ma9_structural_linked,raw_source,20866_montgomery_county_md__zip,median_sale_price,level,163,2012-03-31,2026-05-31,348496.3619631902,67072.52857935923,3217.1015089163225,7247.222222222225,15277.77777777781,0.0,0.0,163.0,1.0,0.0,raw_source,raw_level
price_family_ma9_structural_linked,structural_ma9,20866_montgomery_county_md__zip,median_sale_price,level,163,2012-03-31,2026-05-31,348496.3619631902,67072.52857935923,3217.1015089163225,7247.222222222225,15277.77777777781,0.0,0.0,163.0,1.0,0.0,structural_ma9,ma9_level
price_family_ma9_structural_linked,raw_source,20868_montgomery_county_md__zip,median_ppsf,level,100,2012-05-31,2026-02-28,207.8739175444,38.03664227108779,8.301133094413018,16.120770266222216,17.97988448122223,0.0,0.0,100.0,1.0,0.0,raw_source,raw_level
price_family_ma9_structural_linked,structural_ma9,20868_montgomery_county_md__zip,median_ppsf,level,100,2012-05-31,2026-02-28,207.8739175444,38.03664227108779,8.301133094413018,16.120770266222216,17.97988448122223,0.0,0.0,100.0,1.0,0.0,structural_ma9,ma9_level
price_family_ma9_structural_linked,raw_source,20868_montgomery_county_md__zip,median_sale_price,level,100,2012-05-31,2026-02-28,624243.9733333334,148047.01583930475,24177.61840628507,55777.77777777781,122222.22222222219,0.0,0.0,100.0,1.0,0.0,raw_source,raw_level
price_family_ma9_structural_linked,structural_ma9,20868_montgomery_county_md__zip,median_sale_price,level,100,2012-05-31,2026-02-28,624243.9733333334,148047.01583930475,24177.61840628507,55777.77777777781,122222.22222222219,0.0,0.0,100.0,1.0,0.0,structural_ma9,ma9_level
price_family_ma9_structural_linked,raw_source,20871_montgomery_county_md__zip,median_ppsf,level,163,2012-03-31,2026-05-31,190.78458411631834,29.616278393310644,1.1690988444554185,2.8034444444444517,4.67777777777772,0.0,0.0,163.0,0.9999999999999999,0.0,raw_source,raw_level
price_family_ma9_structural_linked,structural_ma9,20871_montgomery_county_md__zip,median_ppsf,level,163,2012-03-31,2026-05-31,190.78458411631834,29.616278393310644,1.1690988444554185,2.8034444444444517,4.67777777777772,0.0,0.0,163.0,0.9999999999999999,0.0,structural_ma9,ma9_level
price_family_ma9_structural_linked,raw_source,20871_montgomery_county_md__zip,median_sale_price,level,163,2012-03-31,2026-05-31,495092.87218813907,84502.18826666917,2783.5898491083676,6059.444444444441,10722.222222222248,0.0,0.0,163.0,0.9999999999999998,0.0,raw_source,raw_level
price_family_ma9_structural_linked,structural_ma9,20871_montgomery_county_md__zip,median_sale_price,level,163,2012-03-31,2026-05-31,495092.87218813907,84502.18826666917,2783.5898491083676,6059.444444444441,10722.222222222248,0.0,0.0,163.0,0.9999999999999998,0.0,structural_ma9,ma9_level
price_family_ma9_structural_linked,raw_source,20872_montgomery_county_md__zip,median_ppsf,level,163,2012-03-31,2026-05-31,198.60053544564894,29.889645037083163,1.4327870906927307,2.559117866933363,5.437777777777768,0.0,0.0,163.0,0.9999999999999999,0.0,raw_source,raw_level
price_family_ma9_structural_linked,structural_ma9,20872_montgomery_county_md__zip,median_ppsf,level,163,2012-03-31,2026-05-31,198.60053544564894,29.889645037083163,1.4327870906927307,2.559117866933363,5.437777777777768,0.0,0.0,163.0,0.9999999999999999,0.0,structural_ma9,ma9_level
price_family_ma9_structural_linked,raw_source,20872_montgomery_county_md__zip,median_sale_price,level,163,2012-03-31,2026-05-31,403993.6247443763,89458.46827732158,3616.9828532235942,7532.222222222238,12777.777777777752,0.0,0.0,163.0,0.9999999999999999,0.0,raw_source,raw_level
price_family_ma9_structural_linked,structural_ma9,20872_montgomery_county_md__zip,median_sale_price,level,163,2012-03-31,2026-05-31,403993.6247443763,89458.46827732158,3616.9828532235942,7532.222222222238,12777.777777777752,0.0,0.0,163.0,0.9999999999999999,0.0,structural_ma9,ma9_level
price_family_ma9_structural_linked,raw_source,20874_montgomery_county_md__zip,median_ppsf,level,163,2012-03-31,2026-05-31,202.30156367006748,35.502912718318086,0.9653655133580248,1.9660000000000197,3.01666666666668,0.0,0.0,163.0,1.0,0.0,raw_source,raw_level
price_family_ma9_structural_linked,structural_ma9,20874_montgomery_county_md__zip,median_ppsf,level,163,2012-03-31,2026-05-31,202.30156367006748,35.502912718318086,0.9653655133580248,1.9660000000000197,3.01666666666668,0.0,0.0,163.0,1.0,0.0,structural_ma9,ma9_level
price_family_ma9_structural_linked,raw_source,20874_montgomery_county_md__zip,median_sale_price,level,163,2012-03-31,2026-05-31,321588.460463531,60617.181377447654,1814.9094650205764,3550.000000000006,7777.77777777781,0.0,0.0,163.0,1.0,0.0,raw_source,raw_level
price_family_ma9_structural_linked,structural_ma9,20874_montgomery_county_md__zip,median_sale_price,level,163,2012-03-31,2026-05-31,321588.460463531,60617.181377447654,1814.9094650205764,3550.000000000006,7777.77777777781,0.0,0.0,163.0,1.0,0.0,structural_ma9,ma9_level
price_family_ma9_structural_linked,raw_source,20876_montgomery_county_md__zip,median_ppsf,level,163,2012-03-31,2026-05-31,196.28954292918132,33.00190184387969,1.131679147945818,2.268333333333371,4.55111111111114,0.0,0.0,163.0,1.0,0.0,raw_source,raw_level
price_family_ma9_structural_linked,structural_ma9,20876_montgomery_county_md__zip,median_ppsf,level,163,2012-03-31,2026-05-31,196.28954292918132,33.00190184387969,1.131679147945818,2.268333333333371,4.55111111111114,0.0,0.0,163.0,1.0,0.0,structural_ma9,ma9_level
price_family_ma9_structural_linked,raw_source,20876_montgomery_county_md__zip,median_sale_price,level,163,2012-03-31,2026-05-31,354288.7314246762,67835.40646336372,4243.569272976678,8776.944444444473,14666.666666666686,0.0,0.0,163.0,1.0,0.0,raw_source,raw_level
price_family_ma9_structural_linked,structural_ma9,20876_montgomery_county_md__zip,median_sale_price,level,163,2012-03-31,2026-05-31,354288.7314246762,67835.40646336372,4243.569272976678,8776.944444444473,14666.666666666686,0.0,0.0,163.0,1.0,0.0,structural_ma9,ma9_level
price_family_ma9_structural_linked,raw_source,20877_montgomery_county_md__zip,median_ppsf,level,163,2012-03-31,2026-05-31,191.3103359378405,30.17374884905325,1.3984444760651582,2.895333333333275,6.733333333333377,0.0,0.0,163.0,0.9999999999999999,0.0,raw_source,raw_level
price_family_ma9_structural_linked,structural_ma9,20877_montgomery_county_md__zip,median_ppsf,level,163,2012-03-31,2026-05-31,191.3103359378405,30.17374884905325,1.3984444760651582,2.895333333333275,6.733333333333377,0.0,0.0,163.0,0.9999999999999999,0.0,structural_ma9,ma9_level
price_family_ma9_structural_linked,raw_source,20877_montgomery_county_md__zip,median_sale_price,level,163,2012-03-31,2026-05-31,375242.3415132924,74231.81659008122,4090.7427983539105,8482.288888888888,13833.333333333372,0.0,0.0,163.0,1.0,0.0,raw_source,raw_level
price_family_ma9_structural_linked,structural_ma9,20877_montgomery_county_md__zip,median_sale_price,level,163,2012-03-31,2026-05-31,375242.3415132924,74231.81659008122,4090.7427983539105,8482.288888888888,13833.333333333372,0.0,0.0,163.0,1.0,0.0,structural_ma9,ma9_level
price_family_ma9_structural_linked,raw_source,20878_montgomery_county_md__zip,median_ppsf,level,163,2012-03-31,2026-05-31,249.31543906591276,29.93225292854724,1.0971729212716044,2.3648888888888906,4.102222222222224,0.0,0.0,163.0,1.0,0.0,raw_source,raw_level
price_family_ma9_structural_linked,structural_ma9,20878_montgomery_county_md__zip,median_ppsf,level,163,2012-03-31,2026-05-31,249.31543906591276,29.93225292854724,1.0971729212716044,2.3648888888888906,4.102222222222224,0.0,0.0,163.0,1.0,0.0,structural_ma9,ma9_level
price_family_ma9_structural_linked,raw_source,20878_montgomery_county_md__zip,median_sale_price,level,163,2012-03-31,2026-05-31,552283.0644171779,95550.97665963684,4925.256515775031,10388.888888888981,15555.555555555504,0.0,0.0,163.0,0.9999999999999999,0.0,raw_source,raw_level
price_family_ma9_structural_linked,structural_ma9,20878_montgomery_county_md__zip,median_sale_price,level,163,2012-03-31,2026-05-31,552283.0644171779,95550.97665963684,4925.256515775031,10388.888888888981,15555.555555555504,0.0,0.0,163.0,0.9999999999999999,0.0,structural_ma9,ma9_level
price_family_ma9_structural_linked,raw_source,20879_montgomery_county_md__zip,median_ppsf,level,163,2012-03-31,2026-05-31,200.64188147810225,33.08571745571945,1.319199272506859,2.656033685888855,3.9000000000000057,0.0,0.0,163.0,1.0,0.0,raw_source,raw_level
price_family_ma9_structural_linked,structural_ma9,20879_montgomery_county_md__zip,median_ppsf,level,163,2012-03-31,2026-05-31,200.64188147810225,33.08571745571945,1.319199272506859,2.656033685888855,3.9000000000000057,0.0,0.0,163.0,1.0,0.0,structural_ma9,ma9_level
price_family_ma9_structural_linked,raw_source,20879_montgomery_county_md__zip,median_sale_price,level,163,2012-03-31,2026-05-31,338515.4679618268,68754.11035684873,2153.915637860083,4433.888888888876,7500.0,0.0,0.0,163.0,1.0,0.0,raw_source,raw_level
price_family_ma9_structural_linked,structural_ma9,20879_montgomery_county_md__zip,median_sale_price,level,163,2012-03-31,2026-05-31,338515.4679618268,68754.11035684873,2153.915637860083,4433.888888888876,7500.0,0.0,0.0,163.0,1.0,0.0,structural_ma9,ma9_level
price_family_ma9_structural_linked,raw_source,20880_montgomery_county_md__zip,median_ppsf,level,125,2012-03-31,2026-05-31,271.987504933192,52.94134968626086,7.219502536211466,16.492332508599972,45.3655555555556,0.0,0.0,125.0,1.0,0.0,raw_source,raw_level
price_family_ma9_structural_linked,structural_ma9,20880_montgomery_county_md__zip,median_ppsf,level,125,2012-03-31,2026-05-31,271.987504933192,52.94134968626086,7.219502536211466,16.492332508599972,45.3655555555556,0.0,0.0,125.0,1.0,0.0,structural_ma9,ma9_level
price_family_ma9_structural_linked,raw_source,20880_montgomery_county_md__zip,median_sale_price,level,125,2012-03-31,2026-05-31,516684.0168888889,106630.71435169669,15237.718637992828,34722.22222222221,52777.77777777775,0.0,0.0,125.0,0.9999999999999999,0.0,raw_source,raw_level
price_family_ma9_structural_linked,structural_ma9,20880_montgomery_county_md__zip,median_sale_price,level,125,2012-03-31,2026-05-31,516684.0168888889,106630.71435169669,15237.718637992828,34722.22222222221,52777.77777777775,0.0,0.0,125.0,0.9999999999999999,0.0,structural_ma9,ma9_level
price_family_ma9_structural_linked,raw_source,20882_montgomery_county_md__zip,median_ppsf,level,163,2012-03-31,2026-05-31,190.96880249871984,29.668303568400678,1.5081931758497957,3.068539466833332,4.828999133000025,0.0,0.0,163.0,1.0,0.0,raw_source,raw_level
price_family_ma9_structural_linked,structural_ma9,20882_montgomery_county_md__zip,median_ppsf,level,163,2012-03-31,2026-05-31,190.96880249871984,29.668303568400678,1.5081931758497957,3.068539466833332,4.828999133000025,0.0,0.0,163.0,1.0,0.0,structural_ma9,ma9_level
price_family_ma9_structural_linked,raw_source,20882_montgomery_county_md__zip,median_sale_price,level,163,2012-03-31,2026-05-31,610485.638718473,121511.29604813956,6955.303840877917,14338.88888888888,21666.666666666628,0.0,0.0,163.0,1.0,0.0,raw_source,raw_level
price_family_ma9_structural_linked,structural_ma9,20882_montgomery_county_md__zip,median_sale_price,level,163,2012-03-31,2026-05-31,610485.638718473,121511.29604813956,6955.303840877917,14338.88888888888,21666.666666666628,0.0,0.0,163.0,1.0,0.0,structural_ma9,ma9_level
price_family_ma9_structural_linked,raw_source,20884_montgomery_county_md__zip,median_ppsf,level,108,2012-05-31,2025-09-30,263.86414525476647,36.10082858833101,7.303935109503634,18.29792978542227,21.974529064111096,0.0,0.0,108.0,1.0,0.0,raw_source,raw_level
price_family_ma9_structural_linked,structural_ma9,20884_montgomery_county_md__zip,median_ppsf,level,108,2012-05-31,2025-09-30,263.86414525476647,36.10082858833101,7.303935109503634,18.29792978542227,21.974529064111096,0.0,0.0,108.0,1.0,0.0,structural_ma9,ma9_level
price_family_ma9_structural_linked,raw_source,20884_montgomery_county_md__zip,median_sale_price,level,108,2012-05-31,2025-09-30,426293.3611111111,91953.50699495271,6212.606438213916,10599.999999999978,24000.0,0.0,0.0,108.0,0.9999999999999999,0.0,raw_source,raw_level
price_family_ma9_structural_linked,structural_ma9,20884_montgomery_county_md__zip,median_sale_price,level,108,2012-05-31,2025-09-30,426293.3611111111,91953.50699495271,6212.606438213916,10599.999999999978,24000.0,0.0,0.0,108.0,0.9999999999999999,0.0,structural_ma9,ma9_level
price_family_ma9_structural_linked,raw_source,20886_montgomery_county_md__zip,median_ppsf,level,163,2012-03-31,2026-05-31,184.30543745423995,37.61043267479888,1.1958112068024664,2.542444444444388,5.02555555555557,0.0,0.0,163.0,1.0,0.0,raw_source,raw_level
price_family_ma9_structural_linked,structural_ma9,20886_montgomery_county_md__zip,median_ppsf,level,163,2012-03-31,2026-05-31,184.30543745423995,37.61043267479888,1.1958112068024664,2.542444444444388,5.02555555555557,0.0,0.0,163.0,1.0,0.0,structural_ma9,ma9_level
price_family_ma9_structural_linked,raw_source,20886_montgomery_county_md__zip,median_sale_price,level,163,2012-03-31,2026-05-31,297875.91411042947,71561.80385369173,2321.909465020575,4994.438888888888,9459.444444444438,0.0,0.0,163.0,1.0,0.0,raw_source,raw_level
price_family_ma9_structural_linked,structural_ma9,20886_montgomery_county_md__zip,median_sale_price,level,163,2012-03-31,2026-05-31,297875.91411042947,71561.80385369173,2321.909465020575,4994.438888888888,9459.444444444438,0.0,0.0,163.0,1.0,0.0,structural_ma9,ma9_level
price_family_ma9_structural_linked,raw_source,20889_montgomery_county_md__zip,median_ppsf,level,16,2013-04-30,2024-10-31,332.84564058070833,41.467779949475975,15.579870183392583,28.72404869533333,29.67624553888885,0.0,0.0,16.0,1.0,0.0,raw_source,raw_level
price_family_ma9_structural_linked,structural_ma9,20889_montgomery_county_md__zip,median_ppsf,level,16,2013-04-30,2024-10-31,332.84564058070833,41.467779949475975,15.579870183392583,28.72404869533333,29.67624553888885,0.0,0.0,16.0,1.0,0.0,structural_ma9,ma9_level
price_family_ma9_structural_linked,raw_source,20889_montgomery_county_md__zip,median_sale_price,level,16,2013-04-30,2024-10-31,1137958.3333333333,103146.30076808335,44322.22222222222,97805.5555555555,103944.4444444445,0.0,0.0,16.0,1.0,0.0,raw_source,raw_level
price_family_ma9_structural_linked,structural_ma9,20889_montgomery_county_md__zip,median_sale_price,level,16,2013-04-30,2024-10-31,1137958.3333333333,103146.30076808335,44322.22222222222,97805.5555555555,103944.4444444445,0.0,0.0,16.0,1.0,0.0,structural_ma9,ma9_level
price_family_ma9_structural_linked,raw_source,20894_montgomery_county_md__zip,median_ppsf,level,10,2012-04-30,2024-12-31,455.4282419559333,17.84414964278507,11.121667146925935,17.58135675522226,17.58135675522226,0.0,0.0,10.0,0.9999999999999998,0.0,raw_source,raw_level
price_family_ma9_structural_linked,structural_ma9,20894_montgomery_county_md__zip,median_ppsf,level,10,2012-04-30,2024-12-31,455.4282419559333,17.84414964278507,11.121667146925935,17.58135675522226,17.58135675522226,0.0,0.0,10.0,0.9999999999999998,0.0,structural_ma9,ma9_level
price_family_ma9_structural_linked,raw_source,20894_montgomery_county_md__zip,median_sale_price,level,10,2012-04-30,2024-12-31,1015833.3333333334,159476.86468692063,53148.14814814815,82777.77777777775,82777.77777777775,0.0,0.0,10.0,0.9999999999999998,0.0,raw_source,raw_level
price_family_ma9_structural_linked,structural_ma9,20894_montgomery_county_md__zip,median_sale_price,level,10,2012-04-30,2024-12-31,1015833.3333333334,159476.86468692063,53148.14814814815,82777.77777777775,82777.77777777775,0.0,0.0,10.0,0.9999999999999998,0.0,structural_ma9,ma9_level
price_family_ma9_structural_linked,raw_source,20895_montgomery_county_md__zip,median_ppsf,level,163,2012-03-31,2026-05-31,330.97671374862165,31.551399663171146,2.105668992168726,3.969468244577815,6.386666666666656,0.0,0.0,163.0,0.9999999999999999,0.0,raw_source,raw_level
price_family_ma9_structural_linked,structural_ma9,20895_montgomery_county_md__zip,median_ppsf,level,163,2012-03-31,2026-05-31,330.97671374862165,31.551399663171146,2.105668992168726,3.969468244577815,6.386666666666656,0.0,0.0,163.0,0.9999999999999999,0.0,structural_ma9,ma9_level
price_family_ma9_structural_linked,raw_source,20895_montgomery_county_md__zip,median_sale_price,level,163,2012-03-31,2026-05-31,641485.9107021132,125201.55287312252,7183.055555555551,14444.444444444496,27306.55555555562,0.0,0.0,163.0,0.9999999999999999,0.0,raw_source,raw_level
price_family_ma9_structural_linked,structural_ma9,20895_montgomery_county_md__zip,median_sale_price,level,163,2012-03-31,2026-05-31,641485.9107021132,125201.55287312252,7183.055555555551,14444.444444444496,27306.55555555562,0.0,0.0,163.0,0.9999999999999999,0.0,structural_ma9,ma9_level
price_family_ma9_structural_linked,raw_source,20896_montgomery_county_md__zip,median_ppsf,level,153,2012-04-30,2026-05-31,396.44521829919756,62.30301404949449,11.202957676744152,24.06222222222226,79.081111111111,0.0,0.0,153.0,1.0,0.0,raw_source,raw_level
price_family_ma9_structural_linked,structural_ma9,20896_montgomery_county_md__zip,median_ppsf,level,153,2012-04-30,2026-05-31,396.44521829919756,62.30301404949449,11.202957676744152,24.06222222222226,79.081111111111,0.0,0.0,153.0,1.0,0.0,structural_ma9,ma9_level
price_family_ma9_structural_linked,raw_source,20896_montgomery_county_md__zip,median_sale_price,level,153,2012-04-30,2026-05-31,923330.8609295569,191182.94526181853,26307.380847953213,57661.111111111095,118111.11111111112,0.0,0.0,153.0,1.0,0.0,raw_source,raw_level
price_family_ma9_structural_linked,structural_ma9,20896_montgomery_county_md__zip,median_sale_price,level,153,2012-04-30,2026-05-31,923330.8609295569,191182.94526181853,26307.380847953213,57661.111111111095,118111.11111111112,0.0,0.0,153.0,1.0,0.0,structural_ma9,ma9_level
price_family_ma9_structural_linked,raw_source,20901_montgomery_county_md__zip,median_ppsf,level,163,2012-03-31,2026-05-31,278.78356024440353,28.734082181217005,2.099655473289439,4.207197317844498,7.141111111111172,0.0,0.0,163.0,1.0,0.0,raw_source,raw_level
price_family_ma9_structural_linked,structural_ma9,20901_montgomery_county_md__zip,median_ppsf,level,163,2012-03-31,2026-05-31,278.78356024440353,28.734082181217005,2.099655473289439,4.207197317844498,7.141111111111172,0.0,0.0,163.0,1.0,0.0,structural_ma9,ma9_level
price_family_ma9_structural_linked,raw_source,20901_montgomery_county_md__zip,median_sale_price,level,163,2012-03-31,2026-05-31,488087.4962508521,85928.35274712948,3495.7441700960217,7405.411111111095,13555.555555555504,0.0,0.0,163.0,1.0,0.0,raw_source,raw_level
price_family_ma9_structural_linked,structural_ma9,20901_montgomery_county_md__zip,median_sale_price,level,163,2012-03-31,2026-05-31,488087.4962508521,85928.35274712948,3495.7441700960217,7405.411111111095,13555.555555555504,0.0,0.0,163.0,1.0,0.0,structural_ma9,ma9_level
price_family_ma9_structural_linked,raw_source,20902_montgomery_county_md__zip,median_ppsf,level,163,2012-03-31,2026-05-31,257.8979430416626,27.27844700395461,1.6620855547674893,3.067888888888877,5.627588543555561,0.0,0.0,163.0,0.9999999999999999,0.0,raw_source,raw_level
price_family_ma9_structural_linked,structural_ma9,20902_montgomery_county_md__zip,median_ppsf,level,163,2012-03-31,2026-05-31,257.8979430416626,27.27844700395461,1.6620855547674893,3.067888888888877,5.627588543555561,0.0,0.0,163.0,0.9999999999999999,0.0,structural_ma9,ma9_level
price_family_ma9_structural_linked,raw_source,20902_montgomery_county_md__zip,median_sale_price,level,163,2012-03-31,2026-05-31,432057.3766189503,79458.28156627313,2723.496570644719,4997.222222222225,9222.222222222248,0.0,0.0,163.0,1.0,0.0,raw_source,raw_level
price_family_ma9_structural_linked,structural_ma9,20902_montgomery_county_md__zip,median_sale_price,level,163,2012-03-31,2026-05-31,432057.3766189503,79458.28156627313,2723.496570644719,4997.222222222225,9222.222222222248,0.0,0.0,163.0,1.0,0.0,structural_ma9,ma9_level
price_family_ma9_structural_linked,raw_source,20903_montgomery_county_md__zip,median_ppsf,level,163,2012-03-31,2026-05-31,216.0258490249775,22.830820413958282,2.060162085770234,4.598840356200015,8.224194436777793,0.0,0.0,163.0,1.0,0.0,raw_source,raw_level
price_family_ma9_structural_linked,structural_ma9,20903_montgomery_county_md__zip,median_ppsf,level,163,2012-03-31,2026-05-31,216.0258490249775,22.830820413958282,2.060162085770234,4.598840356200015,8.224194436777793,0.0,0.0,163.0,1.0,0.0,structural_ma9,ma9_level
price_family_ma9_structural_linked,raw_source,20903_montgomery_county_md__zip,median_sale_price,level,163,2012-03-31,2026-05-31,400600.0538513974,76053.58142239659,4023.995884773663,7777.777777777752,12666.666666666686,0.0,0.0,163.0,1.0,0.0,raw_source,raw_level
price_family_ma9_structural_linked,structural_ma9,20903_montgomery_county_md__zip,median_sale_price,level,163,2012-03-31,2026-05-31,400600.0538513974,76053.58142239659,4023.995884773663,7777.777777777752,12666.666666666686,0.0,0.0,163.0,1.0,0.0,structural_ma9,ma9_level
price_family_ma9_structural_linked,raw_source,20904_montgomery_county_md__zip,median_ppsf,level,163,2012-03-31,2026-05-31,209.51731909349965,28.717600172247355,1.034085126825104,2.021317542955555,3.5900000000000603,0.0,0.0,163.0,1.0,0.0,raw_source,raw_level
price_family_ma9_structural_linked,structural_ma9,20904_montgomery_county_md__zip,median_ppsf,level,163,2012-03-31,2026-05-31,209.51731909349965,28.717600172247355,1.034085126825104,2.021317542955555,3.5900000000000603,0.0,0.0,163.0,1.0,0.0,structural_ma9,ma9_level
price_family_ma9_structural_linked,raw_source,20904_montgomery_county_md__zip,median_sale_price,level,163,2012-03-31,2026-05-31,448766.960463531,87318.68080001145,3130.995884773661,6361.111111111102,10111.111111111124,0.0,0.0,163.0,1.0,0.0,raw_source,raw_level
price_family_ma9_structural_linked,structural_ma9,20904_montgomery_county_md__zip,median_sale_price,level,163,2012-03-31,2026-05-31,448766.960463531,87318.68080001145,3130.995884773661,6361.111111111102,10111.111111111124,0.0,0.0,163.0,1.0,0.0,structural_ma9,ma9_level
price_family_ma9_structural_linked,raw_source,20905_montgomery_county_md__zip,median_ppsf,level,163,2012-03-31,2026-05-31,209.71184092781664,29.17822805730673,1.290878386113857,2.5521111111110657,3.107568877333364,0.0,0.0,163.0,1.0,0.0,raw_source,raw_level
price_family_ma9_structural_linked,structural_ma9,20905_montgomery_county_md__zip,median_ppsf,level,163,2012-03-31,2026-05-31,209.71184092781664,29.17822805730673,1.290878386113857,2.5521111111110657,3.107568877333364,0.0,0.0,163.0,1.0,0.0,structural_ma9,ma9_level
price_family_ma9_structural_linked,raw_source,20905_montgomery_county_md__zip,median_sale_price,level,163,2012-03-31,2026-05-31,527251.1670074983,97819.94983554824,3202.5692729766783,6644.444444444404,10444.444444444496,0.0,0.0,163.0,0.9999999999999999,0.0,raw_source,raw_level
price_family_ma9_structural_linked,structural_ma9,20905_montgomery_county_md__zip,median_sale_price,level,163,2012-03-31,2026-05-31,527251.1670074983,97819.94983554824,3202.5692729766783,6644.444444444404,10444.444444444496,0.0,0.0,163.0,0.9999999999999999,0.0,structural_ma9,ma9_level
price_family_ma9_structural_linked,raw_source,20906_montgomery_county_md__zip,median_ppsf,level,163,2012-03-31,2026-05-31,198.6424865896994,31.154924573635853,1.084170366740738,2.2668257587333445,3.1827152931111016,0.0,0.0,163.0,1.0,0.0,raw_source,raw_level
price_family_ma9_structural_linked,structural_ma9,20906_montgomery_county_md__zip,median_ppsf,level,163,2012-03-31,2026-05-31,198.6424865896994,31.154924573635853,1.084170366740738,2.2668257587333445,3.1827152931111016,0.0,0.0,163.0,1.0,0.0,structural_ma9,ma9_level
price_family_ma9_structural_linked,raw_source,20906_montgomery_county_md__zip,median_sale_price,level,163,2012-03-31,2026-05-31,313871.9280845262,53353.31267268351,2845.0013717421125,6222.222222222216,9227.77777777781,0.0,0.0,163.0,0.9999999999999999,0.0,raw_source,raw_level
price_family_ma9_structural_linked,structural_ma9,20906_montgomery_county_md__zip,median_sale_price,level,163,2012-03-31,2026-05-31,313871.9280845262,53353.31267268351,2845.0013717421125,6222.222222222216,9227.77777777781,0.0,0.0,163.0,0.9999999999999999,0.0,structural_ma9,ma9_level
price_family_ma9_structural_linked,raw_source,20907_montgomery_county_md__zip,median_ppsf,level,42,2013-11-30,2025-08-31,335.7972695807275,51.10558554580097,9.788696467040653,19.66624274877779,30.868055555555543,0.0,0.0,42.0,0.9999999999999999,0.0,raw_source,raw_level
price_family_ma9_structural_linked,structural_ma9,20907_montgomery_county_md__zip,median_ppsf,level,42,2013-11-30,2025-08-31,335.7972695807275,51.10558554580097,9.788696467040653,19.66624274877779,30.868055555555543,0.0,0.0,42.0,0.9999999999999999,0.0,structural_ma9,ma9_level
price_family_ma9_structural_linked,raw_source,20907_montgomery_county_md__zip,median_sale_price,level,42,2013-11-30,2025-08-31,709518.6507936508,73409.4089447813,8475.474254742549,21277.777777777752,30888.888888888876,0.0,0.0,42.0,1.0,0.0,raw_source,raw_level
price_family_ma9_structural_linked,structural_ma9,20907_montgomery_county_md__zip,median_sale_price,level,42,2013-11-30,2025-08-31,709518.6507936508,73409.4089447813,8475.474254742549,21277.777777777752,30888.888888888876,0.0,0.0,42.0,1.0,0.0,structural_ma9,ma9_level
price_family_ma9_structural_linked,raw_source,20910_montgomery_county_md__zip,median_ppsf,level,163,2012-03-31,2026-05-31,334.5928655457689,23.738587292692383,1.779502928898492,3.6173397053888836,5.533333333333303,0.0,0.0,163.0,1.0,0.0,raw_source,raw_level
price_family_ma9_structural_linked,structural_ma9,20910_montgomery_county_md__zip,median_ppsf,level,163,2012-03-31,2026-05-31,334.5928655457689,23.738587292692383,1.779502928898492,3.6173397053888836,5.533333333333303,0.0,0.0,163.0,1.0,0.0,structural_ma9,ma9_level
price_family_ma9_structural_linked,raw_source,20910_montgomery_county_md__zip,median_sale_price,level,163,2012-03-31,2026-05-31,532628.3094751193,69750.07475487034,5570.366255144036,14650.000000000027,20166.666666666628,0.0,0.0,163.0,1.0,0.0,raw_source,raw_level
price_family_ma9_structural_linked,structural_ma9,20910_montgomery_county_md__zip,median_sale_price,level,163,2012-03-31,2026-05-31,532628.3094751193,69750.07475487034,5570.366255144036,14650.000000000027,20166.666666666628,0.0,0.0,163.0,1.0,0.0,structural_ma9,ma9_level
price_family_ma9_structural_linked,raw_source,20912_montgomery_county_md__zip,median_ppsf,level,163,2012-03-31,2026-05-31,303.82607501271167,42.9384056887563,3.4086126310631015,7.03889200551115,13.192804282777757,0.0,0.0,163.0,0.9999999999999999,0.0,raw_source,raw_level
price_family_ma9_structural_linked,structural_ma9,20912_montgomery_county_md__zip,median_ppsf,level,163,2012-03-31,2026-05-31,303.82607501271167,42.9384056887563,3.4086126310631015,7.03889200551115,13.192804282777757,0.0,0.0,163.0,0.9999999999999999,0.0,structural_ma9,ma9_level
price_family_ma9_structural_linked,raw_source,20912_montgomery_county_md__zip,median_sale_price,level,163,2012-03-31,2026-05-31,510544.4931833675,122798.61993857691,7016.061728395059,14687.038888888888,24277.777777777752,0.0,0.0,163.0,0.9999999999999999,0.0,raw_source,raw_level
price_family_ma9_structural_linked,structural_ma9,20912_montgomery_county_md__zip,median_sale_price,level,163,2012-03-31,2026-05-31,510544.4931833675,122798.61993857691,7016.061728395059,14687.038888888888,24277.777777777752,0.0,0.0,163.0,0.9999999999999999,0.0,structural_ma9,ma9_level
price_family_ma9_structural_linked,raw_source,20913_montgomery_county_md__zip,median_ppsf,level,29,2012-04-30,2024-01-31,495.9050028485977,80.50397180405007,18.56163625671428,49.42420792117777,54.824444444444566,0.0,0.0,29.0,1.0,0.0,raw_source,raw_level
price_family_ma9_structural_linked,structural_ma9,20913_montgomery_county_md__zip,median_ppsf,level,29,2012-04-30,2024-01-31,495.9050028485977,80.50397180405007,18.56163625671428,49.42420792117777,54.824444444444566,0.0,0.0,29.0,1.0,0.0,structural_ma9,ma9_level
price_family_ma9_structural_linked,raw_source,20913_montgomery_county_md__zip,median_sale_price,level,29,2012-04-30,2024-01-31,776936.7816091954,129685.80410942591,21335.31746031746,51700.000000000044,51777.77777777787,0.0,0.0,29.0,1.0,0.0,raw_source,raw_level
price_family_ma9_structural_linked,structural_ma9,20913_montgomery_county_md__zip,median_sale_price,level,29,2012-04-30,2024-01-31,776936.7816091954,129685.80410942591,21335.31746031746,51700.000000000044,51777.77777777787,0.0,0.0,29.0,1.0,0.0,structural_ma9,ma9_level
price_family_ma9_structural_linked,raw_source,20914_montgomery_county_md__zip,median_ppsf,level,25,2012-04-30,2026-04-30,214.40066784503557,14.743160548016798,3.421609234717593,7.990056818222229,9.20666666666665,0.0,0.0,25.0,1.0,0.0,raw_source,raw_level
price_family_ma9_structural_linked,structural_ma9,20914_montgomery_county_md__zip,median_ppsf,level,25,2012-04-30,2026-04-30,214.40066784503557,14.743160548016798,3.421609234717593,7.990056818222229,9.20666666666665,0.0,0.0,25.0,1.0,0.0,structural_ma9,ma9_level
price_family_ma9_structural_linked,raw_source,20914_montgomery_county_md__zip,median_sale_price,level,25,2012-04-30,2026-04-30,375800.0,47065.61996090697,5074.074074074073,11616.666666666657,11833.333333333372,0.0,0.0,25.0,1.0,0.0,raw_source,raw_level
price_family_ma9_structural_linked,structural_ma9,20914_montgomery_county_md__zip,median_sale_price,level,25,2012-04-30,2026-04-30,375800.0,47065.61996090697,5074.074074074073,11616.666666666657,11833.333333333372,0.0,0.0,25.0,1.0,0.0,structural_ma9,ma9_level
price_family_ma9_structural_linked,raw_source,20918_montgomery_county_md__zip,median_ppsf,level,54,2012-04-30,2025-10-31,293.9633794474444,55.105848201648755,9.044620500303983,16.350888888888896,25.98256540955549,0.0,0.0,54.0,1.0,0.0,raw_source,raw_level
price_family_ma9_structural_linked,structural_ma9,20918_montgomery_county_md__zip,median_ppsf,level,54,2012-04-30,2025-10-31,293.9633794474444,55.105848201648755,9.044620500303983,16.350888888888896,25.98256540955549,0.0,0.0,54.0,1.0,0.0,structural_ma9,ma9_level
price_family_ma9_structural_linked,raw_source,20918_montgomery_county_md__zip,median_sale_price,level,54,2012-04-30,2025-10-31,514035.54938271607,101258.4433839086,10862.775681341722,20488.888888888876,25433.222222222248,0.0,0.0,54.0,1.0,0.0,raw_source,raw_level
price_family_ma9_structural_linked,structural_ma9,20918_montgomery_county_md__zip,median_sale_price,level,54,2012-04-30,2025-10-31,514035.54938271607,101258.4433839086,10862.775681341722,20488.888888888876,25433.222222222248,0.0,0.0,54.0,1.0,0.0,structural_ma9,ma9_level
price_family_ma9_structural_linked,raw_source,20993_montgomery_county_md__zip,median_ppsf,level,29,2012-05-31,2023-04-30,229.2393387645517,21.857574137257092,4.236032048190476,7.963122043200011,8.830361630111128,0.0,0.0,29.0,0.9999999999999999,0.0,raw_source,raw_level
price_family_ma9_structural_linked,structural_ma9,20993_montgomery_county_md__zip,median_ppsf,level,29,2012-05-31,2023-04-30,229.2393387645517,21.857574137257092,4.236032048190476,7.963122043200011,8.830361630111128,0.0,0.0,29.0,0.9999999999999999,0.0,structural_ma9,ma9_level
price_family_ma9_structural_linked,raw_source,20993_montgomery_county_md__zip,median_sale_price,level,29,2012-05-31,2023-04-30,517391.51340996166,85800.87292829753,11955.952380952382,21431.944444444456,22180.555555555562,0.0,0.0,29.0,1.0,0.0,raw_source,raw_level
price_family_ma9_structural_linked,structural_ma9,20993_montgomery_county_md__zip,median_sale_price,level,29,2012-05-31,2023-04-30,517391.51340996166,85800.87292829753,11955.952380952382,21431.944444444456,22180.555555555562,0.0,0.0,29.0,1.0,0.0,structural_ma9,ma9_level
price_family_ma9_structural_linked,raw_source,21771_montgomery_county_md__zip,median_ppsf,level,163,2012-03-31,2026-05-31,192.3783456281077,27.116178343204314,1.1283831589979438,2.359699958633326,3.7355555555555497,0.0,0.0,163.0,1.0,0.0,raw_source,raw_level
price_family_ma9_structural_linked,structural_ma9,21771_montgomery_county_md__zip,median_ppsf,level,163,2012-03-31,2026-05-31,192.3783456281077,27.116178343204314,1.1283831589979438,2.359699958633326,3.7355555555555497,0.0,0.0,163.0,1.0,0.0,structural_ma9,ma9_level
price_family_ma9_structural_linked,raw_source,21771_montgomery_county_md__zip,median_sale_price,level,163,2012-03-31,2026-05-31,453906.76687116566,104566.5692691214,4759.936899862826,9102.777777777786,15500.0,0.0,0.0,163.0,1.0,0.0,raw_source,raw_level
price_family_ma9_structural_linked,structural_ma9,21771_montgomery_county_md__zip,median_sale_price,level,163,2012-03-31,2026-05-31,453906.76687116566,104566.5692691214,4759.936899862826,9102.777777777786,15500.0,0.0,0.0,163.0,1.0,0.0,structural_ma9,ma9_level
price_family_ma9_structural_linked,baseline,alameda_county_ca__county,median_ppsf,level,138,2014-12-31,2026-05-31,0.802561049441558,0.2107511592447433,0.07005602923024687,0.16666666666666674,0.46666666666666656,0.014492753623188406,0.007246376811594203,130.0,0.7592700004810894,0.1086539102984704,normalized_feature,normalized_score
price_family_ma9_structural_linked,challenger,alameda_county_ca__county,median_ppsf,level,130,2015-08-31,2026-05-31,0.8340509328975874,0.21146391002250714,0.025978824537025498,0.06786862334032163,0.21666666666666656,0.0,0.007692307692307693,130.0,0.7592700004810894,0.1086539102984704,normalized_feature,normalized_score
price_family_ma9_structural_linked,raw_source,alameda_county_ca__county,median_ppsf,level,165,2012-01-31,2026-05-31,537.3321651691462,135.47253603692354,4.7182380354308915,9.258666666666718,17.423333333333176,0.0,0.0,165.0,1.0,0.0,raw_source,raw_level
price_family_ma9_structural_linked,structural_ma9,alameda_county_ca__county,median_ppsf,level,165,2012-01-31,2026-05-31,537.3321651691462,135.47253603692354,4.7182380354308915,9.258666666666718,17.423333333333176,0.0,0.0,165.0,1.0,0.0,structural_ma9,ma9_level
price_family_ma9_structural_linked,baseline,alameda_county_ca__county,median_ppsf,long,126,2015-12-31,2026-05-31,-0.422334618956823,0.5335835323604828,0.14499875208943963,0.39842260518553024,0.7850931677018633,0.07142857142857142,0.047619047619047616,118.0,0.80256466572806,0.24514975430083288,normalized_feature,normalized_score
price_family_ma9_structural_linked,challenger,alameda_county_ca__county,median_ppsf,long,118,2016-08-31,2026-05-31,-0.45015790508188086,0.5524978326850682,0.06676928372594577,0.17693306294822062,0.4611968209443664,0.03389830508474576,0.01694915254237288,118.0,0.80256466572806,0.24514975430083288,normalized_feature,normalized_score
price_family_ma9_structural_linked,baseline,alameda_county_ca__county,median_ppsf,short,137,2015-01-31,2026-05-31,-0.10141614323871716,0.6067018177513306,0.5578864189809984,1.158958837772397,1.9466666666666668,0.35766423357664234,0.10218978102189781,127.0,-0.09467443216870484,0.6861818955623699,normalized_feature,normalized_score
price_family_ma9_structural_linked,challenger,alameda_county_ca__county,median_ppsf,short,127,2015-11-30,2026-05-31,-0.3581915458025475,0.4953567969512231,0.18029543873941473,0.39149283607248203,0.6833333333333333,0.14960629921259844,0.09448818897637795,127.0,-0.09467443216870484,0.6861818955623699,normalized_feature,normalized_score
price_family_ma9_structural_linked,baseline,alameda_county_ca__county,median_sale_price,level,138,2014-12-31,2026-05-31,0.8056051603674327,0.20287445039253646,0.0968323528831889,0.2333333333333334,0.7694736842105263,0.0,0.007246376811594203,130.0,0.5586651552081721,0.1296359826829096,normalized_feature,normalized_score
price_family_ma9_structural_linked,challenger,alameda_county_ca__county,median_sale_price,level,130,2015-08-31,2026-05-31,0.8639154691707526,0.17052076513138592,0.02834257100917254,0.08443990466462392,0.25,0.0,0.0,130.0,0.5586651552081721,0.1296359826829096,normalized_feature,normalized_score
price_family_ma9_structural_linked,raw_source,alameda_county_ca__county,median_sale_price,level,165,2012-01-31,2026-05-31,827307.1138047139,223986.91669799006,9047.976964769643,17711.11111111108,37222.22222222225,0.0,0.0,165.0,1.0,0.0,raw_source,raw_level
price_family_ma9_structural_linked,structural_ma9,alameda_county_ca__county,median_sale_price,level,165,2012-01-31,2026-05-31,827307.1138047139,223986.91669799006,9047.976964769643,17711.11111111108,37222.22222222225,0.0,0.0,165.0,1.0,0.0,structural_ma9,ma9_level
price_family_ma9_structural_linked,baseline,alameda_county_ca__county,median_sale_price,long,126,2015-12-31,2026-05-31,-0.3692725577962444,0.5479970660582241,0.24145565241370948,0.5690553791600269,1.2999999999999998,0.18253968253968253,0.07936507936507936,118.0,0.7102394891627538,0.30570582181642997,normalized_feature,normalized_score
price_family_ma9_structural_linked,challenger,alameda_county_ca__county,median_sale_price,long,118,2016-08-31,2026-05-31,-0.41839968306445435,0.5511273565565705,0.07586280495251407,0.19000000000000009,0.47628937348563516,0.05084745762711865,0.06779661016949153,118.0,0.7102394891627538,0.30570582181642997,normalized_feature,normalized_score
price_family_ma9_structural_linked,baseline,alameda_county_ca__county,median_sale_price,short,137,2015-01-31,2026-05-31,-0.07595883288692178,0.6216082374239,0.6081331864770285,1.3426573426573425,1.96,0.41605839416058393,0.06569343065693431,127.0,-0.16815838741818404,0.7195866903486813,normalized_feature,normalized_score
price_family_ma9_structural_linked,challenger,alameda_county_ca__county,median_sale_price,short,127,2015-11-30,2026-05-31,-0.2822549957580073,0.5003320436418922,0.21974310482484607,0.49529850397339925,0.7833333333333333,0.15748031496062992,0.05511811023622047,127.0,-0.16815838741818404,0.7195866903486813,normalized_feature,normalized_score
price_family_ma9_structural_linked,baseline,alameda_county_ca__county,payment_burden,level,127,2015-11-30,2026-05-31,-0.41093626873219286,0.566659069261552,0.1885401032082108,0.46634563456345635,1.304421768707483,0.11811023622047244,0.06299212598425197,127.0,0.84239104726183,0.20887782102964092,normalized_feature,normalized_score
price_family_ma9_structural_linked,challenger,alameda_county_ca__county,payment_burden,level,127,2015-11-30,2026-05-31,-0.5066849915417234,0.530383145535427,0.08318496564859361,0.23554751228774995,0.7187675070028012,0.031496062992125984,0.023622047244094488,127.0,0.84239104726183,0.20887782102964092,normalized_feature,normalized_score
price_family_ma9_structural_linked,baseline,alameda_county_ca__county,payment_burden,long,115,2016-11-30,2026-05-31,0.01683855170934416,0.669776101127432,0.20999172279251813,0.53,0.8235815602836878,0.1391304347826087,0.034782608695652174,115.0,0.912116304797499,0.19515362998667773,normalized_feature,normalized_score
price_family_ma9_structural_linked,challenger,alameda_county_ca__county,payment_burden,long,115,2016-11-30,2026-05-31,0.03868255063083412,0.6631200479950484,0.13353227791540365,0.30137254901960786,0.8783185840707963,0.08695652173913043,0.05217391304347826,115.0,0.912116304797499,0.19515362998667773,normalized_feature,normalized_score
price_family_ma9_structural_linked,baseline,alameda_county_ca__county,payment_burden,short,126,2015-12-31,2026-05-31,0.008197330390115588,0.622800793886426,0.5673904982410978,1.257006489513617,1.88,0.3968253968253968,0.07936507936507936,124.0,0.22078747709843918,0.6079898038594614,normalized_feature,normalized_score
price_family_ma9_structural_linked,challenger,alameda_county_ca__county,payment_burden,short,124,2016-02-29,2026-05-31,0.07129505465300323,0.6125214590060382,0.28694046461768086,0.7464734299516907,1.846733304360423,0.18548387096774194,0.07258064516129033,124.0,0.22078747709843918,0.6079898038594614,normalized_feature,normalized_score
price_family_ma9_structural_linked,baseline,alameda_county_ca__county,price_to_income,level,127,2015-11-30,2026-05-31,-0.3162852458434221,0.5592874108111872,0.2634453743738852,0.6131481481481481,1.3460884353741496,0.15748031496062992,0.07874015748031496,127.0,0.6749471911458507,0.32399738214150214,normalized_feature,normalized_score
price_family_ma9_structural_linked,challenger,alameda_county_ca__county,price_to_income,level,127,2015-11-30,2026-05-31,-0.4833397196167408,0.4525131351501296,0.09763540004655272,0.2416666666666667,0.8887955182072831,0.05511811023622047,0.08661417322834646,127.0,0.6749471911458507,0.32399738214150214,normalized_feature,normalized_score
price_family_ma9_structural_linked,baseline,alameda_county_ca__county,price_to_income,long,115,2016-11-30,2026-05-31,0.22397905000365442,0.6581552826257172,0.23415301733681113,0.6172566124078243,1.1785714285714286,0.14782608695652175,0.08695652173913043,115.0,0.8483029682890284,0.2471865905792692,normalized_feature,normalized_score
price_family_ma9_structural_linked,challenger,alameda_county_ca__county,price_to_income,long,115,2016-11-30,2026-05-31,0.27263766062279116,0.6368096336140079,0.09490725221868553,0.2621213102604734,0.9833333333333332,0.06956521739130435,0.017391304347826087,115.0,0.8483029682890284,0.2471865905792692,normalized_feature,normalized_score
price_family_ma9_structural_linked,baseline,alameda_county_ca__county,price_to_income,short,126,2015-12-31,2026-05-31,0.023907008391971067,0.6281733425575539,0.6080643468204739,1.2833333333333334,1.9133333333333333,0.48412698412698413,0.0873015873015873,124.0,-0.03994633018734508,0.684524196826023,normalized_feature,normalized_score
price_family_ma9_structural_linked,challenger,alameda_county_ca__county,price_to_income,short,124,2016-02-29,2026-05-31,0.1629220239790887,0.513487182850339,0.21947963671461915,0.4920455259026687,1.204492362982929,0.13709677419354838,0.11290322580645161,124.0,-0.03994633018734508,0.684524196826023,normalized_feature,normalized_score
price_family_ma9_structural_linked,raw_source,albemarle_county_va__county,median_ppsf,level,165,2012-01-31,2026-05-31,180.391797825266,36.88722394237714,0.976815153652441,2.125367231677815,3.677777777777777,0.0,0.0,165.0,1.0,0.0,raw_source,raw_level
price_family_ma9_structural_linked,structural_ma9,albemarle_county_va__county,median_ppsf,level,165,2012-01-31,2026-05-31,180.391797825266,36.88722394237714,0.976815153652441,2.125367231677815,3.677777777777777,0.0,0.0,165.0,1.0,0.0,structural_ma9,ma9_level
price_family_ma9_structural_linked,raw_source,albemarle_county_va__county,median_sale_price,level,165,2012-01-31,2026-05-31,395414.16902356903,90365.36561170635,3454.985094850946,7802.92222222224,12194.444444444438,0.0,0.0,165.0,1.0,0.0,raw_source,raw_level
price_family_ma9_structural_linked,structural_ma9,albemarle_county_va__county,median_sale_price,level,165,2012-01-31,2026-05-31,395414.16902356903,90365.36561170635,3454.985094850946,7802.92222222224,12194.444444444438,0.0,0.0,165.0,1.0,0.0,structural_ma9,ma9_level
price_family_ma9_structural_linked,raw_source,alexandria_va__county,median_ppsf,level,165,2012-01-31,2026-05-31,366.7481519673037,48.66704300795649,2.4085197444295394,4.795111111111125,9.124444444444464,0.0,0.0,165.0,0.9999999999999999,0.0,raw_source,raw_level
price_family_ma9_structural_linked,structural_ma9,alexandria_va__county,median_ppsf,level,165,2012-01-31,2026-05-31,366.7481519673037,48.66704300795649,2.4085197444295394,4.795111111111125,9.124444444444464,0.0,0.0,165.0,0.9999999999999999,0.0,structural_ma9,ma9_level
price_family_ma9_structural_linked,raw_source,alexandria_va__county,median_sale_price,level,165,2012-01-31,2026-05-31,550157.5595959596,76634.13378888411,6440.060975609753,14505.555555555518,30000.0,0.0,0.0,165.0,0.9999999999999998,0.0,raw_source,raw_level
price_family_ma9_structural_linked,structural_ma9,alexandria_va__county,median_sale_price,level,165,2012-01-31,2026-05-31,550157.5595959596,76634.13378888411,6440.060975609753,14505.555555555518,30000.0,0.0,0.0,165.0,0.9999999999999998,0.0,structural_ma9,ma9_level
price_family_ma9_structural_linked,raw_source,allegany_county_md__county,median_ppsf,level,165,2012-01-31,2026-05-31,69.2723394370505,15.94397754819588,1.077556610739837,2.204120992800007,3.6099999999999994,0.0,0.0,165.0,0.9999999999999999,0.0,raw_source,raw_level
price_family_ma9_structural_linked,structural_ma9,allegany_county_md__county,median_ppsf,level,165,2012-01-31,2026-05-31,69.2723394370505,15.94397754819588,1.077556610739837,2.204120992800007,3.6099999999999994,0.0,0.0,165.0,0.9999999999999999,0.0,structural_ma9,ma9_level
price_family_ma9_structural_linked,raw_source,allegany_county_md__county,median_sale_price,level,165,2012-01-31,2026-05-31,104273.74107744107,25775.63925352215,1819.5084688346883,3777.7777777777765,5455.555555555562,0.0,0.0,165.0,1.0,0.0,raw_source,raw_level
price_family_ma9_structural_linked,structural_ma9,allegany_county_md__county,median_sale_price,level,165,2012-01-31,2026-05-31,104273.74107744107,25775.63925352215,1819.5084688346883,3777.7777777777765,5455.555555555562,0.0,0.0,165.0,1.0,0.0,structural_ma9,ma9_level
price_family_ma9_structural_linked,raw_source,amelia_county_va__county,median_ppsf,level,165,2012-01-31,2026-05-31,136.96425467314546,43.84779700549521,2.2058432964607055,4.7386666666666715,9.756666666666632,0.0,0.0,165.0,1.0,0.0,raw_source,raw_level
price_family_ma9_structural_linked,structural_ma9,amelia_county_va__county,median_ppsf,level,165,2012-01-31,2026-05-31,136.96425467314546,43.84779700549521,2.2058432964607055,4.7386666666666715,9.756666666666632,0.0,0.0,165.0,1.0,0.0,structural_ma9,ma9_level
price_family_ma9_structural_linked,raw_source,amelia_county_va__county,median_sale_price,level,165,2012-01-31,2026-05-31,234885.93737373737,74903.43979825427,5009.648373983738,9748.74444444444,32777.77777777781,0.0,0.0,165.0,0.9999999999999998,0.0,raw_source,raw_level
price_family_ma9_structural_linked,structural_ma9,amelia_county_va__county,median_sale_price,level,165,2012-01-31,2026-05-31,234885.93737373737,74903.43979825427,5009.648373983738,9748.74444444444,32777.77777777781,0.0,0.0,165.0,0.9999999999999998,0.0,structural_ma9,ma9_level
price_family_ma9_structural_linked,raw_source,amherst_county_va__county,median_ppsf,level,164,2012-01-31,2026-05-31,112.91122173788415,30.871964292222735,1.8362276426612112,3.2697777777777657,19.01381298066667,0.0,0.0,164.0,1.0,0.0,raw_source,raw_level
price_family_ma9_structural_linked,structural_ma9,amherst_county_va__county,median_ppsf,level,164,2012-01-31,2026-05-31,112.91122173788415,30.871964292222735,1.8362276426612112,3.2697777777777657,19.01381298066667,0.0,0.0,164.0,1.0,0.0,structural_ma9,ma9_level
price_family_ma9_structural_linked,raw_source,amherst_county_va__county,median_sale_price,level,164,2012-01-31,2026-05-31,183474.36890243902,47247.249894282926,3348.5466939331977,6503.333333333328,35277.77777777775,0.0,0.0,164.0,1.0,0.0,raw_source,raw_level
price_family_ma9_structural_linked,structural_ma9,amherst_county_va__county,median_sale_price,level,164,2012-01-31,2026-05-31,183474.36890243902,47247.249894282926,3348.5466939331977,6503.333333333328,35277.77777777775,0.0,0.0,164.0,1.0,0.0,structural_ma9,ma9_level
price_family_ma9_structural_linked,raw_source,anaheim_ca_metro_area__cbsa_metro,median_ppsf,level,165,2012-01-31,2026-05-31,457.9042154882155,129.11771232422015,2.945799457994579,6.247444444444465,11.561111111111131,0.0,0.0,165.0,0.9999999999999998,0.0,raw_source,raw_level
price_family_ma9_structural_linked,structural_ma9,anaheim_ca_metro_area__cbsa_metro,median_ppsf,level,165,2012-01-31,2026-05-31,457.9042154882155,129.11771232422015,2.945799457994579,6.247444444444465,11.561111111111131,0.0,0.0,165.0,0.9999999999999998,0.0,structural_ma9,ma9_level
price_family_ma9_structural_linked,raw_source,anaheim_ca_metro_area__cbsa_metro,median_sale_price,level,165,2012-01-31,2026-05-31,786257.8013468013,231906.51691271045,5829.1585365853625,12222.222222222248,18650.55555555562,0.0,0.0,165.0,1.0,0.0,raw_source,raw_level
price_family_ma9_structural_linked,structural_ma9,anaheim_ca_metro_area__cbsa_metro,median_sale_price,level,165,2012-01-31,2026-05-31,786257.8013468013,231906.51691271045,5829.1585365853625,12222.222222222248,18650.55555555562,0.0,0.0,165.0,1.0,0.0,structural_ma9,ma9_level
price_family_ma9_structural_linked,raw_source,anne_arundel_county_md__county,median_ppsf,level,165,2012-01-31,2026-05-31,202.67677140082895,31.0942049088816,0.8821509132764219,1.7718888888888988,2.658888888888896,0.0,0.0,165.0,1.0,0.0,raw_source,raw_level
price_family_ma9_structural_linked,structural_ma9,anne_arundel_county_md__county,median_ppsf,level,165,2012-01-31,2026-05-31,202.67677140082895,31.0942049088816,0.8821509132764219,1.7718888888888988,2.658888888888896,0.0,0.0,165.0,1.0,0.0,structural_ma9,ma9_level
price_family_ma9_structural_linked,raw_source,anne_arundel_county_md__county,median_sale_price,level,165,2012-01-31,2026-05-31,375308.10269360273,71054.40666120892,2186.7493224932264,4252.7777777778,6472.22222222219,0.0,0.0,165.0,1.0,0.0,raw_source,raw_level
price_family_ma9_structural_linked,structural_ma9,anne_arundel_county_md__county,median_sale_price,level,165,2012-01-31,2026-05-31,375308.10269360273,71054.40666120892,2186.7493224932264,4252.7777777778,6472.22222222219,0.0,0.0,165.0,1.0,0.0,structural_ma9,ma9_level
price_family_ma9_structural_linked,raw_source,appomattox_county_va__county,median_ppsf,level,146,2012-02-29,2026-05-31,125.08086841318264,35.816627896278405,2.3441360586804585,4.3906936707999815,11.191111111111098,0.0,0.0,146.0,1.0,0.0,raw_source,raw_level
price_family_ma9_structural_linked,structural_ma9,appomattox_county_va__county,median_ppsf,level,146,2012-02-29,2026-05-31,125.08086841318264,35.816627896278405,2.3441360586804585,4.3906936707999815,11.191111111111098,0.0,0.0,146.0,1.0,0.0,structural_ma9,ma9_level
price_family_ma9_structural_linked,raw_source,appomattox_county_va__county,median_sale_price,level,146,2012-02-29,2026-05-31,203952.80441400304,57292.02840202649,4070.664367816094,8296.666666666679,15244.444444444438,0.0,0.0,146.0,0.9999999999999999,0.0,raw_source,raw_level
price_family_ma9_structural_linked,structural_ma9,appomattox_county_va__county,median_sale_price,level,146,2012-02-29,2026-05-31,203952.80441400304,57292.02840202649,4070.664367816094,8296.666666666679,15244.444444444438,0.0,0.0,146.0,0.9999999999999999,0.0,structural_ma9,ma9_level
price_family_ma9_structural_linked,raw_source,arlington_county_va__county,median_ppsf,level,165,2012-01-31,2026-05-31,414.7757506642377,42.834616247802295,2.1561785096876736,4.495713102544415,7.164444444444541,0.0,0.0,165.0,1.0,0.0,raw_source,raw_level
price_family_ma9_structural_linked,structural_ma9,arlington_county_va__county,median_ppsf,level,165,2012-01-31,2026-05-31,414.7757506642377,42.834616247802295,2.1561785096876736,4.495713102544415,7.164444444444541,0.0,0.0,165.0,1.0,0.0,structural_ma9,ma9_level
price_family_ma9_structural_linked,raw_source,arlington_county_va__county,median_sale_price,level,165,2012-01-31,2026-05-31,613289.6033670034,82459.20402389413,5913.878048780489,11938.888888888916,20299.111111111124,0.0,0.0,165.0,1.0,0.0,raw_source,raw_level
price_family_ma9_structural_linked,structural_ma9,arlington_county_va__county,median_sale_price,level,165,2012-01-31,2026-05-31,613289.6033670034,82459.20402389413,5913.878048780489,11938.888888888916,20299.111111111124,0.0,0.0,165.0,1.0,0.0,structural_ma9,ma9_level
price_family_ma9_structural_linked,raw_source,atlantic_city_nj_metro_area__cbsa_metro,median_ppsf,level,163,2012-01-31,2026-03-31,143.9828029771704,45.942320428696675,1.2405102718127572,2.6123633942333533,4.435845117333315,0.0,0.0,163.0,1.0,0.0,raw_source,raw_level
price_family_ma9_structural_linked,structural_ma9,atlantic_city_nj_metro_area__cbsa_metro,median_ppsf,level,163,2012-01-31,2026-03-31,143.9828029771704,45.942320428696675,1.2405102718127572,2.6123633942333533,4.435845117333315,0.0,0.0,163.0,1.0,0.0,structural_ma9,ma9_level
price_family_ma9_structural_linked,raw_source,atlantic_city_nj_metro_area__cbsa_metro,median_sale_price,level,163,2012-01-31,2026-03-31,229715.62372188136,69561.17254178261,2335.7921810699577,4605.555555555554,10277.777777777752,0.0,0.0,163.0,0.9999999999999998,0.0,raw_source,raw_level
price_family_ma9_structural_linked,structural_ma9,atlantic_city_nj_metro_area__cbsa_metro,median_sale_price,level,163,2012-01-31,2026-03-31,229715.62372188136,69561.17254178261,2335.7921810699577,4605.555555555554,10277.777777777752,0.0,0.0,163.0,0.9999999999999998,0.0,structural_ma9,ma9_level
price_family_ma9_structural_linked,raw_source,atlantic_county_nj__county,median_ppsf,level,165,2012-01-31,2026-05-31,145.08217667954477,46.69758206906158,1.2282318179302187,2.5858308213666668,4.435555555555567,0.0,0.0,165.0,0.9999999999999999,0.0,raw_source,raw_level
price_family_ma9_structural_linked,structural_ma9,atlantic_county_nj__county,median_ppsf,level,165,2012-01-31,2026-05-31,145.08217667954477,46.69758206906158,1.2282318179302187,2.5858308213666668,4.435555555555567,0.0,0.0,165.0,0.9999999999999999,0.0,structural_ma9,ma9_level
price_family_ma9_structural_linked,raw_source,atlantic_county_nj__county,median_sale_price,level,165,2012-01-31,2026-05-31,231537.62424242424,71113.59697427819,2345.9749322493226,4766.666666666676,10277.777777777752,0.0,0.0,165.0,1.0,0.0,raw_source,raw_level
price_family_ma9_structural_linked,structural_ma9,atlantic_county_nj__county,median_sale_price,level,165,2012-01-31,2026-05-31,231537.62424242424,71113.59697427819,2345.9749322493226,4766.666666666676,10277.777777777752,0.0,0.0,165.0,1.0,0.0,structural_ma9,ma9_level
price_family_ma9_structural_linked,raw_source,augusta_county_va__county,median_ppsf,level,165,2012-01-31,2026-05-31,135.84265301425657,37.91940457327786,0.9702554741673453,1.9377282155111246,3.693333333333328,0.0,0.0,165.0,1.0,0.0,raw_source,raw_level
price_family_ma9_structural_linked,structural_ma9,augusta_county_va__county,median_ppsf,level,165,2012-01-31,2026-05-31,135.84265301425657,37.91940457327786,0.9702554741673453,1.9377282155111246,3.693333333333328,0.0,0.0,165.0,1.0,0.0,structural_ma9,ma9_level
price_family_ma9_structural_linked,raw_source,augusta_county_va__county,median_sale_price,level,165,2012-01-31,2026-05-31,241584.5420875421,71620.59273546333,2406.086720867208,5074.499999999996,11263.888888888876,0.0,0.0,165.0,1.0,0.0,raw_source,raw_level
price_family_ma9_structural_linked,structural_ma9,augusta_county_va__county,median_sale_price,level,165,2012-01-31,2026-05-31,241584.5420875421,71620.59273546333,2406.086720867208,5074.499999999996,11263.888888888876,0.0,0.0,165.0,1.0,0.0,structural_ma9,ma9_level
price_family_ma9_structural_linked,raw_source,bakersfield_ca_metro_area__cbsa_metro,median_ppsf,level,165,2012-01-31,2026-05-31,158.8968956228956,46.49806458731167,0.9959214092140918,2.2311111111111424,3.1166666666667027,0.0,0.0,165.0,0.9999999999999999,0.0,raw_source,raw_level
price_family_ma9_structural_linked,structural_ma9,bakersfield_ca_metro_area__cbsa_metro,median_ppsf,level,165,2012-01-31,2026-05-31,158.8968956228956,46.49806458731167,0.9959214092140918,2.2311111111111424,3.1166666666667027,0.0,0.0,165.0,0.9999999999999999,0.0,structural_ma9,ma9_level
price_family_ma9_structural_linked,raw_source,bakersfield_ca_metro_area__cbsa_metro,median_sale_price,level,165,2012-01-31,2026-05-31,261862.9898989899,77984.10005511683,1754.9254742547428,3888.888888888876,5194.444444444438,0.0,0.0,165.0,1.0,0.0,raw_source,raw_level
price_family_ma9_structural_linked,structural_ma9,bakersfield_ca_metro_area__cbsa_metro,median_sale_price,level,165,2012-01-31,2026-05-31,261862.9898989899,77984.10005511683,1754.9254742547428,3888.888888888876,5194.444444444438,0.0,0.0,165.0,1.0,0.0,structural_ma9,ma9_level
price_family_ma9_structural_linked,raw_source,baltimore_city_county_md__county,median_ppsf,level,165,2012-01-31,2026-05-31,121.4880955490707,25.556727563926767,1.5413935783909203,2.9006036015333367,4.732983174444456,0.0,0.0,165.0,0.9999999999999999,0.0,raw_source,raw_level
price_family_ma9_structural_linked,structural_ma9,baltimore_city_county_md__county,median_ppsf,level,165,2012-01-31,2026-05-31,121.4880955490707,25.556727563926767,1.5413935783909203,2.9006036015333367,4.732983174444456,0.0,0.0,165.0,0.9999999999999999,0.0,structural_ma9,ma9_level
price_family_ma9_structural_linked,raw_source,baltimore_city_county_md__county,median_sale_price,level,165,2012-01-31,2026-05-31,160683.66835016833,43793.57094375283,2579.4637533875334,5150.000000000008,9000.0,0.0,0.0,165.0,0.9999999999999999,0.0,raw_source,raw_level
price_family_ma9_structural_linked,structural_ma9,baltimore_city_county_md__county,median_sale_price,level,165,2012-01-31,2026-05-31,160683.66835016833,43793.57094375283,2579.4637533875334,5150.000000000008,9000.0,0.0,0.0,165.0,0.9999999999999999,0.0,structural_ma9,ma9_level
price_family_ma9_structural_linked,raw_source,baltimore_county_md__county,median_ppsf,level,165,2012-01-31,2026-05-31,158.75080931431313,24.98603173646023,0.8574476885799449,1.6966666666666759,2.1588888888888675,0.0,0.0,165.0,0.9999999999999999,0.0,raw_source,raw_level
price_family_ma9_structural_linked,structural_ma9,baltimore_county_md__county,median_ppsf,level,165,2012-01-31,2026-05-31,158.75080931431313,24.98603173646023,0.8574476885799449,1.6966666666666759,2.1588888888888675,0.0,0.0,165.0,0.9999999999999999,0.0,structural_ma9,ma9_level
price_family_ma9_structural_linked,raw_source,baltimore_county_md__county,median_sale_price,level,165,2012-01-31,2026-05-31,264689.65521885525,56665.367194029655,1788.0792682926822,3316.666666666655,5000.0,0.0,0.0,165.0,1.0,0.0,raw_source,raw_level
price_family_ma9_structural_linked,structural_ma9,baltimore_county_md__county,median_sale_price,level,165,2012-01-31,2026-05-31,264689.65521885525,56665.367194029655,1788.0792682926822,3316.666666666655,5000.0,0.0,0.0,165.0,1.0,0.0,structural_ma9,ma9_level
price_family_ma9_structural_linked,raw_source,baltimore_md_metro_area__cbsa_metro,median_ppsf,level,165,2012-01-31,2026-05-31,171.70579797979798,26.21263373279695,0.5999661246612463,1.336333333333363,2.2744444444444127,0.0,0.0,165.0,1.0,0.0,raw_source,raw_level
price_family_ma9_structural_linked,structural_ma9,baltimore_md_metro_area__cbsa_metro,median_ppsf,level,165,2012-01-31,2026-05-31,171.70579797979798,26.21263373279695,0.5999661246612463,1.336333333333363,2.2744444444444127,0.0,0.0,165.0,1.0,0.0,structural_ma9,ma9_level
price_family_ma9_structural_linked,raw_source,baltimore_md_metro_area__cbsa_metro,median_sale_price,level,165,2012-01-31,2026-05-31,296472.0289562289,56650.915628183604,2421.18428184282,4205.55555555558,6694.444444444438,0.0,0.0,165.0,1.0,0.0,raw_source,raw_level
price_family_ma9_structural_linked,structural_ma9,baltimore_md_metro_area__cbsa_metro,median_sale_price,level,165,2012-01-31,2026-05-31,296472.0289562289,56650.915628183604,2421.18428184282,4205.55555555558,6694.444444444438,0.0,0.0,165.0,1.0,0.0,structural_ma9,ma9_level
price_family_ma9_structural_linked,raw_source,bedford_county_va__county,median_ppsf,level,165,2012-01-31,2026-05-31,126.08142757459395,33.762401835273465,1.1758819965894312,2.4671111111111172,4.569279666777788,0.0,0.0,165.0,1.0,0.0,raw_source,raw_level
price_family_ma9_structural_linked,structural_ma9,bedford_county_va__county,median_ppsf,level,165,2012-01-31,2026-05-31,126.08142757459395,33.762401835273465,1.1758819965894312,2.4671111111111172,4.569279666777788,0.0,0.0,165.0,1.0,0.0,structural_ma9,ma9_level
price_family_ma9_structural_linked,raw_source,bedford_county_va__county,median_sale_price,level,165,2012-01-31,2026-05-31,267546.6141414142,74331.32020830219,3056.5230352303524,6059.444444444455,11122.22222222219,0.0,0.0,165.0,1.0,0.0,raw_source,raw_level
price_family_ma9_structural_linked,structural_ma9,bedford_county_va__county,median_sale_price,level,165,2012-01-31,2026-05-31,267546.6141414142,74331.32020830219,3056.5230352303524,6059.444444444455,11122.22222222219,0.0,0.0,165.0,1.0,0.0,structural_ma9,ma9_level
price_family_ma9_structural_linked,raw_source,big_stone_gap_va_metro_area__cbsa_metro,median_ppsf,level,144,2012-03-31,2026-03-31,64.28555284351775,16.374875499606528,1.433324759453768,2.7601571199333272,4.8955608906666725,0.0,0.0,144.0,1.0,0.0,raw_source,raw_level
price_family_ma9_structural_linked,structural_ma9,big_stone_gap_va_metro_area__cbsa_metro,median_ppsf,level,144,2012-03-31,2026-03-31,64.28555284351775,16.374875499606528,1.433324759453768,2.7601571199333272,4.8955608906666725,0.0,0.0,144.0,1.0,0.0,structural_ma9,ma9_level
price_family_ma9_structural_linked,raw_source,big_stone_gap_va_metro_area__cbsa_metro,median_sale_price,level,144,2012-03-31,2026-03-31,109682.3738425926,25304.052267385443,2954.3908313908305,6073.333333333326,10415.0,0.0,0.0,144.0,0.9999999999999999,0.0,raw_source,raw_level
price_family_ma9_structural_linked,structural_ma9,big_stone_gap_va_metro_area__cbsa_metro,median_sale_price,level,144,2012-03-31,2026-03-31,109682.3738425926,25304.052267385443,2954.3908313908305,6073.333333333326,10415.0,0.0,0.0,144.0,0.9999999999999999,0.0,structural_ma9,ma9_level
price_family_ma9_structural_linked,raw_source,blacksburg_va_metro_area__cbsa_metro,median_ppsf,level,163,2012-01-31,2026-03-31,117.39747844861894,37.40000640074184,1.5572685821076808,3.3417633332333394,10.168033479666661,0.0,0.0,163.0,1.0,0.0,raw_source,raw_level
price_family_ma9_structural_linked,structural_ma9,blacksburg_va_metro_area__cbsa_metro,median_ppsf,level,163,2012-01-31,2026-03-31,117.39747844861894,37.40000640074184,1.5572685821076808,3.3417633332333394,10.168033479666661,0.0,0.0,163.0,1.0,0.0,structural_ma9,ma9_level
price_family_ma9_structural_linked,raw_source,blacksburg_va_metro_area__cbsa_metro,median_sale_price,level,163,2012-01-31,2026-03-31,208476.46012269938,60887.9991493634,4140.886488340191,7893.888888888881,32558.33333333333,0.0,0.0,163.0,0.9999999999999999,0.0,raw_source,raw_level
price_family_ma9_structural_linked,structural_ma9,blacksburg_va_metro_area__cbsa_metro,median_sale_price,level,163,2012-01-31,2026-03-31,208476.46012269938,60887.9991493634,4140.886488340191,7893.888888888881,32558.33333333333,0.0,0.0,163.0,0.9999999999999999,0.0,structural_ma9,ma9_level
price_family_ma9_structural_linked,raw_source,botetourt_county_va__county,median_ppsf,level,165,2012-01-31,2026-05-31,113.04592496984984,27.708810529205618,1.033287677393631,2.2468888888888863,4.670000000000016,0.0,0.0,165.0,1.0,0.0,raw_source,raw_level
price_family_ma9_structural_linked,structural_ma9,botetourt_county_va__county,median_ppsf,level,165,2012-01-31,2026-05-31,113.04592496984984,27.708810529205618,1.033287677393631,2.2468888888888863,4.670000000000016,0.0,0.0,165.0,1.0,0.0,structural_ma9,ma9_level
price_family_ma9_structural_linked,raw_source,botetourt_county_va__county,median_sale_price,level,165,2012-01-31,2026-05-31,268992.4117845118,60151.778415736015,3656.679539295393,6930.555555555543,13888.888888888876,0.0,0.0,165.0,1.0,0.0,raw_source,raw_level
price_family_ma9_structural_linked,structural_ma9,botetourt_county_va__county,median_sale_price,level,165,2012-01-31,2026-05-31,268992.4117845118,60151.778415736015,3656.679539295393,6930.555555555543,13888.888888888876,0.0,0.0,165.0,1.0,0.0,structural_ma9,ma9_level
price_family_ma9_structural_linked,raw_source,burlington_county_nj__county,median_ppsf,level,164,2012-02-29,2026-05-31,153.66765135811042,43.75009843982771,1.0833805588145873,2.1762222222222194,3.0988888888888937,0.0,0.0,164.0,0.9999999999999999,0.0,raw_source,raw_level
price_family_ma9_structural_linked,structural_ma9,burlington_county_nj__county,median_ppsf,level,164,2012-02-29,2026-05-31,153.66765135811042,43.75009843982771,1.0833805588145873,2.1762222222222194,3.0988888888888937,0.0,0.0,164.0,0.9999999999999999,0.0,structural_ma9,ma9_level
price_family_ma9_structural_linked,raw_source,burlington_county_nj__county,median_sale_price,level,164,2012-02-29,2026-05-31,254081.73746612467,73955.90819482376,2308.0238582140432,4238.666666666669,6666.666666666686,0.0,0.0,164.0,0.9999999999999998,0.0,raw_source,raw_level
price_family_ma9_structural_linked,structural_ma9,burlington_county_nj__county,median_sale_price,level,164,2012-02-29,2026-05-31,254081.73746612467,73955.90819482376,2308.0238582140432,4238.666666666669,6666.666666666686,0.0,0.0,164.0,0.9999999999999998,0.0,structural_ma9,ma9_level
price_family_ma9_structural_linked,raw_source,butte_county_ca__county,median_ppsf,level,165,2012-01-31,2026-05-31,206.161286600367,55.73902688672211,1.534623189836721,3.161269589577772,4.858888888888913,0.0,0.0,165.0,1.0,0.0,raw_source,raw_level
price_family_ma9_structural_linked,structural_ma9,butte_county_ca__county,median_ppsf,level,165,2012-01-31,2026-05-31,206.161286600367,55.73902688672211,1.534623189836721,3.161269589577772,4.858888888888913,0.0,0.0,165.0,1.0,0.0,structural_ma9,ma9_level
price_family_ma9_structural_linked,raw_source,butte_county_ca__county,median_sale_price,level,165,2012-01-31,2026-05-31,319951.97138047137,84295.84026153687,2520.313008130083,5077.777777777788,9749.444444444438,0.0,0.0,165.0,1.0,0.0,raw_source,raw_level
price_family_ma9_structural_linked,structural_ma9,butte_county_ca__county,median_sale_price,level,165,2012-01-31,2026-05-31,319951.97138047137,84295.84026153687,2520.313008130083,5077.777777777788,9749.444444444438,0.0,0.0,165.0,1.0,0.0,structural_ma9,ma9_level
price_family_ma9_structural_linked,raw_source,california__state,median_ppsf,level,165,2012-01-31,2026-05-31,337.60491582491585,92.80103290785459,2.1994850948509463,4.854222222222212,9.368888888888932,0.0,0.0,165.0,1.0,0.0,raw_source,raw_level
price_family_ma9_structural_linked,structural_ma9,california__state,median_ppsf,level,165,2012-01-31,2026-05-31,337.60491582491585,92.80103290785459,2.1994850948509463,4.854222222222212,9.368888888888932,0.0,0.0,165.0,1.0,0.0,structural_ma9,ma9_level
price_family_ma9_structural_linked,raw_source,california__state,median_sale_price,level,165,2012-01-31,2026-05-31,540834.0680134681,146398.71755779567,4011.6300813008106,8679.444444444513,12222.222222222248,0.0,0.0,165.0,1.0,0.0,raw_source,raw_level
price_family_ma9_structural_linked,structural_ma9,california__state,median_sale_price,level,165,2012-01-31,2026-05-31,540834.0680134681,146398.71755779567,4011.6300813008106,8679.444444444513,12222.222222222248,0.0,0.0,165.0,1.0,0.0,structural_ma9,ma9_level
price_family_ma9_structural_linked,raw_source,california_md_metro_area__cbsa_metro,median_ppsf,level,163,2012-01-31,2026-03-31,149.2421933943347,25.931525100137733,0.8016316792688617,1.6648755867333365,2.9401402350000296,0.0,0.0,163.0,1.0,0.0,raw_source,raw_level
price_family_ma9_structural_linked,structural_ma9,california_md_metro_area__cbsa_metro,median_ppsf,level,163,2012-01-31,2026-03-31,149.2421933943347,25.931525100137733,0.8016316792688617,1.6648755867333365,2.9401402350000296,0.0,0.0,163.0,1.0,0.0,structural_ma9,ma9_level
price_family_ma9_structural_linked,raw_source,california_md_metro_area__cbsa_metro,median_sale_price,level,163,2012-01-31,2026-03-31,314781.10565780505,59172.26241282362,2508.600137174212,4986.6666666666515,7777.777777777752,0.0,0.0,163.0,0.9999999999999999,0.0,raw_source,raw_level
price_family_ma9_structural_linked,structural_ma9,california_md_metro_area__cbsa_metro,median_sale_price,level,163,2012-01-31,2026-03-31,314781.10565780505,59172.26241282362,2508.600137174212,4986.6666666666515,7777.777777777752,0.0,0.0,163.0,0.9999999999999999,0.0,structural_ma9,ma9_level
price_family_ma9_structural_linked,raw_source,calvert_county_md__county,median_ppsf,level,165,2012-01-31,2026-05-31,166.56191837505386,27.400414032952746,1.1237953162215442,2.2612222222222447,4.166666666666629,0.0,0.0,165.0,1.0,0.0,raw_source,raw_level
price_family_ma9_structural_linked,structural_ma9,calvert_county_md__county,median_ppsf,level,165,2012-01-31,2026-05-31,166.56191837505386,27.400414032952746,1.1237953162215442,2.2612222222222447,4.166666666666629,0.0,0.0,165.0,1.0,0.0,structural_ma9,ma9_level
price_family_ma9_structural_linked,raw_source,calvert_county_md__county,median_sale_price,level,165,2012-01-31,2026-05-31,352834.00505050505,65428.10463227915,3425.4766260162605,7511.111111111066,15566.666666666686,0.0,0.0,165.0,1.0,0.0,raw_source,raw_level
price_family_ma9_structural_linked,structural_ma9,calvert_county_md__county,median_sale_price,level,165,2012-01-31,2026-05-31,352834.00505050505,65428.10463227915,3425.4766260162605,7511.111111111066,15566.666666666686,0.0,0.0,165.0,1.0,0.0,structural_ma9,ma9_level
price_family_ma9_structural_linked,raw_source,cambridge_md_metro_area__cbsa_metro,median_ppsf,level,163,2012-01-31,2026-03-31,116.78830395040627,34.855930387236114,1.4529784929780514,3.2563348100110803,4.9289243266666745,0.0,0.0,163.0,1.0,0.0,raw_source,raw_level
price_family_ma9_structural_linked,structural_ma9,cambridge_md_metro_area__cbsa_metro,median_ppsf,level,163,2012-01-31,2026-03-31,116.78830395040627,34.855930387236114,1.4529784929780514,3.2563348100110803,4.9289243266666745,0.0,0.0,163.0,1.0,0.0,structural_ma9,ma9_level
price_family_ma9_structural_linked,raw_source,cambridge_md_metro_area__cbsa_metro,median_sale_price,level,163,2012-01-31,2026-03-31,189246.42433537834,55425.38034772398,3131.6200274348416,6716.666666666663,14530.555555555562,0.0,0.0,163.0,1.0,0.0,raw_source,raw_level
price_family_ma9_structural_linked,structural_ma9,cambridge_md_metro_area__cbsa_metro,median_sale_price,level,163,2012-01-31,2026-03-31,189246.42433537834,55425.38034772398,3131.6200274348416,6716.666666666663,14530.555555555562,0.0,0.0,163.0,1.0,0.0,structural_ma9,ma9_level
price_family_ma9_structural_linked,raw_source,camden_county_nj__county,median_ppsf,level,164,2012-02-29,2026-05-31,135.38330012990514,43.867977704496155,1.1275334483421944,2.30066666666666,3.8366666666667015,0.0,0.0,164.0,1.0,0.0,raw_source,raw_level
price_family_ma9_structural_linked,structural_ma9,camden_county_nj__county,median_ppsf,level,164,2012-02-29,2026-05-31,135.38330012990514,43.867977704496155,1.1275334483421944,2.30066666666666,3.8366666666667015,0.0,0.0,164.0,1.0,0.0,structural_ma9,ma9_level
price_family_ma9_structural_linked,raw_source,camden_county_nj__county,median_sale_price,level,164,2012-02-29,2026-05-31,215049.22899728996,70041.51589490636,2080.315610088615,4000.0,6494.444444444438,0.0,0.0,164.0,1.0,0.0,raw_source,raw_level
price_family_ma9_structural_linked,structural_ma9,camden_county_nj__county,median_sale_price,level,164,2012-02-29,2026-05-31,215049.22899728996,70041.51589490636,2080.315610088615,4000.0,6494.444444444438,0.0,0.0,164.0,1.0,0.0,structural_ma9,ma9_level
price_family_ma9_structural_linked,raw_source,camden_nj_metro_area__cbsa_metro,median_ppsf,level,165,2012-01-31,2026-05-31,142.52561616161614,42.754741559203204,0.7721680216802173,1.977111111111137,2.4155555555555566,0.0,0.0,165.0,1.0,0.0,raw_source,raw_level
price_family_ma9_structural_linked,structural_ma9,camden_nj_metro_area__cbsa_metro,median_ppsf,level,165,2012-01-31,2026-05-31,142.52561616161614,42.754741559203204,0.7721680216802173,1.977111111111137,2.4155555555555566,0.0,0.0,165.0,1.0,0.0,structural_ma9,ma9_level
price_family_ma9_structural_linked,raw_source,camden_nj_metro_area__cbsa_metro,median_sale_price,level,165,2012-01-31,2026-05-31,231996.7723905724,71127.25822238359,1967.3394308943086,3888.8888888888964,5616.666666666657,0.0,0.0,165.0,1.0,0.0,raw_source,raw_level
price_family_ma9_structural_linked,structural_ma9,camden_nj_metro_area__cbsa_metro,median_sale_price,level,165,2012-01-31,2026-05-31,231996.7723905724,71127.25822238359,1967.3394308943086,3888.8888888888964,5616.666666666657,0.0,0.0,165.0,1.0,0.0,structural_ma9,ma9_level
price_family_ma9_structural_linked,raw_source,campbell_county_va__county,median_ppsf,level,160,2012-01-31,2026-05-31,119.58288286441321,31.363998174616743,1.3918767405800145,2.8028307317555696,17.689153392666668,0.0,0.0,160.0,1.0,0.0,raw_source,raw_level
price_family_ma9_structural_linked,structural_ma9,campbell_county_va__county,median_ppsf,level,160,2012-01-31,2026-05-31,119.58288286441321,31.363998174616743,1.3918767405800145,2.8028307317555696,17.689153392666668,0.0,0.0,160.0,1.0,0.0,structural_ma9,ma9_level
price_family_ma9_structural_linked,raw_source,campbell_county_va__county,median_sale_price,level,160,2012-01-31,2026-05-31,203643.7135416667,51763.16577963516,2421.597484276729,4881.155555555551,13316.722222222219,0.0,0.0,160.0,0.9999999999999999,0.0,raw_source,raw_level
price_family_ma9_structural_linked,structural_ma9,campbell_county_va__county,median_sale_price,level,160,2012-01-31,2026-05-31,203643.7135416667,51763.16577963516,2421.597484276729,4881.155555555551,13316.722222222219,0.0,0.0,160.0,0.9999999999999999,0.0,structural_ma9,ma9_level
price_family_ma9_structural_linked,raw_source,cape_may_county_nj__county,median_ppsf,level,165,2012-01-31,2026-05-31,340.9736752575468,113.21619675673122,3.9427274040514906,8.62511111111109,18.852222222222224,0.0,0.0,165.0,0.9999999999999999,0.0,raw_source,raw_level
price_family_ma9_structural_linked,structural_ma9,cape_may_county_nj__county,median_ppsf,level,165,2012-01-31,2026-05-31,340.9736752575468,113.21619675673122,3.9427274040514906,8.62511111111109,18.852222222222224,0.0,0.0,165.0,0.9999999999999999,0.0,structural_ma9,ma9_level
price_family_ma9_structural_linked,raw_source,cape_may_county_nj__county,median_sale_price,level,165,2012-01-31,2026-05-31,465371.12996632996,130441.26038241532,5708.5338753387505,11575.55555555556,25283.333333333372,0.0,0.0,165.0,1.0,0.0,raw_source,raw_level
price_family_ma9_structural_linked,structural_ma9,cape_may_county_nj__county,median_sale_price,level,165,2012-01-31,2026-05-31,465371.12996632996,130441.26038241532,5708.5338753387505,11575.55555555556,25283.333333333372,0.0,0.0,165.0,1.0,0.0,structural_ma9,ma9_level
price_family_ma9_structural_linked,raw_source,carroll_county_md__county,median_ppsf,level,165,2012-01-31,2026-05-31,173.3554440635717,28.261498740703352,0.8959545264783199,1.7886666666666828,2.7333333333333485,0.0,0.0,165.0,1.0,0.0,raw_source,raw_level
price_family_ma9_structural_linked,structural_ma9,carroll_county_md__county,median_ppsf,level,165,2012-01-31,2026-05-31,173.3554440635717,28.261498740703352,0.8959545264783199,1.7886666666666828,2.7333333333333485,0.0,0.0,165.0,1.0,0.0,structural_ma9,ma9_level
price_family_ma9_structural_linked,raw_source,carroll_county_md__county,median_sale_price,level,165,2012-01-31,2026-05-31,349891.63232323236,70465.64847046994,2524.9911924119247,5565.000000000015,8666.666666666686,0.0,0.0,165.0,1.0,0.0,raw_source,raw_level
price_family_ma9_structural_linked,structural_ma9,carroll_county_md__county,median_sale_price,level,165,2012-01-31,2026-05-31,349891.63232323236,70465.64847046994,2524.9911924119247,5565.000000000015,8666.666666666686,0.0,0.0,165.0,1.0,0.0,structural_ma9,ma9_level
price_family_ma9_structural_linked,raw_source,charles_city_county_va__county,median_ppsf,level,157,2012-01-31,2026-05-31,143.05469142773813,41.975877970071984,4.306234810957265,9.619982586888895,20.87771322522221,0.0,0.0,157.0,1.0,0.0,raw_source,raw_level
price_family_ma9_structural_linked,structural_ma9,charles_city_county_va__county,median_ppsf,level,157,2012-01-31,2026-05-31,143.05469142773813,41.975877970071984,4.306234810957265,9.619982586888895,20.87771322522221,0.0,0.0,157.0,1.0,0.0,structural_ma9,ma9_level
price_family_ma9_structural_linked,raw_source,charles_city_county_va__county,median_sale_price,level,157,2012-01-31,2026-05-31,227018.1153573956,61451.01650335562,9969.390313390313,23972.22222222222,84166.66666666669,0.0,0.0,157.0,1.0,0.0,raw_source,raw_level
price_family_ma9_structural_linked,structural_ma9,charles_city_county_va__county,median_sale_price,level,157,2012-01-31,2026-05-31,227018.1153573956,61451.01650335562,9969.390313390313,23972.22222222222,84166.66666666669,0.0,0.0,157.0,1.0,0.0,structural_ma9,ma9_level
price_family_ma9_structural_linked,raw_source,charles_county_md__county,median_ppsf,level,165,2012-01-31,2026-05-31,156.58788481858787,32.71102153012249,0.8290654043699218,1.8326666666666913,2.75,0.0,0.0,165.0,1.0,0.0,raw_source,raw_level
price_family_ma9_structural_linked,structural_ma9,charles_county_md__county,median_ppsf,level,165,2012-01-31,2026-05-31,156.58788481858787,32.71102153012249,0.8290654043699218,1.8326666666666913,2.75,0.0,0.0,165.0,1.0,0.0,structural_ma9,ma9_level
price_family_ma9_structural_linked,raw_source,charles_county_md__county,median_sale_price,level,165,2012-01-31,2026-05-31,330408.34511784517,77724.66996850725,2031.5569105691059,3979.444444444456,6805.555555555504,0.0,0.0,165.0,0.9999999999999998,0.0,raw_source,raw_level
price_family_ma9_structural_linked,structural_ma9,charles_county_md__county,median_sale_price,level,165,2012-01-31,2026-05-31,330408.34511784517,77724.66996850725,2031.5569105691059,3979.444444444456,6805.555555555504,0.0,0.0,165.0,0.9999999999999998,0.0,structural_ma9,ma9_level
price_family_ma9_structural_linked,raw_source,charlottesville_va__county,median_ppsf,level,165,2012-01-31,2026-05-31,219.93692528706669,55.3597539451679,2.4294825505501327,4.565099189211154,9.284444444444432,0.0,0.0,165.0,0.9999999999999999,0.0,raw_source,raw_level
price_family_ma9_structural_linked,structural_ma9,charlottesville_va__county,median_ppsf,level,165,2012-01-31,2026-05-31,219.93692528706669,55.3597539451679,2.4294825505501327,4.565099189211154,9.284444444444432,0.0,0.0,165.0,0.9999999999999999,0.0,structural_ma9,ma9_level
price_family_ma9_structural_linked,raw_source,charlottesville_va__county,median_sale_price,level,165,2012-01-31,2026-05-31,356083.0026936027,92266.6428546949,4346.253387533874,10816.399999999983,16111.111111111124,0.0,0.0,165.0,1.0,0.0,raw_source,raw_level
price_family_ma9_structural_linked,structural_ma9,charlottesville_va__county,median_sale_price,level,165,2012-01-31,2026-05-31,356083.0026936027,92266.6428546949,4346.253387533874,10816.399999999983,16111.111111111124,0.0,0.0,165.0,1.0,0.0,structural_ma9,ma9_level
price_family_ma9_structural_linked,raw_source,charlottesville_va_metro_area__cbsa_metro,median_ppsf,level,163,2012-01-31,2026-03-31,172.56821808553647,39.850849158775326,1.004757190527435,2.1072658738555736,3.471812837000016,0.0,0.0,163.0,0.9999999999999998,0.0,raw_source,raw_level
price_family_ma9_structural_linked,structural_ma9,charlottesville_va_metro_area__cbsa_metro,median_ppsf,level,163,2012-01-31,2026-03-31,172.56821808553647,39.850849158775326,1.004757190527435,2.1072658738555736,3.471812837000016,0.0,0.0,163.0,0.9999999999999998,0.0,structural_ma9,ma9_level
price_family_ma9_structural_linked,raw_source,charlottesville_va_metro_area__cbsa_metro,median_sale_price,level,163,2012-01-31,2026-03-31,341905.68029993185,78973.76203328664,2934.1512345679,5585.288888888906,8394.444444444438,0.0,0.0,163.0,1.0,0.0,raw_source,raw_level
price_family_ma9_structural_linked,structural_ma9,charlottesville_va_metro_area__cbsa_metro,median_sale_price,level,163,2012-01-31,2026-03-31,341905.68029993185,78973.76203328664,2934.1512345679,5585.288888888906,8394.444444444438,0.0,0.0,163.0,1.0,0.0,structural_ma9,ma9_level
price_family_ma9_structural_linked,raw_source,chesapeake_va__county,median_ppsf,level,140,2014-02-28,2026-05-31,160.71695345218015,33.30588603572119,0.7832250113093536,1.6462222222222351,2.653333333333336,0.0,0.0,140.0,0.9999999999999998,0.0,raw_source,raw_level
price_family_ma9_structural_linked,structural_ma9,chesapeake_va__county,median_ppsf,level,140,2014-02-28,2026-05-31,160.71695345218015,33.30588603572119,0.7832250113093536,1.6462222222222351,2.653333333333336,0.0,0.0,140.0,0.9999999999999998,0.0,structural_ma9,ma9_level
price_family_ma9_structural_linked,raw_source,chesapeake_va__county,median_sale_price,level,140,2014-02-28,2026-05-31,312267.7507936508,56052.61666857875,2364.3017585931257,4006.111111111118,6846.111111111124,0.0,0.0,140.0,1.0,0.0,raw_source,raw_level
price_family_ma9_structural_linked,structural_ma9,chesapeake_va__county,median_sale_price,level,140,2014-02-28,2026-05-31,312267.7507936508,56052.61666857875,2364.3017585931257,4006.111111111118,6846.111111111124,0.0,0.0,140.0,1.0,0.0,structural_ma9,ma9_level
price_family_ma9_structural_linked,raw_source,chesterfield_county_va__county,median_ppsf,level,165,2012-01-31,2026-05-31,143.22903213690975,38.61868915181815,0.7587979663414631,1.4852222222222407,2.8488888888888653,0.0,0.0,165.0,1.0,0.0,raw_source,raw_level
price_family_ma9_structural_linked,structural_ma9,chesterfield_county_va__county,median_ppsf,level,165,2012-01-31,2026-05-31,143.22903213690975,38.61868915181815,0.7587979663414631,1.4852222222222407,2.8488888888888653,0.0,0.0,165.0,1.0,0.0,structural_ma9,ma9_level
price_family_ma9_structural_linked,raw_source,chesterfield_county_va__county,median_sale_price,level,165,2012-01-31,2026-05-31,289604.6087542088,77354.04598814843,1883.9579945799467,3843.455555555588,5818.111111111124,0.0,0.0,165.0,1.0,0.0,raw_source,raw_level
price_family_ma9_structural_linked,structural_ma9,chesterfield_county_va__county,median_sale_price,level,165,2012-01-31,2026-05-31,289604.6087542088,77354.04598814843,1883.9579945799467,3843.455555555588,5818.111111111124,0.0,0.0,165.0,1.0,0.0,structural_ma9,ma9_level
price_family_ma9_structural_linked,raw_source,chico_ca_metro_area__cbsa_metro,median_ppsf,level,163,2012-01-31,2026-03-31,205.41192121583026,55.6874521597246,1.551188161441702,3.162284434877779,4.8592534009999895,0.0,0.0,163.0,1.0,0.0,raw_source,raw_level
price_family_ma9_structural_linked,structural_ma9,chico_ca_metro_area__cbsa_metro,median_ppsf,level,163,2012-01-31,2026-03-31,205.41192121583026,55.6874521597246,1.551188161441702,3.162284434877779,4.8592534009999895,0.0,0.0,163.0,1.0,0.0,structural_ma9,ma9_level
price_family_ma9_structural_linked,raw_source,chico_ca_metro_area__cbsa_metro,median_sale_price,level,163,2012-01-31,2026-03-31,318891.0978186776,84312.13476622001,2520.938271604938,5100.000000000012,9749.444444444438,0.0,0.0,163.0,0.9999999999999998,0.0,raw_source,raw_level
price_family_ma9_structural_linked,structural_ma9,chico_ca_metro_area__cbsa_metro,median_sale_price,level,163,2012-01-31,2026-03-31,318891.0978186776,84312.13476622001,2520.938271604938,5100.000000000012,9749.444444444438,0.0,0.0,163.0,0.9999999999999998,0.0,structural_ma9,ma9_level
price_family_ma9_structural_linked,raw_source,clarke_county_va__county,median_ppsf,level,165,2012-01-31,2026-05-31,179.93816013189158,45.14437027687796,2.2781715457283185,4.939999999999979,9.52555555555557,0.0,0.0,165.0,1.0,0.0,raw_source,raw_level
price_family_ma9_structural_linked,structural_ma9,clarke_county_va__county,median_ppsf,level,165,2012-01-31,2026-05-31,179.93816013189158,45.14437027687796,2.2781715457283185,4.939999999999979,9.52555555555557,0.0,0.0,165.0,1.0,0.0,structural_ma9,ma9_level
price_family_ma9_structural_linked,raw_source,clarke_county_va__county,median_sale_price,level,165,2012-01-31,2026-05-31,401557.4676767677,102458.94346271409,7055.537262872626,15191.111111111095,35555.555555555504,0.0,0.0,165.0,1.0,0.0,raw_source,raw_level
price_family_ma9_structural_linked,structural_ma9,clarke_county_va__county,median_sale_price,level,165,2012-01-31,2026-05-31,401557.4676767677,102458.94346271409,7055.537262872626,15191.111111111095,35555.555555555504,0.0,0.0,165.0,1.0,0.0,structural_ma9,ma9_level
price_family_ma9_structural_linked,raw_source,clearlake_ca_metro_area__cbsa_metro,median_ppsf,level,163,2012-01-31,2026-03-31,172.37482812022085,47.24341345765064,1.6445747013655676,3.1893906015666915,5.417701753555548,0.0,0.0,163.0,1.0,0.0,raw_source,raw_level
price_family_ma9_structural_linked,structural_ma9,clearlake_ca_metro_area__cbsa_metro,median_ppsf,level,163,2012-01-31,2026-03-31,172.37482812022085,47.24341345765064,1.6445747013655676,3.1893906015666915,5.417701753555548,0.0,0.0,163.0,1.0,0.0,structural_ma9,ma9_level
price_family_ma9_structural_linked,raw_source,clearlake_ca_metro_area__cbsa_metro,median_sale_price,level,163,2012-01-31,2026-03-31,256463.4287661895,70687.77241205117,2740.8779149519887,6025.000000000003,11027.77777777781,0.0,0.0,163.0,0.9999999999999998,0.0,raw_source,raw_level
price_family_ma9_structural_linked,structural_ma9,clearlake_ca_metro_area__cbsa_metro,median_sale_price,level,163,2012-01-31,2026-03-31,256463.4287661895,70687.77241205117,2740.8779149519887,6025.000000000003,11027.77777777781,0.0,0.0,163.0,0.9999999999999998,0.0,structural_ma9,ma9_level
price_family_ma9_structural_linked,raw_source,colonial_heights_va__county,median_ppsf,level,165,2012-01-31,2026-05-31,119.79178558064714,36.83943267733876,1.2372085978231715,2.6972508467444496,5.926666666666648,0.0,0.0,165.0,1.0,0.0,raw_source,raw_level
price_family_ma9_structural_linked,structural_ma9,colonial_heights_va__county,median_ppsf,level,165,2012-01-31,2026-05-31,119.79178558064714,36.83943267733876,1.2372085978231715,2.6972508467444496,5.926666666666648,0.0,0.0,165.0,1.0,0.0,structural_ma9,ma9_level
price_family_ma9_structural_linked,raw_source,colonial_heights_va__county,median_sale_price,level,165,2012-01-31,2026-05-31,185352.9824915825,57081.474304972086,2847.9441056910564,5353.888888888921,10005.555555555504,0.0,0.0,165.0,1.0,0.0,raw_source,raw_level
price_family_ma9_structural_linked,structural_ma9,colonial_heights_va__county,median_sale_price,level,165,2012-01-31,2026-05-31,185352.9824915825,57081.474304972086,2847.9441056910564,5353.888888888921,10005.555555555504,0.0,0.0,165.0,1.0,0.0,structural_ma9,ma9_level
price_family_ma9_structural_linked,raw_source,contra_costa_county_ca__county,median_ppsf,level,165,2012-01-31,2026-05-31,394.03997714784106,102.19728248996294,3.7094125594789995,7.593111111111076,16.23111111111109,0.0,0.0,165.0,1.0,0.0,raw_source,raw_level
price_family_ma9_structural_linked,structural_ma9,contra_costa_county_ca__county,median_ppsf,level,165,2012-01-31,2026-05-31,394.03997714784106,102.19728248996294,3.7094125594789995,7.593111111111076,16.23111111111109,0.0,0.0,165.0,1.0,0.0,structural_ma9,ma9_level
price_family_ma9_structural_linked,raw_source,contra_costa_county_ca__county,median_sale_price,level,165,2012-01-31,2026-05-31,624462.0962962963,158559.42098808073,6232.895663956638,12055.555555555571,25111.111111111124,0.0,0.0,165.0,1.0,0.0,raw_source,raw_level
price_family_ma9_structural_linked,structural_ma9,contra_costa_county_ca__county,median_sale_price,level,165,2012-01-31,2026-05-31,624462.0962962963,158559.42098808073,6232.895663956638,12055.555555555571,25111.111111111124,0.0,0.0,165.0,1.0,0.0,structural_ma9,ma9_level
price_family_ma9_structural_linked,raw_source,craig_county_va__county,median_ppsf,level,154,2012-01-31,2026-05-31,105.8366180329062,36.25042096309027,3.7149486326986225,7.9263686585777755,20.943333333333356,0.0,0.0,154.0,1.0,0.0,raw_source,raw_level
price_family_ma9_structural_linked,structural_ma9,craig_county_va__county,median_ppsf,level,154,2012-01-31,2026-05-31,105.8366180329062,36.25042096309027,3.7149486326986225,7.9263686585777755,20.943333333333356,0.0,0.0,154.0,1.0,0.0,structural_ma9,ma9_level
price_family_ma9_structural_linked,raw_source,craig_county_va__county,median_sale_price,level,154,2012-01-31,2026-05-31,201220.11111111112,78283.66170793575,10729.465867828612,23744.444444444456,101255.55555555556,0.0,0.0,154.0,0.9999999999999998,0.0,raw_source,raw_level
price_family_ma9_structural_linked,structural_ma9,craig_county_va__county,median_sale_price,level,154,2012-01-31,2026-05-31,201220.11111111112,78283.66170793575,10729.465867828612,23744.444444444456,101255.55555555556,0.0,0.0,154.0,0.9999999999999998,0.0,structural_ma9,ma9_level
price_family_ma9_structural_linked,raw_source,crescent_city_ca_metro_area__cbsa_metro,median_ppsf,level,163,2012-01-31,2026-03-31,171.20736194629993,50.85626549632789,2.983907429676955,5.606548658144447,21.089021741333326,0.0,0.0,163.0,1.0,0.0,raw_source,raw_level
price_family_ma9_structural_linked,structural_ma9,crescent_city_ca_metro_area__cbsa_metro,median_ppsf,level,163,2012-01-31,2026-03-31,171.20736194629993,50.85626549632789,2.983907429676955,5.606548658144447,21.089021741333326,0.0,0.0,163.0,1.0,0.0,structural_ma9,ma9_level
price_family_ma9_structural_linked,raw_source,crescent_city_ca_metro_area__cbsa_metro,median_sale_price,level,163,2012-01-31,2026-03-31,266722.49693251535,74706.04196488443,6630.669410150895,14644.44444444444,31388.888888888905,0.0,0.0,163.0,0.9999999999999998,0.0,raw_source,raw_level
price_family_ma9_structural_linked,structural_ma9,crescent_city_ca_metro_area__cbsa_metro,median_sale_price,level,163,2012-01-31,2026-03-31,266722.49693251535,74706.04196488443,6630.669410150895,14644.44444444444,31388.888888888905,0.0,0.0,163.0,0.9999999999999998,0.0,structural_ma9,ma9_level
price_family_ma9_structural_linked,raw_source,culpeper_county_va__county,median_ppsf,level,165,2012-01-31,2026-05-31,152.87801177743702,39.71741931902176,1.3604593743360438,2.7317777777778023,5.5111111111110915,0.0,0.0,165.0,1.0,0.0,raw_source,raw_level
price_family_ma9_structural_linked,structural_ma9,culpeper_county_va__county,median_ppsf,level,165,2012-01-31,2026-05-31,152.87801177743702,39.71741931902176,1.3604593743360438,2.7317777777778023,5.5111111111110915,0.0,0.0,165.0,1.0,0.0,structural_ma9,ma9_level
price_family_ma9_structural_linked,raw_source,culpeper_county_va__county,median_sale_price,level,165,2012-01-31,2026-05-31,338094.22592592594,97483.85015240015,3263.8272357723567,7115.000000000017,12333.333333333314,0.0,0.0,165.0,0.9999999999999999,0.0,raw_source,raw_level
price_family_ma9_structural_linked,structural_ma9,culpeper_county_va__county,median_sale_price,level,165,2012-01-31,2026-05-31,338094.22592592594,97483.85015240015,3263.8272357723567,7115.000000000017,12333.333333333314,0.0,0.0,165.0,0.9999999999999999,0.0,structural_ma9,ma9_level
price_family_ma9_structural_linked,raw_source,cumberland_county_nj__county,median_ppsf,level,165,2012-01-31,2026-05-31,112.65048669645657,37.69463856954638,1.1911807537940378,2.4108888888888993,5.088888888888903,0.0,0.0,165.0,0.9999999999999998,0.0,raw_source,raw_level
price_family_ma9_structural_linked,structural_ma9,cumberland_county_nj__county,median_ppsf,level,165,2012-01-31,2026-05-31,112.65048669645657,37.69463856954638,1.1911807537940378,2.4108888888888993,5.088888888888903,0.0,0.0,165.0,0.9999999999999998,0.0,structural_ma9,ma9_level
price_family_ma9_structural_linked,raw_source,cumberland_county_nj__county,median_sale_price,level,165,2012-01-31,2026-05-31,164667.0026936027,52301.758564263204,1842.0596205962065,3582.777777777786,6111.111111111095,0.0,0.0,165.0,1.0,0.0,raw_source,raw_level
price_family_ma9_structural_linked,structural_ma9,cumberland_county_nj__county,median_sale_price,level,165,2012-01-31,2026-05-31,164667.0026936027,52301.758564263204,1842.0596205962065,3582.777777777786,6111.111111111095,0.0,0.0,165.0,1.0,0.0,structural_ma9,ma9_level
price_family_ma9_structural_linked,raw_source,cumberland_md_metro_area__cbsa_metro,median_ppsf,level,163,2012-01-31,2026-03-31,74.17180125416564,15.936828823115079,0.9256870413772286,2.001927045177775,3.183933153444457,0.0,0.0,163.0,1.0,0.0,raw_source,raw_level
price_family_ma9_structural_linked,structural_ma9,cumberland_md_metro_area__cbsa_metro,median_ppsf,level,163,2012-01-31,2026-03-31,74.17180125416564,15.936828823115079,0.9256870413772286,2.001927045177775,3.183933153444457,0.0,0.0,163.0,1.0,0.0,structural_ma9,ma9_level
price_family_ma9_structural_linked,raw_source,cumberland_md_metro_area__cbsa_metro,median_sale_price,level,163,2012-01-31,2026-03-31,113779.11860940694,24420.09739890589,1655.2894375857338,3488.8888888888896,6555.555555555562,0.0,0.0,163.0,0.9999999999999999,0.0,raw_source,raw_level
price_family_ma9_structural_linked,structural_ma9,cumberland_md_metro_area__cbsa_metro,median_sale_price,level,163,2012-01-31,2026-03-31,113779.11860940694,24420.09739890589,1655.2894375857338,3488.8888888888896,6555.555555555562,0.0,0.0,163.0,0.9999999999999999,0.0,structural_ma9,ma9_level
price_family_ma9_structural_linked,raw_source,danville_va__county,median_ppsf,level,165,2012-01-31,2026-05-31,58.430315016093594,23.09804806913269,1.1596667999722217,2.3651111111111014,4.997777777777777,0.0,0.0,165.0,1.0,0.0,raw_source,raw_level
price_family_ma9_structural_linked,structural_ma9,danville_va__county,median_ppsf,level,165,2012-01-31,2026-05-31,58.430315016093594,23.09804806913269,1.1596667999722217,2.3651111111111014,4.997777777777777,0.0,0.0,165.0,1.0,0.0,structural_ma9,ma9_level
price_family_ma9_structural_linked,raw_source,danville_va__county,median_sale_price,level,165,2012-01-31,2026-05-31,92126.54478114478,31777.589195167006,2757.712059620596,5788.888888888893,10629.666666666672,0.0,0.0,165.0,0.9999999999999999,0.0,raw_source,raw_level
price_family_ma9_structural_linked,structural_ma9,danville_va__county,median_sale_price,level,165,2012-01-31,2026-05-31,92126.54478114478,31777.589195167006,2757.712059620596,5788.888888888893,10629.666666666672,0.0,0.0,165.0,0.9999999999999999,0.0,structural_ma9,ma9_level
price_family_ma9_structural_linked,raw_source,danville_va_metro_area__cbsa_metro,median_ppsf,level,163,2012-01-31,2026-03-31,72.06881314871438,23.302015993944657,1.1117332148395065,2.406746271255548,4.396461537999983,0.0,0.0,163.0,1.0,0.0,raw_source,raw_level
price_family_ma9_structural_linked,structural_ma9,danville_va_metro_area__cbsa_metro,median_ppsf,level,163,2012-01-31,2026-03-31,72.06881314871438,23.302015993944657,1.1117332148395065,2.406746271255548,4.396461537999983,0.0,0.0,163.0,1.0,0.0,structural_ma9,ma9_level
price_family_ma9_structural_linked,raw_source,danville_va_metro_area__cbsa_metro,median_sale_price,level,163,2012-01-31,2026-03-31,120443.65167007499,34984.39317983243,2233.6879286694107,4323.7611111111155,9111.11111111111,0.0,0.0,163.0,1.0,0.0,raw_source,raw_level
price_family_ma9_structural_linked,structural_ma9,danville_va_metro_area__cbsa_metro,median_sale_price,level,163,2012-01-31,2026-03-31,120443.65167007499,34984.39317983243,2233.6879286694107,4323.7611111111155,9111.11111111111,0.0,0.0,163.0,1.0,0.0,structural_ma9,ma9_level
price_family_ma9_structural_linked,raw_source,del_norte_county_ca__county,median_ppsf,level,165,2012-01-31,2026-05-31,172.1001315145091,51.18750170318029,2.992162559000677,5.738507515688873,21.089021741333326,0.0,0.0,165.0,1.0,0.0,raw_source,raw_level
price_family_ma9_structural_linked,structural_ma9,del_norte_county_ca__county,median_ppsf,level,165,2012-01-31,2026-05-31,172.1001315145091,51.18750170318029,2.992162559000677,5.738507515688873,21.089021741333326,0.0,0.0,165.0,1.0,0.0,structural_ma9,ma9_level
price_family_ma9_structural_linked,raw_source,del_norte_county_ca__county,median_sale_price,level,165,2012-01-31,2026-05-31,268142.8430976431,75355.08937830092,6594.671409214095,14600.000000000004,31388.888888888905,0.0,0.0,165.0,1.0,0.0,raw_source,raw_level
price_family_ma9_structural_linked,structural_ma9,del_norte_county_ca__county,median_sale_price,level,165,2012-01-31,2026-05-31,268142.8430976431,75355.08937830092,6594.671409214095,14600.000000000004,31388.888888888905,0.0,0.0,165.0,1.0,0.0,structural_ma9,ma9_level
price_family_ma9_structural_linked,raw_source,dinwiddie_county_va__county,median_ppsf,level,165,2012-01-31,2026-05-31,132.1436395195239,41.083106257926495,1.496694251283876,2.9977153829111196,9.007777777777818,0.0,0.0,165.0,1.0,0.0,raw_source,raw_level
price_family_ma9_structural_linked,structural_ma9,dinwiddie_county_va__county,median_ppsf,level,165,2012-01-31,2026-05-31,132.1436395195239,41.083106257926495,1.496694251283876,2.9977153829111196,9.007777777777818,0.0,0.0,165.0,1.0,0.0,structural_ma9,ma9_level
price_family_ma9_structural_linked,raw_source,dinwiddie_county_va__county,median_sale_price,level,165,2012-01-31,2026-05-31,201321.60942760942,59457.76219065266,2296.770325203254,4657.666666666665,8138.888888888876,0.0,0.0,165.0,1.0,0.0,raw_source,raw_level
price_family_ma9_structural_linked,structural_ma9,dinwiddie_county_va__county,median_sale_price,level,165,2012-01-31,2026-05-31,201321.60942760942,59457.76219065266,2296.770325203254,4657.666666666665,8138.888888888876,0.0,0.0,165.0,1.0,0.0,structural_ma9,ma9_level
price_family_ma9_structural_linked,raw_source,district_of_columbia__state,median_ppsf,level,165,2012-01-31,2026-05-31,477.6365521885522,37.62928674599212,1.9913888888888958,4.021888888888919,8.311111111111131,0.0,0.0,165.0,1.0,0.0,raw_source,raw_level
price_family_ma9_structural_linked,structural_ma9,district_of_columbia__state,median_ppsf,level,165,2012-01-31,2026-05-31,477.6365521885522,37.62928674599212,1.9913888888888958,4.021888888888919,8.311111111111131,0.0,0.0,165.0,1.0,0.0,structural_ma9,ma9_level
price_family_ma9_structural_linked,raw_source,district_of_columbia__state,median_sale_price,level,165,2012-01-31,2026-05-31,579598.1528619529,74508.52077237549,4750.447831978314,9769.444444444443,16655.555555555504,0.0,0.0,165.0,1.0,0.0,raw_source,raw_level
price_family_ma9_structural_linked,structural_ma9,district_of_columbia__state,median_sale_price,level,165,2012-01-31,2026-05-31,579598.1528619529,74508.52077237549,4750.447831978314,9769.444444444443,16655.555555555504,0.0,0.0,165.0,1.0,0.0,structural_ma9,ma9_level
price_family_ma9_structural_linked,baseline,district_of_columbia_dc__county,median_ppsf,level,138,2014-12-31,2026-05-31,0.5501690026204107,0.42551459167993894,0.23991113246111753,0.5681582952815829,1.0333333333333334,0.11594202898550725,0.043478260869565216,130.0,0.5932432761632789,0.2711304091624502,normalized_feature,normalized_score
price_family_ma9_structural_linked,challenger,district_of_columbia_dc__county,median_ppsf,level,130,2015-08-31,2026-05-31,0.6825433597602548,0.3150132575786845,0.04876468065923386,0.11860162601626019,0.26641091219096324,0.007692307692307693,0.015384615384615385,130.0,0.5932432761632789,0.2711304091624502,normalized_feature,normalized_score
price_family_ma9_structural_linked,raw_source,district_of_columbia_dc__county,median_ppsf,level,165,2012-01-31,2026-05-31,477.6199025941091,37.8152177807558,2.930042172912599,5.717222222222278,10.476666666666574,0.0,0.0,165.0,1.0,0.0,raw_source,raw_level
price_family_ma9_structural_linked,structural_ma9,district_of_columbia_dc__county,median_ppsf,level,165,2012-01-31,2026-05-31,477.6199025941091,37.8152177807558,2.930042172912599,5.717222222222278,10.476666666666574,0.0,0.0,165.0,1.0,0.0,structural_ma9,ma9_level
price_family_ma9_structural_linked,baseline,district_of_columbia_dc__county,median_ppsf,long,126,2015-12-31,2026-05-31,-0.2600708118641931,0.5689606722716397,0.45403830874412937,0.9657874134296899,1.53,0.30952380952380953,0.06349206349206349,118.0,0.5765104235700759,0.41238183664812855,normalized_feature,normalized_score
price_family_ma9_structural_linked,challenger,district_of_columbia_dc__county,median_ppsf,long,118,2016-08-31,2026-05-31,-0.3325579488123658,0.6110108466167573,0.10975211154256849,0.28120987836971034,0.6158686730506155,0.059322033898305086,0.025423728813559324,118.0,0.5765104235700759,0.41238183664812855,normalized_feature,normalized_score
price_family_ma9_structural_linked,baseline,district_of_columbia_dc__county,median_ppsf,short,137,2015-01-31,2026-05-31,-0.04087059561346632,0.5658896530443368,0.7238811984299584,1.4220538720538718,1.955,0.5766423357664233,0.10948905109489052,127.0,-0.1801691254238997,0.6942569837147232,normalized_feature,normalized_score
price_family_ma9_structural_linked,challenger,district_of_columbia_dc__county,median_ppsf,short,127,2015-11-30,2026-05-31,-0.18396747557180418,0.5412639986384407,0.22453978525867305,0.4989331436699858,0.8166666666666665,0.16535433070866143,0.10236220472440945,127.0,-0.1801691254238997,0.6942569837147232,normalized_feature,normalized_score
price_family_ma9_structural_linked,baseline,district_of_columbia_dc__county,median_sale_price,level,138,2014-12-31,2026-05-31,0.7111575730562935,0.28474313148576774,0.22278417263862127,0.5594970161977836,0.9500000000000001,0.057971014492753624,0.043478260869565216,130.0,0.3969058732273317,0.20621203889430154,normalized_feature,normalized_score
price_family_ma9_structural_linked,challenger,district_of_columbia_dc__county,median_sale_price,level,130,2015-08-31,2026-05-31,0.8258987826014816,0.1906995478566925,0.05083870689304382,0.13468213844351365,0.26993006993006996,0.0,0.0,130.0,0.3969058732273317,0.20621203889430154,normalized_feature,normalized_score
price_family_ma9_structural_linked,raw_source,district_of_columbia_dc__county,median_sale_price,level,165,2012-01-31,2026-05-31,579475.0811447812,74535.5067005075,4758.006097560977,9920.555555555531,16655.555555555504,0.0,0.0,165.0,1.0,0.0,raw_source,raw_level
price_family_ma9_structural_linked,structural_ma9,district_of_columbia_dc__county,median_sale_price,level,165,2012-01-31,2026-05-31,579475.0811447812,74535.5067005075,4758.006097560977,9920.555555555531,16655.555555555504,0.0,0.0,165.0,1.0,0.0,structural_ma9,ma9_level
price_family_ma9_structural_linked,baseline,district_of_columbia_dc__county,median_sale_price,long,126,2015-12-31,2026-05-31,-0.17079477339991184,0.6293087261973368,0.615819326932185,1.3973324905183313,1.8966666666666665,0.40476190476190477,0.1111111111111111,118.0,0.5410835375245587,0.4351666645410576,normalized_feature,normalized_score
price_family_ma9_structural_linked,challenger,district_of_columbia_dc__county,median_sale_price,long,118,2016-08-31,2026-05-31,-0.2722355107188207,0.5840214614446241,0.1679688293774295,0.45000000000000007,0.9384436701509872,0.13559322033898305,0.06779661016949153,118.0,0.5410835375245587,0.4351666645410576,normalized_feature,normalized_score
price_family_ma9_structural_linked,baseline,district_of_columbia_dc__county,median_sale_price,short,137,2015-01-31,2026-05-31,-0.02181060854243864,0.6174597985381041,0.7587296323083504,1.6172555648495117,1.9466666666666668,0.5328467153284672,0.0948905109489051,127.0,-0.15813482488492306,0.7826165476507795,normalized_feature,normalized_score
price_family_ma9_structural_linked,challenger,district_of_columbia_dc__county,median_sale_price,short,127,2015-11-30,2026-05-31,-0.1063418205015042,0.5923519542030509,0.3881946890088415,0.7925118532261388,1.1166666666666667,0.2992125984251969,0.07086614173228346,127.0,-0.15813482488492306,0.7826165476507795,normalized_feature,normalized_score
price_family_ma9_structural_linked,baseline,district_of_columbia_dc__county,payment_burden,level,127,2015-11-30,2026-05-31,-0.11975338433134275,0.657620381203909,0.299891643440008,0.6833333333333333,1.317102615694165,0.1968503937007874,0.06299212598425197,127.0,0.8790829066971135,0.22713770704167127,normalized_feature,normalized_score
price_family_ma9_structural_linked,challenger,district_of_columbia_dc__county,payment_burden,level,127,2015-11-30,2026-05-31,-0.11819263428940571,0.6558527171011589,0.11596438131476006,0.2664502164502165,0.9383333333333332,0.06299212598425197,0.047244094488188976,127.0,0.8790829066971135,0.22713770704167127,normalized_feature,normalized_score
price_family_ma9_structural_linked,baseline,district_of_columbia_dc__county,payment_burden,long,115,2016-11-30,2026-05-31,-0.06988345063360539,0.6301236075670908,0.3528120998186688,0.910423665546846,1.5,0.25217391304347825,0.0782608695652174,115.0,0.8751871077282214,0.21318253450035202,normalized_feature,normalized_score
price_family_ma9_structural_linked,challenger,district_of_columbia_dc__county,payment_burden,long,115,2016-11-30,2026-05-31,-0.03682439165750973,0.611412585893882,0.1467901351067412,0.34969863731656203,1.2091836734693877,0.1565217391304348,0.08695652173913043,115.0,0.8751871077282214,0.21318253450035202,normalized_feature,normalized_score
price_family_ma9_structural_linked,baseline,district_of_columbia_dc__county,payment_burden,short,126,2015-12-31,2026-05-31,-0.005590053760660458,0.6214625964100917,0.6988985113627808,1.5644559559433706,1.8950419527078566,0.5079365079365079,0.1111111111111111,124.0,0.18516051721068832,0.5941735983206702,normalized_feature,normalized_score
price_family_ma9_structural_linked,challenger,district_of_columbia_dc__county,payment_burden,short,124,2016-02-29,2026-05-31,-0.03177063466205483,0.6156533238096855,0.3233012752476503,0.7814900822447992,1.86382732145444,0.2661290322580645,0.06451612903225806,124.0,0.18516051721068832,0.5941735983206702,normalized_feature,normalized_score
price_family_ma9_structural_linked,baseline,district_of_columbia_dc__county,price_to_income,level,127,2015-11-30,2026-05-31,0.24779419649942835,0.5906872877852641,0.3561953815118741,0.8052521008403362,1.3406806559689648,0.2440944881889764,0.07874015748031496,127.0,0.7694543585494267,0.3388718330287034,normalized_feature,normalized_score
price_family_ma9_structural_linked,challenger,district_of_columbia_dc__county,price_to_income,level,127,2015-11-30,2026-05-31,0.23880756986052043,0.7110645940043587,0.12627162538415482,0.2667089544742609,1.6833333333333333,0.03937007874015748,0.0,127.0,0.7694543585494267,0.3388718330287034,normalized_feature,normalized_score
price_family_ma9_structural_linked,baseline,district_of_columbia_dc__county,price_to_income,long,115,2016-11-30,2026-05-31,0.04539146033448473,0.6830456767551727,0.522418480861649,1.283833252701177,1.8774358974358973,0.34782608695652173,0.06086956521739131,115.0,0.6854970325650407,0.3646298091137264,normalized_feature,normalized_score
price_family_ma9_structural_linked,challenger,district_of_columbia_dc__county,price_to_income,long,115,2016-11-30,2026-05-31,0.021050305377156422,0.630581647583496,0.1270403937713906,0.2667229947779148,1.5075075075075075,0.0782608695652174,0.034782608695652174,115.0,0.6854970325650407,0.3646298091137264,normalized_feature,normalized_score
price_family_ma9_structural_linked,baseline,district_of_columbia_dc__county,price_to_income,short,126,2015-12-31,2026-05-31,0.004359889148484949,0.6155965773111737,0.734543520839934,1.6078563495001859,1.93,0.5396825396825397,0.09523809523809523,124.0,-0.027486292675199083,0.6973577876233026,normalized_feature,normalized_score
price_family_ma9_structural_linked,challenger,district_of_columbia_dc__county,price_to_income,short,124,2016-02-29,2026-05-31,0.0405410949022941,0.5760113862997626,0.33591717847457464,0.6819857816119497,1.4,0.27419354838709675,0.10483870967741936,124.0,-0.027486292675199083,0.6973577876233026,normalized_feature,normalized_score
price_family_ma9_structural_linked,raw_source,dorchester_county_md__county,median_ppsf,level,165,2012-01-31,2026-05-31,117.5293170546458,34.99575900850974,1.4686394962154452,3.277444444444449,4.928888888888878,0.0,0.0,165.0,1.0,0.0,raw_source,raw_level
price_family_ma9_structural_linked,structural_ma9,dorchester_county_md__county,median_ppsf,level,165,2012-01-31,2026-05-31,117.5293170546458,34.99575900850974,1.4686394962154452,3.277444444444449,4.928888888888878,0.0,0.0,165.0,1.0,0.0,structural_ma9,ma9_level
price_family_ma9_structural_linked,raw_source,dorchester_county_md__county,median_sale_price,level,165,2012-01-31,2026-05-31,190575.3138047138,55703.123851185264,3126.976964769647,6362.00000000001,14947.22222222219,0.0,0.0,165.0,0.9999999999999999,0.0,raw_source,raw_level
price_family_ma9_structural_linked,structural_ma9,dorchester_county_md__county,median_sale_price,level,165,2012-01-31,2026-05-31,190575.3138047138,55703.123851185264,3126.976964769647,6362.00000000001,14947.22222222219,0.0,0.0,165.0,0.9999999999999999,0.0,structural_ma9,ma9_level
price_family_ma9_structural_linked,raw_source,easton_md_metro_area__cbsa_metro,median_ppsf,level,163,2012-01-31,2026-03-31,184.97862437909475,41.136262519741486,2.003731745273662,4.3749428436222075,8.146730914555604,0.0,0.0,163.0,1.0,0.0,raw_source,raw_level
price_family_ma9_structural_linked,structural_ma9,easton_md_metro_area__cbsa_metro,median_ppsf,level,163,2012-01-31,2026-03-31,184.97862437909475,41.136262519741486,2.003731745273662,4.3749428436222075,8.146730914555604,0.0,0.0,163.0,1.0,0.0,structural_ma9,ma9_level
price_family_ma9_structural_linked,raw_source,easton_md_metro_area__cbsa_metro,median_sale_price,level,163,2012-01-31,2026-03-31,371760.21540558967,83138.49712775969,6472.000000000002,12872.222222222223,28333.333333333314,0.0,0.0,163.0,1.0,0.0,raw_source,raw_level
price_family_ma9_structural_linked,structural_ma9,easton_md_metro_area__cbsa_metro,median_sale_price,level,163,2012-01-31,2026-03-31,371760.21540558967,83138.49712775969,6472.000000000002,12872.222222222223,28333.333333333314,0.0,0.0,163.0,1.0,0.0,structural_ma9,ma9_level
price_family_ma9_structural_linked,raw_source,el_centro_ca_metro_area__cbsa_metro,median_ppsf,level,163,2012-01-31,2026-03-31,151.33515638146423,55.20833221226476,1.3495848350466386,2.9393707205555337,6.019877737000002,0.0,0.0,163.0,1.0,0.0,raw_source,raw_level
price_family_ma9_structural_linked,structural_ma9,el_centro_ca_metro_area__cbsa_metro,median_ppsf,level,163,2012-01-31,2026-03-31,151.33515638146423,55.20833221226476,1.3495848350466386,2.9393707205555337,6.019877737000002,0.0,0.0,163.0,1.0,0.0,structural_ma9,ma9_level
price_family_ma9_structural_linked,raw_source,el_centro_ca_metro_area__cbsa_metro,median_sale_price,level,163,2012-01-31,2026-03-31,243737.17348329924,90057.78583713397,2729.0620713305925,5866.666666666652,14205.555555555547,0.0,0.0,163.0,1.0,0.0,raw_source,raw_level
price_family_ma9_structural_linked,structural_ma9,el_centro_ca_metro_area__cbsa_metro,median_sale_price,level,163,2012-01-31,2026-03-31,243737.17348329924,90057.78583713397,2729.0620713305925,5866.666666666652,14205.555555555547,0.0,0.0,163.0,1.0,0.0,structural_ma9,ma9_level
price_family_ma9_structural_linked,raw_source,el_dorado_county_ca__county,median_ppsf,level,165,2012-01-31,2026-05-31,263.22900371965454,65.82047257767442,1.8746665960325222,4.105194122155555,5.931111111111136,0.0,0.0,165.0,0.9999999999999998,0.0,raw_source,raw_level
price_family_ma9_structural_linked,structural_ma9,el_dorado_county_ca__county,median_ppsf,level,165,2012-01-31,2026-05-31,263.22900371965454,65.82047257767442,1.8746665960325222,4.105194122155555,5.931111111111136,0.0,0.0,165.0,0.9999999999999998,0.0,structural_ma9,ma9_level
price_family_ma9_structural_linked,raw_source,el_dorado_county_ca__county,median_sale_price,level,165,2012-01-31,2026-05-31,510640.9696969697,129447.04624578614,4907.192411924122,10450.000000000015,19166.666666666628,0.0,0.0,165.0,1.0,0.0,raw_source,raw_level
price_family_ma9_structural_linked,structural_ma9,el_dorado_county_ca__county,median_sale_price,level,165,2012-01-31,2026-05-31,510640.9696969697,129447.04624578614,4907.192411924122,10450.000000000015,19166.666666666628,0.0,0.0,165.0,1.0,0.0,structural_ma9,ma9_level
price_family_ma9_structural_linked,raw_source,essex_county_nj__county,median_ppsf,level,125,2015-05-31,2026-05-31,255.25935458135646,62.82496000037463,3.3717973603198965,5.802888888888887,8.128888888888866,0.0,0.0,125.0,1.0,0.0,raw_source,raw_level
price_family_ma9_structural_linked,structural_ma9,essex_county_nj__county,median_ppsf,level,125,2015-05-31,2026-05-31,255.25935458135646,62.82496000037463,3.3717973603198965,5.802888888888887,8.128888888888866,0.0,0.0,125.0,1.0,0.0,structural_ma9,ma9_level
price_family_ma9_structural_linked,raw_source,essex_county_nj__county,median_sale_price,level,125,2015-05-31,2026-05-31,458822.6115555556,126632.72737045781,5800.143369175622,10944.444444444456,17500.0,0.0,0.0,125.0,1.0,0.0,raw_source,raw_level
price_family_ma9_structural_linked,structural_ma9,essex_county_nj__county,median_sale_price,level,125,2015-05-31,2026-05-31,458822.6115555556,126632.72737045781,5800.143369175622,10944.444444444456,17500.0,0.0,0.0,125.0,1.0,0.0,structural_ma9,ma9_level
price_family_ma9_structural_linked,raw_source,eureka_ca_metro_area__cbsa_metro,median_ppsf,level,144,2012-05-31,2026-03-31,234.0576108584923,48.12158162323216,2.1065340757684576,4.446658013444488,14.757861550999962,0.0,0.0,144.0,1.0,0.0,raw_source,raw_level
price_family_ma9_structural_linked,structural_ma9,eureka_ca_metro_area__cbsa_metro,median_ppsf,level,144,2012-05-31,2026-03-31,234.0576108584923,48.12158162323216,2.1065340757684576,4.446658013444488,14.757861550999962,0.0,0.0,144.0,1.0,0.0,structural_ma9,ma9_level
price_family_ma9_structural_linked,raw_source,eureka_ca_metro_area__cbsa_metro,median_sale_price,level,145,2012-05-31,2026-03-31,343706.8379310345,66214.81555351951,3402.096450617283,6922.222222222204,26777.77777777781,0.0,0.0,145.0,1.0,0.0,raw_source,raw_level
price_family_ma9_structural_linked,structural_ma9,eureka_ca_metro_area__cbsa_metro,median_sale_price,level,145,2012-05-31,2026-03-31,343706.8379310345,66214.81555351951,3402.096450617283,6922.222222222204,26777.77777777781,0.0,0.0,145.0,1.0,0.0,structural_ma9,ma9_level
price_family_ma9_structural_linked,raw_source,fairfax_city_county_va__county,median_ppsf,level,165,2012-01-31,2026-05-31,269.85575221992866,35.54376625357807,2.17639017730352,4.635081580644477,7.406214762777751,0.0,0.0,165.0,1.0,0.0,raw_source,raw_level
price_family_ma9_structural_linked,structural_ma9,fairfax_city_county_va__county,median_ppsf,level,165,2012-01-31,2026-05-31,269.85575221992866,35.54376625357807,2.17639017730352,4.635081580644477,7.406214762777751,0.0,0.0,165.0,1.0,0.0,structural_ma9,ma9_level
price_family_ma9_structural_linked,raw_source,fairfax_city_county_va__county,median_sale_price,level,165,2012-01-31,2026-05-31,567817.5471380472,113643.499252056,6457.441734417347,12222.222222222248,22555.555555555504,0.0,0.0,165.0,1.0,0.0,raw_source,raw_level
price_family_ma9_structural_linked,structural_ma9,fairfax_city_county_va__county,median_sale_price,level,165,2012-01-31,2026-05-31,567817.5471380472,113643.499252056,6457.441734417347,12222.222222222248,22555.555555555504,0.0,0.0,165.0,1.0,0.0,structural_ma9,ma9_level
price_family_ma9_structural_linked,raw_source,fairfax_county_va__county,median_ppsf,level,165,2012-01-31,2026-05-31,280.80283377712794,42.3503864805641,1.0903438134803518,2.191555555555517,3.6877777777777396,0.0,0.0,165.0,0.9999999999999998,0.0,raw_source,raw_level
price_family_ma9_structural_linked,structural_ma9,fairfax_county_va__county,median_ppsf,level,165,2012-01-31,2026-05-31,280.80283377712794,42.3503864805641,1.0903438134803518,2.191555555555517,3.6877777777777396,0.0,0.0,165.0,0.9999999999999998,0.0,structural_ma9,ma9_level
price_family_ma9_structural_linked,raw_source,fairfax_county_va__county,median_sale_price,level,165,2012-01-31,2026-05-31,558197.1185185185,105543.08151929641,4079.3658536585394,7616.666666666683,13638.888888888992,0.0,0.0,165.0,1.0,0.0,raw_source,raw_level
price_family_ma9_structural_linked,structural_ma9,fairfax_county_va__county,median_sale_price,level,165,2012-01-31,2026-05-31,558197.1185185185,105543.08151929641,4079.3658536585394,7616.666666666683,13638.888888888992,0.0,0.0,165.0,1.0,0.0,structural_ma9,ma9_level
price_family_ma9_structural_linked,raw_source,falls_church_va__county,median_ppsf,level,165,2012-01-31,2026-05-31,403.4431244722909,54.98392995748996,5.419026382609079,11.430555555555538,24.68888888888887,0.0,0.0,165.0,0.9999999999999999,0.0,raw_source,raw_level
price_family_ma9_structural_linked,structural_ma9,falls_church_va__county,median_ppsf,level,165,2012-01-31,2026-05-31,403.4431244722909,54.98392995748996,5.419026382609079,11.430555555555538,24.68888888888887,0.0,0.0,165.0,0.9999999999999999,0.0,structural_ma9,ma9_level
price_family_ma9_structural_linked,raw_source,falls_church_va__county,median_sale_price,level,165,2012-01-31,2026-05-31,792411.5589225589,149860.1322106165,18021.864498644984,34683.95555555556,111970.0,0.0,0.0,165.0,0.9999999999999998,0.0,raw_source,raw_level
price_family_ma9_structural_linked,structural_ma9,falls_church_va__county,median_sale_price,level,165,2012-01-31,2026-05-31,792411.5589225589,149860.1322106165,18021.864498644984,34683.95555555556,111970.0,0.0,0.0,165.0,0.9999999999999998,0.0,structural_ma9,ma9_level
price_family_ma9_structural_linked,raw_source,fauquier_county_va__county,median_ppsf,level,165,2012-01-31,2026-05-31,184.07600906933604,39.11903853351147,1.345453490607047,2.942084677144443,5.457777777777778,0.0,0.0,165.0,0.9999999999999998,0.0,raw_source,raw_level
price_family_ma9_structural_linked,structural_ma9,fauquier_county_va__county,median_ppsf,level,165,2012-01-31,2026-05-31,184.07600906933604,39.11903853351147,1.345453490607047,2.942084677144443,5.457777777777778,0.0,0.0,165.0,0.9999999999999998,0.0,structural_ma9,ma9_level
price_family_ma9_structural_linked,raw_source,fauquier_county_va__county,median_sale_price,level,165,2012-01-31,2026-05-31,439840.05993265996,110093.26717266288,4326.244918699189,9193.888888888883,21800.55555555562,0.0,0.0,165.0,1.0,0.0,raw_source,raw_level
price_family_ma9_structural_linked,structural_ma9,fauquier_county_va__county,median_sale_price,level,165,2012-01-31,2026-05-31,439840.05993265996,110093.26717266288,4326.244918699189,9193.888888888883,21800.55555555562,0.0,0.0,165.0,1.0,0.0,structural_ma9,ma9_level
price_family_ma9_structural_linked,raw_source,fluvanna_county_va__county,median_ppsf,level,165,2012-01-31,2026-05-31,137.96279982056498,39.25421921797342,1.0944930320853652,2.4649318472666697,3.716666666666697,0.0,0.0,165.0,1.0,0.0,raw_source,raw_level
price_family_ma9_structural_linked,structural_ma9,fluvanna_county_va__county,median_ppsf,level,165,2012-01-31,2026-05-31,137.96279982056498,39.25421921797342,1.0944930320853652,2.4649318472666697,3.716666666666697,0.0,0.0,165.0,1.0,0.0,structural_ma9,ma9_level
price_family_ma9_structural_linked,raw_source,fluvanna_county_va__county,median_sale_price,level,165,2012-01-31,2026-05-31,256255.7925925926,70824.8660336009,2758.3607723577256,5982.277777777788,10105.555555555562,0.0,0.0,165.0,1.0,0.0,raw_source,raw_level
price_family_ma9_structural_linked,structural_ma9,fluvanna_county_va__county,median_sale_price,level,165,2012-01-31,2026-05-31,256255.7925925926,70824.8660336009,2758.3607723577256,5982.277777777788,10105.555555555562,0.0,0.0,165.0,1.0,0.0,structural_ma9,ma9_level
price_family_ma9_structural_linked,raw_source,franklin_city_county_va__county,median_ppsf,level,140,2014-02-28,2026-05-31,95.44612033691746,33.95349758932403,2.4015881721934456,4.594666666666672,10.079999999999998,0.0,0.0,140.0,1.0,0.0,raw_source,raw_level
price_family_ma9_structural_linked,structural_ma9,franklin_city_county_va__county,median_ppsf,level,140,2014-02-28,2026-05-31,95.44612033691746,33.95349758932403,2.4015881721934456,4.594666666666672,10.079999999999998,0.0,0.0,140.0,1.0,0.0,structural_ma9,ma9_level
price_family_ma9_structural_linked,raw_source,franklin_city_county_va__county,median_sale_price,level,140,2014-02-28,2026-05-31,179731.6488095238,56167.255152376216,6658.613509192644,13660.0,35072.22222222222,0.0,0.0,140.0,1.0,0.0,raw_source,raw_level
price_family_ma9_structural_linked,structural_ma9,franklin_city_county_va__county,median_sale_price,level,140,2014-02-28,2026-05-31,179731.6488095238,56167.255152376216,6658.613509192644,13660.0,35072.22222222222,0.0,0.0,140.0,1.0,0.0,structural_ma9,ma9_level
price_family_ma9_structural_linked,raw_source,franklin_county_va__county,median_ppsf,level,165,2012-01-31,2026-05-31,125.32971284869764,37.20373625013825,1.8660077363597574,3.7773015873111353,7.382222222222225,0.0,0.0,165.0,1.0,0.0,raw_source,raw_level
price_family_ma9_structural_linked,structural_ma9,franklin_county_va__county,median_ppsf,level,165,2012-01-31,2026-05-31,125.32971284869764,37.20373625013825,1.8660077363597574,3.7773015873111353,7.382222222222225,0.0,0.0,165.0,1.0,0.0,structural_ma9,ma9_level
price_family_ma9_structural_linked,raw_source,franklin_county_va__county,median_sale_price,level,165,2012-01-31,2026-05-31,284837.0377104377,79548.17804804367,4849.2784552845515,10108.333333333343,18166.666666666686,0.0,0.0,165.0,1.0,0.0,raw_source,raw_level
price_family_ma9_structural_linked,structural_ma9,franklin_county_va__county,median_sale_price,level,165,2012-01-31,2026-05-31,284837.0377104377,79548.17804804367,4849.2784552845515,10108.333333333343,18166.666666666686,0.0,0.0,165.0,1.0,0.0,structural_ma9,ma9_level
price_family_ma9_structural_linked,raw_source,frederick_county_md__county,median_ppsf,level,165,2012-01-31,2026-05-31,171.20566439370103,34.41029880833704,0.8693401476395674,1.9669999999999968,3.1133333333333724,0.0,0.0,165.0,1.0,0.0,raw_source,raw_level
price_family_ma9_structural_linked,structural_ma9,frederick_county_md__county,median_ppsf,level,165,2012-01-31,2026-05-31,171.20566439370103,34.41029880833704,0.8693401476395674,1.9669999999999968,3.1133333333333724,0.0,0.0,165.0,1.0,0.0,structural_ma9,ma9_level
price_family_ma9_structural_linked,raw_source,frederick_county_md__county,median_sale_price,level,165,2012-01-31,2026-05-31,352398.7491582492,85955.80943842685,2578.650406504066,4981.666666666664,7588.333333333314,0.0,0.0,165.0,0.9999999999999998,0.0,raw_source,raw_level
price_family_ma9_structural_linked,structural_ma9,frederick_county_md__county,median_sale_price,level,165,2012-01-31,2026-05-31,352398.7491582492,85955.80943842685,2578.650406504066,4981.666666666664,7588.333333333314,0.0,0.0,165.0,0.9999999999999998,0.0,structural_ma9,ma9_level
price_family_ma9_structural_linked,raw_source,frederick_county_va__county,median_ppsf,level,165,2012-01-31,2026-05-31,144.98979440067004,38.869452430193746,0.9472143338211388,2.1444444444444457,3.4966666666666697,0.0,0.0,165.0,1.0,0.0,raw_source,raw_level
price_family_ma9_structural_linked,structural_ma9,frederick_county_va__county,median_ppsf,level,165,2012-01-31,2026-05-31,144.98979440067004,38.869452430193746,0.9472143338211388,2.1444444444444457,3.4966666666666697,0.0,0.0,165.0,1.0,0.0,structural_ma9,ma9_level
price_family_ma9_structural_linked,raw_source,frederick_county_va__county,median_sale_price,level,165,2012-01-31,2026-05-31,296563.51144781144,83481.48615402589,2464.4037940379394,4975.555555555546,6948.222222222248,0.0,0.0,165.0,1.0,0.0,raw_source,raw_level
price_family_ma9_structural_linked,structural_ma9,frederick_county_va__county,median_sale_price,level,165,2012-01-31,2026-05-31,296563.51144781144,83481.48615402589,2464.4037940379394,4975.555555555546,6948.222222222248,0.0,0.0,165.0,1.0,0.0,structural_ma9,ma9_level
price_family_ma9_structural_linked,raw_source,frederick_md_metro_area__cbsa_metro,median_ppsf,level,165,2012-01-31,2026-05-31,220.4456228956229,30.981611135091118,0.8096815718157184,1.910555555555548,3.076666666666654,0.0,0.0,165.0,1.0,0.0,raw_source,raw_level
price_family_ma9_structural_linked,structural_ma9,frederick_md_metro_area__cbsa_metro,median_ppsf,level,165,2012-01-31,2026-05-31,220.4456228956229,30.981611135091118,0.8096815718157184,1.910555555555548,3.076666666666654,0.0,0.0,165.0,1.0,0.0,structural_ma9,ma9_level
price_family_ma9_structural_linked,raw_source,frederick_md_metro_area__cbsa_metro,median_sale_price,level,165,2012-01-31,2026-05-31,436127.7528619529,82628.06794227728,3369.5630081300824,6663.333333333291,8666.666666666744,0.0,0.0,165.0,0.9999999999999998,0.0,raw_source,raw_level
price_family_ma9_structural_linked,structural_ma9,frederick_md_metro_area__cbsa_metro,median_sale_price,level,165,2012-01-31,2026-05-31,436127.7528619529,82628.06794227728,3369.5630081300824,6663.333333333291,8666.666666666744,0.0,0.0,165.0,0.9999999999999998,0.0,structural_ma9,ma9_level
price_family_ma9_structural_linked,raw_source,fredericksburg_va__county,median_ppsf,level,165,2012-01-31,2026-05-31,171.681309952235,42.43651595998714,2.245802044567073,4.043111111111116,9.987777777777751,0.0,0.0,165.0,0.9999999999999998,0.0,raw_source,raw_level
price_family_ma9_structural_linked,structural_ma9,fredericksburg_va__county,median_ppsf,level,165,2012-01-31,2026-05-31,171.681309952235,42.43651595998714,2.245802044567073,4.043111111111116,9.987777777777751,0.0,0.0,165.0,0.9999999999999998,0.0,structural_ma9,ma9_level
price_family_ma9_structural_linked,raw_source,fredericksburg_va__county,median_sale_price,level,165,2012-01-31,2026-05-31,356368.0791245791,73727.16939934579,4568.974932249324,9311.111111111119,15265.222222222248,0.0,0.0,165.0,1.0,0.0,raw_source,raw_level
price_family_ma9_structural_linked,structural_ma9,fredericksburg_va__county,median_sale_price,level,165,2012-01-31,2026-05-31,356368.0791245791,73727.16939934579,4568.974932249324,9311.111111111119,15265.222222222248,0.0,0.0,165.0,1.0,0.0,structural_ma9,ma9_level
price_family_ma9_structural_linked,raw_source,fresno_ca_metro_area__cbsa_metro,median_ppsf,level,165,2012-01-31,2026-05-31,176.29460606060607,54.915219426129134,1.1262804878048776,2.3199999999999807,3.517777777777752,0.0,0.0,165.0,1.0,0.0,raw_source,raw_level
price_family_ma9_structural_linked,structural_ma9,fresno_ca_metro_area__cbsa_metro,median_ppsf,level,165,2012-01-31,2026-05-31,176.29460606060607,54.915219426129134,1.1262804878048776,2.3199999999999807,3.517777777777752,0.0,0.0,165.0,1.0,0.0,structural_ma9,ma9_level
price_family_ma9_structural_linked,raw_source,fresno_ca_metro_area__cbsa_metro,median_sale_price,level,165,2012-01-31,2026-05-31,294628.096969697,89007.26482847704,2015.4620596205953,4308.333333333321,6444.444444444438,0.0,0.0,165.0,0.9999999999999999,0.0,raw_source,raw_level
price_family_ma9_structural_linked,structural_ma9,fresno_ca_metro_area__cbsa_metro,median_sale_price,level,165,2012-01-31,2026-05-31,294628.096969697,89007.26482847704,2015.4620596205953,4308.333333333321,6444.444444444438,0.0,0.0,165.0,0.9999999999999999,0.0,structural_ma9,ma9_level
price_family_ma9_structural_linked,raw_source,fresno_county_ca__county,median_ppsf,level,165,2012-01-31,2026-05-31,176.2989556481596,54.89717109605757,1.1554006142215434,2.2172222222222113,4.137777777777757,0.0,0.0,165.0,1.0,0.0,raw_source,raw_level
price_family_ma9_structural_linked,structural_ma9,fresno_county_ca__county,median_ppsf,level,165,2012-01-31,2026-05-31,176.2989556481596,54.89717109605757,1.1554006142215434,2.2172222222222113,4.137777777777757,0.0,0.0,165.0,1.0,0.0,structural_ma9,ma9_level
price_family_ma9_structural_linked,raw_source,fresno_county_ca__county,median_sale_price,level,165,2012-01-31,2026-05-31,294634.80202020204,89015.04168226846,2012.2960704607035,4308.333333333321,6444.444444444438,0.0,0.0,165.0,1.0,0.0,raw_source,raw_level
price_family_ma9_structural_linked,structural_ma9,fresno_county_ca__county,median_sale_price,level,165,2012-01-31,2026-05-31,294634.80202020204,89015.04168226846,2012.2960704607035,4308.333333333321,6444.444444444438,0.0,0.0,165.0,1.0,0.0,structural_ma9,ma9_level
price_family_ma9_structural_linked,raw_source,giles_county_va__county,median_ppsf,level,138,2012-06-30,2026-05-31,95.96367455590982,25.947531264161242,3.080139992436334,8.312230671777785,17.44666666666666,0.0,0.0,138.0,0.9999999999999999,0.0,raw_source,raw_level
price_family_ma9_structural_linked,structural_ma9,giles_county_va__county,median_ppsf,level,138,2012-06-30,2026-05-31,95.96367455590982,25.947531264161242,3.080139992436334,8.312230671777785,17.44666666666666,0.0,0.0,138.0,0.9999999999999999,0.0,structural_ma9,ma9_level
price_family_ma9_structural_linked,raw_source,giles_county_va__county,median_sale_price,level,139,2012-06-30,2026-05-31,167485.28097521982,42157.216348110596,7443.247181964572,19673.26666666665,47111.111111111095,0.0,0.0,139.0,1.0,0.0,raw_source,raw_level
price_family_ma9_structural_linked,structural_ma9,giles_county_va__county,median_sale_price,level,139,2012-06-30,2026-05-31,167485.28097521982,42157.216348110596,7443.247181964572,19673.26666666665,47111.111111111095,0.0,0.0,139.0,1.0,0.0,structural_ma9,ma9_level
price_family_ma9_structural_linked,raw_source,gloucester_county_nj__county,median_ppsf,level,164,2012-02-29,2026-05-31,136.99486577706168,39.86317701644401,0.919580838624404,2.0786666666666807,2.9000000000000057,0.0,0.0,164.0,1.0,0.0,raw_source,raw_level
price_family_ma9_structural_linked,structural_ma9,gloucester_county_nj__county,median_ppsf,level,164,2012-02-29,2026-05-31,136.99486577706168,39.86317701644401,0.919580838624404,2.0786666666666807,2.9000000000000057,0.0,0.0,164.0,1.0,0.0,structural_ma9,ma9_level
price_family_ma9_structural_linked,raw_source,gloucester_county_nj__county,median_sale_price,level,164,2012-02-29,2026-05-31,230796.47696476965,67567.51710355056,1990.0620313565094,4000.0000000000073,6544.444444444438,0.0,0.0,164.0,1.0,0.0,raw_source,raw_level
price_family_ma9_structural_linked,structural_ma9,gloucester_county_nj__county,median_sale_price,level,164,2012-02-29,2026-05-31,230796.47696476965,67567.51710355056,1990.0620313565094,4000.0000000000073,6544.444444444438,0.0,0.0,164.0,1.0,0.0,structural_ma9,ma9_level
price_family_ma9_structural_linked,raw_source,gloucester_county_va__county,median_ppsf,level,140,2014-02-28,2026-05-31,160.14496625660158,36.70040597365481,1.262217962366905,2.6473333333333304,4.728888888888861,0.0,0.0,140.0,1.0,0.0,raw_source,raw_level
price_family_ma9_structural_linked,structural_ma9,gloucester_county_va__county,median_ppsf,level,140,2014-02-28,2026-05-31,160.14496625660158,36.70040597365481,1.262217962366905,2.6473333333333304,4.728888888888861,0.0,0.0,140.0,1.0,0.0,structural_ma9,ma9_level
price_family_ma9_structural_linked,raw_source,gloucester_county_va__county,median_sale_price,level,140,2014-02-28,2026-05-31,279822.3111111111,58972.7781844823,3048.167865707432,6526.666666666663,9944.444444444438,0.0,0.0,140.0,1.0,0.0,raw_source,raw_level
price_family_ma9_structural_linked,structural_ma9,gloucester_county_va__county,median_sale_price,level,140,2014-02-28,2026-05-31,279822.3111111111,58972.7781844823,3048.167865707432,6526.666666666663,9944.444444444438,0.0,0.0,140.0,1.0,0.0,structural_ma9,ma9_level
price_family_ma9_structural_linked,raw_source,goochland_county_va__county,median_ppsf,level,165,2012-01-31,2026-05-31,178.4508085689798,47.39753965980935,1.492723933792006,3.0726666666666977,9.282926133333333,0.0,0.0,165.0,1.0,0.0,raw_source,raw_level
price_family_ma9_structural_linked,structural_ma9,goochland_county_va__county,median_ppsf,level,165,2012-01-31,2026-05-31,178.4508085689798,47.39753965980935,1.492723933792006,3.0726666666666977,9.282926133333333,0.0,0.0,165.0,1.0,0.0,structural_ma9,ma9_level
price_family_ma9_structural_linked,raw_source,goochland_county_va__county,median_sale_price,level,165,2012-01-31,2026-05-31,456023.8168350168,114535.39774931215,8321.29539295393,18288.588888888928,36036.22222222225,0.0,0.0,165.0,1.0,0.0,raw_source,raw_level
price_family_ma9_structural_linked,structural_ma9,goochland_county_va__county,median_sale_price,level,165,2012-01-31,2026-05-31,456023.8168350168,114535.39774931215,8321.29539295393,18288.588888888928,36036.22222222225,0.0,0.0,165.0,1.0,0.0,structural_ma9,ma9_level
price_family_ma9_structural_linked,raw_source,greene_county_va__county,median_ppsf,level,165,2012-01-31,2026-05-31,149.788642589202,38.91598928103941,1.6027505398387545,3.0132539329444543,7.365555555555574,0.0,0.0,165.0,0.9999999999999998,0.0,raw_source,raw_level
price_family_ma9_structural_linked,structural_ma9,greene_county_va__county,median_ppsf,level,165,2012-01-31,2026-05-31,149.788642589202,38.91598928103941,1.6027505398387545,3.0132539329444543,7.365555555555574,0.0,0.0,165.0,0.9999999999999998,0.0,structural_ma9,ma9_level
price_family_ma9_structural_linked,raw_source,greene_county_va__county,median_sale_price,level,165,2012-01-31,2026-05-31,294301.0777777778,70000.48404204758,4014.7428861788626,8459.888888888903,14166.666666666628,0.0,0.0,165.0,1.0,0.0,raw_source,raw_level
price_family_ma9_structural_linked,structural_ma9,greene_county_va__county,median_sale_price,level,165,2012-01-31,2026-05-31,294301.0777777778,70000.48404204758,4014.7428861788626,8459.888888888903,14166.666666666628,0.0,0.0,165.0,1.0,0.0,structural_ma9,ma9_level
price_family_ma9_structural_linked,raw_source,hagerstown_md_metro_area__cbsa_metro,median_ppsf,level,163,2012-01-31,2026-03-31,119.40445483908725,33.24834359452149,0.7316489787585732,1.5623101852333448,2.4915884827777575,0.0,0.0,163.0,0.9999999999999998,0.0,raw_source,raw_level
price_family_ma9_structural_linked,structural_ma9,hagerstown_md_metro_area__cbsa_metro,median_ppsf,level,163,2012-01-31,2026-03-31,119.40445483908725,33.24834359452149,0.7316489787585732,1.5623101852333448,2.4915884827777575,0.0,0.0,163.0,0.9999999999999998,0.0,structural_ma9,ma9_level
price_family_ma9_structural_linked,raw_source,hagerstown_md_metro_area__cbsa_metro,median_sale_price,level,163,2012-01-31,2026-03-31,210758.11997273346,60260.662963706614,1439.9098079561034,2883.33333333332,4450.0,0.0,0.0,163.0,1.0,0.0,raw_source,raw_level
price_family_ma9_structural_linked,structural_ma9,hagerstown_md_metro_area__cbsa_metro,median_sale_price,level,163,2012-01-31,2026-03-31,210758.11997273346,60260.662963706614,1439.9098079561034,2883.33333333332,4450.0,0.0,0.0,163.0,1.0,0.0,structural_ma9,ma9_level
price_family_ma9_structural_linked,raw_source,hampton_va__county,median_ppsf,level,140,2014-02-28,2026-05-31,134.05356293993253,33.25097825875211,0.7843883403972821,1.5857777777777784,2.1333333333333826,0.0,0.0,140.0,0.9999999999999998,0.0,raw_source,raw_level
price_family_ma9_structural_linked,structural_ma9,hampton_va__county,median_ppsf,level,140,2014-02-28,2026-05-31,134.05356293993253,33.25097825875211,0.7843883403972821,1.5857777777777784,2.1333333333333826,0.0,0.0,140.0,0.9999999999999998,0.0,structural_ma9,ma9_level
price_family_ma9_structural_linked,raw_source,hampton_va__county,median_sale_price,level,140,2014-02-28,2026-05-31,206954.0634920635,49907.64650044223,1496.3413269384503,3161.2666666666805,5344.444444444438,0.0,0.0,140.0,1.0,0.0,raw_source,raw_level
price_family_ma9_structural_linked,structural_ma9,hampton_va__county,median_sale_price,level,140,2014-02-28,2026-05-31,206954.0634920635,49907.64650044223,1496.3413269384503,3161.2666666666805,5344.444444444438,0.0,0.0,140.0,1.0,0.0,structural_ma9,ma9_level
price_family_ma9_structural_linked,raw_source,hanford_ca_metro_area__cbsa_metro,median_ppsf,level,163,2012-01-31,2026-03-31,158.74095963573552,45.02532149017355,1.0170835403415626,2.072094975344413,3.839926883444406,0.0,0.0,163.0,1.0,0.0,raw_source,raw_level
price_family_ma9_structural_linked,structural_ma9,hanford_ca_metro_area__cbsa_metro,median_ppsf,level,163,2012-01-31,2026-03-31,158.74095963573552,45.02532149017355,1.0170835403415626,2.072094975344413,3.839926883444406,0.0,0.0,163.0,1.0,0.0,structural_ma9,ma9_level
price_family_ma9_structural_linked,raw_source,hanford_ca_metro_area__cbsa_metro,median_sale_price,level,163,2012-01-31,2026-03-31,255652.08520790728,73985.34413011128,2161.6632373113844,4413.888888888911,8761.666666666657,0.0,0.0,163.0,1.0,0.0,raw_source,raw_level
price_family_ma9_structural_linked,structural_ma9,hanford_ca_metro_area__cbsa_metro,median_sale_price,level,163,2012-01-31,2026-03-31,255652.08520790728,73985.34413011128,2161.6632373113844,4413.888888888911,8761.666666666657,0.0,0.0,163.0,1.0,0.0,structural_ma9,ma9_level
price_family_ma9_structural_linked,raw_source,hanover_county_va__county,median_ppsf,level,165,2012-01-31,2026-05-31,157.71711999094478,38.90146022486647,0.8095672238170738,1.7074444444444656,3.2577777777777897,0.0,0.0,165.0,1.0,0.0,raw_source,raw_level
price_family_ma9_structural_linked,structural_ma9,hanover_county_va__county,median_ppsf,level,165,2012-01-31,2026-05-31,157.71711999094478,38.90146022486647,0.8095672238170738,1.7074444444444656,3.2577777777777897,0.0,0.0,165.0,1.0,0.0,structural_ma9,ma9_level
price_family_ma9_structural_linked,raw_source,hanover_county_va__county,median_sale_price,level,165,2012-01-31,2026-05-31,331768.935016835,83918.26262977801,2451.4671409214097,4722.716666666681,9333.333333333372,0.0,0.0,165.0,1.0,0.0,raw_source,raw_level
price_family_ma9_structural_linked,structural_ma9,hanover_county_va__county,median_sale_price,level,165,2012-01-31,2026-05-31,331768.935016835,83918.26262977801,2451.4671409214097,4722.716666666681,9333.333333333372,0.0,0.0,165.0,1.0,0.0,structural_ma9,ma9_level
price_family_ma9_structural_linked,raw_source,harford_county_md__county,median_ppsf,level,165,2012-01-31,2026-05-31,153.62011731238317,25.82367812572726,0.7689060359261504,1.531740740733369,3.5099999999999625,0.0,0.0,165.0,1.0,0.0,raw_source,raw_level
price_family_ma9_structural_linked,structural_ma9,harford_county_md__county,median_ppsf,level,165,2012-01-31,2026-05-31,153.62011731238317,25.82367812572726,0.7689060359261504,1.531740740733369,3.5099999999999625,0.0,0.0,165.0,1.0,0.0,structural_ma9,ma9_level
price_family_ma9_structural_linked,raw_source,harford_county_md__county,median_sale_price,level,165,2012-01-31,2026-05-31,287843.98013468017,60136.893136208855,2247.380081300814,4447.944444444438,8333.333333333314,0.0,0.0,165.0,1.0,0.0,raw_source,raw_level
price_family_ma9_structural_linked,structural_ma9,harford_county_md__county,median_sale_price,level,165,2012-01-31,2026-05-31,287843.98013468017,60136.893136208855,2247.380081300814,4447.944444444438,8333.333333333314,0.0,0.0,165.0,1.0,0.0,structural_ma9,ma9_level
price_family_ma9_structural_linked,raw_source,harrisonburg_va__county,median_ppsf,level,165,2012-01-31,2026-05-31,131.0089496009569,31.15462766084313,1.0337838743035233,1.9503643330000031,7.0493109524444435,0.0,0.0,165.0,1.0,0.0,raw_source,raw_level
price_family_ma9_structural_linked,structural_ma9,harrisonburg_va__county,median_ppsf,level,165,2012-01-31,2026-05-31,131.0089496009569,31.15462766084313,1.0337838743035233,1.9503643330000031,7.0493109524444435,0.0,0.0,165.0,1.0,0.0,structural_ma9,ma9_level
price_family_ma9_structural_linked,raw_source,harrisonburg_va__county,median_sale_price,level,165,2012-01-31,2026-05-31,215148.51111111112,52951.111211571115,2799.9349593495954,5911.111111111111,14055.555555555562,0.0,0.0,165.0,0.9999999999999999,0.0,raw_source,raw_level
price_family_ma9_structural_linked,structural_ma9,harrisonburg_va__county,median_sale_price,level,165,2012-01-31,2026-05-31,215148.51111111112,52951.111211571115,2799.9349593495954,5911.111111111111,14055.555555555562,0.0,0.0,165.0,0.9999999999999999,0.0,structural_ma9,ma9_level
price_family_ma9_structural_linked,raw_source,harrisonburg_va_metro_area__cbsa_metro,median_ppsf,level,163,2012-01-31,2026-03-31,138.9027672115017,35.91117202691918,0.8170204821687217,1.834105869811092,3.143303759333321,0.0,0.0,163.0,0.9999999999999998,0.0,raw_source,raw_level
price_family_ma9_structural_linked,structural_ma9,harrisonburg_va_metro_area__cbsa_metro,median_ppsf,level,163,2012-01-31,2026-03-31,138.9027672115017,35.91117202691918,0.8170204821687217,1.834105869811092,3.143303759333321,0.0,0.0,163.0,0.9999999999999998,0.0,structural_ma9,ma9_level
price_family_ma9_structural_linked,raw_source,harrisonburg_va_metro_area__cbsa_metro,median_sale_price,level,163,2012-01-31,2026-03-31,240938.08282208588,62429.9617589499,1843.697187928668,3876.6666666666547,7500.0,0.0,0.0,163.0,1.0,0.0,raw_source,raw_level
price_family_ma9_structural_linked,structural_ma9,harrisonburg_va_metro_area__cbsa_metro,median_sale_price,level,163,2012-01-31,2026-03-31,240938.08282208588,62429.9617589499,1843.697187928668,3876.6666666666547,7500.0,0.0,0.0,163.0,1.0,0.0,structural_ma9,ma9_level
price_family_ma9_structural_linked,raw_source,henrico_county_va__county,median_ppsf,level,165,2012-01-31,2026-05-31,158.67634128284243,41.15340420070476,0.9681230066084003,1.8721111111111302,2.75,0.0,0.0,165.0,1.0,0.0,raw_source,raw_level
price_family_ma9_structural_linked,structural_ma9,henrico_county_va__county,median_ppsf,level,165,2012-01-31,2026-05-31,158.67634128284243,41.15340420070476,0.9681230066084003,1.8721111111111302,2.75,0.0,0.0,165.0,1.0,0.0,structural_ma9,ma9_level
price_family_ma9_structural_linked,raw_source,henrico_county_va__county,median_sale_price,level,165,2012-01-31,2026-05-31,278920.4592592592,71278.06755936399,2328.9993224932255,4590.333333333314,6766.666666666628,0.0,0.0,165.0,0.9999999999999998,0.0,raw_source,raw_level
price_family_ma9_structural_linked,structural_ma9,henrico_county_va__county,median_sale_price,level,165,2012-01-31,2026-05-31,278920.4592592592,71278.06755936399,2328.9993224932255,4590.333333333314,6766.666666666628,0.0,0.0,165.0,0.9999999999999998,0.0,structural_ma9,ma9_level
price_family_ma9_structural_linked,raw_source,henry_county_va__county,median_ppsf,level,165,2012-01-31,2026-05-31,68.53678291298922,26.000313087428914,0.9741145199518965,2.2918888888888924,3.5611111111111313,0.0,0.0,165.0,0.9999999999999999,0.0,raw_source,raw_level
price_family_ma9_structural_linked,structural_ma9,henry_county_va__county,median_ppsf,level,165,2012-01-31,2026-05-31,68.53678291298922,26.000313087428914,0.9741145199518965,2.2918888888888924,3.5611111111111313,0.0,0.0,165.0,0.9999999999999999,0.0,structural_ma9,ma9_level
price_family_ma9_structural_linked,raw_source,henry_county_va__county,median_sale_price,level,165,2012-01-31,2026-05-31,110193.17104377106,40883.09978387394,1947.6111111111113,4218.888888888891,8044.4444444444525,0.0,0.0,165.0,0.9999999999999998,0.0,raw_source,raw_level
price_family_ma9_structural_linked,structural_ma9,henry_county_va__county,median_sale_price,level,165,2012-01-31,2026-05-31,110193.17104377106,40883.09978387394,1947.6111111111113,4218.888888888891,8044.4444444444525,0.0,0.0,165.0,0.9999999999999998,0.0,structural_ma9,ma9_level
price_family_ma9_structural_linked,raw_source,hopewell_va__county,median_ppsf,level,165,2012-01-31,2026-05-31,103.35475223150303,40.085170680127604,1.4416423524336035,2.7737777777777772,4.611111111111086,0.0,0.0,165.0,1.0,0.0,raw_source,raw_level
price_family_ma9_structural_linked,structural_ma9,hopewell_va__county,median_ppsf,level,165,2012-01-31,2026-05-31,103.35475223150303,40.085170680127604,1.4416423524336035,2.7737777777777772,4.611111111111086,0.0,0.0,165.0,1.0,0.0,structural_ma9,ma9_level
price_family_ma9_structural_linked,raw_source,hopewell_va__county,median_sale_price,level,165,2012-01-31,2026-05-31,145073.02929292928,53594.04667587871,2444.4789972899725,4966.666666666673,10055.555555555562,0.0,0.0,165.0,1.0,0.0,raw_source,raw_level
price_family_ma9_structural_linked,structural_ma9,hopewell_va__county,median_sale_price,level,165,2012-01-31,2026-05-31,145073.02929292928,53594.04667587871,2444.4789972899725,4966.666666666673,10055.555555555562,0.0,0.0,165.0,1.0,0.0,structural_ma9,ma9_level
price_family_ma9_structural_linked,raw_source,howard_county_md__county,median_ppsf,level,165,2012-01-31,2026-05-31,204.48968163087005,29.86502249253656,0.8600493142093496,1.876222222222231,2.7766666666666424,0.0,0.0,165.0,1.0,0.0,raw_source,raw_level
price_family_ma9_structural_linked,structural_ma9,howard_county_md__county,median_ppsf,level,165,2012-01-31,2026-05-31,204.48968163087005,29.86502249253656,0.8600493142093496,1.876222222222231,2.7766666666666424,0.0,0.0,165.0,1.0,0.0,structural_ma9,ma9_level
price_family_ma9_structural_linked,raw_source,howard_county_md__county,median_sale_price,level,165,2012-01-31,2026-05-31,453683.3562289562,80100.56577325774,4188.934281842818,7777.777777777752,15047.222222222248,0.0,0.0,165.0,0.9999999999999998,0.0,raw_source,raw_level
price_family_ma9_structural_linked,structural_ma9,howard_county_md__county,median_sale_price,level,165,2012-01-31,2026-05-31,453683.3562289562,80100.56577325774,4188.934281842818,7777.777777777752,15047.222222222248,0.0,0.0,165.0,0.9999999999999998,0.0,structural_ma9,ma9_level
price_family_ma9_structural_linked,raw_source,humboldt_county_ca__county,median_ppsf,level,146,2012-05-31,2026-05-31,234.78894031616971,48.18891073699297,2.1065525337547895,4.50844444444441,14.817717403999978,0.0,0.0,146.0,1.0,0.0,raw_source,raw_level
price_family_ma9_structural_linked,structural_ma9,humboldt_county_ca__county,median_ppsf,level,146,2012-05-31,2026-05-31,234.78894031616971,48.18891073699297,2.1065525337547895,4.50844444444441,14.817717403999978,0.0,0.0,146.0,1.0,0.0,structural_ma9,ma9_level
price_family_ma9_structural_linked,raw_source,humboldt_county_ca__county,median_sale_price,level,149,2012-03-31,2026-05-31,341846.1577181208,68998.37102086983,3725.180930930929,8033.3333333333385,25333.333333333343,0.0,0.0,149.0,1.0,0.0,raw_source,raw_level
price_family_ma9_structural_linked,structural_ma9,humboldt_county_ca__county,median_sale_price,level,149,2012-03-31,2026-05-31,341846.1577181208,68998.37102086983,3725.180930930929,8033.3333333333385,25333.333333333343,0.0,0.0,149.0,1.0,0.0,structural_ma9,ma9_level
price_family_ma9_structural_linked,raw_source,hunterdon_county_nj__county,median_ppsf,level,125,2015-05-31,2026-05-31,214.87239518871823,45.70801604919728,1.5199666147338702,2.9135555555555497,4.23333333333332,0.0,0.0,125.0,0.9999999999999999,0.0,raw_source,raw_level
price_family_ma9_structural_linked,structural_ma9,hunterdon_county_nj__county,median_ppsf,level,125,2015-05-31,2026-05-31,214.87239518871823,45.70801604919728,1.5199666147338702,2.9135555555555497,4.23333333333332,0.0,0.0,125.0,0.9999999999999999,0.0,structural_ma9,ma9_level
price_family_ma9_structural_linked,raw_source,hunterdon_county_nj__county,median_sale_price,level,125,2015-05-31,2026-05-31,433088.1924444444,87109.10377200649,5285.523745519714,11655.555555555575,16077.777777777752,0.0,0.0,125.0,0.9999999999999998,0.0,raw_source,raw_level
price_family_ma9_structural_linked,structural_ma9,hunterdon_county_nj__county,median_sale_price,level,125,2015-05-31,2026-05-31,433088.1924444444,87109.10377200649,5285.523745519714,11655.555555555575,16077.777777777752,0.0,0.0,125.0,0.9999999999999998,0.0,structural_ma9,ma9_level
price_family_ma9_structural_linked,raw_source,imperial_county_ca__county,median_ppsf,level,165,2012-01-31,2026-05-31,152.3896843444862,55.721839361504664,1.3666025056084,2.915111111111138,6.019877737000016,0.0,0.0,165.0,1.0,0.0,raw_source,raw_level
price_family_ma9_structural_linked,structural_ma9,imperial_county_ca__county,median_ppsf,level,165,2012-01-31,2026-05-31,152.3896843444862,55.721839361504664,1.3666025056084,2.915111111111138,6.019877737000016,0.0,0.0,165.0,1.0,0.0,structural_ma9,ma9_level
price_family_ma9_structural_linked,raw_source,imperial_county_ca__county,median_sale_price,level,165,2012-01-31,2026-05-31,245420.8814814815,90916.61074580012,2794.4464769647716,6083.333333333348,14205.555555555547,0.0,0.0,165.0,1.0,0.0,raw_source,raw_level
price_family_ma9_structural_linked,structural_ma9,imperial_county_ca__county,median_sale_price,level,165,2012-01-31,2026-05-31,245420.8814814815,90916.61074580012,2794.4464769647716,6083.333333333348,14205.555555555547,0.0,0.0,165.0,1.0,0.0,structural_ma9,ma9_level
price_family_ma9_structural_linked,raw_source,isle_of_wight_county_va__county,median_ppsf,level,140,2014-02-28,2026-05-31,152.8705675992611,33.25004615903911,0.9831740598385291,1.9835555555555575,3.447777777777759,0.0,0.0,140.0,1.0,0.0,raw_source,raw_level
price_family_ma9_structural_linked,structural_ma9,isle_of_wight_county_va__county,median_ppsf,level,140,2014-02-28,2026-05-31,152.8705675992611,33.25004615903911,0.9831740598385291,1.9835555555555575,3.447777777777759,0.0,0.0,140.0,1.0,0.0,structural_ma9,ma9_level
price_family_ma9_structural_linked,raw_source,isle_of_wight_county_va__county,median_sale_price,level,140,2014-02-28,2026-05-31,326689.3150793651,60618.230784609135,3747.338928856916,7460.977777777752,12777.77777777781,0.0,0.0,140.0,1.0,0.0,raw_source,raw_level
price_family_ma9_structural_linked,structural_ma9,isle_of_wight_county_va__county,median_sale_price,level,140,2014-02-28,2026-05-31,326689.3150793651,60618.230784609135,3747.338928856916,7460.977777777752,12777.77777777781,0.0,0.0,140.0,1.0,0.0,structural_ma9,ma9_level
price_family_ma9_structural_linked,raw_source,james_city_county_va__county,median_ppsf,level,140,2014-02-28,2026-05-31,163.69642636604365,30.435793379034333,0.8077113318872888,1.835777777777787,3.0888888888888744,0.0,0.0,140.0,1.0,0.0,raw_source,raw_level
price_family_ma9_structural_linked,structural_ma9,james_city_county_va__county,median_ppsf,level,140,2014-02-28,2026-05-31,163.69642636604365,30.435793379034333,0.8077113318872888,1.835777777777787,3.0888888888888744,0.0,0.0,140.0,1.0,0.0,structural_ma9,ma9_level
price_family_ma9_structural_linked,raw_source,james_city_county_va__county,median_sale_price,level,140,2014-02-28,2026-05-31,370124.6218253968,70269.92735311681,3255.220623501195,6577.688888888888,11222.22222222219,0.0,0.0,140.0,1.0,0.0,raw_source,raw_level
price_family_ma9_structural_linked,structural_ma9,james_city_county_va__county,median_sale_price,level,140,2014-02-28,2026-05-31,370124.6218253968,70269.92735311681,3255.220623501195,6577.688888888888,11222.22222222219,0.0,0.0,140.0,1.0,0.0,structural_ma9,ma9_level
price_family_ma9_structural_linked,raw_source,kern_county_ca__county,median_ppsf,level,165,2012-01-31,2026-05-31,158.90532721205656,46.48428654744543,1.0191513103008132,2.30330194095556,3.204444444444448,0.0,0.0,165.0,1.0,0.0,raw_source,raw_level
price_family_ma9_structural_linked,structural_ma9,kern_county_ca__county,median_ppsf,level,165,2012-01-31,2026-05-31,158.90532721205656,46.48428654744543,1.0191513103008132,2.30330194095556,3.204444444444448,0.0,0.0,165.0,1.0,0.0,structural_ma9,ma9_level
price_family_ma9_structural_linked,raw_source,kern_county_ca__county,median_sale_price,level,165,2012-01-31,2026-05-31,261850.08047138047,77992.33061329494,1754.6097560975609,3888.888888888876,5194.444444444438,0.0,0.0,165.0,1.0,0.0,raw_source,raw_level
price_family_ma9_structural_linked,structural_ma9,kern_county_ca__county,median_sale_price,level,165,2012-01-31,2026-05-31,261850.08047138047,77992.33061329494,1754.6097560975609,3888.888888888876,5194.444444444438,0.0,0.0,165.0,1.0,0.0,structural_ma9,ma9_level
price_family_ma9_structural_linked,raw_source,king_and_queen_county_va__county,median_ppsf,level,163,2012-01-31,2026-05-31,129.38112249267348,43.31122827926468,3.7828424989883414,8.044555555555561,15.98222222222222,0.0,0.0,163.0,1.0,0.0,raw_source,raw_level
price_family_ma9_structural_linked,structural_ma9,king_and_queen_county_va__county,median_ppsf,level,163,2012-01-31,2026-05-31,129.38112249267348,43.31122827926468,3.7828424989883414,8.044555555555561,15.98222222222222,0.0,0.0,163.0,1.0,0.0,structural_ma9,ma9_level
price_family_ma9_structural_linked,raw_source,king_and_queen_county_va__county,median_sale_price,level,163,2012-01-31,2026-05-31,205417.0126107703,61499.05169204742,7557.526748971193,17338.888888888912,30283.333333333314,0.0,0.0,163.0,1.0,0.0,raw_source,raw_level
price_family_ma9_structural_linked,structural_ma9,king_and_queen_county_va__county,median_sale_price,level,163,2012-01-31,2026-05-31,205417.0126107703,61499.05169204742,7557.526748971193,17338.888888888912,30283.333333333314,0.0,0.0,163.0,1.0,0.0,structural_ma9,ma9_level
price_family_ma9_structural_linked,raw_source,king_william_county_va__county,median_ppsf,level,165,2012-01-31,2026-05-31,145.29140035323906,38.28262893083122,1.3425781343705965,2.836555555555541,5.908888888888896,0.0,0.0,165.0,1.0,0.0,raw_source,raw_level
price_family_ma9_structural_linked,structural_ma9,king_william_county_va__county,median_ppsf,level,165,2012-01-31,2026-05-31,145.29140035323906,38.28262893083122,1.3425781343705965,2.836555555555541,5.908888888888896,0.0,0.0,165.0,1.0,0.0,structural_ma9,ma9_level
price_family_ma9_structural_linked,raw_source,king_william_county_va__county,median_sale_price,level,165,2012-01-31,2026-05-31,238560.61649831652,73898.86461969846,2394.949186991872,4946.066666666687,8314.444444444438,0.0,0.0,165.0,1.0,0.0,raw_source,raw_level
price_family_ma9_structural_linked,structural_ma9,king_william_county_va__county,median_sale_price,level,165,2012-01-31,2026-05-31,238560.61649831652,73898.86461969846,2394.949186991872,4946.066666666687,8314.444444444438,0.0,0.0,165.0,1.0,0.0,structural_ma9,ma9_level
price_family_ma9_structural_linked,raw_source,kings_county_ca__county,median_ppsf,level,165,2012-01-31,2026-05-31,159.6770060544128,45.479307911747334,1.01800552090244,2.0697463635666993,3.8400000000000034,0.0,0.0,165.0,1.0,0.0,raw_source,raw_level
price_family_ma9_structural_linked,structural_ma9,kings_county_ca__county,median_ppsf,level,165,2012-01-31,2026-05-31,159.6770060544128,45.479307911747334,1.01800552090244,2.0697463635666993,3.8400000000000034,0.0,0.0,165.0,1.0,0.0,structural_ma9,ma9_level
price_family_ma9_structural_linked,raw_source,kings_county_ca__county,median_sale_price,level,165,2012-01-31,2026-05-31,256981.69292929294,74446.31269844051,2141.534552845528,4408.33333333334,8245.555555555562,0.0,0.0,165.0,0.9999999999999998,0.0,raw_source,raw_level
price_family_ma9_structural_linked,structural_ma9,kings_county_ca__county,median_sale_price,level,165,2012-01-31,2026-05-31,256981.69292929294,74446.31269844051,2141.534552845528,4408.33333333334,8245.555555555562,0.0,0.0,165.0,0.9999999999999998,0.0,structural_ma9,ma9_level
price_family_ma9_structural_linked,raw_source,lake_county_ca__county,median_ppsf,level,165,2012-01-31,2026-05-31,172.76110912953604,47.08217463428308,1.6439892742479665,3.18188888888887,5.25333333333333,0.0,0.0,165.0,1.0,0.0,raw_source,raw_level
price_family_ma9_structural_linked,structural_ma9,lake_county_ca__county,median_ppsf,level,165,2012-01-31,2026-05-31,172.76110912953604,47.08217463428308,1.6439892742479665,3.18188888888887,5.25333333333333,0.0,0.0,165.0,1.0,0.0,structural_ma9,ma9_level
price_family_ma9_structural_linked,raw_source,lake_county_ca__county,median_sale_price,level,165,2012-01-31,2026-05-31,257382.0080808081,70680.34962986103,2732.8130081300797,6019.444444444447,11027.77777777781,0.0,0.0,165.0,0.9999999999999998,0.0,raw_source,raw_level
price_family_ma9_structural_linked,structural_ma9,lake_county_ca__county,median_sale_price,level,165,2012-01-31,2026-05-31,257382.0080808081,70680.34962986103,2732.8130081300797,6019.444444444447,11027.77777777781,0.0,0.0,165.0,0.9999999999999998,0.0,structural_ma9,ma9_level
price_family_ma9_structural_linked,raw_source,lassen_county_ca__county,median_ppsf,level,158,2012-04-30,2026-05-31,126.12850999252251,41.396157648539635,1.965447626034678,4.110444444444472,11.200623697777779,0.0,0.0,158.0,1.0,0.0,raw_source,raw_level
price_family_ma9_structural_linked,structural_ma9,lassen_county_ca__county,median_ppsf,level,158,2012-04-30,2026-05-31,126.12850999252251,41.396157648539635,1.965447626034678,4.110444444444472,11.200623697777779,0.0,0.0,158.0,1.0,0.0,structural_ma9,ma9_level
price_family_ma9_structural_linked,raw_source,lassen_county_ca__county,median_sale_price,level,158,2012-04-30,2026-05-31,183556.18284106892,55495.35325634751,4241.082802547772,8469.999999999998,20466.66666666667,0.0,0.0,158.0,1.0,0.0,raw_source,raw_level
price_family_ma9_structural_linked,structural_ma9,lassen_county_ca__county,median_sale_price,level,158,2012-04-30,2026-05-31,183556.18284106892,55495.35325634751,4241.082802547772,8469.999999999998,20466.66666666667,0.0,0.0,158.0,1.0,0.0,structural_ma9,ma9_level
price_family_ma9_structural_linked,raw_source,los_angeles_ca_metro_area__cbsa_metro,median_ppsf,level,165,2012-01-31,2026-05-31,438.14220202020203,115.99583892136512,2.6782926829268288,5.757111111111142,7.863333333333401,0.0,0.0,165.0,1.0,0.0,raw_source,raw_level
price_family_ma9_structural_linked,structural_ma9,los_angeles_ca_metro_area__cbsa_metro,median_ppsf,level,165,2012-01-31,2026-05-31,438.14220202020203,115.99583892136512,2.6782926829268288,5.757111111111142,7.863333333333401,0.0,0.0,165.0,1.0,0.0,structural_ma9,ma9_level
price_family_ma9_structural_linked,raw_source,los_angeles_ca_metro_area__cbsa_metro,median_sale_price,level,165,2012-01-31,2026-05-31,654438.8754208755,180205.6927793861,4487.880081300811,9377.777777777825,13333.333333333372,0.0,0.0,165.0,1.0,0.0,raw_source,raw_level
price_family_ma9_structural_linked,structural_ma9,los_angeles_ca_metro_area__cbsa_metro,median_sale_price,level,165,2012-01-31,2026-05-31,654438.8754208755,180205.6927793861,4487.880081300811,9377.777777777825,13333.333333333372,0.0,0.0,165.0,1.0,0.0,structural_ma9,ma9_level
price_family_ma9_structural_linked,raw_source,los_angeles_county_ca__county,median_ppsf,level,165,2012-01-31,2026-05-31,438.16814125460803,115.99042647693467,2.8365730136653102,6.1758698296555625,8.084444444444443,0.0,0.0,165.0,1.0,0.0,raw_source,raw_level
price_family_ma9_structural_linked,structural_ma9,los_angeles_county_ca__county,median_ppsf,level,165,2012-01-31,2026-05-31,438.16814125460803,115.99042647693467,2.8365730136653102,6.1758698296555625,8.084444444444443,0.0,0.0,165.0,1.0,0.0,structural_ma9,ma9_level
price_family_ma9_structural_linked,raw_source,los_angeles_county_ca__county,median_sale_price,level,165,2012-01-31,2026-05-31,654433.937037037,180211.67216706084,4488.082317073169,9377.777777777825,13333.333333333372,0.0,0.0,165.0,1.0,0.0,raw_source,raw_level
price_family_ma9_structural_linked,structural_ma9,los_angeles_county_ca__county,median_sale_price,level,165,2012-01-31,2026-05-31,654433.937037037,180211.67216706084,4488.082317073169,9377.777777777825,13333.333333333372,0.0,0.0,165.0,1.0,0.0,structural_ma9,ma9_level
price_family_ma9_structural_linked,raw_source,loudoun_county_va__county,median_ppsf,level,165,2012-01-31,2026-05-31,215.61161047400202,44.8260393985484,0.9742556677886155,2.346777777777768,3.344444444444491,0.0,0.0,165.0,0.9999999999999999,0.0,raw_source,raw_level
price_family_ma9_structural_linked,structural_ma9,loudoun_county_va__county,median_ppsf,level,165,2012-01-31,2026-05-31,215.61161047400202,44.8260393985484,0.9742556677886155,2.346777777777768,3.344444444444491,0.0,0.0,165.0,0.9999999999999999,0.0,structural_ma9,ma9_level
price_family_ma9_structural_linked,raw_source,loudoun_county_va__county,median_sale_price,level,165,2012-01-31,2026-05-31,544402.2966329966,123228.10937364778,3630.3502710027096,7812.777777777787,13890.0,0.0,0.0,165.0,1.0,0.0,raw_source,raw_level
price_family_ma9_structural_linked,structural_ma9,loudoun_county_va__county,median_sale_price,level,165,2012-01-31,2026-05-31,544402.2966329966,123228.10937364778,3630.3502710027096,7812.777777777787,13890.0,0.0,0.0,165.0,1.0,0.0,structural_ma9,ma9_level
price_family_ma9_structural_linked,raw_source,lynchburg_va__county,median_ppsf,level,164,2012-01-31,2026-05-31,103.18197827294648,30.57551181288815,1.2599982082283585,2.4531111111111166,10.607080146555575,0.0,0.0,164.0,0.9999999999999999,0.0,raw_source,raw_level
price_family_ma9_structural_linked,structural_ma9,lynchburg_va__county,median_ppsf,level,164,2012-01-31,2026-05-31,103.18197827294648,30.57551181288815,1.2599982082283585,2.4531111111111166,10.607080146555575,0.0,0.0,164.0,0.9999999999999999,0.0,structural_ma9,ma9_level
price_family_ma9_structural_linked,raw_source,lynchburg_va__county,median_sale_price,level,164,2012-01-31,2026-05-31,176325.98949864498,51391.53125548082,2399.316291751875,4646.666666666646,14388.888888888876,0.0,0.0,164.0,1.0,0.0,raw_source,raw_level
price_family_ma9_structural_linked,structural_ma9,lynchburg_va__county,median_sale_price,level,164,2012-01-31,2026-05-31,176325.98949864498,51391.53125548082,2399.316291751875,4646.666666666646,14388.888888888876,0.0,0.0,164.0,1.0,0.0,structural_ma9,ma9_level
price_family_ma9_structural_linked,raw_source,lynchburg_va_metro_area__cbsa_metro,median_ppsf,level,163,2012-01-31,2026-03-31,114.68444493545262,30.632955710370037,0.9641372736570648,1.9711050104111059,3.584643994555549,0.0,0.0,163.0,1.0,0.0,raw_source,raw_level
price_family_ma9_structural_linked,structural_ma9,lynchburg_va_metro_area__cbsa_metro,median_ppsf,level,163,2012-01-31,2026-03-31,114.68444493545262,30.632955710370037,0.9641372736570648,1.9711050104111059,3.584643994555549,0.0,0.0,163.0,1.0,0.0,structural_ma9,ma9_level
price_family_ma9_structural_linked,raw_source,lynchburg_va_metro_area__cbsa_metro,median_sale_price,level,163,2012-01-31,2026-03-31,207768.61451942738,52081.82550437079,1641.9451303154992,3333.3333333333403,6994.444444444438,0.0,0.0,163.0,0.9999999999999999,0.0,raw_source,raw_level
price_family_ma9_structural_linked,structural_ma9,lynchburg_va_metro_area__cbsa_metro,median_sale_price,level,163,2012-01-31,2026-03-31,207768.61451942738,52081.82550437079,1641.9451303154992,3333.3333333333403,6994.444444444438,0.0,0.0,163.0,0.9999999999999999,0.0,structural_ma9,ma9_level
price_family_ma9_structural_linked,raw_source,madera_ca_metro_area__cbsa_metro,median_ppsf,level,163,2012-01-31,2026-03-31,166.96733764812885,56.55127081510251,1.3178461589026051,2.4080656966111094,4.4202662388889,0.0,0.0,163.0,0.9999999999999999,0.0,raw_source,raw_level
price_family_ma9_structural_linked,structural_ma9,madera_ca_metro_area__cbsa_metro,median_ppsf,level,163,2012-01-31,2026-03-31,166.96733764812885,56.55127081510251,1.3178461589026051,2.4080656966111094,4.4202662388889,0.0,0.0,163.0,0.9999999999999999,0.0,structural_ma9,ma9_level
price_family_ma9_structural_linked,raw_source,madera_ca_metro_area__cbsa_metro,median_sale_price,level,163,2012-01-31,2026-03-31,293881.63599182,99351.10479527086,2378.0891632373105,4978.2222222222235,7388.888888888876,0.0,0.0,163.0,0.9999999999999999,0.0,raw_source,raw_level
price_family_ma9_structural_linked,structural_ma9,madera_ca_metro_area__cbsa_metro,median_sale_price,level,163,2012-01-31,2026-03-31,293881.63599182,99351.10479527086,2378.0891632373105,4978.2222222222235,7388.888888888876,0.0,0.0,163.0,0.9999999999999999,0.0,structural_ma9,ma9_level
price_family_ma9_structural_linked,raw_source,madera_county_ca__county,median_ppsf,level,165,2012-01-31,2026-05-31,167.78780770527004,56.87532837987032,1.300307985863821,2.3747777777777785,4.6188888888888755,0.0,0.0,165.0,1.0,0.0,raw_source,raw_level
price_family_ma9_structural_linked,structural_ma9,madera_county_ca__county,median_ppsf,level,165,2012-01-31,2026-05-31,167.78780770527004,56.87532837987032,1.300307985863821,2.3747777777777785,4.6188888888888755,0.0,0.0,165.0,1.0,0.0,structural_ma9,ma9_level
price_family_ma9_structural_linked,raw_source,madera_county_ca__county,median_sale_price,level,165,2012-01-31,2026-05-31,294125.13737373735,99251.81591361479,2329.4098915989152,4978.833333333333,9333.333333333372,0.0,0.0,165.0,1.0,0.0,raw_source,raw_level
price_family_ma9_structural_linked,structural_ma9,madera_county_ca__county,median_sale_price,level,165,2012-01-31,2026-05-31,294125.13737373735,99251.81591361479,2329.4098915989152,4978.833333333333,9333.333333333372,0.0,0.0,165.0,1.0,0.0,structural_ma9,ma9_level
price_family_ma9_structural_linked,raw_source,madison_county_va__county,median_ppsf,level,165,2012-01-31,2026-05-31,161.4870872305542,47.86881334483304,3.0354363401246593,6.312666666666642,13.866666666666674,0.0,0.0,165.0,1.0,0.0,raw_source,raw_level
price_family_ma9_structural_linked,structural_ma9,madison_county_va__county,median_ppsf,level,165,2012-01-31,2026-05-31,161.4870872305542,47.86881334483304,3.0354363401246593,6.312666666666642,13.866666666666674,0.0,0.0,165.0,1.0,0.0,structural_ma9,ma9_level
price_family_ma9_structural_linked,raw_source,madison_county_va__county,median_sale_price,level,165,2012-01-31,2026-05-31,277345.867003367,89228.02549885507,6316.555555555555,11764.861111111115,21444.444444444467,0.0,0.0,165.0,1.0,0.0,raw_source,raw_level
price_family_ma9_structural_linked,structural_ma9,madison_county_va__county,median_sale_price,level,165,2012-01-31,2026-05-31,277345.867003367,89228.02549885507,6316.555555555555,11764.861111111115,21444.444444444467,0.0,0.0,165.0,1.0,0.0,structural_ma9,ma9_level
price_family_ma9_structural_linked,raw_source,manassas_park_va__county,median_ppsf,level,165,2012-01-31,2026-05-31,194.99772563295218,43.671795962285756,2.262126487203928,4.648555555555552,9.414444444444484,0.0,0.0,165.0,0.9999999999999999,0.0,raw_source,raw_level
price_family_ma9_structural_linked,structural_ma9,manassas_park_va__county,median_ppsf,level,165,2012-01-31,2026-05-31,194.99772563295218,43.671795962285756,2.262126487203928,4.648555555555552,9.414444444444484,0.0,0.0,165.0,0.9999999999999999,0.0,structural_ma9,ma9_level
price_family_ma9_structural_linked,raw_source,manassas_park_va__county,median_sale_price,level,165,2012-01-31,2026-05-31,328762.0444444445,81808.38632240293,4920.9674796747995,10913.333333333358,27888.888888888876,0.0,0.0,165.0,0.9999999999999998,0.0,raw_source,raw_level
price_family_ma9_structural_linked,structural_ma9,manassas_park_va__county,median_sale_price,level,165,2012-01-31,2026-05-31,328762.0444444445,81808.38632240293,4920.9674796747995,10913.333333333358,27888.888888888876,0.0,0.0,165.0,0.9999999999999998,0.0,structural_ma9,ma9_level
price_family_ma9_structural_linked,raw_source,manassas_va__county,median_ppsf,level,165,2012-01-31,2026-05-31,193.46605939505858,46.02158533905838,1.2658740318875303,2.5115555555555527,5.161111111111154,0.0,0.0,165.0,1.0,0.0,raw_source,raw_level
price_family_ma9_structural_linked,structural_ma9,manassas_va__county,median_ppsf,level,165,2012-01-31,2026-05-31,193.46605939505858,46.02158533905838,1.2658740318875303,2.5115555555555527,5.161111111111154,0.0,0.0,165.0,1.0,0.0,structural_ma9,ma9_level
price_family_ma9_structural_linked,raw_source,manassas_va__county,median_sale_price,level,165,2012-01-31,2026-05-31,344741.3494949495,87602.19386482288,4037.613143631438,7777.77777777781,16666.666666666686,0.0,0.0,165.0,0.9999999999999999,0.0,raw_source,raw_level
price_family_ma9_structural_linked,structural_ma9,manassas_va__county,median_sale_price,level,165,2012-01-31,2026-05-31,344741.3494949495,87602.19386482288,4037.613143631438,7777.77777777781,16666.666666666686,0.0,0.0,165.0,0.9999999999999999,0.0,structural_ma9,ma9_level
price_family_ma9_structural_linked,raw_source,marin_county_ca__county,median_ppsf,level,165,2012-01-31,2026-05-31,643.5543408857677,135.03565203514825,6.416634928235095,13.129548189422275,31.158888888888896,0.0,0.0,165.0,0.9999999999999998,0.0,raw_source,raw_level
price_family_ma9_structural_linked,structural_ma9,marin_county_ca__county,median_ppsf,level,165,2012-01-31,2026-05-31,643.5543408857677,135.03565203514825,6.416634928235095,13.129548189422275,31.158888888888896,0.0,0.0,165.0,0.9999999999999998,0.0,structural_ma9,ma9_level
price_family_ma9_structural_linked,raw_source,marin_county_ca__county,median_sale_price,level,165,2012-01-31,2026-05-31,1165953.6356902358,257557.98071265704,13412.300135501353,28127.77777777776,61111.11111111101,0.0,0.0,165.0,0.9999999999999999,0.0,raw_source,raw_level
price_family_ma9_structural_linked,structural_ma9,marin_county_ca__county,median_sale_price,level,165,2012-01-31,2026-05-31,1165953.6356902358,257557.98071265704,13412.300135501353,28127.77777777776,61111.11111111101,0.0,0.0,165.0,0.9999999999999999,0.0,structural_ma9,ma9_level
price_family_ma9_structural_linked,raw_source,martinsville_va__county,median_ppsf,level,165,2012-01-31,2026-05-31,52.686376768616164,19.612397095488838,1.3875903957154472,2.844666666666661,8.00666666666666,0.0,0.0,165.0,1.0,0.0,raw_source,raw_level
price_family_ma9_structural_linked,structural_ma9,martinsville_va__county,median_ppsf,level,165,2012-01-31,2026-05-31,52.686376768616164,19.612397095488838,1.3875903957154472,2.844666666666661,8.00666666666666,0.0,0.0,165.0,1.0,0.0,structural_ma9,ma9_level
price_family_ma9_structural_linked,raw_source,martinsville_va__county,median_sale_price,level,165,2012-01-31,2026-05-31,92244.2936026936,29838.615730221,3748.6168699186987,8846.666666666672,14013.88888888889,0.0,0.0,165.0,0.9999999999999999,0.0,raw_source,raw_level
price_family_ma9_structural_linked,structural_ma9,martinsville_va__county,median_sale_price,level,165,2012-01-31,2026-05-31,92244.2936026936,29838.615730221,3748.6168699186987,8846.666666666672,14013.88888888889,0.0,0.0,165.0,0.9999999999999999,0.0,structural_ma9,ma9_level
price_family_ma9_structural_linked,raw_source,martinsville_va_metro_area__cbsa_metro,median_ppsf,level,163,2012-01-31,2026-03-31,63.5582435684424,22.36125431695932,0.9713764136920442,1.7665290432111094,6.801988225222232,0.0,0.0,163.0,1.0,0.0,raw_source,raw_level
price_family_ma9_structural_linked,structural_ma9,martinsville_va_metro_area__cbsa_metro,median_ppsf,level,163,2012-01-31,2026-03-31,63.5582435684424,22.36125431695932,0.9713764136920442,1.7665290432111094,6.801988225222232,0.0,0.0,163.0,1.0,0.0,structural_ma9,ma9_level
price_family_ma9_structural_linked,raw_source,martinsville_va_metro_area__cbsa_metro,median_sale_price,level,163,2012-01-31,2026-03-31,103771.24028629858,34707.296565781595,1931.7366255144036,4187.3333333333485,13112.833333333343,0.0,0.0,163.0,1.0,0.0,raw_source,raw_level
price_family_ma9_structural_linked,structural_ma9,martinsville_va_metro_area__cbsa_metro,median_sale_price,level,163,2012-01-31,2026-03-31,103771.24028629858,34707.296565781595,1931.7366255144036,4187.3333333333485,13112.833333333343,0.0,0.0,163.0,1.0,0.0,structural_ma9,ma9_level
price_family_ma9_structural_linked,raw_source,maryland__state,median_ppsf,level,165,2012-01-31,2026-05-31,176.544734006734,30.440430835196103,0.6288550135501362,1.5604444444444545,2.923333333333346,0.0,0.0,165.0,0.9999999999999999,0.0,raw_source,raw_level
price_family_ma9_structural_linked,structural_ma9,maryland__state,median_ppsf,level,165,2012-01-31,2026-05-31,176.544734006734,30.440430835196103,0.6288550135501362,1.5604444444444545,2.923333333333346,0.0,0.0,165.0,0.9999999999999999,0.0,structural_ma9,ma9_level
price_family_ma9_structural_linked,raw_source,maryland__state,median_sale_price,level,165,2012-01-31,2026-05-31,316896.4208754209,66123.86565628856,2235.621273712738,3855.1666666666965,5876.666666666686,0.0,0.0,165.0,1.0,0.0,raw_source,raw_level
price_family_ma9_structural_linked,structural_ma9,maryland__state,median_sale_price,level,165,2012-01-31,2026-05-31,316896.4208754209,66123.86565628856,2235.621273712738,3855.1666666666965,5876.666666666686,0.0,0.0,165.0,1.0,0.0,structural_ma9,ma9_level
price_family_ma9_structural_linked,raw_source,mathews_county_va__county,median_ppsf,level,140,2014-02-28,2026-05-31,155.64509666659762,40.64934812822979,3.3486633701079125,6.840888888888879,13.756666666666689,0.0,0.0,140.0,1.0,0.0,raw_source,raw_level
price_family_ma9_structural_linked,structural_ma9,mathews_county_va__county,median_ppsf,level,140,2014-02-28,2026-05-31,155.64509666659762,40.64934812822979,3.3486633701079125,6.840888888888879,13.756666666666689,0.0,0.0,140.0,1.0,0.0,structural_ma9,ma9_level
price_family_ma9_structural_linked,raw_source,mathews_county_va__county,median_sale_price,level,140,2014-02-28,2026-05-31,274453.67619047617,73266.98066195448,7885.634692246202,16188.888888888854,25833.333333333314,0.0,0.0,140.0,1.0,0.0,raw_source,raw_level
price_family_ma9_structural_linked,structural_ma9,mathews_county_va__county,median_sale_price,level,140,2014-02-28,2026-05-31,274453.67619047617,73266.98066195448,7885.634692246202,16188.888888888854,25833.333333333314,0.0,0.0,140.0,1.0,0.0,structural_ma9,ma9_level
price_family_ma9_structural_linked,raw_source,mendocino_county_ca__county,median_ppsf,level,165,2012-01-31,2026-05-31,273.62508426519867,62.39988974957612,2.616619894336041,5.151222222222221,12.385555555555584,0.0,0.0,165.0,1.0,0.0,raw_source,raw_level
price_family_ma9_structural_linked,structural_ma9,mendocino_county_ca__county,median_ppsf,level,165,2012-01-31,2026-05-31,273.62508426519867,62.39988974957612,2.616619894336041,5.151222222222221,12.385555555555584,0.0,0.0,165.0,1.0,0.0,structural_ma9,ma9_level
price_family_ma9_structural_linked,raw_source,mendocino_county_ca__county,median_sale_price,level,165,2012-01-31,2026-05-31,430939.98754208756,101411.41062236496,5273.962737127374,11111.11111111109,21833.333333333372,0.0,0.0,165.0,1.0,0.0,raw_source,raw_level
price_family_ma9_structural_linked,structural_ma9,mendocino_county_ca__county,median_sale_price,level,165,2012-01-31,2026-05-31,430939.98754208756,101411.41062236496,5273.962737127374,11111.11111111109,21833.333333333372,0.0,0.0,165.0,1.0,0.0,structural_ma9,ma9_level
price_family_ma9_structural_linked,raw_source,merced_ca_metro_area__cbsa_metro,median_ppsf,level,163,2012-01-31,2026-03-31,176.4762050858739,60.57394952848623,1.4495173582969823,3.070890565366661,5.111370233444433,0.0,0.0,163.0,0.9999999999999999,0.0,raw_source,raw_level
price_family_ma9_structural_linked,structural_ma9,merced_ca_metro_area__cbsa_metro,median_ppsf,level,163,2012-01-31,2026-03-31,176.4762050858739,60.57394952848623,1.4495173582969823,3.070890565366661,5.111370233444433,0.0,0.0,163.0,0.9999999999999999,0.0,structural_ma9,ma9_level
price_family_ma9_structural_linked,raw_source,merced_ca_metro_area__cbsa_metro,median_sale_price,level,163,2012-01-31,2026-03-31,289301.3122017723,97763.54956133738,2322.871399176954,4443.333333333381,7777.777777777752,0.0,0.0,163.0,1.0,0.0,raw_source,raw_level
price_family_ma9_structural_linked,structural_ma9,merced_ca_metro_area__cbsa_metro,median_sale_price,level,163,2012-01-31,2026-03-31,289301.3122017723,97763.54956133738,2322.871399176954,4443.333333333381,7777.777777777752,0.0,0.0,163.0,1.0,0.0,structural_ma9,ma9_level
price_family_ma9_structural_linked,raw_source,merced_county_ca__county,median_ppsf,level,165,2012-01-31,2026-05-31,177.52816060565252,60.92388056208011,1.4328484128489165,3.023449498411108,5.112222222222215,0.0,0.0,165.0,1.0,0.0,raw_source,raw_level
price_family_ma9_structural_linked,structural_ma9,merced_county_ca__county,median_ppsf,level,165,2012-01-31,2026-05-31,177.52816060565252,60.92388056208011,1.4328484128489165,3.023449498411108,5.112222222222215,0.0,0.0,165.0,1.0,0.0,structural_ma9,ma9_level
price_family_ma9_structural_linked,raw_source,merced_county_ca__county,median_sale_price,level,165,2012-01-31,2026-05-31,290846.98215488216,98054.30667114386,2314.0298102981033,4413.055555555542,7777.777777777752,0.0,0.0,165.0,1.0,0.0,raw_source,raw_level
price_family_ma9_structural_linked,structural_ma9,merced_county_ca__county,median_sale_price,level,165,2012-01-31,2026-05-31,290846.98215488216,98054.30667114386,2314.0298102981033,4413.055555555542,7777.777777777752,0.0,0.0,165.0,1.0,0.0,structural_ma9,ma9_level
price_family_ma9_structural_linked,raw_source,mercer_county_nj__county,median_ppsf,level,165,2012-01-31,2026-05-31,186.8863780166889,46.95667423761085,1.7916754884302186,3.281180610433331,5.566666666666691,0.0,0.0,165.0,0.9999999999999999,0.0,raw_source,raw_level
price_family_ma9_structural_linked,structural_ma9,mercer_county_nj__county,median_ppsf,level,165,2012-01-31,2026-05-31,186.8863780166889,46.95667423761085,1.7916754884302186,3.281180610433331,5.566666666666691,0.0,0.0,165.0,0.9999999999999999,0.0,structural_ma9,ma9_level
price_family_ma9_structural_linked,raw_source,mercer_county_nj__county,median_sale_price,level,165,2012-01-31,2026-05-31,291649.6639730639,76241.92244631355,4324.566395663957,8000.0,12111.111111111124,0.0,0.0,165.0,0.9999999999999998,0.0,raw_source,raw_level
price_family_ma9_structural_linked,structural_ma9,mercer_county_nj__county,median_sale_price,level,165,2012-01-31,2026-05-31,291649.6639730639,76241.92244631355,4324.566395663957,8000.0,12111.111111111124,0.0,0.0,165.0,0.9999999999999998,0.0,structural_ma9,ma9_level
price_family_ma9_structural_linked,raw_source,middlesex_county_nj__county,median_ppsf,level,165,2012-01-31,2026-05-31,229.34709523915623,59.54644809061965,1.3847411117330601,2.856888888888884,4.445555555555529,0.0,0.0,165.0,1.0,0.0,raw_source,raw_level
price_family_ma9_structural_linked,structural_ma9,middlesex_county_nj__county,median_ppsf,level,165,2012-01-31,2026-05-31,229.34709523915623,59.54644809061965,1.3847411117330601,2.856888888888884,4.445555555555529,0.0,0.0,165.0,1.0,0.0,structural_ma9,ma9_level
price_family_ma9_structural_linked,raw_source,middlesex_county_nj__county,median_sale_price,level,165,2012-01-31,2026-05-31,353352.47037037037,97187.56687533969,2731.7615176151776,5000.0,9333.333333333372,0.0,0.0,165.0,0.9999999999999999,0.0,raw_source,raw_level
price_family_ma9_structural_linked,structural_ma9,middlesex_county_nj__county,median_sale_price,level,165,2012-01-31,2026-05-31,353352.47037037037,97187.56687533969,2731.7615176151776,5000.0,9333.333333333372,0.0,0.0,165.0,0.9999999999999999,0.0,structural_ma9,ma9_level
price_family_ma9_structural_linked,raw_source,modesto_ca_metro_area__cbsa_metro,median_ppsf,level,150,2013-02-28,2026-03-31,216.15430615774147,61.037785420920585,1.5176308651342278,2.897298138422224,5.157809583666676,0.0,0.0,150.0,1.0,0.0,raw_source,raw_level
price_family_ma9_structural_linked,structural_ma9,modesto_ca_metro_area__cbsa_metro,median_ppsf,level,150,2013-02-28,2026-03-31,216.15430615774147,61.037785420920585,1.5176308651342278,2.897298138422224,5.157809583666676,0.0,0.0,150.0,1.0,0.0,structural_ma9,ma9_level
price_family_ma9_structural_linked,raw_source,modesto_ca_metro_area__cbsa_metro,median_sale_price,level,150,2013-02-28,2026-03-31,346694.29962962965,95382.3460876769,2611.4500372856082,5111.111111111071,8333.333333333314,0.0,0.0,150.0,0.9999999999999999,0.0,raw_source,raw_level
price_family_ma9_structural_linked,structural_ma9,modesto_ca_metro_area__cbsa_metro,median_sale_price,level,150,2013-02-28,2026-03-31,346694.29962962965,95382.3460876769,2611.4500372856082,5111.111111111071,8333.333333333314,0.0,0.0,150.0,0.9999999999999999,0.0,structural_ma9,ma9_level
price_family_ma9_structural_linked,raw_source,monmouth_county_nj__county,median_ppsf,level,165,2012-01-31,2026-05-31,246.16142472835355,67.1660901529614,1.5625288898678837,3.3914444444444727,4.704444444444391,0.0,0.0,165.0,1.0,0.0,raw_source,raw_level
price_family_ma9_structural_linked,structural_ma9,monmouth_county_nj__county,median_ppsf,level,165,2012-01-31,2026-05-31,246.16142472835355,67.1660901529614,1.5625288898678837,3.3914444444444727,4.704444444444391,0.0,0.0,165.0,1.0,0.0,structural_ma9,ma9_level
price_family_ma9_structural_linked,raw_source,monmouth_county_nj__county,median_sale_price,level,165,2012-01-31,2026-05-31,462009.38383838383,130238.49042269323,3617.6192411924153,7629.444444444429,14444.444444444496,0.0,0.0,165.0,1.0,0.0,raw_source,raw_level
price_family_ma9_structural_linked,structural_ma9,monmouth_county_nj__county,median_sale_price,level,165,2012-01-31,2026-05-31,462009.38383838383,130238.49042269323,3617.6192411924153,7629.444444444429,14444.444444444496,0.0,0.0,165.0,1.0,0.0,structural_ma9,ma9_level
price_family_ma9_structural_linked,raw_source,monterey_county_ca__county,median_ppsf,level,165,2012-01-31,2026-05-31,408.42153315138387,125.79072043354168,3.5367333428035255,7.190756246244436,11.992222222222267,0.0,0.0,165.0,1.0,0.0,raw_source,raw_level
price_family_ma9_structural_linked,structural_ma9,monterey_county_ca__county,median_ppsf,level,165,2012-01-31,2026-05-31,408.42153315138387,125.79072043354168,3.5367333428035255,7.190756246244436,11.992222222222267,0.0,0.0,165.0,1.0,0.0,structural_ma9,ma9_level
price_family_ma9_structural_linked,raw_source,monterey_county_ca__county,median_sale_price,level,165,2012-01-31,2026-05-31,636637.7471380471,194346.30324087414,5821.026422764228,11969.444444444493,26055.55555555562,0.0,0.0,165.0,1.0,0.0,raw_source,raw_level
price_family_ma9_structural_linked,structural_ma9,monterey_county_ca__county,median_sale_price,level,165,2012-01-31,2026-05-31,636637.7471380471,194346.30324087414,5821.026422764228,11969.444444444493,26055.55555555562,0.0,0.0,165.0,1.0,0.0,structural_ma9,ma9_level
price_family_ma9_structural_linked,raw_source,montgomery_county_md__county,median_ppsf,level,165,2012-01-31,2026-05-31,245.68736237398923,31.17690393005207,1.1991264959376682,2.445535915322188,4.10666666666674,0.0,0.0,165.0,1.0,0.0,raw_source,raw_level
price_family_ma9_structural_linked,structural_ma9,montgomery_county_md__county,median_ppsf,level,165,2012-01-31,2026-05-31,245.68736237398923,31.17690393005207,1.1991264959376682,2.445535915322188,4.10666666666674,0.0,0.0,165.0,1.0,0.0,structural_ma9,ma9_level
price_family_ma9_structural_linked,raw_source,montgomery_county_md__county,median_sale_price,level,165,2012-01-31,2026-05-31,474750.828956229,86505.40238766052,3914.162601626016,7255.822222222231,11666.666666666628,0.0,0.0,165.0,1.0,0.0,raw_source,raw_level
price_family_ma9_structural_linked,structural_ma9,montgomery_county_md__county,median_sale_price,level,165,2012-01-31,2026-05-31,474750.828956229,86505.40238766052,3914.162601626016,7255.822222222231,11666.666666666628,0.0,0.0,165.0,1.0,0.0,structural_ma9,ma9_level
price_family_ma9_structural_linked,raw_source,montgomery_county_va__county,median_ppsf,level,163,2012-01-31,2026-05-31,133.185579645711,41.89561767196555,1.4881109249691364,2.8150000718000103,5.612443112444453,0.0,0.0,163.0,1.0,0.0,raw_source,raw_level
price_family_ma9_structural_linked,structural_ma9,montgomery_county_va__county,median_ppsf,level,163,2012-01-31,2026-05-31,133.185579645711,41.89561767196555,1.4881109249691364,2.8150000718000103,5.612443112444453,0.0,0.0,163.0,1.0,0.0,structural_ma9,ma9_level
price_family_ma9_structural_linked,raw_source,montgomery_county_va__county,median_sale_price,level,163,2012-01-31,2026-05-31,250567.2430129516,74130.75938353654,4954.430727023319,10494.444444444456,26144.444444444467,0.0,0.0,163.0,1.0,0.0,raw_source,raw_level
price_family_ma9_structural_linked,structural_ma9,montgomery_county_va__county,median_sale_price,level,163,2012-01-31,2026-05-31,250567.2430129516,74130.75938353654,4954.430727023319,10494.444444444456,26144.444444444467,0.0,0.0,163.0,1.0,0.0,structural_ma9,ma9_level
price_family_ma9_structural_linked,raw_source,morris_county_nj__county,median_ppsf,level,125,2015-05-31,2026-05-31,263.01492460504267,54.40144503456046,1.7097162464103959,3.5542222222222226,4.7333333333333485,0.0,0.0,125.0,1.0,0.0,raw_source,raw_level
price_family_ma9_structural_linked,structural_ma9,morris_county_nj__county,median_ppsf,level,125,2015-05-31,2026-05-31,263.01492460504267,54.40144503456046,1.7097162464103959,3.5542222222222226,4.7333333333333485,0.0,0.0,125.0,1.0,0.0,structural_ma9,ma9_level
price_family_ma9_structural_linked,raw_source,morris_county_nj__county,median_sale_price,level,125,2015-05-31,2026-05-31,501807.72,105588.51811075138,4522.153225806452,8447.222222222237,12972.222222222248,0.0,0.0,125.0,1.0,0.0,raw_source,raw_level
price_family_ma9_structural_linked,structural_ma9,morris_county_nj__county,median_sale_price,level,125,2015-05-31,2026-05-31,501807.72,105588.51811075138,4522.153225806452,8447.222222222237,12972.222222222248,0.0,0.0,125.0,1.0,0.0,structural_ma9,ma9_level
price_family_ma9_structural_linked,raw_source,napa_ca_metro_area__cbsa_metro,median_ppsf,level,163,2012-01-31,2026-03-31,440.3083320283613,110.94310236504866,3.798522245345684,7.835620870744527,12.59677850611115,0.0,0.0,163.0,1.0,0.0,raw_source,raw_level
price_family_ma9_structural_linked,structural_ma9,napa_ca_metro_area__cbsa_metro,median_ppsf,level,163,2012-01-31,2026-03-31,440.3083320283613,110.94310236504866,3.798522245345684,7.835620870744527,12.59677850611115,0.0,0.0,163.0,1.0,0.0,structural_ma9,ma9_level
price_family_ma9_structural_linked,raw_source,napa_ca_metro_area__cbsa_metro,median_sale_price,level,163,2012-01-31,2026-03-31,703747.7658486707,173157.14779796274,6885.64471879287,15442.666666666622,25000.0,0.0,0.0,163.0,0.9999999999999998,0.0,raw_source,raw_level
price_family_ma9_structural_linked,structural_ma9,napa_ca_metro_area__cbsa_metro,median_sale_price,level,163,2012-01-31,2026-03-31,703747.7658486707,173157.14779796274,6885.64471879287,15442.666666666622,25000.0,0.0,0.0,163.0,0.9999999999999998,0.0,structural_ma9,ma9_level
price_family_ma9_structural_linked,raw_source,napa_county_ca__county,median_ppsf,level,165,2012-01-31,2026-05-31,440.6761744949913,112.04950649847133,3.8366689378529806,7.836545361855523,12.596666666666636,0.0,0.0,165.0,1.0,0.0,raw_source,raw_level
price_family_ma9_structural_linked,structural_ma9,napa_county_ca__county,median_ppsf,level,165,2012-01-31,2026-05-31,440.6761744949913,112.04950649847133,3.8366689378529806,7.836545361855523,12.596666666666636,0.0,0.0,165.0,1.0,0.0,structural_ma9,ma9_level
price_family_ma9_structural_linked,raw_source,napa_county_ca__county,median_sale_price,level,165,2012-01-31,2026-05-31,703806.2962962963,175752.31727124116,6894.995934959346,15245.22222222219,25000.0,0.0,0.0,165.0,0.9999999999999999,0.0,raw_source,raw_level
price_family_ma9_structural_linked,structural_ma9,napa_county_ca__county,median_sale_price,level,165,2012-01-31,2026-05-31,703806.2962962963,175752.31727124116,6894.995934959346,15245.22222222219,25000.0,0.0,0.0,165.0,0.9999999999999999,0.0,structural_ma9,ma9_level
price_family_ma9_structural_linked,raw_source,nelson_county_va__county,median_ppsf,level,165,2012-01-31,2026-05-31,169.29831149608754,53.35225814192838,2.1912657023401105,4.378777777777768,8.598888888888894,0.0,0.0,165.0,0.9999999999999999,0.0,raw_source,raw_level
price_family_ma9_structural_linked,structural_ma9,nelson_county_va__county,median_ppsf,level,165,2012-01-31,2026-05-31,169.29831149608754,53.35225814192838,2.1912657023401105,4.378777777777768,8.598888888888894,0.0,0.0,165.0,0.9999999999999999,0.0,structural_ma9,ma9_level
price_family_ma9_structural_linked,raw_source,nelson_county_va__county,median_sale_price,level,165,2012-01-31,2026-05-31,283936.62457912456,80270.44900341776,6041.3197831978305,12697.22222222219,26777.77777777778,0.0,0.0,165.0,1.0,0.0,raw_source,raw_level
price_family_ma9_structural_linked,structural_ma9,nelson_county_va__county,median_sale_price,level,165,2012-01-31,2026-05-31,283936.62457912456,80270.44900341776,6041.3197831978305,12697.22222222219,26777.77777777778,0.0,0.0,165.0,1.0,0.0,structural_ma9,ma9_level
price_family_ma9_structural_linked,raw_source,nevada_county_ca__county,median_ppsf,level,165,2012-01-31,2026-05-31,269.15276094892454,62.882651289537556,2.0722975803665307,4.59633333333336,7.421111111111145,0.0,0.0,165.0,0.9999999999999999,0.0,raw_source,raw_level
price_family_ma9_structural_linked,structural_ma9,nevada_county_ca__county,median_ppsf,level,165,2012-01-31,2026-05-31,269.15276094892454,62.882651289537556,2.0722975803665307,4.59633333333336,7.421111111111145,0.0,0.0,165.0,0.9999999999999999,0.0,structural_ma9,ma9_level
price_family_ma9_structural_linked,raw_source,nevada_county_ca__county,median_sale_price,level,165,2012-01-31,2026-05-31,488229.3111111111,121726.23806546892,4708.763550135496,9900.000000000011,20644.44444444438,0.0,0.0,165.0,1.0,0.0,raw_source,raw_level
price_family_ma9_structural_linked,structural_ma9,nevada_county_ca__county,median_sale_price,level,165,2012-01-31,2026-05-31,488229.3111111111,121726.23806546892,4708.763550135496,9900.000000000011,20644.44444444438,0.0,0.0,165.0,1.0,0.0,structural_ma9,ma9_level
price_family_ma9_structural_linked,raw_source,new_brunswick_nj_metro_area__cbsa_metro,median_ppsf,level,165,2012-01-31,2026-05-31,223.46812794612796,61.22675083288379,1.1455352303523036,2.7934444444444355,4.00555555555556,0.0,0.0,165.0,1.0,0.0,raw_source,raw_level
price_family_ma9_structural_linked,structural_ma9,new_brunswick_nj_metro_area__cbsa_metro,median_ppsf,level,165,2012-01-31,2026-05-31,223.46812794612796,61.22675083288379,1.1455352303523036,2.7934444444444355,4.00555555555556,0.0,0.0,165.0,1.0,0.0,structural_ma9,ma9_level
price_family_ma9_structural_linked,raw_source,new_brunswick_nj_metro_area__cbsa_metro,median_sale_price,level,165,2012-01-31,2026-05-31,367612.16094276094,103044.50815343857,2911.313008130081,5472.222222222201,7833.333333333314,0.0,0.0,165.0,1.0,0.0,raw_source,raw_level
price_family_ma9_structural_linked,structural_ma9,new_brunswick_nj_metro_area__cbsa_metro,median_sale_price,level,165,2012-01-31,2026-05-31,367612.16094276094,103044.50815343857,2911.313008130081,5472.222222222201,7833.333333333314,0.0,0.0,165.0,1.0,0.0,structural_ma9,ma9_level
price_family_ma9_structural_linked,raw_source,new_jersey__state,median_ppsf,level,165,2012-01-31,2026-05-31,208.95876767676765,56.50134844769621,1.1267479674796759,2.6294444444444456,5.049999999999983,0.0,0.0,165.0,1.0,0.0,raw_source,raw_level
price_family_ma9_structural_linked,structural_ma9,new_jersey__state,median_ppsf,level,165,2012-01-31,2026-05-31,208.95876767676765,56.50134844769621,1.1267479674796759,2.6294444444444456,5.049999999999983,0.0,0.0,165.0,1.0,0.0,structural_ma9,ma9_level
price_family_ma9_structural_linked,raw_source,new_jersey__state,median_sale_price,level,165,2012-01-31,2026-05-31,353811.597979798,95638.39476204556,3108.4925474254733,5615.555555555552,8333.333333333372,0.0,0.0,165.0,1.0,0.0,raw_source,raw_level
price_family_ma9_structural_linked,structural_ma9,new_jersey__state,median_sale_price,level,165,2012-01-31,2026-05-31,353811.597979798,95638.39476204556,3108.4925474254733,5615.555555555552,8333.333333333372,0.0,0.0,165.0,1.0,0.0,structural_ma9,ma9_level
price_family_ma9_structural_linked,raw_source,new_kent_county_va__county,median_ppsf,level,165,2012-01-31,2026-05-31,148.36133951242422,35.89484799774492,1.0223638754762872,2.420000000000002,4.826666666666654,0.0,0.0,165.0,1.0,0.0,raw_source,raw_level
price_family_ma9_structural_linked,structural_ma9,new_kent_county_va__county,median_ppsf,level,165,2012-01-31,2026-05-31,148.36133951242422,35.89484799774492,1.0223638754762872,2.420000000000002,4.826666666666654,0.0,0.0,165.0,1.0,0.0,structural_ma9,ma9_level
price_family_ma9_structural_linked,raw_source,new_kent_county_va__county,median_sale_price,level,165,2012-01-31,2026-05-31,314301.5734006734,74410.96568531329,3047.3912601626007,6972.200000000027,14177.77777777781,0.0,0.0,165.0,1.0,0.0,raw_source,raw_level
price_family_ma9_structural_linked,structural_ma9,new_kent_county_va__county,median_sale_price,level,165,2012-01-31,2026-05-31,314301.5734006734,74410.96568531329,3047.3912601626007,6972.200000000027,14177.77777777781,0.0,0.0,165.0,1.0,0.0,structural_ma9,ma9_level
price_family_ma9_structural_linked,raw_source,newark_nj_metro_area__cbsa_metro,median_ppsf,level,165,2012-01-31,2026-05-31,225.61872727272728,57.79223408230253,1.2335840108401088,2.805333333333341,5.314444444444433,0.0,0.0,165.0,1.0,0.0,raw_source,raw_level
price_family_ma9_structural_linked,structural_ma9,newark_nj_metro_area__cbsa_metro,median_ppsf,level,165,2012-01-31,2026-05-31,225.61872727272728,57.79223408230253,1.2335840108401088,2.805333333333341,5.314444444444433,0.0,0.0,165.0,1.0,0.0,structural_ma9,ma9_level
price_family_ma9_structural_linked,raw_source,newark_nj_metro_area__cbsa_metro,median_sale_price,level,165,2012-01-31,2026-05-31,399696.2363636364,105943.7346718282,4231.865853658536,7778.555555555538,12222.222222222248,0.0,0.0,165.0,1.0,0.0,raw_source,raw_level
price_family_ma9_structural_linked,structural_ma9,newark_nj_metro_area__cbsa_metro,median_sale_price,level,165,2012-01-31,2026-05-31,399696.2363636364,105943.7346718282,4231.865853658536,7778.555555555538,12222.222222222248,0.0,0.0,165.0,1.0,0.0,structural_ma9,ma9_level
price_family_ma9_structural_linked,raw_source,newport_news_va__county,median_ppsf,level,140,2014-02-28,2026-05-31,136.17059895789285,30.31598862785278,0.8579741483493208,1.6655555555555397,2.430000000000007,0.0,0.0,140.0,1.0,0.0,raw_source,raw_level
price_family_ma9_structural_linked,structural_ma9,newport_news_va__county,median_ppsf,level,140,2014-02-28,2026-05-31,136.17059895789285,30.31598862785278,0.8579741483493208,1.6655555555555397,2.430000000000007,0.0,0.0,140.0,1.0,0.0,structural_ma9,ma9_level
price_family_ma9_structural_linked,raw_source,newport_news_va__county,median_sale_price,level,140,2014-02-28,2026-05-31,216669.6865079365,47094.032291892065,1667.2629896083133,3324.444444444444,4888.888888888876,0.0,0.0,140.0,1.0,0.0,raw_source,raw_level
price_family_ma9_structural_linked,structural_ma9,newport_news_va__county,median_sale_price,level,140,2014-02-28,2026-05-31,216669.6865079365,47094.032291892065,1667.2629896083133,3324.444444444444,4888.888888888876,0.0,0.0,140.0,1.0,0.0,structural_ma9,ma9_level
price_family_ma9_structural_linked,raw_source,norfolk_va__county,median_ppsf,level,140,2014-02-28,2026-05-31,150.6669014004508,35.862665184589126,0.9105855692294162,1.76666666666668,2.578888888888855,0.0,0.0,140.0,1.0,0.0,raw_source,raw_level
price_family_ma9_structural_linked,structural_ma9,norfolk_va__county,median_ppsf,level,140,2014-02-28,2026-05-31,150.6669014004508,35.862665184589126,0.9105855692294162,1.76666666666668,2.578888888888855,0.0,0.0,140.0,1.0,0.0,structural_ma9,ma9_level
price_family_ma9_structural_linked,raw_source,norfolk_va__county,median_sale_price,level,140,2014-02-28,2026-05-31,238483.91746031746,52640.33079449112,1547.926458832932,3232.222222222219,4000.0,0.0,0.0,140.0,0.9999999999999999,0.0,raw_source,raw_level
price_family_ma9_structural_linked,structural_ma9,norfolk_va__county,median_sale_price,level,140,2014-02-28,2026-05-31,238483.91746031746,52640.33079449112,1547.926458832932,3232.222222222219,4000.0,0.0,0.0,140.0,0.9999999999999999,0.0,structural_ma9,ma9_level
price_family_ma9_structural_linked,raw_source,norton_va__county,median_ppsf,level,124,2014-01-31,2026-05-31,62.8400484457267,13.833167759465695,2.8220904011797656,5.969111111111107,13.652222222222221,0.0,0.0,124.0,1.0,0.0,raw_source,raw_level
price_family_ma9_structural_linked,structural_ma9,norton_va__county,median_ppsf,level,124,2014-01-31,2026-05-31,62.8400484457267,13.833167759465695,2.8220904011797656,5.969111111111107,13.652222222222221,0.0,0.0,124.0,1.0,0.0,structural_ma9,ma9_level
price_family_ma9_structural_linked,raw_source,norton_va__county,median_sale_price,level,124,2014-01-31,2026-05-31,120419.13351254481,25848.84313844046,6696.1029810298105,12368.88888888889,27444.444444444438,0.0,0.0,124.0,1.0,0.0,raw_source,raw_level
price_family_ma9_structural_linked,structural_ma9,norton_va__county,median_sale_price,level,124,2014-01-31,2026-05-31,120419.13351254481,25848.84313844046,6696.1029810298105,12368.88888888889,27444.444444444438,0.0,0.0,124.0,1.0,0.0,structural_ma9,ma9_level
price_family_ma9_structural_linked,raw_source,oakland_ca_metro_area__cbsa_metro,median_ppsf,level,165,2012-01-31,2026-05-31,474.2472255892256,119.7105792529388,3.392249322493224,7.56277777777781,10.47888888888889,0.0,0.0,165.0,1.0,0.0,raw_source,raw_level
price_family_ma9_structural_linked,structural_ma9,oakland_ca_metro_area__cbsa_metro,median_ppsf,level,165,2012-01-31,2026-05-31,474.2472255892256,119.7105792529388,3.392249322493224,7.56277777777781,10.47888888888889,0.0,0.0,165.0,1.0,0.0,structural_ma9,ma9_level
price_family_ma9_structural_linked,raw_source,oakland_ca_metro_area__cbsa_metro,median_sale_price,level,165,2012-01-31,2026-05-31,725257.7084175084,186048.6465198567,7577.760162601627,14444.444444444496,33333.33333333337,0.0,0.0,165.0,1.0,0.0,raw_source,raw_level
price_family_ma9_structural_linked,structural_ma9,oakland_ca_metro_area__cbsa_metro,median_sale_price,level,165,2012-01-31,2026-05-31,725257.7084175084,186048.6465198567,7577.760162601627,14444.444444444496,33333.33333333337,0.0,0.0,165.0,1.0,0.0,structural_ma9,ma9_level
price_family_ma9_structural_linked,raw_source,ocean_city_nj_metro_area__cbsa_metro,median_ppsf,level,163,2012-01-31,2026-03-31,339.14769012863053,111.30570004656302,3.9455578156762665,8.998871178544482,16.885794093555603,0.0,0.0,163.0,1.0,0.0,raw_source,raw_level
price_family_ma9_structural_linked,structural_ma9,ocean_city_nj_metro_area__cbsa_metro,median_ppsf,level,163,2012-01-31,2026-03-31,339.14769012863053,111.30570004656302,3.9455578156762665,8.998871178544482,16.885794093555603,0.0,0.0,163.0,1.0,0.0,structural_ma9,ma9_level
price_family_ma9_structural_linked,raw_source,ocean_city_nj_metro_area__cbsa_metro,median_sale_price,level,163,2012-01-31,2026-03-31,461748.25903203816,126690.89205325626,5731.541838134431,11383.333333333327,23616.666666666628,0.0,0.0,163.0,0.9999999999999999,0.0,raw_source,raw_level
price_family_ma9_structural_linked,structural_ma9,ocean_city_nj_metro_area__cbsa_metro,median_sale_price,level,163,2012-01-31,2026-03-31,461748.25903203816,126690.89205325626,5731.541838134431,11383.333333333327,23616.666666666628,0.0,0.0,163.0,0.9999999999999999,0.0,structural_ma9,ma9_level
price_family_ma9_structural_linked,raw_source,ocean_county_nj__county,median_ppsf,level,165,2012-01-31,2026-05-31,189.4659925586074,58.79647628888345,1.2831063003997305,2.982222222222214,4.914444444444456,0.0,0.0,165.0,1.0,0.0,raw_source,raw_level
price_family_ma9_structural_linked,structural_ma9,ocean_county_nj__county,median_ppsf,level,165,2012-01-31,2026-05-31,189.4659925586074,58.79647628888345,1.2831063003997305,2.982222222222214,4.914444444444456,0.0,0.0,165.0,1.0,0.0,structural_ma9,ma9_level
price_family_ma9_structural_linked,raw_source,ocean_county_nj__county,median_sale_price,level,165,2012-01-31,2026-05-31,304144.4737373737,97092.6793129971,2416.404132791328,4966.666666666664,9444.444444444438,0.0,0.0,165.0,0.9999999999999999,0.0,raw_source,raw_level
price_family_ma9_structural_linked,structural_ma9,ocean_county_nj__county,median_sale_price,level,165,2012-01-31,2026-05-31,304144.4737373737,97092.6793129971,2416.404132791328,4966.666666666664,9444.444444444438,0.0,0.0,165.0,0.9999999999999999,0.0,structural_ma9,ma9_level
price_family_ma9_structural_linked,raw_source,orange_county_ca__county,median_ppsf,level,165,2012-01-31,2026-05-31,457.856884467839,129.07949861332003,3.0143899239525727,6.958333333333281,11.691111111111127,0.0,0.0,165.0,1.0,0.0,raw_source,raw_level
price_family_ma9_structural_linked,structural_ma9,orange_county_ca__county,median_ppsf,level,165,2012-01-31,2026-05-31,457.856884467839,129.07949861332003,3.0143899239525727,6.958333333333281,11.691111111111127,0.0,0.0,165.0,1.0,0.0,structural_ma9,ma9_level
price_family_ma9_structural_linked,raw_source,orange_county_ca__county,median_sale_price,level,165,2012-01-31,2026-05-31,786136.8841750842,232034.29518199977,5824.9952574525705,12222.222222222248,18650.55555555562,0.0,0.0,165.0,1.0,0.0,raw_source,raw_level
price_family_ma9_structural_linked,structural_ma9,orange_county_ca__county,median_sale_price,level,165,2012-01-31,2026-05-31,786136.8841750842,232034.29518199977,5824.9952574525705,12222.222222222248,18650.55555555562,0.0,0.0,165.0,1.0,0.0,structural_ma9,ma9_level
price_family_ma9_structural_linked,raw_source,oxnard_ca_metro_area__cbsa_metro,median_ppsf,level,165,2012-01-31,2026-05-31,378.257164983165,92.99645855806642,2.193807588075883,5.14433333333333,6.816666666666663,0.0,0.0,165.0,1.0,0.0,raw_source,raw_level
price_family_ma9_structural_linked,structural_ma9,oxnard_ca_metro_area__cbsa_metro,median_ppsf,level,165,2012-01-31,2026-05-31,378.257164983165,92.99645855806642,2.193807588075883,5.14433333333333,6.816666666666663,0.0,0.0,165.0,1.0,0.0,structural_ma9,ma9_level
price_family_ma9_structural_linked,raw_source,oxnard_ca_metro_area__cbsa_metro,median_sale_price,level,165,2012-01-31,2026-05-31,642108.8828282829,157130.45538467806,4236.654471544716,8688.888888888878,13888.888888888876,0.0,0.0,165.0,1.0,0.0,raw_source,raw_level
price_family_ma9_structural_linked,structural_ma9,oxnard_ca_metro_area__cbsa_metro,median_sale_price,level,165,2012-01-31,2026-05-31,642108.8828282829,157130.45538467806,4236.654471544716,8688.888888888878,13888.888888888876,0.0,0.0,165.0,1.0,0.0,structural_ma9,ma9_level
price_family_ma9_structural_linked,raw_source,petersburg_va__county,median_ppsf,level,165,2012-01-31,2026-05-31,77.5044536047212,41.52943234110273,1.4423918787696475,2.895444444444446,6.394444444444446,0.0,0.0,165.0,1.0,0.0,raw_source,raw_level
price_family_ma9_structural_linked,structural_ma9,petersburg_va__county,median_ppsf,level,165,2012-01-31,2026-05-31,77.5044536047212,41.52943234110273,1.4423918787696475,2.895444444444446,6.394444444444446,0.0,0.0,165.0,1.0,0.0,structural_ma9,ma9_level
price_family_ma9_structural_linked,raw_source,petersburg_va__county,median_sale_price,level,165,2012-01-31,2026-05-31,113996.30067340068,58836.12585378751,2351.6670054200536,4936.600000000005,8358.333333333328,0.0,0.0,165.0,0.9999999999999999,0.0,raw_source,raw_level
price_family_ma9_structural_linked,structural_ma9,petersburg_va__county,median_sale_price,level,165,2012-01-31,2026-05-31,113996.30067340068,58836.12585378751,2351.6670054200536,4936.600000000005,8358.333333333328,0.0,0.0,165.0,0.9999999999999999,0.0,structural_ma9,ma9_level
price_family_ma9_structural_linked,raw_source,pittsylvania_county_va__county,median_ppsf,level,165,2012-01-31,2026-05-31,91.65962719983435,26.583810187054695,1.313671067531166,2.6888888888888727,4.403333333333364,0.0,0.0,165.0,1.0,0.0,raw_source,raw_level
price_family_ma9_structural_linked,structural_ma9,pittsylvania_county_va__county,median_ppsf,level,165,2012-01-31,2026-05-31,91.65962719983435,26.583810187054695,1.313671067531166,2.6888888888888727,4.403333333333364,0.0,0.0,165.0,1.0,0.0,structural_ma9,ma9_level
price_family_ma9_structural_linked,raw_source,pittsylvania_county_va__county,median_sale_price,level,165,2012-01-31,2026-05-31,154562.46195286195,41274.998446458914,2963.272357723577,5832.222222222237,13666.666666666672,0.0,0.0,165.0,1.0,0.0,raw_source,raw_level
price_family_ma9_structural_linked,structural_ma9,pittsylvania_county_va__county,median_sale_price,level,165,2012-01-31,2026-05-31,154562.46195286195,41274.998446458914,2963.272357723577,5832.222222222237,13666.666666666672,0.0,0.0,165.0,1.0,0.0,structural_ma9,ma9_level
price_family_ma9_structural_linked,raw_source,placer_county_ca__county,median_ppsf,level,165,2012-01-31,2026-05-31,264.1146746345616,66.71746940407334,1.7528083211361822,3.8908238717444767,5.930000000000007,0.0,0.0,165.0,1.0,0.0,raw_source,raw_level
price_family_ma9_structural_linked,structural_ma9,placer_county_ca__county,median_ppsf,level,165,2012-01-31,2026-05-31,264.1146746345616,66.71746940407334,1.7528083211361822,3.8908238717444767,5.930000000000007,0.0,0.0,165.0,1.0,0.0,structural_ma9,ma9_level
price_family_ma9_structural_linked,raw_source,placer_county_ca__county,median_sale_price,level,165,2012-01-31,2026-05-31,512425.9276094276,129268.8231746897,3743.1544715447135,7744.444444444416,14555.555555555504,0.0,0.0,165.0,0.9999999999999999,0.0,raw_source,raw_level
price_family_ma9_structural_linked,structural_ma9,placer_county_ca__county,median_sale_price,level,165,2012-01-31,2026-05-31,512425.9276094276,129268.8231746897,3743.1544715447135,7744.444444444416,14555.555555555504,0.0,0.0,165.0,0.9999999999999999,0.0,structural_ma9,ma9_level
price_family_ma9_structural_linked,raw_source,poquoson_va__county,median_ppsf,level,140,2014-02-28,2026-05-31,164.1978318209135,29.478749716507956,1.5660309076123085,3.4525644873111134,5.376666666666637,0.0,0.0,140.0,1.0,0.0,raw_source,raw_level
price_family_ma9_structural_linked,structural_ma9,poquoson_va__county,median_ppsf,level,140,2014-02-28,2026-05-31,164.1978318209135,29.478749716507956,1.5660309076123085,3.4525644873111134,5.376666666666637,0.0,0.0,140.0,1.0,0.0,structural_ma9,ma9_level
price_family_ma9_structural_linked,raw_source,poquoson_va__county,median_sale_price,level,140,2014-02-28,2026-05-31,358703.1777777778,74078.65717123779,6511.099920063948,13302.222222222234,21554.444444444438,0.0,0.0,140.0,1.0,0.0,raw_source,raw_level
price_family_ma9_structural_linked,structural_ma9,poquoson_va__county,median_sale_price,level,140,2014-02-28,2026-05-31,358703.1777777778,74078.65717123779,6511.099920063948,13302.222222222234,21554.444444444438,0.0,0.0,140.0,1.0,0.0,structural_ma9,ma9_level
price_family_ma9_structural_linked,raw_source,portsmouth_va__county,median_ppsf,level,140,2014-02-28,2026-05-31,126.34211898671032,33.84565895817779,0.9429127464995999,1.8577777777777924,2.5033333333333303,0.0,0.0,140.0,0.9999999999999998,0.0,raw_source,raw_level
price_family_ma9_structural_linked,structural_ma9,portsmouth_va__county,median_ppsf,level,140,2014-02-28,2026-05-31,126.34211898671032,33.84565895817779,0.9429127464995999,1.8577777777777924,2.5033333333333303,0.0,0.0,140.0,0.9999999999999998,0.0,structural_ma9,ma9_level
price_family_ma9_structural_linked,raw_source,portsmouth_va__county,median_sale_price,level,140,2014-02-28,2026-05-31,192132.1626984127,51504.877377808305,1599.5387689848121,3252.933333333343,5357.4444444444525,0.0,0.0,140.0,0.9999999999999999,0.0,raw_source,raw_level
price_family_ma9_structural_linked,structural_ma9,portsmouth_va__county,median_sale_price,level,140,2014-02-28,2026-05-31,192132.1626984127,51504.877377808305,1599.5387689848121,3252.933333333343,5357.4444444444525,0.0,0.0,140.0,0.9999999999999999,0.0,structural_ma9,ma9_level
price_family_ma9_structural_linked,raw_source,powhatan_county_va__county,median_ppsf,level,165,2012-01-31,2026-05-31,163.3314445161616,43.46987809190667,1.2267230798956636,2.6840423597888745,4.535555555555533,0.0,0.0,165.0,1.0,0.0,raw_source,raw_level
price_family_ma9_structural_linked,structural_ma9,powhatan_county_va__county,median_ppsf,level,165,2012-01-31,2026-05-31,163.3314445161616,43.46987809190667,1.2267230798956636,2.6840423597888745,4.535555555555533,0.0,0.0,165.0,1.0,0.0,structural_ma9,ma9_level
price_family_ma9_structural_linked,raw_source,powhatan_county_va__county,median_sale_price,level,165,2012-01-31,2026-05-31,337843.58383838384,89406.4532624155,4545.526761517618,10506.111111111115,20000.0,0.0,0.0,165.0,1.0,0.0,raw_source,raw_level
price_family_ma9_structural_linked,structural_ma9,powhatan_county_va__county,median_sale_price,level,165,2012-01-31,2026-05-31,337843.58383838384,89406.4532624155,4545.526761517618,10506.111111111115,20000.0,0.0,0.0,165.0,1.0,0.0,structural_ma9,ma9_level
price_family_ma9_structural_linked,raw_source,prince_george_county_va__county,median_ppsf,level,165,2012-01-31,2026-05-31,133.10773116356364,36.00090844767527,1.0817436011646344,2.2756493352000096,4.369999999999976,0.0,0.0,165.0,1.0,0.0,raw_source,raw_level
price_family_ma9_structural_linked,structural_ma9,prince_george_county_va__county,median_ppsf,level,165,2012-01-31,2026-05-31,133.10773116356364,36.00090844767527,1.0817436011646344,2.2756493352000096,4.369999999999976,0.0,0.0,165.0,1.0,0.0,structural_ma9,ma9_level
price_family_ma9_structural_linked,raw_source,prince_george_county_va__county,median_sale_price,level,165,2012-01-31,2026-05-31,247027.37676767676,66275.47590415842,2775.859417344174,5727.22222222222,11111.111111111066,0.0,0.0,165.0,0.9999999999999998,0.0,raw_source,raw_level
price_family_ma9_structural_linked,structural_ma9,prince_george_county_va__county,median_sale_price,level,165,2012-01-31,2026-05-31,247027.37676767676,66275.47590415842,2775.859417344174,5727.22222222222,11111.111111111066,0.0,0.0,165.0,0.9999999999999998,0.0,structural_ma9,ma9_level
price_family_ma9_structural_linked,raw_source,prince_george_s_county_md__county,median_ppsf,level,165,2012-01-31,2026-05-31,181.60096974812055,42.55089189934071,0.9646663688624665,1.9034444444444525,3.8333333333333144,0.0,0.0,165.0,1.0,0.0,raw_source,raw_level
price_family_ma9_structural_linked,structural_ma9,prince_george_s_county_md__county,median_ppsf,level,165,2012-01-31,2026-05-31,181.60096974812055,42.55089189934071,0.9646663688624665,1.9034444444444525,3.8333333333333144,0.0,0.0,165.0,1.0,0.0,structural_ma9,ma9_level
price_family_ma9_structural_linked,raw_source,prince_george_s_county_md__county,median_sale_price,level,165,2012-01-31,2026-05-31,316937.8912457912,89358.94088937544,1934.294715447154,3555.5555555555447,6666.666666666628,0.0,0.0,165.0,1.0,0.0,raw_source,raw_level
price_family_ma9_structural_linked,structural_ma9,prince_george_s_county_md__county,median_sale_price,level,165,2012-01-31,2026-05-31,316937.8912457912,89358.94088937544,1934.294715447154,3555.5555555555447,6666.666666666628,0.0,0.0,165.0,1.0,0.0,structural_ma9,ma9_level
price_family_ma9_structural_linked,raw_source,prince_william_county_va__county,median_ppsf,level,165,2012-01-31,2026-05-31,184.3617294474357,37.892506544116394,0.8734820985623309,2.0243333333333164,3.1244444444444355,0.0,0.0,165.0,1.0,0.0,raw_source,raw_level
price_family_ma9_structural_linked,structural_ma9,prince_william_county_va__county,median_ppsf,level,165,2012-01-31,2026-05-31,184.3617294474357,37.892506544116394,0.8734820985623309,2.0243333333333164,3.1244444444444355,0.0,0.0,165.0,1.0,0.0,structural_ma9,ma9_level
price_family_ma9_structural_linked,raw_source,prince_william_county_va__county,median_sale_price,level,165,2012-01-31,2026-05-31,405932.2787878788,101336.7831105765,2890.707317073171,6058.333333333362,9653.666666666628,0.0,0.0,165.0,1.0,0.0,raw_source,raw_level
price_family_ma9_structural_linked,structural_ma9,prince_william_county_va__county,median_sale_price,level,165,2012-01-31,2026-05-31,405932.2787878788,101336.7831105765,2890.707317073171,6058.333333333362,9653.666666666628,0.0,0.0,165.0,1.0,0.0,structural_ma9,ma9_level
price_family_ma9_structural_linked,raw_source,pulaski_county_va__county,median_ppsf,level,148,2012-02-29,2026-05-31,104.17967975016741,27.83485093481346,2.402400356424036,4.831598170755547,10.960996775666672,0.0,0.0,148.0,1.0,0.0,raw_source,raw_level
price_family_ma9_structural_linked,structural_ma9,pulaski_county_va__county,median_ppsf,level,148,2012-02-29,2026-05-31,104.17967975016741,27.83485093481346,2.402400356424036,4.831598170755547,10.960996775666672,0.0,0.0,148.0,1.0,0.0,structural_ma9,ma9_level
price_family_ma9_structural_linked,raw_source,pulaski_county_va__county,median_sale_price,level,148,2012-02-29,2026-05-31,175174.47672672672,37448.78263208702,4603.22978080121,9573.333333333332,27144.444444444467,0.0,0.0,148.0,1.0,0.0,raw_source,raw_level
price_family_ma9_structural_linked,structural_ma9,pulaski_county_va__county,median_sale_price,level,148,2012-02-29,2026-05-31,175174.47672672672,37448.78263208702,4603.22978080121,9573.333333333332,27144.444444444467,0.0,0.0,148.0,1.0,0.0,structural_ma9,ma9_level
price_family_ma9_structural_linked,raw_source,queen_anne_s_county_md__county,median_ppsf,level,165,2012-01-31,2026-05-31,190.3923446569246,38.65000760605176,1.3762505521070438,2.6718867171000027,5.528888888888929,0.0,0.0,165.0,0.9999999999999998,0.0,raw_source,raw_level
price_family_ma9_structural_linked,structural_ma9,queen_anne_s_county_md__county,median_ppsf,level,165,2012-01-31,2026-05-31,190.3923446569246,38.65000760605176,1.3762505521070438,2.6718867171000027,5.528888888888929,0.0,0.0,165.0,0.9999999999999998,0.0,structural_ma9,ma9_level
price_family_ma9_structural_linked,raw_source,queen_anne_s_county_md__county,median_sale_price,level,165,2012-01-31,2026-05-31,377397.4491582492,91309.09873050195,3801.6802168021686,7696.11111111114,15089.222222222248,0.0,0.0,165.0,1.0,0.0,raw_source,raw_level
price_family_ma9_structural_linked,structural_ma9,queen_anne_s_county_md__county,median_sale_price,level,165,2012-01-31,2026-05-31,377397.4491582492,91309.09873050195,3801.6802168021686,7696.11111111114,15089.222222222248,0.0,0.0,165.0,1.0,0.0,structural_ma9,ma9_level
price_family_ma9_structural_linked,raw_source,radford_va__county,median_ppsf,level,129,2012-05-31,2026-05-31,116.202238885646,33.37196889458308,2.268407796151042,4.8220836486777685,7.6966666666666725,0.0,0.0,129.0,1.0,0.0,raw_source,raw_level
price_family_ma9_structural_linked,structural_ma9,radford_va__county,median_ppsf,level,129,2012-05-31,2026-05-31,116.202238885646,33.37196889458308,2.268407796151042,4.8220836486777685,7.6966666666666725,0.0,0.0,129.0,1.0,0.0,structural_ma9,ma9_level
price_family_ma9_structural_linked,raw_source,radford_va__county,median_sale_price,level,129,2012-05-31,2026-05-31,191836.44186046513,57522.51212937999,4917.761284722222,10280.555555555551,23614.555555555562,0.0,0.0,129.0,1.0,0.0,raw_source,raw_level
price_family_ma9_structural_linked,structural_ma9,radford_va__county,median_sale_price,level,129,2012-05-31,2026-05-31,191836.44186046513,57522.51212937999,4917.761284722222,10280.555555555551,23614.555555555562,0.0,0.0,129.0,1.0,0.0,structural_ma9,ma9_level
price_family_ma9_structural_linked,raw_source,rappahannock_county_va__county,median_ppsf,level,165,2012-01-31,2026-05-31,217.70681562368148,52.06164663927585,6.065000828618568,12.343000000000007,32.4411111111111,0.0,0.0,165.0,1.0,0.0,raw_source,raw_level
price_family_ma9_structural_linked,structural_ma9,rappahannock_county_va__county,median_ppsf,level,165,2012-01-31,2026-05-31,217.70681562368148,52.06164663927585,6.065000828618568,12.343000000000007,32.4411111111111,0.0,0.0,165.0,1.0,0.0,structural_ma9,ma9_level
price_family_ma9_structural_linked,raw_source,rappahannock_county_va__county,median_sale_price,level,165,2012-01-31,2026-05-31,455117.1535353535,111526.80662173353,18296.901084010842,38063.33333333343,82444.4444444445,0.0,0.0,165.0,1.0,0.0,raw_source,raw_level
price_family_ma9_structural_linked,structural_ma9,rappahannock_county_va__county,median_sale_price,level,165,2012-01-31,2026-05-31,455117.1535353535,111526.80662173353,18296.901084010842,38063.33333333343,82444.4444444445,0.0,0.0,165.0,1.0,0.0,structural_ma9,ma9_level
price_family_ma9_structural_linked,raw_source,red_bluff_ca_metro_area__cbsa_metro,median_ppsf,level,163,2012-01-31,2026-03-31,166.01214053732312,50.592791157895164,1.4890624046872414,3.0289028931666695,6.736532450777773,0.0,0.0,163.0,1.0,0.0,raw_source,raw_level
price_family_ma9_structural_linked,structural_ma9,red_bluff_ca_metro_area__cbsa_metro,median_ppsf,level,163,2012-01-31,2026-03-31,166.01214053732312,50.592791157895164,1.4890624046872414,3.0289028931666695,6.736532450777773,0.0,0.0,163.0,1.0,0.0,structural_ma9,ma9_level
price_family_ma9_structural_linked,raw_source,red_bluff_ca_metro_area__cbsa_metro,median_sale_price,level,163,2012-01-31,2026-03-31,249025.01908657124,75438.56359682154,2954.297668038409,5763.888888888865,15111.111111111124,0.0,0.0,163.0,1.0,0.0,raw_source,raw_level
price_family_ma9_structural_linked,structural_ma9,red_bluff_ca_metro_area__cbsa_metro,median_sale_price,level,163,2012-01-31,2026-03-31,249025.01908657124,75438.56359682154,2954.297668038409,5763.888888888865,15111.111111111124,0.0,0.0,163.0,1.0,0.0,structural_ma9,ma9_level
price_family_ma9_structural_linked,raw_source,redding_ca_metro_area__cbsa_metro,median_ppsf,level,163,2012-01-31,2026-03-31,181.10169177776075,50.160721250039536,1.5364222960260625,3.2402103684444383,11.022410294444441,0.0,0.0,163.0,0.9999999999999999,0.0,raw_source,raw_level
price_family_ma9_structural_linked,structural_ma9,redding_ca_metro_area__cbsa_metro,median_ppsf,level,163,2012-01-31,2026-03-31,181.10169177776075,50.160721250039536,1.5364222960260625,3.2402103684444383,11.022410294444441,0.0,0.0,163.0,0.9999999999999999,0.0,structural_ma9,ma9_level
price_family_ma9_structural_linked,raw_source,redding_ca_metro_area__cbsa_metro,median_sale_price,level,163,2012-01-31,2026-03-31,286400.66905248805,70689.55090563669,3933.441015089162,8152.049999999995,35555.55555555556,0.0,0.0,163.0,1.0,0.0,raw_source,raw_level
price_family_ma9_structural_linked,structural_ma9,redding_ca_metro_area__cbsa_metro,median_sale_price,level,163,2012-01-31,2026-03-31,286400.66905248805,70689.55090563669,3933.441015089162,8152.049999999995,35555.55555555556,0.0,0.0,163.0,1.0,0.0,structural_ma9,ma9_level
price_family_ma9_structural_linked,raw_source,richmond_city_county_va__county,median_ppsf,level,165,2012-01-31,2026-05-31,170.29154336165521,49.10934522586737,1.8349701014898376,3.427666666666671,5.645555555555546,0.0,0.0,165.0,1.0,0.0,raw_source,raw_level
price_family_ma9_structural_linked,structural_ma9,richmond_city_county_va__county,median_ppsf,level,165,2012-01-31,2026-05-31,170.29154336165521,49.10934522586737,1.8349701014898376,3.427666666666671,5.645555555555546,0.0,0.0,165.0,1.0,0.0,structural_ma9,ma9_level
price_family_ma9_structural_linked,raw_source,richmond_city_county_va__county,median_sale_price,level,165,2012-01-31,2026-05-31,271746.4383838384,76679.02427042264,3486.761517615176,6518.33333333335,11566.666666666686,0.0,0.0,165.0,1.0,0.0,raw_source,raw_level
price_family_ma9_structural_linked,structural_ma9,richmond_city_county_va__county,median_sale_price,level,165,2012-01-31,2026-05-31,271746.4383838384,76679.02427042264,3486.761517615176,6518.33333333335,11566.666666666686,0.0,0.0,165.0,1.0,0.0,structural_ma9,ma9_level
price_family_ma9_structural_linked,raw_source,richmond_va_metro_area__cbsa_metro,median_ppsf,level,165,2012-01-31,2026-05-31,149.52468013468012,40.09945783506158,0.7571409214092141,1.5324444444444625,2.578888888888855,0.0,0.0,165.0,1.0,0.0,raw_source,raw_level
price_family_ma9_structural_linked,structural_ma9,richmond_va_metro_area__cbsa_metro,median_ppsf,level,165,2012-01-31,2026-05-31,149.52468013468012,40.09945783506158,0.7571409214092141,1.5324444444444625,2.578888888888855,0.0,0.0,165.0,1.0,0.0,structural_ma9,ma9_level
price_family_ma9_structural_linked,raw_source,richmond_va_metro_area__cbsa_metro,median_sale_price,level,165,2012-01-31,2026-05-31,278782.92255892255,72747.92966579953,1923.0989159891615,3333.333333333372,4940.777777777752,0.0,0.0,165.0,1.0,0.0,raw_source,raw_level
price_family_ma9_structural_linked,structural_ma9,richmond_va_metro_area__cbsa_metro,median_sale_price,level,165,2012-01-31,2026-05-31,278782.92255892255,72747.92966579953,1923.0989159891615,3333.333333333372,4940.777777777752,0.0,0.0,165.0,1.0,0.0,structural_ma9,ma9_level
price_family_ma9_structural_linked,raw_source,riverside_ca_metro_area__cbsa_metro,median_ppsf,level,165,2012-01-31,2026-05-31,224.5011313131313,72.4916966317877,1.5644241192411916,3.8829999999999747,5.4266666666666765,0.0,0.0,165.0,1.0,0.0,raw_source,raw_level
price_family_ma9_structural_linked,structural_ma9,riverside_ca_metro_area__cbsa_metro,median_ppsf,level,165,2012-01-31,2026-05-31,224.5011313131313,72.4916966317877,1.5644241192411916,3.8829999999999747,5.4266666666666765,0.0,0.0,165.0,1.0,0.0,structural_ma9,ma9_level
price_family_ma9_structural_linked,raw_source,riverside_ca_metro_area__cbsa_metro,median_sale_price,level,165,2012-01-31,2026-05-31,399375.2101010101,128163.34776357253,2841.9979674796755,6077.777777777788,8888.888888888876,0.0,0.0,165.0,1.0,0.0,raw_source,raw_level
price_family_ma9_structural_linked,structural_ma9,riverside_ca_metro_area__cbsa_metro,median_sale_price,level,165,2012-01-31,2026-05-31,399375.2101010101,128163.34776357253,2841.9979674796755,6077.777777777788,8888.888888888876,0.0,0.0,165.0,1.0,0.0,structural_ma9,ma9_level
price_family_ma9_structural_linked,raw_source,riverside_county_ca__county,median_ppsf,level,164,2012-02-29,2026-05-31,223.5440443093313,70.43382402923486,1.5662891049754608,3.6115555555555745,5.637777777777785,0.0,0.0,164.0,1.0,0.0,raw_source,raw_level
price_family_ma9_structural_linked,structural_ma9,riverside_county_ca__county,median_ppsf,level,164,2012-02-29,2026-05-31,223.5440443093313,70.43382402923486,1.5662891049754608,3.6115555555555745,5.637777777777785,0.0,0.0,164.0,1.0,0.0,structural_ma9,ma9_level
price_family_ma9_structural_linked,raw_source,riverside_county_ca__county,median_sale_price,level,164,2012-02-29,2026-05-31,423194.7479674797,130883.42550686757,2860.767552828903,6633.777777777778,9888.888888888876,0.0,0.0,164.0,1.0,0.0,raw_source,raw_level
price_family_ma9_structural_linked,structural_ma9,riverside_county_ca__county,median_sale_price,level,164,2012-02-29,2026-05-31,423194.7479674797,130883.42550686757,2860.767552828903,6633.777777777778,9888.888888888876,0.0,0.0,164.0,1.0,0.0,structural_ma9,ma9_level
price_family_ma9_structural_linked,raw_source,roanoke_city_county_va__county,median_ppsf,level,165,2012-01-31,2026-05-31,88.51710390824647,26.368120057984203,0.9513779680331972,1.8435996357333344,3.1677777777778005,0.0,0.0,165.0,1.0,0.0,raw_source,raw_level
price_family_ma9_structural_linked,structural_ma9,roanoke_city_county_va__county,median_ppsf,level,165,2012-01-31,2026-05-31,88.51710390824647,26.368120057984203,0.9513779680331972,1.8435996357333344,3.1677777777778005,0.0,0.0,165.0,1.0,0.0,structural_ma9,ma9_level
price_family_ma9_structural_linked,raw_source,roanoke_city_county_va__county,median_sale_price,level,165,2012-01-31,2026-05-31,155322.7845117845,44475.28977080118,1715.1470189701897,3210.2777777777846,6111.111111111124,0.0,0.0,165.0,1.0,0.0,raw_source,raw_level
price_family_ma9_structural_linked,structural_ma9,roanoke_city_county_va__county,median_sale_price,level,165,2012-01-31,2026-05-31,155322.7845117845,44475.28977080118,1715.1470189701897,3210.2777777777846,6111.111111111124,0.0,0.0,165.0,1.0,0.0,structural_ma9,ma9_level
price_family_ma9_structural_linked,raw_source,roanoke_county_va__county,median_ppsf,level,165,2012-01-31,2026-05-31,105.77524081924311,28.633515043174423,0.8115265339193776,1.5127777777777824,3.117777777777775,0.0,0.0,165.0,1.0,0.0,raw_source,raw_level
price_family_ma9_structural_linked,structural_ma9,roanoke_county_va__county,median_ppsf,level,165,2012-01-31,2026-05-31,105.77524081924311,28.633515043174423,0.8115265339193776,1.5127777777777824,3.117777777777775,0.0,0.0,165.0,1.0,0.0,structural_ma9,ma9_level
price_family_ma9_structural_linked,raw_source,roanoke_county_va__county,median_sale_price,level,165,2012-01-31,2026-05-31,222272.43636363637,68994.21728770879,2154.9085365853666,4166.899999999997,6944.444444444438,0.0,0.0,165.0,0.9999999999999998,0.0,raw_source,raw_level
price_family_ma9_structural_linked,structural_ma9,roanoke_county_va__county,median_sale_price,level,165,2012-01-31,2026-05-31,222272.43636363637,68994.21728770879,2154.9085365853666,4166.899999999997,6944.444444444438,0.0,0.0,165.0,0.9999999999999998,0.0,structural_ma9,ma9_level
price_family_ma9_structural_linked,raw_source,roanoke_va_metro_area__cbsa_metro,median_ppsf,level,163,2012-01-31,2026-03-31,104.13139699307567,26.683873842613036,0.7064608083285318,1.4579864347222442,2.3600108173333467,0.0,0.0,163.0,1.0,0.0,raw_source,raw_level
price_family_ma9_structural_linked,structural_ma9,roanoke_va_metro_area__cbsa_metro,median_ppsf,level,163,2012-01-31,2026-03-31,104.13139699307567,26.683873842613036,0.7064608083285318,1.4579864347222442,2.3600108173333467,0.0,0.0,163.0,1.0,0.0,structural_ma9,ma9_level
price_family_ma9_structural_linked,raw_source,roanoke_va_metro_area__cbsa_metro,median_sale_price,level,163,2012-01-31,2026-03-31,209769.14280845263,53895.30169001777,1750.5593278463634,3827.222222222228,5444.444444444438,0.0,0.0,163.0,1.0,0.0,raw_source,raw_level
price_family_ma9_structural_linked,structural_ma9,roanoke_va_metro_area__cbsa_metro,median_sale_price,level,163,2012-01-31,2026-03-31,209769.14280845263,53895.30169001777,1750.5593278463634,3827.222222222228,5444.444444444438,0.0,0.0,163.0,1.0,0.0,structural_ma9,ma9_level
price_family_ma9_structural_linked,raw_source,rockingham_county_va__county,median_ppsf,level,165,2012-01-31,2026-05-31,142.68239815999596,38.65235041750383,0.9079433629518956,1.916444444444443,3.331111111111113,0.0,0.0,165.0,1.0,0.0,raw_source,raw_level
price_family_ma9_structural_linked,structural_ma9,rockingham_county_va__county,median_ppsf,level,165,2012-01-31,2026-05-31,142.68239815999596,38.65235041750383,0.9079433629518956,1.916444444444443,3.331111111111113,0.0,0.0,165.0,1.0,0.0,structural_ma9,ma9_level
price_family_ma9_structural_linked,raw_source,rockingham_county_va__county,median_sale_price,level,165,2012-01-31,2026-05-31,247966.10774410772,65501.52739918161,2026.84349593496,4352.777777777782,8132.222222222219,0.0,0.0,165.0,1.0,0.0,raw_source,raw_level
price_family_ma9_structural_linked,structural_ma9,rockingham_county_va__county,median_sale_price,level,165,2012-01-31,2026-05-31,247966.10774410772,65501.52739918161,2026.84349593496,4352.777777777782,8132.222222222219,0.0,0.0,165.0,1.0,0.0,structural_ma9,ma9_level
price_family_ma9_structural_linked,raw_source,sacramento_ca_metro_area__cbsa_metro,median_ppsf,level,165,2012-01-31,2026-05-31,248.16523905723906,71.4993854432085,1.7047018970189713,3.933333333333358,5.383333333333326,0.0,0.0,165.0,1.0,0.0,raw_source,raw_level
price_family_ma9_structural_linked,structural_ma9,sacramento_ca_metro_area__cbsa_metro,median_ppsf,level,165,2012-01-31,2026-05-31,248.16523905723906,71.4993854432085,1.7047018970189713,3.933333333333358,5.383333333333326,0.0,0.0,165.0,1.0,0.0,structural_ma9,ma9_level
price_family_ma9_structural_linked,raw_source,sacramento_ca_metro_area__cbsa_metro,median_sale_price,level,165,2012-01-31,2026-05-31,425596.3905723906,122924.05565275803,3229.4044715447158,6666.666666666648,10455.555555555562,0.0,0.0,165.0,1.0,0.0,raw_source,raw_level
price_family_ma9_structural_linked,structural_ma9,sacramento_ca_metro_area__cbsa_metro,median_sale_price,level,165,2012-01-31,2026-05-31,425596.3905723906,122924.05565275803,3229.4044715447158,6666.666666666648,10455.555555555562,0.0,0.0,165.0,1.0,0.0,structural_ma9,ma9_level
price_family_ma9_structural_linked,raw_source,sacramento_county_ca__county,median_ppsf,level,165,2012-01-31,2026-05-31,239.4362173516202,72.95492182495936,1.8122868938319776,3.975104710377775,6.064444444444462,0.0,0.0,165.0,1.0,0.0,raw_source,raw_level
price_family_ma9_structural_linked,structural_ma9,sacramento_county_ca__county,median_ppsf,level,165,2012-01-31,2026-05-31,239.4362173516202,72.95492182495936,1.8122868938319776,3.975104710377775,6.064444444444462,0.0,0.0,165.0,1.0,0.0,structural_ma9,ma9_level
price_family_ma9_structural_linked,raw_source,sacramento_county_ca__county,median_sale_price,level,165,2012-01-31,2026-05-31,381379.3488215488,116752.58429882875,2924.0995934959346,6077.777777777788,8944.444444444438,0.0,0.0,165.0,0.9999999999999999,0.0,raw_source,raw_level
price_family_ma9_structural_linked,structural_ma9,sacramento_county_ca__county,median_sale_price,level,165,2012-01-31,2026-05-31,381379.3488215488,116752.58429882875,2924.0995934959346,6077.777777777788,8944.444444444438,0.0,0.0,165.0,0.9999999999999999,0.0,structural_ma9,ma9_level
price_family_ma9_structural_linked,raw_source,salem_va__county,median_ppsf,level,165,2012-01-31,2026-05-31,106.43611139854882,26.170134027496065,1.2497325361937672,2.510672253833335,5.300000000000011,0.0,0.0,165.0,1.0,0.0,raw_source,raw_level
price_family_ma9_structural_linked,structural_ma9,salem_va__county,median_ppsf,level,165,2012-01-31,2026-05-31,106.43611139854882,26.170134027496065,1.2497325361937672,2.510672253833335,5.300000000000011,0.0,0.0,165.0,1.0,0.0,structural_ma9,ma9_level
price_family_ma9_structural_linked,raw_source,salem_va__county,median_sale_price,level,165,2012-01-31,2026-05-31,199838.58451178452,51339.31923770668,2874.6395663956628,6277.500000000013,15500.0,0.0,0.0,165.0,1.0,0.0,raw_source,raw_level
price_family_ma9_structural_linked,structural_ma9,salem_va__county,median_sale_price,level,165,2012-01-31,2026-05-31,199838.58451178452,51339.31923770668,2874.6395663956628,6277.500000000013,15500.0,0.0,0.0,165.0,1.0,0.0,structural_ma9,ma9_level
price_family_ma9_structural_linked,raw_source,salinas_ca_metro_area__cbsa_metro,median_ppsf,level,163,2012-01-31,2026-03-31,406.39560621623104,125.15281748733699,3.5130099244931463,7.1865754445555075,11.991373327888823,0.0,0.0,163.0,1.0,0.0,raw_source,raw_level
price_family_ma9_structural_linked,structural_ma9,salinas_ca_metro_area__cbsa_metro,median_ppsf,level,163,2012-01-31,2026-03-31,406.39560621623104,125.15281748733699,3.5130099244931463,7.1865754445555075,11.991373327888823,0.0,0.0,163.0,1.0,0.0,structural_ma9,ma9_level
price_family_ma9_structural_linked,raw_source,salinas_ca_metro_area__cbsa_metro,median_sale_price,level,163,2012-01-31,2026-03-31,633630.7747102932,193263.22460108055,5846.302469135805,12163.888888888861,27444.444444444496,0.0,0.0,163.0,1.0,0.0,raw_source,raw_level
price_family_ma9_structural_linked,structural_ma9,salinas_ca_metro_area__cbsa_metro,median_sale_price,level,163,2012-01-31,2026-03-31,633630.7747102932,193263.22460108055,5846.302469135805,12163.888888888861,27444.444444444496,0.0,0.0,163.0,1.0,0.0,structural_ma9,ma9_level
price_family_ma9_structural_linked,raw_source,san_benito_county_ca__county,median_ppsf,level,165,2012-01-31,2026-05-31,314.1079357584128,78.94617848456369,2.5533093276497336,5.658320448200016,10.108888888888885,0.0,0.0,165.0,1.0,0.0,raw_source,raw_level
price_family_ma9_structural_linked,structural_ma9,san_benito_county_ca__county,median_ppsf,level,165,2012-01-31,2026-05-31,314.1079357584128,78.94617848456369,2.5533093276497336,5.658320448200016,10.108888888888885,0.0,0.0,165.0,1.0,0.0,structural_ma9,ma9_level
price_family_ma9_structural_linked,raw_source,san_benito_county_ca__county,median_sale_price,level,165,2012-01-31,2026-05-31,594396.3457912458,159557.2051470386,5075.105013550136,10357.30000000002,18222.222222222248,0.0,0.0,165.0,1.0,0.0,raw_source,raw_level
price_family_ma9_structural_linked,structural_ma9,san_benito_county_ca__county,median_sale_price,level,165,2012-01-31,2026-05-31,594396.3457912458,159557.2051470386,5075.105013550136,10357.30000000002,18222.222222222248,0.0,0.0,165.0,1.0,0.0,structural_ma9,ma9_level
price_family_ma9_structural_linked,raw_source,san_bernardino_county_ca__county,median_ppsf,level,164,2012-02-29,2026-05-31,228.99142894257722,75.07994555946506,1.6950272312972046,3.754620784177792,5.858888888888941,0.0,0.0,164.0,1.0,0.0,raw_source,raw_level
price_family_ma9_structural_linked,structural_ma9,san_bernardino_county_ca__county,median_ppsf,level,164,2012-02-29,2026-05-31,228.99142894257722,75.07994555946506,1.6950272312972046,3.754620784177792,5.858888888888941,0.0,0.0,164.0,1.0,0.0,structural_ma9,ma9_level
price_family_ma9_structural_linked,raw_source,san_bernardino_county_ca__county,median_sale_price,level,164,2012-02-29,2026-05-31,363927.6314363143,120748.0578388606,2678.349693251534,5872.333333333329,8333.333333333314,0.0,0.0,164.0,1.0,0.0,raw_source,raw_level
price_family_ma9_structural_linked,structural_ma9,san_bernardino_county_ca__county,median_sale_price,level,164,2012-02-29,2026-05-31,363927.6314363143,120748.0578388606,2678.349693251534,5872.333333333329,8333.333333333314,0.0,0.0,164.0,1.0,0.0,structural_ma9,ma9_level
price_family_ma9_structural_linked,raw_source,san_diego_ca_metro_area__cbsa_metro,median_ppsf,level,165,2012-01-31,2026-05-31,404.79777777777775,125.26865391997801,2.8437669376693786,7.196999999999964,10.384444444444512,0.0,0.0,165.0,1.0,0.0,raw_source,raw_level
price_family_ma9_structural_linked,structural_ma9,san_diego_ca_metro_area__cbsa_metro,median_ppsf,level,165,2012-01-31,2026-05-31,404.79777777777775,125.26865391997801,2.8437669376693786,7.196999999999964,10.384444444444512,0.0,0.0,165.0,1.0,0.0,structural_ma9,ma9_level
price_family_ma9_structural_linked,raw_source,san_diego_ca_metro_area__cbsa_metro,median_sale_price,level,165,2012-01-31,2026-05-31,627559.0936026936,182296.7007699179,4309.388211382115,9594.44444444444,14444.444444444496,0.0,0.0,165.0,1.0,0.0,raw_source,raw_level
price_family_ma9_structural_linked,structural_ma9,san_diego_ca_metro_area__cbsa_metro,median_sale_price,level,165,2012-01-31,2026-05-31,627559.0936026936,182296.7007699179,4309.388211382115,9594.44444444444,14444.444444444496,0.0,0.0,165.0,1.0,0.0,structural_ma9,ma9_level
price_family_ma9_structural_linked,raw_source,san_diego_county_ca__county,median_ppsf,level,165,2012-01-31,2026-05-31,404.7969958870451,125.26708883687198,2.99877431392412,7.282000000000039,11.011111111111063,0.0,0.0,165.0,0.9999999999999999,0.0,raw_source,raw_level
price_family_ma9_structural_linked,structural_ma9,san_diego_county_ca__county,median_ppsf,level,165,2012-01-31,2026-05-31,404.7969958870451,125.26708883687198,2.99877431392412,7.282000000000039,11.011111111111063,0.0,0.0,165.0,0.9999999999999999,0.0,structural_ma9,ma9_level
price_family_ma9_structural_linked,raw_source,san_diego_county_ca__county,median_sale_price,level,165,2012-01-31,2026-05-31,627527.5865319865,182326.65871975588,4310.795731707318,9594.44444444444,14444.444444444496,0.0,0.0,165.0,1.0,0.0,raw_source,raw_level
price_family_ma9_structural_linked,structural_ma9,san_diego_county_ca__county,median_sale_price,level,165,2012-01-31,2026-05-31,627527.5865319865,182326.65871975588,4310.795731707318,9594.44444444444,14444.444444444496,0.0,0.0,165.0,1.0,0.0,structural_ma9,ma9_level
price_family_ma9_structural_linked,raw_source,san_francisco_ca_metro_area__cbsa_metro,median_ppsf,level,165,2012-01-31,2026-05-31,869.0196161616161,162.38059742595584,5.295101626016259,10.710666666666672,14.207777777777892,0.0,0.0,165.0,1.0,0.0,raw_source,raw_level
price_family_ma9_structural_linked,structural_ma9,san_francisco_ca_metro_area__cbsa_metro,median_ppsf,level,165,2012-01-31,2026-05-31,869.0196161616161,162.38059742595584,5.295101626016259,10.710666666666672,14.207777777777892,0.0,0.0,165.0,1.0,0.0,structural_ma9,ma9_level
price_family_ma9_structural_linked,raw_source,san_francisco_ca_metro_area__cbsa_metro,median_sale_price,level,165,2012-01-31,2026-05-31,1274656.2841750842,252175.1072695171,11400.69715447154,20633.333333333292,43555.555555555504,0.0,0.0,165.0,1.0,0.0,raw_source,raw_level
price_family_ma9_structural_linked,structural_ma9,san_francisco_ca_metro_area__cbsa_metro,median_sale_price,level,165,2012-01-31,2026-05-31,1274656.2841750842,252175.1072695171,11400.69715447154,20633.333333333292,43555.555555555504,0.0,0.0,165.0,1.0,0.0,structural_ma9,ma9_level
price_family_ma9_structural_linked,raw_source,san_francisco_county_ca__county,median_ppsf,level,165,2012-01-31,2026-05-31,928.0431403759287,132.1534349463095,7.240850974626699,14.046444444444413,27.385555555555584,0.0,0.0,165.0,0.9999999999999998,0.0,raw_source,raw_level
price_family_ma9_structural_linked,structural_ma9,san_francisco_county_ca__county,median_ppsf,level,165,2012-01-31,2026-05-31,928.0431403759287,132.1534349463095,7.240850974626699,14.046444444444413,27.385555555555584,0.0,0.0,165.0,0.9999999999999998,0.0,structural_ma9,ma9_level
price_family_ma9_structural_linked,raw_source,san_francisco_county_ca__county,median_sale_price,level,165,2012-01-31,2026-05-31,1271035.8020202022,205652.40584312522,11127.856368563682,21305.555555555602,51024.0,0.0,0.0,165.0,1.0,0.0,raw_source,raw_level
price_family_ma9_structural_linked,structural_ma9,san_francisco_county_ca__county,median_sale_price,level,165,2012-01-31,2026-05-31,1271035.8020202022,205652.40584312522,11127.856368563682,21305.555555555602,51024.0,0.0,0.0,165.0,1.0,0.0,structural_ma9,ma9_level
price_family_ma9_structural_linked,raw_source,san_joaquin_county_ca__county,median_ppsf,level,165,2012-01-31,2026-05-31,221.34968786830842,72.10178805719178,1.7838200355311642,3.487666666666662,6.689999999999998,0.0,0.0,165.0,1.0,0.0,raw_source,raw_level
price_family_ma9_structural_linked,structural_ma9,san_joaquin_county_ca__county,median_ppsf,level,165,2012-01-31,2026-05-31,221.34968786830842,72.10178805719178,1.7838200355311642,3.487666666666662,6.689999999999998,0.0,0.0,165.0,1.0,0.0,structural_ma9,ma9_level
price_family_ma9_structural_linked,raw_source,san_joaquin_county_ca__county,median_sale_price,level,165,2012-01-31,2026-05-31,384241.9696969697,123960.25822997025,3029.0223577235765,6111.111111111115,10000.0,0.0,0.0,165.0,0.9999999999999999,0.0,raw_source,raw_level
price_family_ma9_structural_linked,structural_ma9,san_joaquin_county_ca__county,median_sale_price,level,165,2012-01-31,2026-05-31,384241.9696969697,123960.25822997025,3029.0223577235765,6111.111111111115,10000.0,0.0,0.0,165.0,0.9999999999999999,0.0,structural_ma9,ma9_level
price_family_ma9_structural_linked,raw_source,san_jose_ca_metro_area__cbsa_metro,median_ppsf,level,165,2012-01-31,2026-05-31,688.8438855218856,184.51531473486057,5.396138211382115,10.100222222222273,17.277777777777715,0.0,0.0,165.0,0.9999999999999999,0.0,raw_source,raw_level
price_family_ma9_structural_linked,structural_ma9,san_jose_ca_metro_area__cbsa_metro,median_ppsf,level,165,2012-01-31,2026-05-31,688.8438855218856,184.51531473486057,5.396138211382115,10.100222222222273,17.277777777777715,0.0,0.0,165.0,0.9999999999999999,0.0,structural_ma9,ma9_level
price_family_ma9_structural_linked,raw_source,san_jose_ca_metro_area__cbsa_metro,median_sale_price,level,165,2012-01-31,2026-05-31,1114579.103030303,321160.3533117034,11679.336720867213,22694.44444444443,34555.55555555574,0.0,0.0,165.0,1.0,0.0,raw_source,raw_level
price_family_ma9_structural_linked,structural_ma9,san_jose_ca_metro_area__cbsa_metro,median_sale_price,level,165,2012-01-31,2026-05-31,1114579.103030303,321160.3533117034,11679.336720867213,22694.44444444443,34555.55555555574,0.0,0.0,165.0,1.0,0.0,structural_ma9,ma9_level
price_family_ma9_structural_linked,raw_source,san_luis_obispo_ca_metro_area__cbsa_metro,median_ppsf,level,163,2012-01-31,2026-03-31,378.280074565015,101.75643617460952,2.4580572800260616,5.484359624677842,10.335279932999981,0.0,0.0,163.0,1.0,0.0,raw_source,raw_level
price_family_ma9_structural_linked,structural_ma9,san_luis_obispo_ca_metro_area__cbsa_metro,median_ppsf,level,163,2012-01-31,2026-03-31,378.280074565015,101.75643617460952,2.4580572800260616,5.484359624677842,10.335279932999981,0.0,0.0,163.0,1.0,0.0,structural_ma9,ma9_level
price_family_ma9_structural_linked,raw_source,san_luis_obispo_ca_metro_area__cbsa_metro,median_sale_price,level,163,2012-01-31,2026-03-31,635909.9461486026,165617.65351907912,4574.900548696845,9569.44444444438,17833.333333333372,0.0,0.0,163.0,0.9999999999999998,0.0,raw_source,raw_level
price_family_ma9_structural_linked,structural_ma9,san_luis_obispo_ca_metro_area__cbsa_metro,median_sale_price,level,163,2012-01-31,2026-03-31,635909.9461486026,165617.65351907912,4574.900548696845,9569.44444444438,17833.333333333372,0.0,0.0,163.0,0.9999999999999998,0.0,structural_ma9,ma9_level
price_family_ma9_structural_linked,raw_source,san_luis_obispo_county_ca__county,median_ppsf,level,165,2012-01-31,2026-05-31,379.94981029942693,103.01447369800687,2.451045937724935,5.474222222222296,10.362222222222158,0.0,0.0,165.0,0.9999999999999999,0.0,raw_source,raw_level
price_family_ma9_structural_linked,structural_ma9,san_luis_obispo_county_ca__county,median_ppsf,level,165,2012-01-31,2026-05-31,379.94981029942693,103.01447369800687,2.451045937724935,5.474222222222296,10.362222222222158,0.0,0.0,165.0,0.9999999999999999,0.0,structural_ma9,ma9_level
price_family_ma9_structural_linked,raw_source,san_luis_obispo_county_ca__county,median_sale_price,level,165,2012-01-31,2026-05-31,638423.538047138,167742.15635310262,4527.012195121948,9541.66666666663,17833.333333333372,0.0,0.0,165.0,1.0,0.0,raw_source,raw_level
price_family_ma9_structural_linked,structural_ma9,san_luis_obispo_county_ca__county,median_sale_price,level,165,2012-01-31,2026-05-31,638423.538047138,167742.15635310262,4527.012195121948,9541.66666666663,17833.333333333372,0.0,0.0,165.0,1.0,0.0,structural_ma9,ma9_level
price_family_ma9_structural_linked,raw_source,san_mateo_county_ca__county,median_ppsf,level,165,2012-01-31,2026-05-31,829.5707370944438,181.39460526082945,6.835226760731035,12.51222222222225,25.403333333333308,0.0,0.0,165.0,0.9999999999999999,0.0,raw_source,raw_level
price_family_ma9_structural_linked,structural_ma9,san_mateo_county_ca__county,median_ppsf,level,165,2012-01-31,2026-05-31,829.5707370944438,181.39460526082945,6.835226760731035,12.51222222222225,25.403333333333308,0.0,0.0,165.0,0.9999999999999999,0.0,structural_ma9,ma9_level
price_family_ma9_structural_linked,raw_source,san_mateo_county_ca__county,median_sale_price,level,165,2012-01-31,2026-05-31,1282820.7558922558,317173.6487008545,12676.2310298103,22611.11111111111,47722.222222222015,0.0,0.0,165.0,1.0,0.0,raw_source,raw_level
price_family_ma9_structural_linked,structural_ma9,san_mateo_county_ca__county,median_sale_price,level,165,2012-01-31,2026-05-31,1282820.7558922558,317173.6487008545,12676.2310298103,22611.11111111111,47722.222222222015,0.0,0.0,165.0,1.0,0.0,structural_ma9,ma9_level
price_family_ma9_structural_linked,raw_source,san_rafael_ca_metro_area__cbsa_metro,median_ppsf,level,163,2012-01-31,2026-03-31,642.5425471686831,134.60982322835798,6.338355306626193,12.970325267955614,31.159813454333403,0.0,0.0,163.0,0.9999999999999998,0.0,raw_source,raw_level
price_family_ma9_structural_linked,structural_ma9,san_rafael_ca_metro_area__cbsa_metro,median_ppsf,level,163,2012-01-31,2026-03-31,642.5425471686831,134.60982322835798,6.338355306626193,12.970325267955614,31.159813454333403,0.0,0.0,163.0,0.9999999999999998,0.0,structural_ma9,ma9_level
price_family_ma9_structural_linked,raw_source,san_rafael_ca_metro_area__cbsa_metro,median_sale_price,level,163,2012-01-31,2026-03-31,1163952.6250852079,256189.45527649776,13263.374485596703,28227.777777777756,61111.11111111124,0.0,0.0,163.0,1.0,0.0,raw_source,raw_level
price_family_ma9_structural_linked,structural_ma9,san_rafael_ca_metro_area__cbsa_metro,median_sale_price,level,163,2012-01-31,2026-03-31,1163952.6250852079,256189.45527649776,13263.374485596703,28227.777777777756,61111.11111111124,0.0,0.0,163.0,1.0,0.0,structural_ma9,ma9_level
price_family_ma9_structural_linked,raw_source,santa_barbara_county_ca__county,median_ppsf,level,165,2012-01-31,2026-05-31,404.6123622487919,139.67944299061165,6.87823710907249,14.823666666666696,26.5844444444445,0.0,0.0,165.0,0.9999999999999998,0.0,raw_source,raw_level
price_family_ma9_structural_linked,structural_ma9,santa_barbara_county_ca__county,median_ppsf,level,165,2012-01-31,2026-05-31,404.6123622487919,139.67944299061165,6.87823710907249,14.823666666666696,26.5844444444445,0.0,0.0,165.0,0.9999999999999998,0.0,structural_ma9,ma9_level
price_family_ma9_structural_linked,raw_source,santa_barbara_county_ca__county,median_sale_price,level,165,2012-01-31,2026-05-31,678748.5013468014,201703.70345879067,8847.050135501351,18083.333333333354,48277.77777777775,0.0,0.0,165.0,1.0,0.0,raw_source,raw_level
price_family_ma9_structural_linked,structural_ma9,santa_barbara_county_ca__county,median_sale_price,level,165,2012-01-31,2026-05-31,678748.5013468014,201703.70345879067,8847.050135501351,18083.333333333354,48277.77777777775,0.0,0.0,165.0,1.0,0.0,structural_ma9,ma9_level
price_family_ma9_structural_linked,raw_source,santa_clara_county_ca__county,median_ppsf,level,165,2012-01-31,2026-05-31,702.9564089317859,188.51186444736533,6.663692603587399,12.692000000000068,20.04333333333318,0.0,0.0,165.0,1.0,0.0,raw_source,raw_level
price_family_ma9_structural_linked,structural_ma9,santa_clara_county_ca__county,median_ppsf,level,165,2012-01-31,2026-05-31,702.9564089317859,188.51186444736533,6.663692603587399,12.692000000000068,20.04333333333318,0.0,0.0,165.0,1.0,0.0,structural_ma9,ma9_level
price_family_ma9_structural_linked,raw_source,santa_clara_county_ca__county,median_sale_price,level,165,2012-01-31,2026-05-31,1141466.8983164981,329264.31203667854,11884.571815718147,23883.28888888897,36111.11111111124,0.0,0.0,165.0,1.0,0.0,raw_source,raw_level
price_family_ma9_structural_linked,structural_ma9,santa_clara_county_ca__county,median_sale_price,level,165,2012-01-31,2026-05-31,1141466.8983164981,329264.31203667854,11884.571815718147,23883.28888888897,36111.11111111124,0.0,0.0,165.0,1.0,0.0,structural_ma9,ma9_level
price_family_ma9_structural_linked,raw_source,santa_cruz_ca_metro_area__cbsa_metro,median_ppsf,level,163,2012-01-31,2026-03-31,545.9041495697164,140.6656949729769,4.435678853235256,9.754423810322244,19.171982987777824,0.0,0.0,163.0,1.0,0.0,raw_source,raw_level
price_family_ma9_structural_linked,structural_ma9,santa_cruz_ca_metro_area__cbsa_metro,median_ppsf,level,163,2012-01-31,2026-03-31,545.9041495697164,140.6656949729769,4.435678853235256,9.754423810322244,19.171982987777824,0.0,0.0,163.0,1.0,0.0,structural_ma9,ma9_level
price_family_ma9_structural_linked,raw_source,santa_cruz_ca_metro_area__cbsa_metro,median_sale_price,level,163,2012-01-31,2026-03-31,863682.0630538515,229877.14446025228,8674.382716049382,18230.555555555577,38611.11111111101,0.0,0.0,163.0,1.0,0.0,raw_source,raw_level
price_family_ma9_structural_linked,structural_ma9,santa_cruz_ca_metro_area__cbsa_metro,median_sale_price,level,163,2012-01-31,2026-03-31,863682.0630538515,229877.14446025228,8674.382716049382,18230.555555555577,38611.11111111101,0.0,0.0,163.0,1.0,0.0,structural_ma9,ma9_level
price_family_ma9_structural_linked,raw_source,santa_cruz_county_ca__county,median_ppsf,level,165,2012-01-31,2026-05-31,547.772012817262,141.00203979139488,4.404418581410569,9.511645645666684,19.172222222222217,0.0,0.0,165.0,1.0,0.0,raw_source,raw_level
price_family_ma9_structural_linked,structural_ma9,santa_cruz_county_ca__county,median_ppsf,level,165,2012-01-31,2026-05-31,547.772012817262,141.00203979139488,4.404418581410569,9.511645645666684,19.172222222222217,0.0,0.0,165.0,1.0,0.0,structural_ma9,ma9_level
price_family_ma9_structural_linked,raw_source,santa_cruz_county_ca__county,median_sale_price,level,165,2012-01-31,2026-05-31,867367.9404040404,230685.07939001292,8682.038617886183,18191.666666666726,38611.11111111101,0.0,0.0,165.0,0.9999999999999999,0.0,raw_source,raw_level
price_family_ma9_structural_linked,structural_ma9,santa_cruz_county_ca__county,median_sale_price,level,165,2012-01-31,2026-05-31,867367.9404040404,230685.07939001292,8682.038617886183,18191.666666666726,38611.11111111101,0.0,0.0,165.0,0.9999999999999999,0.0,structural_ma9,ma9_level
price_family_ma9_structural_linked,raw_source,santa_maria_ca_metro_area__cbsa_metro,median_ppsf,level,163,2012-01-31,2026-03-31,401.6315987113688,137.4796804769148,6.764453784205766,14.813369996077721,26.552072993333354,0.0,0.0,163.0,0.9999999999999998,0.0,raw_source,raw_level
price_family_ma9_structural_linked,structural_ma9,santa_maria_ca_metro_area__cbsa_metro,median_ppsf,level,163,2012-01-31,2026-03-31,401.6315987113688,137.4796804769148,6.764453784205766,14.813369996077721,26.552072993333354,0.0,0.0,163.0,0.9999999999999998,0.0,structural_ma9,ma9_level
price_family_ma9_structural_linked,raw_source,santa_maria_ca_metro_area__cbsa_metro,median_sale_price,level,163,2012-01-31,2026-03-31,674285.385139741,198622.01722614578,8736.69753086419,18047.222222222284,48277.77777777775,0.0,0.0,163.0,1.0,0.0,raw_source,raw_level
price_family_ma9_structural_linked,structural_ma9,santa_maria_ca_metro_area__cbsa_metro,median_sale_price,level,163,2012-01-31,2026-03-31,674285.385139741,198622.01722614578,8736.69753086419,18047.222222222284,48277.77777777775,0.0,0.0,163.0,1.0,0.0,structural_ma9,ma9_level
price_family_ma9_structural_linked,raw_source,santa_rosa_ca_metro_area__cbsa_metro,median_ppsf,level,163,2012-01-31,2026-03-31,391.47946977038174,86.36465942494428,2.569018982233196,4.712866381455599,7.797724116999973,0.0,0.0,163.0,1.0,0.0,raw_source,raw_level
price_family_ma9_structural_linked,structural_ma9,santa_rosa_ca_metro_area__cbsa_metro,median_ppsf,level,163,2012-01-31,2026-03-31,391.47946977038174,86.36465942494428,2.569018982233196,4.712866381455599,7.797724116999973,0.0,0.0,163.0,1.0,0.0,structural_ma9,ma9_level
price_family_ma9_structural_linked,raw_source,santa_rosa_ca_metro_area__cbsa_metro,median_sale_price,level,163,2012-01-31,2026-03-31,626891.2668711656,145707.9191551541,4300.92455418381,7650.000000000071,10722.222222222248,0.0,0.0,163.0,1.0,0.0,raw_source,raw_level
price_family_ma9_structural_linked,structural_ma9,santa_rosa_ca_metro_area__cbsa_metro,median_sale_price,level,163,2012-01-31,2026-03-31,626891.2668711656,145707.9191551541,4300.92455418381,7650.000000000071,10722.222222222248,0.0,0.0,163.0,1.0,0.0,structural_ma9,ma9_level
price_family_ma9_structural_linked,raw_source,shasta_county_ca__county,median_ppsf,level,165,2012-01-31,2026-05-31,181.88327613649562,50.34248795607652,1.529265238363144,3.1962222222221848,11.022410294444441,0.0,0.0,165.0,0.9999999999999999,0.0,raw_source,raw_level
price_family_ma9_structural_linked,structural_ma9,shasta_county_ca__county,median_ppsf,level,165,2012-01-31,2026-05-31,181.88327613649562,50.34248795607652,1.529265238363144,3.1962222222221848,11.022410294444441,0.0,0.0,165.0,0.9999999999999999,0.0,structural_ma9,ma9_level
price_family_ma9_structural_linked,raw_source,shasta_county_ca__county,median_sale_price,level,165,2012-01-31,2026-05-31,287563.74242424243,71006.25924811138,3900.9966124661237,8079.372222222236,35555.55555555556,0.0,0.0,165.0,0.9999999999999998,0.0,raw_source,raw_level
price_family_ma9_structural_linked,structural_ma9,shasta_county_ca__county,median_sale_price,level,165,2012-01-31,2026-05-31,287563.74242424243,71006.25924811138,3900.9966124661237,8079.372222222236,35555.55555555556,0.0,0.0,165.0,0.9999999999999998,0.0,structural_ma9,ma9_level
price_family_ma9_structural_linked,raw_source,solano_county_ca__county,median_ppsf,level,165,2012-01-31,2026-05-31,264.6100434189253,71.89160827390923,1.9216669422757449,4.23284778393333,6.098888888888894,0.0,0.0,165.0,0.9999999999999998,0.0,raw_source,raw_level
price_family_ma9_structural_linked,structural_ma9,solano_county_ca__county,median_ppsf,level,165,2012-01-31,2026-05-31,264.6100434189253,71.89160827390923,1.9216669422757449,4.23284778393333,6.098888888888894,0.0,0.0,165.0,0.9999999999999998,0.0,structural_ma9,ma9_level
price_family_ma9_structural_linked,raw_source,solano_county_ca__county,median_sale_price,level,165,2012-01-31,2026-05-31,441588.2444444444,121066.34537136798,3222.6084010840123,5687.777777777781,10111.111111111182,0.0,0.0,165.0,1.0,0.0,raw_source,raw_level
price_family_ma9_structural_linked,structural_ma9,solano_county_ca__county,median_sale_price,level,165,2012-01-31,2026-05-31,441588.2444444444,121066.34537136798,3222.6084010840123,5687.777777777781,10111.111111111182,0.0,0.0,165.0,1.0,0.0,structural_ma9,ma9_level
price_family_ma9_structural_linked,raw_source,somerset_county_nj__county,median_ppsf,level,165,2012-01-31,2026-05-31,243.54538283099325,54.442284245977284,1.533098962937669,3.3162222222222644,5.107777777777812,0.0,0.0,165.0,1.0,0.0,raw_source,raw_level
price_family_ma9_structural_linked,structural_ma9,somerset_county_nj__county,median_ppsf,level,165,2012-01-31,2026-05-31,243.54538283099325,54.442284245977284,1.533098962937669,3.3162222222222644,5.107777777777812,0.0,0.0,165.0,1.0,0.0,structural_ma9,ma9_level
price_family_ma9_structural_linked,raw_source,somerset_county_nj__county,median_sale_price,level,165,2012-01-31,2026-05-31,425682.8377104377,95035.57590361663,5013.881775067748,9810.922222222236,16944.444444444496,0.0,0.0,165.0,1.0,0.0,raw_source,raw_level
price_family_ma9_structural_linked,structural_ma9,somerset_county_nj__county,median_sale_price,level,165,2012-01-31,2026-05-31,425682.8377104377,95035.57590361663,5013.881775067748,9810.922222222236,16944.444444444496,0.0,0.0,165.0,1.0,0.0,structural_ma9,ma9_level
price_family_ma9_structural_linked,raw_source,sonoma_county_ca__county,median_ppsf,level,165,2012-01-31,2026-05-31,392.6427857627199,86.45039310790118,2.5775489411280517,4.703237649311101,7.79777777777781,0.0,0.0,165.0,1.0,0.0,raw_source,raw_level
price_family_ma9_structural_linked,structural_ma9,sonoma_county_ca__county,median_ppsf,level,165,2012-01-31,2026-05-31,392.6427857627199,86.45039310790118,2.5775489411280517,4.703237649311101,7.79777777777781,0.0,0.0,165.0,1.0,0.0,structural_ma9,ma9_level
price_family_ma9_structural_linked,raw_source,sonoma_county_ca__county,median_sale_price,level,165,2012-01-31,2026-05-31,628860.4552188552,145913.85426779714,4294.25067750677,7616.666666666724,10666.666666666628,0.0,0.0,165.0,1.0,0.0,raw_source,raw_level
price_family_ma9_structural_linked,structural_ma9,sonoma_county_ca__county,median_sale_price,level,165,2012-01-31,2026-05-31,628860.4552188552,145913.85426779714,4294.25067750677,7616.666666666724,10666.666666666628,0.0,0.0,165.0,1.0,0.0,structural_ma9,ma9_level
price_family_ma9_structural_linked,raw_source,sonora_ca_metro_area__cbsa_metro,median_ppsf,level,163,2012-01-31,2026-03-31,187.8578540389216,52.0665205261457,1.8549179834437606,3.8488801210000068,9.616229286888881,0.0,0.0,163.0,0.9999999999999999,0.0,raw_source,raw_level
price_family_ma9_structural_linked,structural_ma9,sonora_ca_metro_area__cbsa_metro,median_ppsf,level,163,2012-01-31,2026-03-31,187.8578540389216,52.0665205261457,1.8549179834437606,3.8488801210000068,9.616229286888881,0.0,0.0,163.0,0.9999999999999999,0.0,structural_ma9,ma9_level
price_family_ma9_structural_linked,raw_source,sonora_ca_metro_area__cbsa_metro,median_sale_price,level,163,2012-01-31,2026-03-31,299784.7607361963,83856.12326975097,3503.9780521262005,7216.111111111136,15264.777777777781,0.0,0.0,163.0,0.9999999999999998,0.0,raw_source,raw_level
price_family_ma9_structural_linked,structural_ma9,sonora_ca_metro_area__cbsa_metro,median_sale_price,level,163,2012-01-31,2026-03-31,299784.7607361963,83856.12326975097,3503.9780521262005,7216.111111111136,15264.777777777781,0.0,0.0,163.0,0.9999999999999998,0.0,structural_ma9,ma9_level
price_family_ma9_structural_linked,raw_source,southampton_county_va__county,median_ppsf,level,120,2014-02-28,2026-05-31,113.58078383353056,39.30458128945479,3.6402496438169942,7.214468709244449,13.866084656111113,0.0,0.0,120.0,1.0,0.0,raw_source,raw_level
price_family_ma9_structural_linked,structural_ma9,southampton_county_va__county,median_ppsf,level,120,2014-02-28,2026-05-31,113.58078383353056,39.30458128945479,3.6402496438169942,7.214468709244449,13.866084656111113,0.0,0.0,120.0,1.0,0.0,structural_ma9,ma9_level
price_family_ma9_structural_linked,raw_source,southampton_county_va__county,median_sale_price,level,120,2014-02-28,2026-05-31,205427.59444444443,66982.2725377633,8267.467787114845,14446.66666666667,42764.666666666686,0.0,0.0,120.0,0.9999999999999998,0.0,raw_source,raw_level
price_family_ma9_structural_linked,structural_ma9,southampton_county_va__county,median_sale_price,level,120,2014-02-28,2026-05-31,205427.59444444443,66982.2725377633,8267.467787114845,14446.66666666667,42764.666666666686,0.0,0.0,120.0,0.9999999999999998,0.0,structural_ma9,ma9_level
price_family_ma9_structural_linked,raw_source,spotsylvania_county_va__county,median_ppsf,level,165,2012-01-31,2026-05-31,151.9130075299414,36.070394979667036,0.8650498089295393,1.7519593875999966,2.8777777777778226,0.0,0.0,165.0,1.0,0.0,raw_source,raw_level
price_family_ma9_structural_linked,structural_ma9,spotsylvania_county_va__county,median_ppsf,level,165,2012-01-31,2026-05-31,151.9130075299414,36.070394979667036,0.8650498089295393,1.7519593875999966,2.8777777777778226,0.0,0.0,165.0,1.0,0.0,structural_ma9,ma9_level
price_family_ma9_structural_linked,raw_source,spotsylvania_county_va__county,median_sale_price,level,165,2012-01-31,2026-05-31,317859.67979797977,88356.87302931043,2182.953929539295,4522.222222222226,8750.0,0.0,0.0,165.0,1.0,0.0,raw_source,raw_level
price_family_ma9_structural_linked,structural_ma9,spotsylvania_county_va__county,median_sale_price,level,165,2012-01-31,2026-05-31,317859.67979797977,88356.87302931043,2182.953929539295,4522.222222222226,8750.0,0.0,0.0,165.0,1.0,0.0,structural_ma9,ma9_level
price_family_ma9_structural_linked,raw_source,st_mary_s_county_md__county,median_ppsf,level,165,2012-01-31,2026-05-31,149.92878574404375,26.454643625236958,0.8029407877012203,1.7036666666666784,2.9399999999999693,0.0,0.0,165.0,1.0,0.0,raw_source,raw_level
price_family_ma9_structural_linked,structural_ma9,st_mary_s_county_md__county,median_ppsf,level,165,2012-01-31,2026-05-31,149.92878574404375,26.454643625236958,0.8029407877012203,1.7036666666666784,2.9399999999999693,0.0,0.0,165.0,1.0,0.0,structural_ma9,ma9_level
price_family_ma9_structural_linked,raw_source,st_mary_s_county_md__county,median_sale_price,level,165,2012-01-31,2026-05-31,316153.4538720539,60318.064835331475,2503.4220867208674,5016.655555555557,7777.777777777752,0.0,0.0,165.0,1.0,0.0,raw_source,raw_level
price_family_ma9_structural_linked,structural_ma9,st_mary_s_county_md__county,median_sale_price,level,165,2012-01-31,2026-05-31,316153.4538720539,60318.064835331475,2503.4220867208674,5016.655555555557,7777.777777777752,0.0,0.0,165.0,1.0,0.0,structural_ma9,ma9_level
price_family_ma9_structural_linked,raw_source,stafford_county_va__county,median_ppsf,level,165,2012-01-31,2026-05-31,154.3143495699717,35.2014142942333,0.8891393604220846,2.1377777777777682,3.423333333333346,0.0,0.0,165.0,1.0,0.0,raw_source,raw_level
price_family_ma9_structural_linked,structural_ma9,stafford_county_va__county,median_ppsf,level,165,2012-01-31,2026-05-31,154.3143495699717,35.2014142942333,0.8891393604220846,2.1377777777777682,3.423333333333346,0.0,0.0,165.0,1.0,0.0,structural_ma9,ma9_level
price_family_ma9_structural_linked,raw_source,stafford_county_va__county,median_sale_price,level,165,2012-01-31,2026-05-31,384144.8471380471,93454.80307990598,2428.136178861785,4927.999999999997,8944.444444444438,0.0,0.0,165.0,1.0,0.0,raw_source,raw_level
price_family_ma9_structural_linked,structural_ma9,stafford_county_va__county,median_sale_price,level,165,2012-01-31,2026-05-31,384144.8471380471,93454.80307990598,2428.136178861785,4927.999999999997,8944.444444444438,0.0,0.0,165.0,1.0,0.0,structural_ma9,ma9_level
price_family_ma9_structural_linked,raw_source,stanislaus_county_ca__county,median_ppsf,level,152,2013-02-28,2026-05-31,217.2029163880585,61.318187687420924,1.4983049252634275,2.892222222222216,5.157777777777795,0.0,0.0,152.0,0.9999999999999999,0.0,raw_source,raw_level
price_family_ma9_structural_linked,structural_ma9,stanislaus_county_ca__county,median_ppsf,level,152,2013-02-28,2026-05-31,217.2029163880585,61.318187687420924,1.4983049252634275,2.892222222222216,5.157777777777795,0.0,0.0,152.0,0.9999999999999999,0.0,structural_ma9,ma9_level
price_family_ma9_structural_linked,raw_source,stanislaus_county_ca__county,median_sale_price,level,152,2013-02-28,2026-05-31,348294.3976608187,95749.87495620946,2579.0625459896987,5111.111111111066,8333.333333333314,0.0,0.0,152.0,1.0,0.0,raw_source,raw_level
price_family_ma9_structural_linked,structural_ma9,stanislaus_county_ca__county,median_sale_price,level,152,2013-02-28,2026-05-31,348294.3976608187,95749.87495620946,2579.0625459896987,5111.111111111066,8333.333333333314,0.0,0.0,152.0,1.0,0.0,structural_ma9,ma9_level
price_family_ma9_structural_linked,raw_source,staunton_va__county,median_ppsf,level,165,2012-01-31,2026-05-31,122.80701925559798,37.19070157192572,1.2619280195,2.5614174853888945,5.194444444444429,0.0,0.0,165.0,1.0,0.0,raw_source,raw_level
price_family_ma9_structural_linked,structural_ma9,staunton_va__county,median_ppsf,level,165,2012-01-31,2026-05-31,122.80701925559798,37.19070157192572,1.2619280195,2.5614174853888945,5.194444444444429,0.0,0.0,165.0,1.0,0.0,structural_ma9,ma9_level
price_family_ma9_structural_linked,raw_source,staunton_va__county,median_sale_price,level,165,2012-01-31,2026-05-31,189510.09124579123,54786.11401197085,2590.1957994579952,5052.222222222229,9833.333333333314,0.0,0.0,165.0,1.0,0.0,raw_source,raw_level
price_family_ma9_structural_linked,structural_ma9,staunton_va__county,median_sale_price,level,165,2012-01-31,2026-05-31,189510.09124579123,54786.11401197085,2590.1957994579952,5052.222222222229,9833.333333333314,0.0,0.0,165.0,1.0,0.0,structural_ma9,ma9_level
price_family_ma9_structural_linked,raw_source,staunton_va_metro_area__cbsa_metro,median_ppsf,level,163,2012-01-31,2026-03-31,130.8664053685392,35.55963001240012,0.8690769067949238,1.7821303703666689,2.874037819222252,0.0,0.0,163.0,1.0,0.0,raw_source,raw_level
price_family_ma9_structural_linked,structural_ma9,staunton_va_metro_area__cbsa_metro,median_ppsf,level,163,2012-01-31,2026-03-31,130.8664053685392,35.55963001240012,0.8690769067949238,1.7821303703666689,2.874037819222252,0.0,0.0,163.0,1.0,0.0,structural_ma9,ma9_level
price_family_ma9_structural_linked,raw_source,staunton_va_metro_area__cbsa_metro,median_sale_price,level,163,2012-01-31,2026-03-31,221747.73926380367,59578.67246357794,1959.7705761316868,4323.7666666666655,8722.222222222219,0.0,0.0,163.0,1.0,0.0,raw_source,raw_level
price_family_ma9_structural_linked,structural_ma9,staunton_va_metro_area__cbsa_metro,median_sale_price,level,163,2012-01-31,2026-03-31,221747.73926380367,59578.67246357794,1959.7705761316868,4323.7666666666655,8722.222222222219,0.0,0.0,163.0,1.0,0.0,structural_ma9,ma9_level
price_family_ma9_structural_linked,raw_source,stockton_ca_metro_area__cbsa_metro,median_ppsf,level,165,2012-01-31,2026-05-31,221.33230976430977,72.12036140096399,1.725230352303523,3.49688888888889,6.317777777777792,0.0,0.0,165.0,1.0,0.0,raw_source,raw_level
price_family_ma9_structural_linked,structural_ma9,stockton_ca_metro_area__cbsa_metro,median_ppsf,level,165,2012-01-31,2026-05-31,221.33230976430977,72.12036140096399,1.725230352303523,3.49688888888889,6.317777777777792,0.0,0.0,165.0,1.0,0.0,structural_ma9,ma9_level
price_family_ma9_structural_linked,raw_source,stockton_ca_metro_area__cbsa_metro,median_sale_price,level,165,2012-01-31,2026-05-31,384252.4101010101,123943.49788257452,3028.8218157181554,6111.111111111115,10000.0,0.0,0.0,165.0,1.0,0.0,raw_source,raw_level
price_family_ma9_structural_linked,structural_ma9,stockton_ca_metro_area__cbsa_metro,median_sale_price,level,165,2012-01-31,2026-05-31,384252.4101010101,123943.49788257452,3028.8218157181554,6111.111111111115,10000.0,0.0,0.0,165.0,1.0,0.0,structural_ma9,ma9_level
price_family_ma9_structural_linked,raw_source,suffolk_va__county,median_ppsf,level,140,2014-02-28,2026-05-31,147.1556841905873,32.712909879361625,0.7759343807026374,1.6115555555555547,2.8022222222222126,0.0,0.0,140.0,0.9999999999999998,0.0,raw_source,raw_level
price_family_ma9_structural_linked,structural_ma9,suffolk_va__county,median_ppsf,level,140,2014-02-28,2026-05-31,147.1556841905873,32.712909879361625,0.7759343807026374,1.6115555555555547,2.8022222222222126,0.0,0.0,140.0,0.9999999999999998,0.0,structural_ma9,ma9_level
price_family_ma9_structural_linked,raw_source,suffolk_va__county,median_sale_price,level,140,2014-02-28,2026-05-31,303992.15436507936,61125.60070892303,2084.194244604317,4444.444444444438,6666.666666666628,0.0,0.0,140.0,1.0,0.0,raw_source,raw_level
price_family_ma9_structural_linked,structural_ma9,suffolk_va__county,median_sale_price,level,140,2014-02-28,2026-05-31,303992.15436507936,61125.60070892303,2084.194244604317,4444.444444444438,6666.666666666628,0.0,0.0,140.0,1.0,0.0,structural_ma9,ma9_level
price_family_ma9_structural_linked,raw_source,susanville_ca_metro_area__cbsa_metro,median_ppsf,level,156,2012-04-30,2026-03-31,125.83705572667877,40.84372853428195,1.9850928396602163,4.1818006861111225,11.200623697777772,0.0,0.0,156.0,1.0,0.0,raw_source,raw_level
price_family_ma9_structural_linked,structural_ma9,susanville_ca_metro_area__cbsa_metro,median_ppsf,level,156,2012-04-30,2026-03-31,125.83705572667877,40.84372853428195,1.9850928396602163,4.1818006861111225,11.200623697777772,0.0,0.0,156.0,1.0,0.0,structural_ma9,ma9_level
price_family_ma9_structural_linked,raw_source,susanville_ca_metro_area__cbsa_metro,median_sale_price,level,156,2012-04-30,2026-03-31,183765.96153846153,54754.61370811956,4160.629390681006,8703.33333333333,20466.666666666657,0.0,0.0,156.0,1.0,0.0,raw_source,raw_level
price_family_ma9_structural_linked,structural_ma9,susanville_ca_metro_area__cbsa_metro,median_sale_price,level,156,2012-04-30,2026-03-31,183765.96153846153,54754.61370811956,4160.629390681006,8703.33333333333,20466.666666666657,0.0,0.0,156.0,1.0,0.0,structural_ma9,ma9_level
price_family_ma9_structural_linked,raw_source,sussex_county_nj__county,median_ppsf,level,125,2015-05-31,2026-05-31,184.54192125448623,55.49734712477202,1.6383756675116485,3.3767777777778156,5.018888888888881,0.0,0.0,125.0,1.0,0.0,raw_source,raw_level
price_family_ma9_structural_linked,structural_ma9,sussex_county_nj__county,median_ppsf,level,125,2015-05-31,2026-05-31,184.54192125448623,55.49734712477202,1.6383756675116485,3.3767777777778156,5.018888888888881,0.0,0.0,125.0,1.0,0.0,structural_ma9,ma9_level
price_family_ma9_structural_linked,raw_source,sussex_county_nj__county,median_sale_price,level,125,2015-05-31,2026-05-31,289538.7702222222,82399.2510249159,2947.5062724014333,5705.555555555539,8780.666666666657,0.0,0.0,125.0,1.0,0.0,raw_source,raw_level
price_family_ma9_structural_linked,structural_ma9,sussex_county_nj__county,median_sale_price,level,125,2015-05-31,2026-05-31,289538.7702222222,82399.2510249159,2947.5062724014333,5705.555555555539,8780.666666666657,0.0,0.0,125.0,1.0,0.0,structural_ma9,ma9_level
price_family_ma9_structural_linked,raw_source,sussex_county_va__county,median_ppsf,level,162,2012-01-31,2026-05-31,97.29327461527298,33.0369847279155,3.7184390403940655,7.193333333333314,27.54784680455556,0.0,0.0,162.0,1.0,0.0,raw_source,raw_level
price_family_ma9_structural_linked,structural_ma9,sussex_county_va__county,median_ppsf,level,162,2012-01-31,2026-05-31,97.29327461527298,33.0369847279155,3.7184390403940655,7.193333333333314,27.54784680455556,0.0,0.0,162.0,1.0,0.0,structural_ma9,ma9_level
price_family_ma9_structural_linked,raw_source,sussex_county_va__county,median_sale_price,level,162,2012-01-31,2026-05-31,154165.45027434843,46541.415826353696,7427.041062801932,13555.555555555562,70900.0,0.0,0.0,162.0,1.0,0.0,raw_source,raw_level
price_family_ma9_structural_linked,structural_ma9,sussex_county_va__county,median_sale_price,level,162,2012-01-31,2026-05-31,154165.45027434843,46541.415826353696,7427.041062801932,13555.555555555562,70900.0,0.0,0.0,162.0,1.0,0.0,structural_ma9,ma9_level
price_family_ma9_structural_linked,raw_source,sutter_county_ca__county,median_ppsf,level,165,2012-01-31,2026-05-31,184.1864625637441,58.307619329283106,1.453539835246614,2.888040119300023,4.831111111111113,0.0,0.0,165.0,1.0,0.0,raw_source,raw_level
price_family_ma9_structural_linked,structural_ma9,sutter_county_ca__county,median_ppsf,level,165,2012-01-31,2026-05-31,184.1864625637441,58.307619329283106,1.453539835246614,2.888040119300023,4.831111111111113,0.0,0.0,165.0,1.0,0.0,structural_ma9,ma9_level
price_family_ma9_structural_linked,raw_source,sutter_county_ca__county,median_sale_price,level,165,2012-01-31,2026-05-31,312677.2558922559,95427.88829146752,2761.9945799457983,5419.444444444445,8388.888888888934,0.0,0.0,165.0,0.9999999999999999,0.0,raw_source,raw_level
price_family_ma9_structural_linked,structural_ma9,sutter_county_ca__county,median_sale_price,level,165,2012-01-31,2026-05-31,312677.2558922559,95427.88829146752,2761.9945799457983,5419.444444444445,8388.888888888934,0.0,0.0,165.0,0.9999999999999999,0.0,structural_ma9,ma9_level
price_family_ma9_structural_linked,raw_source,talbot_county_md__county,median_ppsf,level,165,2012-01-31,2026-05-31,185.70636273413672,41.52313544439206,2.0201903812269664,4.4407777777777895,8.146666666666704,0.0,0.0,165.0,0.9999999999999998,0.0,raw_source,raw_level
price_family_ma9_structural_linked,structural_ma9,talbot_county_md__county,median_ppsf,level,165,2012-01-31,2026-05-31,185.70636273413672,41.52313544439206,2.0201903812269664,4.4407777777777895,8.146666666666704,0.0,0.0,165.0,0.9999999999999998,0.0,structural_ma9,ma9_level
price_family_ma9_structural_linked,raw_source,talbot_county_md__county,median_sale_price,level,165,2012-01-31,2026-05-31,373098.9909090909,83454.57273872473,6538.3807588075915,13514.01111111115,28333.333333333372,0.0,0.0,165.0,1.0,0.0,raw_source,raw_level
price_family_ma9_structural_linked,structural_ma9,talbot_county_md__county,median_sale_price,level,165,2012-01-31,2026-05-31,373098.9909090909,83454.57273872473,6538.3807588075915,13514.01111111115,28333.333333333372,0.0,0.0,165.0,1.0,0.0,structural_ma9,ma9_level
price_family_ma9_structural_linked,raw_source,tehama_county_ca__county,median_ppsf,level,165,2012-01-31,2026-05-31,166.98383540628552,50.387700935436484,1.4817947979410557,3.024988678233348,6.736532450777787,0.0,0.0,165.0,1.0,0.0,raw_source,raw_level
price_family_ma9_structural_linked,structural_ma9,tehama_county_ca__county,median_ppsf,level,165,2012-01-31,2026-05-31,166.98383540628552,50.387700935436484,1.4817947979410557,3.024988678233348,6.736532450777787,0.0,0.0,165.0,1.0,0.0,structural_ma9,ma9_level
price_family_ma9_structural_linked,raw_source,tehama_county_ca__county,median_sale_price,level,165,2012-01-31,2026-05-31,250704.65521885522,75063.09364214094,2917.856368563685,5727.7777777777665,15111.111111111095,0.0,0.0,165.0,0.9999999999999998,0.0,raw_source,raw_level
price_family_ma9_structural_linked,structural_ma9,tehama_county_ca__county,median_sale_price,level,165,2012-01-31,2026-05-31,250704.65521885522,75063.09364214094,2917.856368563685,5727.7777777777665,15111.111111111095,0.0,0.0,165.0,0.9999999999999998,0.0,structural_ma9,ma9_level
price_family_ma9_structural_linked,raw_source,trenton_nj_metro_area__cbsa_metro,median_ppsf,level,163,2012-01-31,2026-03-31,185.78399444860736,46.15251167972603,1.7916362849183833,3.2952592662999822,5.567249330999999,0.0,0.0,163.0,1.0,0.0,raw_source,raw_level
price_family_ma9_structural_linked,structural_ma9,trenton_nj_metro_area__cbsa_metro,median_ppsf,level,163,2012-01-31,2026-03-31,185.78399444860736,46.15251167972603,1.7916362849183833,3.2952592662999822,5.567249330999999,0.0,0.0,163.0,1.0,0.0,structural_ma9,ma9_level
price_family_ma9_structural_linked,raw_source,trenton_nj_metro_area__cbsa_metro,median_sale_price,level,163,2012-01-31,2026-03-31,289760.80708929786,74666.76212268726,4317.975651577503,8055.555555555559,12111.111111111066,0.0,0.0,163.0,1.0,0.0,raw_source,raw_level
price_family_ma9_structural_linked,structural_ma9,trenton_nj_metro_area__cbsa_metro,median_sale_price,level,163,2012-01-31,2026-03-31,289760.80708929786,74666.76212268726,4317.975651577503,8055.555555555559,12111.111111111066,0.0,0.0,163.0,1.0,0.0,structural_ma9,ma9_level
price_family_ma9_structural_linked,raw_source,truckee_ca_metro_area__cbsa_metro,median_ppsf,level,163,2012-01-31,2026-03-31,268.2433533489884,62.76511649098982,2.0860390292249686,4.662861742200017,7.2240088499999615,0.0,0.0,163.0,1.0,0.0,raw_source,raw_level
price_family_ma9_structural_linked,structural_ma9,truckee_ca_metro_area__cbsa_metro,median_ppsf,level,163,2012-01-31,2026-03-31,268.2433533489884,62.76511649098982,2.0860390292249686,4.662861742200017,7.2240088499999615,0.0,0.0,163.0,1.0,0.0,structural_ma9,ma9_level
price_family_ma9_structural_linked,raw_source,truckee_ca_metro_area__cbsa_metro,median_sale_price,level,163,2012-01-31,2026-03-31,487068.3715064758,121793.90281619325,4710.459533607678,9550.000000000058,19366.666666666628,0.0,0.0,163.0,1.0,0.0,raw_source,raw_level
price_family_ma9_structural_linked,structural_ma9,truckee_ca_metro_area__cbsa_metro,median_sale_price,level,163,2012-01-31,2026-03-31,487068.3715064758,121793.90281619325,4710.459533607678,9550.000000000058,19366.666666666628,0.0,0.0,163.0,1.0,0.0,structural_ma9,ma9_level
price_family_ma9_structural_linked,raw_source,tulare_county_ca__county,median_ppsf,level,165,2012-01-31,2026-05-31,160.95180046278452,49.95288399707774,1.0206760262920058,2.2676533736666866,3.5866666666666163,0.0,0.0,165.0,1.0,0.0,raw_source,raw_level
price_family_ma9_structural_linked,structural_ma9,tulare_county_ca__county,median_ppsf,level,165,2012-01-31,2026-05-31,160.95180046278452,49.95288399707774,1.0206760262920058,2.2676533736666866,3.5866666666666163,0.0,0.0,165.0,1.0,0.0,structural_ma9,ma9_level
price_family_ma9_structural_linked,raw_source,tulare_county_ca__county,median_sale_price,level,165,2012-01-31,2026-05-31,259460.22895622894,82041.96430414336,1917.9959349593491,4087.22222222225,6027.777777777781,0.0,0.0,165.0,1.0,0.0,raw_source,raw_level
price_family_ma9_structural_linked,structural_ma9,tulare_county_ca__county,median_sale_price,level,165,2012-01-31,2026-05-31,259460.22895622894,82041.96430414336,1917.9959349593491,4087.22222222225,6027.777777777781,0.0,0.0,165.0,1.0,0.0,structural_ma9,ma9_level
price_family_ma9_structural_linked,raw_source,tuolumne_county_ca__county,median_ppsf,level,165,2012-01-31,2026-05-31,188.4135464180963,52.185714756534374,1.7616159451388884,3.7344665901111145,6.079099130666663,0.0,0.0,165.0,1.0,0.0,raw_source,raw_level
price_family_ma9_structural_linked,structural_ma9,tuolumne_county_ca__county,median_ppsf,level,165,2012-01-31,2026-05-31,188.4135464180963,52.185714756534374,1.7616159451388884,3.7344665901111145,6.079099130666663,0.0,0.0,165.0,1.0,0.0,structural_ma9,ma9_level
price_family_ma9_structural_linked,raw_source,tuolumne_county_ca__county,median_sale_price,level,165,2012-01-31,2026-05-31,300956.11919191916,83621.36782089822,3458.0162601626016,7096.111111111122,15264.777777777752,0.0,0.0,165.0,0.9999999999999998,0.0,raw_source,raw_level
price_family_ma9_structural_linked,structural_ma9,tuolumne_county_ca__county,median_sale_price,level,165,2012-01-31,2026-05-31,300956.11919191916,83621.36782089822,3458.0162601626016,7096.111111111122,15264.777777777752,0.0,0.0,165.0,0.9999999999999998,0.0,structural_ma9,ma9_level
price_family_ma9_structural_linked,raw_source,ukiah_ca_metro_area__cbsa_metro,median_ppsf,level,163,2012-01-31,2026-03-31,272.91715378428495,62.51416519279133,2.626468605915638,5.171653693999992,12.385248496333304,0.0,0.0,163.0,0.9999999999999999,0.0,raw_source,raw_level
price_family_ma9_structural_linked,structural_ma9,ukiah_ca_metro_area__cbsa_metro,median_ppsf,level,163,2012-01-31,2026-03-31,272.91715378428495,62.51416519279133,2.626468605915638,5.171653693999992,12.385248496333304,0.0,0.0,163.0,0.9999999999999999,0.0,structural_ma9,ma9_level
price_family_ma9_structural_linked,raw_source,ukiah_ca_metro_area__cbsa_metro,median_sale_price,level,163,2012-01-31,2026-03-31,429798.2498295842,101733.09779943665,5273.676268861456,11111.111111111113,21833.333333333372,0.0,0.0,163.0,1.0,0.0,raw_source,raw_level
price_family_ma9_structural_linked,structural_ma9,ukiah_ca_metro_area__cbsa_metro,median_sale_price,level,163,2012-01-31,2026-03-31,429798.2498295842,101733.09779943665,5273.676268861456,11111.111111111113,21833.333333333372,0.0,0.0,163.0,1.0,0.0,structural_ma9,ma9_level
price_family_ma9_structural_linked,raw_source,union_county_nj__county,median_ppsf,level,125,2015-05-31,2026-05-31,281.3932768348711,77.83046874152836,2.7090770668539443,4.636333333333369,6.4477777777777305,0.0,0.0,125.0,1.0,0.0,raw_source,raw_level
price_family_ma9_structural_linked,structural_ma9,union_county_nj__county,median_ppsf,level,125,2015-05-31,2026-05-31,281.3932768348711,77.83046874152836,2.7090770668539443,4.636333333333369,6.4477777777777305,0.0,0.0,125.0,1.0,0.0,structural_ma9,ma9_level
price_family_ma9_structural_linked,raw_source,union_county_nj__county,median_sale_price,level,125,2015-05-31,2026-05-31,446657.5817777778,126695.95595301688,4259.151433691756,7531.666666666675,13055.555555555504,0.0,0.0,125.0,1.0,0.0,raw_source,raw_level
price_family_ma9_structural_linked,structural_ma9,union_county_nj__county,median_sale_price,level,125,2015-05-31,2026-05-31,446657.5817777778,126695.95595301688,4259.151433691756,7531.666666666675,13055.555555555504,0.0,0.0,125.0,1.0,0.0,structural_ma9,ma9_level
price_family_ma9_structural_linked,raw_source,vallejo_ca_metro_area__cbsa_metro,median_ppsf,level,163,2012-01-31,2026-03-31,263.6514921431554,71.91661717966343,1.9382757588333337,4.241454215166655,6.08930387322215,0.0,0.0,163.0,1.0,0.0,raw_source,raw_level
price_family_ma9_structural_linked,structural_ma9,vallejo_ca_metro_area__cbsa_metro,median_ppsf,level,163,2012-01-31,2026-03-31,263.6514921431554,71.91661717966343,1.9382757588333337,4.241454215166655,6.08930387322215,0.0,0.0,163.0,1.0,0.0,structural_ma9,ma9_level
price_family_ma9_structural_linked,raw_source,vallejo_ca_metro_area__cbsa_metro,median_sale_price,level,163,2012-01-31,2026-03-31,439869.1015678255,121131.18805664884,3244.035322359398,5663.333333333332,10111.111111111182,0.0,0.0,163.0,0.9999999999999999,0.0,raw_source,raw_level
price_family_ma9_structural_linked,structural_ma9,vallejo_ca_metro_area__cbsa_metro,median_sale_price,level,163,2012-01-31,2026-03-31,439869.1015678255,121131.18805664884,3244.035322359398,5663.333333333332,10111.111111111182,0.0,0.0,163.0,0.9999999999999999,0.0,structural_ma9,ma9_level
price_family_ma9_structural_linked,raw_source,ventura_county_ca__county,median_ppsf,level,165,2012-01-31,2026-05-31,378.2528848955899,92.97652810349872,2.3017892983170722,5.317666666666646,7.019999999999982,0.0,0.0,165.0,0.9999999999999999,0.0,raw_source,raw_level
price_family_ma9_structural_linked,structural_ma9,ventura_county_ca__county,median_ppsf,level,165,2012-01-31,2026-05-31,378.2528848955899,92.97652810349872,2.3017892983170722,5.317666666666646,7.019999999999982,0.0,0.0,165.0,0.9999999999999999,0.0,structural_ma9,ma9_level
price_family_ma9_structural_linked,raw_source,ventura_county_ca__county,median_sale_price,level,165,2012-01-31,2026-05-31,642077.9885521885,157168.3413965479,4241.61856368564,8688.888888888878,13888.888888888876,0.0,0.0,165.0,1.0,0.0,raw_source,raw_level
price_family_ma9_structural_linked,structural_ma9,ventura_county_ca__county,median_sale_price,level,165,2012-01-31,2026-05-31,642077.9885521885,157168.3413965479,4241.61856368564,8688.888888888878,13888.888888888876,0.0,0.0,165.0,1.0,0.0,structural_ma9,ma9_level
price_family_ma9_structural_linked,raw_source,vineland_nj_metro_area__cbsa_metro,median_ppsf,level,163,2012-01-31,2026-03-31,111.63270451747513,36.79604354347952,1.209772097521263,2.4509832384999797,5.188409777333334,0.0,0.0,163.0,0.9999999999999998,0.0,raw_source,raw_level
price_family_ma9_structural_linked,structural_ma9,vineland_nj_metro_area__cbsa_metro,median_ppsf,level,163,2012-01-31,2026-03-31,111.63270451747513,36.79604354347952,1.209772097521263,2.4509832384999797,5.188409777333334,0.0,0.0,163.0,0.9999999999999998,0.0,structural_ma9,ma9_level
price_family_ma9_structural_linked,raw_source,vineland_nj_metro_area__cbsa_metro,median_sale_price,level,163,2012-01-31,2026-03-31,163414.08248125427,51298.66023938172,1835.307270233196,3640.5555555555566,6388.888888888876,0.0,0.0,163.0,1.0,0.0,raw_source,raw_level
price_family_ma9_structural_linked,structural_ma9,vineland_nj_metro_area__cbsa_metro,median_sale_price,level,163,2012-01-31,2026-03-31,163414.08248125427,51298.66023938172,1835.307270233196,3640.5555555555566,6388.888888888876,0.0,0.0,163.0,1.0,0.0,structural_ma9,ma9_level
price_family_ma9_structural_linked,raw_source,virginia__state,median_ppsf,level,165,2012-01-31,2026-05-31,164.26712457912458,34.213217904393304,0.631273712737127,1.6480000000000141,2.5322222222222024,0.0,0.0,165.0,1.0,0.0,raw_source,raw_level
price_family_ma9_structural_linked,structural_ma9,virginia__state,median_ppsf,level,165,2012-01-31,2026-05-31,164.26712457912458,34.213217904393304,0.631273712737127,1.6480000000000141,2.5322222222222024,0.0,0.0,165.0,1.0,0.0,structural_ma9,ma9_level
price_family_ma9_structural_linked,raw_source,virginia__state,median_sale_price,level,165,2012-01-31,2026-05-31,318369.43164983165,57606.17547487406,2381.137533875339,4353.33333333333,6111.111111111124,0.0,0.0,165.0,1.0,0.0,raw_source,raw_level
price_family_ma9_structural_linked,structural_ma9,virginia__state,median_sale_price,level,165,2012-01-31,2026-05-31,318369.43164983165,57606.17547487406,2381.137533875339,4353.33333333333,6111.111111111124,0.0,0.0,165.0,1.0,0.0,structural_ma9,ma9_level
price_family_ma9_structural_linked,raw_source,virginia_beach_va__county,median_ppsf,level,140,2014-02-28,2026-05-31,175.54774267940556,35.6954499226298,0.8808776751111116,1.7966666666666584,2.6344444444444264,0.0,0.0,140.0,1.0,0.0,raw_source,raw_level
price_family_ma9_structural_linked,structural_ma9,virginia_beach_va__county,median_ppsf,level,140,2014-02-28,2026-05-31,175.54774267940556,35.6954499226298,0.8808776751111116,1.7966666666666584,2.6344444444444264,0.0,0.0,140.0,1.0,0.0,structural_ma9,ma9_level
price_family_ma9_structural_linked,raw_source,virginia_beach_va__county,median_sale_price,level,140,2014-02-28,2026-05-31,301472.6174603175,55179.8134949077,1681.6075139888098,3398.8888888888882,6111.111111111124,0.0,0.0,140.0,1.0,0.0,raw_source,raw_level
price_family_ma9_structural_linked,structural_ma9,virginia_beach_va__county,median_sale_price,level,140,2014-02-28,2026-05-31,301472.6174603175,55179.8134949077,1681.6075139888098,3398.8888888888882,6111.111111111124,0.0,0.0,140.0,1.0,0.0,structural_ma9,ma9_level
price_family_ma9_structural_linked,raw_source,virginia_beach_va_metro_area__cbsa_metro,median_ppsf,level,165,2012-01-31,2026-05-31,149.4833265993266,33.500085853480435,0.6460501355013546,1.4102222222222172,2.076666666666682,0.0,0.0,165.0,1.0,0.0,raw_source,raw_level
price_family_ma9_structural_linked,structural_ma9,virginia_beach_va_metro_area__cbsa_metro,median_ppsf,level,165,2012-01-31,2026-05-31,149.4833265993266,33.500085853480435,0.6460501355013546,1.4102222222222172,2.076666666666682,0.0,0.0,165.0,1.0,0.0,structural_ma9,ma9_level
price_family_ma9_structural_linked,raw_source,virginia_beach_va_metro_area__cbsa_metro,median_sale_price,level,165,2012-01-31,2026-05-31,265642.2868686869,53840.556125039395,1895.4173441734429,3333.333333333355,11072.222222222219,0.0,0.0,165.0,1.0,0.0,raw_source,raw_level
price_family_ma9_structural_linked,structural_ma9,virginia_beach_va_metro_area__cbsa_metro,median_sale_price,level,165,2012-01-31,2026-05-31,265642.2868686869,53840.556125039395,1895.4173441734429,3333.333333333355,11072.222222222219,0.0,0.0,165.0,1.0,0.0,structural_ma9,ma9_level
price_family_ma9_structural_linked,raw_source,visalia_ca_metro_area__cbsa_metro,median_ppsf,level,163,2012-01-31,2026-03-31,159.6810444568964,49.88277445489849,1.0374362680747595,2.30583542034441,3.5870459918888855,0.0,0.0,163.0,0.9999999999999999,0.0,raw_source,raw_level
price_family_ma9_structural_linked,structural_ma9,visalia_ca_metro_area__cbsa_metro,median_ppsf,level,163,2012-01-31,2026-03-31,159.6810444568964,49.88277445489849,1.0374362680747595,2.30583542034441,3.5870459918888855,0.0,0.0,163.0,0.9999999999999999,0.0,structural_ma9,ma9_level
price_family_ma9_structural_linked,raw_source,visalia_ca_metro_area__cbsa_metro,median_sale_price,level,163,2012-01-31,2026-03-31,257467.76209952284,82022.91315097941,1965.04526748971,4217.222222222248,6083.333333333343,0.0,0.0,163.0,1.0,0.0,raw_source,raw_level
price_family_ma9_structural_linked,structural_ma9,visalia_ca_metro_area__cbsa_metro,median_sale_price,level,163,2012-01-31,2026-03-31,257467.76209952284,82022.91315097941,1965.04526748971,4217.222222222248,6083.333333333343,0.0,0.0,163.0,1.0,0.0,structural_ma9,ma9_level
price_family_ma9_structural_linked,raw_source,warren_county_va__county,median_ppsf,level,165,2012-01-31,2026-05-31,153.82868872407138,44.03194964157005,1.5190974325420044,2.9176904275444198,5.352222222222252,0.0,0.0,165.0,0.9999999999999999,0.0,raw_source,raw_level
price_family_ma9_structural_linked,structural_ma9,warren_county_va__county,median_ppsf,level,165,2012-01-31,2026-05-31,153.82868872407138,44.03194964157005,1.5190974325420044,2.9176904275444198,5.352222222222252,0.0,0.0,165.0,0.9999999999999999,0.0,structural_ma9,ma9_level
price_family_ma9_structural_linked,raw_source,warren_county_va__county,median_sale_price,level,165,2012-01-31,2026-05-31,263770.3414141414,81366.78716626673,2679.6205962059616,5007.777777777787,12500.0,0.0,0.0,165.0,1.0,0.0,raw_source,raw_level
price_family_ma9_structural_linked,structural_ma9,warren_county_va__county,median_sale_price,level,165,2012-01-31,2026-05-31,263770.3414141414,81366.78716626673,2679.6205962059616,5007.777777777787,12500.0,0.0,0.0,165.0,1.0,0.0,structural_ma9,ma9_level
price_family_ma9_structural_linked,raw_source,washington_county_md__county,median_ppsf,level,165,2012-01-31,2026-05-31,120.78460669705589,31.38724503612955,0.9379970596056904,1.829437269666666,3.375555555555536,0.0,0.0,165.0,1.0,0.0,raw_source,raw_level
price_family_ma9_structural_linked,structural_ma9,washington_county_md__county,median_ppsf,level,165,2012-01-31,2026-05-31,120.78460669705589,31.38724503612955,0.9379970596056904,1.829437269666666,3.375555555555536,0.0,0.0,165.0,1.0,0.0,structural_ma9,ma9_level
price_family_ma9_structural_linked,raw_source,washington_county_md__county,median_sale_price,level,165,2012-01-31,2026-05-31,217426.0565656566,61289.91165568203,2077.2527100271004,4213.888888888906,9027.0,0.0,0.0,165.0,1.0,0.0,raw_source,raw_level
price_family_ma9_structural_linked,structural_ma9,washington_county_md__county,median_sale_price,level,165,2012-01-31,2026-05-31,217426.0565656566,61289.91165568203,2077.2527100271004,4213.888888888906,9027.0,0.0,0.0,165.0,1.0,0.0,structural_ma9,ma9_level
price_family_ma9_structural_linked,raw_source,washington_dc_metro_area__cbsa_metro,median_ppsf,level,165,2012-01-31,2026-05-31,224.67624915824916,39.62691711377576,0.9029878048780483,1.789888888888922,3.871111111111105,0.0,0.0,165.0,1.0,0.0,raw_source,raw_level
price_family_ma9_structural_linked,structural_ma9,washington_dc_metro_area__cbsa_metro,median_ppsf,level,165,2012-01-31,2026-05-31,224.67624915824916,39.62691711377576,0.9029878048780483,1.789888888888922,3.871111111111105,0.0,0.0,165.0,1.0,0.0,structural_ma9,ma9_level
price_family_ma9_structural_linked,raw_source,washington_dc_metro_area__cbsa_metro,median_sale_price,level,165,2012-01-31,2026-05-31,437016.4303030303,82868.816852826,3140.182249322495,5555.555555555603,8333.333333333314,0.0,0.0,165.0,1.0,0.0,raw_source,raw_level
price_family_ma9_structural_linked,structural_ma9,washington_dc_metro_area__cbsa_metro,median_sale_price,level,165,2012-01-31,2026-05-31,437016.4303030303,82868.816852826,3140.182249322495,5555.555555555603,8333.333333333314,0.0,0.0,165.0,1.0,0.0,structural_ma9,ma9_level
price_family_ma9_structural_linked,raw_source,waynesboro_va__county,median_ppsf,level,165,2012-01-31,2026-05-31,125.30802526570504,37.04980796433927,1.312958203022357,2.596410820144412,5.952222222222218,0.0,0.0,165.0,1.0,0.0,raw_source,raw_level
price_family_ma9_structural_linked,structural_ma9,waynesboro_va__county,median_ppsf,level,165,2012-01-31,2026-05-31,125.30802526570504,37.04980796433927,1.312958203022357,2.596410820144412,5.952222222222218,0.0,0.0,165.0,1.0,0.0,structural_ma9,ma9_level
price_family_ma9_structural_linked,raw_source,waynesboro_va__county,median_sale_price,level,165,2012-01-31,2026-05-31,202157.11683501682,58242.81979466699,3041.6382113821137,6281.666666666674,9444.444444444438,0.0,0.0,165.0,1.0,0.0,raw_source,raw_level
price_family_ma9_structural_linked,structural_ma9,waynesboro_va__county,median_sale_price,level,165,2012-01-31,2026-05-31,202157.11683501682,58242.81979466699,3041.6382113821137,6281.666666666674,9444.444444444438,0.0,0.0,165.0,1.0,0.0,structural_ma9,ma9_level
price_family_ma9_structural_linked,raw_source,williamsburg_va__county,median_ppsf,level,140,2014-02-28,2026-05-31,170.07333621176429,31.375793275162124,2.70447053861311,5.524462863199995,10.087777777777774,0.0,0.0,140.0,0.9999999999999999,0.0,raw_source,raw_level
price_family_ma9_structural_linked,structural_ma9,williamsburg_va__county,median_ppsf,level,140,2014-02-28,2026-05-31,170.07333621176429,31.375793275162124,2.70447053861311,5.524462863199995,10.087777777777774,0.0,0.0,140.0,0.9999999999999999,0.0,structural_ma9,ma9_level
price_family_ma9_structural_linked,raw_source,williamsburg_va__county,median_sale_price,level,140,2014-02-28,2026-05-31,347061.7166666667,74047.03578275791,11579.566746602715,26203.288888888852,50416.66666666666,0.0,0.0,140.0,1.0,0.0,raw_source,raw_level
price_family_ma9_structural_linked,structural_ma9,williamsburg_va__county,median_sale_price,level,140,2014-02-28,2026-05-31,347061.7166666667,74047.03578275791,11579.566746602715,26203.288888888852,50416.66666666666,0.0,0.0,140.0,1.0,0.0,structural_ma9,ma9_level
price_family_ma9_structural_linked,raw_source,winchester_va__county,median_ppsf,level,165,2012-01-31,2026-05-31,148.19383958008686,41.27941153321656,1.4683414744579955,3.356260860866658,6.1766666666666765,0.0,0.0,165.0,0.9999999999999998,0.0,raw_source,raw_level
price_family_ma9_structural_linked,structural_ma9,winchester_va__county,median_ppsf,level,165,2012-01-31,2026-05-31,148.19383958008686,41.27941153321656,1.4683414744579955,3.356260860866658,6.1766666666666765,0.0,0.0,165.0,0.9999999999999998,0.0,structural_ma9,ma9_level
price_family_ma9_structural_linked,raw_source,winchester_va__county,median_sale_price,level,165,2012-01-31,2026-05-31,257376.6565656566,70415.58919502102,3925.8570460704605,8453.8888888889,12777.777777777781,0.0,0.0,165.0,0.9999999999999998,0.0,raw_source,raw_level
price_family_ma9_structural_linked,structural_ma9,winchester_va__county,median_sale_price,level,165,2012-01-31,2026-05-31,257376.6565656566,70415.58919502102,3925.8570460704605,8453.8888888889,12777.777777777781,0.0,0.0,165.0,0.9999999999999998,0.0,structural_ma9,ma9_level
price_family_ma9_structural_linked,raw_source,winchester_va_metro_area__cbsa_metro,median_ppsf,level,163,2012-01-31,2026-03-31,141.95739969930472,38.27654796008717,0.9668387749272958,2.183298514144457,3.679609645444458,0.0,0.0,163.0,1.0,0.0,raw_source,raw_level
price_family_ma9_structural_linked,structural_ma9,winchester_va_metro_area__cbsa_metro,median_ppsf,level,163,2012-01-31,2026-03-31,141.95739969930472,38.27654796008717,0.9668387749272958,2.183298514144457,3.679609645444458,0.0,0.0,163.0,1.0,0.0,structural_ma9,ma9_level
price_family_ma9_structural_linked,raw_source,winchester_va_metro_area__cbsa_metro,median_sale_price,level,163,2012-01-31,2026-03-31,275915.0201090661,77381.71422756536,2416.7822359396428,4569.444444444427,7222.22222222219,0.0,0.0,163.0,1.0,0.0,raw_source,raw_level
price_family_ma9_structural_linked,structural_ma9,winchester_va_metro_area__cbsa_metro,median_sale_price,level,163,2012-01-31,2026-03-31,275915.0201090661,77381.71422756536,2416.7822359396428,4569.444444444427,7222.22222222219,0.0,0.0,163.0,1.0,0.0,structural_ma9,ma9_level
price_family_ma9_structural_linked,raw_source,wise_county_va__county,median_ppsf,level,146,2012-03-31,2026-05-31,65.01342143673516,16.945067474052074,1.427294749691188,2.81698525182222,5.359999999999999,0.0,0.0,146.0,1.0,0.0,raw_source,raw_level
price_family_ma9_structural_linked,structural_ma9,wise_county_va__county,median_ppsf,level,146,2012-03-31,2026-05-31,65.01342143673516,16.945067474052074,1.427294749691188,2.81698525182222,5.359999999999999,0.0,0.0,146.0,1.0,0.0,structural_ma9,ma9_level
price_family_ma9_structural_linked,raw_source,wise_county_va__county,median_sale_price,level,146,2012-03-31,2026-05-31,110630.97869101979,26034.30277441484,3178.806896551724,6297.777777777782,10415.0,0.0,0.0,146.0,1.0,0.0,raw_source,raw_level
price_family_ma9_structural_linked,structural_ma9,wise_county_va__county,median_sale_price,level,146,2012-03-31,2026-05-31,110630.97869101979,26034.30277441484,3178.806896551724,6297.777777777782,10415.0,0.0,0.0,146.0,1.0,0.0,structural_ma9,ma9_level
price_family_ma9_structural_linked,raw_source,yolo_county_ca__county,median_ppsf,level,165,2012-01-31,2026-05-31,268.32058700644984,72.94272523643077,2.4022991642716813,4.803666666666675,8.115555555555488,0.0,0.0,165.0,0.9999999999999998,0.0,raw_source,raw_level
price_family_ma9_structural_linked,structural_ma9,yolo_county_ca__county,median_ppsf,level,165,2012-01-31,2026-05-31,268.32058700644984,72.94272523643077,2.4022991642716813,4.803666666666675,8.115555555555488,0.0,0.0,165.0,0.9999999999999998,0.0,structural_ma9,ma9_level
price_family_ma9_structural_linked,raw_source,yolo_county_ca__county,median_sale_price,level,165,2012-01-31,2026-05-31,457096.45690235693,119045.74279621472,4001.1578590785916,8077.544444444428,12777.777777777868,0.0,0.0,165.0,0.9999999999999999,0.0,raw_source,raw_level
price_family_ma9_structural_linked,structural_ma9,yolo_county_ca__county,median_sale_price,level,165,2012-01-31,2026-05-31,457096.45690235693,119045.74279621472,4001.1578590785916,8077.544444444428,12777.777777777868,0.0,0.0,165.0,0.9999999999999999,0.0,structural_ma9,ma9_level
price_family_ma9_structural_linked,raw_source,york_county_va__county,median_ppsf,level,140,2014-02-28,2026-05-31,163.6760480780254,31.087982759941184,0.798065328252598,1.667333333333369,2.925555555555576,0.0,0.0,140.0,1.0,0.0,raw_source,raw_level
price_family_ma9_structural_linked,structural_ma9,york_county_va__county,median_ppsf,level,140,2014-02-28,2026-05-31,163.6760480780254,31.087982759941184,0.798065328252598,1.667333333333369,2.925555555555576,0.0,0.0,140.0,1.0,0.0,structural_ma9,ma9_level
price_family_ma9_structural_linked,raw_source,york_county_va__county,median_sale_price,level,140,2014-02-28,2026-05-31,337134.1492063492,60230.300294098866,3090.490007993604,6182.111111111136,10555.555555555562,0.0,0.0,140.0,1.0,0.0,raw_source,raw_level
price_family_ma9_structural_linked,structural_ma9,york_county_va__county,median_sale_price,level,140,2014-02-28,2026-05-31,337134.1492063492,60230.300294098866,3090.490007993604,6182.111111111136,10555.555555555562,0.0,0.0,140.0,1.0,0.0,structural_ma9,ma9_level
price_family_ma9_structural_linked,raw_source,yuba_city_ca_metro_area__cbsa_metro,median_ppsf,level,163,2012-01-31,2026-03-31,183.00791049104498,61.19184981030151,1.4392052725658433,3.0885639485222134,5.007426267777788,0.0,0.0,163.0,1.0,0.0,raw_source,raw_level
price_family_ma9_structural_linked,structural_ma9,yuba_city_ca_metro_area__cbsa_metro,median_ppsf,level,163,2012-01-31,2026-03-31,183.00791049104498,61.19184981030151,1.4392052725658433,3.0885639485222134,5.007426267777788,0.0,0.0,163.0,1.0,0.0,structural_ma9,ma9_level
price_family_ma9_structural_linked,raw_source,yuba_city_ca_metro_area__cbsa_metro,median_sale_price,level,163,2012-01-31,2026-03-31,311748.19120654394,97037.58150237433,2335.725651577503,4822.222222222208,7500.0,0.0,0.0,163.0,0.9999999999999999,0.0,raw_source,raw_level
price_family_ma9_structural_linked,structural_ma9,yuba_city_ca_metro_area__cbsa_metro,median_sale_price,level,163,2012-01-31,2026-03-31,311748.19120654394,97037.58150237433,2335.725651577503,4822.222222222208,7500.0,0.0,0.0,163.0,0.9999999999999999,0.0,structural_ma9,ma9_level
price_family_ma9_structural_linked,raw_source,yuba_county_ca__county,median_ppsf,level,165,2012-01-31,2026-05-31,183.25641550910976,64.49590119927649,1.5673331515901072,3.4363693411111242,6.254444444444488,0.0,0.0,165.0,1.0,0.0,raw_source,raw_level
price_family_ma9_structural_linked,structural_ma9,yuba_county_ca__county,median_ppsf,level,165,2012-01-31,2026-05-31,183.25641550910976,64.49590119927649,1.5673331515901072,3.4363693411111242,6.254444444444488,0.0,0.0,165.0,1.0,0.0,structural_ma9,ma9_level
price_family_ma9_structural_linked,raw_source,yuba_county_ca__county,median_sale_price,level,165,2012-01-31,2026-05-31,313379.5952861953,99685.97257626448,2394.6165311653112,5150.000000000018,9622.22222222219,0.0,0.0,165.0,1.0,0.0,raw_source,raw_level
price_family_ma9_structural_linked,structural_ma9,yuba_county_ca__county,median_sale_price,level,165,2012-01-31,2026-05-31,313379.5952861953,99685.97257626448,2394.6165311653112,5150.000000000018,9622.22222222219,0.0,0.0,165.0,1.0,0.0,structural_ma9,ma9_level
