candidate_id,run_role,geo_id,canonical_metric_key,feature_component,rows,first_date,last_date,mean_value,value_std,mean_absolute_change_1m,p90_absolute_change_1m,maximum_absolute_change_1m,sign_flip_rate,near_zero_rate,overlap_rows,baseline_challenger_correlation,mean_absolute_baseline_challenger_difference,feature_origin,series_variant
price_family_ma12_structural_linked,raw_source,20001_district_of_columbia_dc__zip,median_ppsf,level,160,2012-03-31,2026-05-31,573.5987486320662,45.69460876673839,2.127229406149899,4.370228521533344,7.1102196713333115,0.0,0.0,160.0,1.0,0.0,raw_source,raw_level
price_family_ma12_structural_linked,structural_ma12,20001_district_of_columbia_dc__zip,median_ppsf,level,160,2012-03-31,2026-05-31,573.5987486320662,45.69460876673839,2.127229406149899,4.370228521533344,7.1102196713333115,0.0,0.0,160.0,1.0,0.0,structural_ma12,ma12_level
price_family_ma12_structural_linked,raw_source,20001_district_of_columbia_dc__zip,median_sale_price,level,160,2012-03-31,2026-05-31,658458.4088541667,75481.44468395818,3099.0400943396244,6463.366666666699,8750.0,0.0,0.0,160.0,1.0,0.0,raw_source,raw_level
price_family_ma12_structural_linked,structural_ma12,20001_district_of_columbia_dc__zip,median_sale_price,level,160,2012-03-31,2026-05-31,658458.4088541667,75481.44468395818,3099.0400943396244,6463.366666666699,8750.0,0.0,0.0,160.0,1.0,0.0,structural_ma12,ma12_level
price_family_ma12_structural_linked,raw_source,20002_district_of_columbia_dc__zip,median_ppsf,level,160,2012-03-31,2026-05-31,469.22232884704636,53.297098213265315,2.1738926252064954,3.9755819054666306,5.920708673083311,0.0,0.0,160.0,1.0,0.0,raw_source,raw_level
price_family_ma12_structural_linked,structural_ma12,20002_district_of_columbia_dc__zip,median_ppsf,level,160,2012-03-31,2026-05-31,469.22232884704636,53.297098213265315,2.1738926252064954,3.9755819054666306,5.920708673083311,0.0,0.0,160.0,1.0,0.0,structural_ma12,ma12_level
price_family_ma12_structural_linked,raw_source,20002_district_of_columbia_dc__zip,median_sale_price,level,160,2012-03-31,2026-05-31,632876.0283854167,89774.89791684653,3264.334381551362,6217.024999999967,8750.0,0.0,0.0,160.0,1.0,0.0,raw_source,raw_level
price_family_ma12_structural_linked,structural_ma12,20002_district_of_columbia_dc__zip,median_sale_price,level,160,2012-03-31,2026-05-31,632876.0283854167,89774.89791684653,3264.334381551362,6217.024999999967,8750.0,0.0,0.0,160.0,1.0,0.0,structural_ma12,ma12_level
price_family_ma12_structural_linked,raw_source,20003_district_of_columbia_dc__zip,median_ppsf,level,160,2012-03-31,2026-05-31,571.1695009520874,57.90913446889263,1.8619969314439269,3.8192060769999903,6.050000000000068,0.0,0.0,160.0,1.0,0.0,raw_source,raw_level
price_family_ma12_structural_linked,structural_ma12,20003_district_of_columbia_dc__zip,median_ppsf,level,160,2012-03-31,2026-05-31,571.1695009520874,57.90913446889263,1.8619969314439269,3.8192060769999903,6.050000000000068,0.0,0.0,160.0,1.0,0.0,structural_ma12,ma12_level
price_family_ma12_structural_linked,raw_source,20003_district_of_columbia_dc__zip,median_sale_price,level,160,2012-03-31,2026-05-31,747315.6109375,101168.97094739888,4375.366876310277,9045.83333333338,15833.333333333372,0.0,0.0,160.0,1.0,0.0,raw_source,raw_level
price_family_ma12_structural_linked,structural_ma12,20003_district_of_columbia_dc__zip,median_sale_price,level,160,2012-03-31,2026-05-31,747315.6109375,101168.97094739888,4375.366876310277,9045.83333333338,15833.333333333372,0.0,0.0,160.0,1.0,0.0,structural_ma12,ma12_level
price_family_ma12_structural_linked,raw_source,20004_district_of_columbia_dc__zip,median_ppsf,level,160,2012-03-31,2026-05-31,593.4053958273624,26.016890527011384,2.0643891400524135,4.557646489800074,8.010833333333267,0.0,0.0,160.0,1.0,0.0,raw_source,raw_level
price_family_ma12_structural_linked,structural_ma12,20004_district_of_columbia_dc__zip,median_ppsf,level,160,2012-03-31,2026-05-31,593.4053958273624,26.016890527011384,2.0643891400524135,4.557646489800074,8.010833333333267,0.0,0.0,160.0,1.0,0.0,structural_ma12,ma12_level
price_family_ma12_structural_linked,raw_source,20004_district_of_columbia_dc__zip,median_sale_price,level,160,2012-03-31,2026-05-31,486759.95,24423.137201171863,4183.722222222221,11040.833333333374,22083.333333333314,0.0,0.0,160.0,1.0,0.0,raw_source,raw_level
price_family_ma12_structural_linked,structural_ma12,20004_district_of_columbia_dc__zip,median_sale_price,level,160,2012-03-31,2026-05-31,486759.95,24423.137201171863,4183.722222222221,11040.833333333374,22083.333333333314,0.0,0.0,160.0,1.0,0.0,structural_ma12,ma12_level
price_family_ma12_structural_linked,raw_source,20005_district_of_columbia_dc__zip,median_ppsf,level,160,2012-03-31,2026-05-31,658.7537585957423,39.57960434302961,2.770748692168758,5.752859106350053,13.772244166833389,0.0,0.0,160.0,1.0,0.0,raw_source,raw_level
price_family_ma12_structural_linked,structural_ma12,20005_district_of_columbia_dc__zip,median_ppsf,level,160,2012-03-31,2026-05-31,658.7537585957423,39.57960434302961,2.770748692168758,5.752859106350053,13.772244166833389,0.0,0.0,160.0,1.0,0.0,structural_ma12,ma12_level
price_family_ma12_structural_linked,raw_source,20005_district_of_columbia_dc__zip,median_sale_price,level,160,2012-03-31,2026-05-31,539176.4661458333,43381.4260586655,4565.689727463311,9095.833333333345,17062.5,0.0,0.0,160.0,1.0,0.0,raw_source,raw_level
price_family_ma12_structural_linked,structural_ma12,20005_district_of_columbia_dc__zip,median_sale_price,level,160,2012-03-31,2026-05-31,539176.4661458333,43381.4260586655,4565.689727463311,9095.833333333345,17062.5,0.0,0.0,160.0,1.0,0.0,structural_ma12,ma12_level
price_family_ma12_structural_linked,raw_source,20006_district_of_columbia_dc__zip,median_ppsf,level,146,2012-03-31,2026-05-31,507.8775955184041,34.37890038787157,4.383991984234482,8.7705623328667,17.083452380916697,0.0,0.0,146.0,1.0,0.0,raw_source,raw_level
price_family_ma12_structural_linked,structural_ma12,20006_district_of_columbia_dc__zip,median_ppsf,level,146,2012-03-31,2026-05-31,507.8775955184041,34.37890038787157,4.383991984234482,8.7705623328667,17.083452380916697,0.0,0.0,146.0,1.0,0.0,structural_ma12,ma12_level
price_family_ma12_structural_linked,raw_source,20006_district_of_columbia_dc__zip,median_sale_price,level,148,2012-03-31,2026-05-31,308343.1323198198,89331.20260553077,11481.80612244898,39958.33333333334,83333.33333333331,0.0,0.0,148.0,0.9999999999999999,0.0,raw_source,raw_level
price_family_ma12_structural_linked,structural_ma12,20006_district_of_columbia_dc__zip,median_sale_price,level,148,2012-03-31,2026-05-31,308343.1323198198,89331.20260553077,11481.80612244898,39958.33333333334,83333.33333333331,0.0,0.0,148.0,0.9999999999999999,0.0,structural_ma12,ma12_level
price_family_ma12_structural_linked,raw_source,20007_district_of_columbia_dc__zip,median_ppsf,level,160,2012-03-31,2026-05-31,610.9007622732245,52.63990833487466,2.607586448587525,5.32841418994999,7.987821565416766,0.0,0.0,160.0,1.0,0.0,raw_source,raw_level
price_family_ma12_structural_linked,structural_ma12,20007_district_of_columbia_dc__zip,median_ppsf,level,160,2012-03-31,2026-05-31,610.9007622732245,52.63990833487466,2.607586448587525,5.32841418994999,7.987821565416766,0.0,0.0,160.0,1.0,0.0,structural_ma12,ma12_level
price_family_ma12_structural_linked,raw_source,20007_district_of_columbia_dc__zip,median_sale_price,level,160,2012-03-31,2026-05-31,1062704.5145833334,166182.18474039165,8256.348794549263,17452.33333333341,34166.666666666744,0.0,0.0,160.0,1.0,0.0,raw_source,raw_level
price_family_ma12_structural_linked,structural_ma12,20007_district_of_columbia_dc__zip,median_sale_price,level,160,2012-03-31,2026-05-31,1062704.5145833334,166182.18474039165,8256.348794549263,17452.33333333341,34166.666666666744,0.0,0.0,160.0,1.0,0.0,structural_ma12,ma12_level
price_family_ma12_structural_linked,raw_source,20008_district_of_columbia_dc__zip,median_ppsf,level,160,2012-03-31,2026-05-31,505.6718855207896,31.981531985607543,1.6889780727059758,3.372543228000019,4.36416666666662,0.0,0.0,160.0,0.9999999999999999,0.0,raw_source,raw_level
price_family_ma12_structural_linked,structural_ma12,20008_district_of_columbia_dc__zip,median_ppsf,level,160,2012-03-31,2026-05-31,505.6718855207896,31.981531985607543,1.6889780727059758,3.372543228000019,4.36416666666662,0.0,0.0,160.0,0.9999999999999999,0.0,structural_ma12,ma12_level
price_family_ma12_structural_linked,raw_source,20008_district_of_columbia_dc__zip,median_sale_price,level,160,2012-03-31,2026-05-31,565851.9080729167,58146.75963216812,6504.359276729556,13051.833333333303,27708.333333333372,0.0,0.0,160.0,1.0,0.0,raw_source,raw_level
price_family_ma12_structural_linked,structural_ma12,20008_district_of_columbia_dc__zip,median_sale_price,level,160,2012-03-31,2026-05-31,565851.9080729167,58146.75963216812,6504.359276729556,13051.833333333303,27708.333333333372,0.0,0.0,160.0,1.0,0.0,structural_ma12,ma12_level
price_family_ma12_structural_linked,raw_source,20009_district_of_columbia_dc__zip,median_ppsf,level,160,2012-03-31,2026-05-31,622.0742789196672,42.10067555540965,1.4982831400707495,3.0075368036834136,5.652606822333269,0.0,0.0,160.0,1.0,0.0,raw_source,raw_level
price_family_ma12_structural_linked,structural_ma12,20009_district_of_columbia_dc__zip,median_ppsf,level,160,2012-03-31,2026-05-31,622.0742789196672,42.10067555540965,1.4982831400707495,3.0075368036834136,5.652606822333269,0.0,0.0,160.0,1.0,0.0,structural_ma12,ma12_level
price_family_ma12_structural_linked,raw_source,20009_district_of_columbia_dc__zip,median_sale_price,level,160,2012-03-31,2026-05-31,576000.48125,56563.11937369744,2956.038784067087,6791.6666666667,16250.0,0.0,0.0,160.0,1.0,0.0,raw_source,raw_level
price_family_ma12_structural_linked,structural_ma12,20009_district_of_columbia_dc__zip,median_sale_price,level,160,2012-03-31,2026-05-31,576000.48125,56563.11937369744,2956.038784067087,6791.6666666667,16250.0,0.0,0.0,160.0,1.0,0.0,structural_ma12,ma12_level
price_family_ma12_structural_linked,raw_source,20010_district_of_columbia_dc__zip,median_ppsf,level,160,2012-03-31,2026-05-31,490.8979050180677,34.29597058829576,2.5400974634591194,4.6646878267833625,7.832209502166677,0.0,0.0,160.0,0.9999999999999998,0.0,raw_source,raw_level
price_family_ma12_structural_linked,structural_ma12,20010_district_of_columbia_dc__zip,median_ppsf,level,160,2012-03-31,2026-05-31,490.8979050180677,34.29597058829576,2.5400974634591194,4.6646878267833625,7.832209502166677,0.0,0.0,160.0,0.9999999999999998,0.0,structural_ma12,ma12_level
price_family_ma12_structural_linked,raw_source,20010_district_of_columbia_dc__zip,median_sale_price,level,160,2012-03-31,2026-05-31,673970.7322916667,86715.21535928694,4419.241614255764,8714.999999999978,11462.5,0.0,0.0,160.0,0.9999999999999998,0.0,raw_source,raw_level
price_family_ma12_structural_linked,structural_ma12,20010_district_of_columbia_dc__zip,median_sale_price,level,160,2012-03-31,2026-05-31,673970.7322916667,86715.21535928694,4419.241614255764,8714.999999999978,11462.5,0.0,0.0,160.0,0.9999999999999998,0.0,structural_ma12,ma12_level
price_family_ma12_structural_linked,raw_source,20011_district_of_columbia_dc__zip,median_ppsf,level,160,2012-03-31,2026-05-31,373.73427521093697,45.911871425515876,1.9086875202594353,3.6713125211333604,6.042075058500075,0.0,0.0,160.0,0.9999999999999999,0.0,raw_source,raw_level
price_family_ma12_structural_linked,structural_ma12,20011_district_of_columbia_dc__zip,median_ppsf,level,160,2012-03-31,2026-05-31,373.73427521093697,45.911871425515876,1.9086875202594353,3.6713125211333604,6.042075058500075,0.0,0.0,160.0,0.9999999999999999,0.0,structural_ma12,ma12_level
price_family_ma12_structural_linked,raw_source,20011_district_of_columbia_dc__zip,median_sale_price,level,160,2012-03-31,2026-05-31,601302.15,98910.47403143618,3250.7578616352207,6883.333333333327,10541.666666666686,0.0,0.0,160.0,1.0,0.0,raw_source,raw_level
price_family_ma12_structural_linked,structural_ma12,20011_district_of_columbia_dc__zip,median_sale_price,level,160,2012-03-31,2026-05-31,601302.15,98910.47403143618,3250.7578616352207,6883.333333333327,10541.666666666686,0.0,0.0,160.0,1.0,0.0,structural_ma12,ma12_level
price_family_ma12_structural_linked,raw_source,20012_district_of_columbia_dc__zip,median_ppsf,level,160,2012-03-31,2026-05-31,363.58114097592863,41.352679731282606,2.164959836618975,4.501531331133334,7.6141666666666765,0.0,0.0,160.0,1.0,0.0,raw_source,raw_level
price_family_ma12_structural_linked,structural_ma12,20012_district_of_columbia_dc__zip,median_ppsf,level,160,2012-03-31,2026-05-31,363.58114097592863,41.352679731282606,2.164959836618975,4.501531331133334,7.6141666666666765,0.0,0.0,160.0,1.0,0.0,structural_ma12,ma12_level
price_family_ma12_structural_linked,raw_source,20012_district_of_columbia_dc__zip,median_sale_price,level,160,2012-03-31,2026-05-31,663720.0932291667,101828.06177781142,7054.098532494762,15416.666666666652,26209.75,0.0,0.0,160.0,1.0,0.0,raw_source,raw_level
price_family_ma12_structural_linked,structural_ma12,20012_district_of_columbia_dc__zip,median_sale_price,level,160,2012-03-31,2026-05-31,663720.0932291667,101828.06177781142,7054.098532494762,15416.666666666652,26209.75,0.0,0.0,160.0,1.0,0.0,structural_ma12,ma12_level
price_family_ma12_structural_linked,raw_source,20015_district_of_columbia_dc__zip,median_ppsf,level,160,2012-03-31,2026-05-31,492.25339592590626,41.45136220408666,2.430097980156184,4.6205012460833474,10.09272906724999,0.0,0.0,160.0,1.0,0.0,raw_source,raw_level
price_family_ma12_structural_linked,structural_ma12,20015_district_of_columbia_dc__zip,median_ppsf,level,160,2012-03-31,2026-05-31,492.25339592590626,41.45136220408666,2.430097980156184,4.6205012460833474,10.09272906724999,0.0,0.0,160.0,1.0,0.0,structural_ma12,ma12_level
price_family_ma12_structural_linked,raw_source,20015_district_of_columbia_dc__zip,median_sale_price,level,160,2012-03-31,2026-05-31,1104130.9145833333,197234.51956091888,7807.395178197063,18216.666666666617,31041.666666666744,0.0,0.0,160.0,1.0,0.0,raw_source,raw_level
price_family_ma12_structural_linked,structural_ma12,20015_district_of_columbia_dc__zip,median_sale_price,level,160,2012-03-31,2026-05-31,1104130.9145833333,197234.51956091888,7807.395178197063,18216.666666666617,31041.666666666744,0.0,0.0,160.0,1.0,0.0,structural_ma12,ma12_level
price_family_ma12_structural_linked,raw_source,20016_district_of_columbia_dc__zip,median_ppsf,level,160,2012-03-31,2026-05-31,476.8032739015396,45.95354575331394,1.9434869739035596,3.9620104977000388,6.718333333333419,0.0,0.0,160.0,1.0,0.0,raw_source,raw_level
price_family_ma12_structural_linked,structural_ma12,20016_district_of_columbia_dc__zip,median_ppsf,level,160,2012-03-31,2026-05-31,476.8032739015396,45.95354575331394,1.9434869739035596,3.9620104977000388,6.718333333333419,0.0,0.0,160.0,1.0,0.0,structural_ma12,ma12_level
price_family_ma12_structural_linked,raw_source,20016_district_of_columbia_dc__zip,median_sale_price,level,160,2012-03-31,2026-05-31,869939.6552083334,156831.30327787035,9559.337002096438,21562.500000000076,33625.0,0.0,0.0,160.0,0.9999999999999998,0.0,raw_source,raw_level
price_family_ma12_structural_linked,structural_ma12,20016_district_of_columbia_dc__zip,median_sale_price,level,160,2012-03-31,2026-05-31,869939.6552083334,156831.30327787035,9559.337002096438,21562.500000000076,33625.0,0.0,0.0,160.0,0.9999999999999998,0.0,structural_ma12,ma12_level
price_family_ma12_structural_linked,raw_source,20017_district_of_columbia_dc__zip,median_ppsf,level,160,2012-03-31,2026-05-31,373.27586502494114,49.76380706220003,2.541874891137317,4.901995283733346,9.155261599249968,0.0,0.0,160.0,0.9999999999999999,0.0,raw_source,raw_level
price_family_ma12_structural_linked,structural_ma12,20017_district_of_columbia_dc__zip,median_ppsf,level,160,2012-03-31,2026-05-31,373.27586502494114,49.76380706220003,2.541874891137317,4.901995283733346,9.155261599249968,0.0,0.0,160.0,0.9999999999999999,0.0,structural_ma12,ma12_level
price_family_ma12_structural_linked,raw_source,20017_district_of_columbia_dc__zip,median_sale_price,level,160,2012-03-31,2026-05-31,553404.8817708333,98496.53505837165,4052.138888888887,7916.6833333333025,14370.833333333372,0.0,0.0,160.0,1.0,0.0,raw_source,raw_level
price_family_ma12_structural_linked,structural_ma12,20017_district_of_columbia_dc__zip,median_sale_price,level,160,2012-03-31,2026-05-31,553404.8817708333,98496.53505837165,4052.138888888887,7916.6833333333025,14370.833333333372,0.0,0.0,160.0,1.0,0.0,structural_ma12,ma12_level
price_family_ma12_structural_linked,raw_source,20018_district_of_columbia_dc__zip,median_ppsf,level,160,2012-03-31,2026-05-31,311.3626457085349,40.78601488189926,2.083875505845387,4.48866666666669,6.585833333333369,0.0,0.0,160.0,1.0,0.0,raw_source,raw_level
price_family_ma12_structural_linked,structural_ma12,20018_district_of_columbia_dc__zip,median_ppsf,level,160,2012-03-31,2026-05-31,311.3626457085349,40.78601488189926,2.083875505845387,4.48866666666669,6.585833333333369,0.0,0.0,160.0,1.0,0.0,structural_ma12,ma12_level
price_family_ma12_structural_linked,raw_source,20018_district_of_columbia_dc__zip,median_sale_price,level,160,2012-03-31,2026-05-31,537222.2505208333,96809.62043670539,4397.2541928721175,8606.250000000036,15500.0,0.0,0.0,160.0,1.0,0.0,raw_source,raw_level
price_family_ma12_structural_linked,structural_ma12,20018_district_of_columbia_dc__zip,median_sale_price,level,160,2012-03-31,2026-05-31,537222.2505208333,96809.62043670539,4397.2541928721175,8606.250000000036,15500.0,0.0,0.0,160.0,1.0,0.0,structural_ma12,ma12_level
price_family_ma12_structural_linked,raw_source,20019_district_of_columbia_dc__zip,median_ppsf,level,160,2012-03-31,2026-05-31,230.11384066492604,47.60580108483314,1.5253824262777775,2.9086069602000024,4.0108333333333235,0.0,0.0,160.0,1.0,0.0,raw_source,raw_level
price_family_ma12_structural_linked,structural_ma12,20019_district_of_columbia_dc__zip,median_ppsf,level,160,2012-03-31,2026-05-31,230.11384066492604,47.60580108483314,1.5253824262777775,2.9086069602000024,4.0108333333333235,0.0,0.0,160.0,1.0,0.0,structural_ma12,ma12_level
price_family_ma12_structural_linked,raw_source,20019_district_of_columbia_dc__zip,median_sale_price,level,160,2012-03-31,2026-05-31,325741.78177083336,89848.36942059008,2331.029350104821,4208.333333333329,7083.333333333314,0.0,0.0,160.0,1.0,0.0,raw_source,raw_level
price_family_ma12_structural_linked,structural_ma12,20019_district_of_columbia_dc__zip,median_sale_price,level,160,2012-03-31,2026-05-31,325741.78177083336,89848.36942059008,2331.029350104821,4208.333333333329,7083.333333333314,0.0,0.0,160.0,1.0,0.0,structural_ma12,ma12_level
price_family_ma12_structural_linked,raw_source,20020_district_of_columbia_dc__zip,median_ppsf,level,160,2012-03-31,2026-05-31,222.7102679258281,42.83140643613272,1.4411160232908802,2.9666666666666295,4.549999999999983,0.0,0.0,160.0,1.0,0.0,raw_source,raw_level
price_family_ma12_structural_linked,structural_ma12,20020_district_of_columbia_dc__zip,median_ppsf,level,160,2012-03-31,2026-05-31,222.7102679258281,42.83140643613272,1.4411160232908802,2.9666666666666295,4.549999999999983,0.0,0.0,160.0,1.0,0.0,structural_ma12,ma12_level
price_family_ma12_structural_linked,raw_source,20020_district_of_columbia_dc__zip,median_sale_price,level,160,2012-03-31,2026-05-31,335819.46328125,76301.95516840382,2637.379716981131,5416.66666666664,8329.166666666686,0.0,0.0,160.0,1.0,0.0,raw_source,raw_level
price_family_ma12_structural_linked,structural_ma12,20020_district_of_columbia_dc__zip,median_sale_price,level,160,2012-03-31,2026-05-31,335819.46328125,76301.95516840382,2637.379716981131,5416.66666666664,8329.166666666686,0.0,0.0,160.0,1.0,0.0,structural_ma12,ma12_level
price_family_ma12_structural_linked,raw_source,20024_district_of_columbia_dc__zip,median_ppsf,level,160,2012-03-31,2026-05-31,447.2000453287292,53.62835845041671,2.5073189502620536,5.301806280666598,9.037499999999966,0.0,0.0,160.0,1.0,0.0,raw_source,raw_level
price_family_ma12_structural_linked,structural_ma12,20024_district_of_columbia_dc__zip,median_ppsf,level,160,2012-03-31,2026-05-31,447.2000453287292,53.62835845041671,2.5073189502620536,5.301806280666598,9.037499999999966,0.0,0.0,160.0,1.0,0.0,structural_ma12,ma12_level
price_family_ma12_structural_linked,raw_source,20024_district_of_columbia_dc__zip,median_sale_price,level,160,2012-03-31,2026-05-31,386879.4317708333,62179.95740762782,4063.657232704403,8881.666666666662,20750.0,0.0,0.0,160.0,0.9999999999999999,0.0,raw_source,raw_level
price_family_ma12_structural_linked,structural_ma12,20024_district_of_columbia_dc__zip,median_sale_price,level,160,2012-03-31,2026-05-31,386879.4317708333,62179.95740762782,4063.657232704403,8881.666666666662,20750.0,0.0,0.0,160.0,0.9999999999999999,0.0,structural_ma12,ma12_level
price_family_ma12_structural_linked,raw_source,20027_district_of_columbia_dc__zip,median_ppsf,level,65,2012-05-31,2026-01-31,861.093816283123,79.21395733250314,18.284997610264313,44.24979307516678,54.1258333333335,0.0,0.0,65.0,1.0,0.0,raw_source,raw_level
price_family_ma12_structural_linked,structural_ma12,20027_district_of_columbia_dc__zip,median_ppsf,level,65,2012-05-31,2026-01-31,861.093816283123,79.21395733250314,18.284997610264313,44.24979307516678,54.1258333333335,0.0,0.0,65.0,1.0,0.0,structural_ma12,ma12_level
price_family_ma12_structural_linked,raw_source,20027_district_of_columbia_dc__zip,median_sale_price,level,65,2012-05-31,2026-01-31,2974050.075,667663.5120017162,190543.1985677083,354500.0,485416.666666667,0.0,0.0,65.0,0.9999999999999998,0.0,raw_source,raw_level
price_family_ma12_structural_linked,structural_ma12,20027_district_of_columbia_dc__zip,median_sale_price,level,65,2012-05-31,2026-01-31,2974050.075,667663.5120017162,190543.1985677083,354500.0,485416.666666667,0.0,0.0,65.0,0.9999999999999998,0.0,structural_ma12,ma12_level
price_family_ma12_structural_linked,raw_source,20030_district_of_columbia_dc__zip,median_ppsf,level,0,2020-10-31,2022-07-31,,,,,,0.0,0.0,,,,raw_source,raw_level
price_family_ma12_structural_linked,structural_ma12,20030_district_of_columbia_dc__zip,median_ppsf,level,0,2020-10-31,2022-07-31,,,,,,0.0,0.0,,,,structural_ma12,ma12_level
price_family_ma12_structural_linked,raw_source,20030_district_of_columbia_dc__zip,median_sale_price,level,0,2020-10-31,2022-07-31,,,,,,0.0,0.0,,,,raw_source,raw_level
price_family_ma12_structural_linked,structural_ma12,20030_district_of_columbia_dc__zip,median_sale_price,level,0,2020-10-31,2022-07-31,,,,,,0.0,0.0,,,,structural_ma12,ma12_level
price_family_ma12_structural_linked,raw_source,20032_district_of_columbia_dc__zip,median_ppsf,level,160,2012-03-31,2026-05-31,200.79114941127395,52.416517207763164,2.085730227285638,3.8084417905166537,7.505925173500003,0.0,0.0,160.0,0.9999999999999999,0.0,raw_source,raw_level
price_family_ma12_structural_linked,structural_ma12,20032_district_of_columbia_dc__zip,median_ppsf,level,160,2012-03-31,2026-05-31,200.79114941127395,52.416517207763164,2.085730227285638,3.8084417905166537,7.505925173500003,0.0,0.0,160.0,0.9999999999999999,0.0,structural_ma12,ma12_level
price_family_ma12_structural_linked,raw_source,20032_district_of_columbia_dc__zip,median_sale_price,level,160,2012-03-31,2026-05-31,311593.53802083334,95020.26222681317,3363.536163522011,7133.333333333341,13750.0,0.0,0.0,160.0,1.0,0.0,raw_source,raw_level
price_family_ma12_structural_linked,structural_ma12,20032_district_of_columbia_dc__zip,median_sale_price,level,160,2012-03-31,2026-05-31,311593.53802083334,95020.26222681317,3363.536163522011,7133.333333333341,13750.0,0.0,0.0,160.0,1.0,0.0,structural_ma12,ma12_level
price_family_ma12_structural_linked,raw_source,20036_district_of_columbia_dc__zip,median_ppsf,level,160,2012-03-31,2026-05-31,592.3412070579141,34.768010511814516,3.064036006560272,6.065500000000021,11.644166666666592,0.0,0.0,160.0,0.9999999999999998,0.0,raw_source,raw_level
price_family_ma12_structural_linked,structural_ma12,20036_district_of_columbia_dc__zip,median_ppsf,level,160,2012-03-31,2026-05-31,592.3412070579141,34.768010511814516,3.064036006560272,6.065500000000021,11.644166666666592,0.0,0.0,160.0,0.9999999999999998,0.0,structural_ma12,ma12_level
price_family_ma12_structural_linked,raw_source,20036_district_of_columbia_dc__zip,median_sale_price,level,160,2012-03-31,2026-05-31,385684.7109375,35415.562667445934,3996.1637840670865,7716.666666666643,21250.0,0.0,0.0,160.0,1.0,0.0,raw_source,raw_level
price_family_ma12_structural_linked,structural_ma12,20036_district_of_columbia_dc__zip,median_sale_price,level,160,2012-03-31,2026-05-31,385684.7109375,35415.562667445934,3996.1637840670865,7716.666666666643,21250.0,0.0,0.0,160.0,1.0,0.0,structural_ma12,ma12_level
price_family_ma12_structural_linked,raw_source,20037_district_of_columbia_dc__zip,median_ppsf,level,160,2012-03-31,2026-05-31,625.847127297299,37.07143841145849,3.9264477558778856,7.627243348266621,11.095833333333417,0.0,0.0,160.0,1.0,0.0,raw_source,raw_level
price_family_ma12_structural_linked,structural_ma12,20037_district_of_columbia_dc__zip,median_ppsf,level,160,2012-03-31,2026-05-31,625.847127297299,37.07143841145849,3.9264477558778856,7.627243348266621,11.095833333333417,0.0,0.0,160.0,1.0,0.0,structural_ma12,ma12_level
price_family_ma12_structural_linked,raw_source,20037_district_of_columbia_dc__zip,median_sale_price,level,160,2012-03-31,2026-05-31,582491.5333333333,51057.414115615094,8272.77568134172,16483.333333333314,24958.333333333372,0.0,0.0,160.0,1.0,0.0,raw_source,raw_level
price_family_ma12_structural_linked,structural_ma12,20037_district_of_columbia_dc__zip,median_sale_price,level,160,2012-03-31,2026-05-31,582491.5333333333,51057.414115615094,8272.77568134172,16483.333333333314,24958.333333333372,0.0,0.0,160.0,1.0,0.0,structural_ma12,ma12_level
price_family_ma12_structural_linked,raw_source,20040_district_of_columbia_dc__zip,median_ppsf,level,0,2018-08-31,2018-10-31,,,,,,0.0,0.0,,,,raw_source,raw_level
price_family_ma12_structural_linked,structural_ma12,20040_district_of_columbia_dc__zip,median_ppsf,level,0,2018-08-31,2018-10-31,,,,,,0.0,0.0,,,,structural_ma12,ma12_level
price_family_ma12_structural_linked,raw_source,20040_district_of_columbia_dc__zip,median_sale_price,level,0,2018-08-31,2018-10-31,,,,,,0.0,0.0,,,,raw_source,raw_level
price_family_ma12_structural_linked,structural_ma12,20040_district_of_columbia_dc__zip,median_sale_price,level,0,2018-08-31,2018-10-31,,,,,,0.0,0.0,,,,structural_ma12,ma12_level
price_family_ma12_structural_linked,raw_source,20059_district_of_columbia_dc__zip,median_ppsf,level,0,2012-03-31,2012-05-31,,,,,,0.0,0.0,,,,raw_source,raw_level
price_family_ma12_structural_linked,structural_ma12,20059_district_of_columbia_dc__zip,median_ppsf,level,0,2012-03-31,2012-05-31,,,,,,0.0,0.0,,,,structural_ma12,ma12_level
price_family_ma12_structural_linked,raw_source,20059_district_of_columbia_dc__zip,median_sale_price,level,0,2012-03-31,2012-05-31,,,,,,0.0,0.0,,,,raw_source,raw_level
price_family_ma12_structural_linked,structural_ma12,20059_district_of_columbia_dc__zip,median_sale_price,level,0,2012-03-31,2012-05-31,,,,,,0.0,0.0,,,,structural_ma12,ma12_level
price_family_ma12_structural_linked,raw_source,20060_district_of_columbia_dc__zip,median_ppsf,level,29,2012-03-31,2023-03-31,504.12425044973565,62.85417462747347,11.857205336181542,28.168397451516626,29.71700073016666,0.0,0.0,29.0,1.0,0.0,raw_source,raw_level
price_family_ma12_structural_linked,structural_ma12,20060_district_of_columbia_dc__zip,median_ppsf,level,29,2012-03-31,2023-03-31,504.12425044973565,62.85417462747347,11.857205336181542,28.168397451516626,29.71700073016666,0.0,0.0,29.0,1.0,0.0,structural_ma12,ma12_level
price_family_ma12_structural_linked,raw_source,20060_district_of_columbia_dc__zip,median_sale_price,level,29,2012-03-31,2023-03-31,845782.7586206896,49411.36750531411,12598.214285714286,29070.833333333387,47916.66666666663,0.0,0.0,29.0,1.0,0.0,raw_source,raw_level
price_family_ma12_structural_linked,structural_ma12,20060_district_of_columbia_dc__zip,median_sale_price,level,29,2012-03-31,2023-03-31,845782.7586206896,49411.36750531411,12598.214285714286,29070.833333333387,47916.66666666663,0.0,0.0,29.0,1.0,0.0,structural_ma12,ma12_level
price_family_ma12_structural_linked,raw_source,20216_district_of_columbia_dc__zip,median_ppsf,level,0,2014-11-30,2015-01-31,,,,,,0.0,0.0,,,,raw_source,raw_level
price_family_ma12_structural_linked,structural_ma12,20216_district_of_columbia_dc__zip,median_ppsf,level,0,2014-11-30,2015-01-31,,,,,,0.0,0.0,,,,structural_ma12,ma12_level
price_family_ma12_structural_linked,raw_source,20216_district_of_columbia_dc__zip,median_sale_price,level,0,2014-11-30,2015-01-31,,,,,,0.0,0.0,,,,raw_source,raw_level
price_family_ma12_structural_linked,structural_ma12,20216_district_of_columbia_dc__zip,median_sale_price,level,0,2014-11-30,2015-01-31,,,,,,0.0,0.0,,,,structural_ma12,ma12_level
price_family_ma12_structural_linked,raw_source,20226_district_of_columbia_dc__zip,median_ppsf,level,0,2012-07-31,2019-11-30,,,,,,0.0,0.0,,,,raw_source,raw_level
price_family_ma12_structural_linked,structural_ma12,20226_district_of_columbia_dc__zip,median_ppsf,level,0,2012-07-31,2019-11-30,,,,,,0.0,0.0,,,,structural_ma12,ma12_level
price_family_ma12_structural_linked,raw_source,20226_district_of_columbia_dc__zip,median_sale_price,level,0,2012-07-31,2019-11-30,,,,,,0.0,0.0,,,,raw_source,raw_level
price_family_ma12_structural_linked,structural_ma12,20226_district_of_columbia_dc__zip,median_sale_price,level,0,2012-07-31,2019-11-30,,,,,,0.0,0.0,,,,structural_ma12,ma12_level
price_family_ma12_structural_linked,raw_source,20227_district_of_columbia_dc__zip,median_ppsf,level,0,2012-03-31,2020-06-30,,,,,,0.0,0.0,,,,raw_source,raw_level
price_family_ma12_structural_linked,structural_ma12,20227_district_of_columbia_dc__zip,median_ppsf,level,0,2012-03-31,2020-06-30,,,,,,0.0,0.0,,,,structural_ma12,ma12_level
price_family_ma12_structural_linked,raw_source,20227_district_of_columbia_dc__zip,median_sale_price,level,0,2012-03-31,2020-06-30,,,,,,0.0,0.0,,,,raw_source,raw_level
price_family_ma12_structural_linked,structural_ma12,20227_district_of_columbia_dc__zip,median_sale_price,level,0,2012-03-31,2020-06-30,,,,,,0.0,0.0,,,,structural_ma12,ma12_level
price_family_ma12_structural_linked,raw_source,20306_district_of_columbia_dc__zip,median_ppsf,level,24,2023-06-30,2026-05-31,607.1152083333333,33.128589176849005,7.118297101449279,13.019333333333272,20.605000000000018,0.0,0.0,24.0,1.0,0.0,raw_source,raw_level
price_family_ma12_structural_linked,structural_ma12,20306_district_of_columbia_dc__zip,median_ppsf,level,24,2023-06-30,2026-05-31,607.1152083333333,33.128589176849005,7.118297101449279,13.019333333333272,20.605000000000018,0.0,0.0,24.0,1.0,0.0,structural_ma12,ma12_level
price_family_ma12_structural_linked,raw_source,20306_district_of_columbia_dc__zip,median_sale_price,level,24,2023-06-30,2026-05-31,591065.5208333334,42068.86108583556,19094.23550724637,35345.3,47190.83333333337,0.0,0.0,24.0,1.0,0.0,raw_source,raw_level
price_family_ma12_structural_linked,structural_ma12,20306_district_of_columbia_dc__zip,median_sale_price,level,24,2023-06-30,2026-05-31,591065.5208333334,42068.86108583556,19094.23550724637,35345.3,47190.83333333337,0.0,0.0,24.0,1.0,0.0,structural_ma12,ma12_level
price_family_ma12_structural_linked,raw_source,20391_district_of_columbia_dc__zip,median_ppsf,level,160,2012-03-31,2026-05-31,584.3905189533266,75.85622060500006,3.7940615062662513,6.959318902466595,13.968671510250033,0.0,0.0,160.0,1.0,0.0,raw_source,raw_level
price_family_ma12_structural_linked,structural_ma12,20391_district_of_columbia_dc__zip,median_ppsf,level,160,2012-03-31,2026-05-31,584.3905189533266,75.85622060500006,3.7940615062662513,6.959318902466595,13.968671510250033,0.0,0.0,160.0,1.0,0.0,structural_ma12,ma12_level
price_family_ma12_structural_linked,raw_source,20391_district_of_columbia_dc__zip,median_sale_price,level,160,2012-03-31,2026-05-31,575353.021875,78116.47288491465,8850.802935010479,17554.166666666722,28166.333333333314,0.0,0.0,160.0,1.0,0.0,raw_source,raw_level
price_family_ma12_structural_linked,structural_ma12,20391_district_of_columbia_dc__zip,median_sale_price,level,160,2012-03-31,2026-05-31,575353.021875,78116.47288491465,8850.802935010479,17554.166666666722,28166.333333333314,0.0,0.0,160.0,1.0,0.0,structural_ma12,ma12_level
price_family_ma12_structural_linked,raw_source,20398_district_of_columbia_dc__zip,median_ppsf,level,160,2012-03-31,2026-05-31,584.3905189533266,75.85622060500006,3.7940615062662513,6.959318902466595,13.968671510250033,0.0,0.0,160.0,1.0,0.0,raw_source,raw_level
price_family_ma12_structural_linked,structural_ma12,20398_district_of_columbia_dc__zip,median_ppsf,level,160,2012-03-31,2026-05-31,584.3905189533266,75.85622060500006,3.7940615062662513,6.959318902466595,13.968671510250033,0.0,0.0,160.0,1.0,0.0,structural_ma12,ma12_level
price_family_ma12_structural_linked,raw_source,20398_district_of_columbia_dc__zip,median_sale_price,level,160,2012-03-31,2026-05-31,575353.021875,78116.47288491465,8850.802935010479,17554.166666666722,28166.333333333314,0.0,0.0,160.0,1.0,0.0,raw_source,raw_level
price_family_ma12_structural_linked,structural_ma12,20398_district_of_columbia_dc__zip,median_sale_price,level,160,2012-03-31,2026-05-31,575353.021875,78116.47288491465,8850.802935010479,17554.166666666722,28166.333333333314,0.0,0.0,160.0,1.0,0.0,structural_ma12,ma12_level
price_family_ma12_structural_linked,raw_source,20422_district_of_columbia_dc__zip,median_ppsf,level,0,2025-03-31,2026-01-31,,,,,,0.0,0.0,,,,raw_source,raw_level
price_family_ma12_structural_linked,structural_ma12,20422_district_of_columbia_dc__zip,median_ppsf,level,0,2025-03-31,2026-01-31,,,,,,0.0,0.0,,,,structural_ma12,ma12_level
price_family_ma12_structural_linked,raw_source,20422_district_of_columbia_dc__zip,median_sale_price,level,3,2025-03-31,2026-04-30,1036481.0833333334,48487.47496397327,47527.458333333314,60830.758333333266,64156.583333333256,0.0,0.0,3.0,1.0,0.0,raw_source,raw_level
price_family_ma12_structural_linked,structural_ma12,20422_district_of_columbia_dc__zip,median_sale_price,level,3,2025-03-31,2026-04-30,1036481.0833333334,48487.47496397327,47527.458333333314,60830.758333333266,64156.583333333256,0.0,0.0,3.0,1.0,0.0,structural_ma12,ma12_level
price_family_ma12_structural_linked,raw_source,20515_district_of_columbia_dc__zip,median_ppsf,level,0,2013-06-30,2025-08-31,,,,,,0.0,0.0,,,,raw_source,raw_level
price_family_ma12_structural_linked,structural_ma12,20515_district_of_columbia_dc__zip,median_ppsf,level,0,2013-06-30,2025-08-31,,,,,,0.0,0.0,,,,structural_ma12,ma12_level
price_family_ma12_structural_linked,raw_source,20515_district_of_columbia_dc__zip,median_sale_price,level,0,2013-06-30,2025-08-31,,,,,,0.0,0.0,,,,raw_source,raw_level
price_family_ma12_structural_linked,structural_ma12,20515_district_of_columbia_dc__zip,median_sale_price,level,0,2013-06-30,2025-08-31,,,,,,0.0,0.0,,,,structural_ma12,ma12_level
price_family_ma12_structural_linked,raw_source,20529_district_of_columbia_dc__zip,median_ppsf,level,0,2013-01-31,2013-03-31,,,,,,0.0,0.0,,,,raw_source,raw_level
price_family_ma12_structural_linked,structural_ma12,20529_district_of_columbia_dc__zip,median_ppsf,level,0,2013-01-31,2013-03-31,,,,,,0.0,0.0,,,,structural_ma12,ma12_level
price_family_ma12_structural_linked,raw_source,20529_district_of_columbia_dc__zip,median_sale_price,level,0,2013-01-31,2013-03-31,,,,,,0.0,0.0,,,,raw_source,raw_level
price_family_ma12_structural_linked,structural_ma12,20529_district_of_columbia_dc__zip,median_sale_price,level,0,2013-01-31,2013-03-31,,,,,,0.0,0.0,,,,structural_ma12,ma12_level
price_family_ma12_structural_linked,raw_source,20560_district_of_columbia_dc__zip,median_sale_price,level,0,2016-04-30,2016-06-30,,,,,,0.0,0.0,,,,raw_source,raw_level
price_family_ma12_structural_linked,structural_ma12,20560_district_of_columbia_dc__zip,median_sale_price,level,0,2016-04-30,2016-06-30,,,,,,0.0,0.0,,,,structural_ma12,ma12_level
price_family_ma12_structural_linked,raw_source,20593_district_of_columbia_dc__zip,median_ppsf,level,42,2020-06-30,2026-05-31,912.3138690476192,38.66699008302395,13.054715447154466,25.896666666666874,46.671666666666624,0.0,0.0,42.0,1.0,0.0,raw_source,raw_level
price_family_ma12_structural_linked,structural_ma12,20593_district_of_columbia_dc__zip,median_ppsf,level,42,2020-06-30,2026-05-31,912.3138690476192,38.66699008302395,13.054715447154466,25.896666666666874,46.671666666666624,0.0,0.0,42.0,1.0,0.0,structural_ma12,ma12_level
price_family_ma12_structural_linked,raw_source,20593_district_of_columbia_dc__zip,median_sale_price,level,42,2020-06-30,2026-05-31,897354.6408730159,90065.12359461519,30931.536585365855,72875.0,100008.33333333337,0.0,0.0,42.0,0.9999999999999999,0.0,raw_source,raw_level
price_family_ma12_structural_linked,structural_ma12,20593_district_of_columbia_dc__zip,median_sale_price,level,42,2020-06-30,2026-05-31,897354.6408730159,90065.12359461519,30931.536585365855,72875.0,100008.33333333337,0.0,0.0,42.0,0.9999999999999999,0.0,structural_ma12,ma12_level
price_family_ma12_structural_linked,raw_source,20601_prince_george_s_county_md__zip,median_ppsf,level,160,2012-03-31,2026-05-31,161.3928857624,35.28828541303561,0.8475315470110066,1.6424042318833307,3.694166666666689,0.0,0.0,160.0,1.0,0.0,raw_source,raw_level
price_family_ma12_structural_linked,structural_ma12,20601_prince_george_s_county_md__zip,median_ppsf,level,160,2012-03-31,2026-05-31,161.3928857624,35.28828541303561,0.8475315470110066,1.6424042318833307,3.694166666666689,0.0,0.0,160.0,1.0,0.0,structural_ma12,ma12_level
price_family_ma12_structural_linked,raw_source,20601_prince_george_s_county_md__zip,median_sale_price,level,160,2012-03-31,2026-05-31,323487.17552083335,79902.15338240609,1845.935534591195,4079.333333333314,6250.0,0.0,0.0,160.0,1.0,0.0,raw_source,raw_level
price_family_ma12_structural_linked,structural_ma12,20601_prince_george_s_county_md__zip,median_sale_price,level,160,2012-03-31,2026-05-31,323487.17552083335,79902.15338240609,1845.935534591195,4079.333333333314,6250.0,0.0,0.0,160.0,1.0,0.0,structural_ma12,ma12_level
price_family_ma12_structural_linked,raw_source,20607_prince_george_s_county_md__zip,median_ppsf,level,160,2012-03-31,2026-05-31,156.47503053700157,34.96825543684103,1.1503916465429769,2.4041305590333106,4.149166666666673,0.0,0.0,160.0,1.0,0.0,raw_source,raw_level
price_family_ma12_structural_linked,structural_ma12,20607_prince_george_s_county_md__zip,median_ppsf,level,160,2012-03-31,2026-05-31,156.47503053700157,34.96825543684103,1.1503916465429769,2.4041305590333106,4.149166666666673,0.0,0.0,160.0,1.0,0.0,structural_ma12,ma12_level
price_family_ma12_structural_linked,raw_source,20607_prince_george_s_county_md__zip,median_sale_price,level,160,2012-03-31,2026-05-31,406904.0,83770.41584592802,3232.4397274633134,6675.083333333349,11250.0,0.0,0.0,160.0,1.0,0.0,raw_source,raw_level
price_family_ma12_structural_linked,structural_ma12,20607_prince_george_s_county_md__zip,median_sale_price,level,160,2012-03-31,2026-05-31,406904.0,83770.41584592802,3232.4397274633134,6675.083333333349,11250.0,0.0,0.0,160.0,1.0,0.0,structural_ma12,ma12_level
price_family_ma12_structural_linked,raw_source,20608_prince_george_s_county_md__zip,median_ppsf,level,148,2012-03-31,2026-05-31,155.45209867131925,43.414337616656525,3.699732245906461,7.9922765473999915,19.43666666666664,0.0,0.0,148.0,1.0,0.0,raw_source,raw_level
price_family_ma12_structural_linked,structural_ma12,20608_prince_george_s_county_md__zip,median_ppsf,level,148,2012-03-31,2026-05-31,155.45209867131925,43.414337616656525,3.699732245906461,7.9922765473999915,19.43666666666664,0.0,0.0,148.0,1.0,0.0,structural_ma12,ma12_level
price_family_ma12_structural_linked,raw_source,20608_prince_george_s_county_md__zip,median_sale_price,level,148,2012-03-31,2026-05-31,358653.2257882883,176104.1347717372,11855.094671201816,26500.00000000001,68113.08333333337,0.0,0.0,148.0,1.0,0.0,raw_source,raw_level
price_family_ma12_structural_linked,structural_ma12,20608_prince_george_s_county_md__zip,median_sale_price,level,148,2012-03-31,2026-05-31,358653.2257882883,176104.1347717372,11855.094671201816,26500.00000000001,68113.08333333337,0.0,0.0,148.0,1.0,0.0,structural_ma12,ma12_level
price_family_ma12_structural_linked,raw_source,20613_prince_george_s_county_md__zip,median_ppsf,level,160,2012-03-31,2026-05-31,167.85943288381665,40.74692352159542,0.955370616334381,2.078333333333308,3.424166666666679,0.0,0.0,160.0,1.0,0.0,raw_source,raw_level
price_family_ma12_structural_linked,structural_ma12,20613_prince_george_s_county_md__zip,median_ppsf,level,160,2012-03-31,2026-05-31,167.85943288381665,40.74692352159542,0.955370616334381,2.078333333333308,3.424166666666679,0.0,0.0,160.0,1.0,0.0,structural_ma12,ma12_level
price_family_ma12_structural_linked,raw_source,20613_prince_george_s_county_md__zip,median_sale_price,level,160,2012-03-31,2026-05-31,396943.13177083334,93338.76150524036,3418.7691299790367,6681.291666666605,15861.25,0.0,0.0,160.0,1.0,0.0,raw_source,raw_level
price_family_ma12_structural_linked,structural_ma12,20613_prince_george_s_county_md__zip,median_sale_price,level,160,2012-03-31,2026-05-31,396943.13177083334,93338.76150524036,3418.7691299790367,6681.291666666605,15861.25,0.0,0.0,160.0,1.0,0.0,structural_ma12,ma12_level
price_family_ma12_structural_linked,raw_source,20616_prince_george_s_county_md__zip,median_ppsf,level,160,2012-03-31,2026-05-31,149.5060020487151,28.733934421331252,0.8378084367714892,1.8648333333333487,3.600653618583351,0.0,0.0,160.0,1.0,0.0,raw_source,raw_level
price_family_ma12_structural_linked,structural_ma12,20616_prince_george_s_county_md__zip,median_ppsf,level,160,2012-03-31,2026-05-31,149.5060020487151,28.733934421331252,0.8378084367714892,1.8648333333333487,3.600653618583351,0.0,0.0,160.0,1.0,0.0,structural_ma12,ma12_level
price_family_ma12_structural_linked,raw_source,20616_prince_george_s_county_md__zip,median_sale_price,level,160,2012-03-31,2026-05-31,306183.0921875,83135.08938116662,2580.4177148846957,4826.5,9333.333333333314,0.0,0.0,160.0,1.0,0.0,raw_source,raw_level
price_family_ma12_structural_linked,structural_ma12,20616_prince_george_s_county_md__zip,median_sale_price,level,160,2012-03-31,2026-05-31,306183.0921875,83135.08938116662,2580.4177148846957,4826.5,9333.333333333314,0.0,0.0,160.0,1.0,0.0,structural_ma12,ma12_level
price_family_ma12_structural_linked,raw_source,20623_prince_george_s_county_md__zip,median_ppsf,level,159,2012-03-31,2026-05-31,167.9630913774979,38.14351709105279,2.305501668993669,5.762333333333318,11.503333333333273,0.0,0.0,159.0,1.0,0.0,raw_source,raw_level
price_family_ma12_structural_linked,structural_ma12,20623_prince_george_s_county_md__zip,median_ppsf,level,159,2012-03-31,2026-05-31,167.9630913774979,38.14351709105279,2.305501668993669,5.762333333333318,11.503333333333273,0.0,0.0,159.0,1.0,0.0,structural_ma12,ma12_level
price_family_ma12_structural_linked,raw_source,20623_prince_george_s_county_md__zip,median_sale_price,level,159,2012-03-31,2026-05-31,374033.142033543,86694.78365669084,4610.969936708862,10027.999999999995,18083.333333333314,0.0,0.0,159.0,1.0,0.0,raw_source,raw_level
price_family_ma12_structural_linked,structural_ma12,20623_prince_george_s_county_md__zip,median_sale_price,level,159,2012-03-31,2026-05-31,374033.142033543,86694.78365669084,4610.969936708862,10027.999999999995,18083.333333333314,0.0,0.0,159.0,1.0,0.0,structural_ma12,ma12_level
price_family_ma12_structural_linked,raw_source,20703_prince_george_s_county_md__zip,median_ppsf,level,0,2022-04-30,2022-06-30,,,,,,0.0,0.0,,,,raw_source,raw_level
price_family_ma12_structural_linked,structural_ma12,20703_prince_george_s_county_md__zip,median_ppsf,level,0,2022-04-30,2022-06-30,,,,,,0.0,0.0,,,,structural_ma12,ma12_level
price_family_ma12_structural_linked,raw_source,20703_prince_george_s_county_md__zip,median_sale_price,level,0,2022-04-30,2022-06-30,,,,,,0.0,0.0,,,,raw_source,raw_level
price_family_ma12_structural_linked,structural_ma12,20703_prince_george_s_county_md__zip,median_sale_price,level,0,2022-04-30,2022-06-30,,,,,,0.0,0.0,,,,structural_ma12,ma12_level
price_family_ma12_structural_linked,raw_source,20704_prince_george_s_county_md__zip,median_ppsf,level,0,2012-04-30,2012-06-30,,,,,,0.0,0.0,,,,raw_source,raw_level
price_family_ma12_structural_linked,structural_ma12,20704_prince_george_s_county_md__zip,median_ppsf,level,0,2012-04-30,2012-06-30,,,,,,0.0,0.0,,,,structural_ma12,ma12_level
price_family_ma12_structural_linked,raw_source,20704_prince_george_s_county_md__zip,median_sale_price,level,0,2012-04-30,2012-06-30,,,,,,0.0,0.0,,,,raw_source,raw_level
price_family_ma12_structural_linked,structural_ma12,20704_prince_george_s_county_md__zip,median_sale_price,level,0,2012-04-30,2012-06-30,,,,,,0.0,0.0,,,,structural_ma12,ma12_level
price_family_ma12_structural_linked,raw_source,20705_prince_george_s_county_md__zip,median_ppsf,level,160,2012-03-31,2026-05-31,184.3579314649151,30.4986688039916,1.351396831766249,2.6751666666666676,4.69666666666663,0.0,0.0,160.0,1.0,0.0,raw_source,raw_level
price_family_ma12_structural_linked,structural_ma12,20705_prince_george_s_county_md__zip,median_ppsf,level,160,2012-03-31,2026-05-31,184.3579314649151,30.4986688039916,1.351396831766249,2.6751666666666676,4.69666666666663,0.0,0.0,160.0,1.0,0.0,structural_ma12,ma12_level
price_family_ma12_structural_linked,raw_source,20705_prince_george_s_county_md__zip,median_sale_price,level,160,2012-03-31,2026-05-31,337641.47708333336,81320.77842182707,2389.314203354298,5008.333333333338,7916.666666666686,0.0,0.0,160.0,1.0,0.0,raw_source,raw_level
price_family_ma12_structural_linked,structural_ma12,20705_prince_george_s_county_md__zip,median_sale_price,level,160,2012-03-31,2026-05-31,337641.47708333336,81320.77842182707,2389.314203354298,5008.333333333338,7916.666666666686,0.0,0.0,160.0,1.0,0.0,structural_ma12,ma12_level
price_family_ma12_structural_linked,raw_source,20706_prince_george_s_county_md__zip,median_ppsf,level,160,2012-03-31,2026-05-31,187.69583399505052,39.913059576180366,1.1072902064219088,2.1166706096666483,3.0644513744166773,0.0,0.0,160.0,1.0,0.0,raw_source,raw_level
price_family_ma12_structural_linked,structural_ma12,20706_prince_george_s_county_md__zip,median_ppsf,level,160,2012-03-31,2026-05-31,187.69583399505052,39.913059576180366,1.1072902064219088,2.1166706096666483,3.0644513744166773,0.0,0.0,160.0,1.0,0.0,structural_ma12,ma12_level
price_family_ma12_structural_linked,raw_source,20706_prince_george_s_county_md__zip,median_sale_price,level,160,2012-03-31,2026-05-31,331383.02682291664,87727.1271156322,2008.9834905660377,3542.666666666664,5000.0,0.0,0.0,160.0,0.9999999999999999,0.0,raw_source,raw_level
price_family_ma12_structural_linked,structural_ma12,20706_prince_george_s_county_md__zip,median_sale_price,level,160,2012-03-31,2026-05-31,331383.02682291664,87727.1271156322,2008.9834905660377,3542.666666666664,5000.0,0.0,0.0,160.0,0.9999999999999999,0.0,structural_ma12,ma12_level
price_family_ma12_structural_linked,raw_source,20707_prince_george_s_county_md__zip,median_ppsf,level,160,2012-03-31,2026-05-31,186.25141330335157,45.27272957327558,1.0384114539114244,2.0509668570833366,4.014166666666625,0.0,0.0,160.0,1.0,0.0,raw_source,raw_level
price_family_ma12_structural_linked,structural_ma12,20707_prince_george_s_county_md__zip,median_ppsf,level,160,2012-03-31,2026-05-31,186.25141330335157,45.27272957327558,1.0384114539114244,2.0509668570833366,4.014166666666625,0.0,0.0,160.0,1.0,0.0,structural_ma12,ma12_level
price_family_ma12_structural_linked,raw_source,20707_prince_george_s_county_md__zip,median_sale_price,level,160,2012-03-31,2026-05-31,306127.4484375,77782.50021871056,2072.5649895178194,3950.000000000001,6125.0,0.0,0.0,160.0,0.9999999999999998,0.0,raw_source,raw_level
price_family_ma12_structural_linked,structural_ma12,20707_prince_george_s_county_md__zip,median_sale_price,level,160,2012-03-31,2026-05-31,306127.4484375,77782.50021871056,2072.5649895178194,3950.000000000001,6125.0,0.0,0.0,160.0,0.9999999999999998,0.0,structural_ma12,ma12_level
price_family_ma12_structural_linked,raw_source,20708_prince_george_s_county_md__zip,median_ppsf,level,160,2012-03-31,2026-05-31,179.7322052720547,40.272829517230434,1.19092577999109,2.906689669133347,4.7733333333333405,0.0,0.0,160.0,1.0,0.0,raw_source,raw_level
price_family_ma12_structural_linked,structural_ma12,20708_prince_george_s_county_md__zip,median_ppsf,level,160,2012-03-31,2026-05-31,179.7322052720547,40.272829517230434,1.19092577999109,2.906689669133347,4.7733333333333405,0.0,0.0,160.0,1.0,0.0,structural_ma12,ma12_level
price_family_ma12_structural_linked,raw_source,20708_prince_george_s_county_md__zip,median_sale_price,level,160,2012-03-31,2026-05-31,366744.6895833333,93214.29217671166,2935.453354297694,6559.166666666688,10916.666666666686,0.0,0.0,160.0,0.9999999999999999,0.0,raw_source,raw_level
price_family_ma12_structural_linked,structural_ma12,20708_prince_george_s_county_md__zip,median_sale_price,level,160,2012-03-31,2026-05-31,366744.6895833333,93214.29217671166,2935.453354297694,6559.166666666688,10916.666666666686,0.0,0.0,160.0,0.9999999999999999,0.0,structural_ma12,ma12_level
price_family_ma12_structural_linked,raw_source,20710_prince_george_s_county_md__zip,median_ppsf,level,160,2012-03-31,2026-05-31,167.38564745297032,41.14789265282916,3.684489747832811,7.746391202400032,12.775000000000006,0.0,0.0,160.0,0.9999999999999998,0.0,raw_source,raw_level
price_family_ma12_structural_linked,structural_ma12,20710_prince_george_s_county_md__zip,median_ppsf,level,160,2012-03-31,2026-05-31,167.38564745297032,41.14789265282916,3.684489747832811,7.746391202400032,12.775000000000006,0.0,0.0,160.0,0.9999999999999998,0.0,structural_ma12,ma12_level
price_family_ma12_structural_linked,raw_source,20710_prince_george_s_county_md__zip,median_sale_price,level,160,2012-03-31,2026-05-31,219923.8890625,64235.181082064664,4945.542452830188,11062.499999999996,19416.666666666686,0.0,0.0,160.0,1.0,0.0,raw_source,raw_level
price_family_ma12_structural_linked,structural_ma12,20710_prince_george_s_county_md__zip,median_sale_price,level,160,2012-03-31,2026-05-31,219923.8890625,64235.181082064664,4945.542452830188,11062.499999999996,19416.666666666686,0.0,0.0,160.0,1.0,0.0,structural_ma12,ma12_level
price_family_ma12_structural_linked,raw_source,20712_prince_george_s_county_md__zip,median_ppsf,level,160,2012-03-31,2026-05-31,245.75288029491352,48.069752357690945,2.639611750815516,4.936431896666683,8.995833333333337,0.0,0.0,160.0,1.0,0.0,raw_source,raw_level
price_family_ma12_structural_linked,structural_ma12,20712_prince_george_s_county_md__zip,median_ppsf,level,160,2012-03-31,2026-05-31,245.75288029491352,48.069752357690945,2.639611750815516,4.936431896666683,8.995833333333337,0.0,0.0,160.0,1.0,0.0,structural_ma12,ma12_level
price_family_ma12_structural_linked,raw_source,20712_prince_george_s_county_md__zip,median_sale_price,level,160,2012-03-31,2026-05-31,395340.196875,110280.57139436145,5080.473794549266,9575.000000000025,30166.666666666686,0.0,0.0,160.0,1.0,0.0,raw_source,raw_level
price_family_ma12_structural_linked,structural_ma12,20712_prince_george_s_county_md__zip,median_sale_price,level,160,2012-03-31,2026-05-31,395340.196875,110280.57139436145,5080.473794549266,9575.000000000025,30166.666666666686,0.0,0.0,160.0,1.0,0.0,structural_ma12,ma12_level
price_family_ma12_structural_linked,raw_source,20715_prince_george_s_county_md__zip,median_ppsf,level,160,2012-03-31,2026-05-31,192.0666683223125,43.94231573897585,1.0667845476944442,2.2841666666666756,3.370000000000033,0.0,0.0,160.0,1.0,0.0,raw_source,raw_level
price_family_ma12_structural_linked,structural_ma12,20715_prince_george_s_county_md__zip,median_ppsf,level,160,2012-03-31,2026-05-31,192.0666683223125,43.94231573897585,1.0667845476944442,2.2841666666666756,3.370000000000033,0.0,0.0,160.0,1.0,0.0,structural_ma12,ma12_level
price_family_ma12_structural_linked,raw_source,20715_prince_george_s_county_md__zip,median_sale_price,level,160,2012-03-31,2026-05-31,369159.19635416666,83863.98847551932,1821.2269392033552,3746.333333333349,5333.333333333314,0.0,0.0,160.0,1.0,0.0,raw_source,raw_level
price_family_ma12_structural_linked,structural_ma12,20715_prince_george_s_county_md__zip,median_sale_price,level,160,2012-03-31,2026-05-31,369159.19635416666,83863.98847551932,1821.2269392033552,3746.333333333349,5333.333333333314,0.0,0.0,160.0,1.0,0.0,structural_ma12,ma12_level
price_family_ma12_structural_linked,raw_source,20716_prince_george_s_county_md__zip,median_ppsf,level,160,2012-03-31,2026-05-31,191.43232541052654,45.422440448754536,1.0038159784166671,2.11259860599999,4.393333333333345,0.0,0.0,160.0,1.0,0.0,raw_source,raw_level
price_family_ma12_structural_linked,structural_ma12,20716_prince_george_s_county_md__zip,median_ppsf,level,160,2012-03-31,2026-05-31,191.43232541052654,45.422440448754536,1.0038159784166671,2.11259860599999,4.393333333333345,0.0,0.0,160.0,1.0,0.0,structural_ma12,ma12_level
price_family_ma12_structural_linked,raw_source,20716_prince_george_s_county_md__zip,median_sale_price,level,160,2012-03-31,2026-05-31,338226.92578125,96419.89772758457,2323.6205450733755,4678.583333333338,7916.666666666657,0.0,0.0,160.0,0.9999999999999999,0.0,raw_source,raw_level
price_family_ma12_structural_linked,structural_ma12,20716_prince_george_s_county_md__zip,median_sale_price,level,160,2012-03-31,2026-05-31,338226.92578125,96419.89772758457,2323.6205450733755,4678.583333333338,7916.666666666657,0.0,0.0,160.0,0.9999999999999999,0.0,structural_ma12,ma12_level
price_family_ma12_structural_linked,raw_source,20717_prince_george_s_county_md__zip,median_ppsf,level,129,2012-03-31,2026-05-31,189.4912694128521,44.39922000989442,2.8117225187194004,5.749235478241658,9.21666666666664,0.0,0.0,129.0,1.0,0.0,raw_source,raw_level
price_family_ma12_structural_linked,structural_ma12,20717_prince_george_s_county_md__zip,median_ppsf,level,129,2012-03-31,2026-05-31,189.4912694128521,44.39922000989442,2.8117225187194004,5.749235478241658,9.21666666666664,0.0,0.0,129.0,1.0,0.0,structural_ma12,ma12_level
price_family_ma12_structural_linked,raw_source,20717_prince_george_s_county_md__zip,median_sale_price,level,129,2012-03-31,2026-05-31,274486.95736434107,70702.66784162946,5847.698567708333,13709.999999999993,23708.333333333372,0.0,0.0,129.0,1.0,0.0,raw_source,raw_level
price_family_ma12_structural_linked,structural_ma12,20717_prince_george_s_county_md__zip,median_sale_price,level,129,2012-03-31,2026-05-31,274486.95736434107,70702.66784162946,5847.698567708333,13709.999999999993,23708.333333333372,0.0,0.0,129.0,1.0,0.0,structural_ma12,ma12_level
price_family_ma12_structural_linked,raw_source,20720_prince_george_s_county_md__zip,median_ppsf,level,160,2012-03-31,2026-05-31,172.34638403827864,35.12457344680675,1.0775213891320745,2.3473333333333812,4.383333333333326,0.0,0.0,160.0,1.0,0.0,raw_source,raw_level
price_family_ma12_structural_linked,structural_ma12,20720_prince_george_s_county_md__zip,median_ppsf,level,160,2012-03-31,2026-05-31,172.34638403827864,35.12457344680675,1.0775213891320745,2.3473333333333812,4.383333333333326,0.0,0.0,160.0,1.0,0.0,structural_ma12,ma12_level
price_family_ma12_structural_linked,raw_source,20720_prince_george_s_county_md__zip,median_sale_price,level,160,2012-03-31,2026-05-31,430606.403125,92663.69422141807,3639.0225366876334,7961.6666666667015,14208.333333333256,0.0,0.0,160.0,0.9999999999999999,0.0,raw_source,raw_level
price_family_ma12_structural_linked,structural_ma12,20720_prince_george_s_county_md__zip,median_sale_price,level,160,2012-03-31,2026-05-31,430606.403125,92663.69422141807,3639.0225366876334,7961.6666666667015,14208.333333333256,0.0,0.0,160.0,0.9999999999999999,0.0,structural_ma12,ma12_level
price_family_ma12_structural_linked,raw_source,20721_prince_george_s_county_md__zip,median_ppsf,level,160,2012-03-31,2026-05-31,175.11267429113073,39.51926096503429,1.0009671267473785,2.401333333333304,4.177500000000009,0.0,0.0,160.0,0.9999999999999998,0.0,raw_source,raw_level
price_family_ma12_structural_linked,structural_ma12,20721_prince_george_s_county_md__zip,median_ppsf,level,160,2012-03-31,2026-05-31,175.11267429113073,39.51926096503429,1.0009671267473785,2.401333333333304,4.177500000000009,0.0,0.0,160.0,0.9999999999999998,0.0,structural_ma12,ma12_level
price_family_ma12_structural_linked,raw_source,20721_prince_george_s_county_md__zip,median_sale_price,level,160,2012-03-31,2026-05-31,426089.7302083333,99066.70046175102,2727.9177148846957,5551.950000000082,9682.083333333314,0.0,0.0,160.0,0.9999999999999999,0.0,raw_source,raw_level
price_family_ma12_structural_linked,structural_ma12,20721_prince_george_s_county_md__zip,median_sale_price,level,160,2012-03-31,2026-05-31,426089.7302083333,99066.70046175102,2727.9177148846957,5551.950000000082,9682.083333333314,0.0,0.0,160.0,0.9999999999999999,0.0,structural_ma12,ma12_level
price_family_ma12_structural_linked,raw_source,20722_prince_george_s_county_md__zip,median_ppsf,level,160,2012-03-31,2026-05-31,228.52108351861875,59.76833000139941,2.7004552722526207,5.515365440066675,10.880833333333328,0.0,0.0,160.0,1.0,0.0,raw_source,raw_level
price_family_ma12_structural_linked,structural_ma12,20722_prince_george_s_county_md__zip,median_ppsf,level,160,2012-03-31,2026-05-31,228.52108351861875,59.76833000139941,2.7004552722526207,5.515365440066675,10.880833333333328,0.0,0.0,160.0,1.0,0.0,structural_ma12,ma12_level
price_family_ma12_structural_linked,raw_source,20722_prince_george_s_county_md__zip,median_sale_price,level,160,2012-03-31,2026-05-31,303115.428125,89504.81057373181,3649.425052410901,7822.100000000001,13708.333333333372,0.0,0.0,160.0,0.9999999999999999,0.0,raw_source,raw_level
price_family_ma12_structural_linked,structural_ma12,20722_prince_george_s_county_md__zip,median_sale_price,level,160,2012-03-31,2026-05-31,303115.428125,89504.81057373181,3649.425052410901,7822.100000000001,13708.333333333372,0.0,0.0,160.0,0.9999999999999999,0.0,structural_ma12,ma12_level
price_family_ma12_structural_linked,raw_source,20731_prince_george_s_county_md__zip,median_ppsf,level,56,2012-05-31,2026-05-31,172.61172531730804,54.413739522791204,5.10775216251818,9.04934132741667,14.071102150499968,0.0,0.0,56.0,1.0,0.0,raw_source,raw_level
price_family_ma12_structural_linked,structural_ma12,20731_prince_george_s_county_md__zip,median_ppsf,level,56,2012-05-31,2026-05-31,172.61172531730804,54.413739522791204,5.10775216251818,9.04934132741667,14.071102150499968,0.0,0.0,56.0,1.0,0.0,structural_ma12,ma12_level
price_family_ma12_structural_linked,raw_source,20731_prince_george_s_county_md__zip,median_sale_price,level,56,2012-05-31,2026-05-31,239004.8273809524,87452.68243940947,6925.816666666665,14583.333333333332,19583.333333333314,0.0,0.0,56.0,1.0,0.0,raw_source,raw_level
price_family_ma12_structural_linked,structural_ma12,20731_prince_george_s_county_md__zip,median_sale_price,level,56,2012-05-31,2026-05-31,239004.8273809524,87452.68243940947,6925.816666666665,14583.333333333332,19583.333333333314,0.0,0.0,56.0,1.0,0.0,structural_ma12,ma12_level
price_family_ma12_structural_linked,raw_source,20735_prince_george_s_county_md__zip,median_ppsf,level,160,2012-03-31,2026-05-31,175.64767264096562,42.499512933474925,1.0446787559308166,2.15186361951665,4.577499999999986,0.0,0.0,160.0,1.0,0.0,raw_source,raw_level
price_family_ma12_structural_linked,structural_ma12,20735_prince_george_s_county_md__zip,median_ppsf,level,160,2012-03-31,2026-05-31,175.64767264096562,42.499512933474925,1.0446787559308166,2.15186361951665,4.577499999999986,0.0,0.0,160.0,1.0,0.0,structural_ma12,ma12_level
price_family_ma12_structural_linked,raw_source,20735_prince_george_s_county_md__zip,median_sale_price,level,160,2012-03-31,2026-05-31,322868.2708333334,84277.50503629197,1929.3029350104828,3773.333333333321,5770.833333333343,0.0,0.0,160.0,0.9999999999999998,0.0,raw_source,raw_level
price_family_ma12_structural_linked,structural_ma12,20735_prince_george_s_county_md__zip,median_sale_price,level,160,2012-03-31,2026-05-31,322868.2708333334,84277.50503629197,1929.3029350104828,3773.333333333321,5770.833333333343,0.0,0.0,160.0,0.9999999999999998,0.0,structural_ma12,ma12_level
price_family_ma12_structural_linked,raw_source,20737_prince_george_s_county_md__zip,median_ppsf,level,160,2012-03-31,2026-05-31,219.0020499949198,54.23166310352671,1.8373987265980063,3.3601471108166496,7.3066666666666436,0.0,0.0,160.0,0.9999999999999999,0.0,raw_source,raw_level
price_family_ma12_structural_linked,structural_ma12,20737_prince_george_s_county_md__zip,median_ppsf,level,160,2012-03-31,2026-05-31,219.0020499949198,54.23166310352671,1.8373987265980063,3.3601471108166496,7.3066666666666436,0.0,0.0,160.0,0.9999999999999999,0.0,structural_ma12,ma12_level
price_family_ma12_structural_linked,raw_source,20737_prince_george_s_county_md__zip,median_sale_price,level,160,2012-03-31,2026-05-31,305984.1505208333,93145.5476146243,2541.3752620545088,4878.333333333321,8958.333333333314,0.0,0.0,160.0,1.0,0.0,raw_source,raw_level
price_family_ma12_structural_linked,structural_ma12,20737_prince_george_s_county_md__zip,median_sale_price,level,160,2012-03-31,2026-05-31,305984.1505208333,93145.5476146243,2541.3752620545088,4878.333333333321,8958.333333333314,0.0,0.0,160.0,1.0,0.0,structural_ma12,ma12_level
price_family_ma12_structural_linked,raw_source,20740_prince_george_s_county_md__zip,median_ppsf,level,160,2012-03-31,2026-05-31,224.3470217071453,28.885125273032887,1.492966937884696,2.9601729559666583,5.4833333333333485,0.0,0.0,160.0,1.0,0.0,raw_source,raw_level
price_family_ma12_structural_linked,structural_ma12,20740_prince_george_s_county_md__zip,median_ppsf,level,160,2012-03-31,2026-05-31,224.3470217071453,28.885125273032887,1.492966937884696,2.9601729559666583,5.4833333333333485,0.0,0.0,160.0,1.0,0.0,structural_ma12,ma12_level
price_family_ma12_structural_linked,raw_source,20740_prince_george_s_county_md__zip,median_sale_price,level,160,2012-03-31,2026-05-31,335059.94635416666,83086.77230512361,2649.1745283018868,4512.500000000001,18750.0,0.0,0.0,160.0,0.9999999999999998,0.0,raw_source,raw_level
price_family_ma12_structural_linked,structural_ma12,20740_prince_george_s_county_md__zip,median_sale_price,level,160,2012-03-31,2026-05-31,335059.94635416666,83086.77230512361,2649.1745283018868,4512.500000000001,18750.0,0.0,0.0,160.0,0.9999999999999998,0.0,structural_ma12,ma12_level
price_family_ma12_structural_linked,raw_source,20741_prince_george_s_county_md__zip,median_ppsf,level,8,2014-11-30,2022-02-28,265.65828240082294,15.299068193233865,7.694663282059541,12.255144760916664,12.255144760916664,0.0,0.0,8.0,0.9999999999999999,0.0,raw_source,raw_level
price_family_ma12_structural_linked,structural_ma12,20741_prince_george_s_county_md__zip,median_ppsf,level,8,2014-11-30,2022-02-28,265.65828240082294,15.299068193233865,7.694663282059541,12.255144760916664,12.255144760916664,0.0,0.0,8.0,0.9999999999999999,0.0,structural_ma12,ma12_level
price_family_ma12_structural_linked,raw_source,20741_prince_george_s_county_md__zip,median_sale_price,level,8,2014-11-30,2022-02-28,319354.1666666667,24646.41824971092,9095.238095238097,16750.0,16750.0,0.0,0.0,8.0,1.0,0.0,raw_source,raw_level
price_family_ma12_structural_linked,structural_ma12,20741_prince_george_s_county_md__zip,median_sale_price,level,8,2014-11-30,2022-02-28,319354.1666666667,24646.41824971092,9095.238095238097,16750.0,16750.0,0.0,0.0,8.0,1.0,0.0,structural_ma12,ma12_level
price_family_ma12_structural_linked,raw_source,20743_prince_george_s_county_md__zip,median_ppsf,level,160,2012-03-31,2026-05-31,178.75957588124115,54.09933712736083,1.3354820884711742,2.568856050916685,5.456666666666678,0.0,0.0,160.0,0.9999999999999999,0.0,raw_source,raw_level
price_family_ma12_structural_linked,structural_ma12,20743_prince_george_s_county_md__zip,median_ppsf,level,160,2012-03-31,2026-05-31,178.75957588124115,54.09933712736083,1.3354820884711742,2.568856050916685,5.456666666666678,0.0,0.0,160.0,0.9999999999999999,0.0,structural_ma12,ma12_level
price_family_ma12_structural_linked,raw_source,20743_prince_george_s_county_md__zip,median_sale_price,level,160,2012-03-31,2026-05-31,241359.67239583336,81698.8590711422,1731.1556603773581,3349.1666666666993,4404.166666666657,0.0,0.0,160.0,1.0,0.0,raw_source,raw_level
price_family_ma12_structural_linked,structural_ma12,20743_prince_george_s_county_md__zip,median_sale_price,level,160,2012-03-31,2026-05-31,241359.67239583336,81698.8590711422,1731.1556603773581,3349.1666666666993,4404.166666666657,0.0,0.0,160.0,1.0,0.0,structural_ma12,ma12_level
price_family_ma12_structural_linked,raw_source,20744_prince_george_s_county_md__zip,median_ppsf,level,160,2012-03-31,2026-05-31,169.76292286637346,38.449643503371675,0.9634940509947598,2.0163333333333187,3.2041666666666515,0.0,0.0,160.0,1.0,0.0,raw_source,raw_level
price_family_ma12_structural_linked,structural_ma12,20744_prince_george_s_county_md__zip,median_ppsf,level,160,2012-03-31,2026-05-31,169.76292286637346,38.449643503371675,0.9634940509947598,2.0163333333333187,3.2041666666666515,0.0,0.0,160.0,1.0,0.0,structural_ma12,ma12_level
price_family_ma12_structural_linked,raw_source,20744_prince_george_s_county_md__zip,median_sale_price,level,160,2012-03-31,2026-05-31,336548.68645833334,87027.88734919982,2002.2851153039835,3951.666666666682,5666.666666666686,0.0,0.0,160.0,0.9999999999999998,0.0,raw_source,raw_level
price_family_ma12_structural_linked,structural_ma12,20744_prince_george_s_county_md__zip,median_sale_price,level,160,2012-03-31,2026-05-31,336548.68645833334,87027.88734919982,2002.2851153039835,3951.666666666682,5666.666666666686,0.0,0.0,160.0,0.9999999999999998,0.0,structural_ma12,ma12_level
price_family_ma12_structural_linked,raw_source,20745_prince_george_s_county_md__zip,median_ppsf,level,160,2012-03-31,2026-05-31,202.32509506258125,60.56758797269212,2.038713405563418,4.088500000000017,9.231666666666683,0.0,0.0,160.0,1.0,0.0,raw_source,raw_level
price_family_ma12_structural_linked,structural_ma12,20745_prince_george_s_county_md__zip,median_ppsf,level,160,2012-03-31,2026-05-31,202.32509506258125,60.56758797269212,2.038713405563418,4.088500000000017,9.231666666666683,0.0,0.0,160.0,1.0,0.0,structural_ma12,ma12_level
price_family_ma12_structural_linked,raw_source,20745_prince_george_s_county_md__zip,median_sale_price,level,160,2012-03-31,2026-05-31,272845.25234375,86203.75821488463,2286.679245283018,4356.6666666666515,6666.666666666657,0.0,0.0,160.0,0.9999999999999998,0.0,raw_source,raw_level
price_family_ma12_structural_linked,structural_ma12,20745_prince_george_s_county_md__zip,median_sale_price,level,160,2012-03-31,2026-05-31,272845.25234375,86203.75821488463,2286.679245283018,4356.6666666666515,6666.666666666657,0.0,0.0,160.0,0.9999999999999998,0.0,structural_ma12,ma12_level
price_family_ma12_structural_linked,raw_source,20746_prince_george_s_county_md__zip,median_ppsf,level,160,2012-03-31,2026-05-31,167.14309737856667,42.139205296959034,1.4209720710099583,3.1925685481166766,4.97999999999999,0.0,0.0,160.0,1.0,0.0,raw_source,raw_level
price_family_ma12_structural_linked,structural_ma12,20746_prince_george_s_county_md__zip,median_ppsf,level,160,2012-03-31,2026-05-31,167.14309737856667,42.139205296959034,1.4209720710099583,3.1925685481166766,4.97999999999999,0.0,0.0,160.0,1.0,0.0,structural_ma12,ma12_level
price_family_ma12_structural_linked,raw_source,20746_prince_george_s_county_md__zip,median_sale_price,level,160,2012-03-31,2026-05-31,248620.03020833334,73958.21439989521,2071.0382599580703,4063.0000000000014,6249.999999999971,0.0,0.0,160.0,0.9999999999999998,0.0,raw_source,raw_level
price_family_ma12_structural_linked,structural_ma12,20746_prince_george_s_county_md__zip,median_sale_price,level,160,2012-03-31,2026-05-31,248620.03020833334,73958.21439989521,2071.0382599580703,4063.0000000000014,6249.999999999971,0.0,0.0,160.0,0.9999999999999998,0.0,structural_ma12,ma12_level
price_family_ma12_structural_linked,raw_source,20747_prince_george_s_county_md__zip,median_ppsf,level,160,2012-03-31,2026-05-31,179.10288469152448,47.48714981296366,1.2301518272882583,2.736666666666634,3.3750000000000284,0.0,0.0,160.0,1.0,0.0,raw_source,raw_level
price_family_ma12_structural_linked,structural_ma12,20747_prince_george_s_county_md__zip,median_ppsf,level,160,2012-03-31,2026-05-31,179.10288469152448,47.48714981296366,1.2301518272882583,2.736666666666634,3.3750000000000284,0.0,0.0,160.0,1.0,0.0,structural_ma12,ma12_level
price_family_ma12_structural_linked,raw_source,20747_prince_george_s_county_md__zip,median_sale_price,level,160,2012-03-31,2026-05-31,246544.4625,73613.93936354438,1631.4937106918233,3000.0,5356.541666666657,0.0,0.0,160.0,1.0,0.0,raw_source,raw_level
price_family_ma12_structural_linked,structural_ma12,20747_prince_george_s_county_md__zip,median_sale_price,level,160,2012-03-31,2026-05-31,246544.4625,73613.93936354438,1631.4937106918233,3000.0,5356.541666666657,0.0,0.0,160.0,1.0,0.0,structural_ma12,ma12_level
price_family_ma12_structural_linked,raw_source,20748_prince_george_s_county_md__zip,median_ppsf,level,160,2012-03-31,2026-05-31,163.73542074520728,42.92194172648544,1.2324258564140467,2.4415190279333445,3.52583333333331,0.0,0.0,160.0,1.0,0.0,raw_source,raw_level
price_family_ma12_structural_linked,structural_ma12,20748_prince_george_s_county_md__zip,median_ppsf,level,160,2012-03-31,2026-05-31,163.73542074520728,42.92194172648544,1.2324258564140467,2.4415190279333445,3.52583333333331,0.0,0.0,160.0,1.0,0.0,structural_ma12,ma12_level
price_family_ma12_structural_linked,raw_source,20748_prince_george_s_county_md__zip,median_sale_price,level,160,2012-03-31,2026-05-31,258966.91510416666,78280.77989123692,1813.7976939203356,3347.216666666652,5000.0,0.0,0.0,160.0,1.0,0.0,raw_source,raw_level
price_family_ma12_structural_linked,structural_ma12,20748_prince_george_s_county_md__zip,median_sale_price,level,160,2012-03-31,2026-05-31,258966.91510416666,78280.77989123692,1813.7976939203356,3347.216666666652,5000.0,0.0,0.0,160.0,1.0,0.0,structural_ma12,ma12_level
price_family_ma12_structural_linked,raw_source,20752_prince_george_s_county_md__zip,median_ppsf,level,0,2013-12-31,2014-07-31,,,,,,0.0,0.0,,,,raw_source,raw_level
price_family_ma12_structural_linked,structural_ma12,20752_prince_george_s_county_md__zip,median_ppsf,level,0,2013-12-31,2014-07-31,,,,,,0.0,0.0,,,,structural_ma12,ma12_level
price_family_ma12_structural_linked,raw_source,20752_prince_george_s_county_md__zip,median_sale_price,level,0,2013-12-31,2014-07-31,,,,,,0.0,0.0,,,,raw_source,raw_level
price_family_ma12_structural_linked,structural_ma12,20752_prince_george_s_county_md__zip,median_sale_price,level,0,2013-12-31,2014-07-31,,,,,,0.0,0.0,,,,structural_ma12,ma12_level
price_family_ma12_structural_linked,raw_source,20757_prince_george_s_county_md__zip,median_ppsf,level,50,2013-05-31,2026-03-31,155.80118421192,18.10307108727856,4.10748877895918,10.843536436583353,14.052430030750003,0.0,0.0,50.0,0.9999999999999998,0.0,raw_source,raw_level
price_family_ma12_structural_linked,structural_ma12,20757_prince_george_s_county_md__zip,median_ppsf,level,50,2013-05-31,2026-03-31,155.80118421192,18.10307108727856,4.10748877895918,10.843536436583353,14.052430030750003,0.0,0.0,50.0,0.9999999999999998,0.0,structural_ma12,ma12_level
price_family_ma12_structural_linked,raw_source,20757_prince_george_s_county_md__zip,median_sale_price,level,50,2013-05-31,2026-03-31,260705.06,68206.19957369399,8433.431972789118,16083.333333333325,22333.333333333314,0.0,0.0,50.0,1.0,0.0,raw_source,raw_level
price_family_ma12_structural_linked,structural_ma12,20757_prince_george_s_county_md__zip,median_sale_price,level,50,2013-05-31,2026-03-31,260705.06,68206.19957369399,8433.431972789118,16083.333333333325,22333.333333333314,0.0,0.0,50.0,1.0,0.0,structural_ma12,ma12_level
price_family_ma12_structural_linked,raw_source,20768_prince_george_s_county_md__zip,median_ppsf,level,125,2012-03-31,2026-01-31,196.43506668067533,31.855168961016513,3.5118315122305113,6.991398358583356,10.825833333333321,0.0,0.0,125.0,1.0,0.0,raw_source,raw_level
price_family_ma12_structural_linked,structural_ma12,20768_prince_george_s_county_md__zip,median_ppsf,level,125,2012-03-31,2026-01-31,196.43506668067533,31.855168961016513,3.5118315122305113,6.991398358583356,10.825833333333321,0.0,0.0,125.0,1.0,0.0,structural_ma12,ma12_level
price_family_ma12_structural_linked,raw_source,20768_prince_george_s_county_md__zip,median_sale_price,level,125,2012-03-31,2026-01-31,303460.8546666667,61541.10030816116,3124.86491935484,6950.000000000004,11520.833333333372,0.0,0.0,125.0,1.0,0.0,raw_source,raw_level
price_family_ma12_structural_linked,structural_ma12,20768_prince_george_s_county_md__zip,median_sale_price,level,125,2012-03-31,2026-01-31,303460.8546666667,61541.10030816116,3124.86491935484,6950.000000000004,11520.833333333372,0.0,0.0,125.0,1.0,0.0,structural_ma12,ma12_level
price_family_ma12_structural_linked,raw_source,20769_prince_george_s_county_md__zip,median_ppsf,level,160,2012-03-31,2026-05-31,170.28509631753334,34.82502248992605,1.5283472620000016,3.2491666666666394,5.803090777666654,0.0,0.0,160.0,1.0,0.0,raw_source,raw_level
price_family_ma12_structural_linked,structural_ma12,20769_prince_george_s_county_md__zip,median_ppsf,level,160,2012-03-31,2026-05-31,170.28509631753334,34.82502248992605,1.5283472620000016,3.2491666666666394,5.803090777666654,0.0,0.0,160.0,1.0,0.0,structural_ma12,ma12_level
price_family_ma12_structural_linked,raw_source,20769_prince_george_s_county_md__zip,median_sale_price,level,160,2012-03-31,2026-05-31,459986.959375,125125.93648169033,5683.909591194969,12113.883333333328,27708.333333333372,0.0,0.0,160.0,1.0,0.0,raw_source,raw_level
price_family_ma12_structural_linked,structural_ma12,20769_prince_george_s_county_md__zip,median_sale_price,level,160,2012-03-31,2026-05-31,459986.959375,125125.93648169033,5683.909591194969,12113.883333333328,27708.333333333372,0.0,0.0,160.0,1.0,0.0,structural_ma12,ma12_level
price_family_ma12_structural_linked,raw_source,20770_prince_george_s_county_md__zip,median_ppsf,level,160,2012-03-31,2026-05-31,171.95395732039998,38.96579478650286,1.030076961145704,2.074992496083334,2.780000000000001,0.0,0.0,160.0,1.0,0.0,raw_source,raw_level
price_family_ma12_structural_linked,structural_ma12,20770_prince_george_s_county_md__zip,median_ppsf,level,160,2012-03-31,2026-05-31,171.95395732039998,38.96579478650286,1.030076961145704,2.074992496083334,2.780000000000001,0.0,0.0,160.0,1.0,0.0,structural_ma12,ma12_level
price_family_ma12_structural_linked,raw_source,20770_prince_george_s_county_md__zip,median_sale_price,level,160,2012-03-31,2026-05-31,197011.88958333334,47467.370087707815,2541.6252620545083,5517.499999999991,10613.166666666657,0.0,0.0,160.0,1.0,0.0,raw_source,raw_level
price_family_ma12_structural_linked,structural_ma12,20770_prince_george_s_county_md__zip,median_sale_price,level,160,2012-03-31,2026-05-31,197011.88958333334,47467.370087707815,2541.6252620545083,5517.499999999991,10613.166666666657,0.0,0.0,160.0,1.0,0.0,structural_ma12,ma12_level
price_family_ma12_structural_linked,raw_source,20771_prince_george_s_county_md__zip,median_ppsf,level,0,2017-04-30,2017-06-30,,,,,,0.0,0.0,,,,raw_source,raw_level
price_family_ma12_structural_linked,structural_ma12,20771_prince_george_s_county_md__zip,median_ppsf,level,0,2017-04-30,2017-06-30,,,,,,0.0,0.0,,,,structural_ma12,ma12_level
price_family_ma12_structural_linked,raw_source,20771_prince_george_s_county_md__zip,median_sale_price,level,0,2017-04-30,2017-06-30,,,,,,0.0,0.0,,,,raw_source,raw_level
price_family_ma12_structural_linked,structural_ma12,20771_prince_george_s_county_md__zip,median_sale_price,level,0,2017-04-30,2017-06-30,,,,,,0.0,0.0,,,,structural_ma12,ma12_level
price_family_ma12_structural_linked,raw_source,20772_prince_george_s_county_md__zip,median_ppsf,level,160,2012-03-31,2026-05-31,176.86363201581457,37.501826667978115,0.7855010110765197,1.7254420837999822,2.990833333333285,0.0,0.0,160.0,0.9999999999999998,0.0,raw_source,raw_level
price_family_ma12_structural_linked,structural_ma12,20772_prince_george_s_county_md__zip,median_ppsf,level,160,2012-03-31,2026-05-31,176.86363201581457,37.501826667978115,0.7855010110765197,1.7254420837999822,2.990833333333285,0.0,0.0,160.0,0.9999999999999998,0.0,structural_ma12,ma12_level
price_family_ma12_structural_linked,raw_source,20772_prince_george_s_county_md__zip,median_sale_price,level,160,2012-03-31,2026-05-31,351029.6927083334,93763.05724463162,2108.8784067085953,4134.333333333361,5694.416666666686,0.0,0.0,160.0,0.9999999999999999,0.0,raw_source,raw_level
price_family_ma12_structural_linked,structural_ma12,20772_prince_george_s_county_md__zip,median_sale_price,level,160,2012-03-31,2026-05-31,351029.6927083334,93763.05724463162,2108.8784067085953,4134.333333333361,5694.416666666686,0.0,0.0,160.0,0.9999999999999999,0.0,structural_ma12,ma12_level
price_family_ma12_structural_linked,raw_source,20774_prince_george_s_county_md__zip,median_ppsf,level,160,2012-03-31,2026-05-31,171.81082840259324,41.3939390044108,0.9149419864240044,1.9165402312500022,4.018333333333317,0.0,0.0,160.0,0.9999999999999998,0.0,raw_source,raw_level
price_family_ma12_structural_linked,structural_ma12,20774_prince_george_s_county_md__zip,median_ppsf,level,160,2012-03-31,2026-05-31,171.81082840259324,41.3939390044108,0.9149419864240044,1.9165402312500022,4.018333333333317,0.0,0.0,160.0,0.9999999999999998,0.0,structural_ma12,ma12_level
price_family_ma12_structural_linked,raw_source,20774_prince_george_s_county_md__zip,median_sale_price,level,160,2012-03-31,2026-05-31,344298.48489583336,77754.920828141,2384.0537211740047,4640.166666666663,7499.583333333314,0.0,0.0,160.0,1.0,0.0,raw_source,raw_level
price_family_ma12_structural_linked,structural_ma12,20774_prince_george_s_county_md__zip,median_sale_price,level,160,2012-03-31,2026-05-31,344298.48489583336,77754.920828141,2384.0537211740047,4640.166666666663,7499.583333333314,0.0,0.0,160.0,1.0,0.0,structural_ma12,ma12_level
price_family_ma12_structural_linked,raw_source,20781_prince_george_s_county_md__zip,median_ppsf,level,160,2012-03-31,2026-05-31,243.2483614666,46.7940525764869,2.330286409995282,4.7516460212000675,6.548810580250006,0.0,0.0,160.0,0.9999999999999999,0.0,raw_source,raw_level
price_family_ma12_structural_linked,structural_ma12,20781_prince_george_s_county_md__zip,median_ppsf,level,160,2012-03-31,2026-05-31,243.2483614666,46.7940525764869,2.330286409995282,4.7516460212000675,6.548810580250006,0.0,0.0,160.0,0.9999999999999999,0.0,structural_ma12,ma12_level
price_family_ma12_structural_linked,raw_source,20781_prince_george_s_county_md__zip,median_sale_price,level,160,2012-03-31,2026-05-31,358298.91770833335,97407.27266781885,3988.7363731656187,8450.000000000025,12916.666666666686,0.0,0.0,160.0,1.0,0.0,raw_source,raw_level
price_family_ma12_structural_linked,structural_ma12,20781_prince_george_s_county_md__zip,median_sale_price,level,160,2012-03-31,2026-05-31,358298.91770833335,97407.27266781885,3988.7363731656187,8450.000000000025,12916.666666666686,0.0,0.0,160.0,1.0,0.0,structural_ma12,ma12_level
price_family_ma12_structural_linked,raw_source,20782_prince_george_s_county_md__zip,median_ppsf,level,160,2012-03-31,2026-05-31,232.25562633823697,44.84141350628305,1.6646248062133113,3.438588742033341,4.786642866749986,0.0,0.0,160.0,1.0,0.0,raw_source,raw_level
price_family_ma12_structural_linked,structural_ma12,20782_prince_george_s_county_md__zip,median_ppsf,level,160,2012-03-31,2026-05-31,232.25562633823697,44.84141350628305,1.6646248062133113,3.438588742033341,4.786642866749986,0.0,0.0,160.0,1.0,0.0,structural_ma12,ma12_level
price_family_ma12_structural_linked,raw_source,20782_prince_george_s_county_md__zip,median_sale_price,level,160,2012-03-31,2026-05-31,345865.0489583333,103570.87976597132,3210.0154612159326,6908.3333333333285,11217.5,0.0,0.0,160.0,1.0,0.0,raw_source,raw_level
price_family_ma12_structural_linked,structural_ma12,20782_prince_george_s_county_md__zip,median_sale_price,level,160,2012-03-31,2026-05-31,345865.0489583333,103570.87976597132,3210.0154612159326,6908.3333333333285,11217.5,0.0,0.0,160.0,1.0,0.0,structural_ma12,ma12_level
price_family_ma12_structural_linked,raw_source,20783_prince_george_s_county_md__zip,median_ppsf,level,160,2012-03-31,2026-05-31,186.26849308807397,33.48714309288639,1.8279297153820748,3.6186984744000044,6.90749999999997,0.0,0.0,160.0,0.9999999999999998,0.0,raw_source,raw_level
price_family_ma12_structural_linked,structural_ma12,20783_prince_george_s_county_md__zip,median_ppsf,level,160,2012-03-31,2026-05-31,186.26849308807397,33.48714309288639,1.8279297153820748,3.6186984744000044,6.90749999999997,0.0,0.0,160.0,0.9999999999999998,0.0,structural_ma12,ma12_level
price_family_ma12_structural_linked,raw_source,20783_prince_george_s_county_md__zip,median_sale_price,level,160,2012-03-31,2026-05-31,310156.7921875,77259.64175055487,2657.7395178197075,5383.333333333327,9666.666666666686,0.0,0.0,160.0,1.0,0.0,raw_source,raw_level
price_family_ma12_structural_linked,structural_ma12,20783_prince_george_s_county_md__zip,median_sale_price,level,160,2012-03-31,2026-05-31,310156.7921875,77259.64175055487,2657.7395178197075,5383.333333333327,9666.666666666686,0.0,0.0,160.0,1.0,0.0,structural_ma12,ma12_level
price_family_ma12_structural_linked,raw_source,20784_prince_george_s_county_md__zip,median_ppsf,level,160,2012-03-31,2026-05-31,198.53862689257863,43.41401022725217,1.6375835656776736,2.8827331433999692,5.5466666666667095,0.0,0.0,160.0,1.0,0.0,raw_source,raw_level
price_family_ma12_structural_linked,structural_ma12,20784_prince_george_s_county_md__zip,median_ppsf,level,160,2012-03-31,2026-05-31,198.53862689257863,43.41401022725217,1.6375835656776736,2.8827331433999692,5.5466666666667095,0.0,0.0,160.0,1.0,0.0,structural_ma12,ma12_level
price_family_ma12_structural_linked,raw_source,20784_prince_george_s_county_md__zip,median_sale_price,level,160,2012-03-31,2026-05-31,283718.51145833335,77081.68742356006,1943.4685534591217,4398.333333333351,5875.0,0.0,0.0,160.0,1.0,0.0,raw_source,raw_level
price_family_ma12_structural_linked,structural_ma12,20784_prince_george_s_county_md__zip,median_sale_price,level,160,2012-03-31,2026-05-31,283718.51145833335,77081.68742356006,1943.4685534591217,4398.333333333351,5875.0,0.0,0.0,160.0,1.0,0.0,structural_ma12,ma12_level
price_family_ma12_structural_linked,raw_source,20785_prince_george_s_county_md__zip,median_ppsf,level,160,2012-03-31,2026-05-31,188.11046750593022,51.69946224473393,1.2447756901996856,2.2532886729500037,4.07583333333335,0.0,0.0,160.0,1.0,0.0,raw_source,raw_level
price_family_ma12_structural_linked,structural_ma12,20785_prince_george_s_county_md__zip,median_ppsf,level,160,2012-03-31,2026-05-31,188.11046750593022,51.69946224473393,1.2447756901996856,2.2532886729500037,4.07583333333335,0.0,0.0,160.0,1.0,0.0,structural_ma12,ma12_level
price_family_ma12_structural_linked,raw_source,20785_prince_george_s_county_md__zip,median_sale_price,level,160,2012-03-31,2026-05-31,247723.5265625,76339.1831722873,1851.6593291404615,3584.9999999999886,6250.0,0.0,0.0,160.0,1.0,0.0,raw_source,raw_level
price_family_ma12_structural_linked,structural_ma12,20785_prince_george_s_county_md__zip,median_sale_price,level,160,2012-03-31,2026-05-31,247723.5265625,76339.1831722873,1851.6593291404615,3584.9999999999886,6250.0,0.0,0.0,160.0,1.0,0.0,structural_ma12,ma12_level
price_family_ma12_structural_linked,raw_source,20812_montgomery_county_md__zip,median_ppsf,level,102,2012-04-30,2026-05-31,439.79099564951395,66.07516593753498,11.309519648898512,23.757165294666663,45.594166666666695,0.0,0.0,102.0,0.9999999999999998,0.0,raw_source,raw_level
price_family_ma12_structural_linked,structural_ma12,20812_montgomery_county_md__zip,median_ppsf,level,102,2012-04-30,2026-05-31,439.79099564951395,66.07516593753498,11.309519648898512,23.757165294666663,45.594166666666695,0.0,0.0,102.0,0.9999999999999998,0.0,structural_ma12,ma12_level
price_family_ma12_structural_linked,raw_source,20812_montgomery_county_md__zip,median_sale_price,level,102,2012-04-30,2026-05-31,984440.611111111,165948.66155799603,25373.1105610561,53625.0,129583.33333333337,0.0,0.0,102.0,1.0,0.0,raw_source,raw_level
price_family_ma12_structural_linked,structural_ma12,20812_montgomery_county_md__zip,median_sale_price,level,102,2012-04-30,2026-05-31,984440.611111111,165948.66155799603,25373.1105610561,53625.0,129583.33333333337,0.0,0.0,102.0,1.0,0.0,structural_ma12,ma12_level
price_family_ma12_structural_linked,raw_source,20814_montgomery_county_md__zip,median_ppsf,level,160,2012-03-31,2026-05-31,355.7619870896698,35.11807005681199,2.241647795819706,4.672166666666636,8.611666666666679,0.0,0.0,160.0,1.0,0.0,raw_source,raw_level
price_family_ma12_structural_linked,structural_ma12,20814_montgomery_county_md__zip,median_ppsf,level,160,2012-03-31,2026-05-31,355.7619870896698,35.11807005681199,2.241647795819706,4.672166666666636,8.611666666666679,0.0,0.0,160.0,1.0,0.0,structural_ma12,ma12_level
price_family_ma12_structural_linked,raw_source,20814_montgomery_county_md__zip,median_sale_price,level,160,2012-03-31,2026-05-31,703518.6166666667,98091.91370184827,7772.393081761004,18020.83333333331,37604.16666666663,0.0,0.0,160.0,1.0,0.0,raw_source,raw_level
price_family_ma12_structural_linked,structural_ma12,20814_montgomery_county_md__zip,median_sale_price,level,160,2012-03-31,2026-05-31,703518.6166666667,98091.91370184827,7772.393081761004,18020.83333333331,37604.16666666663,0.0,0.0,160.0,1.0,0.0,structural_ma12,ma12_level
price_family_ma12_structural_linked,raw_source,20815_montgomery_county_md__zip,median_ppsf,level,160,2012-03-31,2026-05-31,452.1788466008073,31.012752368036228,2.3053986761530405,4.851010580633354,7.652499999999918,0.0,0.0,160.0,1.0,0.0,raw_source,raw_level
price_family_ma12_structural_linked,structural_ma12,20815_montgomery_county_md__zip,median_ppsf,level,160,2012-03-31,2026-05-31,452.1788466008073,31.012752368036228,2.3053986761530405,4.851010580633354,7.652499999999918,0.0,0.0,160.0,1.0,0.0,structural_ma12,ma12_level
price_family_ma12_structural_linked,raw_source,20815_montgomery_county_md__zip,median_sale_price,level,160,2012-03-31,2026-05-31,1021060.4130208334,150710.79785643134,9753.025681341724,18350.000000000116,31666.66666666651,0.0,0.0,160.0,1.0,0.0,raw_source,raw_level
price_family_ma12_structural_linked,structural_ma12,20815_montgomery_county_md__zip,median_sale_price,level,160,2012-03-31,2026-05-31,1021060.4130208334,150710.79785643134,9753.025681341724,18350.000000000116,31666.66666666651,0.0,0.0,160.0,1.0,0.0,structural_ma12,ma12_level
price_family_ma12_structural_linked,raw_source,20816_montgomery_county_md__zip,median_ppsf,level,160,2012-03-31,2026-05-31,407.61958872870366,44.857570872517,2.290448426696018,4.91677728228331,7.638333333333321,0.0,0.0,160.0,0.9999999999999999,0.0,raw_source,raw_level
price_family_ma12_structural_linked,structural_ma12,20816_montgomery_county_md__zip,median_ppsf,level,160,2012-03-31,2026-05-31,407.61958872870366,44.857570872517,2.290448426696018,4.91677728228331,7.638333333333321,0.0,0.0,160.0,0.9999999999999999,0.0,structural_ma12,ma12_level
price_family_ma12_structural_linked,raw_source,20816_montgomery_county_md__zip,median_sale_price,level,160,2012-03-31,2026-05-31,1047324.8432291666,179850.12101171908,7762.755241090146,16333.333333333487,39583.333333333256,0.0,0.0,160.0,1.0,0.0,raw_source,raw_level
price_family_ma12_structural_linked,structural_ma12,20816_montgomery_county_md__zip,median_sale_price,level,160,2012-03-31,2026-05-31,1047324.8432291666,179850.12101171908,7762.755241090146,16333.333333333487,39583.333333333256,0.0,0.0,160.0,1.0,0.0,structural_ma12,ma12_level
price_family_ma12_structural_linked,raw_source,20817_montgomery_county_md__zip,median_ppsf,level,160,2012-03-31,2026-05-31,345.47483075410156,40.56742848238666,1.4658598026912995,3.132909950233318,5.431666666666672,0.0,0.0,160.0,1.0,0.0,raw_source,raw_level
price_family_ma12_structural_linked,structural_ma12,20817_montgomery_county_md__zip,median_ppsf,level,160,2012-03-31,2026-05-31,345.47483075410156,40.56742848238666,1.4658598026912995,3.132909950233318,5.431666666666672,0.0,0.0,160.0,1.0,0.0,structural_ma12,ma12_level
price_family_ma12_structural_linked,raw_source,20817_montgomery_county_md__zip,median_sale_price,level,160,2012-03-31,2026-05-31,1029577.6557291666,217704.3150931385,5806.388364779873,12441.6666666667,26562.5,0.0,0.0,160.0,0.9999999999999999,0.0,raw_source,raw_level
price_family_ma12_structural_linked,structural_ma12,20817_montgomery_county_md__zip,median_sale_price,level,160,2012-03-31,2026-05-31,1029577.6557291666,217704.3150931385,5806.388364779873,12441.6666666667,26562.5,0.0,0.0,160.0,0.9999999999999999,0.0,structural_ma12,ma12_level
price_family_ma12_structural_linked,raw_source,20818_montgomery_county_md__zip,median_ppsf,level,157,2012-03-31,2026-05-31,391.5351091392261,49.11395406892639,4.631749970172007,9.996952320166685,14.420000000000016,0.0,0.0,157.0,1.0,0.0,raw_source,raw_level
price_family_ma12_structural_linked,structural_ma12,20818_montgomery_county_md__zip,median_ppsf,level,157,2012-03-31,2026-05-31,391.5351091392261,49.11395406892639,4.631749970172007,9.996952320166685,14.420000000000016,0.0,0.0,157.0,1.0,0.0,structural_ma12,ma12_level
price_family_ma12_structural_linked,raw_source,20818_montgomery_county_md__zip,median_sale_price,level,157,2012-03-31,2026-05-31,995495.8126326965,269402.25054464047,31522.112446581188,76770.83333333326,178708.33333333326,0.0,0.0,157.0,1.0,0.0,raw_source,raw_level
price_family_ma12_structural_linked,structural_ma12,20818_montgomery_county_md__zip,median_sale_price,level,157,2012-03-31,2026-05-31,995495.8126326965,269402.25054464047,31522.112446581188,76770.83333333326,178708.33333333326,0.0,0.0,157.0,1.0,0.0,structural_ma12,ma12_level
price_family_ma12_structural_linked,raw_source,20824_montgomery_county_md__zip,median_ppsf,level,132,2012-03-31,2026-05-31,596.4504525686724,30.71410108202596,4.375060920860051,9.307500000000005,14.425335538750005,0.0,0.0,132.0,1.0,0.0,raw_source,raw_level
price_family_ma12_structural_linked,structural_ma12,20824_montgomery_county_md__zip,median_ppsf,level,132,2012-03-31,2026-05-31,596.4504525686724,30.71410108202596,4.375060920860051,9.307500000000005,14.425335538750005,0.0,0.0,132.0,1.0,0.0,structural_ma12,ma12_level
price_family_ma12_structural_linked,raw_source,20824_montgomery_county_md__zip,median_sale_price,level,132,2012-03-31,2026-05-31,868673.4551767677,208894.10847646426,31622.71692111959,60416.66666666663,204628.5,0.0,0.0,132.0,0.9999999999999999,0.0,raw_source,raw_level
price_family_ma12_structural_linked,structural_ma12,20824_montgomery_county_md__zip,median_sale_price,level,132,2012-03-31,2026-05-31,868673.4551767677,208894.10847646426,31622.71692111959,60416.66666666663,204628.5,0.0,0.0,132.0,0.9999999999999999,0.0,structural_ma12,ma12_level
price_family_ma12_structural_linked,raw_source,20830_montgomery_county_md__zip,median_ppsf,level,145,2012-04-30,2026-05-31,233.0277499001701,35.79479714517771,2.7063471489693316,5.7556131421666725,12.66166666666669,0.0,0.0,145.0,1.0,0.0,raw_source,raw_level
price_family_ma12_structural_linked,structural_ma12,20830_montgomery_county_md__zip,median_ppsf,level,145,2012-04-30,2026-05-31,233.0277499001701,35.79479714517771,2.7063471489693316,5.7556131421666725,12.66166666666669,0.0,0.0,145.0,1.0,0.0,structural_ma12,ma12_level
price_family_ma12_structural_linked,raw_source,20830_montgomery_county_md__zip,median_sale_price,level,145,2012-04-30,2026-05-31,306186.92643678165,49747.37893376949,5664.177083333335,13742.916666666699,19375.0,0.0,0.0,145.0,0.9999999999999999,0.0,raw_source,raw_level
price_family_ma12_structural_linked,structural_ma12,20830_montgomery_county_md__zip,median_sale_price,level,145,2012-04-30,2026-05-31,306186.92643678165,49747.37893376949,5664.177083333335,13742.916666666699,19375.0,0.0,0.0,145.0,0.9999999999999999,0.0,structural_ma12,ma12_level
price_family_ma12_structural_linked,raw_source,20832_montgomery_county_md__zip,median_ppsf,level,160,2012-03-31,2026-05-31,229.1505269784578,27.291380274028995,1.0747121723322852,1.9752835990166888,4.12916666666672,0.0,0.0,160.0,1.0,0.0,raw_source,raw_level
price_family_ma12_structural_linked,structural_ma12,20832_montgomery_county_md__zip,median_ppsf,level,160,2012-03-31,2026-05-31,229.1505269784578,27.291380274028995,1.0747121723322852,1.9752835990166888,4.12916666666672,0.0,0.0,160.0,1.0,0.0,structural_ma12,ma12_level
price_family_ma12_structural_linked,raw_source,20832_montgomery_county_md__zip,median_sale_price,level,160,2012-03-31,2026-05-31,493626.54375,81579.26737959211,3095.852201257862,6316.666666666669,10000.0,0.0,0.0,160.0,1.0,0.0,raw_source,raw_level
price_family_ma12_structural_linked,structural_ma12,20832_montgomery_county_md__zip,median_sale_price,level,160,2012-03-31,2026-05-31,493626.54375,81579.26737959211,3095.852201257862,6316.666666666669,10000.0,0.0,0.0,160.0,1.0,0.0,structural_ma12,ma12_level
price_family_ma12_structural_linked,raw_source,20833_montgomery_county_md__zip,median_ppsf,level,160,2012-03-31,2026-05-31,219.4054337092698,25.58171274182603,1.8601993859019907,4.303999999999968,6.778333333333336,0.0,0.0,160.0,0.9999999999999999,0.0,raw_source,raw_level
price_family_ma12_structural_linked,structural_ma12,20833_montgomery_county_md__zip,median_ppsf,level,160,2012-03-31,2026-05-31,219.4054337092698,25.58171274182603,1.8601993859019907,4.303999999999968,6.778333333333336,0.0,0.0,160.0,0.9999999999999999,0.0,structural_ma12,ma12_level
price_family_ma12_structural_linked,raw_source,20833_montgomery_county_md__zip,median_sale_price,level,160,2012-03-31,2026-05-31,636166.4416666667,127475.53508543236,8586.329140461212,18017.500000000047,53867.66666666663,0.0,0.0,160.0,1.0,0.0,raw_source,raw_level
price_family_ma12_structural_linked,structural_ma12,20833_montgomery_county_md__zip,median_sale_price,level,160,2012-03-31,2026-05-31,636166.4416666667,127475.53508543236,8586.329140461212,18017.500000000047,53867.66666666663,0.0,0.0,160.0,1.0,0.0,structural_ma12,ma12_level
price_family_ma12_structural_linked,raw_source,20837_montgomery_county_md__zip,median_ppsf,level,160,2012-03-31,2026-05-31,207.60965649115883,33.78575108307501,1.7229799661572363,4.010123049133336,6.649531367416671,0.0,0.0,160.0,0.9999999999999998,0.0,raw_source,raw_level
price_family_ma12_structural_linked,structural_ma12,20837_montgomery_county_md__zip,median_ppsf,level,160,2012-03-31,2026-05-31,207.60965649115883,33.78575108307501,1.7229799661572363,4.010123049133336,6.649531367416671,0.0,0.0,160.0,0.9999999999999998,0.0,structural_ma12,ma12_level
price_family_ma12_structural_linked,raw_source,20837_montgomery_county_md__zip,median_sale_price,level,160,2012-03-31,2026-05-31,534966.5963541667,119840.71037439356,8168.00786163522,16233.333333333358,35062.5,0.0,0.0,160.0,1.0,0.0,raw_source,raw_level
price_family_ma12_structural_linked,structural_ma12,20837_montgomery_county_md__zip,median_sale_price,level,160,2012-03-31,2026-05-31,534966.5963541667,119840.71037439356,8168.00786163522,16233.333333333358,35062.5,0.0,0.0,160.0,1.0,0.0,structural_ma12,ma12_level
price_family_ma12_structural_linked,raw_source,20838_montgomery_county_md__zip,median_ppsf,level,80,2012-04-30,2026-05-31,259.6101138975688,37.55994852429587,6.384561292911392,11.230833333333289,15.890214628166689,0.0,0.0,80.0,1.0,0.0,raw_source,raw_level
price_family_ma12_structural_linked,structural_ma12,20838_montgomery_county_md__zip,median_ppsf,level,80,2012-04-30,2026-05-31,259.6101138975688,37.55994852429587,6.384561292911392,11.230833333333289,15.890214628166689,0.0,0.0,80.0,1.0,0.0,structural_ma12,ma12_level
price_family_ma12_structural_linked,raw_source,20838_montgomery_county_md__zip,median_sale_price,level,81,2012-04-30,2026-05-31,690959.2417695473,267443.4533469186,37079.50208333333,103333.3333333336,155687.5,0.0,0.0,81.0,0.9999999999999998,0.0,raw_source,raw_level
price_family_ma12_structural_linked,structural_ma12,20838_montgomery_county_md__zip,median_sale_price,level,81,2012-04-30,2026-05-31,690959.2417695473,267443.4533469186,37079.50208333333,103333.3333333336,155687.5,0.0,0.0,81.0,0.9999999999999998,0.0,structural_ma12,ma12_level
price_family_ma12_structural_linked,raw_source,20839_montgomery_county_md__zip,median_ppsf,level,32,2012-08-31,2025-09-30,215.15517715177603,23.86766879901434,6.527916108806454,15.469214711916663,22.61166666666668,0.0,0.0,32.0,0.9999999999999999,0.0,raw_source,raw_level
price_family_ma12_structural_linked,structural_ma12,20839_montgomery_county_md__zip,median_ppsf,level,32,2012-08-31,2025-09-30,215.15517715177603,23.86766879901434,6.527916108806454,15.469214711916663,22.61166666666668,0.0,0.0,32.0,0.9999999999999999,0.0,structural_ma12,ma12_level
price_family_ma12_structural_linked,raw_source,20839_montgomery_county_md__zip,median_sale_price,level,32,2012-08-31,2025-09-30,676147.8645833334,127508.83585825814,20528.72311827957,48166.666666666744,56250.0,0.0,0.0,32.0,1.0,0.0,raw_source,raw_level
price_family_ma12_structural_linked,structural_ma12,20839_montgomery_county_md__zip,median_sale_price,level,32,2012-08-31,2025-09-30,676147.8645833334,127508.83585825814,20528.72311827957,48166.666666666744,56250.0,0.0,0.0,32.0,1.0,0.0,structural_ma12,ma12_level
price_family_ma12_structural_linked,raw_source,20841_montgomery_county_md__zip,median_ppsf,level,160,2012-03-31,2026-05-31,203.42167317650834,38.208081022395554,1.7966733503123704,3.684816625149984,9.3125,0.0,0.0,160.0,1.0,0.0,raw_source,raw_level
price_family_ma12_structural_linked,structural_ma12,20841_montgomery_county_md__zip,median_ppsf,level,160,2012-03-31,2026-05-31,203.42167317650834,38.208081022395554,1.7966733503123704,3.684816625149984,9.3125,0.0,0.0,160.0,1.0,0.0,structural_ma12,ma12_level
price_family_ma12_structural_linked,raw_source,20841_montgomery_county_md__zip,median_sale_price,level,160,2012-03-31,2026-05-31,639522.8651041667,97883.49693935554,6125.140461215929,13575.66666666669,22083.333333333256,0.0,0.0,160.0,1.0,0.0,raw_source,raw_level
price_family_ma12_structural_linked,structural_ma12,20841_montgomery_county_md__zip,median_sale_price,level,160,2012-03-31,2026-05-31,639522.8651041667,97883.49693935554,6125.140461215929,13575.66666666669,22083.333333333256,0.0,0.0,160.0,1.0,0.0,structural_ma12,ma12_level
price_family_ma12_structural_linked,raw_source,20842_montgomery_county_md__zip,median_ppsf,level,159,2012-03-31,2026-05-31,261.071301720402,88.99430846555511,9.092454407459389,12.391101502558314,90.61540763650004,0.0,0.0,159.0,1.0,0.0,raw_source,raw_level
price_family_ma12_structural_linked,structural_ma12,20842_montgomery_county_md__zip,median_ppsf,level,159,2012-03-31,2026-05-31,261.071301720402,88.99430846555511,9.092454407459389,12.391101502558314,90.61540763650004,0.0,0.0,159.0,1.0,0.0,structural_ma12,ma12_level
price_family_ma12_structural_linked,raw_source,20842_montgomery_county_md__zip,median_sale_price,level,159,2012-03-31,2026-05-31,700158.2688679246,220533.0030529837,19211.243670886077,43748.333333333394,109208.33333333337,0.0,0.0,159.0,1.0,0.0,raw_source,raw_level
price_family_ma12_structural_linked,structural_ma12,20842_montgomery_county_md__zip,median_sale_price,level,159,2012-03-31,2026-05-31,700158.2688679246,220533.0030529837,19211.243670886077,43748.333333333394,109208.33333333337,0.0,0.0,159.0,1.0,0.0,structural_ma12,ma12_level
price_family_ma12_structural_linked,raw_source,20848_montgomery_county_md__zip,median_ppsf,level,6,2013-04-30,2024-10-31,292.753873456625,16.91213084126666,8.129253086450012,13.58391975311672,14.886388888916713,0.0,0.0,6.0,1.0,0.0,raw_source,raw_level
price_family_ma12_structural_linked,structural_ma12,20848_montgomery_county_md__zip,median_ppsf,level,6,2013-04-30,2024-10-31,292.753873456625,16.91213084126666,8.129253086450012,13.58391975311672,14.886388888916713,0.0,0.0,6.0,1.0,0.0,structural_ma12,ma12_level
price_family_ma12_structural_linked,raw_source,20848_montgomery_county_md__zip,median_sale_price,level,6,2013-04-30,2024-10-31,397875.0,22993.945459137227,10900.0,19233.33333333334,22333.333333333314,0.0,0.0,6.0,1.0,0.0,raw_source,raw_level
price_family_ma12_structural_linked,structural_ma12,20848_montgomery_county_md__zip,median_sale_price,level,6,2013-04-30,2024-10-31,397875.0,22993.945459137227,10900.0,19233.33333333334,22333.333333333314,0.0,0.0,6.0,1.0,0.0,structural_ma12,ma12_level
price_family_ma12_structural_linked,raw_source,20849_montgomery_county_md__zip,median_ppsf,level,6,2013-07-31,2023-09-30,247.82023456683336,9.974616373490242,5.329018999049987,5.889177873833296,5.889177873833319,0.0,0.0,6.0,1.0,0.0,raw_source,raw_level
price_family_ma12_structural_linked,structural_ma12,20849_montgomery_county_md__zip,median_ppsf,level,6,2013-07-31,2023-09-30,247.82023456683336,9.974616373490242,5.329018999049987,5.889177873833296,5.889177873833319,0.0,0.0,6.0,1.0,0.0,structural_ma12,ma12_level
price_family_ma12_structural_linked,raw_source,20849_montgomery_county_md__zip,median_sale_price,level,6,2013-07-31,2023-09-30,467227.0833333333,18422.457375819613,9787.5,12208.333333333348,12208.333333333372,0.0,0.0,6.0,1.0,0.0,raw_source,raw_level
price_family_ma12_structural_linked,structural_ma12,20849_montgomery_county_md__zip,median_sale_price,level,6,2013-07-31,2023-09-30,467227.0833333333,18422.457375819613,9787.5,12208.333333333348,12208.333333333372,0.0,0.0,6.0,1.0,0.0,structural_ma12,ma12_level
price_family_ma12_structural_linked,raw_source,20850_montgomery_county_md__zip,median_ppsf,level,160,2012-03-31,2026-05-31,280.0773248671198,30.816069757601735,1.0833323009931846,2.0856666666667034,4.210000000000036,0.0,0.0,160.0,0.9999999999999999,0.0,raw_source,raw_level
price_family_ma12_structural_linked,structural_ma12,20850_montgomery_county_md__zip,median_ppsf,level,160,2012-03-31,2026-05-31,280.0773248671198,30.816069757601735,1.0833323009931846,2.0856666666667034,4.210000000000036,0.0,0.0,160.0,0.9999999999999999,0.0,structural_ma12,ma12_level
price_family_ma12_structural_linked,raw_source,20850_montgomery_county_md__zip,median_sale_price,level,160,2012-03-31,2026-05-31,569131.2947916667,78280.68664231095,3550.174004192871,7429.9999999999545,15312.5,0.0,0.0,160.0,1.0,0.0,raw_source,raw_level
price_family_ma12_structural_linked,structural_ma12,20850_montgomery_county_md__zip,median_sale_price,level,160,2012-03-31,2026-05-31,569131.2947916667,78280.68664231095,3550.174004192871,7429.9999999999545,15312.5,0.0,0.0,160.0,1.0,0.0,structural_ma12,ma12_level
price_family_ma12_structural_linked,raw_source,20851_montgomery_county_md__zip,median_ppsf,level,160,2012-03-31,2026-05-31,292.38449064040833,43.24166315348986,1.6776512633506266,3.399919994999983,5.839166666666699,0.0,0.0,160.0,0.9999999999999999,0.0,raw_source,raw_level
price_family_ma12_structural_linked,structural_ma12,20851_montgomery_county_md__zip,median_ppsf,level,160,2012-03-31,2026-05-31,292.38449064040833,43.24166315348986,1.6776512633506266,3.399919994999983,5.839166666666699,0.0,0.0,160.0,0.9999999999999999,0.0,structural_ma12,ma12_level
price_family_ma12_structural_linked,raw_source,20851_montgomery_county_md__zip,median_sale_price,level,160,2012-03-31,2026-05-31,424771.9489583333,82945.46519368893,2070.6504192872117,4520.833333333339,8125.0,0.0,0.0,160.0,0.9999999999999998,0.0,raw_source,raw_level
price_family_ma12_structural_linked,structural_ma12,20851_montgomery_county_md__zip,median_sale_price,level,160,2012-03-31,2026-05-31,424771.9489583333,82945.46519368893,2070.6504192872117,4520.833333333339,8125.0,0.0,0.0,160.0,0.9999999999999998,0.0,structural_ma12,ma12_level
price_family_ma12_structural_linked,raw_source,20852_montgomery_county_md__zip,median_ppsf,level,160,2012-03-31,2026-05-31,318.0920334670521,21.12669473552351,1.0474277481294543,2.1365000000000354,3.8133972115833785,0.0,0.0,160.0,1.0,0.0,raw_source,raw_level
price_family_ma12_structural_linked,structural_ma12,20852_montgomery_county_md__zip,median_ppsf,level,160,2012-03-31,2026-05-31,318.0920334670521,21.12669473552351,1.0474277481294543,2.1365000000000354,3.8133972115833785,0.0,0.0,160.0,1.0,0.0,structural_ma12,ma12_level
price_family_ma12_structural_linked,raw_source,20852_montgomery_county_md__zip,median_sale_price,level,160,2012-03-31,2026-05-31,455474.8505208333,60404.82826784964,3209.702830188679,7000.0,14791.666666666628,0.0,0.0,160.0,1.0,0.0,raw_source,raw_level
price_family_ma12_structural_linked,structural_ma12,20852_montgomery_county_md__zip,median_sale_price,level,160,2012-03-31,2026-05-31,455474.8505208333,60404.82826784964,3209.702830188679,7000.0,14791.666666666628,0.0,0.0,160.0,1.0,0.0,structural_ma12,ma12_level
price_family_ma12_structural_linked,raw_source,20853_montgomery_county_md__zip,median_ppsf,level,160,2012-03-31,2026-05-31,246.52057741416303,27.02525789244764,1.2010762533275683,2.5146666666667103,3.9366666666666674,0.0,0.0,160.0,0.9999999999999999,0.0,raw_source,raw_level
price_family_ma12_structural_linked,structural_ma12,20853_montgomery_county_md__zip,median_ppsf,level,160,2012-03-31,2026-05-31,246.52057741416303,27.02525789244764,1.2010762533275683,2.5146666666667103,3.9366666666666674,0.0,0.0,160.0,0.9999999999999999,0.0,structural_ma12,ma12_level
price_family_ma12_structural_linked,raw_source,20853_montgomery_county_md__zip,median_sale_price,level,160,2012-03-31,2026-05-31,492542.0010416667,100025.73264378846,2610.820230607968,5424.999999999977,11204.166666666744,0.0,0.0,160.0,1.0,0.0,raw_source,raw_level
price_family_ma12_structural_linked,structural_ma12,20853_montgomery_county_md__zip,median_sale_price,level,160,2012-03-31,2026-05-31,492542.0010416667,100025.73264378846,2610.820230607968,5424.999999999977,11204.166666666744,0.0,0.0,160.0,1.0,0.0,structural_ma12,ma12_level
price_family_ma12_structural_linked,raw_source,20854_montgomery_county_md__zip,median_ppsf,level,160,2012-03-31,2026-05-31,297.9818602395234,33.21504163184864,1.2231750695178203,2.6466666666666603,3.9816666666666833,0.0,0.0,160.0,1.0,0.0,raw_source,raw_level
price_family_ma12_structural_linked,structural_ma12,20854_montgomery_county_md__zip,median_ppsf,level,160,2012-03-31,2026-05-31,297.9818602395234,33.21504163184864,1.2231750695178203,2.6466666666666603,3.9816666666666833,0.0,0.0,160.0,1.0,0.0,structural_ma12,ma12_level
price_family_ma12_structural_linked,raw_source,20854_montgomery_county_md__zip,median_sale_price,level,160,2012-03-31,2026-05-31,1016403.2807291666,176631.3125602832,5762.184486373163,13025.000000000002,29208.33333333349,0.0,0.0,160.0,1.0,0.0,raw_source,raw_level
price_family_ma12_structural_linked,structural_ma12,20854_montgomery_county_md__zip,median_sale_price,level,160,2012-03-31,2026-05-31,1016403.2807291666,176631.3125602832,5762.184486373163,13025.000000000002,29208.33333333349,0.0,0.0,160.0,1.0,0.0,structural_ma12,ma12_level
price_family_ma12_structural_linked,raw_source,20855_montgomery_county_md__zip,median_ppsf,level,160,2012-03-31,2026-05-31,230.72389827526354,31.89289231652773,1.3186844585172948,2.765500000000003,4.146666666666704,0.0,0.0,160.0,0.9999999999999999,0.0,raw_source,raw_level
price_family_ma12_structural_linked,structural_ma12,20855_montgomery_county_md__zip,median_ppsf,level,160,2012-03-31,2026-05-31,230.72389827526354,31.89289231652773,1.3186844585172948,2.765500000000003,4.146666666666704,0.0,0.0,160.0,0.9999999999999999,0.0,structural_ma12,ma12_level
price_family_ma12_structural_linked,raw_source,20855_montgomery_county_md__zip,median_sale_price,level,160,2012-03-31,2026-05-31,523467.0765625,96365.35696407313,3078.5120545073323,6224.99999999999,10458.333333333372,0.0,0.0,160.0,1.0,0.0,raw_source,raw_level
price_family_ma12_structural_linked,structural_ma12,20855_montgomery_county_md__zip,median_sale_price,level,160,2012-03-31,2026-05-31,523467.0765625,96365.35696407313,3078.5120545073323,6224.99999999999,10458.333333333372,0.0,0.0,160.0,1.0,0.0,structural_ma12,ma12_level
price_family_ma12_structural_linked,raw_source,20860_montgomery_county_md__zip,median_ppsf,level,157,2012-03-31,2026-05-31,199.86811212100264,31.249449875573685,3.9273153919155956,7.755496447541674,20.640196996750007,0.0,0.0,157.0,1.0,0.0,raw_source,raw_level
price_family_ma12_structural_linked,structural_ma12,20860_montgomery_county_md__zip,median_ppsf,level,157,2012-03-31,2026-05-31,199.86811212100264,31.249449875573685,3.9273153919155956,7.755496447541674,20.640196996750007,0.0,0.0,157.0,1.0,0.0,structural_ma12,ma12_level
price_family_ma12_structural_linked,raw_source,20860_montgomery_county_md__zip,median_sale_price,level,159,2012-03-31,2026-05-31,732543.8501048218,123477.06837530322,24259.087025316454,52512.5,137083.33333333326,0.0,0.0,159.0,1.0,0.0,raw_source,raw_level
price_family_ma12_structural_linked,structural_ma12,20860_montgomery_county_md__zip,median_sale_price,level,159,2012-03-31,2026-05-31,732543.8501048218,123477.06837530322,24259.087025316454,52512.5,137083.33333333326,0.0,0.0,159.0,1.0,0.0,structural_ma12,ma12_level
price_family_ma12_structural_linked,raw_source,20861_montgomery_county_md__zip,median_ppsf,level,160,2012-03-31,2026-05-31,205.95965991264842,31.841428973546105,2.8198455079512574,5.661798617999996,14.135833333333295,0.0,0.0,160.0,1.0,0.0,raw_source,raw_level
price_family_ma12_structural_linked,structural_ma12,20861_montgomery_county_md__zip,median_ppsf,level,160,2012-03-31,2026-05-31,205.95965991264842,31.841428973546105,2.8198455079512574,5.661798617999996,14.135833333333295,0.0,0.0,160.0,1.0,0.0,structural_ma12,ma12_level
price_family_ma12_structural_linked,raw_source,20861_montgomery_county_md__zip,median_sale_price,level,160,2012-03-31,2026-05-31,708469.9057291667,102105.29024151665,9847.56551362684,20371.666666666697,27875.0,0.0,0.0,160.0,1.0,0.0,raw_source,raw_level
price_family_ma12_structural_linked,structural_ma12,20861_montgomery_county_md__zip,median_sale_price,level,160,2012-03-31,2026-05-31,708469.9057291667,102105.29024151665,9847.56551362684,20371.666666666697,27875.0,0.0,0.0,160.0,1.0,0.0,structural_ma12,ma12_level
price_family_ma12_structural_linked,raw_source,20862_montgomery_county_md__zip,median_ppsf,level,114,2012-07-31,2026-05-31,207.51376457160163,38.422953926738856,4.552783752368735,9.302295211466657,30.30333333333334,0.0,0.0,114.0,1.0,0.0,raw_source,raw_level
price_family_ma12_structural_linked,structural_ma12,20862_montgomery_county_md__zip,median_ppsf,level,114,2012-07-31,2026-05-31,207.51376457160163,38.422953926738856,4.552783752368735,9.302295211466657,30.30333333333334,0.0,0.0,114.0,1.0,0.0,structural_ma12,ma12_level
price_family_ma12_structural_linked,raw_source,20862_montgomery_county_md__zip,median_sale_price,level,114,2012-07-31,2026-05-31,735839.6118421053,108095.81234187681,17113.38421828908,40616.66666666672,88737.5,0.0,0.0,114.0,1.0,0.0,raw_source,raw_level
price_family_ma12_structural_linked,structural_ma12,20862_montgomery_county_md__zip,median_sale_price,level,114,2012-07-31,2026-05-31,735839.6118421053,108095.81234187681,17113.38421828908,40616.66666666672,88737.5,0.0,0.0,114.0,1.0,0.0,structural_ma12,ma12_level
price_family_ma12_structural_linked,raw_source,20866_montgomery_county_md__zip,median_ppsf,level,160,2012-03-31,2026-05-31,211.3914820829146,30.009047244809345,1.3680890134329131,2.8069999999999653,5.7741666666667015,0.0,0.0,160.0,1.0,0.0,raw_source,raw_level
price_family_ma12_structural_linked,structural_ma12,20866_montgomery_county_md__zip,median_ppsf,level,160,2012-03-31,2026-05-31,211.3914820829146,30.009047244809345,1.3680890134329131,2.8069999999999653,5.7741666666667015,0.0,0.0,160.0,1.0,0.0,structural_ma12,ma12_level
price_family_ma12_structural_linked,raw_source,20866_montgomery_county_md__zip,median_sale_price,level,160,2012-03-31,2026-05-31,348422.975,65841.04642602113,2587.2154088050306,4725.000000000004,8958.333333333314,0.0,0.0,160.0,1.0,0.0,raw_source,raw_level
price_family_ma12_structural_linked,structural_ma12,20866_montgomery_county_md__zip,median_sale_price,level,160,2012-03-31,2026-05-31,348422.975,65841.04642602113,2587.2154088050306,4725.000000000004,8958.333333333314,0.0,0.0,160.0,1.0,0.0,structural_ma12,ma12_level
price_family_ma12_structural_linked,raw_source,20868_montgomery_county_md__zip,median_ppsf,level,97,2012-05-31,2026-02-28,207.14725503011167,33.68913645045157,5.764918199582467,11.052616297041652,14.921666666666653,0.0,0.0,97.0,1.0,0.0,raw_source,raw_level
price_family_ma12_structural_linked,structural_ma12,20868_montgomery_county_md__zip,median_ppsf,level,97,2012-05-31,2026-02-28,207.14725503011167,33.68913645045157,5.764918199582467,11.052616297041652,14.921666666666653,0.0,0.0,97.0,1.0,0.0,structural_ma12,ma12_level
price_family_ma12_structural_linked,raw_source,20868_montgomery_county_md__zip,median_sale_price,level,97,2012-05-31,2026-02-28,621995.5481099656,138585.0745741418,21760.095486111117,44408.333333333314,80000.0,0.0,0.0,97.0,1.0,0.0,raw_source,raw_level
price_family_ma12_structural_linked,structural_ma12,20868_montgomery_county_md__zip,median_sale_price,level,97,2012-05-31,2026-02-28,621995.5481099656,138585.0745741418,21760.095486111117,44408.333333333314,80000.0,0.0,0.0,97.0,1.0,0.0,structural_ma12,ma12_level
price_family_ma12_structural_linked,raw_source,20871_montgomery_county_md__zip,median_ppsf,level,160,2012-03-31,2026-05-31,190.7446272412755,29.323977592026804,0.9100829949392046,2.0149999999999992,3.3899999999999864,0.0,0.0,160.0,1.0,0.0,raw_source,raw_level
price_family_ma12_structural_linked,structural_ma12,20871_montgomery_county_md__zip,median_ppsf,level,160,2012-03-31,2026-05-31,190.7446272412755,29.323977592026804,0.9100829949392046,2.0149999999999992,3.3899999999999864,0.0,0.0,160.0,1.0,0.0,structural_ma12,ma12_level
price_family_ma12_structural_linked,raw_source,20871_montgomery_county_md__zip,median_sale_price,level,160,2012-03-31,2026-05-31,495008.6033854167,83361.70172562521,2398.0710167714874,5546.666666666631,8366.5,0.0,0.0,160.0,1.0,0.0,raw_source,raw_level
price_family_ma12_structural_linked,structural_ma12,20871_montgomery_county_md__zip,median_sale_price,level,160,2012-03-31,2026-05-31,495008.6033854167,83361.70172562521,2398.0710167714874,5546.666666666631,8366.5,0.0,0.0,160.0,1.0,0.0,structural_ma12,ma12_level
price_family_ma12_structural_linked,raw_source,20872_montgomery_county_md__zip,median_ppsf,level,160,2012-03-31,2026-05-31,198.43692862026614,29.420719307562795,1.3291628005723277,2.380023090583349,3.822499999999991,0.0,0.0,160.0,1.0,0.0,raw_source,raw_level
price_family_ma12_structural_linked,structural_ma12,20872_montgomery_county_md__zip,median_ppsf,level,160,2012-03-31,2026-05-31,198.43692862026614,29.420719307562795,1.3291628005723277,2.380023090583349,3.822499999999991,0.0,0.0,160.0,1.0,0.0,structural_ma12,ma12_level
price_family_ma12_structural_linked,raw_source,20872_montgomery_county_md__zip,median_sale_price,level,160,2012-03-31,2026-05-31,403518.48802083335,88436.22612868427,2812.569444444443,5873.333333333364,10625.0,0.0,0.0,160.0,1.0,0.0,raw_source,raw_level
price_family_ma12_structural_linked,structural_ma12,20872_montgomery_county_md__zip,median_sale_price,level,160,2012-03-31,2026-05-31,403518.48802083335,88436.22612868427,2812.569444444443,5873.333333333364,10625.0,0.0,0.0,160.0,1.0,0.0,structural_ma12,ma12_level
price_family_ma12_structural_linked,raw_source,20874_montgomery_county_md__zip,median_ppsf,level,160,2012-03-31,2026-05-31,202.22748933700626,35.06475428816474,0.8543052974837518,1.6821666666666832,2.489166666666705,0.0,0.0,160.0,1.0,0.0,raw_source,raw_level
price_family_ma12_structural_linked,structural_ma12,20874_montgomery_county_md__zip,median_ppsf,level,160,2012-03-31,2026-05-31,202.22748933700626,35.06475428816474,0.8543052974837518,1.6821666666666832,2.489166666666705,0.0,0.0,160.0,1.0,0.0,structural_ma12,ma12_level
price_family_ma12_structural_linked,raw_source,20874_montgomery_county_md__zip,median_sale_price,level,160,2012-03-31,2026-05-31,321541.60885416664,59587.383272736246,1510.0723270440253,2982.5000000000314,4579.166666666686,0.0,0.0,160.0,0.9999999999999999,0.0,raw_source,raw_level
price_family_ma12_structural_linked,structural_ma12,20874_montgomery_county_md__zip,median_sale_price,level,160,2012-03-31,2026-05-31,321541.60885416664,59587.383272736246,1510.0723270440253,2982.5000000000314,4579.166666666686,0.0,0.0,160.0,0.9999999999999999,0.0,structural_ma12,ma12_level
price_family_ma12_structural_linked,raw_source,20876_montgomery_county_md__zip,median_ppsf,level,160,2012-03-31,2026-05-31,196.05155264354792,32.543165588123124,0.8884618961886795,1.7856251572166362,3.6941666666666606,0.0,0.0,160.0,1.0,0.0,raw_source,raw_level
price_family_ma12_structural_linked,structural_ma12,20876_montgomery_county_md__zip,median_ppsf,level,160,2012-03-31,2026-05-31,196.05155264354792,32.543165588123124,0.8884618961886795,1.7856251572166362,3.6941666666666606,0.0,0.0,160.0,1.0,0.0,structural_ma12,ma12_level
price_family_ma12_structural_linked,raw_source,20876_montgomery_county_md__zip,median_sale_price,level,160,2012-03-31,2026-05-31,354063.4734375,66568.70373144907,3044.904612159329,6041.66666666664,10583.333333333372,0.0,0.0,160.0,1.0,0.0,raw_source,raw_level
price_family_ma12_structural_linked,structural_ma12,20876_montgomery_county_md__zip,median_sale_price,level,160,2012-03-31,2026-05-31,354063.4734375,66568.70373144907,3044.904612159329,6041.66666666664,10583.333333333372,0.0,0.0,160.0,1.0,0.0,structural_ma12,ma12_level
price_family_ma12_structural_linked,raw_source,20877_montgomery_county_md__zip,median_ppsf,level,160,2012-03-31,2026-05-31,191.14420640218802,29.602023548160705,1.1002504263616342,2.2125906937833353,3.598333333333329,0.0,0.0,160.0,1.0,0.0,raw_source,raw_level
price_family_ma12_structural_linked,structural_ma12,20877_montgomery_county_md__zip,median_ppsf,level,160,2012-03-31,2026-05-31,191.14420640218802,29.602023548160705,1.1002504263616342,2.2125906937833353,3.598333333333329,0.0,0.0,160.0,1.0,0.0,structural_ma12,ma12_level
price_family_ma12_structural_linked,raw_source,20877_montgomery_county_md__zip,median_sale_price,level,160,2012-03-31,2026-05-31,375292.2296875,73315.43536566668,2785.8453878406694,5749.999999999992,8125.0,0.0,0.0,160.0,1.0,0.0,raw_source,raw_level
price_family_ma12_structural_linked,structural_ma12,20877_montgomery_county_md__zip,median_sale_price,level,160,2012-03-31,2026-05-31,375292.2296875,73315.43536566668,2785.8453878406694,5749.999999999992,8125.0,0.0,0.0,160.0,1.0,0.0,structural_ma12,ma12_level
price_family_ma12_structural_linked,raw_source,20878_montgomery_county_md__zip,median_ppsf,level,160,2012-03-31,2026-05-31,249.17511342754582,29.415034233013312,0.9022186182720126,1.9425804494000105,3.4408333333333303,0.0,0.0,160.0,1.0,0.0,raw_source,raw_level
price_family_ma12_structural_linked,structural_ma12,20878_montgomery_county_md__zip,median_ppsf,level,160,2012-03-31,2026-05-31,249.17511342754582,29.415034233013312,0.9022186182720126,1.9425804494000105,3.4408333333333303,0.0,0.0,160.0,1.0,0.0,structural_ma12,ma12_level
price_family_ma12_structural_linked,raw_source,20878_montgomery_county_md__zip,median_sale_price,level,160,2012-03-31,2026-05-31,552251.0442708333,94245.29506028027,3329.147274633123,6937.933333333326,11228.0,0.0,0.0,160.0,1.0,0.0,raw_source,raw_level
price_family_ma12_structural_linked,structural_ma12,20878_montgomery_county_md__zip,median_sale_price,level,160,2012-03-31,2026-05-31,552251.0442708333,94245.29506028027,3329.147274633123,6937.933333333326,11228.0,0.0,0.0,160.0,1.0,0.0,structural_ma12,ma12_level
price_family_ma12_structural_linked,raw_source,20879_montgomery_county_md__zip,median_ppsf,level,160,2012-03-31,2026-05-31,200.50179042958956,32.50953576494771,1.0487148495445504,2.011390002366665,3.3854166666666288,0.0,0.0,160.0,1.0,0.0,raw_source,raw_level
price_family_ma12_structural_linked,structural_ma12,20879_montgomery_county_md__zip,median_ppsf,level,160,2012-03-31,2026-05-31,200.50179042958956,32.50953576494771,1.0487148495445504,2.011390002366665,3.3854166666666288,0.0,0.0,160.0,1.0,0.0,structural_ma12,ma12_level
price_family_ma12_structural_linked,raw_source,20879_montgomery_county_md__zip,median_sale_price,level,160,2012-03-31,2026-05-31,338371.48541666666,67869.46558785693,1561.7814465408799,3008.333333333338,4591.666666666686,0.0,0.0,160.0,1.0,0.0,raw_source,raw_level
price_family_ma12_structural_linked,structural_ma12,20879_montgomery_county_md__zip,median_sale_price,level,160,2012-03-31,2026-05-31,338371.48541666666,67869.46558785693,1561.7814465408799,3008.333333333338,4591.666666666686,0.0,0.0,160.0,1.0,0.0,structural_ma12,ma12_level
price_family_ma12_structural_linked,raw_source,20880_montgomery_county_md__zip,median_ppsf,level,122,2012-03-31,2026-05-31,271.68019422287773,50.73892388078236,5.954716881630851,12.601666666666688,41.623333333333335,0.0,0.0,122.0,1.0,0.0,raw_source,raw_level
price_family_ma12_structural_linked,structural_ma12,20880_montgomery_county_md__zip,median_ppsf,level,122,2012-03-31,2026-05-31,271.68019422287773,50.73892388078236,5.954716881630851,12.601666666666688,41.623333333333335,0.0,0.0,122.0,1.0,0.0,structural_ma12,ma12_level
price_family_ma12_structural_linked,raw_source,20880_montgomery_county_md__zip,median_sale_price,level,122,2012-03-31,2026-05-31,516144.7704918033,103945.18673000143,11373.798898071625,22620.833333333314,38125.0,0.0,0.0,122.0,1.0,0.0,raw_source,raw_level
price_family_ma12_structural_linked,structural_ma12,20880_montgomery_county_md__zip,median_sale_price,level,122,2012-03-31,2026-05-31,516144.7704918033,103945.18673000143,11373.798898071625,22620.833333333314,38125.0,0.0,0.0,122.0,1.0,0.0,structural_ma12,ma12_level
price_family_ma12_structural_linked,raw_source,20882_montgomery_county_md__zip,median_ppsf,level,160,2012-03-31,2026-05-31,190.74304331633283,29.190449628102805,1.2155899608668763,2.42650000000001,4.074999999999989,0.0,0.0,160.0,1.0,0.0,raw_source,raw_level
price_family_ma12_structural_linked,structural_ma12,20882_montgomery_county_md__zip,median_ppsf,level,160,2012-03-31,2026-05-31,190.74304331633283,29.190449628102805,1.2155899608668763,2.42650000000001,4.074999999999989,0.0,0.0,160.0,1.0,0.0,structural_ma12,ma12_level
price_family_ma12_structural_linked,raw_source,20882_montgomery_county_md__zip,median_sale_price,level,160,2012-03-31,2026-05-31,610605.7223958333,119776.76088410147,5783.345387840673,11699.99999999998,18750.0,0.0,0.0,160.0,0.9999999999999999,0.0,raw_source,raw_level
price_family_ma12_structural_linked,structural_ma12,20882_montgomery_county_md__zip,median_sale_price,level,160,2012-03-31,2026-05-31,610605.7223958333,119776.76088410147,5783.345387840673,11699.99999999998,18750.0,0.0,0.0,160.0,0.9999999999999999,0.0,structural_ma12,ma12_level
price_family_ma12_structural_linked,raw_source,20884_montgomery_county_md__zip,median_ppsf,level,105,2012-05-31,2025-09-30,264.1410456806365,30.861825687653152,5.2878683493413465,12.963604460299978,22.030861489000017,0.0,0.0,105.0,1.0,0.0,raw_source,raw_level
price_family_ma12_structural_linked,structural_ma12,20884_montgomery_county_md__zip,median_ppsf,level,105,2012-05-31,2025-09-30,264.1410456806365,30.861825687653152,5.2878683493413465,12.963604460299978,22.030861489000017,0.0,0.0,105.0,1.0,0.0,structural_ma12,ma12_level
price_family_ma12_structural_linked,raw_source,20884_montgomery_county_md__zip,median_sale_price,level,105,2012-05-31,2025-09-30,426039.4412698413,88662.08647189438,5010.048076923074,11054.166666666686,15708.333333333314,0.0,0.0,105.0,1.0,0.0,raw_source,raw_level
price_family_ma12_structural_linked,structural_ma12,20884_montgomery_county_md__zip,median_sale_price,level,105,2012-05-31,2025-09-30,426039.4412698413,88662.08647189438,5010.048076923074,11054.166666666686,15708.333333333314,0.0,0.0,105.0,1.0,0.0,structural_ma12,ma12_level
price_family_ma12_structural_linked,raw_source,20886_montgomery_county_md__zip,median_ppsf,level,160,2012-03-31,2026-05-31,184.2259901990599,37.06175195309345,0.95995389101153,2.237333333333345,3.626666666666665,0.0,0.0,160.0,1.0,0.0,raw_source,raw_level
price_family_ma12_structural_linked,structural_ma12,20886_montgomery_county_md__zip,median_ppsf,level,160,2012-03-31,2026-05-31,184.2259901990599,37.06175195309345,0.95995389101153,2.237333333333345,3.626666666666665,0.0,0.0,160.0,1.0,0.0,structural_ma12,ma12_level
price_family_ma12_structural_linked,raw_source,20886_montgomery_county_md__zip,median_sale_price,level,160,2012-03-31,2026-05-31,297526.7203125,70439.40256570259,1763.787735849059,4166.666666666686,5837.5,0.0,0.0,160.0,1.0,0.0,raw_source,raw_level
price_family_ma12_structural_linked,structural_ma12,20886_montgomery_county_md__zip,median_sale_price,level,160,2012-03-31,2026-05-31,297526.7203125,70439.40256570259,1763.787735849059,4166.666666666686,5837.5,0.0,0.0,160.0,1.0,0.0,structural_ma12,ma12_level
price_family_ma12_structural_linked,raw_source,20889_montgomery_county_md__zip,median_ppsf,level,13,2013-04-30,2024-10-31,329.9480546060256,28.87328077253647,11.517987052902777,17.08606155450002,18.95747522166664,0.0,0.0,13.0,1.0,0.0,raw_source,raw_level
price_family_ma12_structural_linked,structural_ma12,20889_montgomery_county_md__zip,median_ppsf,level,13,2013-04-30,2024-10-31,329.9480546060256,28.87328077253647,11.517987052902777,17.08606155450002,18.95747522166664,0.0,0.0,13.0,1.0,0.0,structural_ma12,ma12_level
price_family_ma12_structural_linked,raw_source,20889_montgomery_county_md__zip,median_sale_price,level,13,2013-04-30,2024-10-31,1125270.8333333335,53524.73251442501,14746.527777777752,35833.333333333256,35833.33333333349,0.0,0.0,13.0,1.0,0.0,raw_source,raw_level
price_family_ma12_structural_linked,structural_ma12,20889_montgomery_county_md__zip,median_sale_price,level,13,2013-04-30,2024-10-31,1125270.8333333335,53524.73251442501,14746.527777777752,35833.333333333256,35833.33333333349,0.0,0.0,13.0,1.0,0.0,structural_ma12,ma12_level
price_family_ma12_structural_linked,raw_source,20894_montgomery_county_md__zip,median_ppsf,level,7,2012-04-30,2024-12-31,457.55786809657144,8.064063739979385,7.247228733541675,7.265063527666683,7.265063527666712,0.0,0.0,7.0,1.0,0.0,raw_source,raw_level
price_family_ma12_structural_linked,structural_ma12,20894_montgomery_county_md__zip,median_ppsf,level,7,2012-04-30,2024-12-31,457.55786809657144,8.064063739979385,7.247228733541675,7.265063527666683,7.265063527666712,0.0,0.0,7.0,1.0,0.0,structural_ma12,ma12_level
price_family_ma12_structural_linked,raw_source,20894_montgomery_county_md__zip,median_sale_price,level,7,2012-04-30,2024-12-31,1028750.0,98154.55735537513,44375.0,63333.33333333337,63333.33333333337,0.0,0.0,7.0,1.0,0.0,raw_source,raw_level
price_family_ma12_structural_linked,structural_ma12,20894_montgomery_county_md__zip,median_sale_price,level,7,2012-04-30,2024-12-31,1028750.0,98154.55735537513,44375.0,63333.33333333337,63333.33333333337,0.0,0.0,7.0,1.0,0.0,structural_ma12,ma12_level
price_family_ma12_structural_linked,raw_source,20895_montgomery_county_md__zip,median_ppsf,level,160,2012-03-31,2026-05-31,330.89758114472295,31.321418495178897,1.6908233920822824,3.124122895666621,4.257499999999993,0.0,0.0,160.0,0.9999999999999999,0.0,raw_source,raw_level
price_family_ma12_structural_linked,structural_ma12,20895_montgomery_county_md__zip,median_ppsf,level,160,2012-03-31,2026-05-31,330.89758114472295,31.321418495178897,1.6908233920822824,3.124122895666621,4.257499999999993,0.0,0.0,160.0,0.9999999999999999,0.0,structural_ma12,ma12_level
price_family_ma12_structural_linked,raw_source,20895_montgomery_county_md__zip,median_sale_price,level,160,2012-03-31,2026-05-31,640975.2776041667,123294.40858302356,4482.025681341718,10028.283333333327,17291.666666666628,0.0,0.0,160.0,0.9999999999999999,0.0,raw_source,raw_level
price_family_ma12_structural_linked,structural_ma12,20895_montgomery_county_md__zip,median_sale_price,level,160,2012-03-31,2026-05-31,640975.2776041667,123294.40858302356,4482.025681341718,10028.283333333327,17291.666666666628,0.0,0.0,160.0,0.9999999999999999,0.0,structural_ma12,ma12_level
price_family_ma12_structural_linked,raw_source,20896_montgomery_county_md__zip,median_ppsf,level,150,2012-04-30,2026-05-31,396.8356194543506,56.587373205047165,8.46870497718624,17.78093705928333,60.06333333333333,0.0,0.0,150.0,1.0,0.0,raw_source,raw_level
price_family_ma12_structural_linked,structural_ma12,20896_montgomery_county_md__zip,median_ppsf,level,150,2012-04-30,2026-05-31,396.8356194543506,56.587373205047165,8.46870497718624,17.78093705928333,60.06333333333333,0.0,0.0,150.0,1.0,0.0,structural_ma12,ma12_level
price_family_ma12_structural_linked,raw_source,20896_montgomery_county_md__zip,median_sale_price,level,150,2012-04-30,2026-05-31,923907.223888889,182062.1828759809,20848.88590604027,46300.00000000003,72083.33333333337,0.0,0.0,150.0,1.0,0.0,raw_source,raw_level
price_family_ma12_structural_linked,structural_ma12,20896_montgomery_county_md__zip,median_sale_price,level,150,2012-04-30,2026-05-31,923907.223888889,182062.1828759809,20848.88590604027,46300.00000000003,72083.33333333337,0.0,0.0,150.0,1.0,0.0,structural_ma12,ma12_level
price_family_ma12_structural_linked,raw_source,20901_montgomery_county_md__zip,median_ppsf,level,160,2012-03-31,2026-05-31,278.7232036082911,27.944189809370016,1.4401389110807108,3.051638485866638,5.553333333333342,0.0,0.0,160.0,0.9999999999999999,0.0,raw_source,raw_level
price_family_ma12_structural_linked,structural_ma12,20901_montgomery_county_md__zip,median_ppsf,level,160,2012-03-31,2026-05-31,278.7232036082911,27.944189809370016,1.4401389110807108,3.051638485866638,5.553333333333342,0.0,0.0,160.0,0.9999999999999999,0.0,structural_ma12,ma12_level
price_family_ma12_structural_linked,raw_source,20901_montgomery_county_md__zip,median_sale_price,level,160,2012-03-31,2026-05-31,488101.4963541667,84412.03644030058,2542.053983228509,5741.666666666652,9687.5,0.0,0.0,160.0,1.0,0.0,raw_source,raw_level
price_family_ma12_structural_linked,structural_ma12,20901_montgomery_county_md__zip,median_sale_price,level,160,2012-03-31,2026-05-31,488101.4963541667,84412.03644030058,2542.053983228509,5741.666666666652,9687.5,0.0,0.0,160.0,1.0,0.0,structural_ma12,ma12_level
price_family_ma12_structural_linked,raw_source,20902_montgomery_county_md__zip,median_ppsf,level,160,2012-03-31,2026-05-31,257.9350502933807,26.64709489365072,1.1731328057651988,2.258666666666659,3.594406512583305,0.0,0.0,160.0,1.0,0.0,raw_source,raw_level
price_family_ma12_structural_linked,structural_ma12,20902_montgomery_county_md__zip,median_ppsf,level,160,2012-03-31,2026-05-31,257.9350502933807,26.64709489365072,1.1731328057651988,2.258666666666659,3.594406512583305,0.0,0.0,160.0,1.0,0.0,structural_ma12,ma12_level
price_family_ma12_structural_linked,raw_source,20902_montgomery_county_md__zip,median_sale_price,level,160,2012-03-31,2026-05-31,431909.446875,78044.67303371758,2025.5623689727456,4166.66666666664,5854.166666666628,0.0,0.0,160.0,1.0,0.0,raw_source,raw_level
price_family_ma12_structural_linked,structural_ma12,20902_montgomery_county_md__zip,median_sale_price,level,160,2012-03-31,2026-05-31,431909.446875,78044.67303371758,2025.5623689727456,4166.66666666664,5854.166666666628,0.0,0.0,160.0,1.0,0.0,structural_ma12,ma12_level
price_family_ma12_structural_linked,raw_source,20903_montgomery_county_md__zip,median_ppsf,level,160,2012-03-31,2026-05-31,216.168731137463,21.893514458618657,1.6151966461404619,3.4565682911333067,5.683783321916678,0.0,0.0,160.0,1.0,0.0,raw_source,raw_level
price_family_ma12_structural_linked,structural_ma12,20903_montgomery_county_md__zip,median_ppsf,level,160,2012-03-31,2026-05-31,216.168731137463,21.893514458618657,1.6151966461404619,3.4565682911333067,5.683783321916678,0.0,0.0,160.0,1.0,0.0,structural_ma12,ma12_level
price_family_ma12_structural_linked,raw_source,20903_montgomery_county_md__zip,median_sale_price,level,160,2012-03-31,2026-05-31,400941.70260416664,74952.56362427174,3271.5073375262023,6900.000000000002,13666.666666666628,0.0,0.0,160.0,1.0,0.0,raw_source,raw_level
price_family_ma12_structural_linked,structural_ma12,20903_montgomery_county_md__zip,median_sale_price,level,160,2012-03-31,2026-05-31,400941.70260416664,74952.56362427174,3271.5073375262023,6900.000000000002,13666.666666666628,0.0,0.0,160.0,1.0,0.0,structural_ma12,ma12_level
price_family_ma12_structural_linked,raw_source,20904_montgomery_county_md__zip,median_ppsf,level,160,2012-03-31,2026-05-31,209.44856996317134,28.251822089346742,0.8724728601142548,1.5843445904166915,2.859999999999985,0.0,0.0,160.0,1.0,0.0,raw_source,raw_level
price_family_ma12_structural_linked,structural_ma12,20904_montgomery_county_md__zip,median_ppsf,level,160,2012-03-31,2026-05-31,209.44856996317134,28.251822089346742,0.8724728601142548,1.5843445904166915,2.859999999999985,0.0,0.0,160.0,1.0,0.0,structural_ma12,ma12_level
price_family_ma12_structural_linked,raw_source,20904_montgomery_county_md__zip,median_sale_price,level,160,2012-03-31,2026-05-31,448449.3078125,86051.77460610798,2005.9837526205474,4446.666666666677,10416.666666666744,0.0,0.0,160.0,1.0,0.0,raw_source,raw_level
price_family_ma12_structural_linked,structural_ma12,20904_montgomery_county_md__zip,median_sale_price,level,160,2012-03-31,2026-05-31,448449.3078125,86051.77460610798,2005.9837526205474,4446.666666666677,10416.666666666744,0.0,0.0,160.0,1.0,0.0,structural_ma12,ma12_level
price_family_ma12_structural_linked,raw_source,20905_montgomery_county_md__zip,median_ppsf,level,160,2012-03-31,2026-05-31,209.5697739838682,28.803384676027164,1.0698974118202302,2.115833333333309,3.840833333333336,0.0,0.0,160.0,1.0,0.0,raw_source,raw_level
price_family_ma12_structural_linked,structural_ma12,20905_montgomery_county_md__zip,median_ppsf,level,160,2012-03-31,2026-05-31,209.5697739838682,28.803384676027164,1.0698974118202302,2.115833333333309,3.840833333333336,0.0,0.0,160.0,1.0,0.0,structural_ma12,ma12_level
price_family_ma12_structural_linked,raw_source,20905_montgomery_county_md__zip,median_sale_price,level,160,2012-03-31,2026-05-31,526906.2703125,96215.29871166141,2528.5943396226417,5183.333333333304,8000.0,0.0,0.0,160.0,1.0,0.0,raw_source,raw_level
price_family_ma12_structural_linked,structural_ma12,20905_montgomery_county_md__zip,median_sale_price,level,160,2012-03-31,2026-05-31,526906.2703125,96215.29871166141,2528.5943396226417,5183.333333333304,8000.0,0.0,0.0,160.0,1.0,0.0,structural_ma12,ma12_level
price_family_ma12_structural_linked,raw_source,20906_montgomery_county_md__zip,median_ppsf,level,160,2012-03-31,2026-05-31,198.6890575235297,30.610261250458294,0.8460990963197048,1.6319677006000182,2.773333333333369,0.0,0.0,160.0,1.0,0.0,raw_source,raw_level
price_family_ma12_structural_linked,structural_ma12,20906_montgomery_county_md__zip,median_ppsf,level,160,2012-03-31,2026-05-31,198.6890575235297,30.610261250458294,0.8460990963197048,1.6319677006000182,2.773333333333369,0.0,0.0,160.0,1.0,0.0,structural_ma12,ma12_level
price_family_ma12_structural_linked,raw_source,20906_montgomery_county_md__zip,median_sale_price,level,160,2012-03-31,2026-05-31,314125.22291666665,51830.37902424438,2165.307127882597,4216.6666666666515,7504.166666666628,0.0,0.0,160.0,0.9999999999999999,0.0,raw_source,raw_level
price_family_ma12_structural_linked,structural_ma12,20906_montgomery_county_md__zip,median_sale_price,level,160,2012-03-31,2026-05-31,314125.22291666665,51830.37902424438,2165.307127882597,4216.6666666666515,7504.166666666628,0.0,0.0,160.0,0.9999999999999999,0.0,structural_ma12,ma12_level
price_family_ma12_structural_linked,raw_source,20907_montgomery_county_md__zip,median_ppsf,level,39,2013-11-30,2025-08-31,338.6589978274295,47.0569437725662,8.795829795464911,18.10717986136668,23.264821524416675,0.0,0.0,39.0,1.0,0.0,raw_source,raw_level
price_family_ma12_structural_linked,structural_ma12,20907_montgomery_county_md__zip,median_ppsf,level,39,2013-11-30,2025-08-31,338.6589978274295,47.0569437725662,8.795829795464911,18.10717986136668,23.264821524416675,0.0,0.0,39.0,1.0,0.0,structural_ma12,ma12_level
price_family_ma12_structural_linked,raw_source,20907_montgomery_county_md__zip,median_sale_price,level,39,2013-11-30,2025-08-31,706536.4316239316,66297.87972278174,8889.802631578956,17095.83333333335,20250.0,0.0,0.0,39.0,1.0,0.0,raw_source,raw_level
price_family_ma12_structural_linked,structural_ma12,20907_montgomery_county_md__zip,median_sale_price,level,39,2013-11-30,2025-08-31,706536.4316239316,66297.87972278174,8889.802631578956,17095.83333333335,20250.0,0.0,0.0,39.0,1.0,0.0,structural_ma12,ma12_level
price_family_ma12_structural_linked,raw_source,20910_montgomery_county_md__zip,median_ppsf,level,160,2012-03-31,2026-05-31,334.5980684734885,23.33045724998667,1.3021189316022033,2.5333333333333727,3.8216666666666583,0.0,0.0,160.0,1.0,0.0,raw_source,raw_level
price_family_ma12_structural_linked,structural_ma12,20910_montgomery_county_md__zip,median_ppsf,level,160,2012-03-31,2026-05-31,334.5980684734885,23.33045724998667,1.3021189316022033,2.5333333333333727,3.8216666666666583,0.0,0.0,160.0,1.0,0.0,structural_ma12,ma12_level
price_family_ma12_structural_linked,raw_source,20910_montgomery_county_md__zip,median_sale_price,level,160,2012-03-31,2026-05-31,532736.2020833333,68585.25525509348,3801.2342767295627,8404.166666666675,15291.666666666744,0.0,0.0,160.0,0.9999999999999998,0.0,raw_source,raw_level
price_family_ma12_structural_linked,structural_ma12,20910_montgomery_county_md__zip,median_sale_price,level,160,2012-03-31,2026-05-31,532736.2020833333,68585.25525509348,3801.2342767295627,8404.166666666675,15291.666666666744,0.0,0.0,160.0,0.9999999999999998,0.0,structural_ma12,ma12_level
price_family_ma12_structural_linked,raw_source,20912_montgomery_county_md__zip,median_ppsf,level,160,2012-03-31,2026-05-31,303.7847990956521,41.813185573839355,2.5389773670911926,5.592499999999987,9.983713604833298,0.0,0.0,160.0,1.0,0.0,raw_source,raw_level
price_family_ma12_structural_linked,structural_ma12,20912_montgomery_county_md__zip,median_ppsf,level,160,2012-03-31,2026-05-31,303.7847990956521,41.813185573839355,2.5389773670911926,5.592499999999987,9.983713604833298,0.0,0.0,160.0,1.0,0.0,structural_ma12,ma12_level
price_family_ma12_structural_linked,raw_source,20912_montgomery_county_md__zip,median_sale_price,level,160,2012-03-31,2026-05-31,510514.4151041667,120553.26496583015,5147.546121593291,11299.999999999978,17500.0,0.0,0.0,160.0,1.0,0.0,raw_source,raw_level
price_family_ma12_structural_linked,structural_ma12,20912_montgomery_county_md__zip,median_sale_price,level,160,2012-03-31,2026-05-31,510514.4151041667,120553.26496583015,5147.546121593291,11299.999999999978,17500.0,0.0,0.0,160.0,1.0,0.0,structural_ma12,ma12_level
price_family_ma12_structural_linked,raw_source,20913_montgomery_county_md__zip,median_ppsf,level,26,2012-04-30,2024-01-31,506.3936388099519,67.01109684301223,19.943754970946667,42.171604938266654,43.9666666666667,0.0,0.0,26.0,1.0,0.0,raw_source,raw_level
price_family_ma12_structural_linked,structural_ma12,20913_montgomery_county_md__zip,median_ppsf,level,26,2012-04-30,2024-01-31,506.3936388099519,67.01109684301223,19.943754970946667,42.171604938266654,43.9666666666667,0.0,0.0,26.0,1.0,0.0,structural_ma12,ma12_level
price_family_ma12_structural_linked,raw_source,20913_montgomery_county_md__zip,median_sale_price,level,26,2012-04-30,2024-01-31,772937.5,105911.49426788185,14645.00000000001,48966.66666666676,65000.0,0.0,0.0,26.0,1.0,0.0,raw_source,raw_level
price_family_ma12_structural_linked,structural_ma12,20913_montgomery_county_md__zip,median_sale_price,level,26,2012-04-30,2024-01-31,772937.5,105911.49426788185,14645.00000000001,48966.66666666676,65000.0,0.0,0.0,26.0,1.0,0.0,structural_ma12,ma12_level
price_family_ma12_structural_linked,raw_source,20914_montgomery_county_md__zip,median_ppsf,level,22,2012-04-30,2026-04-30,215.2810857150265,12.758866333853808,2.3968006202896865,6.7027698863333,6.729074600166683,0.0,0.0,22.0,1.0,0.0,raw_source,raw_level
price_family_ma12_structural_linked,structural_ma12,20914_montgomery_county_md__zip,median_ppsf,level,22,2012-04-30,2026-04-30,215.2810857150265,12.758866333853808,2.3968006202896865,6.7027698863333,6.729074600166683,0.0,0.0,22.0,1.0,0.0,structural_ma12,ma12_level
price_family_ma12_structural_linked,raw_source,20914_montgomery_county_md__zip,median_sale_price,level,22,2012-04-30,2026-04-30,375022.7272727273,43020.05716712639,5333.333333333333,8833.333333333372,9500.0,0.0,0.0,22.0,1.0,0.0,raw_source,raw_level
price_family_ma12_structural_linked,structural_ma12,20914_montgomery_county_md__zip,median_sale_price,level,22,2012-04-30,2026-04-30,375022.7272727273,43020.05716712639,5333.333333333333,8833.333333333372,9500.0,0.0,0.0,22.0,1.0,0.0,structural_ma12,ma12_level
price_family_ma12_structural_linked,raw_source,20918_montgomery_county_md__zip,median_ppsf,level,51,2012-04-30,2025-10-31,292.95119344808825,51.770589574522354,5.914188705901666,13.287604533725037,15.874772786500046,0.0,0.0,51.0,1.0,0.0,raw_source,raw_level
price_family_ma12_structural_linked,structural_ma12,20918_montgomery_county_md__zip,median_ppsf,level,51,2012-04-30,2025-10-31,292.95119344808825,51.770589574522354,5.914188705901666,13.287604533725037,15.874772786500046,0.0,0.0,51.0,1.0,0.0,structural_ma12,ma12_level
price_family_ma12_structural_linked,raw_source,20918_montgomery_county_md__zip,median_sale_price,level,51,2012-04-30,2025-10-31,511690.00980392157,98929.97990893989,8620.906666666666,15084.166666666662,16916.666666666628,0.0,0.0,51.0,1.0,0.0,raw_source,raw_level
price_family_ma12_structural_linked,structural_ma12,20918_montgomery_county_md__zip,median_sale_price,level,51,2012-04-30,2025-10-31,511690.00980392157,98929.97990893989,8620.906666666666,15084.166666666662,16916.666666666628,0.0,0.0,51.0,1.0,0.0,structural_ma12,ma12_level
price_family_ma12_structural_linked,raw_source,20993_montgomery_county_md__zip,median_ppsf,level,26,2012-05-31,2023-04-30,229.48688316573077,16.62296201634477,3.4250380649100034,6.3352748023333465,6.8224554941666895,0.0,0.0,26.0,0.9999999999999998,0.0,raw_source,raw_level
price_family_ma12_structural_linked,structural_ma12,20993_montgomery_county_md__zip,median_ppsf,level,26,2012-05-31,2023-04-30,229.48688316573077,16.62296201634477,3.4250380649100034,6.3352748023333465,6.8224554941666895,0.0,0.0,26.0,0.9999999999999998,0.0,structural_ma12,ma12_level
price_family_ma12_structural_linked,raw_source,20993_montgomery_county_md__zip,median_sale_price,level,26,2012-05-31,2023-04-30,511440.4006410256,75913.0084224225,12523.666666666664,24141.666666666693,29125.0,0.0,0.0,26.0,1.0,0.0,raw_source,raw_level
price_family_ma12_structural_linked,structural_ma12,20993_montgomery_county_md__zip,median_sale_price,level,26,2012-05-31,2023-04-30,511440.4006410256,75913.0084224225,12523.666666666664,24141.666666666693,29125.0,0.0,0.0,26.0,1.0,0.0,structural_ma12,ma12_level
price_family_ma12_structural_linked,raw_source,21771_montgomery_county_md__zip,median_ppsf,level,160,2012-03-31,2026-05-31,192.10738595166978,26.639903682205453,0.8858012988747366,1.9531166726666742,2.83833333333331,0.0,0.0,160.0,1.0,0.0,raw_source,raw_level
price_family_ma12_structural_linked,structural_ma12,21771_montgomery_county_md__zip,median_ppsf,level,160,2012-03-31,2026-05-31,192.10738595166978,26.639903682205453,0.8858012988747366,1.9531166726666742,2.83833333333331,0.0,0.0,160.0,1.0,0.0,structural_ma12,ma12_level
price_family_ma12_structural_linked,raw_source,21771_montgomery_county_md__zip,median_sale_price,level,160,2012-03-31,2026-05-31,453203.9770833333,102862.40785378883,2977.424528301887,7533.966666666736,11062.5,0.0,0.0,160.0,0.9999999999999999,0.0,raw_source,raw_level
price_family_ma12_structural_linked,structural_ma12,21771_montgomery_county_md__zip,median_sale_price,level,160,2012-03-31,2026-05-31,453203.9770833333,102862.40785378883,2977.424528301887,7533.966666666736,11062.5,0.0,0.0,160.0,0.9999999999999999,0.0,structural_ma12,ma12_level
price_family_ma12_structural_linked,baseline,alameda_county_ca__county,median_ppsf,level,138,2014-12-31,2026-05-31,0.802561049441558,0.2107511592447433,0.07005602923024687,0.16666666666666674,0.46666666666666656,0.014492753623188406,0.007246376811594203,127.0,0.767920417960971,0.10027871741375638,normalized_feature,normalized_score
price_family_ma12_structural_linked,challenger,alameda_county_ca__county,median_ppsf,level,127,2015-11-30,2026-05-31,0.8430225086370987,0.20312798319328426,0.016824741592543446,0.04999999999999982,0.16666666666666674,0.0,0.0,127.0,0.767920417960971,0.10027871741375638,normalized_feature,normalized_score
price_family_ma12_structural_linked,raw_source,alameda_county_ca__county,median_ppsf,level,162,2012-01-31,2026-05-31,538.8932966279809,132.96533036925928,3.8199375787929575,7.5166666666666515,10.353333333333353,0.0,0.0,162.0,1.0,0.0,raw_source,raw_level
price_family_ma12_structural_linked,structural_ma12,alameda_county_ca__county,median_ppsf,level,162,2012-01-31,2026-05-31,538.8932966279809,132.96533036925928,3.8199375787929575,7.5166666666666515,10.353333333333353,0.0,0.0,162.0,1.0,0.0,structural_ma12,ma12_level
price_family_ma12_structural_linked,baseline,alameda_county_ca__county,median_ppsf,long,126,2015-12-31,2026-05-31,-0.422334618956823,0.5335835323604828,0.14499875208943963,0.39842260518553024,0.7850931677018633,0.07142857142857142,0.047619047619047616,115.0,0.6835132296404606,0.3215957748599657,normalized_feature,normalized_score
price_family_ma12_structural_linked,challenger,alameda_county_ca__county,median_ppsf,long,115,2016-11-30,2026-05-31,-0.4528053941837525,0.5550971433463296,0.06726608693440142,0.20329140158859876,0.3616605616605617,0.034782608695652174,0.02608695652173913,115.0,0.6835132296404606,0.3215957748599657,normalized_feature,normalized_score
price_family_ma12_structural_linked,baseline,alameda_county_ca__county,median_ppsf,short,137,2015-01-31,2026-05-31,-0.10141614323871716,0.6067018177513306,0.5578864189809984,1.158958837772397,1.9466666666666668,0.35766423357664234,0.10218978102189781,124.0,0.13517475884965438,0.6457251256741423,normalized_feature,normalized_score
price_family_ma12_structural_linked,challenger,alameda_county_ca__county,median_ppsf,short,124,2016-02-29,2026-05-31,-0.4267749081748955,0.5418268924597911,0.09184553544631528,0.23715559802516328,0.6668773704171935,0.08870967741935484,0.056451612903225805,124.0,0.13517475884965438,0.6457251256741423,normalized_feature,normalized_score
price_family_ma12_structural_linked,baseline,alameda_county_ca__county,median_sale_price,level,138,2014-12-31,2026-05-31,0.8056051603674327,0.20287445039253646,0.0968323528831889,0.2333333333333334,0.7694736842105263,0.0,0.007246376811594203,127.0,0.5591842584987222,0.12794504724353892,normalized_feature,normalized_score
price_family_ma12_structural_linked,challenger,alameda_county_ca__county,median_sale_price,level,127,2015-11-30,2026-05-31,0.8830180829975341,0.16132186509964652,0.015498038834170816,0.046856455493183624,0.17999999999999994,0.0,0.0,127.0,0.5591842584987222,0.12794504724353892,normalized_feature,normalized_score
price_family_ma12_structural_linked,raw_source,alameda_county_ca__county,median_sale_price,level,162,2012-01-31,2026-05-31,829555.9146090534,219922.71622939844,6427.290890269152,12333.333333333372,20000.0,0.0,0.0,162.0,0.9999999999999999,0.0,raw_source,raw_level
price_family_ma12_structural_linked,structural_ma12,alameda_county_ca__county,median_sale_price,level,162,2012-01-31,2026-05-31,829555.9146090534,219922.71622939844,6427.290890269152,12333.333333333372,20000.0,0.0,0.0,162.0,0.9999999999999999,0.0,structural_ma12,ma12_level
price_family_ma12_structural_linked,baseline,alameda_county_ca__county,median_sale_price,long,126,2015-12-31,2026-05-31,-0.3692725577962444,0.5479970660582241,0.24145565241370948,0.5690553791600269,1.2999999999999998,0.18253968253968253,0.07936507936507936,115.0,0.5956858501510022,0.3696279950355119,normalized_feature,normalized_score
price_family_ma12_structural_linked,challenger,alameda_county_ca__county,median_sale_price,long,115,2016-11-30,2026-05-31,-0.42893746891875945,0.5524020279149352,0.07333432544328959,0.17685472619955375,0.6337078651685394,0.034782608695652174,0.05217391304347826,115.0,0.5956858501510022,0.3696279950355119,normalized_feature,normalized_score
price_family_ma12_structural_linked,baseline,alameda_county_ca__county,median_sale_price,short,137,2015-01-31,2026-05-31,-0.07595883288692178,0.6216082374239,0.6081331864770285,1.3426573426573425,1.96,0.41605839416058393,0.06569343065693431,124.0,0.12156959181091787,0.6958628303770492,normalized_feature,normalized_score
price_family_ma12_structural_linked,challenger,alameda_county_ca__county,median_sale_price,short,124,2016-02-29,2026-05-31,-0.3856411889952025,0.5625447761746176,0.12660555570450593,0.3159562841530055,0.8271175726927938,0.08870967741935484,0.06451612903225806,124.0,0.12156959181091787,0.6958628303770492,normalized_feature,normalized_score
price_family_ma12_structural_linked,baseline,alameda_county_ca__county,payment_burden,level,127,2015-11-30,2026-05-31,-0.41093626873219286,0.566659069261552,0.1885401032082108,0.46634563456345635,1.304421768707483,0.11811023622047244,0.06299212598425197,127.0,0.8388619315471689,0.20762171856740486,normalized_feature,normalized_score
price_family_ma12_structural_linked,challenger,alameda_county_ca__county,payment_burden,level,127,2015-11-30,2026-05-31,-0.5270704592315757,0.5224627234143302,0.08609601610628795,0.23858299097904112,0.6357377049180328,0.015748031496062992,0.023622047244094488,127.0,0.8388619315471689,0.20762171856740486,normalized_feature,normalized_score
price_family_ma12_structural_linked,baseline,alameda_county_ca__county,payment_burden,long,115,2016-11-30,2026-05-31,0.01683855170934416,0.669776101127432,0.20999172279251813,0.53,0.8235815602836878,0.1391304347826087,0.034782608695652174,115.0,0.8847978204513909,0.2266821209208532,normalized_feature,normalized_score
price_family_ma12_structural_linked,challenger,alameda_county_ca__county,payment_burden,long,115,2016-11-30,2026-05-31,0.05625665792203304,0.6496643762599199,0.14297959143223363,0.39755102040816326,0.8803729456384324,0.1391304347826087,0.05217391304347826,115.0,0.8847978204513909,0.2266821209208532,normalized_feature,normalized_score
price_family_ma12_structural_linked,baseline,alameda_county_ca__county,payment_burden,short,126,2015-12-31,2026-05-31,0.008197330390115588,0.622800793886426,0.5673904982410978,1.257006489513617,1.88,0.3968253968253968,0.07936507936507936,124.0,0.3364190311532573,0.555276649408142,normalized_feature,normalized_score
price_family_ma12_structural_linked,challenger,alameda_county_ca__county,payment_burden,short,124,2016-02-29,2026-05-31,0.12101225399463039,0.6027455808259983,0.28435341732164493,0.6885858585858585,1.8465884398087786,0.1532258064516129,0.08064516129032258,124.0,0.3364190311532573,0.555276649408142,normalized_feature,normalized_score
price_family_ma12_structural_linked,baseline,alameda_county_ca__county,price_to_income,level,127,2015-11-30,2026-05-31,-0.3162852458434221,0.5592874108111872,0.2634453743738852,0.6131481481481481,1.3460884353741496,0.15748031496062992,0.07874015748031496,127.0,0.6982171097738733,0.3161829659467352,normalized_feature,normalized_score
price_family_ma12_structural_linked,challenger,alameda_county_ca__county,price_to_income,level,127,2015-11-30,2026-05-31,-0.5387256359994833,0.4086511738717049,0.07235272538024062,0.12669353672643147,0.8779591836734695,0.023622047244094488,0.03937007874015748,127.0,0.6982171097738733,0.3161829659467352,normalized_feature,normalized_score
price_family_ma12_structural_linked,baseline,alameda_county_ca__county,price_to_income,long,115,2016-11-30,2026-05-31,0.22397905000365442,0.6581552826257172,0.23415301733681113,0.6172566124078243,1.1785714285714286,0.14782608695652175,0.08695652173913043,115.0,0.7850689685090628,0.30260366541609035,normalized_feature,normalized_score
price_family_ma12_structural_linked,challenger,alameda_county_ca__county,price_to_income,long,115,2016-11-30,2026-05-31,0.31106036433697465,0.6199431306599922,0.08736875792981974,0.23554615213608376,0.9557422969187674,0.06086956521739131,0.034782608695652174,115.0,0.7850689685090628,0.30260366541609035,normalized_feature,normalized_score
price_family_ma12_structural_linked,baseline,alameda_county_ca__county,price_to_income,short,126,2015-12-31,2026-05-31,0.023907008391971067,0.6281733425575539,0.6080643468204739,1.2833333333333334,1.9133333333333333,0.48412698412698413,0.0873015873015873,124.0,0.18757696581331293,0.6105756232198275,normalized_feature,normalized_score
price_family_ma12_structural_linked,challenger,alameda_county_ca__county,price_to_income,short,124,2016-02-29,2026-05-31,0.23713179741208176,0.5268830066261174,0.16673955968397622,0.4906145331532327,1.2259599048589875,0.0967741935483871,0.06451612903225806,124.0,0.18757696581331293,0.6105756232198275,normalized_feature,normalized_score
price_family_ma12_structural_linked,raw_source,albemarle_county_va__county,median_ppsf,level,162,2012-01-31,2026-05-31,180.16915545393056,36.32159824673478,0.8125375328550736,1.5908333333333644,3.0191666666666777,0.0,0.0,162.0,1.0,0.0,raw_source,raw_level
price_family_ma12_structural_linked,structural_ma12,albemarle_county_va__county,median_ppsf,level,162,2012-01-31,2026-05-31,180.16915545393056,36.32159824673478,0.8125375328550736,1.5908333333333644,3.0191666666666777,0.0,0.0,162.0,1.0,0.0,structural_ma12,ma12_level
price_family_ma12_structural_linked,raw_source,albemarle_county_va__county,median_sale_price,level,162,2012-01-31,2026-05-31,395160.762345679,88728.54084593072,2875.846790890271,5270.416666666686,11166.666666666686,0.0,0.0,162.0,1.0,0.0,raw_source,raw_level
price_family_ma12_structural_linked,structural_ma12,albemarle_county_va__county,median_sale_price,level,162,2012-01-31,2026-05-31,395160.762345679,88728.54084593072,2875.846790890271,5270.416666666686,11166.666666666686,0.0,0.0,162.0,1.0,0.0,structural_ma12,ma12_level
price_family_ma12_structural_linked,raw_source,alexandria_va__county,median_ppsf,level,162,2012-01-31,2026-05-31,366.64931205601437,48.02550496002807,1.434210423836956,3.0957589851666967,5.603333333333296,0.0,0.0,162.0,1.0,0.0,raw_source,raw_level
price_family_ma12_structural_linked,structural_ma12,alexandria_va__county,median_ppsf,level,162,2012-01-31,2026-05-31,366.64931205601437,48.02550496002807,1.434210423836956,3.0957589851666967,5.603333333333296,0.0,0.0,162.0,1.0,0.0,structural_ma12,ma12_level
price_family_ma12_structural_linked,raw_source,alexandria_va__county,median_sale_price,level,162,2012-01-31,2026-05-31,549811.4429012346,75037.82916147044,3801.339544513455,8000.0,12708.333333333372,0.0,0.0,162.0,1.0,0.0,raw_source,raw_level
price_family_ma12_structural_linked,structural_ma12,alexandria_va__county,median_sale_price,level,162,2012-01-31,2026-05-31,549811.4429012346,75037.82916147044,3801.339544513455,8000.0,12708.333333333372,0.0,0.0,162.0,1.0,0.0,structural_ma12,ma12_level
price_family_ma12_structural_linked,raw_source,allegany_county_md__county,median_ppsf,level,162,2012-01-31,2026-05-31,69.0552434046034,15.649543245104605,0.6682060085905794,1.3823773305833242,3.2424999999999926,0.0,0.0,162.0,1.0,0.0,raw_source,raw_level
price_family_ma12_structural_linked,structural_ma12,allegany_county_md__county,median_ppsf,level,162,2012-01-31,2026-05-31,69.0552434046034,15.649543245104605,0.6682060085905794,1.3823773305833242,3.2424999999999926,0.0,0.0,162.0,1.0,0.0,structural_ma12,ma12_level
price_family_ma12_structural_linked,raw_source,allegany_county_md__county,median_sale_price,level,162,2012-01-31,2026-05-31,103922.78652263375,25219.674007010053,1287.1550207039343,2437.5,4591.666666666686,0.0,0.0,162.0,1.0,0.0,raw_source,raw_level
price_family_ma12_structural_linked,structural_ma12,allegany_county_md__county,median_sale_price,level,162,2012-01-31,2026-05-31,103922.78652263375,25219.674007010053,1287.1550207039343,2437.5,4591.666666666686,0.0,0.0,162.0,1.0,0.0,structural_ma12,ma12_level
price_family_ma12_structural_linked,raw_source,amelia_county_va__county,median_ppsf,level,162,2012-01-31,2026-05-31,136.62839956297685,43.10163383660805,1.7327460651030002,3.583333333333286,7.845833333333331,0.0,0.0,162.0,1.0,0.0,raw_source,raw_level
price_family_ma12_structural_linked,structural_ma12,amelia_county_va__county,median_ppsf,level,162,2012-01-31,2026-05-31,136.62839956297685,43.10163383660805,1.7327460651030002,3.583333333333286,7.845833333333331,0.0,0.0,162.0,1.0,0.0,structural_ma12,ma12_level
price_family_ma12_structural_linked,raw_source,amelia_county_va__county,median_sale_price,level,162,2012-01-31,2026-05-31,234599.11111111112,73668.2491757731,3703.568322981365,7916.666666666686,22920.833333333314,0.0,0.0,162.0,1.0,0.0,raw_source,raw_level
price_family_ma12_structural_linked,structural_ma12,amelia_county_va__county,median_sale_price,level,162,2012-01-31,2026-05-31,234599.11111111112,73668.2491757731,3703.568322981365,7916.666666666686,22920.833333333314,0.0,0.0,162.0,1.0,0.0,structural_ma12,ma12_level
price_family_ma12_structural_linked,raw_source,amherst_county_va__county,median_ppsf,level,161,2012-01-31,2026-05-31,112.78004896863146,30.079265389178826,1.3906750932416656,2.763624353358339,11.848609101499989,0.0,0.0,161.0,1.0,0.0,raw_source,raw_level
price_family_ma12_structural_linked,structural_ma12,amherst_county_va__county,median_ppsf,level,161,2012-01-31,2026-05-31,112.78004896863146,30.079265389178826,1.3906750932416656,2.763624353358339,11.848609101499989,0.0,0.0,161.0,1.0,0.0,structural_ma12,ma12_level
price_family_ma12_structural_linked,raw_source,amherst_county_va__county,median_sale_price,level,161,2012-01-31,2026-05-31,182959.97644927536,46004.93417355256,2358.5570312500004,4922.916666666657,24541.666666666657,0.0,0.0,161.0,0.9999999999999999,0.0,raw_source,raw_level
price_family_ma12_structural_linked,structural_ma12,amherst_county_va__county,median_sale_price,level,161,2012-01-31,2026-05-31,182959.97644927536,46004.93417355256,2358.5570312500004,4922.916666666657,24541.666666666657,0.0,0.0,161.0,0.9999999999999999,0.0,structural_ma12,ma12_level
price_family_ma12_structural_linked,raw_source,anaheim_ca_metro_area__cbsa_metro,median_ppsf,level,162,2012-01-31,2026-05-31,457.74353909465026,126.8383328892455,2.7730072463768125,6.358333333333292,10.666666666666742,0.0,0.0,162.0,1.0,0.0,raw_source,raw_level
price_family_ma12_structural_linked,structural_ma12,anaheim_ca_metro_area__cbsa_metro,median_ppsf,level,162,2012-01-31,2026-05-31,457.74353909465026,126.8383328892455,2.7730072463768125,6.358333333333292,10.666666666666742,0.0,0.0,162.0,1.0,0.0,structural_ma12,ma12_level
price_family_ma12_structural_linked,raw_source,anaheim_ca_metro_area__cbsa_metro,median_sale_price,level,162,2012-01-31,2026-05-31,785779.4002057613,227560.6636249775,5231.153209109734,11666.666666666744,18749.166666666744,0.0,0.0,162.0,1.0,0.0,raw_source,raw_level
price_family_ma12_structural_linked,structural_ma12,anaheim_ca_metro_area__cbsa_metro,median_sale_price,level,162,2012-01-31,2026-05-31,785779.4002057613,227560.6636249775,5231.153209109734,11666.666666666744,18749.166666666744,0.0,0.0,162.0,1.0,0.0,structural_ma12,ma12_level
price_family_ma12_structural_linked,raw_source,anne_arundel_county_md__county,median_ppsf,level,162,2012-01-31,2026-05-31,202.46316905518572,30.693629204783676,0.7082714326718443,1.63416666666663,2.4691666666666947,0.0,0.0,162.0,1.0,0.0,raw_source,raw_level
price_family_ma12_structural_linked,structural_ma12,anne_arundel_county_md__county,median_ppsf,level,162,2012-01-31,2026-05-31,202.46316905518572,30.693629204783676,0.7082714326718443,1.63416666666663,2.4691666666666947,0.0,0.0,162.0,1.0,0.0,structural_ma12,ma12_level
price_family_ma12_structural_linked,raw_source,anne_arundel_county_md__county,median_sale_price,level,162,2012-01-31,2026-05-31,374926.2690329218,70218.39000509157,1502.0745341614906,2977.5,5742.75,0.0,0.0,162.0,0.9999999999999998,0.0,raw_source,raw_level
price_family_ma12_structural_linked,structural_ma12,anne_arundel_county_md__county,median_sale_price,level,162,2012-01-31,2026-05-31,374926.2690329218,70218.39000509157,1502.0745341614906,2977.5,5742.75,0.0,0.0,162.0,0.9999999999999998,0.0,structural_ma12,ma12_level
price_family_ma12_structural_linked,raw_source,appomattox_county_va__county,median_ppsf,level,143,2012-02-29,2026-05-31,124.79678661033158,35.31413319149985,1.873679745427228,3.539833333333374,8.524166666666673,0.0,0.0,143.0,1.0,0.0,raw_source,raw_level
price_family_ma12_structural_linked,structural_ma12,appomattox_county_va__county,median_ppsf,level,143,2012-02-29,2026-05-31,124.79678661033158,35.31413319149985,1.873679745427228,3.539833333333374,8.524166666666673,0.0,0.0,143.0,1.0,0.0,structural_ma12,ma12_level
price_family_ma12_structural_linked,raw_source,appomattox_county_va__county,median_sale_price,level,143,2012-02-29,2026-05-31,203607.6590909091,56670.11963904566,2918.8902582159612,6099.583333333333,10833.333333333343,0.0,0.0,143.0,1.0,0.0,raw_source,raw_level
price_family_ma12_structural_linked,structural_ma12,appomattox_county_va__county,median_sale_price,level,143,2012-02-29,2026-05-31,203607.6590909091,56670.11963904566,2918.8902582159612,6099.583333333333,10833.333333333343,0.0,0.0,143.0,1.0,0.0,structural_ma12,ma12_level
price_family_ma12_structural_linked,raw_source,arlington_county_va__county,median_ppsf,level,162,2012-01-31,2026-05-31,414.7725336696888,42.17627799847161,1.5369058686159416,3.51833333333326,5.919999999999959,0.0,0.0,162.0,1.0,0.0,raw_source,raw_level
price_family_ma12_structural_linked,structural_ma12,arlington_county_va__county,median_ppsf,level,162,2012-01-31,2026-05-31,414.7725336696888,42.17627799847161,1.5369058686159416,3.51833333333326,5.919999999999959,0.0,0.0,162.0,1.0,0.0,structural_ma12,ma12_level
price_family_ma12_structural_linked,raw_source,arlington_county_va__county,median_sale_price,level,162,2012-01-31,2026-05-31,613041.1028806585,80560.55326298498,3972.4844720496967,7466.666666666628,19791.666666666744,0.0,0.0,162.0,1.0,0.0,raw_source,raw_level
price_family_ma12_structural_linked,structural_ma12,arlington_county_va__county,median_sale_price,level,162,2012-01-31,2026-05-31,613041.1028806585,80560.55326298498,3972.4844720496967,7466.666666666628,19791.666666666744,0.0,0.0,162.0,1.0,0.0,structural_ma12,ma12_level
price_family_ma12_structural_linked,raw_source,atlantic_city_nj_metro_area__cbsa_metro,median_ppsf,level,160,2012-01-31,2026-03-31,143.3556738279552,45.328711816579194,1.0650091111781976,2.2013507105333363,3.962595069499997,0.0,0.0,160.0,0.9999999999999999,0.0,raw_source,raw_level
price_family_ma12_structural_linked,structural_ma12,atlantic_city_nj_metro_area__cbsa_metro,median_ppsf,level,160,2012-01-31,2026-03-31,143.3556738279552,45.328711816579194,1.0650091111781976,2.2013507105333363,3.962595069499997,0.0,0.0,160.0,0.9999999999999999,0.0,structural_ma12,ma12_level
price_family_ma12_structural_linked,raw_source,atlantic_city_nj_metro_area__cbsa_metro,median_sale_price,level,160,2012-01-31,2026-03-31,228569.55989583334,68270.43427243186,1888.2049266247398,4032.5000000000023,5833.333333333372,0.0,0.0,160.0,1.0,0.0,raw_source,raw_level
price_family_ma12_structural_linked,structural_ma12,atlantic_city_nj_metro_area__cbsa_metro,median_sale_price,level,160,2012-01-31,2026-03-31,228569.55989583334,68270.43427243186,1888.2049266247398,4032.5000000000023,5833.333333333372,0.0,0.0,160.0,1.0,0.0,structural_ma12,ma12_level
price_family_ma12_structural_linked,raw_source,atlantic_county_nj__county,median_ppsf,level,162,2012-01-31,2026-05-31,144.4924416832428,46.14833893333504,1.0522751608561078,2.1783333333333132,3.9625000000000057,0.0,0.0,162.0,1.0,0.0,raw_source,raw_level
price_family_ma12_structural_linked,structural_ma12,atlantic_county_nj__county,median_ppsf,level,162,2012-01-31,2026-05-31,144.4924416832428,46.14833893333504,1.0522751608561078,2.1783333333333132,3.9625000000000057,0.0,0.0,162.0,1.0,0.0,structural_ma12,ma12_level
price_family_ma12_structural_linked,raw_source,atlantic_county_nj__county,median_sale_price,level,162,2012-01-31,2026-05-31,230446.34722222222,69947.63059815353,1884.973602484472,4008.333333333343,5791.666666666686,0.0,0.0,162.0,1.0,0.0,raw_source,raw_level
price_family_ma12_structural_linked,structural_ma12,atlantic_county_nj__county,median_sale_price,level,162,2012-01-31,2026-05-31,230446.34722222222,69947.63059815353,1884.973602484472,4008.333333333343,5791.666666666686,0.0,0.0,162.0,1.0,0.0,structural_ma12,ma12_level
price_family_ma12_structural_linked,raw_source,augusta_county_va__county,median_ppsf,level,162,2012-01-31,2026-05-31,135.58138658429579,37.38255939921951,0.8639305965046588,1.9083333333333314,3.3783333333333303,0.0,0.0,162.0,1.0,0.0,raw_source,raw_level
price_family_ma12_structural_linked,structural_ma12,augusta_county_va__county,median_ppsf,level,162,2012-01-31,2026-05-31,135.58138658429579,37.38255939921951,0.8639305965046588,1.9083333333333314,3.3783333333333303,0.0,0.0,162.0,1.0,0.0,structural_ma12,ma12_level
price_family_ma12_structural_linked,raw_source,augusta_county_va__county,median_sale_price,level,162,2012-01-31,2026-05-31,241142.2644032922,70604.02599814655,1871.3400621118012,3837.5,6245.416666666628,0.0,0.0,162.0,1.0,0.0,raw_source,raw_level
price_family_ma12_structural_linked,structural_ma12,augusta_county_va__county,median_sale_price,level,162,2012-01-31,2026-05-31,241142.2644032922,70604.02599814655,1871.3400621118012,3837.5,6245.416666666628,0.0,0.0,162.0,1.0,0.0,structural_ma12,ma12_level
price_family_ma12_structural_linked,raw_source,bakersfield_ca_metro_area__cbsa_metro,median_ppsf,level,162,2012-01-31,2026-05-31,158.97747942386832,45.75418395093649,0.9688664596273288,2.1075000000000017,3.1508333333333383,0.0,0.0,162.0,1.0,0.0,raw_source,raw_level
price_family_ma12_structural_linked,structural_ma12,bakersfield_ca_metro_area__cbsa_metro,median_ppsf,level,162,2012-01-31,2026-05-31,158.97747942386832,45.75418395093649,0.9688664596273288,2.1075000000000017,3.1508333333333383,0.0,0.0,162.0,1.0,0.0,structural_ma12,ma12_level
price_family_ma12_structural_linked,raw_source,bakersfield_ca_metro_area__cbsa_metro,median_sale_price,level,162,2012-01-31,2026-05-31,261991.50977366258,76646.16761328788,1651.009316770186,3666.666666666686,5051.25,0.0,0.0,162.0,1.0,0.0,raw_source,raw_level
price_family_ma12_structural_linked,structural_ma12,bakersfield_ca_metro_area__cbsa_metro,median_sale_price,level,162,2012-01-31,2026-05-31,261991.50977366258,76646.16761328788,1651.009316770186,3666.666666666686,5051.25,0.0,0.0,162.0,1.0,0.0,structural_ma12,ma12_level
price_family_ma12_structural_linked,raw_source,baltimore_city_county_md__county,median_ppsf,level,162,2012-01-31,2026-05-31,121.37560341558077,25.22097329828531,0.7228455833778472,1.496698368333341,3.3966666666666754,0.0,0.0,162.0,1.0,0.0,raw_source,raw_level
price_family_ma12_structural_linked,structural_ma12,baltimore_city_county_md__county,median_ppsf,level,162,2012-01-31,2026-05-31,121.37560341558077,25.22097329828531,0.7228455833778472,1.496698368333341,3.3966666666666754,0.0,0.0,162.0,1.0,0.0,structural_ma12,ma12_level
price_family_ma12_structural_linked,raw_source,baltimore_city_county_md__county,median_sale_price,level,162,2012-01-31,2026-05-31,160413.52932098764,43113.69576989236,1306.8392857142849,2491.666666666657,6750.0,0.0,0.0,162.0,0.9999999999999998,0.0,raw_source,raw_level
price_family_ma12_structural_linked,structural_ma12,baltimore_city_county_md__county,median_sale_price,level,162,2012-01-31,2026-05-31,160413.52932098764,43113.69576989236,1306.8392857142849,2491.666666666657,6750.0,0.0,0.0,162.0,0.9999999999999998,0.0,structural_ma12,ma12_level
price_family_ma12_structural_linked,raw_source,baltimore_county_md__county,median_ppsf,level,162,2012-01-31,2026-05-31,158.5911770213349,24.627107891057573,0.5982096429047631,1.2916666666666572,1.9524999999999864,0.0,0.0,162.0,1.0,0.0,raw_source,raw_level
price_family_ma12_structural_linked,structural_ma12,baltimore_county_md__county,median_ppsf,level,162,2012-01-31,2026-05-31,158.5911770213349,24.627107891057573,0.5982096429047631,1.2916666666666572,1.9524999999999864,0.0,0.0,162.0,1.0,0.0,structural_ma12,ma12_level
price_family_ma12_structural_linked,raw_source,baltimore_county_md__county,median_sale_price,level,162,2012-01-31,2026-05-31,264335.66306584363,55902.716501619754,1163.1288819875783,2500.0,3750.0,0.0,0.0,162.0,1.0,0.0,raw_source,raw_level
price_family_ma12_structural_linked,structural_ma12,baltimore_county_md__county,median_sale_price,level,162,2012-01-31,2026-05-31,264335.66306584363,55902.716501619754,1163.1288819875783,2500.0,3750.0,0.0,0.0,162.0,1.0,0.0,structural_ma12,ma12_level
price_family_ma12_structural_linked,raw_source,baltimore_md_metro_area__cbsa_metro,median_ppsf,level,162,2012-01-31,2026-05-31,171.5342695473251,25.84285858533602,0.5813302277432713,1.318333333333328,2.0349999999999966,0.0,0.0,162.0,1.0,0.0,raw_source,raw_level
price_family_ma12_structural_linked,structural_ma12,baltimore_md_metro_area__cbsa_metro,median_ppsf,level,162,2012-01-31,2026-05-31,171.5342695473251,25.84285858533602,0.5813302277432713,1.318333333333328,2.0349999999999966,0.0,0.0,162.0,1.0,0.0,structural_ma12,ma12_level
price_family_ma12_structural_linked,raw_source,baltimore_md_metro_area__cbsa_metro,median_sale_price,level,162,2012-01-31,2026-05-31,296083.45010288066,55765.88336758909,1137.3731884057972,2358.333333333372,3916.666666666628,0.0,0.0,162.0,1.0,0.0,raw_source,raw_level
price_family_ma12_structural_linked,structural_ma12,baltimore_md_metro_area__cbsa_metro,median_sale_price,level,162,2012-01-31,2026-05-31,296083.45010288066,55765.88336758909,1137.3731884057972,2358.333333333372,3916.666666666628,0.0,0.0,162.0,1.0,0.0,structural_ma12,ma12_level
price_family_ma12_structural_linked,raw_source,bedford_county_va__county,median_ppsf,level,162,2012-01-31,2026-05-31,125.9387826362176,33.214364547924816,1.0240981160087994,2.2000898291666715,3.558655359499994,0.0,0.0,162.0,1.0,0.0,raw_source,raw_level
price_family_ma12_structural_linked,structural_ma12,bedford_county_va__county,median_ppsf,level,162,2012-01-31,2026-05-31,125.9387826362176,33.214364547924816,1.0240981160087994,2.2000898291666715,3.558655359499994,0.0,0.0,162.0,1.0,0.0,structural_ma12,ma12_level
price_family_ma12_structural_linked,raw_source,bedford_county_va__county,median_sale_price,level,162,2012-01-31,2026-05-31,267226.0128600823,73423.48345458096,2381.623188405796,4750.0,7341.666666666657,0.0,0.0,162.0,0.9999999999999998,0.0,raw_source,raw_level
price_family_ma12_structural_linked,structural_ma12,bedford_county_va__county,median_sale_price,level,162,2012-01-31,2026-05-31,267226.0128600823,73423.48345458096,2381.623188405796,4750.0,7341.666666666657,0.0,0.0,162.0,0.9999999999999998,0.0,structural_ma12,ma12_level
price_family_ma12_structural_linked,raw_source,big_stone_gap_va_metro_area__cbsa_metro,median_ppsf,level,141,2012-03-31,2026-03-31,64.20022975420804,15.88998512979413,1.0158867479291669,2.0345291687000073,3.8535951176666856,0.0,0.0,141.0,1.0,0.0,raw_source,raw_level
price_family_ma12_structural_linked,structural_ma12,big_stone_gap_va_metro_area__cbsa_metro,median_ppsf,level,141,2012-03-31,2026-03-31,64.20022975420804,15.88998512979413,1.0158867479291669,2.0345291687000073,3.8535951176666856,0.0,0.0,141.0,1.0,0.0,structural_ma12,ma12_level
price_family_ma12_structural_linked,raw_source,big_stone_gap_va_metro_area__cbsa_metro,median_sale_price,level,141,2012-03-31,2026-03-31,109767.40425531915,24502.7961475574,2181.2982142857136,4310.000000000003,12301.749999999993,0.0,0.0,141.0,1.0,0.0,raw_source,raw_level
price_family_ma12_structural_linked,structural_ma12,big_stone_gap_va_metro_area__cbsa_metro,median_sale_price,level,141,2012-03-31,2026-03-31,109767.40425531915,24502.7961475574,2181.2982142857136,4310.000000000003,12301.749999999993,0.0,0.0,141.0,1.0,0.0,structural_ma12,ma12_level
price_family_ma12_structural_linked,raw_source,blacksburg_va_metro_area__cbsa_metro,median_ppsf,level,160,2012-01-31,2026-03-31,117.17089721027239,36.84825274201865,1.27562171831499,2.5325241654999986,5.74180442316667,0.0,0.0,160.0,1.0,0.0,raw_source,raw_level
price_family_ma12_structural_linked,structural_ma12,blacksburg_va_metro_area__cbsa_metro,median_ppsf,level,160,2012-01-31,2026-03-31,117.17089721027239,36.84825274201865,1.27562171831499,2.5325241654999986,5.74180442316667,0.0,0.0,160.0,1.0,0.0,structural_ma12,ma12_level
price_family_ma12_structural_linked,raw_source,blacksburg_va_metro_area__cbsa_metro,median_sale_price,level,160,2012-01-31,2026-03-31,207807.33828125,60003.2987334975,2910.357966457023,5863.13333333334,17257.624999999985,0.0,0.0,160.0,1.0,0.0,raw_source,raw_level
price_family_ma12_structural_linked,structural_ma12,blacksburg_va_metro_area__cbsa_metro,median_sale_price,level,160,2012-01-31,2026-03-31,207807.33828125,60003.2987334975,2910.357966457023,5863.13333333334,17257.624999999985,0.0,0.0,160.0,1.0,0.0,structural_ma12,ma12_level
price_family_ma12_structural_linked,raw_source,botetourt_county_va__county,median_ppsf,level,162,2012-01-31,2026-05-31,112.8087953344609,27.359073027502756,0.8384144212070389,1.7175000000000011,3.660833333333329,0.0,0.0,162.0,1.0,0.0,raw_source,raw_level
price_family_ma12_structural_linked,structural_ma12,botetourt_county_va__county,median_ppsf,level,162,2012-01-31,2026-05-31,112.8087953344609,27.359073027502756,0.8384144212070389,1.7175000000000011,3.660833333333329,0.0,0.0,162.0,1.0,0.0,structural_ma12,ma12_level
price_family_ma12_structural_linked,raw_source,botetourt_county_va__county,median_sale_price,level,162,2012-01-31,2026-05-31,268477.9341563786,59270.15737167877,2629.3555900621104,5795.833333333372,10162.5,0.0,0.0,162.0,0.9999999999999999,0.0,raw_source,raw_level
price_family_ma12_structural_linked,structural_ma12,botetourt_county_va__county,median_sale_price,level,162,2012-01-31,2026-05-31,268477.9341563786,59270.15737167877,2629.3555900621104,5795.833333333372,10162.5,0.0,0.0,162.0,0.9999999999999999,0.0,structural_ma12,ma12_level
price_family_ma12_structural_linked,raw_source,burlington_county_nj__county,median_ppsf,level,161,2012-02-29,2026-05-31,153.2058087166703,43.18096425284783,0.8431148136953128,2.0550833333333403,2.8391666666666424,0.0,0.0,161.0,1.0,0.0,raw_source,raw_level
price_family_ma12_structural_linked,structural_ma12,burlington_county_nj__county,median_ppsf,level,161,2012-02-29,2026-05-31,153.2058087166703,43.18096425284783,0.8431148136953128,2.0550833333333403,2.8391666666666424,0.0,0.0,161.0,1.0,0.0,structural_ma12,ma12_level
price_family_ma12_structural_linked,raw_source,burlington_county_nj__county,median_sale_price,level,161,2012-02-29,2026-05-31,253305.7701863354,73079.76606227574,1635.1098958333341,3553.333333333348,5329.166666666628,0.0,0.0,161.0,1.0,0.0,raw_source,raw_level
price_family_ma12_structural_linked,structural_ma12,burlington_county_nj__county,median_sale_price,level,161,2012-02-29,2026-05-31,253305.7701863354,73079.76606227574,1635.1098958333341,3553.333333333348,5329.166666666628,0.0,0.0,161.0,1.0,0.0,structural_ma12,ma12_level
price_family_ma12_structural_linked,raw_source,butte_county_ca__county,median_ppsf,level,162,2012-01-31,2026-05-31,206.4942034169681,55.02783946953211,1.3293248071501018,2.5966666666666924,3.7241666666666333,0.0,0.0,162.0,0.9999999999999999,0.0,raw_source,raw_level
price_family_ma12_structural_linked,structural_ma12,butte_county_ca__county,median_ppsf,level,162,2012-01-31,2026-05-31,206.4942034169681,55.02783946953211,1.3293248071501018,2.5966666666666924,3.7241666666666333,0.0,0.0,162.0,0.9999999999999999,0.0,structural_ma12,ma12_level
price_family_ma12_structural_linked,raw_source,butte_county_ca__county,median_sale_price,level,162,2012-01-31,2026-05-31,320538.7829218107,83219.38397568926,2156.156832298138,4375.0,5750.0,0.0,0.0,162.0,1.0,0.0,raw_source,raw_level
price_family_ma12_structural_linked,structural_ma12,butte_county_ca__county,median_sale_price,level,162,2012-01-31,2026-05-31,320538.7829218107,83219.38397568926,2156.156832298138,4375.0,5750.0,0.0,0.0,162.0,1.0,0.0,structural_ma12,ma12_level
price_family_ma12_structural_linked,raw_source,california__state,median_ppsf,level,162,2012-01-31,2026-05-31,337.9347685185185,91.24641299841912,2.0823188405797106,4.7816666666667516,9.42333333333329,0.0,0.0,162.0,1.0,0.0,raw_source,raw_level
price_family_ma12_structural_linked,structural_ma12,california__state,median_ppsf,level,162,2012-01-31,2026-05-31,337.9347685185185,91.24641299841912,2.0823188405797106,4.7816666666667516,9.42333333333329,0.0,0.0,162.0,1.0,0.0,structural_ma12,ma12_level
price_family_ma12_structural_linked,raw_source,california__state,median_sale_price,level,162,2012-01-31,2026-05-31,541347.8816872428,143932.20841331524,3237.977225672878,6833.333333333372,15000.0,0.0,0.0,162.0,1.0,0.0,raw_source,raw_level
price_family_ma12_structural_linked,structural_ma12,california__state,median_sale_price,level,162,2012-01-31,2026-05-31,541347.8816872428,143932.20841331524,3237.977225672878,6833.333333333372,15000.0,0.0,0.0,162.0,1.0,0.0,structural_ma12,ma12_level
price_family_ma12_structural_linked,raw_source,california_md_metro_area__cbsa_metro,median_ppsf,level,160,2012-01-31,2026-03-31,148.95258071417553,25.535995734559478,0.7081811243244222,1.5744243567333347,2.7791990394999857,0.0,0.0,160.0,1.0,0.0,raw_source,raw_level
price_family_ma12_structural_linked,structural_ma12,california_md_metro_area__cbsa_metro,median_ppsf,level,160,2012-01-31,2026-03-31,148.95258071417553,25.535995734559478,0.7081811243244222,1.5744243567333347,2.7791990394999857,0.0,0.0,160.0,1.0,0.0,structural_ma12,ma12_level
price_family_ma12_structural_linked,raw_source,california_md_metro_area__cbsa_metro,median_sale_price,level,160,2012-01-31,2026-03-31,313982.23489583336,58298.15540774389,1789.4347484276718,3561.6666666666356,5995.833333333343,0.0,0.0,160.0,0.9999999999999999,0.0,raw_source,raw_level
price_family_ma12_structural_linked,structural_ma12,california_md_metro_area__cbsa_metro,median_sale_price,level,160,2012-01-31,2026-03-31,313982.23489583336,58298.15540774389,1789.4347484276718,3561.6666666666356,5995.833333333343,0.0,0.0,160.0,0.9999999999999999,0.0,structural_ma12,ma12_level
price_family_ma12_structural_linked,raw_source,calvert_county_md__county,median_ppsf,level,162,2012-01-31,2026-05-31,166.34054481705763,26.98073955926701,0.8129791751159413,1.7291666666666856,2.89916666666673,0.0,0.0,162.0,1.0,0.0,raw_source,raw_level
price_family_ma12_structural_linked,structural_ma12,calvert_county_md__county,median_ppsf,level,162,2012-01-31,2026-05-31,166.34054481705763,26.98073955926701,0.8129791751159413,1.7291666666666856,2.89916666666673,0.0,0.0,162.0,1.0,0.0,structural_ma12,ma12_level
price_family_ma12_structural_linked,raw_source,calvert_county_md__county,median_sale_price,level,162,2012-01-31,2026-05-31,352299.1044238683,64348.57693495484,2439.8473084886095,5208.333333333314,10000.0,0.0,0.0,162.0,1.0,0.0,raw_source,raw_level
price_family_ma12_structural_linked,structural_ma12,calvert_county_md__county,median_sale_price,level,162,2012-01-31,2026-05-31,352299.1044238683,64348.57693495484,2439.8473084886095,5208.333333333314,10000.0,0.0,0.0,162.0,1.0,0.0,structural_ma12,ma12_level
price_family_ma12_structural_linked,raw_source,cambridge_md_metro_area__cbsa_metro,median_ppsf,level,160,2012-01-31,2026-03-31,116.63732789942082,34.3569067815931,1.1324729508354294,2.2693036877666635,3.407153226833316,0.0,0.0,160.0,1.0,0.0,raw_source,raw_level
price_family_ma12_structural_linked,structural_ma12,cambridge_md_metro_area__cbsa_metro,median_ppsf,level,160,2012-01-31,2026-03-31,116.63732789942082,34.3569067815931,1.1324729508354294,2.2693036877666635,3.407153226833316,0.0,0.0,160.0,1.0,0.0,structural_ma12,ma12_level
price_family_ma12_structural_linked,raw_source,cambridge_md_metro_area__cbsa_metro,median_sale_price,level,160,2012-01-31,2026-03-31,188968.67760416667,54639.734080581664,2242.7914046121587,4799.916666666672,8020.833333333343,0.0,0.0,160.0,1.0,0.0,raw_source,raw_level
price_family_ma12_structural_linked,structural_ma12,cambridge_md_metro_area__cbsa_metro,median_sale_price,level,160,2012-01-31,2026-03-31,188968.67760416667,54639.734080581664,2242.7914046121587,4799.916666666672,8020.833333333343,0.0,0.0,160.0,1.0,0.0,structural_ma12,ma12_level
price_family_ma12_structural_linked,raw_source,camden_county_nj__county,median_ppsf,level,161,2012-02-29,2026-05-31,134.91873713193115,43.282392292108014,0.8650910461348953,2.0740833333333284,2.6666666666666856,0.0,0.0,161.0,1.0,0.0,raw_source,raw_level
price_family_ma12_structural_linked,structural_ma12,camden_county_nj__county,median_ppsf,level,161,2012-02-29,2026-05-31,134.91873713193115,43.282392292108014,0.8650910461348953,2.0740833333333284,2.6666666666666856,0.0,0.0,161.0,1.0,0.0,structural_ma12,ma12_level
price_family_ma12_structural_linked,raw_source,camden_county_nj__county,median_sale_price,level,161,2012-02-29,2026-05-31,214227.11956521738,69003.04481754598,1490.0223958333338,3174.1666666666565,4383.333333333343,0.0,0.0,161.0,0.9999999999999998,0.0,raw_source,raw_level
price_family_ma12_structural_linked,structural_ma12,camden_county_nj__county,median_sale_price,level,161,2012-02-29,2026-05-31,214227.11956521738,69003.04481754598,1490.0223958333338,3174.1666666666565,4383.333333333343,0.0,0.0,161.0,0.9999999999999998,0.0,structural_ma12,ma12_level
price_family_ma12_structural_linked,raw_source,camden_nj_metro_area__cbsa_metro,median_ppsf,level,162,2012-01-31,2026-05-31,142.0724022633745,42.18216968865792,0.7703519668737058,1.8891666666666538,2.448333333333352,0.0,0.0,162.0,1.0,0.0,raw_source,raw_level
price_family_ma12_structural_linked,structural_ma12,camden_nj_metro_area__cbsa_metro,median_ppsf,level,162,2012-01-31,2026-05-31,142.0724022633745,42.18216968865792,0.7703519668737058,1.8891666666666538,2.448333333333352,0.0,0.0,162.0,1.0,0.0,structural_ma12,ma12_level
price_family_ma12_structural_linked,raw_source,camden_nj_metro_area__cbsa_metro,median_sale_price,level,162,2012-01-31,2026-05-31,231197.50977366258,70146.60948259303,1410.6350931677016,3166.666666666657,4500.0,0.0,0.0,162.0,1.0,0.0,raw_source,raw_level
price_family_ma12_structural_linked,structural_ma12,camden_nj_metro_area__cbsa_metro,median_sale_price,level,162,2012-01-31,2026-05-31,231197.50977366258,70146.60948259303,1410.6350931677016,3166.666666666657,4500.0,0.0,0.0,162.0,1.0,0.0,structural_ma12,ma12_level
price_family_ma12_structural_linked,raw_source,campbell_county_va__county,median_ppsf,level,157,2012-01-31,2026-05-31,119.42901440974256,30.919820289197766,1.2626255473750008,2.6116010813333332,12.87395484258333,0.0,0.0,157.0,1.0,0.0,raw_source,raw_level
price_family_ma12_structural_linked,structural_ma12,campbell_county_va__county,median_ppsf,level,157,2012-01-31,2026-05-31,119.42901440974256,30.919820289197766,1.2626255473750008,2.6116010813333332,12.87395484258333,0.0,0.0,157.0,1.0,0.0,structural_ma12,ma12_level
price_family_ma12_structural_linked,raw_source,campbell_county_va__county,median_sale_price,level,157,2012-01-31,2026-05-31,203255.47797239915,51349.80634469587,1809.185630341879,4555.75,10722.916666666686,0.0,0.0,157.0,1.0,0.0,raw_source,raw_level
price_family_ma12_structural_linked,structural_ma12,campbell_county_va__county,median_sale_price,level,157,2012-01-31,2026-05-31,203255.47797239915,51349.80634469587,1809.185630341879,4555.75,10722.916666666686,0.0,0.0,157.0,1.0,0.0,structural_ma12,ma12_level
price_family_ma12_structural_linked,raw_source,cape_may_county_nj__county,median_ppsf,level,162,2012-01-31,2026-05-31,339.64535536413683,111.34206294327484,2.9373259785046577,7.005833333333328,13.337499999999977,0.0,0.0,162.0,1.0,0.0,raw_source,raw_level
price_family_ma12_structural_linked,structural_ma12,cape_may_county_nj__county,median_ppsf,level,162,2012-01-31,2026-05-31,339.64535536413683,111.34206294327484,2.9373259785046577,7.005833333333328,13.337499999999977,0.0,0.0,162.0,1.0,0.0,structural_ma12,ma12_level
price_family_ma12_structural_linked,raw_source,cape_may_county_nj__county,median_sale_price,level,162,2012-01-31,2026-05-31,463271.2088477366,127512.73381071152,4273.727743271223,8704.166666666628,18750.0,0.0,0.0,162.0,0.9999999999999999,0.0,raw_source,raw_level
price_family_ma12_structural_linked,structural_ma12,cape_may_county_nj__county,median_sale_price,level,162,2012-01-31,2026-05-31,463271.2088477366,127512.73381071152,4273.727743271223,8704.166666666628,18750.0,0.0,0.0,162.0,0.9999999999999999,0.0,structural_ma12,ma12_level
price_family_ma12_structural_linked,raw_source,carroll_county_md__county,median_ppsf,level,162,2012-01-31,2026-05-31,173.15783102835545,27.89068504674871,0.7407395651656309,1.636666666666713,2.155000000000001,0.0,0.0,162.0,1.0,0.0,raw_source,raw_level
price_family_ma12_structural_linked,structural_ma12,carroll_county_md__county,median_ppsf,level,162,2012-01-31,2026-05-31,173.15783102835545,27.89068504674871,0.7407395651656309,1.636666666666713,2.155000000000001,0.0,0.0,162.0,1.0,0.0,structural_ma12,ma12_level
price_family_ma12_structural_linked,raw_source,carroll_county_md__county,median_sale_price,level,162,2012-01-31,2026-05-31,349497.8482510288,69311.702749656,1760.1268115942048,3770.833333333314,6250.0,0.0,0.0,162.0,1.0,0.0,raw_source,raw_level
price_family_ma12_structural_linked,structural_ma12,carroll_county_md__county,median_sale_price,level,162,2012-01-31,2026-05-31,349497.8482510288,69311.702749656,1760.1268115942048,3770.833333333314,6250.0,0.0,0.0,162.0,1.0,0.0,structural_ma12,ma12_level
price_family_ma12_structural_linked,raw_source,charles_city_county_va__county,median_ppsf,level,154,2012-01-31,2026-05-31,142.74143453584307,40.915950097518504,3.1335768184645945,6.309546077850029,12.174953314666666,0.0,0.0,154.0,1.0,0.0,raw_source,raw_level
price_family_ma12_structural_linked,structural_ma12,charles_city_county_va__county,median_ppsf,level,154,2012-01-31,2026-05-31,142.74143453584307,40.915950097518504,3.1335768184645945,6.309546077850029,12.174953314666666,0.0,0.0,154.0,1.0,0.0,structural_ma12,ma12_level
price_family_ma12_structural_linked,raw_source,charles_city_county_va__county,median_sale_price,level,154,2012-01-31,2026-05-31,226617.35606060608,59450.22156768152,8033.730936819173,18291.666666666675,71874.99999999997,0.0,0.0,154.0,1.0,0.0,raw_source,raw_level
price_family_ma12_structural_linked,structural_ma12,charles_city_county_va__county,median_sale_price,level,154,2012-01-31,2026-05-31,226617.35606060608,59450.22156768152,8033.730936819173,18291.666666666675,71874.99999999997,0.0,0.0,154.0,1.0,0.0,structural_ma12,ma12_level
price_family_ma12_structural_linked,raw_source,charles_county_md__county,median_ppsf,level,162,2012-01-31,2026-05-31,156.55723379136472,32.3922386286328,0.6826365041169767,1.5058333333332712,2.603333333333353,0.0,0.0,162.0,1.0,0.0,raw_source,raw_level
price_family_ma12_structural_linked,structural_ma12,charles_county_md__county,median_ppsf,level,162,2012-01-31,2026-05-31,156.55723379136472,32.3922386286328,0.6826365041169767,1.5058333333332712,2.603333333333353,0.0,0.0,162.0,1.0,0.0,structural_ma12,ma12_level
price_family_ma12_structural_linked,raw_source,charles_county_md__county,median_sale_price,level,162,2012-01-31,2026-05-31,330261.2978395062,76945.36657130034,1574.3141821946178,3333.333333333343,5583.333333333314,0.0,0.0,162.0,1.0,0.0,raw_source,raw_level
price_family_ma12_structural_linked,structural_ma12,charles_county_md__county,median_sale_price,level,162,2012-01-31,2026-05-31,330261.2978395062,76945.36657130034,1574.3141821946178,3333.333333333343,5583.333333333314,0.0,0.0,162.0,1.0,0.0,structural_ma12,ma12_level
price_family_ma12_structural_linked,raw_source,charlottesville_va__county,median_ppsf,level,162,2012-01-31,2026-05-31,219.80831368177468,54.70895910494044,1.84812471281884,3.799166666666679,6.223333333333358,0.0,0.0,162.0,1.0,0.0,raw_source,raw_level
price_family_ma12_structural_linked,structural_ma12,charlottesville_va__county,median_ppsf,level,162,2012-01-31,2026-05-31,219.80831368177468,54.70895910494044,1.84812471281884,3.799166666666679,6.223333333333358,0.0,0.0,162.0,1.0,0.0,structural_ma12,ma12_level
price_family_ma12_structural_linked,raw_source,charlottesville_va__county,median_sale_price,level,162,2012-01-31,2026-05-31,355894.5740740741,90927.25549411483,3456.5289855072474,7208.333333333343,16104.166666666686,0.0,0.0,162.0,1.0,0.0,raw_source,raw_level
price_family_ma12_structural_linked,structural_ma12,charlottesville_va__county,median_sale_price,level,162,2012-01-31,2026-05-31,355894.5740740741,90927.25549411483,3456.5289855072474,7208.333333333343,16104.166666666686,0.0,0.0,162.0,1.0,0.0,structural_ma12,ma12_level
price_family_ma12_structural_linked,raw_source,charlottesville_va_metro_area__cbsa_metro,median_ppsf,level,160,2012-01-31,2026-03-31,172.2723319070479,39.26203873740203,0.82110451993763,1.7699453047000029,2.97285278166666,0.0,0.0,160.0,1.0,0.0,raw_source,raw_level
price_family_ma12_structural_linked,structural_ma12,charlottesville_va_metro_area__cbsa_metro,median_ppsf,level,160,2012-01-31,2026-03-31,172.2723319070479,39.26203873740203,0.82110451993763,1.7699453047000029,2.97285278166666,0.0,0.0,160.0,1.0,0.0,structural_ma12,ma12_level
price_family_ma12_structural_linked,raw_source,charlottesville_va_metro_area__cbsa_metro,median_sale_price,level,160,2012-01-31,2026-03-31,341553.0997395833,77866.39702953909,1872.7193396226423,4512.500000000001,6250.0,0.0,0.0,160.0,1.0,0.0,raw_source,raw_level
price_family_ma12_structural_linked,structural_ma12,charlottesville_va_metro_area__cbsa_metro,median_sale_price,level,160,2012-01-31,2026-03-31,341553.0997395833,77866.39702953909,1872.7193396226423,4512.500000000001,6250.0,0.0,0.0,160.0,1.0,0.0,structural_ma12,ma12_level
price_family_ma12_structural_linked,raw_source,chesapeake_va__county,median_ppsf,level,137,2014-02-28,2026-05-31,160.51864316077615,32.85159651012058,0.7157496796887253,1.618333333333311,2.0891666666666424,0.0,0.0,137.0,1.0,0.0,raw_source,raw_level
price_family_ma12_structural_linked,structural_ma12,chesapeake_va__county,median_ppsf,level,137,2014-02-28,2026-05-31,160.51864316077615,32.85159651012058,0.7157496796887253,1.618333333333311,2.0891666666666424,0.0,0.0,137.0,1.0,0.0,structural_ma12,ma12_level
price_family_ma12_structural_linked,raw_source,chesapeake_va__county,median_sale_price,level,137,2014-02-28,2026-05-31,311971.5374087591,54956.91225238881,1524.640624999999,3142.625,5318.083333333314,0.0,0.0,137.0,0.9999999999999999,0.0,raw_source,raw_level
price_family_ma12_structural_linked,structural_ma12,chesapeake_va__county,median_sale_price,level,137,2014-02-28,2026-05-31,311971.5374087591,54956.91225238881,1524.640624999999,3142.625,5318.083333333314,0.0,0.0,137.0,0.9999999999999999,0.0,structural_ma12,ma12_level
price_family_ma12_structural_linked,raw_source,chesterfield_county_va__county,median_ppsf,level,162,2012-01-31,2026-05-31,143.04951503400565,38.10237184113136,0.7311047227727744,1.5958333333333314,2.5533333333333417,0.0,0.0,162.0,1.0,0.0,raw_source,raw_level
price_family_ma12_structural_linked,structural_ma12,chesterfield_county_va__county,median_ppsf,level,162,2012-01-31,2026-05-31,143.04951503400565,38.10237184113136,0.7311047227727744,1.5958333333333314,2.5533333333333417,0.0,0.0,162.0,1.0,0.0,structural_ma12,ma12_level
price_family_ma12_structural_linked,raw_source,chesterfield_county_va__county,median_sale_price,level,162,2012-01-31,2026-05-31,289359.2662037037,76339.09500657856,1516.5113871635608,3371.416666666686,5250.0,0.0,0.0,162.0,1.0,0.0,raw_source,raw_level
price_family_ma12_structural_linked,structural_ma12,chesterfield_county_va__county,median_sale_price,level,162,2012-01-31,2026-05-31,289359.2662037037,76339.09500657856,1516.5113871635608,3371.416666666686,5250.0,0.0,0.0,162.0,1.0,0.0,structural_ma12,ma12_level
price_family_ma12_structural_linked,raw_source,chico_ca_metro_area__cbsa_metro,median_ppsf,level,160,2012-01-31,2026-03-31,205.69827981446824,54.93055774691386,1.3398925767594332,2.622563646416611,3.7242355202499766,0.0,0.0,160.0,1.0,0.0,raw_source,raw_level
price_family_ma12_structural_linked,structural_ma12,chico_ca_metro_area__cbsa_metro,median_ppsf,level,160,2012-01-31,2026-03-31,205.69827981446824,54.93055774691386,1.3398925767594332,2.622563646416611,3.7242355202499766,0.0,0.0,160.0,1.0,0.0,structural_ma12,ma12_level
price_family_ma12_structural_linked,raw_source,chico_ca_metro_area__cbsa_metro,median_sale_price,level,160,2012-01-31,2026-03-31,319399.39010416664,83163.86953225645,2172.689727463313,4391.666666666664,5750.0,0.0,0.0,160.0,1.0,0.0,raw_source,raw_level
price_family_ma12_structural_linked,structural_ma12,chico_ca_metro_area__cbsa_metro,median_sale_price,level,160,2012-01-31,2026-03-31,319399.39010416664,83163.86953225645,2172.689727463313,4391.666666666664,5750.0,0.0,0.0,160.0,1.0,0.0,structural_ma12,ma12_level
price_family_ma12_structural_linked,raw_source,clarke_county_va__county,median_ppsf,level,162,2012-01-31,2026-05-31,179.81957609967745,44.46430302616379,1.7430968546645975,3.9000000000000057,7.5566666666666436,0.0,0.0,162.0,1.0,0.0,raw_source,raw_level
price_family_ma12_structural_linked,structural_ma12,clarke_county_va__county,median_ppsf,level,162,2012-01-31,2026-05-31,179.81957609967745,44.46430302616379,1.7430968546645975,3.9000000000000057,7.5566666666666436,0.0,0.0,162.0,1.0,0.0,structural_ma12,ma12_level
price_family_ma12_structural_linked,raw_source,clarke_county_va__county,median_sale_price,level,162,2012-01-31,2026-05-31,401412.98919753084,100477.09088610875,5886.887681159419,12135.416666666628,19750.416666666686,0.0,0.0,162.0,1.0,0.0,raw_source,raw_level
price_family_ma12_structural_linked,structural_ma12,clarke_county_va__county,median_sale_price,level,162,2012-01-31,2026-05-31,401412.98919753084,100477.09088610875,5886.887681159419,12135.416666666628,19750.416666666686,0.0,0.0,162.0,1.0,0.0,structural_ma12,ma12_level
price_family_ma12_structural_linked,raw_source,clearlake_ca_metro_area__cbsa_metro,median_ppsf,level,160,2012-01-31,2026-03-31,172.78828032268333,46.537122170279005,1.334102195962788,2.7066761164166646,4.38318899041667,0.0,0.0,160.0,1.0,0.0,raw_source,raw_level
price_family_ma12_structural_linked,structural_ma12,clearlake_ca_metro_area__cbsa_metro,median_ppsf,level,160,2012-01-31,2026-03-31,172.78828032268333,46.537122170279005,1.334102195962788,2.7066761164166646,4.38318899041667,0.0,0.0,160.0,1.0,0.0,structural_ma12,ma12_level
price_family_ma12_structural_linked,raw_source,clearlake_ca_metro_area__cbsa_metro,median_sale_price,level,160,2012-01-31,2026-03-31,256999.375,69518.90346820587,2210.53459119497,4591.6666666666515,7416.666666666657,0.0,0.0,160.0,1.0,0.0,raw_source,raw_level
price_family_ma12_structural_linked,structural_ma12,clearlake_ca_metro_area__cbsa_metro,median_sale_price,level,160,2012-01-31,2026-03-31,256999.375,69518.90346820587,2210.53459119497,4591.6666666666515,7416.666666666657,0.0,0.0,160.0,1.0,0.0,structural_ma12,ma12_level
price_family_ma12_structural_linked,raw_source,colonial_heights_va__county,median_ppsf,level,162,2012-01-31,2026-05-31,119.59728901768055,36.52701024667908,1.0334707806392343,2.048333333333318,4.590000000000003,0.0,0.0,162.0,1.0,0.0,raw_source,raw_level
price_family_ma12_structural_linked,structural_ma12,colonial_heights_va__county,median_ppsf,level,162,2012-01-31,2026-05-31,119.59728901768055,36.52701024667908,1.0334707806392343,2.048333333333318,4.590000000000003,0.0,0.0,162.0,1.0,0.0,structural_ma12,ma12_level
price_family_ma12_structural_linked,raw_source,colonial_heights_va__county,median_sale_price,level,162,2012-01-31,2026-05-31,184897.71836419753,56275.77583494965,2219.2989130434767,4375.0,11458.333333333314,0.0,0.0,162.0,1.0,0.0,raw_source,raw_level
price_family_ma12_structural_linked,structural_ma12,colonial_heights_va__county,median_sale_price,level,162,2012-01-31,2026-05-31,184897.71836419753,56275.77583494965,2219.2989130434767,4375.0,11458.333333333314,0.0,0.0,162.0,1.0,0.0,structural_ma12,ma12_level
price_family_ma12_structural_linked,raw_source,contra_costa_county_ca__county,median_ppsf,level,162,2012-01-31,2026-05-31,395.1239574804671,100.09096802409229,2.573018406092651,5.494166666666672,11.762500000000045,0.0,0.0,162.0,1.0,0.0,raw_source,raw_level
price_family_ma12_structural_linked,structural_ma12,contra_costa_county_ca__county,median_ppsf,level,162,2012-01-31,2026-05-31,395.1239574804671,100.09096802409229,2.573018406092651,5.494166666666672,11.762500000000045,0.0,0.0,162.0,1.0,0.0,structural_ma12,ma12_level
price_family_ma12_structural_linked,raw_source,contra_costa_county_ca__county,median_sale_price,level,162,2012-01-31,2026-05-31,626016.737654321,155486.7015663481,4059.791925465841,8333.333333333372,18750.0,0.0,0.0,162.0,0.9999999999999998,0.0,raw_source,raw_level
price_family_ma12_structural_linked,structural_ma12,contra_costa_county_ca__county,median_sale_price,level,162,2012-01-31,2026-05-31,626016.737654321,155486.7015663481,4059.791925465841,8333.333333333372,18750.0,0.0,0.0,162.0,0.9999999999999998,0.0,structural_ma12,ma12_level
price_family_ma12_structural_linked,raw_source,craig_county_va__county,median_ppsf,level,151,2012-01-31,2026-05-31,105.1959861304702,34.86540311962348,2.9535925155322214,5.955178982700018,17.211666666666645,0.0,0.0,151.0,1.0,0.0,raw_source,raw_level
price_family_ma12_structural_linked,structural_ma12,craig_county_va__county,median_ppsf,level,151,2012-01-31,2026-05-31,105.1959861304702,34.86540311962348,2.9535925155322214,5.955178982700018,17.211666666666645,0.0,0.0,151.0,1.0,0.0,structural_ma12,ma12_level
price_family_ma12_structural_linked,raw_source,craig_county_va__county,median_sale_price,level,151,2012-01-31,2026-05-31,199211.57312362033,71823.85601483806,7801.468611111111,17428.33333333333,67500.0,0.0,0.0,151.0,0.9999999999999998,0.0,raw_source,raw_level
price_family_ma12_structural_linked,structural_ma12,craig_county_va__county,median_sale_price,level,151,2012-01-31,2026-05-31,199211.57312362033,71823.85601483806,7801.468611111111,17428.33333333333,67500.0,0.0,0.0,151.0,0.9999999999999998,0.0,structural_ma12,ma12_level
price_family_ma12_structural_linked,raw_source,crescent_city_ca_metro_area__cbsa_metro,median_ppsf,level,160,2012-01-31,2026-03-31,170.90324142030835,50.39365167694729,2.2376280115435008,4.739854248600006,9.59505772,0.0,0.0,160.0,1.0,0.0,raw_source,raw_level
price_family_ma12_structural_linked,structural_ma12,crescent_city_ca_metro_area__cbsa_metro,median_ppsf,level,160,2012-01-31,2026-03-31,170.90324142030835,50.39365167694729,2.2376280115435008,4.739854248600006,9.59505772,0.0,0.0,160.0,1.0,0.0,structural_ma12,ma12_level
price_family_ma12_structural_linked,raw_source,crescent_city_ca_metro_area__cbsa_metro,median_sale_price,level,160,2012-01-31,2026-03-31,266199.58541666664,73563.23097643662,5077.914570230609,10982.499999999987,24291.666666666686,0.0,0.0,160.0,1.0,0.0,raw_source,raw_level
price_family_ma12_structural_linked,structural_ma12,crescent_city_ca_metro_area__cbsa_metro,median_sale_price,level,160,2012-01-31,2026-03-31,266199.58541666664,73563.23097643662,5077.914570230609,10982.499999999987,24291.666666666686,0.0,0.0,160.0,1.0,0.0,structural_ma12,ma12_level
price_family_ma12_structural_linked,raw_source,culpeper_county_va__county,median_ppsf,level,162,2012-01-31,2026-05-31,152.776050173643,39.209228235590146,1.1681445734213227,2.4408333333333587,3.5049999999999955,0.0,0.0,162.0,1.0,0.0,raw_source,raw_level
price_family_ma12_structural_linked,structural_ma12,culpeper_county_va__county,median_ppsf,level,162,2012-01-31,2026-05-31,152.776050173643,39.209228235590146,1.1681445734213227,2.4408333333333587,3.5049999999999955,0.0,0.0,162.0,1.0,0.0,structural_ma12,ma12_level
price_family_ma12_structural_linked,raw_source,culpeper_county_va__county,median_sale_price,level,162,2012-01-31,2026-05-31,337771.1455761317,96045.93890262528,2533.6677018633527,5408.333333333314,12500.0,0.0,0.0,162.0,0.9999999999999999,0.0,raw_source,raw_level
price_family_ma12_structural_linked,structural_ma12,culpeper_county_va__county,median_sale_price,level,162,2012-01-31,2026-05-31,337771.1455761317,96045.93890262528,2533.6677018633527,5408.333333333314,12500.0,0.0,0.0,162.0,0.9999999999999999,0.0,structural_ma12,ma12_level
price_family_ma12_structural_linked,raw_source,cumberland_county_nj__county,median_ppsf,level,162,2012-01-31,2026-05-31,112.11652524521963,37.12478480830291,1.0185696447246377,2.106666666666655,3.2233333333333434,0.0,0.0,162.0,1.0,0.0,raw_source,raw_level
price_family_ma12_structural_linked,structural_ma12,cumberland_county_nj__county,median_ppsf,level,162,2012-01-31,2026-05-31,112.11652524521963,37.12478480830291,1.0185696447246377,2.106666666666655,3.2233333333333434,0.0,0.0,162.0,1.0,0.0,structural_ma12,ma12_level
price_family_ma12_structural_linked,raw_source,cumberland_county_nj__county,median_sale_price,level,162,2012-01-31,2026-05-31,163996.22736625513,51610.13962209476,1494.297101449275,3125.0,5416.666666666657,0.0,0.0,162.0,1.0,0.0,raw_source,raw_level
price_family_ma12_structural_linked,structural_ma12,cumberland_county_nj__county,median_sale_price,level,162,2012-01-31,2026-05-31,163996.22736625513,51610.13962209476,1494.297101449275,3125.0,5416.666666666657,0.0,0.0,162.0,1.0,0.0,structural_ma12,ma12_level
price_family_ma12_structural_linked,raw_source,cumberland_md_metro_area__cbsa_metro,median_ppsf,level,160,2012-01-31,2026-03-31,73.93958345879115,15.634590090385151,0.6097467123039834,1.2565765235833426,3.669792357250003,0.0,0.0,160.0,1.0,0.0,raw_source,raw_level
price_family_ma12_structural_linked,structural_ma12,cumberland_md_metro_area__cbsa_metro,median_ppsf,level,160,2012-01-31,2026-03-31,73.93958345879115,15.634590090385151,0.6097467123039834,1.2565765235833426,3.669792357250003,0.0,0.0,160.0,1.0,0.0,structural_ma12,ma12_level
price_family_ma12_structural_linked,raw_source,cumberland_md_metro_area__cbsa_metro,median_sale_price,level,160,2012-01-31,2026-03-31,113423.72708333333,23873.91130805391,1179.3637316561844,2480.0000000000005,4562.5,0.0,0.0,160.0,1.0,0.0,raw_source,raw_level
price_family_ma12_structural_linked,structural_ma12,cumberland_md_metro_area__cbsa_metro,median_sale_price,level,160,2012-01-31,2026-03-31,113423.72708333333,23873.91130805391,1179.3637316561844,2480.0000000000005,4562.5,0.0,0.0,160.0,1.0,0.0,structural_ma12,ma12_level
price_family_ma12_structural_linked,raw_source,danville_va__county,median_ppsf,level,162,2012-01-31,2026-05-31,58.139250090969654,22.66598624505005,0.8825337830062112,1.7366666666666646,3.251666666666665,0.0,0.0,162.0,1.0,0.0,raw_source,raw_level
price_family_ma12_structural_linked,structural_ma12,danville_va__county,median_ppsf,level,162,2012-01-31,2026-05-31,58.139250090969654,22.66598624505005,0.8825337830062112,1.7366666666666646,3.251666666666665,0.0,0.0,162.0,1.0,0.0,structural_ma12,ma12_level
price_family_ma12_structural_linked,raw_source,danville_va__county,median_sale_price,level,162,2012-01-31,2026-05-31,91737.11574074074,31161.754552529925,2008.9290890269153,4250.0,6325.0,0.0,0.0,162.0,1.0,0.0,raw_source,raw_level
price_family_ma12_structural_linked,structural_ma12,danville_va__county,median_sale_price,level,162,2012-01-31,2026-05-31,91737.11574074074,31161.754552529925,2008.9290890269153,4250.0,6325.0,0.0,0.0,162.0,1.0,0.0,structural_ma12,ma12_level
price_family_ma12_structural_linked,raw_source,danville_va_metro_area__cbsa_metro,median_ppsf,level,160,2012-01-31,2026-03-31,71.76819796096511,22.854840978702594,0.8295538891860588,1.6471594454999976,3.2521498002499953,0.0,0.0,160.0,1.0,0.0,raw_source,raw_level
price_family_ma12_structural_linked,structural_ma12,danville_va_metro_area__cbsa_metro,median_ppsf,level,160,2012-01-31,2026-03-31,71.76819796096511,22.854840978702594,0.8295538891860588,1.6471594454999976,3.2521498002499953,0.0,0.0,160.0,1.0,0.0,structural_ma12,ma12_level
price_family_ma12_structural_linked,raw_source,danville_va_metro_area__cbsa_metro,median_sale_price,level,160,2012-01-31,2026-03-31,119965.00234375,34308.58521791738,1698.0474318658282,3577.5,5549.041666666657,0.0,0.0,160.0,1.0,0.0,raw_source,raw_level
price_family_ma12_structural_linked,structural_ma12,danville_va_metro_area__cbsa_metro,median_sale_price,level,160,2012-01-31,2026-03-31,119965.00234375,34308.58521791738,1698.0474318658282,3577.5,5549.041666666657,0.0,0.0,160.0,1.0,0.0,structural_ma12,ma12_level
price_family_ma12_structural_linked,raw_source,del_norte_county_ca__county,median_ppsf,level,162,2012-01-31,2026-05-31,171.8148527240391,50.74304292398111,2.243686592018633,4.753310027333356,9.59505772,0.0,0.0,162.0,1.0,0.0,raw_source,raw_level
price_family_ma12_structural_linked,structural_ma12,del_norte_county_ca__county,median_ppsf,level,162,2012-01-31,2026-05-31,171.8148527240391,50.74304292398111,2.243686592018633,4.753310027333356,9.59505772,0.0,0.0,162.0,1.0,0.0,structural_ma12,ma12_level
price_family_ma12_structural_linked,raw_source,del_norte_county_ca__county,median_sale_price,level,162,2012-01-31,2026-05-31,267708.808127572,74349.5954715486,5087.444099378883,10936.458333333314,24291.666666666686,0.0,0.0,162.0,1.0,0.0,raw_source,raw_level
price_family_ma12_structural_linked,structural_ma12,del_norte_county_ca__county,median_sale_price,level,162,2012-01-31,2026-05-31,267708.808127572,74349.5954715486,5087.444099378883,10936.458333333314,24291.666666666686,0.0,0.0,162.0,1.0,0.0,structural_ma12,ma12_level
price_family_ma12_structural_linked,raw_source,dinwiddie_county_va__county,median_ppsf,level,162,2012-01-31,2026-05-31,131.81590359054476,40.311873430828484,1.1705426654694604,2.3366666666666447,4.201666666666682,0.0,0.0,162.0,1.0,0.0,raw_source,raw_level
price_family_ma12_structural_linked,structural_ma12,dinwiddie_county_va__county,median_ppsf,level,162,2012-01-31,2026-05-31,131.81590359054476,40.311873430828484,1.1705426654694604,2.3366666666666447,4.201666666666682,0.0,0.0,162.0,1.0,0.0,structural_ma12,ma12_level
price_family_ma12_structural_linked,raw_source,dinwiddie_county_va__county,median_sale_price,level,162,2012-01-31,2026-05-31,200885.38940329218,58619.71066379765,1877.0843685300206,3687.5,6291.666666666657,0.0,0.0,162.0,1.0,0.0,raw_source,raw_level
price_family_ma12_structural_linked,structural_ma12,dinwiddie_county_va__county,median_sale_price,level,162,2012-01-31,2026-05-31,200885.38940329218,58619.71066379765,1877.0843685300206,3687.5,6291.666666666657,0.0,0.0,162.0,1.0,0.0,structural_ma12,ma12_level
price_family_ma12_structural_linked,raw_source,district_of_columbia__state,median_ppsf,level,162,2012-01-31,2026-05-31,478.4054578189301,36.570532133679365,1.7005952380952432,3.652499999999975,6.588333333333253,0.0,0.0,162.0,1.0,0.0,raw_source,raw_level
price_family_ma12_structural_linked,structural_ma12,district_of_columbia__state,median_ppsf,level,162,2012-01-31,2026-05-31,478.4054578189301,36.570532133679365,1.7005952380952432,3.652499999999975,6.588333333333253,0.0,0.0,162.0,1.0,0.0,structural_ma12,ma12_level
price_family_ma12_structural_linked,raw_source,district_of_columbia__state,median_sale_price,level,162,2012-01-31,2026-05-31,580105.3976337449,72739.30189323168,2730.2779503105585,5291.666666666686,9166.666666666744,0.0,0.0,162.0,1.0,0.0,raw_source,raw_level
price_family_ma12_structural_linked,structural_ma12,district_of_columbia__state,median_sale_price,level,162,2012-01-31,2026-05-31,580105.3976337449,72739.30189323168,2730.2779503105585,5291.666666666686,9166.666666666744,0.0,0.0,162.0,1.0,0.0,structural_ma12,ma12_level
price_family_ma12_structural_linked,baseline,district_of_columbia_dc__county,median_ppsf,level,138,2014-12-31,2026-05-31,0.5501690026204107,0.42551459167993894,0.23991113246111753,0.5681582952815829,1.0333333333333334,0.11594202898550725,0.043478260869565216,127.0,0.6526166677262577,0.2536749509160268,normalized_feature,normalized_score
price_family_ma12_structural_linked,challenger,district_of_columbia_dc__county,median_ppsf,level,127,2015-11-30,2026-05-31,0.6980944392456657,0.31839506250407734,0.03366574402922043,0.0861501396589116,0.25143638850889194,0.007874015748031496,0.07086614173228346,127.0,0.6526166677262577,0.2536749509160268,normalized_feature,normalized_score
price_family_ma12_structural_linked,raw_source,district_of_columbia_dc__county,median_ppsf,level,162,2012-01-31,2026-05-31,478.39634776103446,36.632380136675216,1.7516288389472032,3.758333333333212,6.490833333333285,0.0,0.0,162.0,1.0,0.0,raw_source,raw_level
price_family_ma12_structural_linked,structural_ma12,district_of_columbia_dc__county,median_ppsf,level,162,2012-01-31,2026-05-31,478.39634776103446,36.632380136675216,1.7516288389472032,3.758333333333212,6.490833333333285,0.0,0.0,162.0,1.0,0.0,structural_ma12,ma12_level
price_family_ma12_structural_linked,baseline,district_of_columbia_dc__county,median_ppsf,long,126,2015-12-31,2026-05-31,-0.2600708118641931,0.5689606722716397,0.45403830874412937,0.9657874134296899,1.53,0.30952380952380953,0.06349206349206349,115.0,0.4695030595075061,0.47595196747728125,normalized_feature,normalized_score
price_family_ma12_structural_linked,challenger,district_of_columbia_dc__county,median_ppsf,long,115,2016-11-30,2026-05-31,-0.33046466203193225,0.6310553299385376,0.10738849891999953,0.28580309237478535,0.666470761093153,0.06956521739130435,0.008695652173913044,115.0,0.4695030595075061,0.47595196747728125,normalized_feature,normalized_score
price_family_ma12_structural_linked,baseline,district_of_columbia_dc__county,median_ppsf,short,137,2015-01-31,2026-05-31,-0.04087059561346632,0.5658896530443368,0.7238811984299584,1.4220538720538718,1.955,0.5766423357664233,0.10948905109489052,124.0,0.06466723703921692,0.6723344898728498,normalized_feature,normalized_score
price_family_ma12_structural_linked,challenger,district_of_columbia_dc__county,median_ppsf,short,124,2016-02-29,2026-05-31,-0.32385223188585527,0.571443567943854,0.1731695503362548,0.386875229492546,0.6666666666666667,0.06451612903225806,0.056451612903225805,124.0,0.06466723703921692,0.6723344898728498,normalized_feature,normalized_score
price_family_ma12_structural_linked,baseline,district_of_columbia_dc__county,median_sale_price,level,138,2014-12-31,2026-05-31,0.7111575730562935,0.28474313148576774,0.22278417263862127,0.5594970161977836,0.9500000000000001,0.057971014492753624,0.043478260869565216,127.0,0.4188128804006334,0.20131147742776714,normalized_feature,normalized_score
price_family_ma12_structural_linked,challenger,district_of_columbia_dc__county,median_sale_price,level,127,2015-11-30,2026-05-31,0.8586820190845029,0.17418576846203887,0.023381138851818428,0.0681077694235589,0.21971153846153846,0.0,0.0,127.0,0.4188128804006334,0.20131147742776714,normalized_feature,normalized_score
price_family_ma12_structural_linked,raw_source,district_of_columbia_dc__county,median_sale_price,level,162,2012-01-31,2026-05-31,579977.7386831276,72771.78996436215,2732.1987577639757,5412.5,9166.666666666744,0.0,0.0,162.0,1.0,0.0,raw_source,raw_level
price_family_ma12_structural_linked,structural_ma12,district_of_columbia_dc__county,median_sale_price,level,162,2012-01-31,2026-05-31,579977.7386831276,72771.78996436215,2732.1987577639757,5412.5,9166.666666666744,0.0,0.0,162.0,1.0,0.0,structural_ma12,ma12_level
price_family_ma12_structural_linked,baseline,district_of_columbia_dc__county,median_sale_price,long,126,2015-12-31,2026-05-31,-0.17079477339991184,0.6293087261973368,0.615819326932185,1.3973324905183313,1.8966666666666665,0.40476190476190477,0.1111111111111111,115.0,0.5438180345376622,0.43901380895111364,normalized_feature,normalized_score
price_family_ma12_structural_linked,challenger,district_of_columbia_dc__county,median_sale_price,long,115,2016-11-30,2026-05-31,-0.27585264336953796,0.5982648827356895,0.15058143872072305,0.4066516516516519,1.0539811066126856,0.10434782608695652,0.09565217391304348,115.0,0.5438180345376622,0.43901380895111364,normalized_feature,normalized_score
price_family_ma12_structural_linked,baseline,district_of_columbia_dc__county,median_sale_price,short,137,2015-01-31,2026-05-31,-0.02181060854243864,0.6174597985381041,0.7587296323083504,1.6172555648495117,1.9466666666666668,0.5328467153284672,0.0948905109489051,124.0,-0.013903780714097536,0.7094390148705517,normalized_feature,normalized_score
price_family_ma12_structural_linked,challenger,district_of_columbia_dc__county,median_sale_price,short,124,2016-02-29,2026-05-31,-0.2144662449213268,0.6145804550543336,0.30841451167030326,0.7775638618045204,1.2960213211498193,0.24193548387096775,0.08870967741935484,124.0,-0.013903780714097536,0.7094390148705517,normalized_feature,normalized_score
price_family_ma12_structural_linked,baseline,district_of_columbia_dc__county,payment_burden,level,127,2015-11-30,2026-05-31,-0.11975338433134275,0.657620381203909,0.299891643440008,0.6833333333333333,1.317102615694165,0.1968503937007874,0.06299212598425197,127.0,0.8705016704839192,0.2405559363382511,normalized_feature,normalized_score
price_family_ma12_structural_linked,challenger,district_of_columbia_dc__county,payment_burden,level,127,2015-11-30,2026-05-31,-0.10848364957226302,0.6674426492108813,0.10884509030337272,0.33827520487897844,0.9389041095890411,0.06299212598425197,0.03937007874015748,127.0,0.8705016704839192,0.2405559363382511,normalized_feature,normalized_score
price_family_ma12_structural_linked,baseline,district_of_columbia_dc__county,payment_burden,long,115,2016-11-30,2026-05-31,-0.06988345063360539,0.6301236075670908,0.3528120998186688,0.910423665546846,1.5,0.25217391304347825,0.0782608695652174,115.0,0.8718335562369748,0.222278030652891,normalized_feature,normalized_score
price_family_ma12_structural_linked,challenger,district_of_columbia_dc__county,payment_burden,long,115,2016-11-30,2026-05-31,-0.025137491712629318,0.6223444516048235,0.1466771795007723,0.35175791855203625,1.2091836734693877,0.13043478260869565,0.08695652173913043,115.0,0.8718335562369748,0.222278030652891,normalized_feature,normalized_score
price_family_ma12_structural_linked,baseline,district_of_columbia_dc__county,payment_burden,short,126,2015-12-31,2026-05-31,-0.005590053760660458,0.6214625964100917,0.6988985113627808,1.5644559559433706,1.8950419527078566,0.5079365079365079,0.1111111111111111,124.0,0.27065496966941005,0.5623587111416516,normalized_feature,normalized_score
price_family_ma12_structural_linked,challenger,district_of_columbia_dc__county,payment_burden,short,124,2016-02-29,2026-05-31,-0.011595543450903861,0.6051413950437704,0.2915987614452041,0.7361279304455828,1.9287179487179487,0.21774193548387097,0.08870967741935484,124.0,0.27065496966941005,0.5623587111416516,normalized_feature,normalized_score
price_family_ma12_structural_linked,baseline,district_of_columbia_dc__county,price_to_income,level,127,2015-11-30,2026-05-31,0.24779419649942835,0.5906872877852641,0.3561953815118741,0.8052521008403362,1.3406806559689648,0.2440944881889764,0.07874015748031496,127.0,0.7576678546646228,0.3541342818109395,normalized_feature,normalized_score
price_family_ma12_structural_linked,challenger,district_of_columbia_dc__county,price_to_income,level,127,2015-11-30,2026-05-31,0.20452210804105914,0.7340276332829758,0.09818006001434607,0.16267171241553136,1.6666666666666667,0.03937007874015748,0.015748031496062992,127.0,0.7576678546646228,0.3541342818109395,normalized_feature,normalized_score
price_family_ma12_structural_linked,baseline,district_of_columbia_dc__county,price_to_income,long,115,2016-11-30,2026-05-31,0.04539146033448473,0.6830456767551727,0.522418480861649,1.283833252701177,1.8774358974358973,0.34782608695652173,0.06086956521739131,115.0,0.6764834449143408,0.3709437260672337,normalized_feature,normalized_score
price_family_ma12_structural_linked,challenger,district_of_columbia_dc__county,price_to_income,long,115,2016-11-30,2026-05-31,0.03743393746726439,0.6379511444153056,0.12232790867525094,0.21076923076923088,1.5105105105105106,0.0782608695652174,0.06956521739130435,115.0,0.6764834449143408,0.3709437260672337,normalized_feature,normalized_score
price_family_ma12_structural_linked,baseline,district_of_columbia_dc__county,price_to_income,short,126,2015-12-31,2026-05-31,0.004359889148484949,0.6155965773111737,0.734543520839934,1.6078563495001859,1.93,0.5396825396825397,0.09523809523809523,124.0,0.06545159538141626,0.6473749104056162,normalized_feature,normalized_score
price_family_ma12_structural_linked,challenger,district_of_columbia_dc__county,price_to_income,short,124,2016-02-29,2026-05-31,0.11325377734767625,0.5844403627677476,0.2893873216233439,0.7498470948012232,1.3839205058717252,0.20967741935483872,0.06451612903225806,124.0,0.06545159538141626,0.6473749104056162,normalized_feature,normalized_score
price_family_ma12_structural_linked,raw_source,dorchester_county_md__county,median_ppsf,level,162,2012-01-31,2026-05-31,117.42371749118468,34.580387161192164,1.1246283072831271,2.288333333333327,3.4066666666666663,0.0,0.0,162.0,1.0,0.0,raw_source,raw_level
price_family_ma12_structural_linked,structural_ma12,dorchester_county_md__county,median_ppsf,level,162,2012-01-31,2026-05-31,117.42371749118468,34.580387161192164,1.1246283072831271,2.288333333333327,3.4066666666666663,0.0,0.0,162.0,1.0,0.0,structural_ma12,ma12_level
price_family_ma12_structural_linked,raw_source,dorchester_county_md__county,median_sale_price,level,162,2012-01-31,2026-05-31,190363.60699588477,55048.93901897925,2221.249482401656,4666.666666666657,8333.333333333343,0.0,0.0,162.0,0.9999999999999999,0.0,raw_source,raw_level
price_family_ma12_structural_linked,structural_ma12,dorchester_county_md__county,median_sale_price,level,162,2012-01-31,2026-05-31,190363.60699588477,55048.93901897925,2221.249482401656,4666.666666666657,8333.333333333343,0.0,0.0,162.0,0.9999999999999999,0.0,structural_ma12,ma12_level
price_family_ma12_structural_linked,raw_source,easton_md_metro_area__cbsa_metro,median_ppsf,level,160,2012-01-31,2026-03-31,184.6771825224318,40.629033986086775,1.5006601421608998,3.009804163200006,5.778191614166644,0.0,0.0,160.0,0.9999999999999998,0.0,raw_source,raw_level
price_family_ma12_structural_linked,structural_ma12,easton_md_metro_area__cbsa_metro,median_ppsf,level,160,2012-01-31,2026-03-31,184.6771825224318,40.629033986086775,1.5006601421608998,3.009804163200006,5.778191614166644,0.0,0.0,160.0,0.9999999999999998,0.0,structural_ma12,ma12_level
price_family_ma12_structural_linked,raw_source,easton_md_metro_area__cbsa_metro,median_sale_price,level,160,2012-01-31,2026-03-31,371111.53541666665,81755.73028309137,4587.598008385745,9041.666666666697,22264.583333333372,0.0,0.0,160.0,1.0,0.0,raw_source,raw_level
price_family_ma12_structural_linked,structural_ma12,easton_md_metro_area__cbsa_metro,median_sale_price,level,160,2012-01-31,2026-03-31,371111.53541666665,81755.73028309137,4587.598008385745,9041.666666666697,22264.583333333372,0.0,0.0,160.0,1.0,0.0,structural_ma12,ma12_level
price_family_ma12_structural_linked,raw_source,el_centro_ca_metro_area__cbsa_metro,median_ppsf,level,160,2012-01-31,2026-03-31,151.49596683677655,53.99809685653616,1.2697420471907768,2.6995958394166455,5.103983221416655,0.0,0.0,160.0,1.0,0.0,raw_source,raw_level
price_family_ma12_structural_linked,structural_ma12,el_centro_ca_metro_area__cbsa_metro,median_ppsf,level,160,2012-01-31,2026-03-31,151.49596683677655,53.99809685653616,1.2697420471907768,2.6995958394166455,5.103983221416655,0.0,0.0,160.0,1.0,0.0,structural_ma12,ma12_level
price_family_ma12_structural_linked,raw_source,el_centro_ca_metro_area__cbsa_metro,median_sale_price,level,160,2012-01-31,2026-03-31,244018.00390625,87900.30894143495,2321.637578616353,4918.499999999995,9820.833333333343,0.0,0.0,160.0,1.0,0.0,raw_source,raw_level
price_family_ma12_structural_linked,structural_ma12,el_centro_ca_metro_area__cbsa_metro,median_sale_price,level,160,2012-01-31,2026-03-31,244018.00390625,87900.30894143495,2321.637578616353,4918.499999999995,9820.833333333343,0.0,0.0,160.0,1.0,0.0,structural_ma12,ma12_level
price_family_ma12_structural_linked,raw_source,el_dorado_county_ca__county,median_ppsf,level,162,2012-01-31,2026-05-31,263.5964142381862,64.75171521463675,1.551940836552795,3.409376138666687,5.800833333333344,0.0,0.0,162.0,1.0,0.0,raw_source,raw_level
price_family_ma12_structural_linked,structural_ma12,el_dorado_county_ca__county,median_ppsf,level,162,2012-01-31,2026-05-31,263.5964142381862,64.75171521463675,1.551940836552795,3.409376138666687,5.800833333333344,0.0,0.0,162.0,1.0,0.0,structural_ma12,ma12_level
price_family_ma12_structural_linked,raw_source,el_dorado_county_ca__county,median_sale_price,level,162,2012-01-31,2026-05-31,511337.9248971193,127100.95246659908,3637.827122153211,6916.666666666686,14250.0,0.0,0.0,162.0,1.0,0.0,raw_source,raw_level
price_family_ma12_structural_linked,structural_ma12,el_dorado_county_ca__county,median_sale_price,level,162,2012-01-31,2026-05-31,511337.9248971193,127100.95246659908,3637.827122153211,6916.666666666686,14250.0,0.0,0.0,162.0,1.0,0.0,structural_ma12,ma12_level
price_family_ma12_structural_linked,raw_source,essex_county_nj__county,median_ppsf,level,122,2015-05-31,2026-05-31,254.82493508963114,61.49534078526315,1.7919971921563391,3.5575000000000045,5.095000000000027,0.0,0.0,122.0,1.0,0.0,raw_source,raw_level
price_family_ma12_structural_linked,structural_ma12,essex_county_nj__county,median_ppsf,level,122,2015-05-31,2026-05-31,254.82493508963114,61.49534078526315,1.7919971921563391,3.5575000000000045,5.095000000000027,0.0,0.0,122.0,1.0,0.0,structural_ma12,ma12_level
price_family_ma12_structural_linked,raw_source,essex_county_nj__county,median_sale_price,level,122,2015-05-31,2026-05-31,457812.0833333333,123991.90826407596,3303.535812672177,7083.333333333314,9333.333333333314,0.0,0.0,122.0,1.0,0.0,raw_source,raw_level
price_family_ma12_structural_linked,structural_ma12,essex_county_nj__county,median_sale_price,level,122,2015-05-31,2026-05-31,457812.0833333333,123991.90826407596,3303.535812672177,7083.333333333314,9333.333333333314,0.0,0.0,122.0,1.0,0.0,structural_ma12,ma12_level
price_family_ma12_structural_linked,raw_source,eureka_ca_metro_area__cbsa_metro,median_ppsf,level,141,2012-05-31,2026-03-31,233.8949674163032,47.75656125360352,1.6405072047559521,3.782094130766662,10.616336015999991,0.0,0.0,141.0,1.0,0.0,raw_source,raw_level
price_family_ma12_structural_linked,structural_ma12,eureka_ca_metro_area__cbsa_metro,median_ppsf,level,141,2012-05-31,2026-03-31,233.8949674163032,47.75656125360352,1.6405072047559521,3.782094130766662,10.616336015999991,0.0,0.0,141.0,1.0,0.0,structural_ma12,ma12_level
price_family_ma12_structural_linked,raw_source,eureka_ca_metro_area__cbsa_metro,median_sale_price,level,142,2012-05-31,2026-03-31,343615.13967136154,65537.93283101337,2454.270094562649,5791.666666666686,18916.666666666657,0.0,0.0,142.0,1.0,0.0,raw_source,raw_level
price_family_ma12_structural_linked,structural_ma12,eureka_ca_metro_area__cbsa_metro,median_sale_price,level,142,2012-05-31,2026-03-31,343615.13967136154,65537.93283101337,2454.270094562649,5791.666666666686,18916.666666666657,0.0,0.0,142.0,1.0,0.0,structural_ma12,ma12_level
price_family_ma12_structural_linked,raw_source,fairfax_city_county_va__county,median_ppsf,level,162,2012-01-31,2026-05-31,269.63896968861627,34.529827477771114,1.7714888235564152,3.627499999999941,4.954196916083305,0.0,0.0,162.0,1.0,0.0,raw_source,raw_level
price_family_ma12_structural_linked,structural_ma12,fairfax_city_county_va__county,median_ppsf,level,162,2012-01-31,2026-05-31,269.63896968861627,34.529827477771114,1.7714888235564152,3.627499999999941,4.954196916083305,0.0,0.0,162.0,1.0,0.0,structural_ma12,ma12_level
price_family_ma12_structural_linked,raw_source,fairfax_city_county_va__county,median_sale_price,level,162,2012-01-31,2026-05-31,567106.3230452675,111293.61888375199,4290.154244306416,9166.666666666628,20750.0,0.0,0.0,162.0,1.0,0.0,raw_source,raw_level
price_family_ma12_structural_linked,structural_ma12,fairfax_city_county_va__county,median_sale_price,level,162,2012-01-31,2026-05-31,567106.3230452675,111293.61888375199,4290.154244306416,9166.666666666628,20750.0,0.0,0.0,162.0,1.0,0.0,structural_ma12,ma12_level
price_family_ma12_structural_linked,raw_source,fairfax_county_va__county,median_ppsf,level,162,2012-01-31,2026-05-31,280.6449731813781,41.76280104940546,0.917850236084366,1.9108333333333576,2.8408333333333076,0.0,0.0,162.0,1.0,0.0,raw_source,raw_level
price_family_ma12_structural_linked,structural_ma12,fairfax_county_va__county,median_ppsf,level,162,2012-01-31,2026-05-31,280.6449731813781,41.76280104940546,0.917850236084366,1.9108333333333576,2.8408333333333076,0.0,0.0,162.0,1.0,0.0,structural_ma12,ma12_level
price_family_ma12_structural_linked,raw_source,fairfax_county_va__county,median_sale_price,level,162,2012-01-31,2026-05-31,557784.4634773663,103964.63835099734,2218.2965838509326,4993.75,7500.0,0.0,0.0,162.0,1.0,0.0,raw_source,raw_level
price_family_ma12_structural_linked,structural_ma12,fairfax_county_va__county,median_sale_price,level,162,2012-01-31,2026-05-31,557784.4634773663,103964.63835099734,2218.2965838509326,4993.75,7500.0,0.0,0.0,162.0,1.0,0.0,structural_ma12,ma12_level
price_family_ma12_structural_linked,raw_source,falls_church_va__county,median_ppsf,level,162,2012-01-31,2026-05-31,402.8544869489388,53.34057934715894,4.701527078908384,9.775000000000034,28.734999999999957,0.0,0.0,162.0,1.0,0.0,raw_source,raw_level
price_family_ma12_structural_linked,structural_ma12,falls_church_va__county,median_ppsf,level,162,2012-01-31,2026-05-31,402.8544869489388,53.34057934715894,4.701527078908384,9.775000000000034,28.734999999999957,0.0,0.0,162.0,1.0,0.0,structural_ma12,ma12_level
price_family_ma12_structural_linked,raw_source,falls_church_va__county,median_sale_price,level,162,2012-01-31,2026-05-31,792880.175925926,144434.8095237753,14727.403726708075,27500.0,60633.75,0.0,0.0,162.0,0.9999999999999998,0.0,raw_source,raw_level
price_family_ma12_structural_linked,structural_ma12,falls_church_va__county,median_sale_price,level,162,2012-01-31,2026-05-31,792880.175925926,144434.8095237753,14727.403726708075,27500.0,60633.75,0.0,0.0,162.0,0.9999999999999998,0.0,structural_ma12,ma12_level
price_family_ma12_structural_linked,raw_source,fauquier_county_va__county,median_ppsf,level,162,2012-01-31,2026-05-31,183.91312300166874,38.50162417822366,1.1411281385062102,2.5383333333333553,4.265000000000015,0.0,0.0,162.0,0.9999999999999998,0.0,raw_source,raw_level
price_family_ma12_structural_linked,structural_ma12,fauquier_county_va__county,median_ppsf,level,162,2012-01-31,2026-05-31,183.91312300166874,38.50162417822366,1.1411281385062102,2.5383333333333553,4.265000000000015,0.0,0.0,162.0,0.9999999999999998,0.0,structural_ma12,ma12_level
price_family_ma12_structural_linked,raw_source,fauquier_county_va__county,median_sale_price,level,162,2012-01-31,2026-05-31,439199.96167695476,107865.3946927448,3357.0036231884055,6291.666666666628,16142.083333333372,0.0,0.0,162.0,1.0,0.0,raw_source,raw_level
price_family_ma12_structural_linked,structural_ma12,fauquier_county_va__county,median_sale_price,level,162,2012-01-31,2026-05-31,439199.96167695476,107865.3946927448,3357.0036231884055,6291.666666666628,16142.083333333372,0.0,0.0,162.0,1.0,0.0,structural_ma12,ma12_level
price_family_ma12_structural_linked,raw_source,fluvanna_county_va__county,median_ppsf,level,162,2012-01-31,2026-05-31,137.7107005393035,38.88730101155361,0.9115666146811586,2.056666666666672,3.197499999999991,0.0,0.0,162.0,1.0,0.0,raw_source,raw_level
price_family_ma12_structural_linked,structural_ma12,fluvanna_county_va__county,median_ppsf,level,162,2012-01-31,2026-05-31,137.7107005393035,38.88730101155361,0.9115666146811586,2.056666666666672,3.197499999999991,0.0,0.0,162.0,1.0,0.0,structural_ma12,ma12_level
price_family_ma12_structural_linked,raw_source,fluvanna_county_va__county,median_sale_price,level,162,2012-01-31,2026-05-31,256018.09413580247,70136.93663938144,2387.3884575569355,4750.0,7750.0,0.0,0.0,162.0,1.0,0.0,raw_source,raw_level
price_family_ma12_structural_linked,structural_ma12,fluvanna_county_va__county,median_sale_price,level,162,2012-01-31,2026-05-31,256018.09413580247,70136.93663938144,2387.3884575569355,4750.0,7750.0,0.0,0.0,162.0,1.0,0.0,structural_ma12,ma12_level
price_family_ma12_structural_linked,raw_source,franklin_city_county_va__county,median_ppsf,level,137,2014-02-28,2026-05-31,95.23221142565754,33.38336374906459,1.7055138820545366,3.8641666666666765,5.8516666666666595,0.0,0.0,137.0,1.0,0.0,raw_source,raw_level
price_family_ma12_structural_linked,structural_ma12,franklin_city_county_va__county,median_ppsf,level,137,2014-02-28,2026-05-31,95.23221142565754,33.38336374906459,1.7055138820545366,3.8641666666666765,5.8516666666666595,0.0,0.0,137.0,1.0,0.0,structural_ma12,ma12_level
price_family_ma12_structural_linked,raw_source,franklin_city_county_va__county,median_sale_price,level,137,2014-02-28,2026-05-31,179560.0130778589,55135.220114586846,4426.558210784315,9989.583333333336,18458.333333333314,0.0,0.0,137.0,1.0,0.0,raw_source,raw_level
price_family_ma12_structural_linked,structural_ma12,franklin_city_county_va__county,median_sale_price,level,137,2014-02-28,2026-05-31,179560.0130778589,55135.220114586846,4426.558210784315,9989.583333333336,18458.333333333314,0.0,0.0,137.0,1.0,0.0,structural_ma12,ma12_level
price_family_ma12_structural_linked,raw_source,franklin_county_va__county,median_ppsf,level,162,2012-01-31,2026-05-31,125.04669434924281,36.46104360728899,1.5243194706112844,3.1316666666666606,8.04583333333332,0.0,0.0,162.0,1.0,0.0,raw_source,raw_level
price_family_ma12_structural_linked,structural_ma12,franklin_county_va__county,median_ppsf,level,162,2012-01-31,2026-05-31,125.04669434924281,36.46104360728899,1.5243194706112844,3.1316666666666606,8.04583333333332,0.0,0.0,162.0,1.0,0.0,structural_ma12,ma12_level
price_family_ma12_structural_linked,raw_source,franklin_county_va__county,median_sale_price,level,162,2012-01-31,2026-05-31,284149.6517489712,78006.00327886146,3529.778985507246,7583.333333333343,12087.5,0.0,0.0,162.0,0.9999999999999998,0.0,raw_source,raw_level
price_family_ma12_structural_linked,structural_ma12,franklin_county_va__county,median_sale_price,level,162,2012-01-31,2026-05-31,284149.6517489712,78006.00327886146,3529.778985507246,7583.333333333343,12087.5,0.0,0.0,162.0,0.9999999999999998,0.0,structural_ma12,ma12_level
price_family_ma12_structural_linked,raw_source,frederick_county_md__county,median_ppsf,level,162,2012-01-31,2026-05-31,171.10568391699846,34.008781378900466,0.7572096243995865,1.857500000000016,2.748333333333335,0.0,0.0,162.0,1.0,0.0,raw_source,raw_level
price_family_ma12_structural_linked,structural_ma12,frederick_county_md__county,median_ppsf,level,162,2012-01-31,2026-05-31,171.10568391699846,34.008781378900466,0.7572096243995865,1.857500000000016,2.748333333333335,0.0,0.0,162.0,1.0,0.0,structural_ma12,ma12_level
price_family_ma12_structural_linked,raw_source,frederick_county_md__county,median_sale_price,level,162,2012-01-31,2026-05-31,352195.420781893,85084.84318656502,2055.043995859215,4170.833333333343,8333.333333333314,0.0,0.0,162.0,1.0,0.0,raw_source,raw_level
price_family_ma12_structural_linked,structural_ma12,frederick_county_md__county,median_sale_price,level,162,2012-01-31,2026-05-31,352195.420781893,85084.84318656502,2055.043995859215,4170.833333333343,8333.333333333314,0.0,0.0,162.0,1.0,0.0,structural_ma12,ma12_level
price_family_ma12_structural_linked,raw_source,frederick_county_va__county,median_ppsf,level,162,2012-01-31,2026-05-31,144.7993534035607,38.29018466534976,0.826121155387165,2.0124999999999886,3.1616666666666333,0.0,0.0,162.0,1.0,0.0,raw_source,raw_level
price_family_ma12_structural_linked,structural_ma12,frederick_county_va__county,median_ppsf,level,162,2012-01-31,2026-05-31,144.7993534035607,38.29018466534976,0.826121155387165,2.0124999999999886,3.1616666666666333,0.0,0.0,162.0,1.0,0.0,structural_ma12,ma12_level
price_family_ma12_structural_linked,raw_source,frederick_county_va__county,median_sale_price,level,162,2012-01-31,2026-05-31,296367.10030864197,82491.54449308447,1891.538819875777,3708.333333333343,6250.0,0.0,0.0,162.0,0.9999999999999998,0.0,raw_source,raw_level
price_family_ma12_structural_linked,structural_ma12,frederick_county_va__county,median_sale_price,level,162,2012-01-31,2026-05-31,296367.10030864197,82491.54449308447,1891.538819875777,3708.333333333343,6250.0,0.0,0.0,162.0,0.9999999999999998,0.0,structural_ma12,ma12_level
price_family_ma12_structural_linked,raw_source,frederick_md_metro_area__cbsa_metro,median_ppsf,level,162,2012-01-31,2026-05-31,220.2507355967078,30.530508744437103,0.7574430641821956,1.8591666666666526,2.8391666666666993,0.0,0.0,162.0,1.0,0.0,raw_source,raw_level
price_family_ma12_structural_linked,structural_ma12,frederick_md_metro_area__cbsa_metro,median_ppsf,level,162,2012-01-31,2026-05-31,220.2507355967078,30.530508744437103,0.7574430641821956,1.8591666666666526,2.8391666666666993,0.0,0.0,162.0,1.0,0.0,structural_ma12,ma12_level
price_family_ma12_structural_linked,raw_source,frederick_md_metro_area__cbsa_metro,median_sale_price,level,162,2012-01-31,2026-05-31,435752.9686213992,81438.52686133348,1780.7334368530023,3750.0,5833.333333333372,0.0,0.0,162.0,1.0,0.0,raw_source,raw_level
price_family_ma12_structural_linked,structural_ma12,frederick_md_metro_area__cbsa_metro,median_sale_price,level,162,2012-01-31,2026-05-31,435752.9686213992,81438.52686133348,1780.7334368530023,3750.0,5833.333333333372,0.0,0.0,162.0,1.0,0.0,structural_ma12,ma12_level
price_family_ma12_structural_linked,raw_source,fredericksburg_va__county,median_ppsf,level,162,2012-01-31,2026-05-31,171.48832311820422,41.73293495524381,1.6357794054824017,3.3741666666666674,5.758333333333326,0.0,0.0,162.0,1.0,0.0,raw_source,raw_level
price_family_ma12_structural_linked,structural_ma12,fredericksburg_va__county,median_ppsf,level,162,2012-01-31,2026-05-31,171.48832311820422,41.73293495524381,1.6357794054824017,3.3741666666666674,5.758333333333326,0.0,0.0,162.0,1.0,0.0,structural_ma12,ma12_level
price_family_ma12_structural_linked,raw_source,fredericksburg_va__county,median_sale_price,level,162,2012-01-31,2026-05-31,356226.6332304527,72709.60799900608,3541.4648033126296,6852.333333333314,15520.833333333314,0.0,0.0,162.0,1.0,0.0,raw_source,raw_level
price_family_ma12_structural_linked,structural_ma12,fredericksburg_va__county,median_sale_price,level,162,2012-01-31,2026-05-31,356226.6332304527,72709.60799900608,3541.4648033126296,6852.333333333314,15520.833333333314,0.0,0.0,162.0,1.0,0.0,structural_ma12,ma12_level
price_family_ma12_structural_linked,raw_source,fresno_ca_metro_area__cbsa_metro,median_ppsf,level,162,2012-01-31,2026-05-31,176.30910493827162,54.0793283254049,1.0894513457556931,2.3183333333333564,3.3700000000000045,0.0,0.0,162.0,1.0,0.0,raw_source,raw_level
price_family_ma12_structural_linked,structural_ma12,fresno_ca_metro_area__cbsa_metro,median_ppsf,level,162,2012-01-31,2026-05-31,176.30910493827162,54.0793283254049,1.0894513457556931,2.3183333333333564,3.3700000000000045,0.0,0.0,162.0,1.0,0.0,structural_ma12,ma12_level
price_family_ma12_structural_linked,raw_source,fresno_ca_metro_area__cbsa_metro,median_sale_price,level,162,2012-01-31,2026-05-31,294736.15534979425,87670.12502395491,1795.475155279503,4041.666666666628,5791.666666666686,0.0,0.0,162.0,1.0,0.0,raw_source,raw_level
price_family_ma12_structural_linked,structural_ma12,fresno_ca_metro_area__cbsa_metro,median_sale_price,level,162,2012-01-31,2026-05-31,294736.15534979425,87670.12502395491,1795.475155279503,4041.666666666628,5791.666666666686,0.0,0.0,162.0,1.0,0.0,structural_ma12,ma12_level
price_family_ma12_structural_linked,raw_source,fresno_county_ca__county,median_ppsf,level,162,2012-01-31,2026-05-31,176.31394824384824,54.07754119464682,1.0910482198136653,2.2433333333333394,3.488333333333344,0.0,0.0,162.0,1.0,0.0,raw_source,raw_level
price_family_ma12_structural_linked,structural_ma12,fresno_county_ca__county,median_ppsf,level,162,2012-01-31,2026-05-31,176.31394824384824,54.07754119464682,1.0910482198136653,2.2433333333333394,3.488333333333344,0.0,0.0,162.0,1.0,0.0,structural_ma12,ma12_level
price_family_ma12_structural_linked,raw_source,fresno_county_ca__county,median_sale_price,level,162,2012-01-31,2026-05-31,294741.8209876543,87680.18953533919,1794.3162525879916,4041.666666666628,5791.666666666686,0.0,0.0,162.0,1.0,0.0,raw_source,raw_level
price_family_ma12_structural_linked,structural_ma12,fresno_county_ca__county,median_sale_price,level,162,2012-01-31,2026-05-31,294741.8209876543,87680.18953533919,1794.3162525879916,4041.666666666628,5791.666666666686,0.0,0.0,162.0,1.0,0.0,structural_ma12,ma12_level
price_family_ma12_structural_linked,raw_source,giles_county_va__county,median_ppsf,level,135,2012-06-30,2026-05-31,96.22932266372653,24.462166239471106,2.236487663919155,5.456249999999993,15.798333333333332,0.0,0.0,135.0,1.0,0.0,raw_source,raw_level
price_family_ma12_structural_linked,structural_ma12,giles_county_va__county,median_ppsf,level,135,2012-06-30,2026-05-31,96.22932266372653,24.462166239471106,2.236487663919155,5.456249999999993,15.798333333333332,0.0,0.0,135.0,1.0,0.0,structural_ma12,ma12_level
price_family_ma12_structural_linked,raw_source,giles_county_va__county,median_sale_price,level,136,2012-06-30,2026-05-31,168134.28584558822,37641.29242157939,5432.793209876542,10893.733333333334,33416.66666666666,0.0,0.0,136.0,1.0,0.0,raw_source,raw_level
price_family_ma12_structural_linked,structural_ma12,giles_county_va__county,median_sale_price,level,136,2012-06-30,2026-05-31,168134.28584558822,37641.29242157939,5432.793209876542,10893.733333333334,33416.66666666666,0.0,0.0,136.0,1.0,0.0,structural_ma12,ma12_level
price_family_ma12_structural_linked,raw_source,gloucester_county_nj__county,median_ppsf,level,161,2012-02-29,2026-05-31,136.57016185348343,39.32808074319174,0.7826355240218756,1.8552500000000052,2.5008333333333326,0.0,0.0,161.0,1.0,0.0,raw_source,raw_level
price_family_ma12_structural_linked,structural_ma12,gloucester_county_nj__county,median_ppsf,level,161,2012-02-29,2026-05-31,136.57016185348343,39.32808074319174,0.7826355240218756,1.8552500000000052,2.5008333333333326,0.0,0.0,161.0,1.0,0.0,structural_ma12,ma12_level
price_family_ma12_structural_linked,raw_source,gloucester_county_nj__county,median_sale_price,level,161,2012-02-29,2026-05-31,229970.2701863354,66525.9987492703,1574.8562499999994,3333.33333333332,4833.333333333314,0.0,0.0,161.0,1.0,0.0,raw_source,raw_level
price_family_ma12_structural_linked,structural_ma12,gloucester_county_nj__county,median_sale_price,level,161,2012-02-29,2026-05-31,229970.2701863354,66525.9987492703,1574.8562499999994,3333.33333333332,4833.333333333314,0.0,0.0,161.0,1.0,0.0,structural_ma12,ma12_level
price_family_ma12_structural_linked,raw_source,gloucester_county_va__county,median_ppsf,level,137,2014-02-28,2026-05-31,159.9292503970517,36.27238996325889,0.9893067586262243,2.0983333333333434,3.8474999999999966,0.0,0.0,137.0,1.0,0.0,raw_source,raw_level
price_family_ma12_structural_linked,structural_ma12,gloucester_county_va__county,median_ppsf,level,137,2014-02-28,2026-05-31,159.9292503970517,36.27238996325889,0.9893067586262243,2.0983333333333434,3.8474999999999966,0.0,0.0,137.0,1.0,0.0,structural_ma12,ma12_level
price_family_ma12_structural_linked,raw_source,gloucester_county_va__county,median_sale_price,level,137,2014-02-28,2026-05-31,279183.3844282238,57553.05696660434,2130.982843137256,4340.833333333343,9279.166666666686,0.0,0.0,137.0,0.9999999999999999,0.0,raw_source,raw_level
price_family_ma12_structural_linked,structural_ma12,gloucester_county_va__county,median_sale_price,level,137,2014-02-28,2026-05-31,279183.3844282238,57553.05696660434,2130.982843137256,4340.833333333343,9279.166666666686,0.0,0.0,137.0,0.9999999999999999,0.0,structural_ma12,ma12_level
price_family_ma12_structural_linked,raw_source,goochland_county_va__county,median_ppsf,level,162,2012-01-31,2026-05-31,178.23648318517954,46.729529171581135,1.2810074288100433,2.564166666666665,7.230264888750014,0.0,0.0,162.0,1.0,0.0,raw_source,raw_level
price_family_ma12_structural_linked,structural_ma12,goochland_county_va__county,median_ppsf,level,162,2012-01-31,2026-05-31,178.23648318517954,46.729529171581135,1.2810074288100433,2.564166666666665,7.230264888750014,0.0,0.0,162.0,1.0,0.0,structural_ma12,ma12_level
price_family_ma12_structural_linked,raw_source,goochland_county_va__county,median_sale_price,level,162,2012-01-31,2026-05-31,455204.866255144,111247.74134683791,6194.416149068323,12916.666666666686,29787.5,0.0,0.0,162.0,1.0,0.0,raw_source,raw_level
price_family_ma12_structural_linked,structural_ma12,goochland_county_va__county,median_sale_price,level,162,2012-01-31,2026-05-31,455204.866255144,111247.74134683791,6194.416149068323,12916.666666666686,29787.5,0.0,0.0,162.0,1.0,0.0,structural_ma12,ma12_level
price_family_ma12_structural_linked,raw_source,greene_county_va__county,median_ppsf,level,162,2012-01-31,2026-05-31,149.54856051000823,38.54484116648247,1.3024744863017603,2.7849999999999966,5.6416666666666515,0.0,0.0,162.0,1.0,0.0,raw_source,raw_level
price_family_ma12_structural_linked,structural_ma12,greene_county_va__county,median_ppsf,level,162,2012-01-31,2026-05-31,149.54856051000823,38.54484116648247,1.3024744863017603,2.7849999999999966,5.6416666666666515,0.0,0.0,162.0,1.0,0.0,structural_ma12,ma12_level
price_family_ma12_structural_linked,raw_source,greene_county_va__county,median_sale_price,level,162,2012-01-31,2026-05-31,293674.7680041152,69258.32005625474,3142.1953933747413,6581.666666666628,12083.333333333314,0.0,0.0,162.0,1.0,0.0,raw_source,raw_level
price_family_ma12_structural_linked,structural_ma12,greene_county_va__county,median_sale_price,level,162,2012-01-31,2026-05-31,293674.7680041152,69258.32005625474,3142.1953933747413,6581.666666666628,12083.333333333314,0.0,0.0,162.0,1.0,0.0,structural_ma12,ma12_level
price_family_ma12_structural_linked,raw_source,hagerstown_md_metro_area__cbsa_metro,median_ppsf,level,160,2012-01-31,2026-03-31,119.24617574233855,32.8236268454575,0.6641722784937102,1.61349745663332,2.202088701916665,0.0,0.0,160.0,1.0,0.0,raw_source,raw_level
price_family_ma12_structural_linked,structural_ma12,hagerstown_md_metro_area__cbsa_metro,median_ppsf,level,160,2012-01-31,2026-03-31,119.24617574233855,32.8236268454575,0.6641722784937102,1.61349745663332,2.202088701916665,0.0,0.0,160.0,1.0,0.0,structural_ma12,ma12_level
price_family_ma12_structural_linked,raw_source,hagerstown_md_metro_area__cbsa_metro,median_sale_price,level,160,2012-01-31,2026-03-31,210479.39505208336,59398.203436175754,1213.3729035639426,2355.8333333333317,3754.166666666657,0.0,0.0,160.0,1.0,0.0,raw_source,raw_level
price_family_ma12_structural_linked,structural_ma12,hagerstown_md_metro_area__cbsa_metro,median_sale_price,level,160,2012-01-31,2026-03-31,210479.39505208336,59398.203436175754,1213.3729035639426,2355.8333333333317,3754.166666666657,0.0,0.0,160.0,1.0,0.0,structural_ma12,ma12_level
price_family_ma12_structural_linked,raw_source,hampton_va__county,median_ppsf,level,137,2014-02-28,2026-05-31,133.85466698290452,32.86456591427198,0.7334327316415442,1.551249999999996,2.085000000000008,0.0,0.0,137.0,1.0,0.0,raw_source,raw_level
price_family_ma12_structural_linked,structural_ma12,hampton_va__county,median_ppsf,level,137,2014-02-28,2026-05-31,133.85466698290452,32.86456591427198,0.7334327316415442,1.551249999999996,2.085000000000008,0.0,0.0,137.0,1.0,0.0,structural_ma12,ma12_level
price_family_ma12_structural_linked,raw_source,hampton_va__county,median_sale_price,level,137,2014-02-28,2026-05-31,206620.6806569343,49143.92779835589,1308.3805147058833,2520.8333333333285,4045.833333333343,0.0,0.0,137.0,1.0,0.0,raw_source,raw_level
price_family_ma12_structural_linked,structural_ma12,hampton_va__county,median_sale_price,level,137,2014-02-28,2026-05-31,206620.6806569343,49143.92779835589,1308.3805147058833,2520.8333333333285,4045.833333333343,0.0,0.0,137.0,1.0,0.0,structural_ma12,ma12_level
price_family_ma12_structural_linked,raw_source,hanford_ca_metro_area__cbsa_metro,median_ppsf,level,160,2012-01-31,2026-03-31,158.70222189549946,44.306480926947536,0.9397200923228515,2.038708861850001,3.597641841166677,0.0,0.0,160.0,1.0,0.0,raw_source,raw_level
price_family_ma12_structural_linked,structural_ma12,hanford_ca_metro_area__cbsa_metro,median_ppsf,level,160,2012-01-31,2026-03-31,158.70222189549946,44.306480926947536,0.9397200923228515,2.038708861850001,3.597641841166677,0.0,0.0,160.0,1.0,0.0,structural_ma12,ma12_level
price_family_ma12_structural_linked,raw_source,hanford_ca_metro_area__cbsa_metro,median_sale_price,level,160,2012-01-31,2026-03-31,255682.7875,72980.90926619961,1783.309748427673,3600.000000000013,8029.583333333343,0.0,0.0,160.0,1.0,0.0,raw_source,raw_level
price_family_ma12_structural_linked,structural_ma12,hanford_ca_metro_area__cbsa_metro,median_sale_price,level,160,2012-01-31,2026-03-31,255682.7875,72980.90926619961,1783.309748427673,3600.000000000013,8029.583333333343,0.0,0.0,160.0,1.0,0.0,structural_ma12,ma12_level
price_family_ma12_structural_linked,raw_source,hanover_county_va__county,median_ppsf,level,162,2012-01-31,2026-05-31,157.52039234671966,38.37614308341037,0.767567147349897,1.6766666666666197,3.0449999999999875,0.0,0.0,162.0,1.0,0.0,raw_source,raw_level
price_family_ma12_structural_linked,structural_ma12,hanover_county_va__county,median_ppsf,level,162,2012-01-31,2026-05-31,157.52039234671966,38.37614308341037,0.767567147349897,1.6766666666666197,3.0449999999999875,0.0,0.0,162.0,1.0,0.0,structural_ma12,ma12_level
price_family_ma12_structural_linked,raw_source,hanover_county_va__county,median_sale_price,level,162,2012-01-31,2026-05-31,331395.7772633745,82687.87681888149,2086.4272774327114,4166.666666666686,9140.083333333314,0.0,0.0,162.0,0.9999999999999998,0.0,raw_source,raw_level
price_family_ma12_structural_linked,structural_ma12,hanover_county_va__county,median_sale_price,level,162,2012-01-31,2026-05-31,331395.7772633745,82687.87681888149,2086.4272774327114,4166.666666666686,9140.083333333314,0.0,0.0,162.0,0.9999999999999998,0.0,structural_ma12,ma12_level
price_family_ma12_structural_linked,raw_source,harford_county_md__county,median_ppsf,level,162,2012-01-31,2026-05-31,153.38638094512808,25.514432154728695,0.5950042094756721,1.323333333333352,2.334166666666647,0.0,0.0,162.0,0.9999999999999999,0.0,raw_source,raw_level
price_family_ma12_structural_linked,structural_ma12,harford_county_md__county,median_ppsf,level,162,2012-01-31,2026-05-31,153.38638094512808,25.514432154728695,0.5950042094756721,1.323333333333352,2.334166666666647,0.0,0.0,162.0,0.9999999999999999,0.0,structural_ma12,ma12_level
price_family_ma12_structural_linked,raw_source,harford_county_md__county,median_sale_price,level,162,2012-01-31,2026-05-31,287409.9156378601,59333.408592139385,1452.612836438924,3000.0,5416.666666666628,0.0,0.0,162.0,1.0,0.0,raw_source,raw_level
price_family_ma12_structural_linked,structural_ma12,harford_county_md__county,median_sale_price,level,162,2012-01-31,2026-05-31,287409.9156378601,59333.408592139385,1452.612836438924,3000.0,5416.666666666628,0.0,0.0,162.0,1.0,0.0,structural_ma12,ma12_level
price_family_ma12_structural_linked,raw_source,harrisonburg_va__county,median_ppsf,level,162,2012-01-31,2026-05-31,130.79420398924074,30.723240064537684,0.8287692669611803,1.8658333333333417,3.997794770083317,0.0,0.0,162.0,0.9999999999999999,0.0,raw_source,raw_level
price_family_ma12_structural_linked,structural_ma12,harrisonburg_va__county,median_ppsf,level,162,2012-01-31,2026-05-31,130.79420398924074,30.723240064537684,0.8287692669611803,1.8658333333333417,3.997794770083317,0.0,0.0,162.0,0.9999999999999999,0.0,structural_ma12,ma12_level
price_family_ma12_structural_linked,raw_source,harrisonburg_va__county,median_sale_price,level,162,2012-01-31,2026-05-31,214693.93415637861,51907.558779213214,1981.8690476190482,3916.666666666686,11791.666666666657,0.0,0.0,162.0,0.9999999999999999,0.0,raw_source,raw_level
price_family_ma12_structural_linked,structural_ma12,harrisonburg_va__county,median_sale_price,level,162,2012-01-31,2026-05-31,214693.93415637861,51907.558779213214,1981.8690476190482,3916.666666666686,11791.666666666657,0.0,0.0,162.0,0.9999999999999999,0.0,structural_ma12,ma12_level
price_family_ma12_structural_linked,raw_source,harrisonburg_va_metro_area__cbsa_metro,median_ppsf,level,160,2012-01-31,2026-03-31,138.64854868845677,35.48943580058103,0.7279343875345908,1.6331540418666695,2.424488103583343,0.0,0.0,160.0,1.0,0.0,raw_source,raw_level
price_family_ma12_structural_linked,structural_ma12,harrisonburg_va_metro_area__cbsa_metro,median_ppsf,level,160,2012-01-31,2026-03-31,138.64854868845677,35.48943580058103,0.7279343875345908,1.6331540418666695,2.424488103583343,0.0,0.0,160.0,1.0,0.0,structural_ma12,ma12_level
price_family_ma12_structural_linked,raw_source,harrisonburg_va_metro_area__cbsa_metro,median_sale_price,level,160,2012-01-31,2026-03-31,240558.81276041665,61784.03408983578,1534.360849056604,2895.833333333349,6591.666666666628,0.0,0.0,160.0,1.0,0.0,raw_source,raw_level
price_family_ma12_structural_linked,structural_ma12,harrisonburg_va_metro_area__cbsa_metro,median_sale_price,level,160,2012-01-31,2026-03-31,240558.81276041665,61784.03408983578,1534.360849056604,2895.833333333349,6591.666666666628,0.0,0.0,160.0,1.0,0.0,structural_ma12,ma12_level
price_family_ma12_structural_linked,raw_source,henrico_county_va__county,median_ppsf,level,162,2012-01-31,2026-05-31,158.48034964131378,40.586505083813336,0.7952033137298141,1.625833333333361,2.8716666666666697,0.0,0.0,162.0,1.0,0.0,raw_source,raw_level
price_family_ma12_structural_linked,structural_ma12,henrico_county_va__county,median_ppsf,level,162,2012-01-31,2026-05-31,158.48034964131378,40.586505083813336,0.7952033137298141,1.625833333333361,2.8716666666666697,0.0,0.0,162.0,1.0,0.0,structural_ma12,ma12_level
price_family_ma12_structural_linked,raw_source,henrico_county_va__county,median_sale_price,level,162,2012-01-31,2026-05-31,278696.12088477367,70395.00441773825,1501.517080745341,3059.583333333314,5812.5,0.0,0.0,162.0,1.0,0.0,raw_source,raw_level
price_family_ma12_structural_linked,structural_ma12,henrico_county_va__county,median_sale_price,level,162,2012-01-31,2026-05-31,278696.12088477367,70395.00441773825,1501.517080745341,3059.583333333314,5812.5,0.0,0.0,162.0,1.0,0.0,structural_ma12,ma12_level
price_family_ma12_structural_linked,raw_source,henry_county_va__county,median_ppsf,level,162,2012-01-31,2026-05-31,68.29973384021193,25.639781100473414,0.7833505967189444,1.617500000000021,2.9066666666666663,0.0,0.0,162.0,1.0,0.0,raw_source,raw_level
price_family_ma12_structural_linked,structural_ma12,henry_county_va__county,median_ppsf,level,162,2012-01-31,2026-05-31,68.29973384021193,25.639781100473414,0.7833505967189444,1.617500000000021,2.9066666666666663,0.0,0.0,162.0,1.0,0.0,structural_ma12,ma12_level
price_family_ma12_structural_linked,raw_source,henry_county_va__county,median_sale_price,level,162,2012-01-31,2026-05-31,109899.92695473252,40374.96373568779,1697.0274327122152,3316.666666666657,6062.5,0.0,0.0,162.0,1.0,0.0,raw_source,raw_level
price_family_ma12_structural_linked,structural_ma12,henry_county_va__county,median_sale_price,level,162,2012-01-31,2026-05-31,109899.92695473252,40374.96373568779,1697.0274327122152,3316.666666666657,6062.5,0.0,0.0,162.0,1.0,0.0,structural_ma12,ma12_level
price_family_ma12_structural_linked,raw_source,hopewell_va__county,median_ppsf,level,162,2012-01-31,2026-05-31,103.09126535007047,39.52044956665297,1.0966915107111812,2.296666666666681,3.789999999999992,0.0,0.0,162.0,0.9999999999999998,0.0,raw_source,raw_level
price_family_ma12_structural_linked,structural_ma12,hopewell_va__county,median_ppsf,level,162,2012-01-31,2026-05-31,103.09126535007047,39.52044956665297,1.0966915107111812,2.296666666666681,3.789999999999992,0.0,0.0,162.0,0.9999999999999998,0.0,structural_ma12,ma12_level
price_family_ma12_structural_linked,raw_source,hopewell_va__county,median_sale_price,level,162,2012-01-31,2026-05-31,144679.82613168724,52720.37107794379,1790.4373706004149,3829.166666666657,6875.0,0.0,0.0,162.0,1.0,0.0,raw_source,raw_level
price_family_ma12_structural_linked,structural_ma12,hopewell_va__county,median_sale_price,level,162,2012-01-31,2026-05-31,144679.82613168724,52720.37107794379,1790.4373706004149,3829.166666666657,6875.0,0.0,0.0,162.0,1.0,0.0,structural_ma12,ma12_level
price_family_ma12_structural_linked,raw_source,howard_county_md__county,median_ppsf,level,162,2012-01-31,2026-05-31,204.28588440200411,29.503635653200064,0.690930724623706,1.6450000000000387,2.4416666666666345,0.0,0.0,162.0,0.9999999999999999,0.0,raw_source,raw_level
price_family_ma12_structural_linked,structural_ma12,howard_county_md__county,median_ppsf,level,162,2012-01-31,2026-05-31,204.28588440200411,29.503635653200064,0.690930724623706,1.6450000000000387,2.4416666666666345,0.0,0.0,162.0,0.9999999999999999,0.0,structural_ma12,ma12_level
price_family_ma12_structural_linked,raw_source,howard_county_md__county,median_sale_price,level,162,2012-01-31,2026-05-31,453065.06687242794,78721.24144642921,2126.336956521742,4750.0,7500.0,0.0,0.0,162.0,1.0,0.0,raw_source,raw_level
price_family_ma12_structural_linked,structural_ma12,howard_county_md__county,median_sale_price,level,162,2012-01-31,2026-05-31,453065.06687242794,78721.24144642921,2126.336956521742,4750.0,7500.0,0.0,0.0,162.0,1.0,0.0,structural_ma12,ma12_level
price_family_ma12_structural_linked,raw_source,humboldt_county_ca__county,median_ppsf,level,143,2012-05-31,2026-05-31,234.6980848422879,47.89422174898113,1.6453811391701894,3.8443333333333505,10.619424168749958,0.0,0.0,143.0,1.0,0.0,raw_source,raw_level
price_family_ma12_structural_linked,structural_ma12,humboldt_county_ca__county,median_ppsf,level,143,2012-05-31,2026-05-31,234.6980848422879,47.89422174898113,1.6453811391701894,3.8443333333333505,10.619424168749958,0.0,0.0,143.0,1.0,0.0,structural_ma12,ma12_level
price_family_ma12_structural_linked,raw_source,humboldt_county_ca__county,median_sale_price,level,146,2012-03-31,2026-05-31,342495.5319634703,67183.23267958878,2737.3425287356345,6150.000000000012,18916.666666666686,0.0,0.0,146.0,0.9999999999999998,0.0,raw_source,raw_level
price_family_ma12_structural_linked,structural_ma12,humboldt_county_ca__county,median_sale_price,level,146,2012-03-31,2026-05-31,342495.5319634703,67183.23267958878,2737.3425287356345,6150.000000000012,18916.666666666686,0.0,0.0,146.0,0.9999999999999998,0.0,structural_ma12,ma12_level
price_family_ma12_structural_linked,raw_source,hunterdon_county_nj__county,median_ppsf,level,122,2015-05-31,2026-05-31,214.49644038680464,44.9387076732815,1.189517680226583,2.8100000000000307,4.120833333333337,0.0,0.0,122.0,1.0,0.0,raw_source,raw_level
price_family_ma12_structural_linked,structural_ma12,hunterdon_county_nj__county,median_ppsf,level,122,2015-05-31,2026-05-31,214.49644038680464,44.9387076732815,1.189517680226583,2.8100000000000307,4.120833333333337,0.0,0.0,122.0,1.0,0.0,structural_ma12,ma12_level
price_family_ma12_structural_linked,raw_source,hunterdon_county_nj__county,median_sale_price,level,122,2015-05-31,2026-05-31,432430.0795765027,84934.7876210456,3003.9500688705257,6458.333333333256,9583.333333333372,0.0,0.0,122.0,1.0,0.0,raw_source,raw_level
price_family_ma12_structural_linked,structural_ma12,hunterdon_county_nj__county,median_sale_price,level,122,2015-05-31,2026-05-31,432430.0795765027,84934.7876210456,3003.9500688705257,6458.333333333256,9583.333333333372,0.0,0.0,122.0,1.0,0.0,structural_ma12,ma12_level
price_family_ma12_structural_linked,raw_source,imperial_county_ca__county,median_ppsf,level,162,2012-01-31,2026-05-31,152.57934186949896,54.52115518703509,1.264317896134058,2.600137906499988,5.103983221416655,0.0,0.0,162.0,1.0,0.0,raw_source,raw_level
price_family_ma12_structural_linked,structural_ma12,imperial_county_ca__county,median_ppsf,level,162,2012-01-31,2026-05-31,152.57934186949896,54.52115518703509,1.264317896134058,2.600137906499988,5.103983221416655,0.0,0.0,162.0,1.0,0.0,structural_ma12,ma12_level
price_family_ma12_structural_linked,raw_source,imperial_county_ca__county,median_sale_price,level,162,2012-01-31,2026-05-31,245728.77726337448,88789.04096457837,2343.724120082816,4871.416666666686,9820.833333333343,0.0,0.0,162.0,1.0,0.0,raw_source,raw_level
price_family_ma12_structural_linked,structural_ma12,imperial_county_ca__county,median_sale_price,level,162,2012-01-31,2026-05-31,245728.77726337448,88789.04096457837,2343.724120082816,4871.416666666686,9820.833333333343,0.0,0.0,162.0,1.0,0.0,structural_ma12,ma12_level
price_family_ma12_structural_linked,raw_source,isle_of_wight_county_va__county,median_ppsf,level,137,2014-02-28,2026-05-31,152.66656258604624,32.77751881453283,0.8679649868302715,1.8508333333333553,2.7041666666666515,0.0,0.0,137.0,1.0,0.0,raw_source,raw_level
price_family_ma12_structural_linked,structural_ma12,isle_of_wight_county_va__county,median_ppsf,level,137,2014-02-28,2026-05-31,152.66656258604624,32.77751881453283,0.8679649868302715,1.8508333333333553,2.7041666666666515,0.0,0.0,137.0,1.0,0.0,structural_ma12,ma12_level
price_family_ma12_structural_linked,raw_source,isle_of_wight_county_va__county,median_sale_price,level,137,2014-02-28,2026-05-31,326263.3369829684,59129.5498528174,2633.804534313721,5833.333333333372,11731.416666666686,0.0,0.0,137.0,1.0,0.0,raw_source,raw_level
price_family_ma12_structural_linked,structural_ma12,isle_of_wight_county_va__county,median_sale_price,level,137,2014-02-28,2026-05-31,326263.3369829684,59129.5498528174,2633.804534313721,5833.333333333372,11731.416666666686,0.0,0.0,137.0,1.0,0.0,structural_ma12,ma12_level
price_family_ma12_structural_linked,raw_source,james_city_county_va__county,median_ppsf,level,137,2014-02-28,2026-05-31,163.45772950606266,30.026480380458473,0.7026589681623762,1.616250000000008,2.4066666666666663,0.0,0.0,137.0,1.0,0.0,raw_source,raw_level
price_family_ma12_structural_linked,structural_ma12,james_city_county_va__county,median_ppsf,level,137,2014-02-28,2026-05-31,163.45772950606266,30.026480380458473,0.7026589681623762,1.616250000000008,2.4066666666666663,0.0,0.0,137.0,1.0,0.0,structural_ma12,ma12_level
price_family_ma12_structural_linked,raw_source,james_city_county_va__county,median_sale_price,level,137,2014-02-28,2026-05-31,369445.58667883213,68832.51831631559,2485.153799019605,4772.916666666686,9083.333333333314,0.0,0.0,137.0,0.9999999999999998,0.0,raw_source,raw_level
price_family_ma12_structural_linked,structural_ma12,james_city_county_va__county,median_sale_price,level,137,2014-02-28,2026-05-31,369445.58667883213,68832.51831631559,2485.153799019605,4772.916666666686,9083.333333333314,0.0,0.0,137.0,0.9999999999999998,0.0,structural_ma12,ma12_level
price_family_ma12_structural_linked,raw_source,kern_county_ca__county,median_ppsf,level,162,2012-01-31,2026-05-31,158.9874927799187,45.75450598977321,0.9686333178571435,2.0649999999999977,3.130833333333328,0.0,0.0,162.0,1.0,0.0,raw_source,raw_level
price_family_ma12_structural_linked,structural_ma12,kern_county_ca__county,median_ppsf,level,162,2012-01-31,2026-05-31,158.9874927799187,45.75450598977321,0.9686333178571435,2.0649999999999977,3.130833333333328,0.0,0.0,162.0,1.0,0.0,structural_ma12,ma12_level
price_family_ma12_structural_linked,raw_source,kern_county_ca__county,median_sale_price,level,162,2012-01-31,2026-05-31,261978.0982510288,76655.15670590206,1650.7681159420288,3666.666666666686,5051.25,0.0,0.0,162.0,0.9999999999999998,0.0,raw_source,raw_level
price_family_ma12_structural_linked,structural_ma12,kern_county_ca__county,median_sale_price,level,162,2012-01-31,2026-05-31,261978.0982510288,76655.15670590206,1650.7681159420288,3666.666666666686,5051.25,0.0,0.0,162.0,0.9999999999999998,0.0,structural_ma12,ma12_level
price_family_ma12_structural_linked,raw_source,king_and_queen_county_va__county,median_ppsf,level,160,2012-01-31,2026-05-31,129.31651476327136,42.567896247951396,3.143395223234801,6.60499999999998,15.712499999999977,0.0,0.0,160.0,1.0,0.0,raw_source,raw_level
price_family_ma12_structural_linked,structural_ma12,king_and_queen_county_va__county,median_ppsf,level,160,2012-01-31,2026-05-31,129.31651476327136,42.567896247951396,3.143395223234801,6.60499999999998,15.712499999999977,0.0,0.0,160.0,1.0,0.0,structural_ma12,ma12_level
price_family_ma12_structural_linked,raw_source,king_and_queen_county_va__county,median_sale_price,level,160,2012-01-31,2026-05-31,205184.7109375,60328.857940269925,6178.248427672956,11741.666666666677,39416.666666666686,0.0,0.0,160.0,1.0,0.0,raw_source,raw_level
price_family_ma12_structural_linked,structural_ma12,king_and_queen_county_va__county,median_sale_price,level,160,2012-01-31,2026-05-31,205184.7109375,60328.857940269925,6178.248427672956,11741.666666666677,39416.666666666686,0.0,0.0,160.0,1.0,0.0,structural_ma12,ma12_level
price_family_ma12_structural_linked,raw_source,king_william_county_va__county,median_ppsf,level,162,2012-01-31,2026-05-31,145.16775440599434,37.74397447204215,1.080085932373188,2.2308333333333223,4.491666666666674,0.0,0.0,162.0,1.0,0.0,raw_source,raw_level
price_family_ma12_structural_linked,structural_ma12,king_william_county_va__county,median_ppsf,level,162,2012-01-31,2026-05-31,145.16775440599434,37.74397447204215,1.080085932373188,2.2308333333333223,4.491666666666674,0.0,0.0,162.0,1.0,0.0,structural_ma12,ma12_level
price_family_ma12_structural_linked,raw_source,king_william_county_va__county,median_sale_price,level,162,2012-01-31,2026-05-31,238158.40972222222,72851.2187639454,2171.869565217393,4135.833333333343,7901.666666666686,0.0,0.0,162.0,0.9999999999999998,0.0,raw_source,raw_level
price_family_ma12_structural_linked,structural_ma12,king_william_county_va__county,median_sale_price,level,162,2012-01-31,2026-05-31,238158.40972222222,72851.2187639454,2171.869565217393,4135.833333333343,7901.666666666686,0.0,0.0,162.0,0.9999999999999998,0.0,structural_ma12,ma12_level
price_family_ma12_structural_linked,raw_source,kings_county_ca__county,median_ppsf,level,162,2012-01-31,2026-05-31,159.64930256980915,44.78295337809161,0.9431942617929595,2.0299767945000156,3.597500000000025,0.0,0.0,162.0,1.0,0.0,raw_source,raw_level
price_family_ma12_structural_linked,structural_ma12,kings_county_ca__county,median_ppsf,level,162,2012-01-31,2026-05-31,159.64930256980915,44.78295337809161,0.9431942617929595,2.0299767945000156,3.597500000000025,0.0,0.0,162.0,1.0,0.0,structural_ma12,ma12_level
price_family_ma12_structural_linked,raw_source,kings_county_ca__county,median_sale_price,level,162,2012-01-31,2026-05-31,257024.25771604938,73460.11777942968,1762.192028985507,3583.333333333343,7850.833333333314,0.0,0.0,162.0,0.9999999999999998,0.0,raw_source,raw_level
price_family_ma12_structural_linked,structural_ma12,kings_county_ca__county,median_sale_price,level,162,2012-01-31,2026-05-31,257024.25771604938,73460.11777942968,1762.192028985507,3583.333333333343,7850.833333333314,0.0,0.0,162.0,0.9999999999999998,0.0,structural_ma12,ma12_level
price_family_ma12_structural_linked,raw_source,lake_county_ca__county,median_ppsf,level,162,2012-01-31,2026-05-31,173.23665206831276,46.42548218350553,1.333565660178572,2.6792158829999977,4.383333333333354,0.0,0.0,162.0,0.9999999999999999,0.0,raw_source,raw_level
price_family_ma12_structural_linked,structural_ma12,lake_county_ca__county,median_ppsf,level,162,2012-01-31,2026-05-31,173.23665206831276,46.42548218350553,1.333565660178572,2.6792158829999977,4.383333333333354,0.0,0.0,162.0,0.9999999999999999,0.0,structural_ma12,ma12_level
price_family_ma12_structural_linked,raw_source,lake_county_ca__county,median_sale_price,level,162,2012-01-31,2026-05-31,257944.56378600825,69535.83552229272,2194.944099378882,4583.333333333343,7416.666666666657,0.0,0.0,162.0,0.9999999999999998,0.0,raw_source,raw_level
price_family_ma12_structural_linked,structural_ma12,lake_county_ca__county,median_sale_price,level,162,2012-01-31,2026-05-31,257944.56378600825,69535.83552229272,2194.944099378882,4583.333333333343,7416.666666666657,0.0,0.0,162.0,0.9999999999999998,0.0,structural_ma12,ma12_level
price_family_ma12_structural_linked,raw_source,lassen_county_ca__county,median_ppsf,level,155,2012-04-30,2026-05-31,126.39111238621345,40.7208134104662,1.5689114777012994,2.9365561155999975,8.385218692416665,0.0,0.0,155.0,1.0,0.0,raw_source,raw_level
price_family_ma12_structural_linked,structural_ma12,lassen_county_ca__county,median_ppsf,level,155,2012-04-30,2026-05-31,126.39111238621345,40.7208134104662,1.5689114777012994,2.9365561155999975,8.385218692416665,0.0,0.0,155.0,1.0,0.0,structural_ma12,ma12_level
price_family_ma12_structural_linked,raw_source,lassen_county_ca__county,median_sale_price,level,155,2012-04-30,2026-05-31,184120.2376344086,54623.30777443185,3147.818181818183,6147.641666666681,15686.583333333328,0.0,0.0,155.0,0.9999999999999999,0.0,raw_source,raw_level
price_family_ma12_structural_linked,structural_ma12,lassen_county_ca__county,median_sale_price,level,155,2012-04-30,2026-05-31,184120.2376344086,54623.30777443185,3147.818181818183,6147.641666666681,15686.583333333328,0.0,0.0,155.0,0.9999999999999999,0.0,structural_ma12,ma12_level
price_family_ma12_structural_linked,raw_source,los_angeles_ca_metro_area__cbsa_metro,median_ppsf,level,162,2012-01-31,2026-05-31,438.64909465020577,114.05015698567668,2.563193581780541,5.229999999999961,8.073333333333267,0.0,0.0,162.0,0.9999999999999999,0.0,raw_source,raw_level
price_family_ma12_structural_linked,structural_ma12,los_angeles_ca_metro_area__cbsa_metro,median_ppsf,level,162,2012-01-31,2026-05-31,438.64909465020577,114.05015698567668,2.563193581780541,5.229999999999961,8.073333333333267,0.0,0.0,162.0,0.9999999999999999,0.0,structural_ma12,ma12_level
price_family_ma12_structural_linked,raw_source,los_angeles_ca_metro_area__cbsa_metro,median_sale_price,level,162,2012-01-31,2026-05-31,655093.1599794239,177152.1148078053,4048.064699792964,7916.666666666744,14583.333333333372,0.0,0.0,162.0,0.9999999999999999,0.0,raw_source,raw_level
price_family_ma12_structural_linked,structural_ma12,los_angeles_ca_metro_area__cbsa_metro,median_sale_price,level,162,2012-01-31,2026-05-31,655093.1599794239,177152.1148078053,4048.064699792964,7916.666666666744,14583.333333333372,0.0,0.0,162.0,0.9999999999999999,0.0,structural_ma12,ma12_level
price_family_ma12_structural_linked,raw_source,los_angeles_county_ca__county,median_ppsf,level,162,2012-01-31,2026-05-31,438.6828665835571,114.09066732321402,2.573192755943582,5.32537220433332,8.37166666666667,0.0,0.0,162.0,0.9999999999999999,0.0,raw_source,raw_level
price_family_ma12_structural_linked,structural_ma12,los_angeles_county_ca__county,median_ppsf,level,162,2012-01-31,2026-05-31,438.6828665835571,114.09066732321402,2.573192755943582,5.32537220433332,8.37166666666667,0.0,0.0,162.0,0.9999999999999999,0.0,structural_ma12,ma12_level
price_family_ma12_structural_linked,raw_source,los_angeles_county_ca__county,median_sale_price,level,162,2012-01-31,2026-05-31,655088.4192386832,177157.97847276664,4048.089803312632,7916.666666666744,14583.333333333372,0.0,0.0,162.0,1.0,0.0,raw_source,raw_level
price_family_ma12_structural_linked,structural_ma12,los_angeles_county_ca__county,median_sale_price,level,162,2012-01-31,2026-05-31,655088.4192386832,177157.97847276664,4048.089803312632,7916.666666666744,14583.333333333372,0.0,0.0,162.0,1.0,0.0,structural_ma12,ma12_level
price_family_ma12_structural_linked,raw_source,loudoun_county_va__county,median_ppsf,level,162,2012-01-31,2026-05-31,215.4244816746358,44.2150928624279,0.9088889724275344,2.188333333333361,3.164999999999992,0.0,0.0,162.0,1.0,0.0,raw_source,raw_level
price_family_ma12_structural_linked,structural_ma12,loudoun_county_va__county,median_ppsf,level,162,2012-01-31,2026-05-31,215.4244816746358,44.2150928624279,0.9088889724275344,2.188333333333361,3.164999999999992,0.0,0.0,162.0,1.0,0.0,structural_ma12,ma12_level
price_family_ma12_structural_linked,raw_source,loudoun_county_va__county,median_sale_price,level,162,2012-01-31,2026-05-31,543941.3361625514,121625.8334154248,2573.7272256728756,5195.833333333372,10833.333333333256,0.0,0.0,162.0,1.0,0.0,raw_source,raw_level
price_family_ma12_structural_linked,structural_ma12,loudoun_county_va__county,median_sale_price,level,162,2012-01-31,2026-05-31,543941.3361625514,121625.8334154248,2573.7272256728756,5195.833333333372,10833.333333333256,0.0,0.0,162.0,1.0,0.0,structural_ma12,ma12_level
price_family_ma12_structural_linked,raw_source,lynchburg_va__county,median_ppsf,level,161,2012-01-31,2026-05-31,103.0338856684027,30.01717306955798,1.0511305102031254,2.030749626033332,7.603595255666676,0.0,0.0,161.0,1.0,0.0,raw_source,raw_level
price_family_ma12_structural_linked,structural_ma12,lynchburg_va__county,median_ppsf,level,161,2012-01-31,2026-05-31,103.0338856684027,30.01717306955798,1.0511305102031254,2.030749626033332,7.603595255666676,0.0,0.0,161.0,1.0,0.0,structural_ma12,ma12_level
price_family_ma12_structural_linked,raw_source,lynchburg_va__county,median_sale_price,level,161,2012-01-31,2026-05-31,176138.77691511388,50325.82718991497,1804.4942708333335,3572.5000000000077,10825.0,0.0,0.0,161.0,1.0,0.0,raw_source,raw_level
price_family_ma12_structural_linked,structural_ma12,lynchburg_va__county,median_sale_price,level,161,2012-01-31,2026-05-31,176138.77691511388,50325.82718991497,1804.4942708333335,3572.5000000000077,10825.0,0.0,0.0,161.0,1.0,0.0,structural_ma12,ma12_level
price_family_ma12_structural_linked,raw_source,lynchburg_va_metro_area__cbsa_metro,median_ppsf,level,160,2012-01-31,2026-03-31,114.49314473283593,30.109011122165995,0.8717735734481143,1.7109854056166585,2.90622083191667,0.0,0.0,160.0,1.0,0.0,raw_source,raw_level
price_family_ma12_structural_linked,structural_ma12,lynchburg_va_metro_area__cbsa_metro,median_ppsf,level,160,2012-01-31,2026-03-31,114.49314473283593,30.109011122165995,0.8717735734481143,1.7109854056166585,2.90622083191667,0.0,0.0,160.0,1.0,0.0,structural_ma12,ma12_level
price_family_ma12_structural_linked,raw_source,lynchburg_va_metro_area__cbsa_metro,median_sale_price,level,160,2012-01-31,2026-03-31,207188.2473958333,51412.3891364559,1280.8364779874223,2512.500000000001,4835.416666666657,0.0,0.0,160.0,0.9999999999999999,0.0,raw_source,raw_level
price_family_ma12_structural_linked,structural_ma12,lynchburg_va_metro_area__cbsa_metro,median_sale_price,level,160,2012-01-31,2026-03-31,207188.2473958333,51412.3891364559,1280.8364779874223,2512.500000000001,4835.416666666657,0.0,0.0,160.0,0.9999999999999999,0.0,structural_ma12,ma12_level
price_family_ma12_structural_linked,raw_source,madera_ca_metro_area__cbsa_metro,median_ppsf,level,160,2012-01-31,2026-03-31,167.0482583343026,55.77815617639257,1.2248407256792453,2.469402138116676,3.638109849750009,0.0,0.0,160.0,1.0,0.0,raw_source,raw_level
price_family_ma12_structural_linked,structural_ma12,madera_ca_metro_area__cbsa_metro,median_ppsf,level,160,2012-01-31,2026-03-31,167.0482583343026,55.77815617639257,1.2248407256792453,2.469402138116676,3.638109849750009,0.0,0.0,160.0,1.0,0.0,structural_ma12,ma12_level
price_family_ma12_structural_linked,raw_source,madera_ca_metro_area__cbsa_metro,median_sale_price,level,160,2012-01-31,2026-03-31,293994.953125,97962.75733523887,2118.289308176099,4000.000000000015,6791.666666666686,0.0,0.0,160.0,1.0,0.0,raw_source,raw_level
price_family_ma12_structural_linked,structural_ma12,madera_ca_metro_area__cbsa_metro,median_sale_price,level,160,2012-01-31,2026-03-31,293994.953125,97962.75733523887,2118.289308176099,4000.000000000015,6791.666666666686,0.0,0.0,160.0,1.0,0.0,structural_ma12,ma12_level
price_family_ma12_structural_linked,raw_source,madera_county_ca__county,median_ppsf,level,162,2012-01-31,2026-05-31,167.89294219121092,56.14098022417011,1.222635848286231,2.4966666666666697,3.7199999999999704,0.0,0.0,162.0,1.0,0.0,raw_source,raw_level
price_family_ma12_structural_linked,structural_ma12,madera_county_ca__county,median_ppsf,level,162,2012-01-31,2026-05-31,167.89294219121092,56.14098022417011,1.222635848286231,2.4966666666666697,3.7199999999999704,0.0,0.0,162.0,1.0,0.0,structural_ma12,ma12_level
price_family_ma12_structural_linked,raw_source,madera_county_ca__county,median_sale_price,level,162,2012-01-31,2026-05-31,294255.5606995885,97906.30626722137,2089.002587991719,4250.0,7500.0,0.0,0.0,162.0,0.9999999999999999,0.0,raw_source,raw_level
price_family_ma12_structural_linked,structural_ma12,madera_county_ca__county,median_sale_price,level,162,2012-01-31,2026-05-31,294255.5606995885,97906.30626722137,2089.002587991719,4250.0,7500.0,0.0,0.0,162.0,0.9999999999999999,0.0,structural_ma12,ma12_level
price_family_ma12_structural_linked,raw_source,madison_county_va__county,median_ppsf,level,162,2012-01-31,2026-05-31,161.21701508952984,47.00747697759515,2.3011073377070415,4.445859317166665,11.529999999999973,0.0,0.0,162.0,0.9999999999999999,0.0,raw_source,raw_level
price_family_ma12_structural_linked,structural_ma12,madison_county_va__county,median_ppsf,level,162,2012-01-31,2026-05-31,161.21701508952984,47.00747697759515,2.3011073377070415,4.445859317166665,11.529999999999973,0.0,0.0,162.0,0.9999999999999999,0.0,structural_ma12,ma12_level
price_family_ma12_structural_linked,raw_source,madison_county_va__county,median_sale_price,level,162,2012-01-31,2026-05-31,277102.37448559667,87957.64291273402,4347.568322981365,9750.00000000003,21083.333333333314,0.0,0.0,162.0,1.0,0.0,raw_source,raw_level
price_family_ma12_structural_linked,structural_ma12,madison_county_va__county,median_sale_price,level,162,2012-01-31,2026-05-31,277102.37448559667,87957.64291273402,4347.568322981365,9750.00000000003,21083.333333333314,0.0,0.0,162.0,1.0,0.0,structural_ma12,ma12_level
price_family_ma12_structural_linked,raw_source,manassas_park_va__county,median_ppsf,level,162,2012-01-31,2026-05-31,194.90403941296296,42.655195543752804,1.85415807809679,4.155833333333305,8.880000000000024,0.0,0.0,162.0,1.0,0.0,raw_source,raw_level
price_family_ma12_structural_linked,structural_ma12,manassas_park_va__county,median_ppsf,level,162,2012-01-31,2026-05-31,194.90403941296296,42.655195543752804,1.85415807809679,4.155833333333305,8.880000000000024,0.0,0.0,162.0,1.0,0.0,structural_ma12,ma12_level
price_family_ma12_structural_linked,raw_source,manassas_park_va__county,median_sale_price,level,162,2012-01-31,2026-05-31,328428.02880658436,79682.25247418546,3346.0351966873704,7083.333333333314,18416.666666666686,0.0,0.0,162.0,1.0,0.0,raw_source,raw_level
price_family_ma12_structural_linked,structural_ma12,manassas_park_va__county,median_sale_price,level,162,2012-01-31,2026-05-31,328428.02880658436,79682.25247418546,3346.0351966873704,7083.333333333314,18416.666666666686,0.0,0.0,162.0,1.0,0.0,structural_ma12,ma12_level
price_family_ma12_structural_linked,raw_source,manassas_va__county,median_ppsf,level,162,2012-01-31,2026-05-31,193.41335024869545,45.24401125384716,1.1095095045693601,2.269123355000005,4.082500000000039,0.0,0.0,162.0,0.9999999999999999,0.0,raw_source,raw_level
price_family_ma12_structural_linked,structural_ma12,manassas_va__county,median_ppsf,level,162,2012-01-31,2026-05-31,193.41335024869545,45.24401125384716,1.1095095045693601,2.269123355000005,4.082500000000039,0.0,0.0,162.0,0.9999999999999999,0.0,structural_ma12,ma12_level
price_family_ma12_structural_linked,raw_source,manassas_va__county,median_sale_price,level,162,2012-01-31,2026-05-31,344623.51080246916,86178.25218757181,2986.62060041408,6354.166666666657,13375.0,0.0,0.0,162.0,0.9999999999999998,0.0,raw_source,raw_level
price_family_ma12_structural_linked,structural_ma12,manassas_va__county,median_sale_price,level,162,2012-01-31,2026-05-31,344623.51080246916,86178.25218757181,2986.62060041408,6354.166666666657,13375.0,0.0,0.0,162.0,0.9999999999999998,0.0,structural_ma12,ma12_level
price_family_ma12_structural_linked,raw_source,marin_county_ca__county,median_ppsf,level,162,2012-01-31,2026-05-31,644.9297309212932,132.49775515724602,3.955291010542967,8.42589824824995,13.571666666666715,0.0,0.0,162.0,0.9999999999999998,0.0,raw_source,raw_level
price_family_ma12_structural_linked,structural_ma12,marin_county_ca__county,median_ppsf,level,162,2012-01-31,2026-05-31,644.9297309212932,132.49775515724602,3.955291010542967,8.42589824824995,13.571666666666715,0.0,0.0,162.0,0.9999999999999998,0.0,structural_ma12,ma12_level
price_family_ma12_structural_linked,raw_source,marin_county_ca__county,median_sale_price,level,162,2012-01-31,2026-05-31,1168272.8400205763,253135.1776361412,7804.392857142864,14645.833333333372,23750.0,0.0,0.0,162.0,1.0,0.0,raw_source,raw_level
price_family_ma12_structural_linked,structural_ma12,marin_county_ca__county,median_sale_price,level,162,2012-01-31,2026-05-31,1168272.8400205763,253135.1776361412,7804.392857142864,14645.833333333372,23750.0,0.0,0.0,162.0,1.0,0.0,structural_ma12,ma12_level
price_family_ma12_structural_linked,raw_source,martinsville_va__county,median_ppsf,level,162,2012-01-31,2026-05-31,52.52838797649074,19.276481836451772,1.0484220091775363,2.2133333333333383,6.784166666666664,0.0,0.0,162.0,0.9999999999999998,0.0,raw_source,raw_level
price_family_ma12_structural_linked,structural_ma12,martinsville_va__county,median_ppsf,level,162,2012-01-31,2026-05-31,52.52838797649074,19.276481836451772,1.0484220091775363,2.2133333333333383,6.784166666666664,0.0,0.0,162.0,0.9999999999999998,0.0,structural_ma12,ma12_level
price_family_ma12_structural_linked,raw_source,martinsville_va__county,median_sale_price,level,162,2012-01-31,2026-05-31,92155.06687242798,29033.343426891613,2652.261904761905,5390.5833333333285,12586.5,0.0,0.0,162.0,1.0,0.0,raw_source,raw_level
price_family_ma12_structural_linked,structural_ma12,martinsville_va__county,median_sale_price,level,162,2012-01-31,2026-05-31,92155.06687242798,29033.343426891613,2652.261904761905,5390.5833333333285,12586.5,0.0,0.0,162.0,1.0,0.0,structural_ma12,ma12_level
price_family_ma12_structural_linked,raw_source,martinsville_va_metro_area__cbsa_metro,median_ppsf,level,160,2012-01-31,2026-03-31,63.28469571239167,21.930643812221707,0.7316804100382595,1.4894207096166632,5.356131222083334,0.0,0.0,160.0,0.9999999999999999,0.0,raw_source,raw_level
price_family_ma12_structural_linked,structural_ma12,martinsville_va_metro_area__cbsa_metro,median_ppsf,level,160,2012-01-31,2026-03-31,63.28469571239167,21.930643812221707,0.7316804100382595,1.4894207096166632,5.356131222083334,0.0,0.0,160.0,0.9999999999999999,0.0,structural_ma12,ma12_level
price_family_ma12_structural_linked,raw_source,martinsville_va_metro_area__cbsa_metro,median_sale_price,level,160,2012-01-31,2026-03-31,103464.08333333334,34069.69648706189,1499.8050314465409,2930.166666666673,8542.958333333343,0.0,0.0,160.0,1.0,0.0,raw_source,raw_level
price_family_ma12_structural_linked,structural_ma12,martinsville_va_metro_area__cbsa_metro,median_sale_price,level,160,2012-01-31,2026-03-31,103464.08333333334,34069.69648706189,1499.8050314465409,2930.166666666673,8542.958333333343,0.0,0.0,160.0,1.0,0.0,structural_ma12,ma12_level
price_family_ma12_structural_linked,raw_source,maryland__state,median_ppsf,level,162,2012-01-31,2026-05-31,176.4207098765432,30.040940098584592,0.6080797101449278,1.4741666666666617,2.364166666666648,0.0,0.0,162.0,0.9999999999999999,0.0,raw_source,raw_level
price_family_ma12_structural_linked,structural_ma12,maryland__state,median_ppsf,level,162,2012-01-31,2026-05-31,176.4207098765432,30.040940098584592,0.6080797101449278,1.4741666666666617,2.364166666666648,0.0,0.0,162.0,0.9999999999999999,0.0,structural_ma12,ma12_level
price_family_ma12_structural_linked,raw_source,maryland__state,median_sale_price,level,162,2012-01-31,2026-05-31,316613.7577160494,65249.31042863661,1259.930124223602,2432.083333333372,3750.0,0.0,0.0,162.0,1.0,0.0,raw_source,raw_level
price_family_ma12_structural_linked,structural_ma12,maryland__state,median_sale_price,level,162,2012-01-31,2026-05-31,316613.7577160494,65249.31042863661,1259.930124223602,2432.083333333372,3750.0,0.0,0.0,162.0,1.0,0.0,structural_ma12,ma12_level
price_family_ma12_structural_linked,raw_source,mathews_county_va__county,median_ppsf,level,137,2014-02-28,2026-05-31,155.19834760839657,39.92632217261023,2.539389306642158,4.991666666666674,8.94416666666666,0.0,0.0,137.0,0.9999999999999998,0.0,raw_source,raw_level
price_family_ma12_structural_linked,structural_ma12,mathews_county_va__county,median_ppsf,level,137,2014-02-28,2026-05-31,155.19834760839657,39.92632217261023,2.539389306642158,4.991666666666674,8.94416666666666,0.0,0.0,137.0,0.9999999999999998,0.0,structural_ma12,ma12_level
price_family_ma12_structural_linked,raw_source,mathews_county_va__county,median_sale_price,level,137,2014-02-28,2026-05-31,274141.22323600977,72373.17716674275,5613.126838235294,11504.166666666672,24508.333333333372,0.0,0.0,137.0,1.0,0.0,raw_source,raw_level
price_family_ma12_structural_linked,structural_ma12,mathews_county_va__county,median_sale_price,level,137,2014-02-28,2026-05-31,274141.22323600977,72373.17716674275,5613.126838235294,11504.166666666672,24508.333333333372,0.0,0.0,137.0,1.0,0.0,structural_ma12,ma12_level
price_family_ma12_structural_linked,raw_source,mendocino_county_ca__county,median_ppsf,level,162,2012-01-31,2026-05-31,274.2723908067608,61.368578129069014,2.128259439919252,4.490833333333285,9.715000000000089,0.0,0.0,162.0,1.0,0.0,raw_source,raw_level
price_family_ma12_structural_linked,structural_ma12,mendocino_county_ca__county,median_ppsf,level,162,2012-01-31,2026-05-31,274.2723908067608,61.368578129069014,2.128259439919252,4.490833333333285,9.715000000000089,0.0,0.0,162.0,1.0,0.0,structural_ma12,ma12_level
price_family_ma12_structural_linked,raw_source,mendocino_county_ca__county,median_sale_price,level,162,2012-01-31,2026-05-31,432014.5300925926,99984.39661090495,3831.091614906834,8750.0,15479.166666666744,0.0,0.0,162.0,0.9999999999999999,0.0,raw_source,raw_level
price_family_ma12_structural_linked,structural_ma12,mendocino_county_ca__county,median_sale_price,level,162,2012-01-31,2026-05-31,432014.5300925926,99984.39661090495,3831.091614906834,8750.0,15479.166666666744,0.0,0.0,162.0,0.9999999999999999,0.0,structural_ma12,ma12_level
price_family_ma12_structural_linked,raw_source,merced_ca_metro_area__cbsa_metro,median_ppsf,level,160,2012-01-31,2026-03-31,176.6718701123943,59.64121943804289,1.3539463996844854,2.3967345206000035,4.507190406250004,0.0,0.0,160.0,1.0,0.0,raw_source,raw_level
price_family_ma12_structural_linked,structural_ma12,merced_ca_metro_area__cbsa_metro,median_ppsf,level,160,2012-01-31,2026-03-31,176.6718701123943,59.64121943804289,1.3539463996844854,2.3967345206000035,4.507190406250004,0.0,0.0,160.0,1.0,0.0,structural_ma12,ma12_level
price_family_ma12_structural_linked,raw_source,merced_ca_metro_area__cbsa_metro,median_sale_price,level,160,2012-01-31,2026-03-31,289584.38125,96233.40826361191,2144.2675576519914,3965.7500000000005,6958.333333333372,0.0,0.0,160.0,1.0,0.0,raw_source,raw_level
price_family_ma12_structural_linked,structural_ma12,merced_ca_metro_area__cbsa_metro,median_sale_price,level,160,2012-01-31,2026-03-31,289584.38125,96233.40826361191,2144.2675576519914,3965.7500000000005,6958.333333333372,0.0,0.0,160.0,1.0,0.0,structural_ma12,ma12_level
price_family_ma12_structural_linked,raw_source,merced_county_ca__county,median_ppsf,level,162,2012-01-31,2026-05-31,177.7462008452145,60.018161285394086,1.3389452886376827,2.3962420961666737,4.468333333333362,0.0,0.0,162.0,1.0,0.0,raw_source,raw_level
price_family_ma12_structural_linked,structural_ma12,merced_county_ca__county,median_ppsf,level,162,2012-01-31,2026-05-31,177.7462008452145,60.018161285394086,1.3389452886376827,2.3962420961666737,4.468333333333362,0.0,0.0,162.0,1.0,0.0,structural_ma12,ma12_level
price_family_ma12_structural_linked,raw_source,merced_county_ca__county,median_sale_price,level,162,2012-01-31,2026-05-31,291196.9074074074,96604.78157047417,2120.429606625259,3978.75,6958.333333333314,0.0,0.0,162.0,1.0,0.0,raw_source,raw_level
price_family_ma12_structural_linked,structural_ma12,merced_county_ca__county,median_sale_price,level,162,2012-01-31,2026-05-31,291196.9074074074,96604.78157047417,2120.429606625259,3978.75,6958.333333333314,0.0,0.0,162.0,1.0,0.0,structural_ma12,ma12_level
price_family_ma12_structural_linked,raw_source,mercer_county_nj__county,median_ppsf,level,162,2012-01-31,2026-05-31,186.3815613651322,46.23002704398939,1.0749474126594192,2.255833333333385,3.4591666666666754,0.0,0.0,162.0,0.9999999999999999,0.0,raw_source,raw_level
price_family_ma12_structural_linked,structural_ma12,mercer_county_nj__county,median_ppsf,level,162,2012-01-31,2026-05-31,186.3815613651322,46.23002704398939,1.0749474126594192,2.255833333333385,3.4591666666666754,0.0,0.0,162.0,0.9999999999999999,0.0,structural_ma12,ma12_level
price_family_ma12_structural_linked,raw_source,mercer_county_nj__county,median_sale_price,level,162,2012-01-31,2026-05-31,290662.5221193416,74658.10976677712,2165.456521739131,4375.0,7416.666666666686,0.0,0.0,162.0,1.0,0.0,raw_source,raw_level
price_family_ma12_structural_linked,structural_ma12,mercer_county_nj__county,median_sale_price,level,162,2012-01-31,2026-05-31,290662.5221193416,74658.10976677712,2165.456521739131,4375.0,7416.666666666686,0.0,0.0,162.0,1.0,0.0,structural_ma12,ma12_level
price_family_ma12_structural_linked,raw_source,middlesex_county_nj__county,median_ppsf,level,162,2012-01-31,2026-05-31,228.84293318211365,58.58179906790917,1.1564113523022765,2.709166666666647,3.954999999999984,0.0,0.0,162.0,1.0,0.0,raw_source,raw_level
price_family_ma12_structural_linked,structural_ma12,middlesex_county_nj__county,median_ppsf,level,162,2012-01-31,2026-05-31,228.84293318211365,58.58179906790917,1.1564113523022765,2.709166666666647,3.954999999999984,0.0,0.0,162.0,1.0,0.0,structural_ma12,ma12_level
price_family_ma12_structural_linked,raw_source,middlesex_county_nj__county,median_sale_price,level,162,2012-01-31,2026-05-31,352562.40380658436,95615.75165344954,1998.3990683229829,4166.666666666686,7500.0,0.0,0.0,162.0,1.0,0.0,raw_source,raw_level
price_family_ma12_structural_linked,structural_ma12,middlesex_county_nj__county,median_sale_price,level,162,2012-01-31,2026-05-31,352562.40380658436,95615.75165344954,1998.3990683229829,4166.666666666686,7500.0,0.0,0.0,162.0,1.0,0.0,structural_ma12,ma12_level
price_family_ma12_structural_linked,raw_source,modesto_ca_metro_area__cbsa_metro,median_ppsf,level,147,2013-02-28,2026-03-31,216.3382452292211,60.15234059990025,1.393087315200344,2.7734511616249904,4.810944253000002,0.0,0.0,147.0,1.0,0.0,raw_source,raw_level
price_family_ma12_structural_linked,structural_ma12,modesto_ca_metro_area__cbsa_metro,median_ppsf,level,147,2013-02-28,2026-03-31,216.3382452292211,60.15234059990025,1.393087315200344,2.7734511616249904,4.810944253000002,0.0,0.0,147.0,1.0,0.0,structural_ma12,ma12_level
price_family_ma12_structural_linked,raw_source,modesto_ca_metro_area__cbsa_metro,median_sale_price,level,147,2013-02-28,2026-03-31,347001.37074829935,93906.58513247829,2265.1852168949767,4645.833333333314,7750.0,0.0,0.0,147.0,1.0,0.0,raw_source,raw_level
price_family_ma12_structural_linked,structural_ma12,modesto_ca_metro_area__cbsa_metro,median_sale_price,level,147,2013-02-28,2026-03-31,347001.37074829935,93906.58513247829,2265.1852168949767,4645.833333333314,7750.0,0.0,0.0,147.0,1.0,0.0,structural_ma12,ma12_level
price_family_ma12_structural_linked,raw_source,monmouth_county_nj__county,median_ppsf,level,162,2012-01-31,2026-05-31,245.6370996211029,66.14226558312303,1.2996011111920274,2.974999999999966,4.2324999999999875,0.0,0.0,162.0,1.0,0.0,raw_source,raw_level
price_family_ma12_structural_linked,structural_ma12,monmouth_county_nj__county,median_ppsf,level,162,2012-01-31,2026-05-31,245.6370996211029,66.14226558312303,1.2996011111920274,2.974999999999966,4.2324999999999875,0.0,0.0,162.0,1.0,0.0,structural_ma12,ma12_level
price_family_ma12_structural_linked,raw_source,monmouth_county_nj__county,median_sale_price,level,162,2012-01-31,2026-05-31,460893.39506172837,128220.68624146425,2539.091097308488,5791.666666666628,9375.0,0.0,0.0,162.0,1.0,0.0,raw_source,raw_level
price_family_ma12_structural_linked,structural_ma12,monmouth_county_nj__county,median_sale_price,level,162,2012-01-31,2026-05-31,460893.39506172837,128220.68624146425,2539.091097308488,5791.666666666628,9375.0,0.0,0.0,162.0,1.0,0.0,structural_ma12,ma12_level
price_family_ma12_structural_linked,raw_source,monterey_county_ca__county,median_ppsf,level,162,2012-01-31,2026-05-31,408.9052137087351,123.6682692909725,3.036099586521219,5.9500000000000455,12.335000000000036,0.0,0.0,162.0,1.0,0.0,raw_source,raw_level
price_family_ma12_structural_linked,structural_ma12,monterey_county_ca__county,median_ppsf,level,162,2012-01-31,2026-05-31,408.9052137087351,123.6682692909725,3.036099586521219,5.9500000000000455,12.335000000000036,0.0,0.0,162.0,1.0,0.0,structural_ma12,ma12_level
price_family_ma12_structural_linked,raw_source,monterey_county_ca__county,median_sale_price,level,162,2012-01-31,2026-05-31,637398.3127572017,190956.77732718087,5060.252587991718,9583.333333333314,18270.833333333372,0.0,0.0,162.0,1.0,0.0,raw_source,raw_level
price_family_ma12_structural_linked,structural_ma12,monterey_county_ca__county,median_sale_price,level,162,2012-01-31,2026-05-31,637398.3127572017,190956.77732718087,5060.252587991718,9583.333333333314,18270.833333333372,0.0,0.0,162.0,1.0,0.0,structural_ma12,ma12_level
price_family_ma12_structural_linked,raw_source,montgomery_county_md__county,median_ppsf,level,162,2012-01-31,2026-05-31,245.5239238487665,30.721485828030872,0.8465056658084881,1.825833333333378,3.3600000000000136,0.0,0.0,162.0,1.0,0.0,raw_source,raw_level
price_family_ma12_structural_linked,structural_ma12,montgomery_county_md__county,median_ppsf,level,162,2012-01-31,2026-05-31,245.5239238487665,30.721485828030872,0.8465056658084881,1.825833333333378,3.3600000000000136,0.0,0.0,162.0,1.0,0.0,structural_ma12,ma12_level
price_family_ma12_structural_linked,raw_source,montgomery_county_md__county,median_sale_price,level,162,2012-01-31,2026-05-31,474388.75823045266,85161.2309835758,1949.4948240165654,3987.5,5954.166666666628,0.0,0.0,162.0,1.0,0.0,raw_source,raw_level
price_family_ma12_structural_linked,structural_ma12,montgomery_county_md__county,median_sale_price,level,162,2012-01-31,2026-05-31,474388.75823045266,85161.2309835758,1949.4948240165654,3987.5,5954.166666666628,0.0,0.0,162.0,1.0,0.0,structural_ma12,ma12_level
price_family_ma12_structural_linked,raw_source,montgomery_county_va__county,median_ppsf,level,160,2012-01-31,2026-05-31,132.96676703692552,41.336185521562534,1.2268123380681333,2.388084745266662,4.356877677166665,0.0,0.0,160.0,1.0,0.0,raw_source,raw_level
price_family_ma12_structural_linked,structural_ma12,montgomery_county_va__county,median_ppsf,level,160,2012-01-31,2026-05-31,132.96676703692552,41.336185521562534,1.2268123380681333,2.388084745266662,4.356877677166665,0.0,0.0,160.0,1.0,0.0,structural_ma12,ma12_level
price_family_ma12_structural_linked,raw_source,montgomery_county_va__county,median_sale_price,level,160,2012-01-31,2026-05-31,249966.9796875,73016.2342775768,3400.35220125786,6914.166666666671,18458.333333333343,0.0,0.0,160.0,1.0,0.0,raw_source,raw_level
price_family_ma12_structural_linked,structural_ma12,montgomery_county_va__county,median_sale_price,level,160,2012-01-31,2026-05-31,249966.9796875,73016.2342775768,3400.35220125786,6914.166666666671,18458.333333333343,0.0,0.0,160.0,1.0,0.0,structural_ma12,ma12_level
price_family_ma12_structural_linked,raw_source,morris_county_nj__county,median_ppsf,level,122,2015-05-31,2026-05-31,262.53202191515913,53.45089920990688,1.3703817801666625,2.9966666666666697,3.6341666666666583,0.0,0.0,122.0,0.9999999999999999,0.0,raw_source,raw_level
price_family_ma12_structural_linked,structural_ma12,morris_county_nj__county,median_ppsf,level,122,2015-05-31,2026-05-31,262.53202191515913,53.45089920990688,1.3703817801666625,2.9966666666666697,3.6341666666666583,0.0,0.0,122.0,0.9999999999999999,0.0,structural_ma12,ma12_level
price_family_ma12_structural_linked,raw_source,morris_county_nj__county,median_sale_price,level,122,2015-05-31,2026-05-31,501094.3722677595,103702.26737276388,2795.631542699725,6562.5,10916.666666666628,0.0,0.0,122.0,1.0,0.0,raw_source,raw_level
price_family_ma12_structural_linked,structural_ma12,morris_county_nj__county,median_sale_price,level,122,2015-05-31,2026-05-31,501094.3722677595,103702.26737276388,2795.631542699725,6562.5,10916.666666666628,0.0,0.0,122.0,1.0,0.0,structural_ma12,ma12_level
price_family_ma12_structural_linked,raw_source,napa_ca_metro_area__cbsa_metro,median_ppsf,level,160,2012-01-31,2026-03-31,441.122596495388,108.78418956895106,3.20214580902778,6.217488317816633,10.254792143249972,0.0,0.0,160.0,1.0,0.0,raw_source,raw_level
price_family_ma12_structural_linked,structural_ma12,napa_ca_metro_area__cbsa_metro,median_ppsf,level,160,2012-01-31,2026-03-31,441.122596495388,108.78418956895106,3.20214580902778,6.217488317816633,10.254792143249972,0.0,0.0,160.0,1.0,0.0,structural_ma12,ma12_level
price_family_ma12_structural_linked,raw_source,napa_ca_metro_area__cbsa_metro,median_sale_price,level,160,2012-01-31,2026-03-31,704846.8125,169664.7779285469,5416.284067085954,10541.666666666732,22500.0,0.0,0.0,160.0,0.9999999999999998,0.0,raw_source,raw_level
price_family_ma12_structural_linked,structural_ma12,napa_ca_metro_area__cbsa_metro,median_sale_price,level,160,2012-01-31,2026-03-31,704846.8125,169664.7779285469,5416.284067085954,10541.666666666732,22500.0,0.0,0.0,160.0,0.9999999999999998,0.0,structural_ma12,ma12_level
price_family_ma12_structural_linked,raw_source,napa_county_ca__county,median_ppsf,level,162,2012-01-31,2026-05-31,441.6673653155967,110.04649171248097,3.2288693710595227,6.0458333333333485,10.254999999999995,0.0,0.0,162.0,1.0,0.0,raw_source,raw_level
price_family_ma12_structural_linked,structural_ma12,napa_county_ca__county,median_ppsf,level,162,2012-01-31,2026-05-31,441.6673653155967,110.04649171248097,3.2288693710595227,6.0458333333333485,10.254999999999995,0.0,0.0,162.0,1.0,0.0,structural_ma12,ma12_level
price_family_ma12_structural_linked,raw_source,napa_county_ca__county,median_sale_price,level,162,2012-01-31,2026-05-31,705200.5133744857,172518.9905750439,5426.249482401659,10833.333333333314,22500.0,0.0,0.0,162.0,1.0,0.0,raw_source,raw_level
price_family_ma12_structural_linked,structural_ma12,napa_county_ca__county,median_sale_price,level,162,2012-01-31,2026-05-31,705200.5133744857,172518.9905750439,5426.249482401659,10833.333333333314,22500.0,0.0,0.0,162.0,1.0,0.0,structural_ma12,ma12_level
price_family_ma12_structural_linked,raw_source,nelson_county_va__county,median_ppsf,level,162,2012-01-31,2026-05-31,168.70578636846142,52.72323301998106,1.7323461752696683,3.9485907856666813,8.158333333333331,0.0,0.0,162.0,1.0,0.0,raw_source,raw_level
price_family_ma12_structural_linked,structural_ma12,nelson_county_va__county,median_ppsf,level,162,2012-01-31,2026-05-31,168.70578636846142,52.72323301998106,1.7323461752696683,3.9485907856666813,8.158333333333331,0.0,0.0,162.0,1.0,0.0,structural_ma12,ma12_level
price_family_ma12_structural_linked,raw_source,nelson_county_va__county,median_sale_price,level,162,2012-01-31,2026-05-31,283301.95010288066,79007.24544211215,4817.724637681161,10104.166666666686,19250.0,0.0,0.0,162.0,0.9999999999999998,0.0,raw_source,raw_level
price_family_ma12_structural_linked,structural_ma12,nelson_county_va__county,median_sale_price,level,162,2012-01-31,2026-05-31,283301.95010288066,79007.24544211215,4817.724637681161,10104.166666666686,19250.0,0.0,0.0,162.0,0.9999999999999998,0.0,structural_ma12,ma12_level
price_family_ma12_structural_linked,raw_source,nevada_county_ca__county,median_ppsf,level,162,2012-01-31,2026-05-31,269.57059110945676,61.889279969146386,1.7023798521387186,3.1924999999999955,6.099999999999966,0.0,0.0,162.0,1.0,0.0,raw_source,raw_level
price_family_ma12_structural_linked,structural_ma12,nevada_county_ca__county,median_ppsf,level,162,2012-01-31,2026-05-31,269.57059110945676,61.889279969146386,1.7023798521387186,3.1924999999999955,6.099999999999966,0.0,0.0,162.0,1.0,0.0,structural_ma12,ma12_level
price_family_ma12_structural_linked,raw_source,nevada_county_ca__county,median_sale_price,level,162,2012-01-31,2026-05-31,488912.49022633745,119728.38544951846,3683.7810559006184,8066.666666666744,13666.666666666628,0.0,0.0,162.0,1.0,0.0,raw_source,raw_level
price_family_ma12_structural_linked,structural_ma12,nevada_county_ca__county,median_sale_price,level,162,2012-01-31,2026-05-31,488912.49022633745,119728.38544951846,3683.7810559006184,8066.666666666744,13666.666666666628,0.0,0.0,162.0,1.0,0.0,structural_ma12,ma12_level
price_family_ma12_structural_linked,raw_source,new_brunswick_nj_metro_area__cbsa_metro,median_ppsf,level,162,2012-01-31,2026-05-31,222.95255144032922,60.30729431402447,1.1417650103519665,2.8600000000000136,3.5233333333333405,0.0,0.0,162.0,1.0,0.0,raw_source,raw_level
price_family_ma12_structural_linked,structural_ma12,new_brunswick_nj_metro_area__cbsa_metro,median_ppsf,level,162,2012-01-31,2026-05-31,222.95255144032922,60.30729431402447,1.1417650103519665,2.8600000000000136,3.5233333333333405,0.0,0.0,162.0,1.0,0.0,structural_ma12,ma12_level
price_family_ma12_structural_linked,raw_source,new_brunswick_nj_metro_area__cbsa_metro,median_sale_price,level,162,2012-01-31,2026-05-31,366711.63991769543,101497.57296347184,1972.024844720497,4250.0,5916.666666666628,0.0,0.0,162.0,1.0,0.0,raw_source,raw_level
price_family_ma12_structural_linked,structural_ma12,new_brunswick_nj_metro_area__cbsa_metro,median_sale_price,level,162,2012-01-31,2026-05-31,366711.63991769543,101497.57296347184,1972.024844720497,4250.0,5916.666666666628,0.0,0.0,162.0,1.0,0.0,structural_ma12,ma12_level
price_family_ma12_structural_linked,raw_source,new_jersey__state,median_ppsf,level,162,2012-01-31,2026-05-31,208.46911008230452,55.59431583434972,1.1286076604554869,2.5183333333333167,4.03666666666669,0.0,0.0,162.0,1.0,0.0,raw_source,raw_level
price_family_ma12_structural_linked,structural_ma12,new_jersey__state,median_ppsf,level,162,2012-01-31,2026-05-31,208.46911008230452,55.59431583434972,1.1286076604554869,2.5183333333333167,4.03666666666669,0.0,0.0,162.0,1.0,0.0,structural_ma12,ma12_level
price_family_ma12_structural_linked,raw_source,new_jersey__state,median_sale_price,level,162,2012-01-31,2026-05-31,352906.54989711934,94025.3374348983,1919.6371635610776,4583.333333333314,6666.666666666628,0.0,0.0,162.0,1.0,0.0,raw_source,raw_level
price_family_ma12_structural_linked,structural_ma12,new_jersey__state,median_sale_price,level,162,2012-01-31,2026-05-31,352906.54989711934,94025.3374348983,1919.6371635610776,4583.333333333314,6666.666666666628,0.0,0.0,162.0,1.0,0.0,structural_ma12,ma12_level
price_family_ma12_structural_linked,raw_source,new_kent_county_va__county,median_ppsf,level,162,2012-01-31,2026-05-31,148.11245722796605,35.40392977640895,0.8910236017230853,1.8449999999999704,3.714166666666671,0.0,0.0,162.0,1.0,0.0,raw_source,raw_level
price_family_ma12_structural_linked,structural_ma12,new_kent_county_va__county,median_ppsf,level,162,2012-01-31,2026-05-31,148.11245722796605,35.40392977640895,0.8910236017230853,1.8449999999999704,3.714166666666671,0.0,0.0,162.0,1.0,0.0,structural_ma12,ma12_level
price_family_ma12_structural_linked,raw_source,new_kent_county_va__county,median_sale_price,level,162,2012-01-31,2026-05-31,313794.1952160494,73091.58465018132,2409.8801759834373,4897.5,11149.416666666628,0.0,0.0,162.0,1.0,0.0,raw_source,raw_level
price_family_ma12_structural_linked,structural_ma12,new_kent_county_va__county,median_sale_price,level,162,2012-01-31,2026-05-31,313794.1952160494,73091.58465018132,2409.8801759834373,4897.5,11149.416666666628,0.0,0.0,162.0,1.0,0.0,structural_ma12,ma12_level
price_family_ma12_structural_linked,raw_source,newark_nj_metro_area__cbsa_metro,median_ppsf,level,162,2012-01-31,2026-05-31,225.04845679012345,56.87059357241065,1.206133540372671,2.7941666666666833,4.449166666666656,0.0,0.0,162.0,1.0,0.0,raw_source,raw_level
price_family_ma12_structural_linked,structural_ma12,newark_nj_metro_area__cbsa_metro,median_ppsf,level,162,2012-01-31,2026-05-31,225.04845679012345,56.87059357241065,1.206133540372671,2.7941666666666833,4.449166666666656,0.0,0.0,162.0,1.0,0.0,structural_ma12,ma12_level
price_family_ma12_structural_linked,raw_source,newark_nj_metro_area__cbsa_metro,median_sale_price,level,162,2012-01-31,2026-05-31,398523.6280864198,104219.97511931566,2322.634057971015,5416.666666666686,7750.0,0.0,0.0,162.0,1.0,0.0,raw_source,raw_level
price_family_ma12_structural_linked,structural_ma12,newark_nj_metro_area__cbsa_metro,median_sale_price,level,162,2012-01-31,2026-05-31,398523.6280864198,104219.97511931566,2322.634057971015,5416.666666666686,7750.0,0.0,0.0,162.0,1.0,0.0,structural_ma12,ma12_level
price_family_ma12_structural_linked,raw_source,newport_news_va__county,median_ppsf,level,137,2014-02-28,2026-05-31,136.0079068695438,29.881012279208242,0.6881694383725492,1.3816666666666606,1.9908333333333417,0.0,0.0,137.0,1.0,0.0,raw_source,raw_level
price_family_ma12_structural_linked,structural_ma12,newport_news_va__county,median_ppsf,level,137,2014-02-28,2026-05-31,136.0079068695438,29.881012279208242,0.6881694383725492,1.3816666666666606,1.9908333333333417,0.0,0.0,137.0,1.0,0.0,structural_ma12,ma12_level
price_family_ma12_structural_linked,raw_source,newport_news_va__county,median_sale_price,level,137,2014-02-28,2026-05-31,216464.20498783453,46418.564152966646,1231.5845588235297,2372.9166666666424,3645.833333333343,0.0,0.0,137.0,0.9999999999999999,0.0,raw_source,raw_level
price_family_ma12_structural_linked,structural_ma12,newport_news_va__county,median_sale_price,level,137,2014-02-28,2026-05-31,216464.20498783453,46418.564152966646,1231.5845588235297,2372.9166666666424,3645.833333333343,0.0,0.0,137.0,0.9999999999999999,0.0,structural_ma12,ma12_level
price_family_ma12_structural_linked,raw_source,norfolk_va__county,median_ppsf,level,137,2014-02-28,2026-05-31,150.50816733652493,35.37559147487902,0.7825282349295326,1.7125000000000057,2.40083333333331,0.0,0.0,137.0,1.0,0.0,raw_source,raw_level
price_family_ma12_structural_linked,structural_ma12,norfolk_va__county,median_ppsf,level,137,2014-02-28,2026-05-31,150.50816733652493,35.37559147487902,0.7825282349295326,1.7125000000000057,2.40083333333331,0.0,0.0,137.0,1.0,0.0,structural_ma12,ma12_level
price_family_ma12_structural_linked,raw_source,norfolk_va__county,median_sale_price,level,137,2014-02-28,2026-05-31,238295.99270072993,51852.15599648051,1242.432598039215,2325.0,3789.583333333343,0.0,0.0,137.0,1.0,0.0,raw_source,raw_level
price_family_ma12_structural_linked,structural_ma12,norfolk_va__county,median_sale_price,level,137,2014-02-28,2026-05-31,238295.99270072993,51852.15599648051,1242.432598039215,2325.0,3789.583333333343,0.0,0.0,137.0,1.0,0.0,structural_ma12,ma12_level
price_family_ma12_structural_linked,raw_source,norton_va__county,median_ppsf,level,121,2014-01-31,2026-05-31,62.66785907813292,13.114697928542071,2.1207345679090275,4.487197847341663,13.75394975783334,0.0,0.0,121.0,1.0,0.0,raw_source,raw_level
price_family_ma12_structural_linked,structural_ma12,norton_va__county,median_ppsf,level,121,2014-01-31,2026-05-31,62.66785907813292,13.114697928542071,2.1207345679090275,4.487197847341663,13.75394975783334,0.0,0.0,121.0,1.0,0.0,structural_ma12,ma12_level
price_family_ma12_structural_linked,raw_source,norton_va__county,median_sale_price,level,121,2014-01-31,2026-05-31,120507.77892561983,23395.529573155975,4507.10625,8595.83333333333,19583.333333333343,0.0,0.0,121.0,1.0,0.0,raw_source,raw_level
price_family_ma12_structural_linked,structural_ma12,norton_va__county,median_sale_price,level,121,2014-01-31,2026-05-31,120507.77892561983,23395.529573155975,4507.10625,8595.83333333333,19583.333333333343,0.0,0.0,121.0,1.0,0.0,structural_ma12,ma12_level
price_family_ma12_structural_linked,raw_source,oakland_ca_metro_area__cbsa_metro,median_ppsf,level,162,2012-01-31,2026-05-31,475.5352057613169,117.4184705138981,3.222344720496894,7.108333333333292,11.00416666666672,0.0,0.0,162.0,0.9999999999999999,0.0,raw_source,raw_level
price_family_ma12_structural_linked,structural_ma12,oakland_ca_metro_area__cbsa_metro,median_ppsf,level,162,2012-01-31,2026-05-31,475.5352057613169,117.4184705138981,3.222344720496894,7.108333333333292,11.00416666666672,0.0,0.0,162.0,0.9999999999999999,0.0,structural_ma12,ma12_level
price_family_ma12_structural_linked,raw_source,oakland_ca_metro_area__cbsa_metro,median_sale_price,level,162,2012-01-31,2026-05-31,727263.1820987654,182413.0528681803,5053.61387163561,9884.416666666686,18833.333333333256,0.0,0.0,162.0,1.0,0.0,raw_source,raw_level
price_family_ma12_structural_linked,structural_ma12,oakland_ca_metro_area__cbsa_metro,median_sale_price,level,162,2012-01-31,2026-05-31,727263.1820987654,182413.0528681803,5053.61387163561,9884.416666666686,18833.333333333256,0.0,0.0,162.0,1.0,0.0,structural_ma12,ma12_level
price_family_ma12_structural_linked,raw_source,ocean_city_nj_metro_area__cbsa_metro,median_ppsf,level,160,2012-01-31,2026-03-31,337.7792040379667,109.34284504560488,2.927795769066042,6.987308907433348,13.416864102666693,0.0,0.0,160.0,1.0,0.0,raw_source,raw_level
price_family_ma12_structural_linked,structural_ma12,ocean_city_nj_metro_area__cbsa_metro,median_ppsf,level,160,2012-01-31,2026-03-31,337.7792040379667,109.34284504560488,2.927795769066042,6.987308907433348,13.416864102666693,0.0,0.0,160.0,1.0,0.0,structural_ma12,ma12_level
price_family_ma12_structural_linked,raw_source,ocean_city_nj_metro_area__cbsa_metro,median_sale_price,level,160,2012-01-31,2026-03-31,459846.7072916667,124181.41376297329,4306.886792452828,8795.83333333331,18750.0,0.0,0.0,160.0,1.0,0.0,raw_source,raw_level
price_family_ma12_structural_linked,structural_ma12,ocean_city_nj_metro_area__cbsa_metro,median_sale_price,level,160,2012-01-31,2026-03-31,459846.7072916667,124181.41376297329,4306.886792452828,8795.83333333331,18750.0,0.0,0.0,160.0,1.0,0.0,structural_ma12,ma12_level
price_family_ma12_structural_linked,raw_source,ocean_county_nj__county,median_ppsf,level,162,2012-01-31,2026-05-31,189.02613490956995,58.00062626622426,1.1003659048022776,3.002500000000026,3.874166666666639,0.0,0.0,162.0,1.0,0.0,raw_source,raw_level
price_family_ma12_structural_linked,structural_ma12,ocean_county_nj__county,median_ppsf,level,162,2012-01-31,2026-05-31,189.02613490956995,58.00062626622426,1.1003659048022776,3.002500000000026,3.874166666666639,0.0,0.0,162.0,1.0,0.0,structural_ma12,ma12_level
price_family_ma12_structural_linked,raw_source,ocean_county_nj__county,median_sale_price,level,162,2012-01-31,2026-05-31,303466.56764403294,95806.9295704348,2012.9174430641817,4791.666666666686,6500.0,0.0,0.0,162.0,1.0,0.0,raw_source,raw_level
price_family_ma12_structural_linked,structural_ma12,ocean_county_nj__county,median_sale_price,level,162,2012-01-31,2026-05-31,303466.56764403294,95806.9295704348,2012.9174430641817,4791.666666666686,6500.0,0.0,0.0,162.0,1.0,0.0,structural_ma12,ma12_level
price_family_ma12_structural_linked,raw_source,orange_county_ca__county,median_ppsf,level,162,2012-01-31,2026-05-31,457.7114125521425,126.84705573342193,2.7819332698835395,6.240833333333285,10.779166666666697,0.0,0.0,162.0,0.9999999999999999,0.0,raw_source,raw_level
price_family_ma12_structural_linked,structural_ma12,orange_county_ca__county,median_ppsf,level,162,2012-01-31,2026-05-31,457.7114125521425,126.84705573342193,2.7819332698835395,6.240833333333285,10.779166666666697,0.0,0.0,162.0,0.9999999999999999,0.0,structural_ma12,ma12_level
price_family_ma12_structural_linked,raw_source,orange_county_ca__county,median_sale_price,level,162,2012-01-31,2026-05-31,785658.6692386832,227688.97523151035,5232.372153209113,11666.666666666744,18749.166666666744,0.0,0.0,162.0,0.9999999999999999,0.0,raw_source,raw_level
price_family_ma12_structural_linked,structural_ma12,orange_county_ca__county,median_sale_price,level,162,2012-01-31,2026-05-31,785658.6692386832,227688.97523151035,5232.372153209113,11666.666666666744,18749.166666666744,0.0,0.0,162.0,0.9999999999999999,0.0,structural_ma12,ma12_level
price_family_ma12_structural_linked,raw_source,oxnard_ca_metro_area__cbsa_metro,median_ppsf,level,162,2012-01-31,2026-05-31,378.5413734567901,91.47917480442842,2.0711128364389233,4.523333333333426,6.6399999999999295,0.0,0.0,162.0,1.0,0.0,raw_source,raw_level
price_family_ma12_structural_linked,structural_ma12,oxnard_ca_metro_area__cbsa_metro,median_ppsf,level,162,2012-01-31,2026-05-31,378.5413734567901,91.47917480442842,2.0711128364389233,4.523333333333426,6.6399999999999295,0.0,0.0,162.0,1.0,0.0,structural_ma12,ma12_level
price_family_ma12_structural_linked,raw_source,oxnard_ca_metro_area__cbsa_metro,median_sale_price,level,162,2012-01-31,2026-05-31,642608.0267489712,154497.47447577506,3674.3281573498966,7875.0,13291.666666666628,0.0,0.0,162.0,1.0,0.0,raw_source,raw_level
price_family_ma12_structural_linked,structural_ma12,oxnard_ca_metro_area__cbsa_metro,median_sale_price,level,162,2012-01-31,2026-05-31,642608.0267489712,154497.47447577506,3674.3281573498966,7875.0,13291.666666666628,0.0,0.0,162.0,1.0,0.0,structural_ma12,ma12_level
price_family_ma12_structural_linked,raw_source,petersburg_va__county,median_ppsf,level,162,2012-01-31,2026-05-31,77.25992433618107,41.07022660145217,1.1122138494006215,2.453333333333319,5.772499999999994,0.0,0.0,162.0,0.9999999999999998,0.0,raw_source,raw_level
price_family_ma12_structural_linked,structural_ma12,petersburg_va__county,median_ppsf,level,162,2012-01-31,2026-05-31,77.25992433618107,41.07022660145217,1.1122138494006215,2.453333333333319,5.772499999999994,0.0,0.0,162.0,0.9999999999999998,0.0,structural_ma12,ma12_level
price_family_ma12_structural_linked,raw_source,petersburg_va__county,median_sale_price,level,162,2012-01-31,2026-05-31,113586.22325102882,57929.73083309682,1885.6006728778466,4170.833333333343,6904.166666666657,0.0,0.0,162.0,1.0,0.0,raw_source,raw_level
price_family_ma12_structural_linked,structural_ma12,petersburg_va__county,median_sale_price,level,162,2012-01-31,2026-05-31,113586.22325102882,57929.73083309682,1885.6006728778466,4170.833333333343,6904.166666666657,0.0,0.0,162.0,1.0,0.0,structural_ma12,ma12_level
price_family_ma12_structural_linked,raw_source,pittsylvania_county_va__county,median_ppsf,level,162,2012-01-31,2026-05-31,91.36076685624023,26.263341770131188,0.9172150935522789,1.9333333333333371,3.375,0.0,0.0,162.0,1.0,0.0,raw_source,raw_level
price_family_ma12_structural_linked,structural_ma12,pittsylvania_county_va__county,median_ppsf,level,162,2012-01-31,2026-05-31,91.36076685624023,26.263341770131188,0.9172150935522789,1.9333333333333371,3.375,0.0,0.0,162.0,1.0,0.0,structural_ma12,ma12_level
price_family_ma12_structural_linked,raw_source,pittsylvania_county_va__county,median_sale_price,level,162,2012-01-31,2026-05-31,154165.42078189302,40828.175793247,2241.091097308488,4633.333333333314,8125.0,0.0,0.0,162.0,0.9999999999999998,0.0,raw_source,raw_level
price_family_ma12_structural_linked,structural_ma12,pittsylvania_county_va__county,median_sale_price,level,162,2012-01-31,2026-05-31,154165.42078189302,40828.175793247,2241.091097308488,4633.333333333314,8125.0,0.0,0.0,162.0,0.9999999999999998,0.0,structural_ma12,ma12_level
price_family_ma12_structural_linked,raw_source,placer_county_ca__county,median_ppsf,level,162,2012-01-31,2026-05-31,264.51088063582614,65.6573585117539,1.5838785935082802,3.402499999999975,5.27916666666664,0.0,0.0,162.0,1.0,0.0,raw_source,raw_level
price_family_ma12_structural_linked,structural_ma12,placer_county_ca__county,median_ppsf,level,162,2012-01-31,2026-05-31,264.51088063582614,65.6573585117539,1.5838785935082802,3.402499999999975,5.27916666666664,0.0,0.0,162.0,1.0,0.0,structural_ma12,ma12_level
price_family_ma12_structural_linked,raw_source,placer_county_ca__county,median_sale_price,level,162,2012-01-31,2026-05-31,513062.4521604938,127227.69016905682,3097.0476190476197,6833.333333333372,12916.666666666744,0.0,0.0,162.0,0.9999999999999999,0.0,raw_source,raw_level
price_family_ma12_structural_linked,structural_ma12,placer_county_ca__county,median_sale_price,level,162,2012-01-31,2026-05-31,513062.4521604938,127227.69016905682,3097.0476190476197,6833.333333333372,12916.666666666744,0.0,0.0,162.0,0.9999999999999999,0.0,structural_ma12,ma12_level
price_family_ma12_structural_linked,raw_source,poquoson_va__county,median_ppsf,level,137,2014-02-28,2026-05-31,164.1239948459057,29.10253968282213,1.1322419162996302,2.287083333333328,3.9975000000000023,0.0,0.0,137.0,0.9999999999999999,0.0,raw_source,raw_level
price_family_ma12_structural_linked,structural_ma12,poquoson_va__county,median_ppsf,level,137,2014-02-28,2026-05-31,164.1239948459057,29.10253968282213,1.1322419162996302,2.287083333333328,3.9975000000000023,0.0,0.0,137.0,0.9999999999999999,0.0,structural_ma12,ma12_level
price_family_ma12_structural_linked,raw_source,poquoson_va__county,median_sale_price,level,137,2014-02-28,2026-05-31,357912.71350364963,71743.06425439869,4659.921568627453,9479.166666666657,16722.666666666628,0.0,0.0,137.0,1.0,0.0,raw_source,raw_level
price_family_ma12_structural_linked,structural_ma12,poquoson_va__county,median_sale_price,level,137,2014-02-28,2026-05-31,357912.71350364963,71743.06425439869,4659.921568627453,9479.166666666657,16722.666666666628,0.0,0.0,137.0,1.0,0.0,structural_ma12,ma12_level
price_family_ma12_structural_linked,raw_source,portsmouth_va__county,median_ppsf,level,137,2014-02-28,2026-05-31,126.1872556591983,33.3726302234575,0.8201095261599262,1.5429166666666632,2.369166666666672,0.0,0.0,137.0,1.0,0.0,raw_source,raw_level
price_family_ma12_structural_linked,structural_ma12,portsmouth_va__county,median_ppsf,level,137,2014-02-28,2026-05-31,126.1872556591983,33.3726302234575,0.8201095261599262,1.5429166666666632,2.369166666666672,0.0,0.0,137.0,1.0,0.0,structural_ma12,ma12_level
price_family_ma12_structural_linked,raw_source,portsmouth_va__county,median_sale_price,level,137,2014-02-28,2026-05-31,191940.8996350365,50779.26092970947,1309.8743872549016,2395.8333333333285,4000.0,0.0,0.0,137.0,1.0,0.0,raw_source,raw_level
price_family_ma12_structural_linked,structural_ma12,portsmouth_va__county,median_sale_price,level,137,2014-02-28,2026-05-31,191940.8996350365,50779.26092970947,1309.8743872549016,2395.8333333333285,4000.0,0.0,0.0,137.0,1.0,0.0,structural_ma12,ma12_level
price_family_ma12_structural_linked,raw_source,powhatan_county_va__county,median_ppsf,level,162,2012-01-31,2026-05-31,163.10389691469703,42.77878764430958,1.0953158740243278,2.2541666666666913,4.571666666666687,0.0,0.0,162.0,1.0,0.0,raw_source,raw_level
price_family_ma12_structural_linked,structural_ma12,powhatan_county_va__county,median_ppsf,level,162,2012-01-31,2026-05-31,163.10389691469703,42.77878764430958,1.0953158740243278,2.2541666666666913,4.571666666666687,0.0,0.0,162.0,1.0,0.0,structural_ma12,ma12_level
price_family_ma12_structural_linked,raw_source,powhatan_county_va__county,median_sale_price,level,162,2012-01-31,2026-05-31,337251.2471707819,87839.14724236687,3452.438664596272,7416.666666666686,15833.333333333314,0.0,0.0,162.0,1.0,0.0,raw_source,raw_level
price_family_ma12_structural_linked,structural_ma12,powhatan_county_va__county,median_sale_price,level,162,2012-01-31,2026-05-31,337251.2471707819,87839.14724236687,3452.438664596272,7416.666666666686,15833.333333333314,0.0,0.0,162.0,1.0,0.0,structural_ma12,ma12_level
price_family_ma12_structural_linked,raw_source,prince_george_county_va__county,median_ppsf,level,162,2012-01-31,2026-05-31,132.802733034821,35.3359970861591,0.9147372027365421,2.050833333333344,3.4824999999999875,0.0,0.0,162.0,1.0,0.0,raw_source,raw_level
price_family_ma12_structural_linked,structural_ma12,prince_george_county_va__county,median_ppsf,level,162,2012-01-31,2026-05-31,132.802733034821,35.3359970861591,0.9147372027365421,2.050833333333344,3.4824999999999875,0.0,0.0,162.0,1.0,0.0,structural_ma12,ma12_level
price_family_ma12_structural_linked,raw_source,prince_george_county_va__county,median_sale_price,level,162,2012-01-31,2026-05-31,246781.82998971196,65489.60638616844,2303.3537784679097,4758.333333333343,8333.333333333314,0.0,0.0,162.0,0.9999999999999999,0.0,raw_source,raw_level
price_family_ma12_structural_linked,structural_ma12,prince_george_county_va__county,median_sale_price,level,162,2012-01-31,2026-05-31,246781.82998971196,65489.60638616844,2303.3537784679097,4758.333333333343,8333.333333333314,0.0,0.0,162.0,0.9999999999999999,0.0,structural_ma12,ma12_level
price_family_ma12_structural_linked,raw_source,prince_george_s_county_md__county,median_ppsf,level,162,2012-01-31,2026-05-31,181.75343270036473,41.99988245114318,0.8727225877945137,1.5541666666666742,3.5216666666666754,0.0,0.0,162.0,1.0,0.0,raw_source,raw_level
price_family_ma12_structural_linked,structural_ma12,prince_george_s_county_md__county,median_ppsf,level,162,2012-01-31,2026-05-31,181.75343270036473,41.99988245114318,0.8727225877945137,1.5541666666666742,3.5216666666666754,0.0,0.0,162.0,1.0,0.0,structural_ma12,ma12_level
price_family_ma12_structural_linked,raw_source,prince_george_s_county_md__county,median_sale_price,level,162,2012-01-31,2026-05-31,317097.1975308642,88080.23012904548,1770.2479296066251,2944.25,5833.333333333314,0.0,0.0,162.0,1.0,0.0,raw_source,raw_level
price_family_ma12_structural_linked,structural_ma12,prince_george_s_county_md__county,median_sale_price,level,162,2012-01-31,2026-05-31,317097.1975308642,88080.23012904548,1770.2479296066251,2944.25,5833.333333333314,0.0,0.0,162.0,1.0,0.0,structural_ma12,ma12_level
price_family_ma12_structural_linked,raw_source,prince_william_county_va__county,median_ppsf,level,162,2012-01-31,2026-05-31,184.23625444754015,37.33174840632129,0.8000588196216357,1.8541666666666572,2.655000000000058,0.0,0.0,162.0,0.9999999999999998,0.0,raw_source,raw_level
price_family_ma12_structural_linked,structural_ma12,prince_william_county_va__county,median_ppsf,level,162,2012-01-31,2026-05-31,184.23625444754015,37.33174840632129,0.8000588196216357,1.8541666666666572,2.655000000000058,0.0,0.0,162.0,0.9999999999999998,0.0,structural_ma12,ma12_level
price_family_ma12_structural_linked,raw_source,prince_william_county_va__county,median_sale_price,level,162,2012-01-31,2026-05-31,405635.80555555556,99792.99415058554,2122.3819875776385,4159.083333333372,6666.666666666628,0.0,0.0,162.0,1.0,0.0,raw_source,raw_level
price_family_ma12_structural_linked,structural_ma12,prince_william_county_va__county,median_sale_price,level,162,2012-01-31,2026-05-31,405635.80555555556,99792.99415058554,2122.3819875776385,4159.083333333372,6666.666666666628,0.0,0.0,162.0,1.0,0.0,structural_ma12,ma12_level
price_family_ma12_structural_linked,raw_source,pulaski_county_va__county,median_ppsf,level,145,2012-02-29,2026-05-31,104.14698569261782,26.885584426706142,1.6803176428188662,3.445249999999998,10.199455104750008,0.0,0.0,145.0,0.9999999999999999,0.0,raw_source,raw_level
price_family_ma12_structural_linked,structural_ma12,pulaski_county_va__county,median_ppsf,level,145,2012-02-29,2026-05-31,104.14698569261782,26.885584426706142,1.6803176428188662,3.445249999999998,10.199455104750008,0.0,0.0,145.0,0.9999999999999999,0.0,structural_ma12,ma12_level
price_family_ma12_structural_linked,raw_source,pulaski_county_va__county,median_sale_price,level,145,2012-02-29,2026-05-31,174992.48160919538,36478.84436758226,3728.699652777778,7678.333333333356,20833.33333333333,0.0,0.0,145.0,1.0,0.0,raw_source,raw_level
price_family_ma12_structural_linked,structural_ma12,pulaski_county_va__county,median_sale_price,level,145,2012-02-29,2026-05-31,174992.48160919538,36478.84436758226,3728.699652777778,7678.333333333356,20833.33333333333,0.0,0.0,145.0,1.0,0.0,structural_ma12,ma12_level
price_family_ma12_structural_linked,raw_source,queen_anne_s_county_md__county,median_ppsf,level,162,2012-01-31,2026-05-31,190.13901947037655,38.11143320845748,1.146088595917702,2.2491666666666674,3.951666666666682,0.0,0.0,162.0,1.0,0.0,raw_source,raw_level
price_family_ma12_structural_linked,structural_ma12,queen_anne_s_county_md__county,median_ppsf,level,162,2012-01-31,2026-05-31,190.13901947037655,38.11143320845748,1.146088595917702,2.2491666666666674,3.951666666666682,0.0,0.0,162.0,1.0,0.0,structural_ma12,ma12_level
price_family_ma12_structural_linked,raw_source,queen_anne_s_county_md__county,median_sale_price,level,162,2012-01-31,2026-05-31,376763.5272633745,90436.15480148241,3042.4482401656296,6666.666666666628,11916.666666666686,0.0,0.0,162.0,1.0,0.0,raw_source,raw_level
price_family_ma12_structural_linked,structural_ma12,queen_anne_s_county_md__county,median_sale_price,level,162,2012-01-31,2026-05-31,376763.5272633745,90436.15480148241,3042.4482401656296,6666.666666666628,11916.666666666686,0.0,0.0,162.0,1.0,0.0,structural_ma12,ma12_level
price_family_ma12_structural_linked,raw_source,radford_va__county,median_ppsf,level,126,2012-05-31,2026-05-31,116.14242398690608,32.92743365368066,1.6607864677059994,3.601464173149992,7.192252106666672,0.0,0.0,126.0,0.9999999999999998,0.0,raw_source,raw_level
price_family_ma12_structural_linked,structural_ma12,radford_va__county,median_ppsf,level,126,2012-05-31,2026-05-31,116.14242398690608,32.92743365368066,1.6607864677059994,3.601464173149992,7.192252106666672,0.0,0.0,126.0,0.9999999999999998,0.0,structural_ma12,ma12_level
price_family_ma12_structural_linked,raw_source,radford_va__county,median_sale_price,level,126,2012-05-31,2026-05-31,192003.6607142857,56529.929608633116,4170.220666666667,7838.333333333338,17833.33333333333,0.0,0.0,126.0,1.0,0.0,raw_source,raw_level
price_family_ma12_structural_linked,structural_ma12,radford_va__county,median_sale_price,level,126,2012-05-31,2026-05-31,192003.6607142857,56529.929608633116,4170.220666666667,7838.333333333338,17833.33333333333,0.0,0.0,126.0,1.0,0.0,structural_ma12,ma12_level
price_family_ma12_structural_linked,raw_source,rappahannock_county_va__county,median_ppsf,level,162,2012-01-31,2026-05-31,217.32379054846604,50.58415409111284,4.553669954815738,8.86833333333334,24.274166666666645,0.0,0.0,162.0,1.0,0.0,raw_source,raw_level
price_family_ma12_structural_linked,structural_ma12,rappahannock_county_va__county,median_ppsf,level,162,2012-01-31,2026-05-31,217.32379054846604,50.58415409111284,4.553669954815738,8.86833333333334,24.274166666666645,0.0,0.0,162.0,1.0,0.0,structural_ma12,ma12_level
price_family_ma12_structural_linked,raw_source,rappahannock_county_va__county,median_sale_price,level,162,2012-01-31,2026-05-31,455271.7633744856,107441.74659726993,12493.224120082818,27166.666666666686,71625.0,0.0,0.0,162.0,1.0,0.0,raw_source,raw_level
price_family_ma12_structural_linked,structural_ma12,rappahannock_county_va__county,median_sale_price,level,162,2012-01-31,2026-05-31,455271.7633744856,107441.74659726993,12493.224120082818,27166.666666666686,71625.0,0.0,0.0,162.0,1.0,0.0,structural_ma12,ma12_level
price_family_ma12_structural_linked,raw_source,red_bluff_ca_metro_area__cbsa_metro,median_ppsf,level,160,2012-01-31,2026-03-31,166.24923054999272,49.865834411688624,1.2482974824706505,2.4940880002166588,4.328574461750009,0.0,0.0,160.0,1.0,0.0,raw_source,raw_level
price_family_ma12_structural_linked,structural_ma12,red_bluff_ca_metro_area__cbsa_metro,median_ppsf,level,160,2012-01-31,2026-03-31,166.24923054999272,49.865834411688624,1.2482974824706505,2.4940880002166588,4.328574461750009,0.0,0.0,160.0,1.0,0.0,structural_ma12,ma12_level
price_family_ma12_structural_linked,raw_source,red_bluff_ca_metro_area__cbsa_metro,median_sale_price,level,160,2012-01-31,2026-03-31,249371.5125,74212.6221574243,2365.984276729561,4691.666666666663,9583.333333333343,0.0,0.0,160.0,1.0,0.0,raw_source,raw_level
price_family_ma12_structural_linked,structural_ma12,red_bluff_ca_metro_area__cbsa_metro,median_sale_price,level,160,2012-01-31,2026-03-31,249371.5125,74212.6221574243,2365.984276729561,4691.666666666663,9583.333333333343,0.0,0.0,160.0,1.0,0.0,structural_ma12,ma12_level
price_family_ma12_structural_linked,raw_source,redding_ca_metro_area__cbsa_metro,median_ppsf,level,160,2012-01-31,2026-03-31,181.30672145059685,49.462733821929845,1.3299268948333345,3.3101189128666935,9.066713300749981,0.0,0.0,160.0,1.0,0.0,raw_source,raw_level
price_family_ma12_structural_linked,structural_ma12,redding_ca_metro_area__cbsa_metro,median_ppsf,level,160,2012-01-31,2026-03-31,181.30672145059685,49.462733821929845,1.3299268948333345,3.3101189128666935,9.066713300749981,0.0,0.0,160.0,1.0,0.0,structural_ma12,ma12_level
price_family_ma12_structural_linked,raw_source,redding_ca_metro_area__cbsa_metro,median_sale_price,level,160,2012-01-31,2026-03-31,286797.31354166666,69299.59359568983,2914.759433962263,6525.000000000024,32666.666666666657,0.0,0.0,160.0,1.0,0.0,raw_source,raw_level
price_family_ma12_structural_linked,structural_ma12,redding_ca_metro_area__cbsa_metro,median_sale_price,level,160,2012-01-31,2026-03-31,286797.31354166666,69299.59359568983,2914.759433962263,6525.000000000024,32666.666666666657,0.0,0.0,160.0,1.0,0.0,structural_ma12,ma12_level
price_family_ma12_structural_linked,raw_source,richmond_city_county_va__county,median_ppsf,level,162,2012-01-31,2026-05-31,170.15593903173405,48.3987162623994,1.1261769860320907,2.4377199897499935,3.3838439936666447,0.0,0.0,162.0,1.0,0.0,raw_source,raw_level
price_family_ma12_structural_linked,structural_ma12,richmond_city_county_va__county,median_ppsf,level,162,2012-01-31,2026-05-31,170.15593903173405,48.3987162623994,1.1261769860320907,2.4377199897499935,3.3838439936666447,0.0,0.0,162.0,1.0,0.0,structural_ma12,ma12_level
price_family_ma12_structural_linked,raw_source,richmond_city_county_va__county,median_sale_price,level,162,2012-01-31,2026-05-31,271512.86008230457,75459.00577839413,2124.6796066252587,4477.083333333372,7250.0,0.0,0.0,162.0,1.0,0.0,raw_source,raw_level
price_family_ma12_structural_linked,structural_ma12,richmond_city_county_va__county,median_sale_price,level,162,2012-01-31,2026-05-31,271512.86008230457,75459.00577839413,2124.6796066252587,4477.083333333372,7250.0,0.0,0.0,162.0,1.0,0.0,structural_ma12,ma12_level
price_family_ma12_structural_linked,raw_source,richmond_va_metro_area__cbsa_metro,median_ppsf,level,162,2012-01-31,2026-05-31,149.32132716049384,39.530210286431206,0.7621066252587994,1.5374999999999943,2.388333333333321,0.0,0.0,162.0,1.0,0.0,raw_source,raw_level
price_family_ma12_structural_linked,structural_ma12,richmond_va_metro_area__cbsa_metro,median_ppsf,level,162,2012-01-31,2026-05-31,149.32132716049384,39.530210286431206,0.7621066252587994,1.5374999999999943,2.388333333333321,0.0,0.0,162.0,1.0,0.0,structural_ma12,ma12_level
price_family_ma12_structural_linked,raw_source,richmond_va_metro_area__cbsa_metro,median_sale_price,level,162,2012-01-31,2026-05-31,278531.7638888889,71782.66079608003,1412.6030020703938,2726.666666666628,4583.333333333372,0.0,0.0,162.0,1.0,0.0,raw_source,raw_level
price_family_ma12_structural_linked,structural_ma12,richmond_va_metro_area__cbsa_metro,median_sale_price,level,162,2012-01-31,2026-05-31,278531.7638888889,71782.66079608003,1412.6030020703938,2726.666666666628,4583.333333333372,0.0,0.0,162.0,1.0,0.0,structural_ma12,ma12_level
price_family_ma12_structural_linked,raw_source,riverside_ca_metro_area__cbsa_metro,median_ppsf,level,162,2012-01-31,2026-05-31,224.6928755144033,71.41709014420663,1.505491718426502,3.3091666666666697,5.412500000000023,0.0,0.0,162.0,0.9999999999999998,0.0,raw_source,raw_level
price_family_ma12_structural_linked,structural_ma12,riverside_ca_metro_area__cbsa_metro,median_ppsf,level,162,2012-01-31,2026-05-31,224.6928755144033,71.41709014420663,1.505491718426502,3.3091666666666697,5.412500000000023,0.0,0.0,162.0,0.9999999999999998,0.0,structural_ma12,ma12_level
price_family_ma12_structural_linked,raw_source,riverside_ca_metro_area__cbsa_metro,median_sale_price,level,162,2012-01-31,2026-05-31,399684.90534979425,126215.69934886723,2666.5734989648045,5708.333333333372,9166.666666666686,0.0,0.0,162.0,1.0,0.0,raw_source,raw_level
price_family_ma12_structural_linked,structural_ma12,riverside_ca_metro_area__cbsa_metro,median_sale_price,level,162,2012-01-31,2026-05-31,399684.90534979425,126215.69934886723,2666.5734989648045,5708.333333333372,9166.666666666686,0.0,0.0,162.0,1.0,0.0,structural_ma12,ma12_level
price_family_ma12_structural_linked,raw_source,riverside_county_ca__county,median_ppsf,level,161,2012-02-29,2026-05-31,223.73174172069565,69.42431358426258,1.4771622634749988,3.3238333333332992,5.585000000000036,0.0,0.0,161.0,0.9999999999999998,0.0,raw_source,raw_level
price_family_ma12_structural_linked,structural_ma12,riverside_county_ca__county,median_ppsf,level,161,2012-02-29,2026-05-31,223.73174172069565,69.42431358426258,1.4771622634749988,3.3238333333332992,5.585000000000036,0.0,0.0,161.0,0.9999999999999998,0.0,structural_ma12,ma12_level
price_family_ma12_structural_linked,raw_source,riverside_county_ca__county,median_sale_price,level,161,2012-02-29,2026-05-31,423512.1381987578,128992.90743648216,2687.503125000004,5958.333333333347,9750.0,0.0,0.0,161.0,1.0,0.0,raw_source,raw_level
price_family_ma12_structural_linked,structural_ma12,riverside_county_ca__county,median_sale_price,level,161,2012-02-29,2026-05-31,423512.1381987578,128992.90743648216,2687.503125000004,5958.333333333347,9750.0,0.0,0.0,161.0,1.0,0.0,structural_ma12,ma12_level
price_family_ma12_structural_linked,raw_source,roanoke_city_county_va__county,median_ppsf,level,162,2012-01-31,2026-05-31,88.4130134521075,26.105847020132728,0.6813257102805375,1.2424999999999784,2.015000000000015,0.0,0.0,162.0,1.0,0.0,raw_source,raw_level
price_family_ma12_structural_linked,structural_ma12,roanoke_city_county_va__county,median_ppsf,level,162,2012-01-31,2026-05-31,88.4130134521075,26.105847020132728,0.6813257102805375,1.2424999999999784,2.015000000000015,0.0,0.0,162.0,1.0,0.0,structural_ma12,ma12_level
price_family_ma12_structural_linked,raw_source,roanoke_city_county_va__county,median_sale_price,level,162,2012-01-31,2026-05-31,155133.85442386832,43969.30150706588,1183.58695652174,2354.166666666686,4083.333333333343,0.0,0.0,162.0,1.0,0.0,raw_source,raw_level
price_family_ma12_structural_linked,structural_ma12,roanoke_city_county_va__county,median_sale_price,level,162,2012-01-31,2026-05-31,155133.85442386832,43969.30150706588,1183.58695652174,2354.166666666686,4083.333333333343,0.0,0.0,162.0,1.0,0.0,structural_ma12,ma12_level
price_family_ma12_structural_linked,raw_source,roanoke_county_va__county,median_ppsf,level,162,2012-01-31,2026-05-31,105.59571152002161,28.264126635681183,0.6264057175129397,1.2787369131666537,2.1883333333333326,0.0,0.0,162.0,1.0,0.0,raw_source,raw_level
price_family_ma12_structural_linked,structural_ma12,roanoke_county_va__county,median_ppsf,level,162,2012-01-31,2026-05-31,105.59571152002161,28.264126635681183,0.6264057175129397,1.2787369131666537,2.1883333333333326,0.0,0.0,162.0,1.0,0.0,structural_ma12,ma12_level
price_family_ma12_structural_linked,raw_source,roanoke_county_va__county,median_sale_price,level,162,2012-01-31,2026-05-31,221879.7433127572,68034.01519457392,1547.9860248447208,3550.0,5125.0,0.0,0.0,162.0,1.0,0.0,raw_source,raw_level
price_family_ma12_structural_linked,structural_ma12,roanoke_county_va__county,median_sale_price,level,162,2012-01-31,2026-05-31,221879.7433127572,68034.01519457392,1547.9860248447208,3550.0,5125.0,0.0,0.0,162.0,1.0,0.0,structural_ma12,ma12_level
price_family_ma12_structural_linked,raw_source,roanoke_va_metro_area__cbsa_metro,median_ppsf,level,160,2012-01-31,2026-03-31,103.92511299001198,26.282178912333475,0.5481246222085958,1.144513685983324,1.7281673292499988,0.0,0.0,160.0,0.9999999999999999,0.0,raw_source,raw_level
price_family_ma12_structural_linked,structural_ma12,roanoke_va_metro_area__cbsa_metro,median_ppsf,level,160,2012-01-31,2026-03-31,103.92511299001198,26.282178912333475,0.5481246222085958,1.144513685983324,1.7281673292499988,0.0,0.0,160.0,0.9999999999999999,0.0,structural_ma12,ma12_level
price_family_ma12_structural_linked,raw_source,roanoke_va_metro_area__cbsa_metro,median_sale_price,level,160,2012-01-31,2026-03-31,209295.834375,52937.61853468315,1220.8121069182384,2688.3333333333376,4000.0,0.0,0.0,160.0,1.0,0.0,raw_source,raw_level
price_family_ma12_structural_linked,structural_ma12,roanoke_va_metro_area__cbsa_metro,median_sale_price,level,160,2012-01-31,2026-03-31,209295.834375,52937.61853468315,1220.8121069182384,2688.3333333333376,4000.0,0.0,0.0,160.0,1.0,0.0,structural_ma12,ma12_level
price_family_ma12_structural_linked,raw_source,rockingham_county_va__county,median_ppsf,level,162,2012-01-31,2026-05-31,142.4585831957243,38.25221379420849,0.7806332964223606,1.7183333333333337,2.7858333333333576,0.0,0.0,162.0,1.0,0.0,raw_source,raw_level
price_family_ma12_structural_linked,structural_ma12,rockingham_county_va__county,median_ppsf,level,162,2012-01-31,2026-05-31,142.4585831957243,38.25221379420849,0.7806332964223606,1.7183333333333337,2.7858333333333576,0.0,0.0,162.0,1.0,0.0,structural_ma12,ma12_level
price_family_ma12_structural_linked,raw_source,rockingham_county_va__county,median_sale_price,level,162,2012-01-31,2026-05-31,247716.76234567902,64965.94205451456,1620.9236542443082,3405.833333333314,8264.166666666686,0.0,0.0,162.0,1.0,0.0,raw_source,raw_level
price_family_ma12_structural_linked,structural_ma12,rockingham_county_va__county,median_sale_price,level,162,2012-01-31,2026-05-31,247716.76234567902,64965.94205451456,1620.9236542443082,3405.833333333314,8264.166666666686,0.0,0.0,162.0,1.0,0.0,structural_ma12,ma12_level
price_family_ma12_structural_linked,raw_source,sacramento_ca_metro_area__cbsa_metro,median_ppsf,level,162,2012-01-31,2026-05-31,248.61214506172843,70.3352316743242,1.623938923395445,3.6591666666666924,5.407499999999914,0.0,0.0,162.0,1.0,0.0,raw_source,raw_level
price_family_ma12_structural_linked,structural_ma12,sacramento_ca_metro_area__cbsa_metro,median_ppsf,level,162,2012-01-31,2026-05-31,248.61214506172843,70.3352316743242,1.623938923395445,3.6591666666666924,5.407499999999914,0.0,0.0,162.0,1.0,0.0,structural_ma12,ma12_level
price_family_ma12_structural_linked,raw_source,sacramento_ca_metro_area__cbsa_metro,median_sale_price,level,162,2012-01-31,2026-05-31,426252.0437242798,120939.1902340871,2787.7851966873704,5833.333333333372,10083.333333333314,0.0,0.0,162.0,1.0,0.0,raw_source,raw_level
price_family_ma12_structural_linked,structural_ma12,sacramento_ca_metro_area__cbsa_metro,median_sale_price,level,162,2012-01-31,2026-05-31,426252.0437242798,120939.1902340871,2787.7851966873704,5833.333333333372,10083.333333333314,0.0,0.0,162.0,1.0,0.0,structural_ma12,ma12_level
price_family_ma12_structural_linked,raw_source,sacramento_county_ca__county,median_ppsf,level,162,2012-01-31,2026-05-31,239.9036873023194,71.85646545683073,1.664530429380952,3.5725000000000477,5.223333333333358,0.0,0.0,162.0,1.0,0.0,raw_source,raw_level
price_family_ma12_structural_linked,structural_ma12,sacramento_county_ca__county,median_ppsf,level,162,2012-01-31,2026-05-31,239.9036873023194,71.85646545683073,1.664530429380952,3.5725000000000477,5.223333333333358,0.0,0.0,162.0,1.0,0.0,structural_ma12,ma12_level
price_family_ma12_structural_linked,raw_source,sacramento_county_ca__county,median_sale_price,level,162,2012-01-31,2026-05-31,381978.8184156379,114884.22170466141,2643.6381987577624,5791.666666666657,8375.0,0.0,0.0,162.0,1.0,0.0,raw_source,raw_level
price_family_ma12_structural_linked,structural_ma12,sacramento_county_ca__county,median_sale_price,level,162,2012-01-31,2026-05-31,381978.8184156379,114884.22170466141,2643.6381987577624,5791.666666666657,8375.0,0.0,0.0,162.0,1.0,0.0,structural_ma12,ma12_level
price_family_ma12_structural_linked,raw_source,salem_va__county,median_ppsf,level,162,2012-01-31,2026-05-31,106.21022982637241,25.84405289810703,0.921424542050725,1.7656917236666771,4.93416666666667,0.0,0.0,162.0,0.9999999999999999,0.0,raw_source,raw_level
price_family_ma12_structural_linked,structural_ma12,salem_va__county,median_ppsf,level,162,2012-01-31,2026-05-31,106.21022982637241,25.84405289810703,0.921424542050725,1.7656917236666771,4.93416666666667,0.0,0.0,162.0,0.9999999999999999,0.0,structural_ma12,ma12_level
price_family_ma12_structural_linked,raw_source,salem_va__county,median_sale_price,level,162,2012-01-31,2026-05-31,199518.23302469135,50552.689559675106,2144.6594202898577,4354.166666666657,11250.0,0.0,0.0,162.0,1.0,0.0,raw_source,raw_level
price_family_ma12_structural_linked,structural_ma12,salem_va__county,median_sale_price,level,162,2012-01-31,2026-05-31,199518.23302469135,50552.689559675106,2144.6594202898577,4354.166666666657,11250.0,0.0,0.0,162.0,1.0,0.0,structural_ma12,ma12_level
price_family_ma12_structural_linked,raw_source,salinas_ca_metro_area__cbsa_metro,median_ppsf,level,160,2012-01-31,2026-03-31,406.8068752951281,122.93795166400017,3.049390920159327,6.020256837683309,12.335352895333301,0.0,0.0,160.0,1.0,0.0,raw_source,raw_level
price_family_ma12_structural_linked,structural_ma12,salinas_ca_metro_area__cbsa_metro,median_ppsf,level,160,2012-01-31,2026-03-31,406.8068752951281,122.93795166400017,3.049390920159327,6.020256837683309,12.335352895333301,0.0,0.0,160.0,1.0,0.0,structural_ma12,ma12_level
price_family_ma12_structural_linked,raw_source,salinas_ca_metro_area__cbsa_metro,median_sale_price,level,160,2012-01-31,2026-03-31,634180.6963541667,189576.446254772,5085.233228511533,9583.333333333314,18833.333333333372,0.0,0.0,160.0,1.0,0.0,raw_source,raw_level
price_family_ma12_structural_linked,structural_ma12,salinas_ca_metro_area__cbsa_metro,median_sale_price,level,160,2012-01-31,2026-03-31,634180.6963541667,189576.446254772,5085.233228511533,9583.333333333314,18833.333333333372,0.0,0.0,160.0,1.0,0.0,structural_ma12,ma12_level
price_family_ma12_structural_linked,raw_source,san_benito_county_ca__county,median_ppsf,level,162,2012-01-31,2026-05-31,314.7454455716852,77.39078076255217,2.2334558655641845,4.652500000000032,8.877500000000055,0.0,0.0,162.0,0.9999999999999998,0.0,raw_source,raw_level
price_family_ma12_structural_linked,structural_ma12,san_benito_county_ca__county,median_ppsf,level,162,2012-01-31,2026-05-31,314.7454455716852,77.39078076255217,2.2334558655641845,4.652500000000032,8.877500000000055,0.0,0.0,162.0,0.9999999999999998,0.0,structural_ma12,ma12_level
price_family_ma12_structural_linked,raw_source,san_benito_county_ca__county,median_sale_price,level,162,2012-01-31,2026-05-31,595759.5488683127,156939.12231278498,4513.2525879917175,9541.666666666686,14883.333333333256,0.0,0.0,162.0,1.0,0.0,raw_source,raw_level
price_family_ma12_structural_linked,structural_ma12,san_benito_county_ca__county,median_sale_price,level,162,2012-01-31,2026-05-31,595759.5488683127,156939.12231278498,4513.2525879917175,9541.666666666686,14883.333333333256,0.0,0.0,162.0,1.0,0.0,structural_ma12,ma12_level
price_family_ma12_structural_linked,raw_source,san_bernardino_county_ca__county,median_ppsf,level,161,2012-02-29,2026-05-31,229.22084945489132,73.91066487462749,1.5906469018765628,3.5914166666666514,5.637500000000017,0.0,0.0,161.0,0.9999999999999998,0.0,raw_source,raw_level
price_family_ma12_structural_linked,structural_ma12,san_bernardino_county_ca__county,median_ppsf,level,161,2012-02-29,2026-05-31,229.22084945489132,73.91066487462749,1.5906469018765628,3.5914166666666514,5.637500000000017,0.0,0.0,161.0,0.9999999999999998,0.0,structural_ma12,ma12_level
price_family_ma12_structural_linked,raw_source,san_bernardino_county_ca__county,median_sale_price,level,161,2012-02-29,2026-05-31,364157.8555900621,118819.36868833881,2542.4984374999995,5266.6666666666615,8458.333333333314,0.0,0.0,161.0,1.0,0.0,raw_source,raw_level
price_family_ma12_structural_linked,structural_ma12,san_bernardino_county_ca__county,median_sale_price,level,161,2012-02-29,2026-05-31,364157.8555900621,118819.36868833881,2542.4984374999995,5266.6666666666615,8458.333333333314,0.0,0.0,161.0,1.0,0.0,structural_ma12,ma12_level
price_family_ma12_structural_linked,raw_source,san_diego_ca_metro_area__cbsa_metro,median_ppsf,level,162,2012-01-31,2026-05-31,404.95560185185184,123.51980521160921,2.6679917184265007,5.443333333333271,9.685000000000002,0.0,0.0,162.0,1.0,0.0,raw_source,raw_level
price_family_ma12_structural_linked,structural_ma12,san_diego_ca_metro_area__cbsa_metro,median_ppsf,level,162,2012-01-31,2026-05-31,404.95560185185184,123.51980521160921,2.6679917184265007,5.443333333333271,9.685000000000002,0.0,0.0,162.0,1.0,0.0,structural_ma12,ma12_level
price_family_ma12_structural_linked,raw_source,san_diego_ca_metro_area__cbsa_metro,median_sale_price,level,162,2012-01-31,2026-05-31,627685.984053498,179549.0617800648,3746.7531055900636,7610.25,13416.666666666744,0.0,0.0,162.0,1.0,0.0,raw_source,raw_level
price_family_ma12_structural_linked,structural_ma12,san_diego_ca_metro_area__cbsa_metro,median_sale_price,level,162,2012-01-31,2026-05-31,627685.984053498,179549.0617800648,3746.7531055900636,7610.25,13416.666666666744,0.0,0.0,162.0,1.0,0.0,structural_ma12,ma12_level
price_family_ma12_structural_linked,raw_source,san_diego_county_ca__county,median_ppsf,level,162,2012-01-31,2026-05-31,404.97458411323043,123.5646656910411,2.6714439192717405,5.529166666666583,9.849166666666633,0.0,0.0,162.0,1.0,0.0,raw_source,raw_level
price_family_ma12_structural_linked,structural_ma12,san_diego_county_ca__county,median_ppsf,level,162,2012-01-31,2026-05-31,404.97458411323043,123.5646656910411,2.6714439192717405,5.529166666666583,9.849166666666633,0.0,0.0,162.0,1.0,0.0,structural_ma12,ma12_level
price_family_ma12_structural_linked,raw_source,san_diego_county_ca__county,median_sale_price,level,162,2012-01-31,2026-05-31,627654.0519547325,179579.83513494636,3747.1814182194626,7610.25,13416.666666666744,0.0,0.0,162.0,1.0,0.0,raw_source,raw_level
price_family_ma12_structural_linked,structural_ma12,san_diego_county_ca__county,median_sale_price,level,162,2012-01-31,2026-05-31,627654.0519547325,179579.83513494636,3747.1814182194626,7610.25,13416.666666666744,0.0,0.0,162.0,1.0,0.0,structural_ma12,ma12_level
price_family_ma12_structural_linked,raw_source,san_francisco_ca_metro_area__cbsa_metro,median_ppsf,level,162,2012-01-31,2026-05-31,871.2720216049383,158.242284295615,4.962950310559003,9.542499999999905,12.220833333333417,0.0,0.0,162.0,1.0,0.0,raw_source,raw_level
price_family_ma12_structural_linked,structural_ma12,san_francisco_ca_metro_area__cbsa_metro,median_ppsf,level,162,2012-01-31,2026-05-31,871.2720216049383,158.242284295615,4.962950310559003,9.542499999999905,12.220833333333417,0.0,0.0,162.0,1.0,0.0,structural_ma12,ma12_level
price_family_ma12_structural_linked,raw_source,san_francisco_ca_metro_area__cbsa_metro,median_sale_price,level,162,2012-01-31,2026-05-31,1277727.1903292183,246153.16866570097,7595.1966873706,14625.0,20833.333333333256,0.0,0.0,162.0,0.9999999999999999,0.0,raw_source,raw_level
price_family_ma12_structural_linked,structural_ma12,san_francisco_ca_metro_area__cbsa_metro,median_sale_price,level,162,2012-01-31,2026-05-31,1277727.1903292183,246153.16866570097,7595.1966873706,14625.0,20833.333333333256,0.0,0.0,162.0,0.9999999999999999,0.0,structural_ma12,ma12_level
price_family_ma12_structural_linked,raw_source,san_francisco_county_ca__county,median_ppsf,level,162,2012-01-31,2026-05-31,930.770382412786,127.40132389832704,5.1494814362230805,10.544166666666683,15.56166666666661,0.0,0.0,162.0,0.9999999999999999,0.0,raw_source,raw_level
price_family_ma12_structural_linked,structural_ma12,san_francisco_county_ca__county,median_ppsf,level,162,2012-01-31,2026-05-31,930.770382412786,127.40132389832704,5.1494814362230805,10.544166666666683,15.56166666666661,0.0,0.0,162.0,0.9999999999999999,0.0,structural_ma12,ma12_level
price_family_ma12_structural_linked,raw_source,san_francisco_county_ca__county,median_sale_price,level,162,2012-01-31,2026-05-31,1274249.648148148,199426.2743966278,7647.937888198755,14583.333333333372,23083.33333333349,0.0,0.0,162.0,0.9999999999999999,0.0,raw_source,raw_level
price_family_ma12_structural_linked,structural_ma12,san_francisco_county_ca__county,median_sale_price,level,162,2012-01-31,2026-05-31,1274249.648148148,199426.2743966278,7647.937888198755,14583.333333333372,23083.33333333349,0.0,0.0,162.0,0.9999999999999999,0.0,structural_ma12,ma12_level
price_family_ma12_structural_linked,raw_source,san_joaquin_county_ca__county,median_ppsf,level,162,2012-01-31,2026-05-31,221.80890207595834,71.10751446787852,1.6573161821666664,3.4225000000000136,6.1816666666667,0.0,0.0,162.0,1.0,0.0,raw_source,raw_level
price_family_ma12_structural_linked,structural_ma12,san_joaquin_county_ca__county,median_ppsf,level,162,2012-01-31,2026-05-31,221.80890207595834,71.10751446787852,1.6573161821666664,3.4225000000000136,6.1816666666667,0.0,0.0,162.0,1.0,0.0,structural_ma12,ma12_level
price_family_ma12_structural_linked,raw_source,san_joaquin_county_ca__county,median_sale_price,level,162,2012-01-31,2026-05-31,384898.46965020575,122179.63113732816,2707.846273291926,5416.666666666657,8173.666666666686,0.0,0.0,162.0,1.0,0.0,raw_source,raw_level
price_family_ma12_structural_linked,structural_ma12,san_joaquin_county_ca__county,median_sale_price,level,162,2012-01-31,2026-05-31,384898.46965020575,122179.63113732816,2707.846273291926,5416.666666666657,8173.666666666686,0.0,0.0,162.0,1.0,0.0,structural_ma12,ma12_level
price_family_ma12_structural_linked,raw_source,san_jose_ca_metro_area__cbsa_metro,median_ppsf,level,162,2012-01-31,2026-05-31,689.7775977366255,181.09934170272498,5.006014492753621,9.24249999999995,14.4525000000001,0.0,0.0,162.0,1.0,0.0,raw_source,raw_level
price_family_ma12_structural_linked,structural_ma12,san_jose_ca_metro_area__cbsa_metro,median_ppsf,level,162,2012-01-31,2026-05-31,689.7775977366255,181.09934170272498,5.006014492753621,9.24249999999995,14.4525000000001,0.0,0.0,162.0,1.0,0.0,structural_ma12,ma12_level
price_family_ma12_structural_linked,raw_source,san_jose_ca_metro_area__cbsa_metro,median_sale_price,level,162,2012-01-31,2026-05-31,1115705.6522633745,315612.87498591805,8533.280020703929,15083.333333333256,25083.333333333256,0.0,0.0,162.0,1.0,0.0,raw_source,raw_level
price_family_ma12_structural_linked,structural_ma12,san_jose_ca_metro_area__cbsa_metro,median_sale_price,level,162,2012-01-31,2026-05-31,1115705.6522633745,315612.87498591805,8533.280020703929,15083.333333333256,25083.333333333256,0.0,0.0,162.0,1.0,0.0,structural_ma12,ma12_level
price_family_ma12_structural_linked,raw_source,san_luis_obispo_ca_metro_area__cbsa_metro,median_ppsf,level,160,2012-01-31,2026-03-31,378.2553045188323,100.1482219745858,2.2164417120083866,4.312867892149913,8.928846765499998,0.0,0.0,160.0,0.9999999999999999,0.0,raw_source,raw_level
price_family_ma12_structural_linked,structural_ma12,san_luis_obispo_ca_metro_area__cbsa_metro,median_ppsf,level,160,2012-01-31,2026-03-31,378.2553045188323,100.1482219745858,2.2164417120083866,4.312867892149913,8.928846765499998,0.0,0.0,160.0,0.9999999999999999,0.0,structural_ma12,ma12_level
price_family_ma12_structural_linked,raw_source,san_luis_obispo_ca_metro_area__cbsa_metro,median_sale_price,level,160,2012-01-31,2026-03-31,636048.275,163193.04381189667,3838.3351677148858,7933.33333333338,15520.833333333256,0.0,0.0,160.0,1.0,0.0,raw_source,raw_level
price_family_ma12_structural_linked,structural_ma12,san_luis_obispo_ca_metro_area__cbsa_metro,median_sale_price,level,160,2012-01-31,2026-03-31,636048.275,163193.04381189667,3838.3351677148858,7933.33333333338,15520.833333333256,0.0,0.0,160.0,1.0,0.0,structural_ma12,ma12_level
price_family_ma12_structural_linked,raw_source,san_luis_obispo_county_ca__county,median_ppsf,level,162,2012-01-31,2026-05-31,379.94471830993365,101.42204849463222,2.215880818257768,4.080833333333203,8.929166666666674,0.0,0.0,162.0,0.9999999999999999,0.0,raw_source,raw_level
price_family_ma12_structural_linked,structural_ma12,san_luis_obispo_county_ca__county,median_ppsf,level,162,2012-01-31,2026-05-31,379.94471830993365,101.42204849463222,2.215880818257768,4.080833333333203,8.929166666666674,0.0,0.0,162.0,0.9999999999999999,0.0,structural_ma12,ma12_level
price_family_ma12_structural_linked,raw_source,san_luis_obispo_county_ca__county,median_sale_price,level,162,2012-01-31,2026-05-31,638546.4423868313,165283.23751050085,3831.8328157349906,7833.333333333372,15520.833333333256,0.0,0.0,162.0,1.0,0.0,raw_source,raw_level
price_family_ma12_structural_linked,structural_ma12,san_luis_obispo_county_ca__county,median_sale_price,level,162,2012-01-31,2026-05-31,638546.4423868313,165283.23751050085,3831.8328157349906,7833.333333333372,15520.833333333256,0.0,0.0,162.0,1.0,0.0,structural_ma12,ma12_level
price_family_ma12_structural_linked,raw_source,san_mateo_county_ca__county,median_ppsf,level,162,2012-01-31,2026-05-31,831.5528011514094,177.52031921680495,5.0801819707039275,9.415000000000077,13.481666666666797,0.0,0.0,162.0,1.0,0.0,raw_source,raw_level
price_family_ma12_structural_linked,structural_ma12,san_mateo_county_ca__county,median_ppsf,level,162,2012-01-31,2026-05-31,831.5528011514094,177.52031921680495,5.0801819707039275,9.415000000000077,13.481666666666797,0.0,0.0,162.0,1.0,0.0,structural_ma12,ma12_level
price_family_ma12_structural_linked,raw_source,san_mateo_county_ca__county,median_sale_price,level,162,2012-01-31,2026-05-31,1285569.6455761318,311117.6389586826,9125.835921325055,17083.333333333256,33083.33333333349,0.0,0.0,162.0,1.0,0.0,raw_source,raw_level
price_family_ma12_structural_linked,structural_ma12,san_mateo_county_ca__county,median_sale_price,level,162,2012-01-31,2026-05-31,1285569.6455761318,311117.6389586826,9125.835921325055,17083.333333333256,33083.33333333349,0.0,0.0,162.0,1.0,0.0,structural_ma12,ma12_level
price_family_ma12_structural_linked,raw_source,san_rafael_ca_metro_area__cbsa_metro,median_ppsf,level,160,2012-01-31,2026-03-31,643.7678297608505,131.94213926074363,3.9964771874544063,8.562047015800035,13.571285291666754,0.0,0.0,160.0,0.9999999999999998,0.0,raw_source,raw_level
price_family_ma12_structural_linked,structural_ma12,san_rafael_ca_metro_area__cbsa_metro,median_ppsf,level,160,2012-01-31,2026-03-31,643.7678297608505,131.94213926074363,3.9964771874544063,8.562047015800035,13.571285291666754,0.0,0.0,160.0,0.9999999999999998,0.0,structural_ma12,ma12_level
price_family_ma12_structural_linked,raw_source,san_rafael_ca_metro_area__cbsa_metro,median_sale_price,level,160,2012-01-31,2026-03-31,1166045.5302083334,251502.90132845184,7813.9203354297715,15249.999999999989,23750.0,0.0,0.0,160.0,0.9999999999999999,0.0,raw_source,raw_level
price_family_ma12_structural_linked,structural_ma12,san_rafael_ca_metro_area__cbsa_metro,median_sale_price,level,160,2012-01-31,2026-03-31,1166045.5302083334,251502.90132845184,7813.9203354297715,15249.999999999989,23750.0,0.0,0.0,160.0,0.9999999999999999,0.0,structural_ma12,ma12_level
price_family_ma12_structural_linked,raw_source,santa_barbara_county_ca__county,median_ppsf,level,162,2012-01-31,2026-05-31,404.24726326196657,136.6749806666251,5.247566533887164,12.171666666666681,19.862499999999955,0.0,0.0,162.0,0.9999999999999998,0.0,raw_source,raw_level
price_family_ma12_structural_linked,structural_ma12,santa_barbara_county_ca__county,median_ppsf,level,162,2012-01-31,2026-05-31,404.24726326196657,136.6749806666251,5.247566533887164,12.171666666666681,19.862499999999955,0.0,0.0,162.0,0.9999999999999998,0.0,structural_ma12,ma12_level
price_family_ma12_structural_linked,raw_source,santa_barbara_county_ca__county,median_sale_price,level,162,2012-01-31,2026-05-31,678611.6877572017,197409.23267769758,7251.391045548654,16708.333333333372,42083.33333333337,0.0,0.0,162.0,1.0,0.0,raw_source,raw_level
price_family_ma12_structural_linked,structural_ma12,santa_barbara_county_ca__county,median_sale_price,level,162,2012-01-31,2026-05-31,678611.6877572017,197409.23267769758,7251.391045548654,16708.333333333372,42083.33333333337,0.0,0.0,162.0,1.0,0.0,structural_ma12,ma12_level
price_family_ma12_structural_linked,raw_source,santa_clara_county_ca__county,median_ppsf,level,162,2012-01-31,2026-05-31,703.9892909649002,185.14726121165137,5.098583265132504,9.45916666666676,14.829166666666652,0.0,0.0,162.0,1.0,0.0,raw_source,raw_level
price_family_ma12_structural_linked,structural_ma12,santa_clara_county_ca__county,median_ppsf,level,162,2012-01-31,2026-05-31,703.9892909649002,185.14726121165137,5.098583265132504,9.45916666666676,14.829166666666652,0.0,0.0,162.0,1.0,0.0,structural_ma12,ma12_level
price_family_ma12_structural_linked,raw_source,santa_clara_county_ca__county,median_sale_price,level,162,2012-01-31,2026-05-31,1142526.470164609,323490.1054935932,8693.134575569355,16000.0,25833.333333333256,0.0,0.0,162.0,0.9999999999999998,0.0,raw_source,raw_level
price_family_ma12_structural_linked,structural_ma12,santa_clara_county_ca__county,median_sale_price,level,162,2012-01-31,2026-05-31,1142526.470164609,323490.1054935932,8693.134575569355,16000.0,25833.333333333256,0.0,0.0,162.0,0.9999999999999998,0.0,structural_ma12,ma12_level
price_family_ma12_structural_linked,raw_source,santa_cruz_ca_metro_area__cbsa_metro,median_ppsf,level,160,2012-01-31,2026-03-31,546.661224250713,138.35883410518957,3.857246587768865,7.316565198633271,14.752491406749982,0.0,0.0,160.0,0.9999999999999998,0.0,raw_source,raw_level
price_family_ma12_structural_linked,structural_ma12,santa_cruz_ca_metro_area__cbsa_metro,median_ppsf,level,160,2012-01-31,2026-03-31,546.661224250713,138.35883410518957,3.857246587768865,7.316565198633271,14.752491406749982,0.0,0.0,160.0,0.9999999999999998,0.0,structural_ma12,ma12_level
price_family_ma12_structural_linked,raw_source,santa_cruz_ca_metro_area__cbsa_metro,median_sale_price,level,160,2012-01-31,2026-03-31,864419.678125,225981.85273081204,6448.873165618448,12916.666666666744,33708.333333333256,0.0,0.0,160.0,1.0,0.0,raw_source,raw_level
price_family_ma12_structural_linked,structural_ma12,santa_cruz_ca_metro_area__cbsa_metro,median_sale_price,level,160,2012-01-31,2026-03-31,864419.678125,225981.85273081204,6448.873165618448,12916.666666666744,33708.333333333256,0.0,0.0,160.0,1.0,0.0,structural_ma12,ma12_level
price_family_ma12_structural_linked,raw_source,santa_cruz_county_ca__county,median_ppsf,level,162,2012-01-31,2026-05-31,548.6275529015926,138.81012072431645,3.8351887331620005,7.311666666666611,14.75249999999994,0.0,0.0,162.0,1.0,0.0,raw_source,raw_level
price_family_ma12_structural_linked,structural_ma12,santa_cruz_county_ca__county,median_ppsf,level,162,2012-01-31,2026-05-31,548.6275529015926,138.81012072431645,3.8351887331620005,7.311666666666611,14.75249999999994,0.0,0.0,162.0,1.0,0.0,structural_ma12,ma12_level
price_family_ma12_structural_linked,raw_source,santa_cruz_county_ca__county,median_sale_price,level,162,2012-01-31,2026-05-31,868329.2618312757,227042.46210258774,6416.868012422366,12916.666666666511,33708.33333333349,0.0,0.0,162.0,1.0,0.0,raw_source,raw_level
price_family_ma12_structural_linked,structural_ma12,santa_cruz_county_ca__county,median_sale_price,level,162,2012-01-31,2026-05-31,868329.2618312757,227042.46210258774,6416.868012422366,12916.666666666511,33708.33333333349,0.0,0.0,162.0,1.0,0.0,structural_ma12,ma12_level
price_family_ma12_structural_linked,raw_source,santa_maria_ca_metro_area__cbsa_metro,median_ppsf,level,160,2012-01-31,2026-03-31,401.198109803874,134.3290801939863,5.162399832251577,12.371573813433333,19.86244444683325,0.0,0.0,160.0,1.0,0.0,raw_source,raw_level
price_family_ma12_structural_linked,structural_ma12,santa_maria_ca_metro_area__cbsa_metro,median_ppsf,level,160,2012-01-31,2026-03-31,401.198109803874,134.3290801939863,5.162399832251577,12.371573813433333,19.86244444683325,0.0,0.0,160.0,1.0,0.0,structural_ma12,ma12_level
price_family_ma12_structural_linked,raw_source,santa_maria_ca_metro_area__cbsa_metro,median_sale_price,level,160,2012-01-31,2026-03-31,674154.6890625,194322.13712259536,7155.2906184486355,15908.333333333378,42083.333333333256,0.0,0.0,160.0,1.0,0.0,raw_source,raw_level
price_family_ma12_structural_linked,structural_ma12,santa_maria_ca_metro_area__cbsa_metro,median_sale_price,level,160,2012-01-31,2026-03-31,674154.6890625,194322.13712259536,7155.2906184486355,15908.333333333378,42083.333333333256,0.0,0.0,160.0,1.0,0.0,structural_ma12,ma12_level
price_family_ma12_structural_linked,raw_source,santa_rosa_ca_metro_area__cbsa_metro,median_ppsf,level,160,2012-01-31,2026-03-31,392.29288359024633,84.56226893422715,2.2008861757017835,4.181436904600014,6.149804368166656,0.0,0.0,160.0,0.9999999999999998,0.0,raw_source,raw_level
price_family_ma12_structural_linked,structural_ma12,santa_rosa_ca_metro_area__cbsa_metro,median_ppsf,level,160,2012-01-31,2026-03-31,392.29288359024633,84.56226893422715,2.2008861757017835,4.181436904600014,6.149804368166656,0.0,0.0,160.0,0.9999999999999998,0.0,structural_ma12,ma12_level
price_family_ma12_structural_linked,raw_source,santa_rosa_ca_metro_area__cbsa_metro,median_sale_price,level,160,2012-01-31,2026-03-31,628093.6604166667,142990.44762072133,3657.3480083857467,6683.333333333304,10416.666666666686,0.0,0.0,160.0,1.0,0.0,raw_source,raw_level
price_family_ma12_structural_linked,structural_ma12,santa_rosa_ca_metro_area__cbsa_metro,median_sale_price,level,160,2012-01-31,2026-03-31,628093.6604166667,142990.44762072133,3657.3480083857467,6683.333333333304,10416.666666666686,0.0,0.0,160.0,1.0,0.0,structural_ma12,ma12_level
price_family_ma12_structural_linked,raw_source,shasta_county_ca__county,median_ppsf,level,162,2012-01-31,2026-05-31,182.10407467676237,49.66044880128324,1.3196192668504156,3.308333333333394,9.066713300749981,0.0,0.0,162.0,1.0,0.0,raw_source,raw_level
price_family_ma12_structural_linked,structural_ma12,shasta_county_ca__county,median_ppsf,level,162,2012-01-31,2026-05-31,182.10407467676237,49.66044880128324,1.3196192668504156,3.308333333333394,9.066713300749981,0.0,0.0,162.0,1.0,0.0,structural_ma12,ma12_level
price_family_ma12_structural_linked,raw_source,shasta_county_ca__county,median_sale_price,level,162,2012-01-31,2026-05-31,287968.9413580247,69627.55958169993,2884.011904761903,6250.0,32666.666666666657,0.0,0.0,162.0,1.0,0.0,raw_source,raw_level
price_family_ma12_structural_linked,structural_ma12,shasta_county_ca__county,median_sale_price,level,162,2012-01-31,2026-05-31,287968.9413580247,69627.55958169993,2884.011904761903,6250.0,32666.666666666657,0.0,0.0,162.0,1.0,0.0,structural_ma12,ma12_level
price_family_ma12_structural_linked,raw_source,solano_county_ca__county,median_ppsf,level,162,2012-01-31,2026-05-31,265.2947942736589,70.5732280107564,1.7662078461790902,3.6209292835833367,5.938333333333333,0.0,0.0,162.0,0.9999999999999998,0.0,raw_source,raw_level
price_family_ma12_structural_linked,structural_ma12,solano_county_ca__county,median_ppsf,level,162,2012-01-31,2026-05-31,265.2947942736589,70.5732280107564,1.7662078461790902,3.6209292835833367,5.938333333333333,0.0,0.0,162.0,0.9999999999999998,0.0,structural_ma12,ma12_level
price_family_ma12_structural_linked,raw_source,solano_county_ca__county,median_sale_price,level,162,2012-01-31,2026-05-31,442670.6862139918,118809.0487837667,2800.7101449275374,5583.333333333343,8125.0,0.0,0.0,162.0,1.0,0.0,raw_source,raw_level
price_family_ma12_structural_linked,structural_ma12,solano_county_ca__county,median_sale_price,level,162,2012-01-31,2026-05-31,442670.6862139918,118809.0487837667,2800.7101449275374,5583.333333333343,8125.0,0.0,0.0,162.0,1.0,0.0,structural_ma12,ma12_level
price_family_ma12_structural_linked,raw_source,somerset_county_nj__county,median_ppsf,level,162,2012-01-31,2026-05-31,242.99663344065226,53.589171576285224,1.1550622210942034,2.7058333333333167,3.5966666666665787,0.0,0.0,162.0,1.0,0.0,raw_source,raw_level
price_family_ma12_structural_linked,structural_ma12,somerset_county_nj__county,median_ppsf,level,162,2012-01-31,2026-05-31,242.99663344065226,53.589171576285224,1.1550622210942034,2.7058333333333167,3.5966666666665787,0.0,0.0,162.0,1.0,0.0,structural_ma12,ma12_level
price_family_ma12_structural_linked,raw_source,somerset_county_nj__county,median_sale_price,level,162,2012-01-31,2026-05-31,424520.9336419753,93241.88499173608,2521.0375258799145,5312.5,10562.5,0.0,0.0,162.0,1.0,0.0,raw_source,raw_level
price_family_ma12_structural_linked,structural_ma12,somerset_county_nj__county,median_sale_price,level,162,2012-01-31,2026-05-31,424520.9336419753,93241.88499173608,2521.0375258799145,5312.5,10562.5,0.0,0.0,162.0,1.0,0.0,structural_ma12,ma12_level
price_family_ma12_structural_linked,raw_source,sonoma_county_ca__county,median_ppsf,level,162,2012-01-31,2026-05-31,393.50436808833695,84.70650303460076,2.179953122502588,4.174259268833339,6.097499999999968,0.0,0.0,162.0,1.0,0.0,raw_source,raw_level
price_family_ma12_structural_linked,structural_ma12,sonoma_county_ca__county,median_ppsf,level,162,2012-01-31,2026-05-31,393.50436808833695,84.70650303460076,2.179953122502588,4.174259268833339,6.097499999999968,0.0,0.0,162.0,1.0,0.0,structural_ma12,ma12_level
price_family_ma12_structural_linked,raw_source,sonoma_county_ca__county,median_sale_price,level,162,2012-01-31,2026-05-31,630154.047325103,143304.3306722847,3626.576604554861,6666.666666666744,10416.666666666686,0.0,0.0,162.0,1.0,0.0,raw_source,raw_level
price_family_ma12_structural_linked,structural_ma12,sonoma_county_ca__county,median_sale_price,level,162,2012-01-31,2026-05-31,630154.047325103,143304.3306722847,3626.576604554861,6666.666666666744,10416.666666666686,0.0,0.0,162.0,1.0,0.0,structural_ma12,ma12_level
price_family_ma12_structural_linked,raw_source,sonora_ca_metro_area__cbsa_metro,median_ppsf,level,160,2012-01-31,2026-03-31,188.33024943956613,50.86105452947839,1.5301571651912995,3.5592740204333446,7.928024703166642,0.0,0.0,160.0,1.0,0.0,raw_source,raw_level
price_family_ma12_structural_linked,structural_ma12,sonora_ca_metro_area__cbsa_metro,median_ppsf,level,160,2012-01-31,2026-03-31,188.33024943956613,50.86105452947839,1.5301571651912995,3.5592740204333446,7.928024703166642,0.0,0.0,160.0,1.0,0.0,structural_ma12,ma12_level
price_family_ma12_structural_linked,raw_source,sonora_ca_metro_area__cbsa_metro,median_sale_price,level,160,2012-01-31,2026-03-31,300500.725,82058.7091321836,2885.901467505239,5908.3333333333285,11916.666666666686,0.0,0.0,160.0,1.0,0.0,raw_source,raw_level
price_family_ma12_structural_linked,structural_ma12,sonora_ca_metro_area__cbsa_metro,median_sale_price,level,160,2012-01-31,2026-03-31,300500.725,82058.7091321836,2885.901467505239,5908.3333333333285,11916.666666666686,0.0,0.0,160.0,1.0,0.0,structural_ma12,ma12_level
price_family_ma12_structural_linked,raw_source,southampton_county_va__county,median_ppsf,level,117,2014-02-28,2026-05-31,113.41716458556624,38.42482917878543,2.528227004709052,5.125416666666666,13.110833333333346,0.0,0.0,117.0,1.0,0.0,raw_source,raw_level
price_family_ma12_structural_linked,structural_ma12,southampton_county_va__county,median_ppsf,level,117,2014-02-28,2026-05-31,113.41716458556624,38.42482917878543,2.528227004709052,5.125416666666666,13.110833333333346,0.0,0.0,117.0,1.0,0.0,structural_ma12,ma12_level
price_family_ma12_structural_linked,raw_source,southampton_county_va__county,median_sale_price,level,117,2014-02-28,2026-05-31,204985.06766381767,65064.07924412954,6234.147988505746,13280.833333333328,24670.833333333343,0.0,0.0,117.0,1.0,0.0,raw_source,raw_level
price_family_ma12_structural_linked,structural_ma12,southampton_county_va__county,median_sale_price,level,117,2014-02-28,2026-05-31,204985.06766381767,65064.07924412954,6234.147988505746,13280.833333333328,24670.833333333343,0.0,0.0,117.0,1.0,0.0,structural_ma12,ma12_level
price_family_ma12_structural_linked,raw_source,spotsylvania_county_va__county,median_ppsf,level,162,2012-01-31,2026-05-31,151.79709791357664,35.5314278247421,0.7634049584151125,1.6733333333333462,2.758333333333354,0.0,0.0,162.0,0.9999999999999998,0.0,raw_source,raw_level
price_family_ma12_structural_linked,structural_ma12,spotsylvania_county_va__county,median_ppsf,level,162,2012-01-31,2026-05-31,151.79709791357664,35.5314278247421,0.7634049584151125,1.6733333333333462,2.758333333333354,0.0,0.0,162.0,0.9999999999999998,0.0,structural_ma12,ma12_level
price_family_ma12_structural_linked,raw_source,spotsylvania_county_va__county,median_sale_price,level,162,2012-01-31,2026-05-31,317664.4552469136,87077.1168572076,1872.3504140786742,3883.333333333314,6624.583333333314,0.0,0.0,162.0,1.0,0.0,raw_source,raw_level
price_family_ma12_structural_linked,structural_ma12,spotsylvania_county_va__county,median_sale_price,level,162,2012-01-31,2026-05-31,317664.4552469136,87077.1168572076,1872.3504140786742,3883.333333333314,6624.583333333314,0.0,0.0,162.0,1.0,0.0,structural_ma12,ma12_level
price_family_ma12_structural_linked,raw_source,st_mary_s_county_md__county,median_ppsf,level,162,2012-01-31,2026-05-31,149.6435035224748,26.06555533405283,0.7016562445910974,1.568333333333328,2.7791666666666686,0.0,0.0,162.0,0.9999999999999999,0.0,raw_source,raw_level
price_family_ma12_structural_linked,structural_ma12,st_mary_s_county_md__county,median_ppsf,level,162,2012-01-31,2026-05-31,149.6435035224748,26.06555533405283,0.7016562445910974,1.568333333333328,2.7791666666666686,0.0,0.0,162.0,0.9999999999999999,0.0,structural_ma12,ma12_level
price_family_ma12_structural_linked,raw_source,st_mary_s_county_md__county,median_sale_price,level,162,2012-01-31,2026-05-31,315407.1594650206,59547.99381444198,1798.4536749482406,3479.166666666657,5991.666666666686,0.0,0.0,162.0,0.9999999999999999,0.0,raw_source,raw_level
price_family_ma12_structural_linked,structural_ma12,st_mary_s_county_md__county,median_sale_price,level,162,2012-01-31,2026-05-31,315407.1594650206,59547.99381444198,1798.4536749482406,3479.166666666657,5991.666666666686,0.0,0.0,162.0,0.9999999999999999,0.0,structural_ma12,ma12_level
price_family_ma12_structural_linked,raw_source,stafford_county_va__county,median_ppsf,level,162,2012-01-31,2026-05-31,154.18388801175564,34.742700160424,0.7666996831190463,1.9125000000000227,3.5066666666666606,0.0,0.0,162.0,1.0,0.0,raw_source,raw_level
price_family_ma12_structural_linked,structural_ma12,stafford_county_va__county,median_ppsf,level,162,2012-01-31,2026-05-31,154.18388801175564,34.742700160424,0.7666996831190463,1.9125000000000227,3.5066666666666606,0.0,0.0,162.0,1.0,0.0,structural_ma12,ma12_level
price_family_ma12_structural_linked,raw_source,stafford_county_va__county,median_sale_price,level,162,2012-01-31,2026-05-31,383858.1468621399,92309.63184863649,1956.5841097308494,4062.5,5797.583333333314,0.0,0.0,162.0,0.9999999999999999,0.0,raw_source,raw_level
price_family_ma12_structural_linked,structural_ma12,stafford_county_va__county,median_sale_price,level,162,2012-01-31,2026-05-31,383858.1468621399,92309.63184863649,1956.5841097308494,4062.5,5797.583333333314,0.0,0.0,162.0,0.9999999999999999,0.0,structural_ma12,ma12_level
price_family_ma12_structural_linked,raw_source,stanislaus_county_ca__county,median_ppsf,level,149,2013-02-28,2026-05-31,217.41890049248713,60.469616820292686,1.384463749470721,2.7333333333333054,4.810833333333363,0.0,0.0,149.0,1.0,0.0,raw_source,raw_level
price_family_ma12_structural_linked,structural_ma12,stanislaus_county_ca__county,median_ppsf,level,149,2013-02-28,2026-05-31,217.41890049248713,60.469616820292686,1.384463749470721,2.7333333333333054,4.810833333333363,0.0,0.0,149.0,1.0,0.0,structural_ma12,ma12_level
price_family_ma12_structural_linked,raw_source,stanislaus_county_ca__county,median_sale_price,level,149,2013-02-28,2026-05-31,348667.9407158836,94355.04305996724,2246.9572072072056,4620.833333333336,7750.0,0.0,0.0,149.0,0.9999999999999999,0.0,raw_source,raw_level
price_family_ma12_structural_linked,structural_ma12,stanislaus_county_ca__county,median_sale_price,level,149,2013-02-28,2026-05-31,348667.9407158836,94355.04305996724,2246.9572072072056,4620.833333333336,7750.0,0.0,0.0,149.0,0.9999999999999999,0.0,structural_ma12,ma12_level
price_family_ma12_structural_linked,raw_source,staunton_va__county,median_ppsf,level,162,2012-01-31,2026-05-31,122.49516038777263,36.70964052109123,1.0056717616785718,2.145833333333343,4.13416666666663,0.0,0.0,162.0,1.0,0.0,raw_source,raw_level
price_family_ma12_structural_linked,structural_ma12,staunton_va__county,median_ppsf,level,162,2012-01-31,2026-05-31,122.49516038777263,36.70964052109123,1.0056717616785718,2.145833333333343,4.13416666666663,0.0,0.0,162.0,1.0,0.0,structural_ma12,ma12_level
price_family_ma12_structural_linked,raw_source,staunton_va__county,median_sale_price,level,162,2012-01-31,2026-05-31,189099.32510288066,54197.82927934365,1856.571428571429,3669.0,6768.416666666657,0.0,0.0,162.0,0.9999999999999999,0.0,raw_source,raw_level
price_family_ma12_structural_linked,structural_ma12,staunton_va__county,median_sale_price,level,162,2012-01-31,2026-05-31,189099.32510288066,54197.82927934365,1856.571428571429,3669.0,6768.416666666657,0.0,0.0,162.0,0.9999999999999999,0.0,structural_ma12,ma12_level
price_family_ma12_structural_linked,raw_source,staunton_va_metro_area__cbsa_metro,median_ppsf,level,160,2012-01-31,2026-03-31,130.58374400042135,35.03328419579787,0.8009617891451771,1.6082577460666359,2.6109508680000033,0.0,0.0,160.0,1.0,0.0,raw_source,raw_level
price_family_ma12_structural_linked,structural_ma12,staunton_va_metro_area__cbsa_metro,median_ppsf,level,160,2012-01-31,2026-03-31,130.58374400042135,35.03328419579787,0.8009617891451771,1.6082577460666359,2.6109508680000033,0.0,0.0,160.0,1.0,0.0,structural_ma12,ma12_level
price_family_ma12_structural_linked,raw_source,staunton_va_metro_area__cbsa_metro,median_sale_price,level,160,2012-01-31,2026-03-31,221270.07578125,58692.930073521246,1488.6244758909852,2936.6666666666524,5750.0,0.0,0.0,160.0,1.0,0.0,raw_source,raw_level
price_family_ma12_structural_linked,structural_ma12,staunton_va_metro_area__cbsa_metro,median_sale_price,level,160,2012-01-31,2026-03-31,221270.07578125,58692.930073521246,1488.6244758909852,2936.6666666666524,5750.0,0.0,0.0,160.0,1.0,0.0,structural_ma12,ma12_level
price_family_ma12_structural_linked,raw_source,stockton_ca_metro_area__cbsa_metro,median_ppsf,level,162,2012-01-31,2026-05-31,221.7873765432099,71.1133851246418,1.6538975155279512,3.357500000000016,6.079999999999956,0.0,0.0,162.0,0.9999999999999998,0.0,raw_source,raw_level
price_family_ma12_structural_linked,structural_ma12,stockton_ca_metro_area__cbsa_metro,median_ppsf,level,162,2012-01-31,2026-05-31,221.7873765432099,71.1133851246418,1.6538975155279512,3.357500000000016,6.079999999999956,0.0,0.0,162.0,0.9999999999999998,0.0,structural_ma12,ma12_level
price_family_ma12_structural_linked,raw_source,stockton_ca_metro_area__cbsa_metro,median_sale_price,level,162,2012-01-31,2026-05-31,384909.0684156379,122162.53509917042,2707.740683229815,5416.666666666657,8173.666666666686,0.0,0.0,162.0,1.0,0.0,raw_source,raw_level
price_family_ma12_structural_linked,structural_ma12,stockton_ca_metro_area__cbsa_metro,median_sale_price,level,162,2012-01-31,2026-05-31,384909.0684156379,122162.53509917042,2707.740683229815,5416.666666666657,8173.666666666686,0.0,0.0,162.0,1.0,0.0,structural_ma12,ma12_level
price_family_ma12_structural_linked,raw_source,suffolk_va__county,median_ppsf,level,137,2014-02-28,2026-05-31,146.98019494038505,32.31061553113321,0.7163118069417894,1.6070833333333354,2.294166666666655,0.0,0.0,137.0,1.0,0.0,raw_source,raw_level
price_family_ma12_structural_linked,structural_ma12,suffolk_va__county,median_ppsf,level,137,2014-02-28,2026-05-31,146.98019494038505,32.31061553113321,0.7163118069417894,1.6070833333333354,2.294166666666655,0.0,0.0,137.0,1.0,0.0,structural_ma12,ma12_level
price_family_ma12_structural_linked,raw_source,suffolk_va__county,median_sale_price,level,137,2014-02-28,2026-05-31,303743.2916666667,60283.06786824816,1714.677083333334,3485.416666666686,5916.666666666686,0.0,0.0,137.0,0.9999999999999999,0.0,raw_source,raw_level
price_family_ma12_structural_linked,structural_ma12,suffolk_va__county,median_sale_price,level,137,2014-02-28,2026-05-31,303743.2916666667,60283.06786824816,1714.677083333334,3485.416666666686,5916.666666666686,0.0,0.0,137.0,0.9999999999999999,0.0,structural_ma12,ma12_level
price_family_ma12_structural_linked,raw_source,susanville_ca_metro_area__cbsa_metro,median_ppsf,level,153,2012-04-30,2026-03-31,126.05454305527616,40.17699566286704,1.5732989643196271,2.940105243700002,8.385218692416665,0.0,0.0,153.0,0.9999999999999998,0.0,raw_source,raw_level
price_family_ma12_structural_linked,structural_ma12,susanville_ca_metro_area__cbsa_metro,median_ppsf,level,153,2012-04-30,2026-03-31,126.05454305527616,40.17699566286704,1.5732989643196271,2.940105243700002,8.385218692416665,0.0,0.0,153.0,0.9999999999999998,0.0,structural_ma12,ma12_level
price_family_ma12_structural_linked,raw_source,susanville_ca_metro_area__cbsa_metro,median_sale_price,level,153,2012-04-30,2026-03-31,184164.77668845316,53868.1121829564,3107.6458333333326,6447.916666666659,15686.583333333343,0.0,0.0,153.0,0.9999999999999999,0.0,raw_source,raw_level
price_family_ma12_structural_linked,structural_ma12,susanville_ca_metro_area__cbsa_metro,median_sale_price,level,153,2012-04-30,2026-03-31,184164.77668845316,53868.1121829564,3107.6458333333326,6447.916666666659,15686.583333333343,0.0,0.0,153.0,0.9999999999999999,0.0,structural_ma12,ma12_level
price_family_ma12_structural_linked,raw_source,sussex_county_nj__county,median_ppsf,level,122,2015-05-31,2026-05-31,184.16384258069877,54.622364970717,1.4148326642692828,2.7041666666666515,4.6924999999999955,0.0,0.0,122.0,1.0,0.0,raw_source,raw_level
price_family_ma12_structural_linked,structural_ma12,sussex_county_nj__county,median_ppsf,level,122,2015-05-31,2026-05-31,184.16384258069877,54.622364970717,1.4148326642692828,2.7041666666666515,4.6924999999999955,0.0,0.0,122.0,1.0,0.0,structural_ma12,ma12_level
price_family_ma12_structural_linked,raw_source,sussex_county_nj__county,median_sale_price,level,122,2015-05-31,2026-05-31,289041.55532786885,81092.62217652118,2268.2658402203865,4875.0,6662.5,0.0,0.0,122.0,1.0,0.0,raw_source,raw_level
price_family_ma12_structural_linked,structural_ma12,sussex_county_nj__county,median_sale_price,level,122,2015-05-31,2026-05-31,289041.55532786885,81092.62217652118,2268.2658402203865,4875.0,6662.5,0.0,0.0,122.0,1.0,0.0,structural_ma12,ma12_level
price_family_ma12_structural_linked,raw_source,sussex_county_va__county,median_ppsf,level,159,2012-01-31,2026-05-31,97.13319319818815,32.48539224986092,2.9444461436339653,5.586584656558332,21.958023458,0.0,0.0,159.0,0.9999999999999998,0.0,raw_source,raw_level
price_family_ma12_structural_linked,structural_ma12,sussex_county_va__county,median_ppsf,level,159,2012-01-31,2026-05-31,97.13319319818815,32.48539224986092,2.9444461436339653,5.586584656558332,21.958023458,0.0,0.0,159.0,0.9999999999999998,0.0,structural_ma12,ma12_level
price_family_ma12_structural_linked,raw_source,sussex_county_va__county,median_sale_price,level,159,2012-01-31,2026-05-31,153999.320754717,44497.09419162771,5453.030327004218,10637.500000000002,54591.66666666667,0.0,0.0,159.0,1.0,0.0,raw_source,raw_level
price_family_ma12_structural_linked,structural_ma12,sussex_county_va__county,median_sale_price,level,159,2012-01-31,2026-05-31,153999.320754717,44497.09419162771,5453.030327004218,10637.500000000002,54591.66666666667,0.0,0.0,159.0,1.0,0.0,structural_ma12,ma12_level
price_family_ma12_structural_linked,raw_source,sutter_county_ca__county,median_ppsf,level,162,2012-01-31,2026-05-31,184.4015231936219,57.44271711673966,1.3105382949912017,2.48750000000004,5.014166666666682,0.0,0.0,162.0,1.0,0.0,raw_source,raw_level
price_family_ma12_structural_linked,structural_ma12,sutter_county_ca__county,median_ppsf,level,162,2012-01-31,2026-05-31,184.4015231936219,57.44271711673966,1.3105382949912017,2.48750000000004,5.014166666666682,0.0,0.0,162.0,1.0,0.0,structural_ma12,ma12_level
price_family_ma12_structural_linked,raw_source,sutter_county_ca__county,median_sale_price,level,162,2012-01-31,2026-05-31,312988.97736625513,93914.83804317236,2381.385093167701,4416.666666666657,8333.333333333314,0.0,0.0,162.0,1.0,0.0,raw_source,raw_level
price_family_ma12_structural_linked,structural_ma12,sutter_county_ca__county,median_sale_price,level,162,2012-01-31,2026-05-31,312988.97736625513,93914.83804317236,2381.385093167701,4416.666666666657,8333.333333333314,0.0,0.0,162.0,1.0,0.0,structural_ma12,ma12_level
price_family_ma12_structural_linked,raw_source,talbot_county_md__county,median_ppsf,level,162,2012-01-31,2026-05-31,185.42423773074793,41.03735912437003,1.4859816565962718,2.9949999999999477,5.778333333333364,0.0,0.0,162.0,1.0,0.0,raw_source,raw_level
price_family_ma12_structural_linked,structural_ma12,talbot_county_md__county,median_ppsf,level,162,2012-01-31,2026-05-31,185.42423773074793,41.03735912437003,1.4859816565962718,2.9949999999999477,5.778333333333364,0.0,0.0,162.0,1.0,0.0,structural_ma12,ma12_level
price_family_ma12_structural_linked,raw_source,talbot_county_md__county,median_sale_price,level,162,2012-01-31,2026-05-31,372579.1887860082,82238.30938791452,4567.603519668742,8916.666666666686,22264.583333333372,0.0,0.0,162.0,1.0,0.0,raw_source,raw_level
price_family_ma12_structural_linked,structural_ma12,talbot_county_md__county,median_sale_price,level,162,2012-01-31,2026-05-31,372579.1887860082,82238.30938791452,4567.603519668742,8916.666666666686,22264.583333333372,0.0,0.0,162.0,1.0,0.0,structural_ma12,ma12_level
price_family_ma12_structural_linked,raw_source,tehama_county_ca__county,median_ppsf,level,162,2012-01-31,2026-05-31,167.25707034503395,49.68976838367404,1.2406526587365423,2.434600611666653,4.328574461749994,0.0,0.0,162.0,1.0,0.0,raw_source,raw_level
price_family_ma12_structural_linked,structural_ma12,tehama_county_ca__county,median_ppsf,level,162,2012-01-31,2026-05-31,167.25707034503395,49.68976838367404,1.2406526587365423,2.434600611666653,4.328574461749994,0.0,0.0,162.0,1.0,0.0,structural_ma12,ma12_level
price_family_ma12_structural_linked,raw_source,tehama_county_ca__county,median_sale_price,level,162,2012-01-31,2026-05-31,251098.20679012345,73881.11685555347,2316.893374741202,4583.333333333343,9500.0,0.0,0.0,162.0,1.0,0.0,raw_source,raw_level
price_family_ma12_structural_linked,structural_ma12,tehama_county_ca__county,median_sale_price,level,162,2012-01-31,2026-05-31,251098.20679012345,73881.11685555347,2316.893374741202,4583.333333333343,9500.0,0.0,0.0,162.0,1.0,0.0,structural_ma12,ma12_level
price_family_ma12_structural_linked,raw_source,trenton_nj_metro_area__cbsa_metro,median_ppsf,level,160,2012-01-31,2026-03-31,185.199923141637,45.27027340851177,1.0818056924072337,2.2592000382500377,3.4699769662499875,0.0,0.0,160.0,0.9999999999999999,0.0,raw_source,raw_level
price_family_ma12_structural_linked,structural_ma12,trenton_nj_metro_area__cbsa_metro,median_ppsf,level,160,2012-01-31,2026-03-31,185.199923141637,45.27027340851177,1.0818056924072337,2.2592000382500377,3.4699769662499875,0.0,0.0,160.0,0.9999999999999999,0.0,structural_ma12,ma12_level
price_family_ma12_structural_linked,raw_source,trenton_nj_metro_area__cbsa_metro,median_sale_price,level,160,2012-01-31,2026-03-31,288620.55572916666,72724.77094638994,2190.6795073375274,4383.333333333338,7416.666666666628,0.0,0.0,160.0,1.0,0.0,raw_source,raw_level
price_family_ma12_structural_linked,structural_ma12,trenton_nj_metro_area__cbsa_metro,median_sale_price,level,160,2012-01-31,2026-03-31,288620.55572916666,72724.77094638994,2190.6795073375274,4383.333333333338,7416.666666666628,0.0,0.0,160.0,1.0,0.0,structural_ma12,ma12_level
price_family_ma12_structural_linked,raw_source,truckee_ca_metro_area__cbsa_metro,median_ppsf,level,160,2012-01-31,2026-03-31,268.6301307915828,61.71336521211157,1.7247314803343838,3.269023006599981,6.124049962333288,0.0,0.0,160.0,1.0,0.0,raw_source,raw_level
price_family_ma12_structural_linked,structural_ma12,truckee_ca_metro_area__cbsa_metro,median_ppsf,level,160,2012-01-31,2026-03-31,268.6301307915828,61.71336521211157,1.7247314803343838,3.269023006599981,6.124049962333288,0.0,0.0,160.0,1.0,0.0,structural_ma12,ma12_level
price_family_ma12_structural_linked,raw_source,truckee_ca_metro_area__cbsa_metro,median_sale_price,level,160,2012-01-31,2026-03-31,487665.4,119656.57142375232,3699.3448637316587,8016.666666666702,13604.166666666744,0.0,0.0,160.0,1.0,0.0,raw_source,raw_level
price_family_ma12_structural_linked,structural_ma12,truckee_ca_metro_area__cbsa_metro,median_sale_price,level,160,2012-01-31,2026-03-31,487665.4,119656.57142375232,3699.3448637316587,8016.666666666702,13604.166666666744,0.0,0.0,160.0,1.0,0.0,structural_ma12,ma12_level
price_family_ma12_structural_linked,raw_source,tulare_county_ca__county,median_ppsf,level,162,2012-01-31,2026-05-31,160.93301014657615,49.24583438936226,0.9682391761728767,1.982499999999959,3.3083333333333655,0.0,0.0,162.0,1.0,0.0,raw_source,raw_level
price_family_ma12_structural_linked,structural_ma12,tulare_county_ca__county,median_ppsf,level,162,2012-01-31,2026-05-31,160.93301014657615,49.24583438936226,0.9682391761728767,1.982499999999959,3.3083333333333655,0.0,0.0,162.0,1.0,0.0,structural_ma12,ma12_level
price_family_ma12_structural_linked,raw_source,tulare_county_ca__county,median_sale_price,level,162,2012-01-31,2026-05-31,259514.94547325102,80902.22823209122,1688.1019668737058,3416.666666666686,5620.833333333314,0.0,0.0,162.0,1.0,0.0,raw_source,raw_level
price_family_ma12_structural_linked,structural_ma12,tulare_county_ca__county,median_sale_price,level,162,2012-01-31,2026-05-31,259514.94547325102,80902.22823209122,1688.1019668737058,3416.666666666686,5620.833333333314,0.0,0.0,162.0,1.0,0.0,structural_ma12,ma12_level
price_family_ma12_structural_linked,raw_source,tuolumne_county_ca__county,median_ppsf,level,162,2012-01-31,2026-05-31,188.88385226184775,51.122223420763994,1.4716467969839544,3.3466666666666924,7.352764341416645,0.0,0.0,162.0,1.0,0.0,raw_source,raw_level
price_family_ma12_structural_linked,structural_ma12,tuolumne_county_ca__county,median_ppsf,level,162,2012-01-31,2026-05-31,188.88385226184775,51.122223420763994,1.4716467969839544,3.3466666666666924,7.352764341416645,0.0,0.0,162.0,1.0,0.0,structural_ma12,ma12_level
price_family_ma12_structural_linked,raw_source,tuolumne_county_ca__county,median_sale_price,level,162,2012-01-31,2026-05-31,301660.06172839506,81932.08664352995,2884.248447204967,5916.666666666686,11916.666666666657,0.0,0.0,162.0,1.0,0.0,raw_source,raw_level
price_family_ma12_structural_linked,structural_ma12,tuolumne_county_ca__county,median_sale_price,level,162,2012-01-31,2026-05-31,301660.06172839506,81932.08664352995,2884.248447204967,5916.666666666686,11916.666666666657,0.0,0.0,162.0,1.0,0.0,structural_ma12,ma12_level
price_family_ma12_structural_linked,raw_source,ukiah_ca_metro_area__cbsa_metro,median_ppsf,level,160,2012-01-31,2026-03-31,273.541734667325,61.46730390143306,2.1506271511530395,4.532080897250004,9.715030722999984,0.0,0.0,160.0,0.9999999999999999,0.0,raw_source,raw_level
price_family_ma12_structural_linked,structural_ma12,ukiah_ca_metro_area__cbsa_metro,median_ppsf,level,160,2012-01-31,2026-03-31,273.541734667325,61.46730390143306,2.1506271511530395,4.532080897250004,9.715030722999984,0.0,0.0,160.0,0.9999999999999999,0.0,structural_ma12,ma12_level
price_family_ma12_structural_linked,raw_source,ukiah_ca_metro_area__cbsa_metro,median_sale_price,level,160,2012-01-31,2026-03-31,430885.6236979167,100335.46611100528,3867.568134171908,8774.99999999999,15479.166666666744,0.0,0.0,160.0,1.0,0.0,raw_source,raw_level
price_family_ma12_structural_linked,structural_ma12,ukiah_ca_metro_area__cbsa_metro,median_sale_price,level,160,2012-01-31,2026-03-31,430885.6236979167,100335.46611100528,3867.568134171908,8774.99999999999,15479.166666666744,0.0,0.0,160.0,1.0,0.0,structural_ma12,ma12_level
price_family_ma12_structural_linked,raw_source,union_county_nj__county,median_ppsf,level,122,2015-05-31,2026-05-31,280.9277645977896,76.29871669877411,1.998833795588842,3.8241666666666845,5.414166666666688,0.0,0.0,122.0,1.0,0.0,raw_source,raw_level
price_family_ma12_structural_linked,structural_ma12,union_county_nj__county,median_ppsf,level,122,2015-05-31,2026-05-31,280.9277645977896,76.29871669877411,1.998833795588842,3.8241666666666845,5.414166666666688,0.0,0.0,122.0,1.0,0.0,structural_ma12,ma12_level
price_family_ma12_structural_linked,raw_source,union_county_nj__county,median_sale_price,level,122,2015-05-31,2026-05-31,446144.53073770495,124537.94132711782,3209.2555096418723,6000.0,8333.333333333372,0.0,0.0,122.0,1.0,0.0,raw_source,raw_level
price_family_ma12_structural_linked,structural_ma12,union_county_nj__county,median_sale_price,level,122,2015-05-31,2026-05-31,446144.53073770495,124537.94132711782,3209.2555096418723,6000.0,8333.333333333372,0.0,0.0,122.0,1.0,0.0,structural_ma12,ma12_level
price_family_ma12_structural_linked,raw_source,vallejo_ca_metro_area__cbsa_metro,median_ppsf,level,160,2012-01-31,2026-03-31,264.3200307067047,70.57741870464821,1.782471527191825,3.6285053493166517,5.938901862166688,0.0,0.0,160.0,1.0,0.0,raw_source,raw_level
price_family_ma12_structural_linked,structural_ma12,vallejo_ca_metro_area__cbsa_metro,median_ppsf,level,160,2012-01-31,2026-03-31,264.3200307067047,70.57741870464821,1.782471527191825,3.6285053493166517,5.938901862166688,0.0,0.0,160.0,1.0,0.0,structural_ma12,ma12_level
price_family_ma12_structural_linked,raw_source,vallejo_ca_metro_area__cbsa_metro,median_sale_price,level,160,2012-01-31,2026-03-31,440901.7434895833,118812.54250795834,2830.0112683438147,5732.49999999999,8250.0,0.0,0.0,160.0,1.0,0.0,raw_source,raw_level
price_family_ma12_structural_linked,structural_ma12,vallejo_ca_metro_area__cbsa_metro,median_sale_price,level,160,2012-01-31,2026-03-31,440901.7434895833,118812.54250795834,2830.0112683438147,5732.49999999999,8250.0,0.0,0.0,160.0,1.0,0.0,structural_ma12,ma12_level
price_family_ma12_structural_linked,raw_source,ventura_county_ca__county,median_ppsf,level,162,2012-01-31,2026-05-31,378.5436246031409,91.4960584425238,2.0756241486904785,4.607500000000016,6.675833333333344,0.0,0.0,162.0,1.0,0.0,raw_source,raw_level
price_family_ma12_structural_linked,structural_ma12,ventura_county_ca__county,median_ppsf,level,162,2012-01-31,2026-05-31,378.5436246031409,91.4960584425238,2.0756241486904785,4.607500000000016,6.675833333333344,0.0,0.0,162.0,1.0,0.0,structural_ma12,ma12_level
price_family_ma12_structural_linked,raw_source,ventura_county_ca__county,median_sale_price,level,162,2012-01-31,2026-05-31,642576.7186213993,154536.7310750424,3673.46221532091,7875.0,13291.666666666628,0.0,0.0,162.0,1.0,0.0,raw_source,raw_level
price_family_ma12_structural_linked,structural_ma12,ventura_county_ca__county,median_sale_price,level,162,2012-01-31,2026-05-31,642576.7186213993,154536.7310750424,3673.46221532091,7875.0,13291.666666666628,0.0,0.0,162.0,1.0,0.0,structural_ma12,ma12_level
price_family_ma12_structural_linked,raw_source,vineland_nj_metro_area__cbsa_metro,median_ppsf,level,160,2012-01-31,2026-03-31,111.0861105743578,36.20297293607502,1.0222910682599582,2.0803602528500167,3.256534855333342,0.0,0.0,160.0,1.0,0.0,raw_source,raw_level
price_family_ma12_structural_linked,structural_ma12,vineland_nj_metro_area__cbsa_metro,median_ppsf,level,160,2012-01-31,2026-03-31,111.0861105743578,36.20297293607502,1.0222910682599582,2.0803602528500167,3.256534855333342,0.0,0.0,160.0,1.0,0.0,structural_ma12,ma12_level
price_family_ma12_structural_linked,raw_source,vineland_nj_metro_area__cbsa_metro,median_sale_price,level,160,2012-01-31,2026-03-31,162696.07395833332,50509.5874890503,1496.7924528301885,3125.0,5416.666666666686,0.0,0.0,160.0,1.0,0.0,raw_source,raw_level
price_family_ma12_structural_linked,structural_ma12,vineland_nj_metro_area__cbsa_metro,median_sale_price,level,160,2012-01-31,2026-03-31,162696.07395833332,50509.5874890503,1496.7924528301885,3125.0,5416.666666666686,0.0,0.0,160.0,1.0,0.0,structural_ma12,ma12_level
price_family_ma12_structural_linked,raw_source,virginia__state,median_ppsf,level,162,2012-01-31,2026-05-31,163.96951646090534,33.780925703415065,0.6291407867494836,1.57916666666668,2.450833333333321,0.0,0.0,162.0,1.0,0.0,raw_source,raw_level
price_family_ma12_structural_linked,structural_ma12,virginia__state,median_ppsf,level,162,2012-01-31,2026-05-31,163.96951646090534,33.780925703415065,0.6291407867494836,1.57916666666668,2.450833333333321,0.0,0.0,162.0,1.0,0.0,structural_ma12,ma12_level
price_family_ma12_structural_linked,raw_source,virginia__state,median_sale_price,level,162,2012-01-31,2026-05-31,317841.00051440333,56874.21182412223,1152.0729813664593,2470.333333333314,4583.333333333372,0.0,0.0,162.0,1.0,0.0,raw_source,raw_level
price_family_ma12_structural_linked,structural_ma12,virginia__state,median_sale_price,level,162,2012-01-31,2026-05-31,317841.00051440333,56874.21182412223,1152.0729813664593,2470.333333333314,4583.333333333372,0.0,0.0,162.0,1.0,0.0,structural_ma12,ma12_level
price_family_ma12_structural_linked,raw_source,virginia_beach_va__county,median_ppsf,level,137,2014-02-28,2026-05-31,175.30205225744828,35.13737112401595,0.7939766521476709,1.5191666666666634,2.2758333333333383,0.0,0.0,137.0,1.0,0.0,raw_source,raw_level
price_family_ma12_structural_linked,structural_ma12,virginia_beach_va__county,median_ppsf,level,137,2014-02-28,2026-05-31,175.30205225744828,35.13737112401595,0.7939766521476709,1.5191666666666634,2.2758333333333383,0.0,0.0,137.0,1.0,0.0,structural_ma12,ma12_level
price_family_ma12_structural_linked,raw_source,virginia_beach_va__county,median_sale_price,level,137,2014-02-28,2026-05-31,301087.2086374696,54236.80347975075,1311.7469362745087,2828.124999999971,4166.666666666628,0.0,0.0,137.0,1.0,0.0,raw_source,raw_level
price_family_ma12_structural_linked,structural_ma12,virginia_beach_va__county,median_sale_price,level,137,2014-02-28,2026-05-31,301087.2086374696,54236.80347975075,1311.7469362745087,2828.124999999971,4166.666666666628,0.0,0.0,137.0,1.0,0.0,structural_ma12,ma12_level
price_family_ma12_structural_linked,raw_source,virginia_beach_va_metro_area__cbsa_metro,median_ppsf,level,162,2012-01-31,2026-05-31,149.20031893004116,33.0748218812852,0.6376190476190473,1.4049999999999727,1.8899999999999864,0.0,0.0,162.0,1.0,0.0,raw_source,raw_level
price_family_ma12_structural_linked,structural_ma12,virginia_beach_va_metro_area__cbsa_metro,median_ppsf,level,162,2012-01-31,2026-05-31,149.20031893004116,33.0748218812852,0.6376190476190473,1.4049999999999727,1.8899999999999864,0.0,0.0,162.0,1.0,0.0,structural_ma12,ma12_level
price_family_ma12_structural_linked,raw_source,virginia_beach_va_metro_area__cbsa_metro,median_sale_price,level,162,2012-01-31,2026-05-31,264973.83693415637,53141.76571974384,1274.860248447205,2375.0,6883.333333333314,0.0,0.0,162.0,1.0,0.0,raw_source,raw_level
price_family_ma12_structural_linked,structural_ma12,virginia_beach_va_metro_area__cbsa_metro,median_sale_price,level,162,2012-01-31,2026-05-31,264973.83693415637,53141.76571974384,1274.860248447205,2375.0,6883.333333333314,0.0,0.0,162.0,1.0,0.0,structural_ma12,ma12_level
price_family_ma12_structural_linked,raw_source,visalia_ca_metro_area__cbsa_metro,median_ppsf,level,160,2012-01-31,2026-03-31,159.6466654297797,49.16309014252017,0.9861690771619493,2.00677050275,3.3077742154999896,0.0,0.0,160.0,1.0,0.0,raw_source,raw_level
price_family_ma12_structural_linked,structural_ma12,visalia_ca_metro_area__cbsa_metro,median_ppsf,level,160,2012-01-31,2026-03-31,159.6466654297797,49.16309014252017,0.9861690771619493,2.00677050275,3.3077742154999896,0.0,0.0,160.0,1.0,0.0,structural_ma12,ma12_level
price_family_ma12_structural_linked,raw_source,visalia_ca_metro_area__cbsa_metro,median_sale_price,level,160,2012-01-31,2026-03-31,257510.22708333336,80822.7682497919,1734.486897274634,3466.6666666666847,5620.833333333314,0.0,0.0,160.0,1.0,0.0,raw_source,raw_level
price_family_ma12_structural_linked,structural_ma12,visalia_ca_metro_area__cbsa_metro,median_sale_price,level,160,2012-01-31,2026-03-31,257510.22708333336,80822.7682497919,1734.486897274634,3466.6666666666847,5620.833333333314,0.0,0.0,160.0,1.0,0.0,structural_ma12,ma12_level
price_family_ma12_structural_linked,raw_source,warren_county_va__county,median_ppsf,level,162,2012-01-31,2026-05-31,153.7735195871996,43.49070861754672,1.2442995003478257,2.505833333333328,4.4824999999999875,0.0,0.0,162.0,0.9999999999999999,0.0,raw_source,raw_level
price_family_ma12_structural_linked,structural_ma12,warren_county_va__county,median_ppsf,level,162,2012-01-31,2026-05-31,153.7735195871996,43.49070861754672,1.2442995003478257,2.505833333333328,4.4824999999999875,0.0,0.0,162.0,0.9999999999999999,0.0,structural_ma12,ma12_level
price_family_ma12_structural_linked,raw_source,warren_county_va__county,median_sale_price,level,162,2012-01-31,2026-05-31,263466.066872428,80044.70539165898,2111.913043478261,4616.666666666686,8754.166666666686,0.0,0.0,162.0,1.0,0.0,raw_source,raw_level
price_family_ma12_structural_linked,structural_ma12,warren_county_va__county,median_sale_price,level,162,2012-01-31,2026-05-31,263466.066872428,80044.70539165898,2111.913043478261,4616.666666666686,8754.166666666686,0.0,0.0,162.0,1.0,0.0,structural_ma12,ma12_level
price_family_ma12_structural_linked,raw_source,washington_county_md__county,median_ppsf,level,162,2012-01-31,2026-05-31,120.55694132337347,30.935601421179744,0.7078874935496898,1.6299999999999955,2.5900000000000034,0.0,0.0,162.0,1.0,0.0,raw_source,raw_level
price_family_ma12_structural_linked,structural_ma12,washington_county_md__county,median_ppsf,level,162,2012-01-31,2026-05-31,120.55694132337347,30.935601421179744,0.7078874935496898,1.6299999999999955,2.5900000000000034,0.0,0.0,162.0,1.0,0.0,structural_ma12,ma12_level
price_family_ma12_structural_linked,raw_source,washington_county_md__county,median_sale_price,level,162,2012-01-31,2026-05-31,217172.88220164608,60637.636077459574,1503.845755693581,3333.333333333343,5825.0,0.0,0.0,162.0,1.0,0.0,raw_source,raw_level
price_family_ma12_structural_linked,structural_ma12,washington_county_md__county,median_sale_price,level,162,2012-01-31,2026-05-31,217172.88220164608,60637.636077459574,1503.845755693581,3333.333333333343,5825.0,0.0,0.0,162.0,1.0,0.0,structural_ma12,ma12_level
price_family_ma12_structural_linked,raw_source,washington_dc_metro_area__cbsa_metro,median_ppsf,level,162,2012-01-31,2026-05-31,224.58942386831274,39.02755931590765,0.8487784679089023,1.7574999999999932,3.2624999999999886,0.0,0.0,162.0,1.0,0.0,raw_source,raw_level
price_family_ma12_structural_linked,structural_ma12,washington_dc_metro_area__cbsa_metro,median_ppsf,level,162,2012-01-31,2026-05-31,224.58942386831274,39.02755931590765,0.8487784679089023,1.7574999999999932,3.2624999999999886,0.0,0.0,162.0,1.0,0.0,structural_ma12,ma12_level
price_family_ma12_structural_linked,raw_source,washington_dc_metro_area__cbsa_metro,median_sale_price,level,162,2012-01-31,2026-05-31,436741.3765432099,81592.06587261222,1690.7489648033124,3250.0,6666.666666666628,0.0,0.0,162.0,1.0,0.0,raw_source,raw_level
price_family_ma12_structural_linked,structural_ma12,washington_dc_metro_area__cbsa_metro,median_sale_price,level,162,2012-01-31,2026-05-31,436741.3765432099,81592.06587261222,1690.7489648033124,3250.0,6666.666666666628,0.0,0.0,162.0,1.0,0.0,structural_ma12,ma12_level
price_family_ma12_structural_linked,raw_source,waynesboro_va__county,median_ppsf,level,162,2012-01-31,2026-05-31,125.08901571725616,36.68610849285685,1.0276444674948229,2.1901190475833516,4.217500000000001,0.0,0.0,162.0,1.0,0.0,raw_source,raw_level
price_family_ma12_structural_linked,structural_ma12,waynesboro_va__county,median_ppsf,level,162,2012-01-31,2026-05-31,125.08901571725616,36.68610849285685,1.0276444674948229,2.1901190475833516,4.217500000000001,0.0,0.0,162.0,1.0,0.0,structural_ma12,ma12_level
price_family_ma12_structural_linked,raw_source,waynesboro_va__county,median_sale_price,level,162,2012-01-31,2026-05-31,201667.55812757203,57535.907994752844,2238.321946169771,4337.5,9083.333333333343,0.0,0.0,162.0,0.9999999999999999,0.0,raw_source,raw_level
price_family_ma12_structural_linked,structural_ma12,waynesboro_va__county,median_sale_price,level,162,2012-01-31,2026-05-31,201667.55812757203,57535.907994752844,2238.321946169771,4337.5,9083.333333333343,0.0,0.0,162.0,0.9999999999999999,0.0,structural_ma12,ma12_level
price_family_ma12_structural_linked,raw_source,williamsburg_va__county,median_ppsf,level,137,2014-02-28,2026-05-31,169.74384398911374,30.43883722459499,2.1250751162426478,4.063833569625004,6.921666666666653,0.0,0.0,137.0,1.0,0.0,raw_source,raw_level
price_family_ma12_structural_linked,structural_ma12,williamsburg_va__county,median_ppsf,level,137,2014-02-28,2026-05-31,169.74384398911374,30.43883722459499,2.1250751162426478,4.063833569625004,6.921666666666653,0.0,0.0,137.0,1.0,0.0,structural_ma12,ma12_level
price_family_ma12_structural_linked,raw_source,williamsburg_va__county,median_sale_price,level,137,2014-02-28,2026-05-31,345248.549270073,66879.72948173298,8461.253063725491,20041.666666666657,35645.83333333337,0.0,0.0,137.0,1.0,0.0,raw_source,raw_level
price_family_ma12_structural_linked,structural_ma12,williamsburg_va__county,median_sale_price,level,137,2014-02-28,2026-05-31,345248.549270073,66879.72948173298,8461.253063725491,20041.666666666657,35645.83333333337,0.0,0.0,137.0,1.0,0.0,structural_ma12,ma12_level
price_family_ma12_structural_linked,raw_source,winchester_va__county,median_ppsf,level,162,2012-01-31,2026-05-31,148.04571008861265,40.749220869192435,1.1582054624497948,2.326666666666654,4.271666666666675,0.0,0.0,162.0,1.0,0.0,raw_source,raw_level
price_family_ma12_structural_linked,structural_ma12,winchester_va__county,median_ppsf,level,162,2012-01-31,2026-05-31,148.04571008861265,40.749220869192435,1.1582054624497948,2.326666666666654,4.271666666666675,0.0,0.0,162.0,1.0,0.0,structural_ma12,ma12_level
price_family_ma12_structural_linked,raw_source,winchester_va__county,median_sale_price,level,162,2012-01-31,2026-05-31,257063.47530864197,68702.53143486593,2961.4394409937904,5895.833333333343,10865.75,0.0,0.0,162.0,0.9999999999999998,0.0,raw_source,raw_level
price_family_ma12_structural_linked,structural_ma12,winchester_va__county,median_sale_price,level,162,2012-01-31,2026-05-31,257063.47530864197,68702.53143486593,2961.4394409937904,5895.833333333343,10865.75,0.0,0.0,162.0,0.9999999999999998,0.0,structural_ma12,ma12_level
price_family_ma12_structural_linked,raw_source,winchester_va_metro_area__cbsa_metro,median_ppsf,level,160,2012-01-31,2026-03-31,141.73736219623123,37.66712376271091,0.8075960813977985,1.83151749055,2.911190426499985,0.0,0.0,160.0,1.0,0.0,raw_source,raw_level
price_family_ma12_structural_linked,structural_ma12,winchester_va_metro_area__cbsa_metro,median_ppsf,level,160,2012-01-31,2026-03-31,141.73736219623123,37.66712376271091,0.8075960813977985,1.83151749055,2.911190426499985,0.0,0.0,160.0,1.0,0.0,structural_ma12,ma12_level
price_family_ma12_structural_linked,raw_source,winchester_va_metro_area__cbsa_metro,median_sale_price,level,160,2012-01-31,2026-03-31,275597.3033854166,76196.26346094487,1813.649633123688,3541.6750000000116,5681.583333333314,0.0,0.0,160.0,0.9999999999999998,0.0,raw_source,raw_level
price_family_ma12_structural_linked,structural_ma12,winchester_va_metro_area__cbsa_metro,median_sale_price,level,160,2012-01-31,2026-03-31,275597.3033854166,76196.26346094487,1813.649633123688,3541.6750000000116,5681.583333333314,0.0,0.0,160.0,0.9999999999999998,0.0,structural_ma12,ma12_level
price_family_ma12_structural_linked,raw_source,wise_county_va__county,median_ppsf,level,143,2012-03-31,2026-05-31,64.9756559586888,16.54331576862921,1.0620222183902572,2.277833333333335,4.926666666666662,0.0,0.0,143.0,0.9999999999999998,0.0,raw_source,raw_level
price_family_ma12_structural_linked,structural_ma12,wise_county_va__county,median_ppsf,level,143,2012-03-31,2026-05-31,64.9756559586888,16.54331576862921,1.0620222183902572,2.277833333333335,4.926666666666662,0.0,0.0,143.0,0.9999999999999998,0.0,structural_ma12,ma12_level
price_family_ma12_structural_linked,raw_source,wise_county_va__county,median_sale_price,level,143,2012-03-31,2026-05-31,110653.84324009325,25193.64485031197,2300.6789906103286,4808.333333333333,12301.75,0.0,0.0,143.0,1.0,0.0,raw_source,raw_level
price_family_ma12_structural_linked,structural_ma12,wise_county_va__county,median_sale_price,level,143,2012-03-31,2026-05-31,110653.84324009325,25193.64485031197,2300.6789906103286,4808.333333333333,12301.75,0.0,0.0,143.0,1.0,0.0,structural_ma12,ma12_level
price_family_ma12_structural_linked,raw_source,yolo_county_ca__county,median_ppsf,level,162,2012-01-31,2026-05-31,268.792376018161,71.61862262079686,1.9519158629880988,3.7530503401666806,7.043333333333351,0.0,0.0,162.0,0.9999999999999998,0.0,raw_source,raw_level
price_family_ma12_structural_linked,structural_ma12,yolo_county_ca__county,median_ppsf,level,162,2012-01-31,2026-05-31,268.792376018161,71.61862262079686,1.9519158629880988,3.7530503401666806,7.043333333333351,0.0,0.0,162.0,0.9999999999999998,0.0,structural_ma12,ma12_level
price_family_ma12_structural_linked,raw_source,yolo_county_ca__county,median_sale_price,level,162,2012-01-31,2026-05-31,457745.31224279833,116948.53221239062,3016.894151138714,5791.666666666628,12916.666666666686,0.0,0.0,162.0,1.0,0.0,raw_source,raw_level
price_family_ma12_structural_linked,structural_ma12,yolo_county_ca__county,median_sale_price,level,162,2012-01-31,2026-05-31,457745.31224279833,116948.53221239062,3016.894151138714,5791.666666666628,12916.666666666686,0.0,0.0,162.0,1.0,0.0,structural_ma12,ma12_level
price_family_ma12_structural_linked,raw_source,york_county_va__county,median_ppsf,level,137,2014-02-28,2026-05-31,163.48245659694223,30.715819479714465,0.7195125963995096,1.592083333333349,2.7350000000000136,0.0,0.0,137.0,1.0,0.0,raw_source,raw_level
price_family_ma12_structural_linked,structural_ma12,york_county_va__county,median_ppsf,level,137,2014-02-28,2026-05-31,163.48245659694223,30.715819479714465,0.7195125963995096,1.592083333333349,2.7350000000000136,0.0,0.0,137.0,1.0,0.0,structural_ma12,ma12_level
price_family_ma12_structural_linked,raw_source,york_county_va__county,median_sale_price,level,137,2014-02-28,2026-05-31,336461.6636253041,59105.41355355741,2414.6537990196093,5084.416666666686,7530.0,0.0,0.0,137.0,1.0,0.0,raw_source,raw_level
price_family_ma12_structural_linked,structural_ma12,york_county_va__county,median_sale_price,level,137,2014-02-28,2026-05-31,336461.6636253041,59105.41355355741,2414.6537990196093,5084.416666666686,7530.0,0.0,0.0,137.0,1.0,0.0,structural_ma12,ma12_level
price_family_ma12_structural_linked,raw_source,yuba_city_ca_metro_area__cbsa_metro,median_ppsf,level,160,2012-01-31,2026-03-31,183.236438402275,60.371784595559035,1.3403462106535644,2.438650848166664,4.87645056266669,0.0,0.0,160.0,1.0,0.0,raw_source,raw_level
price_family_ma12_structural_linked,structural_ma12,yuba_city_ca_metro_area__cbsa_metro,median_ppsf,level,160,2012-01-31,2026-03-31,183.236438402275,60.371784595559035,1.3403462106535644,2.438650848166664,4.87645056266669,0.0,0.0,160.0,1.0,0.0,structural_ma12,ma12_level
price_family_ma12_structural_linked,raw_source,yuba_city_ca_metro_area__cbsa_metro,median_sale_price,level,160,2012-01-31,2026-03-31,312118.1036458333,95547.86557378726,2165.7222222222226,4280.833333333334,6791.666666666686,0.0,0.0,160.0,1.0,0.0,raw_source,raw_level
price_family_ma12_structural_linked,structural_ma12,yuba_city_ca_metro_area__cbsa_metro,median_sale_price,level,160,2012-01-31,2026-03-31,312118.1036458333,95547.86557378726,2165.7222222222226,4280.833333333334,6791.666666666686,0.0,0.0,160.0,1.0,0.0,structural_ma12,ma12_level
price_family_ma12_structural_linked,raw_source,yuba_county_ca__county,median_ppsf,level,162,2012-01-31,2026-05-31,183.54418550629424,63.682441717635655,1.439195709902693,2.7533333333333303,5.0566666666667,0.0,0.0,162.0,1.0,0.0,raw_source,raw_level
price_family_ma12_structural_linked,structural_ma12,yuba_county_ca__county,median_ppsf,level,162,2012-01-31,2026-05-31,183.54418550629424,63.682441717635655,1.439195709902693,2.7533333333333303,5.0566666666667,0.0,0.0,162.0,1.0,0.0,structural_ma12,ma12_level
price_family_ma12_structural_linked,raw_source,yuba_county_ca__county,median_sale_price,level,162,2012-01-31,2026-05-31,313842.8796296296,98138.48731068504,2264.5952380952385,4750.0,8041.666666666686,0.0,0.0,162.0,1.0,0.0,raw_source,raw_level
price_family_ma12_structural_linked,structural_ma12,yuba_county_ca__county,median_sale_price,level,162,2012-01-31,2026-05-31,313842.8796296296,98138.48731068504,2264.5952380952385,4750.0,8041.666666666686,0.0,0.0,162.0,1.0,0.0,structural_ma12,ma12_level
